"TruePositives","TrueNegatives","FalsePositives","FalseNegatives","Recall","Precision","Sensitivity","Specificity","F-measure","Accuracy","Cohen's kappa","Iteration","Species","learner","learner_Arr[0]","learner_Arr[1]"
459,433,143,116,0.7982608695652174,0.7887067395264117,0.7982608695652174,0.7982608695652174,0.7799490229396772,0.7749782797567333,0.5499745632348922,0,"all","DT#0","DT",0
485,496,80,90,0.8611111111111112,0.8584070796460177,0.8611111111111112,0.8611111111111112,0.8537005163511188,0.8523023457862728,0.7046000090581078,0,"all","RF#0","RF",0
436,467,109,139,0.8107638888888888,0.8,0.8107638888888888,0.8107638888888888,0.7901861252115059,0.7845351867940921,0.5690505306701692,0,"all","NB#0","NB",0
471,477,99,104,0.828125,0.8263157894736842,0.828125,0.828125,0.8245462402765773,0.8236316246741964,0.6472603205036269,0,"all","MLP#0","MLP",0
456,417,159,119,0.7930434782608695,0.7779850746268657,0.7930434782608695,0.7930434782608695,0.7663865546218487,0.7584708948740226,0.5169705935631908,1,"all","DT#1","DT",1
485,476,100,90,0.8434782608695652,0.8409893992932862,0.8434782608695652,0.8434782608695652,0.8362068965517241,0.8349261511728931,0.6698570371824097,1,"all","RF#1","RF",1
536,213,363,39,0.9321739130434783,0.8452380952380952,0.9321739130434783,0.9321739130434783,0.7272727272727272,0.6507384882710686,0.30181795136436884,1,"all","NB#1","NB",1
454,464,112,121,0.8055555555555556,0.8021201413427562,0.8055555555555556,0.8055555555555556,0.7993109388458225,0.7975673327541268,0.595128858936791,1,"all","MLP#1","MLP",1
462,434,142,113,0.8034782608695652,0.793418647166362,0.8034782608695652,0.8034782608695652,0.7837150127226462,0.7784535186794093,0.5569261007594777,2,"all","DT#2","DT",2
488,495,81,87,0.859375,0.8576449912126538,0.859375,0.859375,0.854922279792746,0.8540399652476107,0.708077065915452,2,"all","RF#2","RF",2
438,470,106,137,0.8159722222222222,0.8051470588235294,0.8159722222222222,0.8159722222222222,0.794590025359256,0.788879235447437,0.5777383905345812,2,"all","NB#2","NB",2
468,465,111,107,0.8139130434782609,0.8129370629370629,0.8139130434782609,0.8139130434782609,0.8110918544194107,0.8105994787141616,0.6212009589314074,2,"all","MLP#2","MLP",2
443,442,134,132,0.7704347826086957,0.7700348432055749,0.7704347826086957,0.7704347826086957,0.7690972222222222,0.7688966116420504,0.537794269944837,3,"all","DT#3","DT",3
456,497,79,119,0.8628472222222222,0.8523364485981308,0.8628472222222222,0.8628472222222222,0.8338926174496645,0.8279756733275413,0.6559303098013166,3,"all","RF#3","RF",3
458,437,139,117,0.7965217391304348,0.7888086642599278,0.7965217391304348,0.7965217391304348,0.7815699658703071,0.7775847089487402,0.5551838556086603,3,"all","NB#3","NB",3
430,494,82,145,0.8576388888888888,0.83984375,0.8576388888888888,0.8576388888888888,0.8131687242798353,0.8027801911381407,0.60552256630688,3,"all","MLP#3","MLP",3
468,424,152,107,0.8139130434782609,0.7984934086629002,0.8139130434782609,0.8139130434782609,0.7832635983263598,0.7749782797567333,0.5499867913562636,4,"all","DT#4","DT",4
482,495,81,93,0.859375,0.8561278863232682,0.859375,0.859375,0.8505154639175259,0.8488271068635969,0.6976485081251471,4,"all","RF#4","RF",4
406,488,88,169,0.8472222222222222,0.8218623481781376,0.8472222222222222,0.8472222222222222,0.7915652879156527,0.7767158992180713,0.5533768471084176,4,"all","NB#4","NB",4
469,466,110,106,0.8156521739130435,0.8146853146853147,0.8156521739130435,0.8156521739130435,0.8128249566724436,0.8123370981754996,0.6246761794916698,4,"all","MLP#4","MLP",4
440,434,142,135,0.7652173913043478,0.7627416520210897,0.7652173913043478,0.7652173913043478,0.7605877268798618,0.7593397046046916,0.518684132263095,5,"all","DT#5","DT",5
466,517,59,109,0.8975694444444444,0.8876190476190476,0.8975694444444444,0.8975694444444444,0.8602329450915142,0.8540399652476107,0.7080576734354947,5,"all","RF#5","RF",5
542,219,357,33,0.9426086956521739,0.8690476190476191,0.9426086956521739,0.9426086956521739,0.7354138398914518,0.6611642050390965,0.3226592065475221,5,"all","NB#5","NB",5
466,483,93,109,0.8385416666666666,0.8336314847942755,0.8385416666666666,0.8385416666666666,0.827054794520548,0.8245004344048653,0.6489921254136573,5,"all","MLP#5","MLP",5
460,419,157,115,0.8,0.7846441947565543,0.8,0.8,0.7718120805369127,0.7636837532580365,0.527397115521057,6,"all","DT#6","DT",6
473,505,71,102,0.8767361111111112,0.8694852941176471,0.8767361111111112,0.8767361111111112,0.8537616229923922,0.8496959165942659,0.699377537294167,6,"all","RF#6","RF",6
493,379,197,82,0.8573913043478261,0.8221258134490239,0.8573913043478261,0.8573913043478261,0.7794466403162055,0.7576020851433536,0.5152879557443982,6,"all","NB#6","NB",6
457,482,94,118,0.8368055555555556,0.8294010889292196,0.8368055555555556,0.8368055555555556,0.8197278911564625,0.8158123370981755,0.6316110487094942,6,"all","MLP#6","MLP",6
464,453,123,111,0.8069565217391305,0.8031914893617021,0.8069565217391305,0.8069565217391305,0.7986230636833047,0.7966985230234579,0.5934041049980979,7,"all","DT#7","DT",7
484,518,58,91,0.8993055555555556,0.8929889298892989,0.8993055555555556,0.8993055555555556,0.8742616033755275,0.8705473501303215,0.741081605816715,7,"all","RF#7","RF",7
484,406,170,91,0.8417391304347827,0.8169014084507042,0.8417391304347827,0.8417391304347827,0.7876322213181448,0.7732406602953953,0.5465350599792597,7,"all","NB#7","NB",7
450,489,87,125,0.8489583333333334,0.8379888268156425,0.8489583333333334,0.8489583333333334,0.8218487394957983,0.8158123370981755,0.6316032622644414,7,"all","MLP#7","MLP",7
458,421,155,117,0.7965217391304348,0.7825278810408922,0.7965217391304348,0.7965217391304348,0.771043771043771,0.7636837532580365,0.5273942618026141,8,"all","DT#8","DT",8
478,483,93,97,0.8385416666666666,0.8371278458844134,0.8385416666666666,0.8385416666666666,0.8356401384083045,0.8349261511728931,0.6698500594810356,8,"all","RF#8","RF",8
148,554,22,427,0.9618055555555556,0.8705882352941177,0.9618055555555556,0.9618055555555556,0.7116249197174052,0.6099044309296264,0.21933096171421243,8,"all","NB#8","NB",8
458,455,121,117,0.7965217391304348,0.7954545454545454,0.7965217391304348,0.7965217391304348,0.7937608318890814,0.7932232841007819,0.5864487533287842,8,"all","MLP#8","MLP",8
417,442,134,158,0.7673611111111112,0.7568058076225045,0.7673611111111112,0.7673611111111112,0.7517006802721088,0.7463075586446568,0.49259635010930347,9,"all","DT#9","DT",9
447,512,64,128,0.8888888888888888,0.8747553816046967,0.8888888888888888,0.8888888888888888,0.8421052631578948,0.8331885317115552,0.66634457435501,9,"all","RF#9","RF",9
435,449,127,140,0.7795138888888888,0.7740213523131673,0.7795138888888888,0.7795138888888888,0.7708154506437769,0.7680278019113814,0.5360461482486825,9,"all","NB#9","NB",9
437,487,89,138,0.8454861111111112,0.8307984790874525,0.8454861111111112,0.8454861111111112,0.8109908409658619,0.8027801911381407,0.6055309043090445,9,"all","MLP#9","MLP",9
446,452,124,129,0.7847222222222222,0.7824561403508772,0.7847222222222222,0.7847222222222222,0.7813310285220397,0.7801911381407471,0.5603786260463921,10,"all","DT#10","DT",10
477,508,68,98,0.8819444444444444,0.8752293577981651,0.8819444444444444,0.8819444444444444,0.8595600676818952,0.8557775847089487,0.71154188746471,10,"all","RF#10","RF",10
474,407,169,101,0.8243478260869566,0.8011811023622047,0.8243478260869566,0.8243478260869566,0.7783251231527093,0.7654213727193745,0.5308905486755588,10,"all","NB#10","NB",10
469,478,98,106,0.8298611111111112,0.8271604938271605,0.8298611111111112,0.8298611111111112,0.8241379310344829,0.8227628149435273,0.6455210811724779,10,"all","MLP#10","MLP",10
440,453,123,135,0.7864583333333334,0.7815275310834814,0.7864583333333334,0.7864583333333334,0.7783505154639175,0.7758470894874022,0.5516857189441836,11,"all","DT#11","DT",11
484,517,59,91,0.8975694444444444,0.8913443830570903,0.8975694444444444,0.8975694444444444,0.8733108108108109,0.8696785403996524,0.7393442919947822,11,"all","RF#11","RF",11
457,461,115,118,0.8003472222222222,0.798951048951049,0.8003472222222222,0.8003472222222222,0.7982683982683982,0.7975673327541268,0.5951325262644608,11,"all","NB#11","NB",11
464,484,92,111,0.8402777777777778,0.8345323741007195,0.8402777777777778,0.8402777777777778,0.8266438941076003,0.8236316246741964,0.6472528650429286,11,"all","MLP#11","MLP",11
427,461,115,148,0.8003472222222222,0.7878228782287823,0.8003472222222222,0.8003472222222222,0.7780590717299578,0.7715030408340573,0.5429829686563491,12,"all","DT#12","DT",12
484,511,65,91,0.8871527777777778,0.8816029143897997,0.8871527777777778,0.8871527777777778,0.8675721561969439,0.8644656820156386,0.7289205192232787,12,"all","RF#12","RF",12
524,333,243,51,0.9113043478260869,0.8671875,0.9113043478260869,0.9113043478260869,0.7809239940387481,0.7445699391833188,0.4892875253549695,12,"all","NB#12","NB",12
485,488,88,90,0.8472222222222222,0.8464223385689355,0.8472222222222222,0.8472222222222222,0.8457538994800693,0.845351867940921,0.6907025685464028,12,"all","MLP#12","MLP",12
459,428,148,116,0.7982608695652174,0.7867647058823529,0.7982608695652174,0.7982608695652174,0.7766497461928933,0.7706342311033884,0.5412902758320853,13,"all","DT#13","DT",13
491,505,71,84,0.8767361111111112,0.8736654804270463,0.8767361111111112,0.8767361111111112,0.8669527896995709,0.8653344917463076,0.7306634943016697,13,"all","RF#13","RF",13
367,519,57,208,0.9010416666666666,0.8655660377358491,0.9010416666666666,0.9010416666666666,0.7966231772831927,0.7697654213727194,0.5394255030962675,13,"all","NB#13","NB",13
466,478,98,109,0.8298611111111112,0.8262411347517731,0.8298611111111112,0.8298611111111112,0.8220120378331901,0.8201563857515204,0.6403065268294008,13,"all","MLP#13","MLP",13
447,446,130,128,0.7773913043478261,0.7770034843205574,0.7773913043478261,0.7773913043478261,0.7760416666666666,0.7758470894874022,0.5516951941570224,14,"all","DT#14","DT",14
463,503,73,112,0.8732638888888888,0.8638059701492538,0.8732638888888888,0.8732638888888888,0.8446683459277917,0.8392701998262381,0.6785212293598204,14,"all","RF#14","RF",14
426,460,116,149,0.7986111111111112,0.7859778597785978,0.7986111111111112,0.7986111111111112,0.7763713080168776,0.7697654213727194,0.5395075539693253,14,"all","NB#14","NB",14
464,472,104,111,0.8194444444444444,0.8169014084507042,0.8194444444444444,0.8194444444444444,0.814495254529767,0.8132059079061685,0.6264075858289565,14,"all","MLP#14","MLP",14
439,456,120,136,0.7916666666666666,0.7853309481216458,0.7916666666666666,0.7916666666666666,0.7808219178082192,0.7775847089487402,0.5551583371579023,15,"all","DT#15","DT",15
485,521,55,90,0.9045138888888888,0.8981481481481481,0.9045138888888888,0.9045138888888888,0.877843302443134,0.8740225890529973,0.7480316743789299,15,"all","RF#15","RF",15
518,409,167,57,0.9008695652173913,0.8776824034334764,0.9008695652173913,0.9008695652173913,0.8222222222222221,0.8053866203301477,0.6108375722630602,15,"all","NB#15","NB",15
473,490,86,102,0.8506944444444444,0.8461538461538461,0.8506944444444444,0.8506944444444444,0.839041095890411,0.8366637706342311,0.6733194038503346,15,"all","MLP#15","MLP",15
450,438,138,125,0.782608695652174,0.7779751332149201,0.782608695652174,0.782608695652174,0.7738607050730868,0.7715030408340573,0.5430147053273411,16,"all","DT#16","DT",16
474,496,80,101,0.8611111111111112,0.855595667870036,0.8611111111111112,0.8611111111111112,0.845694799658994,0.8427454387489139,0.6854806689221729,16,"all","RF#16","RF",16
489,399,177,86,0.8504347826086956,0.822680412371134,0.8504347826086956,0.8504347826086956,0.7880741337630942,0.7715030408340573,0.5430685096099419,16,"all","NB#16","NB",16
464,470,106,111,0.8159722222222222,0.8140350877192982,0.8159722222222222,0.8159722222222222,0.8124459809853068,0.8114682884448305,0.6229334460556011,16,"all","MLP#16","MLP",16
441,441,135,134,0.7669565217391304,0.7669565217391304,0.7669565217391304,0.7669565217391304,0.7662901824500434,0.7662901824500434,0.5325807177223465,17,"all","DT#17","DT",17
472,505,71,103,0.8767361111111112,0.8692449355432781,0.8767361111111112,0.8767361111111112,0.8530405405405405,0.8488271068635969,0.6976393787139474,17,"all","RF#17","RF",17
497,373,203,78,0.8643478260869565,0.8270509977827051,0.8643478260869565,0.8643478260869565,0.7796078431372548,0.7558644656820156,0.5118206860118485,17,"all","NB#17","NB",17
431,495,81,144,0.859375,0.841796875,0.859375,0.859375,0.8148148148148148,0.8045178105994787,0.608998138409903,17,"all","MLP#17","MLP",17
442,444,132,133,0.7708333333333334,0.7700348432055749,0.7708333333333334,0.7708333333333334,0.7701647875108414,0.7697654213727194,0.5395298000147948,18,"all","DT#18","DT",18
471,508,68,104,0.8819444444444444,0.8738404452690167,0.8819444444444444,0.8819444444444444,0.8552188552188552,0.8505647263249348,0.7011129831935311,18,"all","RF#18","RF",18
550,159,417,25,0.9565217391304348,0.8641304347826086,0.9565217391304348,0.9565217391304348,0.7133592736705576,0.6159860990443093,0.23242585909304886,18,"all","NB#18","NB",18
477,476,100,98,0.8295652173913044,0.8292682926829268,0.8295652173913044,0.8295652173913044,0.8281250000000001,0.8279756733275413,0.6559521257484127,18,"all","MLP#18","MLP",18
442,420,156,133,0.768695652173913,0.759493670886076,0.768695652173913,0.768695652173913,0.753623188405797,0.7489139878366637,0.4978450325547271,19,"all","DT#19","DT",19
478,507,69,97,0.8802083333333334,0.8738574040219378,0.8802083333333334,0.8802083333333334,0.8593220338983052,0.8557775847089487,0.7115427584499344,19,"all","RF#19","RF",19
482,387,189,93,0.8382608695652174,0.80625,0.8382608695652174,0.8382608695652174,0.7736757624398073,0.7549956559513467,0.5100619475438343,19,"all","NB#19","NB",19
439,485,91,136,0.8420138888888888,0.8283018867924529,0.8420138888888888,0.8420138888888888,0.810359231411863,0.8027801911381407,0.6055332865306369,19,"all","MLP#19","MLP",19
468,417,159,107,0.8139130434782609,0.7958015267175572,0.8139130434782609,0.8139130434782609,0.7787021630615641,0.7688966116420504,0.5378291559237499,20,"all","DT#20","DT",20
478,497,79,97,0.8628472222222222,0.8581687612208259,0.8628472222222222,0.8628472222222222,0.8495726495726496,0.8470894874022589,0.6941704333753029,20,"all","RF#20","RF",20
427,465,111,148,0.8072916666666666,0.7936802973977695,0.8072916666666666,0.8072916666666666,0.7821698906644239,0.7749782797567333,0.5499310800875049,20,"all","NB#20","NB",20
455,491,85,120,0.8524305555555556,0.8425925925925926,0.8524305555555556,0.8524305555555556,0.827295703454086,0.8218940052128584,0.6437689189495217,20,"all","MLP#20","MLP",20
443,447,129,132,0.7760416666666666,0.7744755244755245,0.7760416666666666,0.7760416666666666,0.774025974025974,0.7732406602953953,0.5464789242704904,21,"all","DT#21","DT",21
464,501,75,111,0.8697916666666666,0.8608534322820037,0.8697916666666666,0.8697916666666666,0.8434343434343433,0.838401390095569,0.6767849701976556,21,"all","RF#21","RF",21
469,414,162,106,0.8156521739130435,0.7961538461538461,0.8156521739130435,0.8156521739130435,0.7777777777777778,0.7671589921807124,0.5343569988044489,21,"all","NB#21","NB",21
465,480,96,110,0.8333333333333334,0.8288770053475936,0.8333333333333334,0.8333333333333334,0.823327615780446,0.8210251954821894,0.6420425552472426,21,"all","MLP#21","MLP",21
440,440,136,135,0.7652173913043478,0.7652173913043478,0.7652173913043478,0.7652173913043478,0.7645525629887054,0.7645525629887054,0.5291054814228843,22,"all","DT#22","DT",22
489,499,77,86,0.8663194444444444,0.8639575971731449,0.8663194444444444,0.8663194444444444,0.8596037898363481,0.8583840139009556,0.7167639656939783,22,"all","RF#22","RF",22
457,444,132,118,0.7947826086956522,0.7900355871886121,0.7947826086956522,0.7947826086956522,0.7852233676975945,0.7827975673327541,0.5656039878384211,22,"all","NB#22","NB",22
467,495,81,108,0.859375,0.8521897810218978,0.859375,0.859375,0.8396946564885497,0.8357949609035621,0.6715762870769189,22,"all","MLP#22","MLP",22
447,448,128,128,0.7777777777777778,0.7777777777777778,0.7777777777777778,0.7777777777777778,0.7777777777777778,0.7775847089487402,0.5551690821256038,23,"all","DT#23","DT",23
477,502,74,98,0.8715277777777778,0.8656987295825771,0.8715277777777778,0.8715277777777778,0.8537414965986394,0.8505647263249348,0.7011183980095897,23,"all","RF#23","RF",23
384,505,71,191,0.8767361111111112,0.843956043956044,0.8767361111111112,0.8767361111111112,0.7940251572327043,0.7723718505647263,0.5446608685148276,23,"all","NB#23","NB",23
458,484,92,117,0.8402777777777778,0.8327272727272728,0.8402777777777778,0.8402777777777778,0.822429906542056,0.8184187662901824,0.6368235516135119,23,"all","MLP#23","MLP",23
470,437,139,105,0.8173913043478261,0.8062730627306273,0.8173913043478261,0.8173913043478261,0.793918918918919,0.788010425716768,0.5760422925151789,24,"all","DT#24","DT",24
495,500,76,80,0.8680555555555556,0.8669001751313485,0.8680555555555556,0.8680555555555556,0.8650519031141869,0.8644656820156386,0.7289295225212712,24,"all","RF#24","RF",24
440,468,108,135,0.8125,0.8029197080291971,0.8125,0.8125,0.7938931297709924,0.788879235447437,0.577740940527467,24,"all","NB#24","NB",24
475,475,101,100,0.8260869565217391,0.8260869565217391,0.8260869565217391,0.8260869565217391,0.8253692441355343,0.8253692441355344,0.6507387519040583,24,"all","MLP#24","MLP",24
461,441,135,114,0.8017391304347826,0.7945945945945946,0.8017391304347826,0.8017391304347826,0.7873612297181896,0.7836663770634231,0.5673461439175389,25,"all","DT#25","DT",25
484,504,72,91,0.875,0.8705035971223022,0.875,0.875,0.860802732707088,0.8583840139009556,0.7167596896650115,25,"all","RF#25","RF",25
503,347,229,72,0.8747826086956522,0.8281622911694511,0.8747826086956522,0.8747826086956522,0.7697016067329762,0.738488271068636,0.4771000834645172,25,"all","NB#25","NB",25
455,462,114,120,0.8020833333333334,0.7996485061511424,0.8020833333333334,0.8020833333333334,0.7979274611398963,0.7966985230234579,0.5933930560965227,25,"all","MLP#25","MLP",25
453,443,133,122,0.7878260869565218,0.784070796460177,0.7878260869565218,0.7878260869565218,0.7803617571059431,0.7784535186794093,0.556914060907805,26,"all","DT#26","DT",26
490,510,66,85,0.8854166666666666,0.8812949640287769,0.8854166666666666,0.8854166666666666,0.8710503842869343,0.8688097306689835,0.7376117370516365,26,"all","RF#26","RF",26
479,402,174,96,0.8330434782608696,0.8072289156626506,0.8330434782608696,0.8330434782608696,0.780130293159609,0.7654213727193745,0.5308976298080842,26,"all","NB#26","NB",26
470,477,99,105,0.828125,0.8260105448154658,0.828125,0.828125,0.8238341968911918,0.8227628149435273,0.6455221514687632,26,"all","MLP#26","MLP",26
453,434,142,122,0.7878260869565218,0.7805755395683454,0.7878260869565218,0.7878260869565218,0.7743589743589744,0.7706342311033884,0.5412819661242112,27,"all","DT#27","DT",27
480,488,88,95,0.8472222222222222,0.8450704225352113,0.8472222222222222,0.8472222222222222,0.8421052631578948,0.8410078192875761,0.6820120381706933,27,"all","RF#27","RF",27
539,153,423,36,0.9373913043478261,0.8095238095238095,0.9373913043478261,0.9373913043478261,0.7013662979830839,0.6012163336229366,0.2028977635348913,27,"all","NB#27","NB",27
460,465,111,115,0.8072916666666666,0.8056042031523643,0.8072916666666666,0.8072916666666666,0.8044982698961937,0.8036490008688097,0.6072953339090212,27,"all","MLP#27","MLP",27
436,449,127,139,0.7795138888888888,0.7744227353463587,0.7795138888888888,0.7795138888888888,0.7714776632302405,0.7688966116420504,0.5377845009269491,28,"all","DT#28","DT",28
467,516,60,108,0.8958333333333334,0.8861480075901328,0.8958333333333334,0.8958333333333334,0.86,0.8540399652476107,0.7080585549677512,28,"all","RF#28","RF",28
460,454,122,115,0.8,0.7978910369068541,0.8,0.8,0.7951598962834917,0.794092093831451,0.5881882286871969,28,"all","NB#28","NB",28
455,492,84,120,0.8541666666666666,0.8441558441558441,0.8541666666666666,0.8541666666666666,0.8282828282828283,0.8227628149435273,0.6455060963458158,28,"all","MLP#28","MLP",28
452,437,139,123,0.7860869565217391,0.7803571428571429,0.7860869565217391,0.7860869565217391,0.7753001715265866,0.7723718505647263,0.544754353759571,29,"all","DT#29","DT",29
492,506,70,83,0.8784722222222222,0.8754448398576512,0.8784722222222222,0.8784722222222222,0.8686695278969957,0.8670721112076455,0.7341388040526157,29,"all","RF#29","RF",29
413,511,65,162,0.8871527777777778,0.8640167364016736,0.8871527777777778,0.8871527777777778,0.8182546036829464,0.8027801911381407,0.6055023154054866,29,"all","NB#29","NB",29
473,493,83,102,0.8559027777777778,0.8507194244604317,0.8559027777777778,0.8559027777777778,0.8420153714773698,0.8392701998262381,0.678530936122866,29,"all","MLP#29","MLP",29
444,438,138,131,0.7721739130434783,0.7697715289982425,0.7721739130434783,0.7721739130434783,0.7675021607605877,0.7662901824500434,0.5325849515479153,30,"all","DT#30","DT",30
481,494,82,94,0.8576388888888888,0.8543516873889876,0.8576388888888888,0.8576388888888888,0.8487972508591065,0.8470894874022589,0.6941732036208385,30,"all","RF#30","RF",30
479,409,167,96,0.8330434782608696,0.80990099009901,0.8330434782608696,0.8330434782608696,0.7846027846027847,0.7715030408340573,0.5430547148478951,30,"all","NB#30","NB",30
468,482,94,107,0.8368055555555556,0.8327402135231317,0.8368055555555556,0.8368055555555556,0.8274678111587983,0.8253692441355344,0.6507313700299071,30,"all","MLP#30","MLP",30
458,457,119,117,0.7965217391304348,0.7961672473867596,0.7965217391304348,0.7965217391304348,0.7951388888888887,0.7949609035621199,0.5899227357405321,31,"all","DT#31","DT",31
482,492,84,93,0.8541666666666666,0.8515901060070671,0.8541666666666666,0.8541666666666666,0.8475452196382429,0.8462206776715899,0.6924369443425409,31,"all","RF#31","RF",31
516,332,244,59,0.8973913043478261,0.8491048593350383,0.8973913043478261,0.8973913043478261,0.7730337078651687,0.736750651607298,0.4736479093248414,31,"all","NB#31","NB",31
460,486,90,115,0.84375,0.8363636363636363,0.84375,0.84375,0.8258283772302464,0.8218940052128584,0.6437742970371768,31,"all","MLP#31","MLP",31
434,446,130,141,0.7743055555555556,0.7695035460992907,0.7743055555555556,0.7743055555555556,0.766981943250215,0.7645525629887054,0.5290969505834184,32,"all","DT#32","DT",32
468,511,65,107,0.8871527777777778,0.8780487804878049,0.8871527777777778,0.8871527777777778,0.8559463986599666,0.8505647263249348,0.7011102757119262,32,"all","RF#32","RF",32
501,379,197,74,0.871304347826087,0.8366445916114791,0.871304347826087,0.871304347826087,0.7871170463472114,0.7645525629887054,0.5291921940823185,32,"all","NB#32","NB",32
460,473,103,115,0.8211805555555556,0.8170515097690941,0.8211805555555556,0.8211805555555556,0.8127147766323024,0.8105994787141616,0.6211918090303568,32,"all","MLP#32","MLP",32
453,460,116,122,0.7986111111111112,0.7961335676625659,0.7986111111111112,0.7986111111111112,0.7944732297063904,0.7932232841007819,0.5864425100468905,33,"all","DT#33","DT",33
475,495,81,100,0.859375,0.85431654676259,0.859375,0.859375,0.8454312553373186,0.8427454387489139,0.6854816185850741,33,"all","RF#33","RF",33
468,412,164,107,0.8139130434782609,0.7938342967244701,0.8139130434782609,0.8139130434782609,0.7754763877381938,0.7645525629887054,0.5291452879205744,33,"all","NB#33","NB",33
464,481,95,111,0.8350694444444444,0.8300536672629696,0.8350694444444444,0.8350694444444444,0.8236301369863013,0.8210251954821894,0.6420414744317496,33,"all","MLP#33","MLP",33
452,422,154,123,0.7860869565217391,0.7743119266055046,0.7860869565217391,0.7860869565217391,0.7654530059271802,0.7593397046046916,0.5187015704277125,34,"all","DT#34","DT",34
474,498,78,101,0.8645833333333334,0.8586956521739131,0.8645833333333334,0.8645833333333334,0.8476595744680852,0.8444830582102519,0.6889550814717298,34,"all","RF#34","RF",34
391,486,90,184,0.84375,0.8128898128898129,0.84375,0.84375,0.7800963081861958,0.7619461337966985,0.5238243349750719,34,"all","NB#34","NB",34
446,478,98,129,0.8298611111111112,0.8198529411764706,0.8298611111111112,0.8298611111111112,0.8081149619611158,0.8027801911381407,0.6055416240796293,34,"all","MLP#34","MLP",34
448,414,162,127,0.7791304347826087,0.7652495378927912,0.7791304347826087,0.7791304347826087,0.7561181434599157,0.7489139878366637,0.4978541290843629,35,"all","DT#35","DT",35
488,501,75,87,0.8697916666666666,0.866785079928952,0.8697916666666666,0.8697916666666666,0.8608247422680413,0.8592528236316247,0.7185003351509991,35,"all","RF#35","RF",35
508,341,235,67,0.8834782608695653,0.8357843137254902,0.8834782608695653,0.8834782608695653,0.7708649468892262,0.737619461337967,0.47537158450151523,35,"all","NB#35","NB",35
482,476,100,93,0.8382608695652174,0.836555360281195,0.8382608695652174,0.8382608695652174,0.833189282627485,0.8323197219808862,0.6646427347537088,35,"all","MLP#35","MLP",35
456,436,140,119,0.7930434782608695,0.7855855855855856,0.7930434782608695,0.7930434782608695,0.7788215200683177,0.7749782797567333,0.5499704870467573,36,"all","DT#36","DT",36
477,499,77,98,0.8663194444444444,0.8610108303249098,0.8663194444444444,0.8663194444444444,0.8508098891730607,0.8479582971329279,0.6959067240960236,36,"all","RF#36","RF",36
500,374,202,75,0.8695652173913043,0.8329621380846325,0.8695652173913043,0.8695652173913043,0.7830853563038371,0.7593397046046916,0.5187713104522533,36,"all","NB#36","NB",36
478,473,103,97,0.831304347826087,0.8298245614035088,0.831304347826087,0.831304347826087,0.8269896193771626,0.8262380538662033,0.6524789932458341,36,"all","MLP#36","MLP",36
447,445,131,128,0.7773913043478261,0.7766143106457243,0.7773913043478261,0.7773913043478261,0.7753686036426714,0.7749782797567333,0.5499582580392903,37,"all","DT#37","DT",37
492,503,73,83,0.8732638888888888,0.8707964601769912,0.8732638888888888,0.8732638888888888,0.8657487091222031,0.8644656820156386,0.7289270671356753,37,"all","RF#37","RF",37
409,501,75,166,0.8697916666666666,0.8450413223140496,0.8697916666666666,0.8697916666666666,0.8061142397425585,0.790616854908775,0.5811758559826304,37,"all","NB#37","NB",37
466,486,90,109,0.84375,0.8381294964028777,0.84375,0.84375,0.8300597779675492,0.8271068635968722,0.6542035475051368,37,"all","MLP#37","MLP",37
436,450,126,139,0.78125,0.7758007117437722,0.78125,0.78125,0.7725321888412018,0.7697654213727194,0.5395214579996287,38,"all","DT#38","DT",38
476,501,75,99,0.8697916666666666,0.8638838475499092,0.8697916666666666,0.8697916666666666,0.8520408163265306,0.8488271068635969,0.697643030544585,38,"all","RF#38","RF",38
227,545,31,348,0.9461805555555556,0.8798449612403101,0.9461805555555556,0.9461805555555556,0.7420013614703881,0.6707211120764552,0.3411264146640224,38,"all","NB#38","NB",38
452,482,94,123,0.8368055555555556,0.8278388278388278,0.8368055555555556,0.8368055555555556,0.8162574089754444,0.8114682884448305,0.6229197836257928,38,"all","MLP#38","MLP",38
464,427,149,111,0.8069565217391305,0.7936802973977695,0.8069565217391305,0.8069565217391305,0.7811447811447811,0.7741094700260643,0.5482445149583812,39,"all","DT#39","DT",39
476,490,86,99,0.8506944444444444,0.8469750889679716,0.8506944444444444,0.8506944444444444,0.8412017167381974,0.8392701998262381,0.6785338480374766,39,"all","RF#39","RF",39
359,507,69,216,0.8802083333333334,0.8387850467289719,0.8802083333333334,0.8802083333333334,0.7806004618937644,0.7523892267593397,0.5046681555236443,39,"all","NB#39","NB",39
466,455,121,109,0.8104347826086956,0.8067375886524822,0.8104347826086956,0.8104347826086956,0.802065404475043,0.8001737619461338,0.6003544621776175,39,"all","MLP#39","MLP",39
434,437,139,141,0.7586805555555556,0.7574171029668412,0.7586805555555556,0.7586805555555556,0.75736568457539,0.7567332754126846,0.513464714567375,40,"all","DT#40","DT",40
463,514,62,112,0.8923611111111112,0.8819047619047619,0.8923611111111112,0.8923611111111112,0.8552412645590682,0.8488271068635969,0.6976311617724767,40,"all","RF#40","RF",40
532,240,336,43,0.9252173913043479,0.8480565371024735,0.9252173913043479,0.9252173913043479,0.7373527373527373,0.6707211120764552,0.34173289894415654,40,"all","NB#40","NB",40
485,468,108,90,0.8434782608695652,0.8387096774193549,0.8434782608695652,0.8434782608695652,0.8304794520547945,0.8279756733275413,0.6559604358577212,40,"all","MLP#40","MLP",40
463,426,150,112,0.8052173913043478,0.79182156133829,0.8052173913043478,0.8052173913043478,0.7794612794612794,0.7723718505647263,0.5447694727657533,41,"all","DT#41","DT",41
496,480,96,79,0.8626086956521739,0.8586762075134168,0.8626086956521739,0.8626086956521739,0.8500428449014568,0.8479582971329279,0.6959241686128225,41,"all","RF#41","RF",41
517,330,246,58,0.8991304347826087,0.8505154639175257,0.8991304347826087,0.8991304347826087,0.7727952167414052,0.735881841876629,0.47191316474189077,41,"all","NB#41","NB",41
487,474,102,88,0.8469565217391304,0.8434163701067615,0.8469565217391304,0.8469565217391304,0.8367697594501717,0.8349261511728931,0.6698590307572002,41,"all","MLP#41","MLP",41
451,434,142,124,0.7843478260869565,0.7777777777777778,0.7843478260869565,0.7843478260869565,0.7722602739726028,0.7688966116420504,0.5378054340310799,42,"all","DT#42","DT",42
472,495,81,103,0.859375,0.8535262206148282,0.859375,0.859375,0.8432708688245315,0.840139009556907,0.6802671586314762,42,"all","RF#42","RF",42
381,493,83,194,0.8559027777777778,0.8211206896551724,0.8559027777777778,0.8559027777777778,0.7806809184481394,0.7593397046046916,0.518598376237564,42,"all","NB#42","NB",42
468,469,107,107,0.8142361111111112,0.8142361111111112,0.8142361111111112,0.8142361111111112,0.8142361111111112,0.8140747176368376,0.628149154589372,42,"all","MLP#42","MLP",42
444,464,112,131,0.8055555555555556,0.7985611510791367,0.8055555555555556,0.8055555555555556,0.7924850555081127,0.788879235447437,0.5777460404208454,43,"all","DT#43","DT",43
482,513,63,93,0.890625,0.8844036697247707,0.890625,0.890625,0.868020304568528,0.8644656820156386,0.7289188821957515,43,"all","RF#43","RF",43
451,468,108,124,0.8125,0.8067978533094812,0.8125,0.8125,0.8013698630136987,0.7984361424847958,0.5968622430493489,43,"all","NB#43","NB",43
473,490,86,102,0.8506944444444444,0.8461538461538461,0.8506944444444444,0.8506944444444444,0.839041095890411,0.8366637706342311,0.6733194038503346,43,"all","MLP#43","MLP",43
456,438,138,119,0.7930434782608695,0.7863554757630161,0.7930434782608695,0.7930434782608695,0.780153977758768,0.7767158992180713,0.5534442701673715,44,"all","DT#44","DT",44
471,493,83,104,0.8559027777777778,0.8501805054151624,0.8559027777777778,0.8559027777777778,0.8405797101449276,0.8375325803649001,0.6750546137483223,44,"all","RF#44","RF",44
395,496,80,180,0.8611111111111112,0.8315789473684211,0.8611111111111112,0.8611111111111112,0.7923322683706071,0.7741094700260643,0.5481503850218935,44,"all","NB#44","NB",44
471,477,99,104,0.828125,0.8263157894736842,0.828125,0.828125,0.8245462402765773,0.8236316246741964,0.6472603205036269,44,"all","MLP#44","MLP",44
456,443,133,119,0.7930434782608695,0.7882562277580071,0.7930434782608695,0.7930434782608695,0.7835051546391752,0.7810599478714162,0.5621288197411287,45,"all","DT#45","DT",45
472,507,69,103,0.8802083333333334,0.8724584103512015,0.8802083333333334,0.8802083333333334,0.8549747048903878,0.8505647263249348,0.7011138856764991,45,"all","RF#45","RF",45
471,411,165,104,0.8191304347826087,0.7980582524271844,0.8191304347826087,0.8191304347826087,0.7778695293146161,0.7662901824500434,0.5326230525268657,45,"all","NB#45","NB",45
467,472,104,108,0.8194444444444444,0.8178633975481612,0.8194444444444444,0.8194444444444444,0.8166089965397922,0.8158123370981755,0.6316221716314712,45,"all","MLP#45","MLP",45
447,443,133,128,0.7773913043478261,0.7758318739054291,0.7773913043478261,0.7773913043478261,0.7740259740259742,0.7732406602953953,0.5464844015368241,46,"all","DT#46","DT",46
467,519,57,108,0.9010416666666666,0.8912213740458015,0.9010416666666666,0.9010416666666666,0.8628428927680799,0.8566463944396178,0.7132704963697387,46,"all","RF#46","RF",46
507,321,255,68,0.8817391304347826,0.8251928020565553,0.8817391304347826,0.8817391304347826,0.7584143605086013,0.7193744569939183,0.43890689071774724,46,"all","NB#46","NB",46
439,493,83,136,0.8559027777777778,0.8409961685823755,0.8559027777777778,0.8559027777777778,0.8182572614107885,0.8097306689834927,0.6194306005764351,46,"all","MLP#46","MLP",46
451,441,135,124,0.7843478260869565,0.7805309734513274,0.7843478260869565,0.7843478260869565,0.776916451335056,0.7749782797567333,0.5499636932357705,47,"all","DT#47","DT",47
475,505,71,100,0.8767361111111112,0.86996336996337,0.8767361111111112,0.8767361111111112,0.855207451312447,0.8514335360556038,0.7028538387097261,47,"all","RF#47","RF",47
490,390,186,85,0.8521739130434782,0.8210526315789474,0.8521739130434782,0.8521739130434782,0.7833733013589129,0.7645525629887054,0.5291765597334946,47,"all","NB#47","NB",47
465,478,98,110,0.8298611111111112,0.8259325044404974,0.8298611111111112,0.8298611111111112,0.8213058419243987,0.8192875760208514,0.6385683315519001,47,"all","MLP#47","MLP",47
461,412,164,114,0.8017391304347826,0.7832699619771863,0.8017391304347826,0.8017391304347826,0.7683333333333334,0.7584708948740226,0.5169778851234056,48,"all","DT#48","DT",48
471,496,80,104,0.8611111111111112,0.8548094373865699,0.8611111111111112,0.8611111111111112,0.8435374149659863,0.840139009556907,0.680266193219561,48,"all","RF#48","RF",48
362,506,70,213,0.8784722222222222,0.8379629629629629,0.8784722222222222,0.8784722222222222,0.7814671814671814,0.7541268462206777,0.5081471392525864,48,"all","NB#48","NB",48
463,488,88,112,0.8472222222222222,0.8402903811252269,0.8472222222222222,0.8472222222222222,0.8299319727891157,0.8262380538662033,0.6524632534995229,48,"all","MLP#48","MLP",48
440,447,129,135,0.7760416666666666,0.773286467486819,0.7760416666666666,0.7760416666666666,0.772020725388601,0.7706342311033884,0.541263960724282,49,"all","DT#49","DT",49
457,506,70,118,0.8784722222222222,0.8671726755218216,0.8784722222222222,0.8784722222222222,0.8433333333333334,0.8366637706342311,0.6733036210353408,49,"all","RF#49","RF",49
490,382,194,85,0.8521739130434782,0.8179871520342612,0.8521739130434782,0.8521739130434782,0.778395552025417,0.7576020851433536,0.515283565959104,49,"all","NB#49","NB",49
439,488,88,136,0.8472222222222222,0.8330170777988615,0.8472222222222222,0.8472222222222222,0.8133333333333332,0.8053866203301477,0.6107447399570018,49,"all","MLP#49","MLP",49
447,447,129,128,0.7773913043478261,0.7773913043478261,0.7773913043478261,0.7773913043478261,0.7767158992180712,0.7767158992180713,0.5534321355191192,50,"all","DT#50","DT",50
476,500,76,99,0.8680555555555556,0.8623188405797102,0.8680555555555556,0.8680555555555556,0.851063829787234,0.8479582971329279,0.6959058059081158,50,"all","RF#50","RF",50
473,412,164,102,0.8226086956521739,0.8015564202334631,0.8226086956521739,0.8226086956521739,0.7805280528052805,0.7688966116420504,0.5378361324875992,50,"all","NB#50","NB",50
443,499,77,132,0.8663194444444444,0.8519230769230769,0.8663194444444444,0.8663194444444444,0.8268434134217068,0.8184187662901824,0.6368071020389675,50,"all","MLP#50","MLP",50
447,436,140,128,0.7773913043478261,0.7730496453900709,0.7773913043478261,0.7773913043478261,0.7693631669535285,0.7671589921807124,0.5343260689721803,51,"all","DT#51","DT",51
483,511,65,92,0.8871527777777778,0.8813868613138686,0.8871527777777778,0.8871527777777778,0.8668363019508057,0.8635968722849696,0.7271824183654829,51,"all","RF#51","RF",51
466,435,141,109,0.8104347826086956,0.7996323529411765,0.8104347826086956,0.8104347826086956,0.7884940778341792,0.7827975673327541,0.5656157915076565,51,"all","NB#51","NB",51
465,469,107,110,0.8142361111111112,0.8129370629370629,0.8142361111111112,0.8142361111111112,0.8121212121212121,0.8114682884448305,0.6229345845467296,51,"all","MLP#51","MLP",51
457,417,159,118,0.7947826086956522,0.7794392523364486,0.7947826086956522,0.7947826086956522,0.7674223341729639,0.7593397046046916,0.5187088359567117,52,"all","DT#52","DT",52
487,507,69,88,0.8802083333333334,0.8758992805755396,0.8802083333333334,0.8802083333333334,0.8659265584970112,0.8635968722849696,0.727185713358324,52,"all","RF#52","RF",52
510,375,201,65,0.8869565217391304,0.8522727272727273,0.8869565217391304,0.8869565217391304,0.7931570762052877,0.7688966116420504,0.5378877525145803,52,"all","NB#52","NB",52
479,484,92,96,0.8402777777777778,0.8388791593695272,0.8402777777777778,0.8402777777777778,0.8373702422145328,0.8366637706342311,0.6733253220128141,52,"all","MLP#52","MLP",52
442,445,131,133,0.7725694444444444,0.7713787085514834,0.7725694444444444,0.7725694444444444,0.7712305025996535,0.7706342311033884,0.5412667308778106,53,"all","DT#53","DT",53
466,503,73,109,0.8732638888888888,0.8645640074211502,0.8732638888888888,0.8732638888888888,0.8468013468013467,0.841876629018245,0.6837358310536201,53,"all","RF#53","RF",53
489,376,200,86,0.8504347826086956,0.8138528138528138,0.8504347826086956,0.8504347826086956,0.7737341772151898,0.7515204170286707,0.5031259716775796,53,"all","NB#53","NB",53
465,479,97,110,0.8315972222222222,0.8274021352313167,0.8315972222222222,0.8315972222222222,0.8223175965665237,0.8201563857515204,0.6403054407770683,53,"all","MLP#53","MLP",53
446,460,116,129,0.7986111111111112,0.7935943060498221,0.7986111111111112,0.7986111111111112,0.7896995708154507,0.787141615986099,0.5742745555090906,54,"all","DT#54","DT",54
472,497,79,103,0.8628472222222222,0.8566243194192378,0.8628472222222222,0.8628472222222222,0.8452380952380952,0.841876629018245,0.6837415606845659,54,"all","RF#54","RF",54
483,402,174,92,0.84,0.8137651821862348,0.84,0.84,0.7840909090909092,0.7688966116420504,0.537850084983441,54,"all","NB#54","NB",54
462,500,76,113,0.8680555555555556,0.8587360594795539,0.8680555555555556,0.8680555555555556,0.8410428931875527,0.8357949609035621,0.6715713287125035,54,"all","MLP#54","MLP",54
442,428,148,133,0.768695652173913,0.7629233511586453,0.768695652173913,0.768695652173913,0.7587982832618025,0.7558644656820156,0.5117396194228693,55,"all","DT#55","DT",55
474,499,77,101,0.8663194444444444,0.8602540834845736,0.8663194444444444,0.8663194444444444,0.8486394557823128,0.845351867940921,0.6906922956145756,55,"all","RF#55","RF",55
502,385,191,73,0.8730434782608696,0.8406113537117904,0.8730434782608696,0.8730434782608696,0.7917981072555206,0.7706342311033884,0.5413498199294208,55,"all","NB#55","NB",55
455,484,92,120,0.8402777777777778,0.8318098720292505,0.8402777777777778,0.8402777777777778,0.8203389830508475,0.8158123370981755,0.6316088240444946,55,"all","MLP#55","MLP",55
440,450,126,135,0.78125,0.7773851590106007,0.78125,0.78125,0.7751937984496126,0.7732406602953953,0.5464748162339161,56,"all","DT#56","DT",56
477,509,67,98,0.8836805555555556,0.8768382352941176,0.8836805555555556,0.8836805555555556,0.8605240912933221,0.8566463944396178,0.7132791540666911,56,"all","RF#56","RF",56
457,447,129,118,0.7947826086956522,0.7911504424778761,0.7947826086956522,0.7947826086956522,0.7872523686477174,0.7854039965247611,0.5708147962518738,56,"all","NB#56","NB",56
464,472,104,111,0.8194444444444444,0.8169014084507042,0.8194444444444444,0.8194444444444444,0.814495254529767,0.8132059079061685,0.6264075858289565,56,"all","MLP#56","MLP",56
445,458,118,130,0.7951388888888888,0.7904085257548845,0.7951388888888888,0.7951388888888888,0.7869415807560137,0.7845351867940921,0.5690622414657269,57,"all","DT#57","DT",57
479,511,65,96,0.8871527777777778,0.8805147058823529,0.8871527777777778,0.8871527777777778,0.8639053254437871,0.8601216333622936,0.720229962452953,57,"all","RF#57","RF",57
468,444,132,107,0.8139130434782609,0.8058076225045372,0.8139130434782609,0.8139130434782609,0.796595744680851,0.792354474370113,0.5847243084122731,57,"all","NB#57","NB",57
461,495,81,114,0.859375,0.8505535055350554,0.859375,0.859375,0.8354430379746836,0.8305821025195482,0.6611470680151639,57,"all","MLP#57","MLP",57
458,429,147,117,0.7965217391304348,0.7857142857142857,0.7965217391304348,0.7965217391304348,0.776271186440678,0.7706342311033884,0.5412888909016802,58,"all","DT#58","DT",58
475,501,75,100,0.8697916666666666,0.8636363636363636,0.8697916666666666,0.8697916666666666,0.8513169073916738,0.8479582971329279,0.6959048877146632,58,"all","RF#58","RF",58
397,498,78,178,0.8645833333333334,0.8357894736842105,0.8645833333333334,0.8645833333333334,0.7955271565495209,0.7775847089487402,0.5551019175600181,58,"all","NB#58","NB",58
473,467,109,102,0.8226086956521739,0.820738137082601,0.8226086956521739,0.8226086956521739,0.8176318063958512,0.8166811468288445,0.633365891362863,58,"all","MLP#58","MLP",58
468,432,144,107,0.8139130434782609,0.8014842300556586,0.8139130434782609,0.8139130434782609,0.788542544229149,0.7819287576020851,0.563881546471589,59,"all","DT#59","DT",59
483,512,64,92,0.8888888888888888,0.8829981718464351,0.8888888888888888,0.8888888888888888,0.8677966101694916,0.8644656820156386,0.7289197007119865,59,"all","RF#59","RF",59
556,144,432,19,0.9669565217391304,0.8834355828220859,0.9669565217391304,0.9669565217391304,0.7114523352527191,0.6081668114682884,0.21682133573119416,59,"all","NB#59","NB",59
482,469,107,93,0.8382608695652174,0.8345195729537367,0.8382608695652174,0.8382608695652174,0.8281786941580755,0.8262380538662033,0.652483190270737,59,"all","MLP#59","MLP",59
461,446,130,114,0.8017391304347826,0.7964285714285714,0.8017391304347826,0.8017391304347826,0.79073756432247,0.788010425716768,0.57603077220357,60,"all","DT#60","DT",60
487,509,67,88,0.8836805555555556,0.8790613718411552,0.8836805555555556,0.8836805555555556,0.8678601875532822,0.8653344917463076,0.7306602413421924,60,"all","RF#60","RF",60
477,413,163,98,0.8295652173913044,0.8082191780821918,0.8295652173913044,0.8295652173913044,0.7851851851851853,0.7732406602953953,0.5465254768176432,60,"all","NB#60","NB",60
469,482,94,106,0.8368055555555556,0.8330373001776199,0.8368055555555556,0.8368055555555556,0.8281786941580757,0.8262380538662033,0.6524695495691346,60,"all","MLP#60","MLP",60
437,425,151,138,0.76,0.7548845470692718,0.76,0.76,0.7515047291487532,0.7489139878366637,0.497837451861603,61,"all","DT#61","DT",61
491,497,79,84,0.8628472222222222,0.8614035087719298,0.8628472222222222,0.8628472222222222,0.8591184096802074,0.8583840139009556,0.7167656760694147,61,"all","RF#61","RF",61
447,465,111,128,0.8072916666666666,0.8010752688172043,0.8072916666666666,0.8072916666666666,0.795551753635586,0.792354474370113,0.5846979768502514,61,"all","NB#61","NB",61
477,473,103,98,0.8295652173913044,0.8283712784588442,0.8295652173913044,0.8295652173913044,0.825974025974026,0.8253692441355344,0.6507408609536462,61,"all","MLP#61","MLP",61
451,440,136,124,0.7843478260869565,0.7801418439716312,0.7843478260869565,0.7843478260869565,0.7762478485370052,0.7741094700260643,0.5482267833312199,62,"all","DT#62","DT",62
482,509,67,93,0.8836805555555556,0.8779599271402551,0.8836805555555556,0.8836805555555556,0.8641765704584041,0.8609904430929627,0.721969763305927,62,"all","RF#62","RF",62
493,370,206,82,0.8573913043478261,0.8185840707964602,0.8573913043478261,0.8573913043478261,0.7739403453689168,0.7497827975673328,0.49965888028207284,62,"all","NB#62","NB",62
473,491,85,102,0.8524305555555556,0.8476702508960573,0.8524305555555556,0.8524305555555556,0.8400342172797262,0.8375325803649001,0.675056576029276,62,"all","MLP#62","MLP",62
455,436,140,120,0.7913043478260869,0.7841726618705036,0.7913043478260869,0.7913043478260869,0.7777777777777778,0.7741094700260643,0.5482322393647535,63,"all","DT#63","DT",63
494,494,82,81,0.8591304347826086,0.8591304347826086,0.8591304347826086,0.8591304347826086,0.8583840139009556,0.8583840139009556,0.7167682415938381,63,"all","RF#63","RF",63
491,410,166,84,0.8539130434782609,0.8299595141700404,0.8539130434782609,0.8539130434782609,0.797077922077922,0.7827975673327541,0.5656485761122565,63,"all","NB#63","NB",63
470,494,82,105,0.8576388888888888,0.8514492753623188,0.8576388888888888,0.8576388888888888,0.8408510638297872,0.8375325803649001,0.6750536325989579,63,"all","MLP#63","MLP",63
420,436,140,155,0.7569444444444444,0.75,0.7569444444444444,0.7569444444444444,0.7472150814053126,0.7437011294526499,0.48739026397034957,64,"all","DT#64","DT",64
471,500,76,104,0.8680555555555556,0.8610603290676416,0.8680555555555556,0.8680555555555556,0.847457627118644,0.843614248479583,0.6872150392830615,64,"all","RF#64","RF",64
422,457,119,153,0.7934027777777778,0.7800369685767098,0.7934027777777778,0.7934027777777778,0.7706576728499158,0.7636837532580365,0.5273428889767894,64,"all","NB#64","NB",64
442,489,87,133,0.8489583333333334,0.8355387523629489,0.8489583333333334,0.8489583333333334,0.8163606010016694,0.8088618592528236,0.6176968811239911,64,"all","MLP#64","MLP",64
459,423,153,116,0.7982608695652174,0.7847866419294991,0.7982608695652174,0.7982608695652174,0.7733782645324347,0.7662901824500434,0.5326061195253284,65,"all","DT#65","DT",65
479,489,87,96,0.8489583333333334,0.8462897526501767,0.8489583333333334,0.8489583333333334,0.8423772609819122,0.8410078192875761,0.6820110780490678,65,"all","RF#65","RF",65
495,384,192,80,0.8608695652173913,0.8275862068965517,0.8608695652173913,0.8608695652173913,0.7844690966719492,0.7636837532580365,0.5274470500156978,65,"all","NB#65","NB",65
469,469,107,106,0.8156521739130435,0.8156521739130435,0.8156521739130435,0.8156521739130435,0.8149435273675065,0.8149435273675065,0.6298873341072856,65,"all","MLP#65","MLP",65
453,426,150,122,0.7878260869565218,0.7773722627737226,0.7878260869565218,0.7878260869565218,0.7691001697792869,0.7636837532580365,0.5273871273557278,66,"all","DT#66","DT",66
488,493,83,87,0.8559027777777778,0.8546409807355516,0.8559027777777778,0.8559027777777778,0.8529411764705882,0.8523023457862728,0.7046026847988214,66,"all","RF#66","RF",66
359,527,49,216,0.9149305555555556,0.8799019607843137,0.9149305555555556,0.9149305555555556,0.799090219863533,0.7697654213727194,0.5394143753029523,66,"all","NB#66","NB",66
473,475,101,102,0.8246527777777778,0.8240418118466899,0.8246527777777778,0.8246527777777778,0.823937554206418,0.8236316246741964,0.6472624505773711,66,"all","MLP#66","MLP",66
420,435,141,155,0.7552083333333334,0.7486631016042781,0.7552083333333334,0.7552083333333334,0.7461406518010293,0.7428323197219809,0.48565338035526123,67,"all","DT#67","DT",67
460,508,68,115,0.8819444444444444,0.8712121212121212,0.8819444444444444,0.8819444444444444,0.847372810675563,0.8410078192875761,0.6819928346365157,67,"all","RF#67","RF",67
419,474,102,156,0.8229166666666666,0.8042226487523992,0.8229166666666666,0.8229166666666666,0.7860696517412935,0.7758470894874022,0.551657290902338,67,"all","NB#67","NB",67
457,484,92,118,0.8402777777777778,0.8324225865209471,0.8402777777777778,0.8402777777777778,0.8217317487266553,0.8175499565595135,0.635085314339029,67,"all","MLP#67","MLP",67
436,454,122,139,0.7881944444444444,0.7813620071684588,0.7881944444444444,0.7881944444444444,0.7767322497861419,0.7732406602953953,0.5464693387360484,68,"all","DT#68","DT",68
480,495,81,95,0.859375,0.8556149732620321,0.859375,0.859375,0.8490566037735848,0.8470894874022589,0.6941722802112363,68,"all","RF#68","RF",68
340,530,46,235,0.9201388888888888,0.8808290155440415,0.9201388888888888,0.9201388888888888,0.790454884414616,0.7558644656820156,0.5115892064613846,68,"all","NB#68","NB",68
475,463,113,100,0.8260869565217391,0.822380106571936,0.8260869565217391,0.8260869565217391,0.8168529664660362,0.8149435273675065,0.6298940389152992,68,"all","MLP#68","MLP",68
439,431,145,136,0.7634782608695653,0.7601410934744268,0.7634782608695653,0.7634782608695653,0.7575496117342537,0.7558644656820156,0.5117351968345839,69,"all","DT#69","DT",69
477,506,70,98,0.8784722222222222,0.8720292504570384,0.8784722222222222,0.8784722222222222,0.8576271186440678,0.8540399652476107,0.708067369997524,69,"all","RF#69","RF",69
502,367,209,73,0.8730434782608696,0.8340909090909091,0.8730434782608696,0.8730434782608696,0.7807153965785381,0.7549956559513467,0.5100915271019235,69,"all","NB#69","NB",69
473,482,94,102,0.8368055555555556,0.8342151675485009,0.8368055555555556,0.8368055555555556,0.8310344827586208,0.8297132927888793,0.6594222152441456,69,"all","MLP#69","MLP",69
441,438,138,134,0.7669565217391304,0.7657342657342657,0.7669565217391304,0.7669565217391304,0.7642980935875217,0.7636837532580365,0.5273700038043249,70,"all","DT#70","DT",70
472,506,70,103,0.8784722222222222,0.8708487084870848,0.8784722222222222,0.8784722222222222,0.8540084388185654,0.8496959165942659,0.6993766295724275,70,"all","RF#70","RF",70
390,495,81,185,0.859375,0.8280254777070064,0.859375,0.859375,0.788216560509554,0.7688966116420504,0.5377202942490972,70,"all","NB#70","NB",70
447,477,99,128,0.828125,0.8186813186813187,0.828125,0.828125,0.8077900084674005,0.8027801911381407,0.6055428151292855,70,"all","MLP#70","MLP",70
446,461,115,129,0.8003472222222222,0.7950089126559715,0.8003472222222222,0.8003472222222222,0.79073756432247,0.788010425716768,0.5760115702928504,71,"all","DT#71","DT",71
475,511,65,100,0.8871527777777778,0.8796296296296297,0.8871527777777778,0.8871527777777778,0.860994102780118,0.8566463944396178,0.7132774225691273,71,"all","RF#71","RF",71
391,492,84,184,0.8541666666666666,0.8231578947368421,0.8541666666666666,0.8541666666666666,0.7859424920127795,0.7671589921807124,0.5342473199456439,71,"all","NB#71","NB",71
475,481,95,100,0.8350694444444444,0.8333333333333334,0.8350694444444444,0.8350694444444444,0.8314606741573034,0.8305821025195482,0.6611613916167844,71,"all","MLP#71","MLP",71
437,454,122,138,0.7881944444444444,0.7817531305903399,0.7881944444444444,0.7881944444444444,0.7773972602739726,0.7741094700260643,0.5482076861759947,72,"all","DT#72","DT",72
475,515,61,100,0.8940972222222222,0.8861940298507462,0.8940972222222222,0.8940972222222222,0.8648194794290511,0.8601216333622936,0.7202265833888166,72,"all","RF#72","RF",72
195,556,20,380,0.9652777777777778,0.9069767441860465,0.9652777777777778,0.9652777777777778,0.7354497354497355,0.6524761077324066,0.3045737417678691,72,"all","NB#72","NB",72
457,504,72,118,0.875,0.8638941398865785,0.875,0.875,0.8414023372287146,0.8349261511728931,0.6698291246070832,72,"all","MLP#72","MLP",72
439,432,144,136,0.7634782608695653,0.7605633802816901,0.7634782608695653,0.7634782608695653,0.7582037996545768,0.7567332754126846,0.5134720595161895,73,"all","DT#73","DT",73
457,491,85,118,0.8524305555555556,0.8431734317343174,0.8524305555555556,0.8524305555555556,0.8286919831223628,0.8236316246741964,0.6472454092670681,73,"all","RF#73","RF",73
493,372,204,82,0.8573913043478261,0.8193832599118943,0.8573913043478261,0.8573913043478261,0.7751572327044025,0.7515204170286707,0.5031319714666078,73,"all","NB#73","NB",73
462,446,130,113,0.8034782608695652,0.7978533094812165,0.8034782608695652,0.8034782608695652,0.7917737789203085,0.788879235447437,0.577768988416662,73,"all","MLP#73","MLP",73
428,441,135,147,0.765625,0.7602131438721137,0.765625,0.765625,0.7577319587628866,0.7549956559513467,0.5099820648924799,74,"all","DT#74","DT",74
474,510,66,101,0.8854166666666666,0.8777777777777778,0.8854166666666666,0.8854166666666666,0.8593091828138164,0.8549087749782798,0.709801997388147,74,"all","RF#74","RF",74
419,483,93,156,0.8385416666666666,0.818359375,0.8385416666666666,0.8385416666666666,0.7950617283950618,0.7836663770634231,0.5672912731736262,74,"all","NB#74","NB",74
460,505,71,115,0.8767361111111112,0.8662900188323918,0.8767361111111112,0.8767361111111112,0.8444816053511706,0.838401390095569,0.6767810663751819,74,"all","MLP#74","MLP",74
448,463,113,127,0.8038194444444444,0.7985739750445633,0.8038194444444444,0.8038194444444444,0.7941680960548885,0.7914856646394439,0.5829622002880495,75,"all","DT#75","DT",75
483,504,72,92,0.875,0.8702702702702703,0.875,0.875,0.8600682593856656,0.8575152041702867,0.7150215888160875,75,"all","RF#75","RF",75
479,425,151,96,0.8330434782608696,0.8157389635316699,0.8330434782608696,0.8330434782608696,0.7950207468879669,0.7854039965247611,0.5708433025639478,75,"all","NB#75","NB",75
451,495,81,124,0.859375,0.8477443609022557,0.859375,0.859375,0.8284518828451882,0.8218940052128584,0.6437646163624752,75,"all","MLP#75","MLP",75
454,448,128,121,0.7895652173913044,0.7873462214411248,0.7895652173913044,0.7895652173913044,0.7847882454624028,0.7836663770634231,0.5673369997599662,76,"all","DT#76","DT",76
470,495,81,105,0.859375,0.852994555353902,0.859375,0.859375,0.8418367346938775,0.838401390095569,0.6767908257545563,76,"all","RF#76","RF",76
467,409,167,108,0.8121739130434783,0.7911025145067698,0.8121739130434783,0.8121739130434783,0.7725392886683209,0.7610773240660296,0.522196845389677,76,"all","NB#76","NB",76
441,487,89,134,0.8454861111111112,0.8320754716981132,0.8454861111111112,0.8454861111111112,0.8137009189640769,0.8062554300608167,0.6124842418340618,76,"all","MLP#76","MLP",76
469,440,136,106,0.8156521739130435,0.8058608058608059,0.8156521739130435,0.8156521739130435,0.7949152542372881,0.789748045178106,0.5795148166598736,77,"all","DT#77","DT",77
476,505,71,99,0.8767361111111112,0.870201096892139,0.8767361111111112,0.8767361111111112,0.8559322033898306,0.8523023457862728,0.7045919815451137,77,"all","RF#77","RF",77
338,522,54,237,0.90625,0.8622448979591837,0.90625,0.90625,0.7820224719101124,0.7471763683753258,0.4942126221465169,77,"all","NB#77","NB",77
450,494,82,125,0.8576388888888888,0.8458646616541353,0.8576388888888888,0.8576388888888888,0.8267782426778242,0.8201563857515204,0.6402891492050359,77,"all","MLP#77","MLP",77
442,453,123,133,0.7864583333333334,0.7823008849557522,0.7864583333333334,0.7864583333333334,0.7796901893287435,0.7775847089487402,0.5551623665816211,78,"all","DT#78","DT",78
470,508,68,105,0.8819444444444444,0.8736059479553904,0.8819444444444444,0.8819444444444444,0.8544995794785534,0.8496959165942659,0.6993748141125034,78,"all","RF#78","RF",78
541,188,388,34,0.9408695652173913,0.8468468468468469,0.9408695652173913,0.9408695652173913,0.7194148936170213,0.6333622936576889,0.2671157020553629,78,"all","NB#78","NB",78
461,492,84,114,0.8541666666666666,0.8458715596330275,0.8541666666666666,0.8541666666666666,0.83248730964467,0.8279756733275413,0.6559355043253771,78,"all","MLP#78","MLP",78
459,453,123,116,0.7982608695652174,0.7961335676625659,0.7982608695652174,0.7982608695652174,0.7934312878133102,0.792354474370113,0.5847130238659917,79,"all","DT#79","DT",79
472,499,77,103,0.8663194444444444,0.8597449908925319,0.8663194444444444,0.8663194444444444,0.8471986417657046,0.843614248479583,0.6872159837191678,79,"all","RF#79","RF",79
543,193,383,32,0.9443478260869566,0.8577777777777778,0.9443478260869566,0.9443478260869566,0.7235176548967355,0.6394439617723718,0.27926928816403146,79,"all","NB#79","NB",79
469,475,101,106,0.8246527777777778,0.8228070175438597,0.8246527777777778,0.8246527777777778,0.8210890233362144,0.8201563857515204,0.640309784947048,79,"all","MLP#79","MLP",79
438,457,119,137,0.7934027777777778,0.7863554757630161,0.7934027777777778,0.7934027777777778,0.7811965811965812,0.7775847089487402,0.5551569940004408,80,"all","DT#80","DT",80
480,499,77,95,0.8663194444444444,0.8617594254937163,0.8663194444444444,0.8663194444444444,0.8529914529914528,0.8505647263249348,0.7011211053440461,80,"all","RF#80","RF",80
489,416,160,86,0.8504347826086956,0.8286852589641435,0.8504347826086956,0.8504347826086956,0.7990196078431373,0.7862728062554301,0.5725930376135516,80,"all","NB#80","NB",80
476,474,102,99,0.8278260869565217,0.8272251308900523,0.8278260869565217,0.8278260869565217,0.8256721595836947,0.8253692441355344,0.6507398064320362,80,"all","MLP#80","MLP",80
447,451,125,128,0.7829861111111112,0.7814685314685315,0.7829861111111112,0.7829861111111112,0.780952380952381,0.7801911381407471,0.5603799534116248,81,"all","DT#81","DT",81
463,507,69,112,0.8802083333333334,0.8703007518796992,0.8802083333333334,0.8802083333333334,0.8485355648535564,0.8427454387489139,0.6854702222517463,81,"all","RF#81","RF",81
435,474,102,140,0.8229166666666666,0.8100558659217877,0.8229166666666666,0.8229166666666666,0.7966386554621849,0.789748045178106,0.5794716484339381,81,"all","NB#81","NB",81
447,490,86,128,0.8506944444444444,0.8386491557223265,0.8506944444444444,0.8506944444444444,0.8207705192629816,0.8140747176368376,0.6281255755950711,81,"all","MLP#81","MLP",81
450,437,139,125,0.782608695652174,0.7775800711743772,0.782608695652174,0.782608695652174,0.7731958762886597,0.7706342311033884,0.5412778111573728,82,"all","DT#82","DT",82
473,501,75,102,0.8697916666666666,0.8631386861313869,0.8697916666666666,0.8697916666666666,0.8498727735368957,0.8462206776715899,0.6924285863101304,82,"all","RF#82","RF",82
471,416,160,104,0.8191304347826087,0.8,0.8191304347826087,0.8191304347826087,0.7810945273631841,0.7706342311033884,0.541306894344681,82,"all","NB#82","NB",82
468,480,96,107,0.8333333333333334,0.8297872340425532,0.8333333333333334,0.8333333333333334,0.825451418744626,0.8236316246741964,0.6472571253447749,82,"all","MLP#82","MLP",82
442,426,150,133,0.768695652173913,0.7620751341681574,0.768695652173913,0.768695652173913,0.7574978577549271,0.7541268462206777,0.5082659412424501,83,"all","DT#83","DT",83
481,500,76,94,0.8680555555555556,0.8635547576301615,0.8680555555555556,0.8680555555555556,0.8547008547008547,0.8523023457862728,0.7045964413284178,83,"all","RF#83","RF",83
388,494,82,187,0.8576388888888888,0.825531914893617,0.8576388888888888,0.8576388888888888,0.7859984089101034,0.7662901824500434,0.5325059074883548,83,"all","NB#83","NB",83
456,490,86,119,0.8506944444444444,0.8413284132841329,0.8506944444444444,0.8506944444444444,0.8270042194092827,0.8218940052128584,0.643769994580044,83,"all","MLP#83","MLP",83
448,434,142,127,0.7791304347826087,0.7736185383244206,0.7791304347826087,0.7791304347826087,0.769098712446352,0.7662901824500434,0.532590596529366,84,"all","DT#84","DT",84
471,513,63,104,0.890625,0.8820224719101124,0.890625,0.890625,0.8600167644593462,0.8549087749782798,0.7097993686203403,84,"all","RF#84","RF",84
443,453,123,132,0.7864583333333334,0.7826855123674912,0.7864583333333334,0.7864583333333334,0.7803617571059431,0.7784535186794093,0.5569006825273894,84,"all","NB#84","NB",84
455,498,78,120,0.8645833333333334,0.8536585365853658,0.8645833333333334,0.8645833333333334,0.8341708542713568,0.8279756733275413,0.6559292708776826,84,"all","MLP#84","MLP",84
423,446,130,152,0.7743055555555556,0.7649186256781193,0.7743055555555556,0.7743055555555556,0.7597955706984668,0.7549956559513467,0.5099746670330235,85,"all","DT#85","DT",85
470,501,75,105,0.8697916666666666,0.8623853211009175,0.8697916666666666,0.8697916666666666,0.8477157360406091,0.843614248479583,0.6872140948412518,85,"all","RF#85","RF",85
540,176,400,35,0.9391304347826087,0.8341232227488151,0.9391304347826087,0.9391304347826087,0.712871287128713,0.6220677671589921,0.24455123610932977,85,"all","NB#85","NB",85
463,474,102,112,0.8229166666666666,0.8194690265486726,0.8229166666666666,0.8229166666666666,0.8158347676419965,0.8140747176368376,0.628143540814324,85,"all","MLP#85","MLP",85
453,459,117,122,0.796875,0.7947368421052632,0.796875,0.796875,0.7934312878133103,0.792354474370113,0.5847055004944179,86,"all","DT#86","DT",86
491,504,72,84,0.875,0.872113676731794,0.875,0.875,0.8659793814432989,0.8644656820156386,0.728926248663925,86,"all","RF#86","RF",86
413,482,94,162,0.8368055555555556,0.814595660749507,0.8368055555555556,0.8368055555555556,0.7901639344262296,0.7775847089487402,0.5551234124276043,86,"all","NB#86","NB",86
452,481,95,123,0.8350694444444444,0.8263254113345521,0.8350694444444444,0.8350694444444444,0.8152542372881356,0.8105994787141616,0.6211826586872633,86,"all","MLP#86","MLP",86
415,460,116,160,0.7986111111111112,0.7815442561205274,0.7986111111111112,0.7986111111111112,0.7692307692307693,0.7602085143353605,0.5203848081696247,87,"all","DT#87","DT",87
457,511,65,118,0.8871527777777778,0.8754789272030651,0.8871527777777778,0.8871527777777778,0.8481327800829875,0.8410078192875761,0.6819899539063362,87,"all","RF#87","RF",87
449,429,147,126,0.7808695652173913,0.772972972972973,0.7808695652173913,0.7808695652173913,0.7668659265584971,0.7628149435273676,0.5256445674276632,87,"all","NB#87","NB",87
444,490,86,131,0.8506944444444444,0.8377358490566038,0.8506944444444444,0.8506944444444444,0.8187134502923976,0.8114682884448305,0.6229106747891991,87,"all","MLP#87","MLP",87
450,430,146,125,0.782608695652174,0.7747747747747747,0.782608695652174,0.782608695652174,0.7685738684884713,0.7645525629887054,0.5291196988018194,88,"all","DT#88","DT",88
479,506,70,96,0.8784722222222222,0.8724954462659381,0.8784722222222222,0.8784722222222222,0.8590831918505942,0.8557775847089487,0.711543629429899,88,"all","RF#88","RF",88
449,473,103,126,0.8211805555555556,0.8134057971014492,0.8211805555555556,0.8211805555555556,0.8051063829787235,0.8010425716768028,0.6020710260169058,88,"all","NB#88","NB",88
475,497,79,100,0.8628472222222222,0.8574007220216606,0.8628472222222222,0.8628472222222222,0.8473998294970161,0.8444830582102519,0.6889560206467897,88,"all","MLP#88","MLP",88
434,430,146,141,0.7547826086956522,0.7530647985989493,0.7547826086956522,0.7547826086956522,0.7515151515151515,0.7506516072980017,0.5013066024562013,89,"all","DT#89","DT",89
476,503,73,99,0.8732638888888888,0.8670309653916212,0.8732638888888888,0.8732638888888888,0.8539898132427843,0.8505647263249348,0.7011174955538714,89,"all","RF#89","RF",89
411,481,95,164,0.8350694444444444,0.8122529644268774,0.8350694444444444,0.8350694444444444,0.7878787878787877,0.7749782797567333,0.5499093353625303,89,"all","NB#89","NB",89
445,493,83,130,0.8559027777777778,0.8428030303030303,0.8559027777777778,0.8559027777777778,0.8223519599666389,0.8149435273675065,0.6298605124457805,89,"all","MLP#89","MLP",89
419,436,140,156,0.7569444444444444,0.7495527728085868,0.7569444444444444,0.7569444444444444,0.7465753424657534,0.7428323197219809,0.4856518273388247,90,"all","DT#90","DT",90
472,509,67,103,0.8836805555555556,0.87569573283859,0.8836805555555556,0.8836805555555556,0.8569023569023569,0.8523023457862728,0.7045884136215134,90,"all","RF#90","RF",90
497,392,184,78,0.8643478260869565,0.8340425531914893,0.8643478260869565,0.8643478260869565,0.7914012738853502,0.7723718505647263,0.5448161978910381,90,"all","NB#90","NB",90
464,464,112,111,0.8069565217391305,0.8069565217391305,0.8069565217391305,0.8069565217391305,0.8062554300608168,0.8062554300608167,0.612511152609975,90,"all","MLP#90","MLP",90
459,443,133,116,0.7982608695652174,0.7924865831842576,0.7982608695652174,0.7982608695652174,0.7866323907455012,0.7836663770634231,0.5673435313405303,91,"all","DT#91","DT",91
484,515,61,91,0.8940972222222222,0.8880733944954129,0.8940972222222222,0.8940972222222222,0.871404399323181,0.8679409209383145,0.7358696800881683,91,"all","RF#91","RF",91
172,557,19,403,0.9670138888888888,0.900523560209424,0.9670138888888888,0.9670138888888888,0.7252604166666666,0.6333622936576889,0.26629869972931164,91,"all","NB#91","NB",91
459,496,80,116,0.8611111111111112,0.8515769944341373,0.8611111111111112,0.8611111111111112,0.8350168350168351,0.8297132927888793,0.6594078180577448,91,"all","MLP#91","MLP",91
453,419,157,122,0.7878260869565218,0.7744916820702403,0.7878260869565218,0.7878260869565218,0.7645569620253164,0.7576020851433536,0.515229418735423,92,"all","DT#92","DT",92
481,494,82,94,0.8576388888888888,0.8543516873889876,0.8576388888888888,0.8576388888888888,0.8487972508591065,0.8470894874022589,0.6941732036208385,92,"all","RF#92","RF",92
532,237,339,43,0.9252173913043479,0.8464285714285714,0.9252173913043479,0.9252173913043479,0.73582295988935,0.6681146828844483,0.3365253449545492,92,"all","NB#92","NB",92
458,477,99,117,0.828125,0.822262118491921,0.828125,0.828125,0.8153846153846153,0.8123370981754996,0.624663713687872,92,"all","MLP#92","MLP",92
417,435,141,158,0.7552083333333334,0.7473118279569892,0.7552083333333334,0.7552083333333334,0.7442258340461935,0.7402258905299739,0.4804380547206072,93,"all","DT#93","DT",93
460,491,85,115,0.8524305555555556,0.8440366972477065,0.8524305555555556,0.8524305555555556,0.8307952622673435,0.8262380538662033,0.6524601053791688,93,"all","RF#93","RF",93
548,120,456,27,0.9530434782608695,0.8163265306122449,0.9530434782608695,0.9530434782608695,0.694110196326789,0.580364900086881,0.16127236436546988,93,"all","NB#93","NB",93
474,462,114,101,0.8243478260869566,0.8206039076376554,0.8243478260869566,0.8243478260869566,0.815133276010318,0.8132059079061685,0.6264188655717807,93,"all","MLP#93","MLP",93
442,428,148,133,0.768695652173913,0.7629233511586453,0.768695652173913,0.768695652173913,0.7587982832618025,0.7558644656820156,0.5117396194228693,94,"all","DT#94","DT",94
481,506,70,94,0.8784722222222222,0.8729582577132486,0.8784722222222222,0.8784722222222222,0.8605442176870748,0.8575152041702867,0.7150198678696088,94,"all","RF#94","RF",94
332,527,49,243,0.9149305555555556,0.8713910761154856,0.9149305555555556,0.9149305555555556,0.7830609212481426,0.7463075586446568,0.49246609061228674,94,"all","NB#94","NB",94
464,489,87,111,0.8489583333333334,0.8421052631578947,0.8489583333333334,0.8489583333333334,0.8316326530612245,0.8279756733275413,0.6559386209645278,94,"all","MLP#94","MLP",94
450,439,137,125,0.782608695652174,0.7783687943262412,0.782608695652174,0.782608695652174,0.7745266781411361,0.7723718505647263,0.54475160474146,95,"all","DT#95","DT",95
488,509,67,87,0.8836805555555556,0.8792792792792793,0.8836805555555556,0.8836805555555556,0.8686006825938566,0.8662033014769766,0.7323983212053504,95,"all","RF#95","RF",95
505,350,226,70,0.8782608695652174,0.8333333333333334,0.8782608695652174,0.8782608695652174,0.7733537519142419,0.7428323197219809,0.4857853524834128,95,"all","NB#95","NB",95
469,497,79,106,0.8628472222222222,0.8558394160583942,0.8628472222222222,0.8628472222222222,0.8430873621713316,0.8392701998262381,0.6785270534879895,95,"all","MLP#95","MLP",95
449,426,150,126,0.7808695652173913,0.7717391304347826,0.7808695652173913,0.7808695652173913,0.7649063032367972,0.7602085143353605,0.5204340422448462,96,"all","DT#96","DT",96
491,493,83,84,0.8559027777777778,0.8554006968641115,0.8559027777777778,0.8559027777777778,0.8551604509973981,0.8549087749782798,0.7098168928395122,96,"all","RF#96","RF",96
537,189,387,38,0.9339130434782609,0.8325991189427313,0.9339130434782609,0.9339130434782609,0.7164776517678453,0.630755864465682,0.261900055677187,96,"all","NB#96","NB",96
472,473,103,103,0.8211805555555556,0.8211805555555556,0.8211805555555556,0.8211805555555556,0.8211805555555555,0.8210251954821894,0.6420501207729469,96,"all","MLP#96","MLP",96
461,423,153,114,0.8017391304347826,0.7877094972067039,0.8017391304347826,0.8017391304347826,0.7754415475189236,0.7680278019113814,0.536082567602451,97,"all","DT#97","DT",97
487,507,69,88,0.8802083333333334,0.8758992805755396,0.8802083333333334,0.8802083333333334,0.8659265584970112,0.8635968722849696,0.727185713358324,97,"all","RF#97","RF",97
443,474,102,132,0.8229166666666666,0.8128440366972477,0.8229166666666666,0.8229166666666666,0.8020304568527918,0.7966985230234579,0.5933783232936275,97,"all","NB#97","NB",97
483,468,108,92,0.84,0.8357142857142857,0.84,0.84,0.8284734133790738,0.8262380538662033,0.6524842395111229,97,"all","MLP#97","MLP",97
435,476,100,140,0.8263888888888888,0.8130841121495327,0.8263888888888888,0.8263888888888888,0.7986577181208053,0.7914856646394439,0.5829458300622018,98,"all","DT#98","DT",98
463,522,54,112,0.90625,0.8955512572533849,0.90625,0.90625,0.8628099173553719,0.8557775847089487,0.7115296931192646,98,"all","RF#98","RF",98
274,550,26,301,0.9548611111111112,0.9133333333333333,0.9548611111111112,0.9548611111111112,0.7708479327259987,0.7158992180712423,0.431562016235605,98,"all","NB#98","NB",98
444,492,84,131,0.8541666666666666,0.8409090909090909,0.8541666666666666,0.8541666666666666,0.8206839032527106,0.8132059079061685,0.6263850242997314,98,"all","MLP#98","MLP",98
454,438,138,121,0.7895652173913044,0.7835420393559929,0.7895652173913044,0.7895652173913044,0.778063410454156,0.7749782797567333,0.5499677695469772,99,"all","DT#99","DT",99
474,490,86,101,0.8506944444444444,0.8464285714285714,0.8506944444444444,0.8506944444444444,0.8397600685518423,0.8375325803649001,0.6750575571608657,99,"all","RF#99","RF",99
478,401,175,97,0.831304347826087,0.8052208835341366,0.831304347826087,0.831304347826087,0.7785016286644951,0.7636837532580365,0.5274227974362922,99,"all","NB#99","NB",99
469,484,92,106,0.8402777777777778,0.8360071301247772,0.8402777777777778,0.8402777777777778,0.8301886792452832,0.8279756733275413,0.655943815237641,99,"all","MLP#99","MLP",99
437,453,123,138,0.7864583333333334,0.7803571428571429,0.7864583333333334,0.7864583333333334,0.7763496143958868,0.7732406602953953,0.5464707081229194,100,"all","DT#100","DT",100
473,501,75,102,0.8697916666666666,0.8631386861313869,0.8697916666666666,0.8697916666666666,0.8498727735368957,0.8462206776715899,0.6924285863101304,100,"all","RF#100","RF",100
398,497,79,177,0.8628472222222222,0.8343815513626834,0.8628472222222222,0.8628472222222222,0.7952,0.7775847089487402,0.5551032610500949,100,"all","NB#100","NB",100
433,495,81,142,0.859375,0.8424124513618677,0.859375,0.859375,0.8161582852431986,0.8062554300608167,0.6124748806879861,100,"all","MLP#100","MLP",100
452,438,138,123,0.7860869565217391,0.7807486631016043,0.7860869565217391,0.7860869565217391,0.7759656652360515,0.7732406602953953,0.5464912479336971,101,"all","DT#101","DT",101
474,505,71,101,0.8767361111111112,0.8697247706422019,0.8767361111111112,0.8767361111111112,0.8544839255499155,0.8505647263249348,0.7011156906260851,101,"all","RF#101","RF",101
410,467,109,165,0.8107638888888888,0.789980732177264,0.8107638888888888,0.8107638888888888,0.7731788079470198,0.7619461337966985,0.5238516541253487,101,"all","NB#101","NB",101
458,479,97,117,0.8315972222222222,0.8252252252252252,0.8315972222222222,0.8315972222222222,0.81740614334471,0.8140747176368376,0.6281379268697728,101,"all","MLP#101","MLP",101
454,419,157,121,0.7895652173913044,0.7759259259259259,0.7895652173913044,0.7895652173913044,0.7655986509274875,0.7584708948740226,0.5169676768774646,102,"all","DT#102","DT",102
490,505,71,85,0.8767361111111112,0.8734402852049911,0.8767361111111112,0.8767361111111112,0.8662092624356776,0.8644656820156386,0.7289254301872322,102,"all","RF#102","RF",102
539,240,336,36,0.9373913043478261,0.8695652173913043,0.9373913043478261,0.9373913043478261,0.743448275862069,0.6768027801911382,0.35389769126301496,102,"all","NB#102","NB",102
470,477,99,105,0.828125,0.8260105448154658,0.828125,0.828125,0.8238341968911918,0.8227628149435273,0.6455221514687632,102,"all","MLP#102","MLP",102
458,432,144,117,0.7965217391304348,0.7868852459016393,0.7965217391304348,0.7965217391304348,0.7782497875955819,0.7732406602953953,0.5464994633370922,103,"all","DT#103","DT",103
483,505,71,92,0.8767361111111112,0.871841155234657,0.8767361111111112,0.8767361111111112,0.8610400682011936,0.8583840139009556,0.7167588344437247,103,"all","RF#103","RF",103
518,330,246,57,0.9008695652173913,0.8527131782945736,0.9008695652173913,0.9008695652173913,0.7737117251680358,0.736750651607298,0.47365108687285784,103,"all","NB#103","NB",103
453,497,79,122,0.8628472222222222,0.8515037593984962,0.8628472222222222,0.8628472222222222,0.8317991631799163,0.8253692441355344,0.6507155506773538,103,"all","MLP#103","MLP",103
440,430,146,135,0.7652173913043478,0.7610619469026548,0.7652173913043478,0.7652173913043478,0.7579672695951765,0.7558644656820156,0.511736671039581,104,"all","DT#104","DT",104
472,503,73,103,0.8732638888888888,0.8660550458715597,0.8732638888888888,0.8732638888888888,0.8510998307952623,0.8470894874022589,0.6941648927336684,104,"all","RF#104","RF",104
500,350,226,75,0.8695652173913043,0.8235294117647058,0.8695652173913043,0.8695652173913043,0.7686395080707148,0.738488271068636,0.47709534813169113,104,"all","NB#104","NB",104
460,478,98,115,0.8298611111111112,0.8243727598566308,0.8298611111111112,0.8298611111111112,0.8177929854576561,0.8149435273675065,0.6298772764397638,104,"all","MLP#104","MLP",104
434,440,136,141,0.7638888888888888,0.7614035087719299,0.7638888888888888,0.7638888888888888,0.7605877268798618,0.7593397046046916,0.5186754127069195,105,"all","DT#105","DT",105
471,500,76,104,0.8680555555555556,0.8610603290676416,0.8680555555555556,0.8680555555555556,0.847457627118644,0.843614248479583,0.6872150392830615,105,"all","RF#105","RF",105
518,328,248,57,0.9008695652173913,0.8519480519480519,0.9008695652173913,0.9008695652173913,0.7725577926920209,0.73501303214596,0.47017843586767705,105,"all","NB#105","NB",105
447,487,89,128,0.8454861111111112,0.8339552238805971,0.8454861111111112,0.8454861111111112,0.8178001679261124,0.8114682884448305,0.622914090654492,105,"all","MLP#105","MLP",105
444,448,128,131,0.7777777777777778,0.7762237762237763,0.7777777777777778,0.7777777777777778,0.7757575757575758,0.7749782797567333,0.549954181555774,106,"all","DT#106","DT",106
442,507,69,133,0.8802083333333334,0.8649706457925636,0.8802083333333334,0.8802083333333334,0.8338815789473686,0.8245004344048653,0.6489666876026668,106,"all","RF#106","RF",106
455,437,139,120,0.7913043478260869,0.7845601436265709,0.7913043478260869,0.7913043478260869,0.7784431137724551,0.7749782797567333,0.5499691283009697,106,"all","NB#106","NB",106
458,481,95,117,0.8350694444444444,0.8282097649186256,0.8350694444444444,0.8350694444444444,0.819420783645656,0.8158123370981755,0.6316121610319183,106,"all","MLP#106","MLP",106
450,454,122,125,0.7881944444444444,0.7867132867132867,0.7881944444444444,0.7881944444444444,0.7861471861471861,0.7854039965247611,0.5708057252674757,107,"all","DT#107","DT",107
472,494,82,103,0.8576388888888888,0.851985559566787,0.8576388888888888,0.8576388888888888,0.8422847399829496,0.8392701998262381,0.6785299654729392,107,"all","RF#107","RF",107
410,480,96,165,0.8333333333333334,0.8102766798418972,0.8333333333333334,0.8333333333333334,0.7862407862407862,0.7732406602953953,0.5464337317745961,107,"all","NB#107","NB",107
472,474,102,103,0.8229166666666666,0.8222996515679443,0.8229166666666666,0.8229166666666666,0.8222029488291412,0.8218940052128584,0.6437872037850298,107,"all","MLP#107","MLP",107
443,443,133,132,0.7704347826086957,0.7704347826086957,0.7704347826086957,0.7704347826086957,0.7697654213727194,0.7697654213727194,0.5395311903212708,108,"all","DT#108","DT",108
473,514,62,102,0.8923611111111112,0.8841121495327103,0.8923611111111112,0.8923611111111112,0.8624161073825504,0.8575152041702867,0.715012983875838,108,"all","RF#108","RF",108
433,475,101,142,0.8246527777777778,0.8108614232209738,0.8246527777777778,0.8246527777777778,0.796311818943839,0.788879235447437,0.5777320154176209,108,"all","NB#108","NB",108
470,495,81,105,0.859375,0.852994555353902,0.859375,0.859375,0.8418367346938775,0.838401390095569,0.6767908257545563,108,"all","MLP#108","MLP",108
435,457,119,140,0.7934027777777778,0.7851985559566786,0.7934027777777778,0.7934027777777778,0.7791986359761297,0.7749782797567333,0.5499419516621149,109,"all","DT#109","DT",109
485,496,80,90,0.8611111111111112,0.8584070796460177,0.8611111111111112,0.8611111111111112,0.8537005163511188,0.8523023457862728,0.7046000090581078,109,"all","RF#109","RF",109
498,378,198,77,0.8660869565217392,0.8307692307692308,0.8660869565217392,0.8660869565217392,0.7836349331235248,0.7610773240660296,0.522241559135484,109,"all","NB#109","NB",109
463,484,92,112,0.8402777777777778,0.8342342342342343,0.8402777777777778,0.8402777777777778,0.825938566552901,0.8227628149435273,0.6455146592590355,109,"all","MLP#109","MLP",109
434,446,130,141,0.7743055555555556,0.7695035460992907,0.7743055555555556,0.7743055555555556,0.766981943250215,0.7645525629887054,0.5290969505834184,110,"all","DT#110","DT",110
469,508,68,106,0.8819444444444444,0.8733705772811918,0.8819444444444444,0.8819444444444444,0.853781512605042,0.8488271068635969,0.6976366397830793,110,"all","RF#110","RF",110
455,448,128,120,0.7913043478260869,0.7887323943661971,0.7913043478260869,0.7913043478260869,0.7858376511226252,0.7845351867940921,0.5690752527143391,110,"all","NB#110","NB",110
469,483,93,106,0.8385416666666666,0.8345195729537367,0.8385416666666666,0.8385416666666666,0.8291845493562232,0.8271068635968722,0.6542066797808531,110,"all","MLP#110","MLP",110
449,447,129,126,0.7808695652173913,0.7801047120418848,0.7808695652173913,0.7808695652173913,0.7788378143972245,0.7784535186794093,0.5569087096525833,111,"all","DT#111","DT",111
490,502,74,85,0.8715277777777778,0.8687943262411347,0.8715277777777778,0.8715277777777778,0.8632846087704215,0.8618592528236316,0.7237137090138877,111,"all","RF#111","RF",111
474,459,117,101,0.8243478260869566,0.8196428571428571,0.8243478260869566,0.8243478260869566,0.8130360205831904,0.8105994787141616,0.621207821067124,111,"all","NB#111","NB",111
457,506,70,118,0.8784722222222222,0.8671726755218216,0.8784722222222222,0.8784722222222222,0.8433333333333334,0.8366637706342311,0.6733036210353408,111,"all","MLP#111","MLP",111
452,448,128,123,0.7860869565217391,0.7845884413309983,0.7860869565217391,0.7860869565217391,0.7826839826839825,0.7819287576020851,0.5638604781062945,112,"all","DT#112","DT",112
478,499,77,97,0.8663194444444444,0.8612612612612612,0.8663194444444444,0.8663194444444444,0.8515358361774744,0.8488271068635969,0.6976448564268244,112,"all","RF#112","RF",112
485,398,178,90,0.8434782608695652,0.8155737704918032,0.8434782608695652,0.8434782608695652,0.7835218093699514,0.7671589921807124,0.5343794906473777,112,"all","NB#112","NB",112
465,476,100,110,0.8263888888888888,0.8230088495575221,0.8263888888888888,0.8263888888888888,0.8192771084337349,0.8175499565595135,0.6350941288364861,112,"all","MLP#112","MLP",112
442,446,130,133,0.7743055555555556,0.7727272727272727,0.7743055555555556,0.7743055555555556,0.7722943722943723,0.7715030408340573,0.5430036669852067,113,"all","DT#113","DT",113
485,498,78,90,0.8645833333333334,0.8614564831261101,0.8645833333333334,0.8645833333333334,0.8556701030927835,0.8540399652476107,0.708074421638073,113,"all","RF#113","RF",113
227,552,24,348,0.9583333333333334,0.9043824701195219,0.9583333333333334,0.9583333333333334,0.7479674796747966,0.6768027801911382,0.35328874630707063,113,"all","NB#113","NB",113
464,497,79,111,0.8628472222222222,0.85451197053407,0.8628472222222222,0.8628472222222222,0.8395270270270271,0.8349261511728931,0.6698361031933909,113,"all","MLP#113","MLP",113
457,422,154,118,0.7947826086956522,0.7814814814814814,0.7947826086956522,0.7947826086956522,0.7706576728499157,0.7636837532580365,0.5273928349304688,114,"all","DT#114","DT",114
483,505,71,92,0.8767361111111112,0.871841155234657,0.8767361111111112,0.8767361111111112,0.8610400682011936,0.8583840139009556,0.7167588344437247,114,"all","RF#114","RF",114
389,507,69,186,0.8802083333333334,0.8493449781659389,0.8802083333333334,0.8802083333333334,0.7990543735224586,0.7784535186794093,0.5568284253106301,114,"all","NB#114","NB",114
468,486,90,107,0.84375,0.8387096774193549,0.84375,0.84375,0.8314798973481609,0.8288444830582102,0.657679922341002,114,"all","MLP#114","MLP",114
463,440,136,112,0.8052173913043478,0.7971014492753623,0.8052173913043478,0.8052173913043478,0.7887563884156729,0.7845351867940921,0.569085661147543,115,"all","DT#115","DT",115
486,490,86,89,0.8506944444444444,0.8496503496503497,0.8506944444444444,0.8506944444444444,0.8484848484848485,0.8479582971329279,0.6959149875376852,115,"all","RF#115","RF",115
438,467,109,137,0.8107638888888888,0.8007312614259597,0.8107638888888888,0.8107638888888888,0.7915254237288135,0.7862728062554301,0.5725272203535173,115,"all","NB#115","NB",115
454,479,97,121,0.8315972222222222,0.8239564428312159,0.8315972222222222,0.8315972222222222,0.814625850340136,0.8105994787141616,0.6211849463144801,115,"all","MLP#115","MLP",115
443,444,132,132,0.7708333333333334,0.7708333333333334,0.7708333333333334,0.7708333333333334,0.7708333333333333,0.7706342311033884,0.541268115942029,116,"all","DT#116","DT",116
478,505,71,97,0.8767361111111112,0.8706739526411658,0.8767361111111112,0.8767361111111112,0.8573853989813244,0.8540399652476107,0.7080682514712231,116,"all","RF#116","RF",116
363,512,64,212,0.8888888888888888,0.8501170960187353,0.8888888888888888,0.8888888888888888,0.7876923076923077,0.7602085143353605,0.5203094894390654,116,"all","NB#116","NB",116
454,490,86,121,0.8506944444444444,0.8407407407407408,0.8506944444444444,0.8506944444444444,0.8256107834877843,0.8201563857515204,0.6402934937685414,116,"all","MLP#116","MLP",116
444,450,126,131,0.78125,0.7789473684210526,0.78125,0.78125,0.7778738115816768,0.7767158992180713,0.5534280904898135,117,"all","DT#117","DT",117
474,502,74,101,0.8715277777777778,0.864963503649635,0.8715277777777778,0.8715277777777778,0.8515691263782867,0.8479582971329279,0.6959039695156657,117,"all","RF#117","RF",117
474,411,165,101,0.8243478260869566,0.802734375,0.8243478260869566,0.8243478260869566,0.7808896210873146,0.7688966116420504,0.5378375277750941,117,"all","NB#117","NB",117
458,479,97,117,0.8315972222222222,0.8252252252252252,0.8315972222222222,0.8315972222222222,0.81740614334471,0.8140747176368376,0.6281379268697728,117,"all","MLP#117","MLP",117
449,447,129,126,0.7808695652173913,0.7801047120418848,0.7808695652173913,0.7808695652173913,0.7788378143972245,0.7784535186794093,0.5569087096525833,118,"all","DT#118","DT",118
474,513,63,101,0.890625,0.88268156424581,0.890625,0.890625,0.8621848739495798,0.8575152041702867,0.7150138443932472,118,"all","RF#118","RF",118
503,325,251,72,0.8747826086956522,0.818639798488665,0.8747826086956522,0.8747826086956522,0.7569601203912717,0.7193744569939183,0.4389001160616319,118,"all","NB#118","NB",118
453,485,91,122,0.8420138888888888,0.8327205882352942,0.8420138888888888,0.8420138888888888,0.819949281487743,0.8149435273675065,0.6298694534315465,118,"all","MLP#118","MLP",118
438,461,115,137,0.8003472222222222,0.7920433996383364,0.8003472222222222,0.8003472222222222,0.7853492333901192,0.7810599478714162,0.5621050216039785,119,"all","DT#119","DT",119
472,507,69,103,0.8802083333333334,0.8724584103512015,0.8802083333333334,0.8802083333333334,0.8549747048903878,0.8505647263249348,0.7011138856764991,119,"all","RF#119","RF",119
277,546,30,298,0.9479166666666666,0.9022801302931596,0.9479166666666666,0.9479166666666666,0.7690140845070422,0.7150304083405734,0.42982970163049056,119,"all","NB#119","NB",119
453,480,96,122,0.8333333333333334,0.825136612021858,0.8333333333333334,0.8333333333333334,0.8149405772495756,0.8105994787141616,0.6211838025043254,119,"all","MLP#119","MLP",119
429,425,151,146,0.7460869565217392,0.7443082311733801,0.7460869565217392,0.7460869565217392,0.7428571428571429,0.7419635099913119,0.4839305258867309,120,"all","DT#120","DT",120
480,492,84,95,0.8541666666666666,0.851063829787234,0.8541666666666666,0.8541666666666666,0.8460877042132415,0.8444830582102519,0.6889607164370182,120,"all","RF#120","RF",120
505,355,221,70,0.8782608695652174,0.8352941176470589,0.8782608695652174,0.8782608695652174,0.776325903151422,0.7471763683753258,0.4944675957020666,120,"all","NB#120","NB",120
470,486,90,105,0.84375,0.8392857142857143,0.84375,0.84375,0.8329048843187661,0.8305821025195482,0.6611562761837905,120,"all","MLP#120","MLP",120
463,426,150,112,0.8052173913043478,0.79182156133829,0.8052173913043478,0.8052173913043478,0.7794612794612794,0.7723718505647263,0.5447694727657533,121,"all","DT#121","DT",121
475,497,79,100,0.8628472222222222,0.8574007220216606,0.8628472222222222,0.8628472222222222,0.8473998294970161,0.8444830582102519,0.6889560206467897,121,"all","RF#121","RF",121
491,383,193,84,0.8539130434782609,0.8201284796573876,0.8539130434782609,0.8539130434782609,0.7799841143764892,0.7593397046046916,0.5187582357371749,121,"all","NB#121","NB",121
459,498,78,116,0.8645833333333334,0.8547486033519553,0.8645833333333334,0.8645833333333334,0.8369747899159664,0.8314509122502172,0.6628822305627435,121,"all","MLP#121","MLP",121
434,468,108,141,0.8125,0.8007380073800738,0.8125,0.8125,0.789873417721519,0.7836663770634231,0.567310871465517,122,"all","DT#122","DT",122
469,510,66,106,0.8854166666666666,0.8766355140186916,0.8854166666666666,0.8854166666666666,0.8557046979865771,0.8505647263249348,0.7011111782112447,122,"all","RF#122","RF",122
515,307,269,60,0.8956521739130435,0.8365122615803815,0.8956521739130435,0.8956521739130435,0.7579102281089036,0.7141615986099045,0.4285030840208932,122,"all","NB#122","NB",122
461,482,94,114,0.8368055555555556,0.8306306306306306,0.8368055555555556,0.8368055555555556,0.8225255972696246,0.8192875760208514,0.6385639663033305,122,"all","MLP#122","MLP",122
452,451,125,123,0.7860869565217391,0.7857142857142857,0.7860869565217391,0.7860869565217391,0.7847222222222222,0.7845351867940921,0.569071349422254,123,"all","DT#123","DT",123
475,493,83,100,0.8559027777777778,0.8512544802867383,0.8559027777777778,0.8559027777777778,0.8434559452523523,0.8410078192875761,0.6820072375045858,123,"all","RF#123","RF",123
441,456,120,134,0.7916666666666666,0.786096256684492,0.7916666666666666,0.7916666666666666,0.7821612349914236,0.7793223284100782,0.5586349953048525,123,"all","NB#123","NB",123
476,474,102,99,0.8278260869565217,0.8272251308900523,0.8278260869565217,0.8278260869565217,0.8256721595836947,0.8253692441355344,0.6507398064320362,123,"all","MLP#123","MLP",123
440,445,131,135,0.7725694444444444,0.7705779334500875,0.7725694444444444,0.7725694444444444,0.7698961937716263,0.7688966116420504,0.5377900832734497,124,"all","DT#124","DT",124
460,523,53,115,0.9079861111111112,0.8966861598440545,0.9079861111111112,0.9079861111111112,0.8616144975288303,0.8540399652476107,0.708052384130157,124,"all","RF#124","RF",124
459,449,127,116,0.7982608695652174,0.7946902654867256,0.7982608695652174,0.7982608695652174,0.7906976744186046,0.788879235447437,0.5777651639239082,124,"all","NB#124","NB",124
466,493,83,109,0.8559027777777778,0.848816029143898,0.8559027777777778,0.8559027777777778,0.8370118845500848,0.8331885317115552,0.6663637159671122,124,"all","MLP#124","MLP",124
443,435,141,132,0.7704347826086957,0.7671957671957672,0.7704347826086957,0.7704347826086957,0.7644521138912856,0.7628149435273676,0.525635974148902,125,"all","DT#125","DT",125
457,492,84,118,0.8541666666666666,0.844731977818854,0.8541666666666666,0.8541666666666666,0.8296795952782462,0.8245004344048653,0.6489825866665861,125,"all","RF#125","RF",125
467,404,172,108,0.8121739130434783,0.7890625,0.8121739130434783,0.8121739130434783,0.7693574958813838,0.7567332754126846,0.513513187131678,125,"all","NB#125","NB",125
451,472,104,124,0.8194444444444444,0.8126126126126126,0.8194444444444444,0.8194444444444444,0.8054607508532423,0.8019113814074718,0.6038105015248044,125,"all","MLP#125","MLP",125
450,447,129,125,0.782608695652174,0.7814685314685315,0.782608695652174,0.782608695652174,0.779896013864818,0.7793223284100782,0.5586469888466857,126,"all","DT#126","DT",126
492,496,80,83,0.8611111111111112,0.8601398601398601,0.8611111111111112,0.8611111111111112,0.8588744588744589,0.8583840139009556,0.7167665312493867,126,"all","RF#126","RF",126
455,443,133,120,0.7913043478260869,0.7868561278863233,0.7913043478260869,0.7913043478260869,0.7824591573516768,0.7801911381407471,0.5603905720449327,126,"all","NB#126","NB",126
462,484,92,113,0.8402777777777778,0.8339350180505415,0.8402777777777778,0.8402777777777778,0.8252344416027281,0.8218940052128584,0.6437764482267704,126,"all","MLP#126","MLP",126
451,436,140,124,0.7843478260869565,0.7785714285714286,0.7843478260869565,0.7843478260869565,0.7735849056603774,0.7706342311033884,0.5412791961546822,127,"all","DT#127","DT",127
481,519,57,94,0.9010416666666666,0.8940520446096655,0.9010416666666666,0.9010416666666666,0.8730025231286795,0.8688097306689835,0.7376046065375028,127,"all","RF#127","RF",127
394,512,64,181,0.8888888888888888,0.8602620087336245,0.8888888888888888,0.8888888888888888,0.8069345941686367,0.787141615986099,0.5742077027494288,127,"all","NB#127","NB",127
467,483,93,108,0.8385416666666666,0.8339285714285715,0.8385416666666666,0.8385416666666666,0.8277634961439588,0.8253692441355344,0.650730315450984,127,"all","MLP#127","MLP",127
465,438,138,110,0.808695652173913,0.7992700729927007,0.808695652173913,0.808695652173913,0.7894736842105263,0.7845351867940921,0.5690882631772811,128,"all","DT#128","DT",128
493,486,90,82,0.8573913043478261,0.8556338028169014,0.8573913043478261,0.8573913043478261,0.85146804835924,0.8505647263249348,0.701132836559945,128,"all","RF#128","RF",128
465,419,157,110,0.808695652173913,0.7920604914933838,0.808695652173913,0.808695652173913,0.7769423558897243,0.7680278019113814,0.5360881700724739,128,"all","NB#128","NB",128
478,466,110,97,0.831304347826087,0.827708703374778,0.831304347826087,0.831304347826087,0.8220120378331901,0.8201563857515204,0.640319558945854,128,"all","MLP#128","MLP",128
447,423,153,128,0.7773913043478261,0.7676950998185118,0.7773913043478261,0.7773913043478261,0.7608510638297873,0.7558644656820156,0.5117469902253085,129,"all","DT#129","DT",129
483,484,92,92,0.8402777777777778,0.8402777777777778,0.8402777777777778,0.8402777777777778,0.8402777777777778,0.840139009556907,0.6802777777777776,129,"all","RF#129","RF",129
501,365,211,74,0.871304347826087,0.8314350797266514,0.871304347826087,0.871304347826087,0.7785547785547786,0.7523892267593397,0.5048804821466575,129,"all","NB#129","NB",129
487,472,104,88,0.8469565217391304,0.8428571428571429,0.8469565217391304,0.8469565217391304,0.8353344768439108,0.8331885317115552,0.666384869930678,129,"all","MLP#129","MLP",129
448,436,140,127,0.7791304347826087,0.7744227353463587,0.7791304347826087,0.7791304347826087,0.7704213241616509,0.7680278019113814,0.5360643586403046,130,"all","DT#130","DT",130
467,513,63,108,0.890625,0.8811320754716981,0.890625,0.890625,0.8571428571428571,0.8514335360556038,0.7028466607785855,130,"all","RF#130","RF",130
359,528,48,216,0.9166666666666666,0.8820638820638821,0.9166666666666666,0.9166666666666666,0.7999999999999999,0.7706342311033884,0.5411517413836843,130,"all","NB#130","NB",130
449,508,68,126,0.8819444444444444,0.8684719535783365,0.8819444444444444,0.8819444444444444,0.8396694214876033,0.8314509122502172,0.6628720509948032,130,"all","MLP#130","MLP",130
433,439,137,142,0.7621527777777778,0.7596491228070176,0.7621527777777778,0.7621527777777778,0.7588591184096803,0.7576020851433536,0.5152001449286301,131,"all","DT#131","DT",131
479,502,74,96,0.8715277777777778,0.8661844484629295,0.8715277777777778,0.8715277777777778,0.8551959114139693,0.8523023457862728,0.7045946574312554,131,"all","RF#131","RF",131
474,404,172,101,0.8243478260869566,0.8,0.8243478260869566,0.8243478260869566,0.7764127764127764,0.7628149435273676,0.5256803694048495,131,"all","NB#131","NB",131
461,476,100,114,0.8263888888888888,0.82174688057041,0.8263888888888888,0.8263888888888888,0.8164665523156088,0.8140747176368376,0.6281412952568444,131,"all","MLP#131","MLP",131
456,435,141,119,0.7930434782608695,0.7851985559566786,0.7930434782608695,0.7930434782608695,0.7781569965870307,0.7741094700260643,0.5482336033525458,132,"all","DT#132","DT",132
479,495,81,96,0.859375,0.8553571428571428,0.859375,0.859375,0.8483290488431876,0.8462206776715899,0.6924341583822098,132,"all","RF#132","RF",132
485,397,179,90,0.8434782608695652,0.8151950718685832,0.8434782608695652,0.8434782608695652,0.7828894269572236,0.7662901824500434,0.5326428061447058,132,"all","NB#132","NB",132
466,478,98,109,0.8298611111111112,0.8262411347517731,0.8298611111111112,0.8298611111111112,0.8220120378331901,0.8201563857515204,0.6403065268294008,132,"all","MLP#132","MLP",132
453,446,130,122,0.7878260869565218,0.7852112676056338,0.7878260869565218,0.7878260869565218,0.7823834196891193,0.7810599478714162,0.5621248535645705,133,"all","DT#133","DT",133
473,498,78,102,0.8645833333333334,0.8584392014519057,0.8645833333333334,0.8645833333333334,0.8469387755102041,0.843614248479583,0.6872169281495707,133,"all","RF#133","RF",133
380,504,72,195,0.875,0.8407079646017699,0.875,0.875,0.7905882352941177,0.7680278019113814,0.5359690884629845,133,"all","NB#133","NB",133
476,469,107,99,0.8278260869565217,0.8257042253521126,0.8278260869565217,0.8278260869565217,0.8221070811744388,0.8210251954821894,0.6420544437869109,133,"all","MLP#133","MLP",133
448,433,143,127,0.7791304347826087,0.7732142857142857,0.7791304347826087,0.7791304347826087,0.7684391080617495,0.7654213727193745,0.530853723340016,134,"all","DT#134","DT",134
484,507,69,91,0.8802083333333334,0.8752260397830018,0.8802083333333334,0.8802083333333334,0.8637137989778535,0.8609904430929627,0.7219714422882404,134,"all","RF#134","RF",134
505,366,210,70,0.8782608695652174,0.8394495412844036,0.8782608695652174,0.8782608695652174,0.7829457364341086,0.7567332754126846,0.5135689920608568,134,"all","NB#134","NB",134
467,493,83,108,0.8559027777777778,0.8490909090909091,0.8559027777777778,0.8559027777777778,0.8377230246389126,0.8340573414422241,0.6681019060200036,134,"all","MLP#134","MLP",134
463,453,123,112,0.8052173913043478,0.8017699115044248,0.8052173913043478,0.8052173913043478,0.7975882859603789,0.7958297132927888,0.591665899267977,135,"all","DT#135","DT",135
470,511,65,105,0.8871527777777778,0.8785046728971962,0.8871527777777778,0.8871527777777778,0.8573825503355706,0.8523023457862728,0.704586629627393,135,"all","RF#135","RF",135
505,364,212,70,0.8782608695652174,0.8387096774193549,0.8782608695652174,0.8782608695652174,0.781733746130031,0.7549956559513467,0.5100959637275825,135,"all","NB#135","NB",135
454,497,79,121,0.8628472222222222,0.851782363977486,0.8628472222222222,0.8628472222222222,0.8324958123953099,0.8262380538662033,0.652453808967356,135,"all","MLP#135","MLP",135
458,442,134,117,0.7965217391304348,0.7906976744186046,0.7965217391304348,0.7965217391304348,0.7849185946872322,0.7819287576020851,0.5638683789818196,136,"all","DT#136","DT",136
495,490,86,80,0.8608695652173913,0.8596491228070176,0.8608695652173913,0.8608695652173913,0.856401384083045,0.8557775847089487,0.7115575643940423,136,"all","RF#136","RF",136
485,418,158,90,0.8434782608695652,0.8228346456692913,0.8434782608695652,0.8434782608695652,0.7963875205254516,0.7845351867940921,0.5691142817464391,136,"all","NB#136","NB",136
469,498,78,106,0.8645833333333334,0.8574040219378428,0.8645833333333334,0.8645833333333334,0.8440677966101695,0.840139009556907,0.6802642623782406,136,"all","MLP#136","MLP",136
475,425,151,100,0.8260869565217391,0.8095238095238095,0.8260869565217391,0.8260869565217391,0.791007493755204,0.7819287576020851,0.5638907632413567,137,"all","DT#137","DT",137
489,507,69,86,0.8802083333333334,0.8763440860215054,0.8802083333333334,0.8802083333333334,0.8674080410607358,0.8653344917463076,0.730661867831753,137,"all","RF#137","RF",137
484,414,162,91,0.8417391304347827,0.8198019801980198,0.8417391304347827,0.8417391304347827,0.7927927927927927,0.7801911381407471,0.560429060290941,137,"all","NB#137","NB",137
472,489,87,103,0.8489583333333334,0.8443649373881932,0.8489583333333334,0.8489583333333334,0.8373287671232876,0.8349261511728931,0.6698440783593806,137,"all","MLP#137","MLP",137
460,441,135,115,0.8,0.7931654676258992,0.8,0.8,0.7863247863247863,0.7827975673327541,0.5656079224661089,138,"all","DT#138","DT",138
482,516,60,93,0.8958333333333334,0.8892988929889298,0.8958333333333334,0.8958333333333334,0.8708860759493672,0.8670721112076455,0.7341307764426669,138,"all","RF#138","RF",138
429,478,98,146,0.8298611111111112,0.8140417457305503,0.8298611111111112,0.8298611111111112,0.7966666666666669,0.788010425716768,0.5759898060245912,138,"all","NB#138","NB",138
473,469,107,102,0.8226086956521739,0.8213660245183888,0.8226086956521739,0.8226086956521739,0.819047619047619,0.8184187662901824,0.6368399996980698,138,"all","MLP#138","MLP",138
444,426,150,131,0.7721739130434783,0.7648114901256733,0.7721739130434783,0.7721739130434783,0.7596236099230111,0.7558644656820156,0.51174256777055,139,"all","DT#139","DT",139
491,500,76,84,0.8680555555555556,0.8659611992945326,0.8680555555555556,0.8680555555555556,0.8620689655172415,0.8609904430929627,0.7219773185666495,139,"all","RF#139","RF",139
541,276,300,34,0.9408695652173913,0.8903225806451613,0.9408695652173913,0.9408695652173913,0.7641242937853108,0.7098175499565595,0.41986762562135377,139,"all","NB#139","NB",139
458,481,95,117,0.8350694444444444,0.8282097649186256,0.8350694444444444,0.8350694444444444,0.819420783645656,0.8158123370981755,0.6316121610319183,139,"all","MLP#139","MLP",139
435,453,123,140,0.7864583333333334,0.7795698924731183,0.7864583333333334,0.7864583333333334,0.7750213857998289,0.7715030408340573,0.5429940079983936,140,"all","DT#140","DT",140
476,506,70,99,0.8784722222222222,0.8717948717948718,0.8784722222222222,0.8784722222222222,0.8569009314140559,0.8531711555169418,0.7063292324090276,140,"all","RF#140","RF",140
395,493,83,180,0.8559027777777778,0.8263598326359832,0.8559027777777778,0.8559027777777778,0.7894315452361889,0.7715030408340573,0.5429388059543743,140,"all","NB#140","NB",140
466,480,96,109,0.8333333333333334,0.8291814946619217,0.8333333333333334,0.8333333333333334,0.8240343347639486,0.8218940052128584,0.6437807505280146,140,"all","MLP#140","MLP",140
449,443,133,126,0.7808695652173913,0.7785588752196837,0.7808695652173913,0.7808695652173913,0.7761452031114953,0.7749782797567333,0.5499609756539408,141,"all","DT#141","DT",141
478,502,74,97,0.8715277777777778,0.8659420289855072,0.8715277777777778,0.8715277777777778,0.854468085106383,0.8514335360556038,0.7028565303445016,141,"all","RF#141","RF",141
473,421,155,102,0.8226086956521739,0.8049713193116634,0.8226086956521739,0.8226086956521739,0.7863674147963424,0.7767158992180713,0.5534671893704157,141,"all","NB#141","NB",141
453,492,84,122,0.8541666666666666,0.8435754189944135,0.8541666666666666,0.8541666666666666,0.8268907563025211,0.8210251954821894,0.6420295850305423,141,"all","MLP#141","MLP",141
438,429,147,137,0.7617391304347826,0.7579505300353356,0.7617391304347826,0.7617391304347826,0.7551724137931034,0.7532580364900087,0.5065231503147597,142,"all","DT#142","DT",142
466,492,84,109,0.8541666666666666,0.8472727272727273,0.8541666666666666,0.8541666666666666,0.8360237892948174,0.8323197219808862,0.6646265333081715,142,"all","RF#142","RF",142
461,411,165,114,0.8017391304347826,0.7828571428571428,0.8017391304347826,0.8017391304347826,0.7676935886761032,0.7576020851433536,0.515241127268281,142,"all","NB#142","NB",142
463,476,100,112,0.8263888888888888,0.822380106571936,0.8263888888888888,0.8263888888888888,0.81786941580756,0.8158123370981755,0.6316177225432826,142,"all","MLP#142","MLP",142
458,438,138,117,0.7965217391304348,0.7891891891891892,0.7965217391304348,0.7965217391304348,0.7822374039282664,0.7784535186794093,0.55692074979507,143,"all","DT#143","DT",143
459,504,72,116,0.875,0.864406779661017,0.875,0.875,0.842809364548495,0.8366637706342311,0.6733055939706141,143,"all","RF#143","RF",143
457,412,164,118,0.7947826086956522,0.7773584905660378,0.7947826086956522,0.7947826086956522,0.7642140468227425,0.7549956559513467,0.5100249680728693,143,"all","NB#143","NB",143
435,491,85,140,0.8524305555555556,0.8365384615384616,0.8524305555555556,0.8524305555555556,0.8135874067937036,0.8045178105994787,0.6090028610467354,143,"all","MLP#143","MLP",143
447,432,144,128,0.7773913043478261,0.7714285714285715,0.7773913043478261,0.7773913043478261,0.7667238421955404,0.7636837532580365,0.5273785657351272,144,"all","DT#144","DT",144
468,505,71,107,0.8767361111111112,0.8682745825602969,0.8767361111111112,0.8767361111111112,0.8501683501683501,0.845351867940921,0.6906866919095845,144,"all","RF#144","RF",144
468,423,153,107,0.8139130434782609,0.7981132075471699,0.8139130434782609,0.8139130434782609,0.782608695652174,0.7741094700260643,0.5482499705636384,144,"all","NB#144","NB",144
461,489,87,114,0.8489583333333334,0.8412408759124088,0.8489583333333334,0.8489583333333334,0.8295165394402036,0.8253692441355344,0.6507239878437074,144,"all","MLP#144","MLP",144
439,451,125,136,0.7829861111111112,0.7783687943262412,0.7829861111111112,0.7829861111111112,0.7755803955288049,0.7732406602953953,0.5464734468718533,145,"all","DT#145","DT",145
468,509,67,107,0.8836805555555556,0.874766355140187,0.8836805555555556,0.8836805555555556,0.8540268456375839,0.8488271068635969,0.6976357267950963,145,"all","RF#145","RF",145
386,483,93,189,0.8385416666666666,0.8058455114822547,0.8385416666666666,0.8385416666666666,0.7740384615384616,0.7549956559513467,0.5099199159298449,145,"all","NB#145","NB",145
440,496,80,135,0.8611111111111112,0.8461538461538461,0.8611111111111112,0.8611111111111112,0.8218724109362056,0.8132059079061685,0.6263805116668806,145,"all","MLP#145","MLP",145
436,448,128,139,0.7777777777777778,0.7730496453900709,0.7777777777777778,0.7777777777777778,0.770421324161651,0.7680278019113814,0.5360475490987925,146,"all","DT#146","DT",146
471,504,72,104,0.875,0.8674033149171271,0.875,0.875,0.8513513513513513,0.8470894874022589,0.6941639692738778,146,"all","RF#146","RF",146
467,433,143,108,0.8121739130434783,0.800369685767098,0.8121739130434783,0.8121739130434783,0.7881856540084388,0.7819287576020851,0.5638802297583914,146,"all","NB#146","NB",146
459,485,91,116,0.8420138888888888,0.8345454545454546,0.8420138888888888,0.8420138888888888,0.8241291418861512,0.8201563857515204,0.6402989243253444,146,"all","MLP#146","MLP",146
450,438,138,125,0.782608695652174,0.7779751332149201,0.782608695652174,0.782608695652174,0.7738607050730868,0.7715030408340573,0.5430147053273411,147,"all","DT#147","DT",147
474,505,71,101,0.8767361111111112,0.8697247706422019,0.8767361111111112,0.8767361111111112,0.8544839255499155,0.8505647263249348,0.7011156906260851,147,"all","RF#147","RF",147
484,421,155,91,0.8417391304347827,0.822265625,0.8417391304347827,0.8417391304347827,0.7973640856672158,0.7862728062554301,0.5725865858371171,147,"all","NB#147","NB",147
463,495,81,112,0.859375,0.8511029411764706,0.859375,0.859375,0.8368554522400676,0.8323197219808862,0.6646234953628568,147,"all","MLP#147","MLP",147
443,441,135,132,0.7704347826086957,0.7696335078534031,0.7704347826086957,0.7704347826086957,0.7684301821335645,0.7680278019113814,0.5360573548127048,148,"all","DT#148","DT",148
474,495,81,101,0.859375,0.8540540540540541,0.859375,0.859375,0.8447098976109215,0.841876629018245,0.6837434705154141,148,"all","RF#148","RF",148
509,346,230,66,0.8852173913043478,0.8398058252427184,0.8852173913043478,0.8852173913043478,0.7747336377473364,0.7428323197219809,0.4857915612680437,148,"all","NB#148","NB",148
469,491,85,106,0.8524305555555556,0.8465703971119134,0.8524305555555556,0.8524305555555556,0.8371696504688833,0.8340573414422241,0.6681039102990884,148,"all","MLP#148","MLP",148
437,452,124,138,0.7847222222222222,0.7789661319073083,0.7847222222222222,0.7847222222222222,0.7753001715265866,0.7723718505647263,0.5447337353144541,149,"all","DT#149","DT",149
472,500,76,103,0.8680555555555556,0.8613138686131386,0.8680555555555556,0.8680555555555556,0.8481764206955047,0.8444830582102519,0.6889532031045951,149,"all","RF#149","RF",149
212,550,26,363,0.9548611111111112,0.8907563025210085,0.9548611111111112,0.9548611111111112,0.7387508394895904,0.6620330147697654,0.3237214585318919,149,"all","NB#149","NB",149
453,479,97,122,0.8315972222222222,0.8236363636363636,0.8315972222222222,0.8315972222222222,0.8139337298215803,0.8097306689834927,0.61944668805435,149,"all","MLP#149","MLP",149
460,462,114,115,0.8020833333333334,0.8013937282229965,0.8020833333333334,0.8020833333333334,0.8013876843018213,0.8010425716768028,0.6020842422769359,150,"all","DT#150","DT",150
489,517,59,86,0.8975694444444444,0.8923357664233577,0.8975694444444444,0.8975694444444444,0.8770144189991518,0.8740225890529973,0.7480347175986943,150,"all","RF#150","RF",150
486,416,160,89,0.8452173913043478,0.8237623762376237,0.8452173913043478,0.8452173913043478,0.7960687960687961,0.7836663770634231,0.5673787984681594,150,"all","NB#150","NB",150
470,491,85,105,0.8524305555555556,0.8468468468468469,0.8524305555555556,0.8524305555555556,0.8378839590443686,0.8349261511728931,0.6698420846040037,150,"all","MLP#150","MLP",150
437,443,133,138,0.7690972222222222,0.7666666666666667,0.7690972222222222,0.7690972222222222,0.7657735522904061,0.7645525629887054,0.5291012160417876,151,"all","DT#151","DT",151
476,502,74,99,0.8715277777777778,0.8654545454545455,0.8715277777777778,0.8715277777777778,0.8530161427357689,0.8496959165942659,0.6993802604264957,151,"all","RF#151","RF",151
414,488,88,161,0.8472222222222222,0.8247011952191236,0.8472222222222222,0.8472222222222222,0.7967346938775511,0.7836663770634231,0.5672847400151285,151,"all","NB#151","NB",151
467,476,100,108,0.8263888888888888,0.8236331569664903,0.8263888888888888,0.8263888888888888,0.8206896551724138,0.8192875760208514,0.6385705141366441,151,"all","MLP#151","MLP",151
452,433,143,123,0.7860869565217391,0.7787769784172662,0.7860869565217391,0.7860869565217391,0.7726495726495726,0.7688966116420504,0.53780682950394,152,"all","DT#152","DT",152
481,501,75,94,0.8697916666666666,0.8651079136690647,0.8697916666666666,0.8697916666666666,0.8556789069171649,0.8531711555169418,0.7063336659716991,152,"all","RF#152","RF",152
399,486,90,176,0.84375,0.8159509202453987,0.84375,0.84375,0.7851373182552503,0.7688966116420504,0.537732857828764,152,"all","NB#152","NB",152
469,481,95,106,0.8350694444444444,0.8315602836879432,0.8350694444444444,0.8350694444444444,0.827171109200344,0.8253692441355344,0.6507324246024618,152,"all","MLP#152","MLP",152
435,451,125,140,0.7829861111111112,0.7767857142857143,0.7829861111111112,0.7829861111111112,0.7729220222793488,0.7697654213727194,0.5395200676343819,153,"all","DT#153","DT",153
491,497,79,84,0.8628472222222222,0.8614035087719298,0.8628472222222222,0.8628472222222222,0.8591184096802074,0.8583840139009556,0.7167656760694147,153,"all","RF#153","RF",153
525,300,276,50,0.9130434782608695,0.8571428571428571,0.9130434782608695,0.9130434782608695,0.7630813953488371,0.7167680278019114,0.43372883044130484,153,"all","NB#153","NB",153
475,472,104,100,0.8260869565217391,0.8251748251748252,0.8260869565217391,0.8260869565217391,0.8232235701906412,0.8227628149435273,0.6455275028532436,153,"all","MLP#153","MLP",153
435,447,129,140,0.7760416666666666,0.7712765957446809,0.7760416666666666,0.7760416666666666,0.7687016337059329,0.7662901824500434,0.5325722498411055,154,"all","DT#154","DT",154
463,496,80,112,0.8611111111111112,0.852670349907919,0.8611111111111112,0.8611111111111112,0.8378378378378377,0.8331885317115552,0.6663606937533214,154,"all","RF#154","RF",154
517,317,259,58,0.8991304347826087,0.8453333333333334,0.8991304347826087,0.8991304347826087,0.765358993338268,0.7245873153779322,0.4493413079666344,154,"all","NB#154","NB",154
452,487,89,123,0.8454861111111112,0.8354898336414048,0.8454861111111112,0.8454861111111112,0.821247892074199,0.8158123370981755,0.6316054869966151,154,"all","MLP#154","MLP",154
427,424,152,148,0.7426086956521739,0.7412587412587412,0.7426086956521739,0.7426086956521739,0.7400346620450605,0.739357080799305,0.4787169159606524,155,"all","DT#155","DT",155
469,497,79,106,0.8628472222222222,0.8558394160583942,0.8628472222222222,0.8628472222222222,0.8430873621713316,0.8392701998262381,0.6785270534879895,155,"all","RF#155","RF",155
435,465,111,140,0.8072916666666666,0.7967032967032966,0.8072916666666666,0.8072916666666666,0.7874682472480948,0.7819287576020851,0.5638380907376682,155,"all","NB#155","NB",155
458,466,110,117,0.8090277777777778,0.8063380281690141,0.8090277777777778,0.8090277777777778,0.8041415012942191,0.8027801911381407,0.6055559162008052,155,"all","MLP#155","MLP",155
456,452,124,119,0.7930434782608695,0.7915936952714536,0.7930434782608695,0.7930434782608695,0.7896103896103897,0.788879235447437,0.5777613393618707,156,"all","DT#156","DT",156
482,505,71,93,0.8767361111111112,0.8716094032549728,0.8767361111111112,0.8767361111111112,0.8603066439522998,0.8575152041702867,0.7150207283454463,156,"all","RF#156","RF",156
476,395,181,99,0.8278260869565217,0.7995951417004049,0.8278260869565217,0.8278260869565217,0.7727272727272727,0.7567332754126846,0.5135264052457275,156,"all","NB#156","NB",156
459,476,100,116,0.8263888888888888,0.8211091234347049,0.8263888888888888,0.8263888888888888,0.815068493150685,0.8123370981754996,0.6246648469769802,156,"all","MLP#156","MLP",156
456,433,143,119,0.7930434782608695,0.7844202898550725,0.7930434782608695,0.7930434782608695,0.776831345826235,0.7723718505647263,0.5447598516961947,157,"all","DT#157","DT",157
496,499,77,79,0.8663194444444444,0.8656195462478184,0.8663194444444444,0.8663194444444444,0.8648180242634316,0.8644656820156386,0.7289303409732517,157,"all","RF#157","RF",157
495,400,176,80,0.8608695652173913,0.8333333333333334,0.8608695652173913,0.8608695652173913,0.7945425361155699,0.7775847089487402,0.5552335410327006,157,"all","NB#157","NB",157
492,474,102,83,0.8556521739130435,0.8509874326750448,0.8556521739130435,0.8556521739130435,0.8417450812660393,0.8392701998262381,0.6785493773578355,157,"all","MLP#157","MLP",157
456,436,140,119,0.7930434782608695,0.7855855855855856,0.7930434782608695,0.7930434782608695,0.7788215200683177,0.7749782797567333,0.5499704870467573,158,"all","DT#158","DT",158
478,486,90,97,0.84375,0.8415492957746479,0.84375,0.84375,0.8386540120793787,0.8375325803649001,0.6750614816279761,158,"all","RF#158","RF",158
406,489,87,169,0.8489583333333334,0.8235294117647058,0.8489583333333334,0.8489583333333334,0.7925445705024311,0.7775847089487402,0.5551140086786105,158,"all","NB#158","NB",158
465,473,103,110,0.8211805555555556,0.8186619718309859,0.8211805555555556,0.8211805555555556,0.816220880069025,0.8149435273675065,0.629882864100315,158,"all","MLP#158","MLP",158
456,429,147,119,0.7930434782608695,0.7828467153284672,0.7930434782608695,0.7930434782608695,0.7741935483870968,0.7688966116420504,0.537812411311116,159,"all","DT#159","DT",159
481,506,70,94,0.8784722222222222,0.8729582577132486,0.8784722222222222,0.8784722222222222,0.8605442176870748,0.8575152041702867,0.7150198678696088,159,"all","RF#159","RF",159
427,482,94,148,0.8368055555555556,0.8195777351247601,0.8368055555555556,0.8368055555555556,0.7993366500829187,0.789748045178106,0.5794614899161465,159,"all","NB#159","NB",159
474,488,88,101,0.8472222222222222,0.8434163701067615,0.8472222222222222,0.8472222222222222,0.8377682403433477,0.8357949609035621,0.6715832285355842,159,"all","MLP#159","MLP",159
442,438,138,133,0.768695652173913,0.7670753064798599,0.768695652173913,0.768695652173913,0.7653679653679654,0.7645525629887054,0.5291083249673537,160,"all","DT#160","DT",160
470,497,79,105,0.8628472222222222,0.8561020036429873,0.8628472222222222,0.8628472222222222,0.8438030560271647,0.840139009556907,0.6802652278018159,160,"all","RF#160","RF",160
455,442,134,120,0.7913043478260869,0.7864768683274022,0.7913043478260869,0.7913043478260869,0.7817869415807559,0.7793223284100782,0.5586536516438361,160,"all","NB#160","NB",160
456,493,83,119,0.8559027777777778,0.8460111317254174,0.8559027777777778,0.8559027777777778,0.8299663299663299,0.8245004344048653,0.6489815267737981,160,"all","MLP#160","MLP",160
425,444,132,150,0.7708333333333334,0.7630161579892281,0.7708333333333334,0.7708333333333334,0.758974358974359,0.7549956559513467,0.5099776262036105,161,"all","DT#161","DT",161
466,493,83,109,0.8559027777777778,0.848816029143898,0.8559027777777778,0.8559027777777778,0.8370118845500848,0.8331885317115552,0.6663637159671122,161,"all","RF#161","RF",161
340,518,58,235,0.8993055555555556,0.8542713567839196,0.8993055555555556,0.8993055555555556,0.7795334838224228,0.7454387489139879,0.49074103436455707,161,"all","NB#161","NB",161
450,480,96,125,0.8333333333333334,0.8241758241758241,0.8333333333333334,0.8333333333333334,0.8128704487722269,0.8079930495221547,0.61596899622719,161,"all","MLP#161","MLP",161
435,437,139,140,0.7586805555555556,0.7578397212543554,0.7586805555555556,0.7586805555555556,0.7580225498699047,0.7576020851433536,0.5152030724684065,162,"all","DT#162","DT",162
476,511,65,99,0.8871527777777778,0.8798521256931608,0.8871527777777778,0.8871527777777778,0.8617200674536255,0.8575152041702867,0.7150155654124759,162,"all","RF#162","RF",162
490,357,219,85,0.8521739130434782,0.8076923076923077,0.8521739130434782,0.8521739130434782,0.7632398753894081,0.735881841876629,0.4718701228918063,162,"all","NB#162","NB",162
464,482,94,111,0.8368055555555556,0.8315412186379928,0.8368055555555556,0.8368055555555556,0.8246364414029084,0.8218940052128584,0.6437785993903828,162,"all","MLP#162","MLP",162
443,431,145,132,0.7704347826086957,0.7655417406749556,0.7704347826086957,0.7704347826086957,0.7618228718830611,0.7593397046046916,0.5186884919227129,163,"all","DT#163","DT",163
474,505,71,101,0.8767361111111112,0.8697247706422019,0.8767361111111112,0.8767361111111112,0.8544839255499155,0.8505647263249348,0.7011156906260851,163,"all","RF#163","RF",163
339,539,37,236,0.9357638888888888,0.901595744680851,0.9357638888888888,0.9357638888888888,0.7979274611398963,0.7628149435273676,0.5254869744986795,163,"all","NB#163","NB",163
464,490,86,111,0.8506944444444444,0.8436363636363636,0.8506944444444444,0.8506944444444444,0.8326253186066271,0.8288444830582102,0.6576757878845065,163,"all","MLP#163","MLP",163
450,439,137,125,0.782608695652174,0.7783687943262412,0.782608695652174,0.782608695652174,0.7745266781411361,0.7723718505647263,0.54475160474146,164,"all","DT#164","DT",164
470,509,67,105,0.8836805555555556,0.8752327746741154,0.8836805555555556,0.8836805555555556,0.8554621848739496,0.8505647263249348,0.7011120807051129,164,"all","RF#164","RF",164
382,495,81,193,0.859375,0.8250539956803455,0.859375,0.859375,0.7832278481012659,0.7619461337966985,0.5238113932307394,164,"all","NB#164","NB",164
463,480,96,112,0.8333333333333334,0.8282647584973166,0.8333333333333334,0.8333333333333334,0.8219178082191781,0.8192875760208514,0.6385661489407957,164,"all","MLP#164","MLP",164
460,443,133,115,0.8,0.7939068100358423,0.8,0.8,0.7876712328767125,0.7845351867940921,0.5690817580440144,165,"all","DT#165","DT",165
485,512,64,90,0.8888888888888888,0.8834244080145719,0.8888888888888888,0.8888888888888888,0.8692699490662139,0.8662033014769766,0.7323958971819546,165,"all","RF#165","RF",165
486,417,159,89,0.8452173913043478,0.8241106719367589,0.8452173913043478,0.8452173913043478,0.7967213114754099,0.7845351867940921,0.5691155825924192,165,"all","NB#165","NB",165
455,503,73,120,0.8732638888888888,0.8617424242424242,0.8732638888888888,0.8732638888888888,0.8390325271059215,0.8323197219808862,0.6646153939062706,165,"all","MLP#165","MLP",165
436,454,122,139,0.7881944444444444,0.7813620071684588,0.7881944444444444,0.7881944444444444,0.7767322497861419,0.7732406602953953,0.5464693387360484,166,"all","DT#166","DT",166
469,506,70,106,0.8784722222222222,0.8701298701298701,0.8784722222222222,0.8784722222222222,0.8518518518518519,0.8470894874022589,0.6941621223375666,166,"all","RF#166","RF",166
532,223,353,43,0.9252173913043479,0.8383458646616542,0.9252173913043479,0.9252173913043479,0.7287671232876713,0.6559513466550826,0.3122240497351784,166,"all","NB#166","NB",166
465,488,88,110,0.8472222222222222,0.840867992766727,0.8472222222222222,0.8472222222222222,0.8313458262350937,0.8279756733275413,0.6559396598316974,166,"all","MLP#166","MLP",166
435,449,127,140,0.7795138888888888,0.7740213523131673,0.7795138888888888,0.7795138888888888,0.7708154506437769,0.7680278019113814,0.5360461482486825,167,"all","DT#167","DT",167
455,504,72,120,0.875,0.8633776091081594,0.875,0.875,0.8400000000000001,0.8331885317115552,0.6663526342488586,167,"all","RF#167","RF",167
506,316,260,69,0.88,0.8207792207792208,0.88,0.88,0.7546607009694258,0.7141615986099045,0.42848755869005173,167,"all","NB#167","NB",167
441,503,73,134,0.8732638888888888,0.857976653696498,0.8732638888888888,0.8732638888888888,0.829348722176422,0.8201563857515204,0.640279373553422,167,"all","MLP#167","MLP",167
435,437,139,140,0.7586805555555556,0.7578397212543554,0.7586805555555556,0.7586805555555556,0.7580225498699047,0.7576020851433536,0.5152030724684065,168,"all","DT#168","DT",168
472,530,46,103,0.9201388888888888,0.9111969111969112,0.9201388888888888,0.9201388888888888,0.8767576509511993,0.8705473501303215,0.7410722239081564,168,"all","RF#168","RF",168
522,325,251,53,0.9078260869565218,0.8597883597883598,0.9078260869565218,0.9078260869565218,0.7744807121661722,0.735881841876629,0.4719211346849824,168,"all","NB#168","NB",168
411,519,57,164,0.9010416666666666,0.8782051282051282,0.9010416666666666,0.9010416666666666,0.8244638602065131,0.8079930495221547,0.6159237678791714,168,"all","MLP#168","MLP",168
446,456,120,129,0.7916666666666666,0.7879858657243817,0.7916666666666666,0.7916666666666666,0.7855297157622739,0.7836663770634231,0.5673265488208626,169,"all","DT#169","DT",169
482,492,84,93,0.8541666666666666,0.8515901060070671,0.8541666666666666,0.8541666666666666,0.8475452196382429,0.8462206776715899,0.6924369443425409,169,"all","RF#169","RF",169
460,424,152,115,0.8,0.7866419294990723,0.8,0.8,0.7750631844987363,0.7680278019113814,0.5360811669638018,169,"all","NB#169","NB",169
455,499,77,120,0.8663194444444444,0.8552631578947368,0.8663194444444444,0.8663194444444444,0.8351464435146443,0.8288444830582102,0.6576664849922322,169,"all","MLP#169","MLP",169
436,444,132,139,0.7708333333333334,0.7676056338028169,0.7708333333333334,0.7708333333333334,0.7661777394305436,0.7645525629887054,0.5290997942309172,170,"all","DT#170","DT",170
464,507,69,111,0.8802083333333334,0.8705440900562852,0.8802083333333334,0.8802083333333334,0.8492462311557789,0.843614248479583,0.6872084280706205,170,"all","RF#170","RF",170
436,444,132,139,0.7708333333333334,0.7676056338028169,0.7708333333333334,0.7708333333333334,0.7661777394305436,0.7645525629887054,0.5290997942309172,170,"all","NB#170","NB",170
449,486,90,126,0.84375,0.8330241187384044,0.84375,0.84375,0.8181818181818182,0.8123370981754996,0.6246535137779228,170,"all","MLP#170","MLP",170
428,443,133,147,0.7690972222222222,0.7629233511586453,0.7690972222222222,0.7690972222222222,0.7598627787307033,0.7567332754126846,0.5134559003360579,171,"all","DT#171","DT",171
463,500,76,112,0.8680555555555556,0.8589981447124304,0.8680555555555556,0.8680555555555556,0.8417508417508417,0.8366637706342311,0.6733095397696736,171,"all","RF#171","RF",171
354,522,54,221,0.90625,0.8676470588235294,0.90625,0.90625,0.7915087187263078,0.7610773240660296,0.522033785691743,171,"all","NB#171","NB",171
455,490,86,120,0.8506944444444444,0.8410351201478743,0.8506944444444444,0.8506944444444444,0.8263069139966273,0.8210251954821894,0.6420317467985979,171,"all","MLP#171","MLP",171
441,442,134,134,0.7673611111111112,0.7673611111111112,0.7673611111111112,0.7673611111111112,0.7673611111111112,0.7671589921807124,0.5343176328502414,172,"all","DT#172","DT",172
470,507,69,105,0.8802083333333334,0.8719851576994434,0.8802083333333334,0.8802083333333334,0.8535353535353536,0.8488271068635969,0.6976375527655488,172,"all","RF#172","RF",172
491,376,200,84,0.8539130434782609,0.8173913043478261,0.8539130434782609,0.8539130434782609,0.7756714060031596,0.7532580364900087,0.5066021047038863,172,"all","NB#172","NB",172
461,485,91,114,0.8420138888888888,0.8351449275362319,0.8420138888888888,0.8420138888888888,0.825531914893617,0.8218940052128584,0.6437753726352212,172,"all","MLP#172","MLP",172
465,430,146,110,0.808695652173913,0.7962962962962963,0.808695652173913,0.808695652173913,0.7841483979763912,0.7775847089487402,0.5551932564051472,173,"all","DT#173","DT",173
480,505,71,95,0.8767361111111112,0.8711433756805808,0.8767361111111112,0.8767361111111112,0.858843537414966,0.8557775847089487,0.711544500404604,173,"all","RF#173","RF",173
432,475,101,143,0.8246527777777778,0.8105065666041276,0.8246527777777778,0.8246527777777778,0.7956448911222781,0.788010425716768,0.5759936469401744,173,"all","NB#173","NB",173
458,510,66,117,0.8854166666666666,0.8740458015267175,0.8854166666666666,0.8854166666666666,0.8478802992518705,0.8410078192875761,0.6819909141555284,173,"all","MLP#173","MLP",173
427,444,132,148,0.7708333333333334,0.7638640429338104,0.7708333333333334,0.7708333333333334,0.7602739726027397,0.7567332754126846,0.5134544312664557,174,"all","DT#174","DT",174
447,510,66,128,0.8854166666666666,0.8713450292397661,0.8854166666666666,0.8854166666666666,0.8401976935749588,0.8314509122502172,0.6628700150074432,174,"all","RF#174","RF",174
481,376,200,94,0.8365217391304348,0.8,0.8365217391304348,0.8365217391304348,0.765923566878981,0.7445699391833188,0.4892212296945235,174,"all","NB#174","NB",174
431,488,88,144,0.8472222222222222,0.8304431599229287,0.8472222222222222,0.8472222222222222,0.8079470198675496,0.7984361424847958,0.5968378969236529,174,"all","MLP#174","MLP",174
427,432,144,148,0.75,0.7478108581436077,0.75,0.75,0.7474048442906573,0.7463075586446568,0.49261167036032827,175,"all","DT#175","DT",175
458,496,80,117,0.8611111111111112,0.8513011152416357,0.8611111111111112,0.8611111111111112,0.8343145500420521,0.8288444830582102,0.6576695860125037,175,"all","RF#175","RF",175
452,443,133,123,0.7860869565217391,0.7826855123674912,0.7860869565217391,0.7860869565217391,0.7793103448275862,0.7775847089487402,0.5551757974668257,175,"all","NB#175","NB",175
453,483,93,122,0.8385416666666666,0.8296703296703297,0.8385416666666666,0.8385416666666666,0.8179508890770533,0.8132059079061685,0.6263951773250943,175,"all","MLP#175","MLP",175
440,448,128,135,0.7777777777777778,0.7746478873239436,0.7777777777777778,0.7777777777777778,0.7730802415875755,0.7715030408340573,0.5430009073163513,176,"all","DT#176","DT",176
478,502,74,97,0.8715277777777778,0.8659420289855072,0.8715277777777778,0.8715277777777778,0.854468085106383,0.8514335360556038,0.7028565303445016,176,"all","RF#176","RF",176
484,403,173,91,0.8417391304347827,0.8157894736842105,0.8417391304347827,0.8417391304347827,0.7857142857142857,0.7706342311033884,0.541324896374543,176,"all","NB#176","NB",176
474,490,86,101,0.8506944444444444,0.8464285714285714,0.8506944444444444,0.8506944444444444,0.8397600685518423,0.8375325803649001,0.6750575571608657,176,"all","MLP#176","MLP",176
454,448,128,121,0.7895652173913044,0.7873462214411248,0.7895652173913044,0.7895652173913044,0.7847882454624028,0.7836663770634231,0.5673369997599662,177,"all","DT#177","DT",177
485,494,82,90,0.8576388888888888,0.855379188712522,0.8576388888888888,0.8576388888888888,0.8517241379310346,0.8505647263249348,0.701125617459148,177,"all","RF#177","RF",177
509,335,241,66,0.8852173913043478,0.8354114713216958,0.8852173913043478,0.8852173913043478,0.7683018867924528,0.733275412684622,0.4666913179640041,177,"all","NB#177","NB",177
464,480,96,111,0.8333333333333334,0.8285714285714286,0.8333333333333334,0.8333333333333334,0.8226221079691517,0.8201563857515204,0.6403043547181775,177,"all","MLP#177","MLP",177
446,465,111,129,0.8072916666666666,0.800718132854578,0.8072916666666666,0.8072916666666666,0.7948717948717949,0.7914856646394439,0.5829596818754131,178,"all","DT#178","DT",178
478,500,76,97,0.8680555555555556,0.8628158844765343,0.8680555555555556,0.8680555555555556,0.8525149190110827,0.8496959165942659,0.6993820758206405,178,"all","RF#178","RF",178
470,431,145,105,0.8173913043478261,0.8041044776119403,0.8173913043478261,0.8173913043478261,0.7899159663865547,0.7827975673327541,0.5656210373769699,178,"all","NB#178","NB",178
450,494,82,125,0.8576388888888888,0.8458646616541353,0.8576388888888888,0.8576388888888888,0.8267782426778242,0.8201563857515204,0.6402891492050359,178,"all","MLP#178","MLP",178
423,446,130,152,0.7743055555555556,0.7649186256781193,0.7743055555555556,0.7743055555555556,0.7597955706984668,0.7549956559513467,0.5099746670330235,179,"all","DT#179","DT",179
453,519,57,122,0.9010416666666666,0.888235294117647,0.9010416666666666,0.9010416666666666,0.8529170090386196,0.8444830582102519,0.6889353574852604,179,"all","RF#179","RF",179
344,522,54,231,0.90625,0.864321608040201,0.90625,0.90625,0.7855530474040633,0.7523892267593397,0.5046457160201323,179,"all","NB#179","NB",179
465,492,84,110,0.8541666666666666,0.8469945355191257,0.8541666666666666,0.8541666666666666,0.8353140916808149,0.8314509122502172,0.6628883380084363,179,"all","MLP#179","MLP",179
436,445,131,139,0.7725694444444444,0.7689594356261023,0.7725694444444444,0.7725694444444444,0.7672413793103449,0.7654213727193745,0.5308367250812208,180,"all","DT#180","DT",180
467,504,72,108,0.875,0.8664192949907236,0.875,0.875,0.8484848484848485,0.843614248479583,0.6872112614816023,180,"all","RF#180","RF",180
502,357,219,73,0.8730434782608696,0.8302325581395349,0.8730434782608696,0.8730434782608696,0.7746913580246914,0.7463075586446568,0.4927265427608045,180,"all","NB#180","NB",180
450,482,94,125,0.8368055555555556,0.8272058823529411,0.8368055555555556,0.8368055555555556,0.8148774302620457,0.8097306689834927,0.6194432408521535,180,"all","MLP#180","MLP",180
447,449,127,128,0.7795138888888888,0.7787456445993032,0.7795138888888888,0.7795138888888888,0.7788378143972245,0.7784535186794093,0.5569060339765007,181,"all","DT#181","DT",181
482,506,70,93,0.8784722222222222,0.8731884057971014,0.8784722222222222,0.8784722222222222,0.8612765957446809,0.8583840139009556,0.7167579792172735,181,"all","RF#181","RF",181
488,399,177,87,0.8486956521739131,0.8209876543209876,0.8486956521739131,0.8486956521739131,0.7870967741935483,0.7706342311033884,0.54133043517638,181,"all","NB#181","NB",181
461,502,74,114,0.8715277777777778,0.8616822429906542,0.8715277777777778,0.8715277777777778,0.8422818791946309,0.8366637706342311,0.6733075668820582,181,"all","MLP#181","MLP",181
457,430,146,118,0.7947826086956522,0.7846715328467153,0.7947826086956522,0.7947826086956522,0.7758913412563667,0.7706342311033884,0.5412875059629122,182,"all","DT#182","DT",182
492,495,81,83,0.859375,0.8586387434554974,0.859375,0.859375,0.8578856152512999,0.8575152041702867,0.7150293328180339,182,"all","RF#182","RF",182
439,457,119,136,0.7934027777777778,0.7867383512544803,0.7934027777777778,0.7934027777777778,0.7818648417450813,0.7784535186794093,0.556895330949013,182,"all","NB#182","NB",182
476,479,97,99,0.8315972222222222,0.8307155322862129,0.8315972222222222,0.8315972222222222,0.830155979202773,0.8297132927888793,0.6594253001971625,182,"all","MLP#182","MLP",182
452,458,118,123,0.7951388888888888,0.7929824561403509,0.7951388888888888,0.7951388888888888,0.7917026793431288,0.790616854908775,0.5812302327161285,183,"all","DT#183","DT",183
476,496,80,99,0.8611111111111112,0.8561151079136691,0.8611111111111112,0.8611111111111112,0.8471391972672929,0.8444830582102519,0.6889569598161783,183,"all","RF#183","RF",183
467,449,127,108,0.8121739130434783,0.8061041292639138,0.8121739130434783,0.8121739130434783,0.7989734816082122,0.7958297132927888,0.5916708306977909,183,"all","NB#183","NB",183
459,494,82,116,0.8576388888888888,0.8484288354898336,0.8576388888888888,0.8576388888888888,0.8330522765598651,0.8279756733275413,0.6559334265345746,183,"all","MLP#183","MLP",183
442,434,142,133,0.768695652173913,0.7654320987654321,0.768695652173913,0.768695652173913,0.7627264883520276,0.7610773240660296,0.5221607798203225,184,"all","DT#184","DT",184
464,504,72,111,0.875,0.8656716417910447,0.875,0.875,0.8463476070528968,0.8410078192875761,0.6819966755289035,184,"all","RF#184","RF",184
465,418,158,110,0.808695652173913,0.7916666666666666,0.808695652173913,0.808695652173913,0.7762938230383973,0.7671589921807124,0.5343513755041904,184,"all","NB#184","NB",184
448,503,73,127,0.8732638888888888,0.8598848368522073,0.8732638888888888,0.8732638888888888,0.8341625207296849,0.8262380538662033,0.6524475123273938,184,"all","MLP#184","MLP",184
452,427,149,123,0.7860869565217391,0.7763636363636364,0.7860869565217391,0.7860869565217391,0.7687074829931974,0.7636837532580365,0.527385700440502,185,"all","DT#185","DT",185
488,497,79,87,0.8628472222222222,0.8606701940035273,0.8628472222222222,0.8628472222222222,0.856896551724138,0.8557775847089487,0.7115514680128986,185,"all","RF#185","RF",185
474,423,153,101,0.8243478260869566,0.8072519083969466,0.8243478260869566,0.8243478260869566,0.7886855241264559,0.7793223284100782,0.558678968438468,185,"all","NB#185","NB",185
472,480,96,103,0.8333333333333334,0.8309859154929577,0.8333333333333334,0.8333333333333334,0.828300258843831,0.8271068635968722,0.6542098119998248,185,"all","MLP#185","MLP",185
450,447,129,125,0.782608695652174,0.7814685314685315,0.782608695652174,0.782608695652174,0.779896013864818,0.7793223284100782,0.5586469888466857,186,"all","DT#186","DT",186
477,503,73,98,0.8732638888888888,0.8672727272727273,0.8732638888888888,0.8732638888888888,0.854715378079864,0.8514335360556038,0.7028556331383279,186,"all","RF#186","RF",186
338,521,55,237,0.9045138888888888,0.8600508905852418,0.9045138888888888,0.9045138888888888,0.7811094452773611,0.7463075586446568,0.49247528759411546,186,"all","NB#186","NB",186
489,480,96,86,0.8504347826086956,0.8480565371024735,0.8504347826086956,0.8504347826086956,0.8431034482758621,0.841876629018245,0.6837577935115714,186,"all","MLP#186","MLP",186
457,438,138,118,0.7947826086956522,0.7877697841726619,0.7947826086956522,0.7947826086956522,0.7811965811965813,0.7775847089487402,0.5551825126052956,187,"all","DT#187","DT",187
483,499,77,92,0.8663194444444444,0.8625,0.8663194444444444,0.8663194444444444,0.8551842330762639,0.8531711555169418,0.706335439359285,187,"all","RF#187","RF",187
523,297,279,52,0.9095652173913044,0.8510028653295129,0.9095652173913044,0.9095652173913044,0.7596223674655048,0.7124239791485665,0.42504455749614783,187,"all","NB#187","NB",187
482,462,114,93,0.8382608695652174,0.8324324324324325,0.8382608695652174,0.8382608695652174,0.8232280102476516,0.8201563857515204,0.6403239027748214,187,"all","MLP#187","MLP",187
441,446,130,134,0.7743055555555556,0.7723292469352014,0.7743055555555556,0.7743055555555556,0.7716262975778546,0.7706342311033884,0.5412653458052283,188,"all","DT#188","DT",188
449,509,67,126,0.8836805555555556,0.8701550387596899,0.8836805555555556,0.8836805555555556,0.8406275805119736,0.8323197219808862,0.6646093175569685,188,"all","RF#188","RF",188
411,485,91,164,0.8420138888888888,0.8187250996015937,0.8420138888888888,0.8420138888888888,0.7918367346938776,0.7784535186794093,0.5568578662805533,188,"all","NB#188","NB",188
447,486,90,128,0.84375,0.8324022346368715,0.84375,0.84375,0.8168067226890757,0.8105994787141616,0.6211769394983407,188,"all","MLP#188","MLP",188
450,466,110,125,0.8090277777777778,0.8035714285714286,0.8090277777777778,0.8090277777777778,0.7986289631533846,0.7958297132927888,0.591649871298414,189,"all","DT#189","DT",189
480,496,80,95,0.8611111111111112,0.8571428571428571,0.8611111111111112,0.8611111111111112,0.8500428449014567,0.8479582971329279,0.6959094786264787,189,"all","RF#189","RF",189
389,502,74,186,0.8715277777777778,0.8401727861771058,0.8715277777777778,0.8715277777777778,0.7943037974683543,0.7741094700260643,0.5481421979561762,189,"all","NB#189","NB",189
466,479,97,109,0.8315972222222222,0.827708703374778,0.8315972222222222,0.8315972222222222,0.8230240549828178,0.8210251954821894,0.6420436360562087,189,"all","MLP#189","MLP",189
447,454,122,128,0.7881944444444444,0.7855887521968365,0.7881944444444444,0.7881944444444444,0.7841105354058721,0.7827975673327541,0.5655908718979942,190,"all","DT#190","DT",190
464,491,85,111,0.8524305555555556,0.8451730418943534,0.8524305555555556,0.8524305555555556,0.833616298811545,0.8297132927888793,0.6594129600497605,190,"all","RF#190","RF",190
489,389,187,86,0.8504347826086956,0.8189473684210526,0.8504347826086956,0.8504347826086956,0.7817745803357314,0.7628149435273676,0.5257018479972106,190,"all","NB#190","NB",190
456,473,103,119,0.8211805555555556,0.815742397137746,0.8211805555555556,0.8211805555555556,0.809931506849315,0.8071242397914856,0.6142388705041184,190,"all","MLP#190","MLP",190
440,452,124,135,0.7847222222222222,0.7801418439716312,0.7847222222222222,0.7847222222222222,0.7773000859845228,0.7749782797567333,0.5499487461295403,191,"all","DT#191","DT",191
478,512,64,97,0.8888888888888888,0.8819188191881919,0.8888888888888888,0.8888888888888888,0.8641350210970464,0.8601216333622936,0.7202291176945711,191,"all","RF#191","RF",191
471,427,149,104,0.8191304347826087,0.8041431261770244,0.8191304347826087,0.8191304347826087,0.788284518828452,0.7801911381407471,0.5604118077727207,191,"all","NB#191","NB",191
463,496,80,112,0.8611111111111112,0.852670349907919,0.8611111111111112,0.8611111111111112,0.8378378378378377,0.8331885317115552,0.6663606937533214,191,"all","MLP#191","MLP",191
445,456,120,130,0.7916666666666666,0.7876106194690266,0.7916666666666666,0.7916666666666666,0.7848537005163511,0.7827975673327541,0.5655882486148643,192,"all","DT#192","DT",192
467,516,60,108,0.8958333333333334,0.8861480075901328,0.8958333333333334,0.8958333333333334,0.86,0.8540399652476107,0.7080585549677512,192,"all","RF#192","RF",192
416,500,76,159,0.8680555555555556,0.8455284552845529,0.8680555555555556,0.8680555555555556,0.8097165991902834,0.7958297132927888,0.5916079460439637,192,"all","NB#192","NB",192
468,488,88,107,0.8472222222222222,0.841726618705036,0.8472222222222222,0.8472222222222222,0.8334756618274979,0.8305821025195482,0.6611542299673452,192,"all","MLP#192","MLP",192
461,410,166,114,0.8017391304347826,0.7824427480916031,0.8017391304347826,0.8017391304347826,0.767054908485857,0.7567332754126846,0.5135043746565789,193,"all","DT#193","DT",193
484,498,78,91,0.8645833333333334,0.8612099644128114,0.8645833333333334,0.8645833333333334,0.8549356223175966,0.8531711555169418,0.7063363260450461,193,"all","RF#193","RF",193
397,498,78,178,0.8645833333333334,0.8357894736842105,0.8645833333333334,0.8645833333333334,0.7955271565495209,0.7775847089487402,0.5551019175600181,193,"all","NB#193","NB",193
463,500,76,112,0.8680555555555556,0.8589981447124304,0.8680555555555556,0.8680555555555556,0.8417508417508417,0.8366637706342311,0.6733095397696736,193,"all","MLP#193","MLP",193
440,438,138,135,0.7652173913043478,0.7643979057591623,0.7652173913043478,0.7652173913043478,0.7632263660017345,0.7628149435273676,0.5256316773927656,194,"all","DT#194","DT",194
464,498,78,111,0.8645833333333334,0.8560885608856088,0.8645833333333334,0.8645833333333334,0.8405063291139241,0.8357949609035621,0.6715733120762356,194,"all","RF#194","RF",194
539,196,380,36,0.9373913043478261,0.8448275862068966,0.9373913043478261,0.9373913043478261,0.7215528781793843,0.6385751520417029,0.2775249568460824,194,"all","NB#194","NB",194
459,476,100,116,0.8263888888888888,0.8211091234347049,0.8263888888888888,0.8263888888888888,0.815068493150685,0.8123370981754996,0.6246648469769802,194,"all","MLP#194","MLP",194
433,440,136,142,0.7638888888888888,0.7609841827768014,0.7638888888888888,0.7638888888888888,0.7599309153713298,0.7584708948740226,0.5169370495505697,195,"all","DT#195","DT",195
467,504,72,108,0.875,0.8664192949907236,0.875,0.875,0.8484848484848485,0.843614248479583,0.6872112614816023,195,"all","RF#195","RF",195
509,352,224,66,0.8852173913043478,0.8421052631578947,0.8852173913043478,0.8852173913043478,0.7782874617737003,0.7480451781059948,0.4962101431119993,195,"all","NB#195","NB",195
460,478,98,115,0.8298611111111112,0.8243727598566308,0.8298611111111112,0.8298611111111112,0.8177929854576561,0.8149435273675065,0.6298772764397638,195,"all","MLP#195","MLP",195
439,452,124,136,0.7847222222222222,0.7797513321492007,0.7847222222222222,0.7847222222222222,0.7766323024054983,0.7741094700260643,0.5482104144398752,196,"all","DT#196","DT",196
472,503,73,103,0.8732638888888888,0.8660550458715597,0.8732638888888888,0.8732638888888888,0.8510998307952623,0.8470894874022589,0.6941648927336684,196,"all","RF#196","RF",196
466,431,145,109,0.8104347826086956,0.7981481481481482,0.8104347826086956,0.8104347826086956,0.7858347386172007,0.7793223284100782,0.558668309089482,196,"all","NB#196","NB",196
452,493,83,123,0.8559027777777778,0.8448598130841122,0.8559027777777778,0.8559027777777778,0.8271812080536913,0.8210251954821894,0.6420285041367234,196,"all","MLP#196","MLP",196
446,452,124,129,0.7847222222222222,0.7824561403508772,0.7847222222222222,0.7847222222222222,0.7813310285220397,0.7801911381407471,0.5603786260463921,197,"all","DT#197","DT",197
462,507,69,113,0.8802083333333334,0.8700564971751412,0.8802083333333334,0.8802083333333334,0.8478260869565218,0.841876629018245,0.6837320111843178,197,"all","RF#197","RF",197
425,475,101,150,0.8246527777777778,0.8079847908745247,0.8246527777777778,0.8246527777777778,0.791007493755204,0.7819287576020851,0.5638249206236573,197,"all","NB#197","NB",197
468,483,93,107,0.8385416666666666,0.8342245989304813,0.8385416666666666,0.8385416666666666,0.8284734133790737,0.8262380538662033,0.6524685002400413,197,"all","MLP#197","MLP",197
430,451,125,145,0.7829861111111112,0.7747747747747747,0.7829861111111112,0.7829861111111112,0.7696245733788395,0.7654213727193745,0.5308282254899,198,"all","DT#198","DT",198
481,503,73,94,0.8732638888888888,0.868231046931408,0.8732638888888888,0.8732638888888888,0.8576300085251491,0.8549087749782798,0.709808130994491,198,"all","RF#198","RF",198
482,431,145,93,0.8382608695652174,0.8225190839694656,0.8382608695652174,0.8382608695652174,0.8019966722129784,0.7932232841007819,0.5864787184580921,198,"all","NB#198","NB",198
465,486,90,110,0.84375,0.8378378378378378,0.84375,0.84375,0.8293515358361775,0.8262380538662033,0.6524653522147408,198,"all","MLP#198","MLP",198
425,449,127,150,0.7795138888888888,0.769927536231884,0.7795138888888888,0.7795138888888888,0.7642553191489361,0.7593397046046916,0.5186623327802746,199,"all","DT#199","DT",199
474,499,77,101,0.8663194444444444,0.8602540834845736,0.8663194444444444,0.8663194444444444,0.8486394557823128,0.845351867940921,0.6906922956145756,199,"all","RF#199","RF",199
517,319,257,58,0.8991304347826087,0.8461538461538461,0.8991304347826087,0.8991304347826087,0.7664936990363233,0.7263249348392702,0.45281384366713495,199,"all","NB#199","NB",199
454,489,87,121,0.8489583333333334,0.8391866913123844,0.8489583333333334,0.8489583333333334,0.824620573355818,0.8192875760208514,0.6385563268646036,199,"all","MLP#199","MLP",199
439,441,135,136,0.765625,0.764808362369338,0.765625,0.765625,0.7649609713790113,0.7645525629887054,0.5291040596377712,200,"all","DT#200","DT",200
480,486,90,95,0.84375,0.8421052631578947,0.84375,0.84375,0.840103716508211,0.8392701998262381,0.6785377305082314,200,"all","RF#200","RF",200
497,363,213,78,0.8643478260869565,0.8231292517006803,0.8643478260869565,0.8643478260869565,0.7735408560311283,0.7471763683753258,0.4944553872625596,200,"all","NB#200","NB",200
476,462,114,99,0.8278260869565217,0.8235294117647058,0.8278260869565217,0.8278260869565217,0.817167381974249,0.8149435273675065,0.6298951563596838,200,"all","MLP#200","MLP",200
451,433,143,124,0.7843478260869565,0.77737881508079,0.7843478260869565,0.7843478260869565,0.7715996578272027,0.7680278019113814,0.5360685608353626,201,"all","DT#201","DT",201
466,507,69,109,0.8802083333333334,0.8710280373831776,0.8802083333333334,0.8802083333333334,0.8506711409395972,0.845351867940921,0.6906848239627998,201,"all","RF#201","RF",201
492,374,202,83,0.8556521739130435,0.8183807439824945,0.8556521739130435,0.8556521739130435,0.7754137115839244,0.7523892267593397,0.504867030228567,201,"all","NB#201","NB",201
457,488,88,118,0.8472222222222222,0.8385321100917431,0.8472222222222222,0.8472222222222222,0.8257191201353636,0.8210251954821894,0.6420339085405439,201,"all","MLP#201","MLP",201
428,435,141,147,0.7552083333333334,0.7521968365553603,0.7552083333333334,0.7552083333333334,0.7512953367875648,0.7497827975673328,0.49956068442648943,202,"all","DT#202","DT",202
467,513,63,108,0.890625,0.8811320754716981,0.890625,0.890625,0.8571428571428571,0.8514335360556038,0.7028466607785855,202,"all","RF#202","RF",202
449,465,111,126,0.8072916666666666,0.8017857142857143,0.8072916666666666,0.8072916666666666,0.7969151670951158,0.794092093831451,0.5881745510541454,202,"all","NB#202","NB",202
461,485,91,114,0.8420138888888888,0.8351449275362319,0.8420138888888888,0.8420138888888888,0.825531914893617,0.8218940052128584,0.6437753726352212,202,"all","MLP#202","MLP",202
443,431,145,132,0.7704347826086957,0.7655417406749556,0.7704347826086957,0.7704347826086957,0.7618228718830611,0.7593397046046916,0.5186884919227129,203,"all","DT#203","DT",203
471,497,79,104,0.8628472222222222,0.8563636363636363,0.8628472222222222,0.8628472222222222,0.8445199660152931,0.8410078192875761,0.6820033968673336,203,"all","RF#203","RF",203
477,414,162,98,0.8295652173913044,0.80859375,0.8295652173913044,0.8295652173913044,0.785831960461285,0.7741094700260643,0.5482622451937011,203,"all","NB#203","NB",203
447,470,106,128,0.8159722222222222,0.8083182640144665,0.8159722222222222,0.8159722222222222,0.8006814310051107,0.7966985230234579,0.5933832343465515,203,"all","MLP#203","MLP",203
453,438,138,122,0.7878260869565218,0.7821428571428571,0.7878260869565218,0.7878260869565218,0.7770154373927958,0.7741094700260643,0.5482295113644599,204,"all","DT#204","DT",204
487,502,74,88,0.8715277777777778,0.8680926916221033,0.8715277777777778,0.8715277777777778,0.8610634648370498,0.8592528236316247,0.7184994851944335,204,"all","RF#204","RF",204
513,308,268,62,0.8921739130434783,0.8324324324324325,0.8921739130434783,0.8921739130434783,0.756637168141593,0.7132927888792354,0.42676341596665274,204,"all","NB#204","NB",204
477,471,105,98,0.8295652173913044,0.827768014059754,0.8295652173913044,0.8295652173913044,0.8245462402765774,0.8236316246741964,0.6472667106476833,204,"all","MLP#204","MLP",204
468,433,143,107,0.8139130434782609,0.8018518518518518,0.8139130434782609,0.8139130434782609,0.7892074198988195,0.7827975673327541,0.5656184144581514,205,"all","DT#205","DT",205
487,509,67,88,0.8836805555555556,0.8790613718411552,0.8836805555555556,0.8836805555555556,0.8678601875532822,0.8653344917463076,0.7306602413421924,205,"all","RF#205","RF",205
485,409,167,90,0.8434782608695652,0.8196392785571143,0.8434782608695652,0.8434782608695652,0.7905460472697636,0.7767158992180713,0.5534833662149781,205,"all","NB#205","NB",205
487,491,85,88,0.8524305555555556,0.8513986013986014,0.8524305555555556,0.8524305555555556,0.8502164502164503,0.8496959165942659,0.6993902448229689,205,"all","MLP#205","MLP",205
438,430,146,137,0.7617391304347826,0.7583774250440917,0.7617391304347826,0.7617391304347826,0.7558239861949958,0.7541268462206777,0.5082600025060046,206,"all","DT#206","DT",206
480,504,72,95,0.875,0.8695652173913043,0.875,0.875,0.8578723404255318,0.8549087749782798,0.7098072547808876,206,"all","RF#206","RF",206
397,498,78,178,0.8645833333333334,0.8357894736842105,0.8645833333333334,0.8645833333333334,0.7955271565495209,0.7775847089487402,0.5551019175600181,206,"all","NB#206","NB",206
468,489,87,107,0.8489583333333334,0.8432432432432433,0.8489583333333334,0.8489583333333334,0.8344709897610922,0.8314509122502172,0.6628913916482985,206,"all","MLP#206","MLP",206
444,442,134,131,0.7721739130434783,0.7713787085514834,0.7721739130434783,0.7721739130434783,0.7701647875108412,0.7697654213727194,0.5395325806193513,207,"all","DT#207","DT",207
483,506,70,92,0.8784722222222222,0.8734177215189873,0.8784722222222222,0.8784722222222222,0.8620102214650767,0.8592528236316247,0.7184960853168433,207,"all","RF#207","RF",207
404,473,103,171,0.8211805555555556,0.796844181459566,0.8211805555555556,0.8211805555555556,0.7754098360655738,0.7619461337966985,0.5238430273639202,207,"all","NB#207","NB",207
468,502,74,107,0.8715277777777778,0.8634686346863468,0.8715277777777778,0.8715277777777778,0.8472573839662447,0.8427454387489139,0.6854749708243315,207,"all","MLP#207","MLP",207
465,428,148,110,0.808695652173913,0.7955390334572491,0.808695652173913,0.808695652173913,0.782828282828283,0.7758470894874022,0.5517195571510088,208,"all","DT#208","DT",208
486,506,70,89,0.8784722222222222,0.8741007194244604,0.8784722222222222,0.8784722222222222,0.8642186165670368,0.8618592528236316,0.7237103721272199,208,"all","RF#208","RF",208
553,134,442,22,0.9617391304347827,0.8589743589743589,0.9617391304347827,0.9617391304347827,0.7044585987261147,0.5968722849695917,0.19425485048731178,208,"all","NB#208","NB",208
462,483,93,113,0.8385416666666666,0.8324324324324325,0.8385416666666666,0.8385416666666666,0.8242320819112628,0.8210251954821894,0.6420393127811831,208,"all","MLP#208","MLP",208
448,437,139,127,0.7791304347826087,0.774822695035461,0.7791304347826087,0.7791304347826087,0.7710843373493976,0.7688966116420504,0.5378012475619403,209,"all","DT#209","DT",209
481,511,65,94,0.8871527777777778,0.8809523809523809,0.8871527777777778,0.8871527777777778,0.8653683319220999,0.8618592528236316,0.7237062009055348,209,"all","RF#209","RF",209
473,420,156,102,0.8226086956521739,0.8045977011494253,0.8226086956521739,0.8226086956521739,0.7857142857142858,0.7758470894874022,0.5517303842983814,209,"all","NB#209","NB",209
468,499,77,107,0.8663194444444444,0.8587155963302753,0.8663194444444444,0.8663194444444444,0.8443316412859562,0.840139009556907,0.6802632969488351,209,"all","MLP#209","MLP",209
453,446,130,122,0.7878260869565218,0.7852112676056338,0.7878260869565218,0.7878260869565218,0.7823834196891193,0.7810599478714162,0.5621248535645705,210,"all","DT#210","DT",210
476,507,69,99,0.8802083333333334,0.8733944954128441,0.8802083333333334,0.8802083333333334,0.8578680203045684,0.8540399652476107,0.7080664885185016,210,"all","RF#210","RF",210
301,548,28,274,0.9513888888888888,0.9148936170212766,0.9513888888888888,0.9513888888888888,0.7839771101573677,0.737619461337967,0.47504356992482105,210,"all","NB#210","NB",210
457,497,79,118,0.8628472222222222,0.8526119402985075,0.8628472222222222,0.8628472222222222,0.834592779177162,0.8288444830582102,0.6576685523453222,210,"all","MLP#210","MLP",210
441,455,121,134,0.7899305555555556,0.7846975088967971,0.7899305555555556,0.7899305555555556,0.7811158798283261,0.7784535186794093,0.5568980067543597,211,"all","DT#211","DT",211
458,501,75,117,0.8697916666666666,0.8592870544090057,0.8697916666666666,0.8697916666666666,0.8391959798994975,0.8331885317115552,0.6663556566086618,211,"all","RF#211","RF",211
448,447,129,127,0.7791304347826087,0.7787456445993032,0.7791304347826087,0.7791304347826087,0.7777777777777779,0.7775847089487402,0.5551704252100688,211,"all","NB#211","NB",211
445,492,84,130,0.8541666666666666,0.8412098298676749,0.8541666666666666,0.8541666666666666,0.8213689482470785,0.8140747176368376,0.6281233298206097,211,"all","MLP#211","MLP",211
438,451,125,137,0.7829861111111112,0.7779751332149201,0.7829861111111112,0.7829861111111112,0.7749140893470791,0.7723718505647263,0.5447351099355664,212,"all","DT#212","DT",212
467,505,71,108,0.8767361111111112,0.8680297397769516,0.8767361111111112,0.8767361111111112,0.8494533221194283,0.8444830582102519,0.6889485070875033,212,"all","RF#212","RF",212
385,496,80,190,0.8611111111111112,0.8279569892473119,0.8611111111111112,0.8611111111111112,0.7860538827258321,0.7654213727193745,0.5307644687372602,212,"all","NB#212","NB",212
450,484,92,125,0.8402777777777778,0.8302583025830258,0.8402777777777778,0.8402777777777778,0.8168776371308017,0.8114682884448305,0.6229175064579002,212,"all","MLP#212","MLP",212
436,447,129,139,0.7760416666666666,0.7716814159292036,0.7760416666666666,0.7760416666666666,0.7693631669535285,0.7671589921807124,0.5343106025151345,213,"all","DT#213","DT",213
470,507,69,105,0.8802083333333334,0.8719851576994434,0.8802083333333334,0.8802083333333334,0.8535353535353536,0.8488271068635969,0.6976375527655488,213,"all","RF#213","RF",213
533,177,399,42,0.9269565217391305,0.8082191780821918,0.9269565217391305,0.9269565217391305,0.7073656270736564,0.6168549087749783,0.23412200851895948,213,"all","NB#213","NB",213
461,492,84,114,0.8541666666666666,0.8458715596330275,0.8541666666666666,0.8541666666666666,0.83248730964467,0.8279756733275413,0.6559355043253771,213,"all","MLP#213","MLP",213
441,431,145,134,0.7669565217391304,0.7628318584070797,0.7669565217391304,0.7669565217391304,0.7596899224806202,0.7576020851433536,0.5152118548755983,214,"all","DT#214","DT",214
468,511,65,107,0.8871527777777778,0.8780487804878049,0.8871527777777778,0.8871527777777778,0.8559463986599666,0.8505647263249348,0.7011102757119262,214,"all","RF#214","RF",214
426,490,86,149,0.8506944444444444,0.83203125,0.8506944444444444,0.8506944444444444,0.8065843621399177,0.7958297132927888,0.5916202778947875,214,"all","NB#214","NB",214
455,492,84,120,0.8541666666666666,0.8441558441558441,0.8541666666666666,0.8541666666666666,0.8282828282828283,0.8227628149435273,0.6455060963458158,214,"all","MLP#214","MLP",214
450,454,122,125,0.7881944444444444,0.7867132867132867,0.7881944444444444,0.7881944444444444,0.7861471861471861,0.7854039965247611,0.5708057252674757,215,"all","DT#215","DT",215
479,500,76,96,0.8680555555555556,0.863063063063063,0.8680555555555556,0.8680555555555556,0.8532423208191127,0.8505647263249348,0.701120202904677,215,"all","RF#215","RF",215
504,319,257,71,0.8765217391304347,0.8179487179487179,0.8765217391304347,0.8765217391304347,0.7544910179640719,0.7150304083405734,0.43022037893948856,215,"all","NB#215","NB",215
454,484,92,121,0.8402777777777778,0.8315018315018315,0.8402777777777778,0.8402777777777778,0.8196443691786621,0.8149435273675065,0.6298705710243958,215,"all","MLP#215","MLP",215
424,453,123,151,0.7864583333333334,0.7751371115173674,0.7864583333333334,0.7864583333333334,0.7677966101694914,0.7619461337966985,0.5238717820197714,216,"all","DT#216","DT",216
470,501,75,105,0.8697916666666666,0.8623853211009175,0.8697916666666666,0.8697916666666666,0.8477157360406091,0.843614248479583,0.6872140948412518,216,"all","RF#216","RF",216
509,357,219,66,0.8852173913043478,0.8439716312056738,0.8852173913043478,0.8852173913043478,0.7812739831158864,0.7523892267593397,0.5048924387935758,216,"all","NB#216","NB",216
470,477,99,105,0.828125,0.8260105448154658,0.828125,0.828125,0.8238341968911918,0.8227628149435273,0.6455221514687632,216,"all","MLP#216","MLP",216
448,447,129,127,0.7791304347826087,0.7787456445993032,0.7791304347826087,0.7791304347826087,0.7777777777777779,0.7775847089487402,0.5551704252100688,217,"all","DT#217","DT",217
464,507,69,111,0.8802083333333334,0.8705440900562852,0.8802083333333334,0.8802083333333334,0.8492462311557789,0.843614248479583,0.6872084280706205,217,"all","RF#217","RF",217
488,357,219,87,0.8486956521739131,0.8040540540540541,0.8486956521739131,0.8486956521739131,0.7613104524180967,0.7341442224152911,0.4683939794606149,217,"all","NB#217","NB",217
422,506,70,153,0.8784722222222222,0.8577235772357723,0.8784722222222222,0.8784722222222222,0.8194331983805667,0.8062554300608167,0.6124620083736337,217,"all","MLP#217","MLP",217
447,434,142,128,0.7773913043478261,0.7722419928825622,0.7773913043478261,0.7773913043478261,0.768041237113402,0.7654213727193745,0.530852306865495,218,"all","DT#218","DT",218
482,501,75,93,0.8697916666666666,0.8653500897666068,0.8697916666666666,0.8697916666666666,0.8564102564102565,0.8540399652476107,0.7080717773127891,218,"all","RF#218","RF",218
484,422,154,91,0.8417391304347827,0.8226120857699805,0.8417391304347827,0.8417391304347827,0.7980214344600164,0.787141615986099,0.5743233961745787,218,"all","NB#218","NB",218
465,476,100,110,0.8263888888888888,0.8230088495575221,0.8263888888888888,0.8263888888888888,0.8192771084337349,0.8175499565595135,0.6350941288364861,218,"all","MLP#218","MLP",218
434,464,112,141,0.8055555555555556,0.7948717948717948,0.8055555555555556,0.8055555555555556,0.785774767146486,0.7801911381407471,0.5603626970383667,219,"all","DT#219","DT",219
464,512,64,111,0.8888888888888888,0.8787878787878788,0.8888888888888888,0.8888888888888888,0.8540450375312759,0.8479582971329279,0.6958947872207116,219,"all","RF#219","RF",219
182,561,15,393,0.9739583333333334,0.9238578680203046,0.9739583333333334,0.9739583333333334,0.7333333333333333,0.6455256298870548,0.29064593019567325,219,"all","NB#219","NB",219
451,485,91,124,0.8420138888888888,0.8321033210332104,0.8420138888888888,0.8420138888888888,0.8185654008438819,0.8132059079061685,0.6263929211449242,219,"all","MLP#219","MLP",219
456,443,133,119,0.7930434782608695,0.7882562277580071,0.7930434782608695,0.7930434782608695,0.7835051546391752,0.7810599478714162,0.5621288197411287,220,"all","DT#220","DT",220
472,509,67,103,0.8836805555555556,0.87569573283859,0.8836805555555556,0.8836805555555556,0.8569023569023569,0.8523023457862728,0.7045884136215134,220,"all","RF#220","RF",220
446,459,117,129,0.796875,0.7921847246891652,0.796875,0.796875,0.788659793814433,0.7862728062554301,0.5725375459700356,220,"all","NB#220","NB",220
469,492,84,106,0.8541666666666666,0.8481012658227848,0.8541666666666666,0.8541666666666666,0.838160136286201,0.8349261511728931,0.6698410877172853,220,"all","MLP#220","MLP",220
467,448,128,108,0.8121739130434783,0.8057553956834532,0.8121739130434783,0.8121739130434783,0.7982905982905983,0.7949609035621199,0.589933878808007,221,"all","DT#221","DT",221
484,512,64,91,0.8888888888888888,0.8832116788321168,0.8888888888888888,0.8888888888888888,0.8685326547921968,0.8653344917463076,0.7306578015710182,221,"all","RF#221","RF",221
512,351,225,63,0.8904347826086957,0.8478260869565217,0.8904347826086957,0.8904347826086957,0.7804878048780489,0.7497827975673328,0.4996875764079438,221,"all","NB#221","NB",221
462,483,93,113,0.8385416666666666,0.8324324324324325,0.8385416666666666,0.8385416666666666,0.8242320819112628,0.8210251954821894,0.6420393127811831,221,"all","MLP#221","MLP",221
462,444,132,113,0.8034782608695652,0.7971274685816876,0.8034782608695652,0.8034782608695652,0.7904191616766467,0.787141615986099,0.574295121365782,222,"all","DT#222","DT",222
485,512,64,90,0.8888888888888888,0.8834244080145719,0.8888888888888888,0.8888888888888888,0.8692699490662139,0.8662033014769766,0.7323958971819546,222,"all","RF#222","RF",222
451,461,115,124,0.8003472222222222,0.7968197879858657,0.8003472222222222,0.8003472222222222,0.7941429801894918,0.792354474370113,0.5847029926433179,222,"all","NB#222","NB",222
469,493,83,106,0.8559027777777778,0.8496376811594203,0.8559027777777778,0.8559027777777778,0.8391489361702127,0.8357949609035621,0.6715782703807649,222,"all","MLP#222","MLP",222
436,445,131,139,0.7725694444444444,0.7689594356261023,0.7725694444444444,0.7725694444444444,0.7672413793103449,0.7654213727193745,0.5308367250812208,223,"all","DT#223","DT",223
472,504,72,103,0.875,0.8676470588235294,0.875,0.875,0.8520710059171598,0.8479582971329279,0.6959021331010359,223,"all","RF#223","RF",223
501,368,208,74,0.871304347826087,0.832579185520362,0.871304347826087,0.871304347826087,0.780373831775701,0.7549956559513467,0.5100900482088467,223,"all","NB#223","NB",223
448,489,87,127,0.8489583333333334,0.8373831775700935,0.8489583333333334,0.8489583333333334,0.8204697986577182,0.8140747176368376,0.6281266984721301,223,"all","MLP#223","MLP",223
415,446,130,160,0.7743055555555556,0.7614678899082569,0.7743055555555556,0.7743055555555556,0.754653130287648,0.7480451781059948,0.4960671527997947,224,"all","DT#224","DT",224
467,500,76,108,0.8680555555555556,0.860036832412523,0.8680555555555556,0.8680555555555556,0.8445945945945945,0.840139009556907,0.6802623315135996,224,"all","RF#224","RF",224
465,414,162,110,0.808695652173913,0.7900763358778626,0.808695652173913,0.808695652173913,0.7737104825291181,0.7636837532580365,0.527404249666391,224,"all","NB#224","NB",224
459,486,90,116,0.84375,0.8360655737704918,0.84375,0.84375,0.8251273344651954,0.8210251954821894,0.6420360702563809,224,"all","MLP#224","MLP",224
450,431,145,125,0.782608695652174,0.7751798561151079,0.782608695652174,0.782608695652174,0.7692307692307693,0.7654213727193745,0.5308565562633979,225,"all","DT#225","DT",225
481,493,83,94,0.8559027777777778,0.8528368794326241,0.8559027777777778,0.8559027777777778,0.8478073946689596,0.8462206776715899,0.6924360156947051,225,"all","RF#225","RF",225
456,453,123,119,0.7930434782608695,0.791958041958042,0.7930434782608695,0.7930434782608695,0.7902946273830156,0.789748045178106,0.5794983122082596,225,"all","NB#225","NB",225
470,455,121,105,0.8173913043478261,0.8125,0.8173913043478261,0.8173913043478261,0.8061749571183534,0.8036490008688097,0.6073071906475689,225,"all","MLP#225","MLP",225
468,440,136,107,0.8139130434782609,0.8043875685557587,0.8139130434782609,0.8139130434782609,0.7938931297709924,0.788879235447437,0.5777766371943257,226,"all","DT#226","DT",226
485,512,64,90,0.8888888888888888,0.8834244080145719,0.8888888888888888,0.8888888888888888,0.8692699490662139,0.8662033014769766,0.7323958971819546,226,"all","RF#226","RF",226
535,190,386,40,0.9304347826086956,0.8260869565217391,0.9304347826086956,0.9304347826086956,0.71524064171123,0.629887054735013,0.2601600009656791,226,"all","NB#226","NB",226
459,483,93,116,0.8385416666666666,0.8315217391304348,0.8385416666666666,0.8385416666666666,0.8221276595744681,0.8184187662901824,0.6368246481988352,226,"all","MLP#226","MLP",226
456,442,134,119,0.7930434782608695,0.7878787878787878,0.7930434782608695,0.7930434782608695,0.7828326180257511,0.7801911381407471,0.5603918993380281,227,"all","DT#227","DT",227
477,508,68,98,0.8819444444444444,0.8752293577981651,0.8819444444444444,0.8819444444444444,0.8595600676818952,0.8557775847089487,0.71154188746471,227,"all","RF#227","RF",227
506,409,167,69,0.88,0.8556485355648535,0.88,0.88,0.810897435897436,0.7949609035621199,0.5899821584367047,227,"all","NB#227","NB",227
463,486,90,112,0.84375,0.8372513562386981,0.84375,0.84375,0.82793867120954,0.8245004344048653,0.6489889458889033,227,"all","MLP#227","MLP",227
432,432,144,143,0.7513043478260869,0.7513043478260869,0.7513043478260869,0.7513043478260869,0.7506516072980018,0.7506516072980017,0.5013035910271875,228,"all","DT#228","DT",228
450,515,61,125,0.8940972222222222,0.8806262230919765,0.8940972222222222,0.8940972222222222,0.8470394736842104,0.838401390095569,0.6767713064064159,228,"all","RF#228","RF",228
486,363,213,89,0.8452173913043478,0.8030973451327433,0.8452173913043478,0.8452173913043478,0.7629513343799058,0.737619461337967,0.47533674251800684,228,"all","NB#228","NB",228
445,492,84,130,0.8541666666666666,0.8412098298676749,0.8541666666666666,0.8541666666666666,0.8213689482470785,0.8140747176368376,0.6281233298206097,228,"all","MLP#228","MLP",228
431,440,136,144,0.7638888888888888,0.7601410934744268,0.7638888888888888,0.7638888888888888,0.7586206896551725,0.7567332754126846,0.5134603074916364,229,"all","DT#229","DT",229
476,505,71,99,0.8767361111111112,0.870201096892139,0.8767361111111112,0.8767361111111112,0.8559322033898306,0.8523023457862728,0.7045919815451137,229,"all","RF#229","RF",229
511,356,220,64,0.888695652173913,0.8476190476190476,0.888695652173913,0.888695652173913,0.782542113323124,0.7532580364900087,0.5066318922475986,229,"all","NB#229","NB",229
444,488,88,131,0.8472222222222222,0.8345864661654135,0.8472222222222222,0.8472222222222222,0.8167364016736401,0.8097306689834927,0.6194363462604004,229,"all","MLP#229","MLP",229
443,442,134,132,0.7704347826086957,0.7700348432055749,0.7704347826086957,0.7704347826086957,0.7690972222222222,0.7688966116420504,0.537794269944837,230,"all","DT#230","DT",230
482,506,70,93,0.8784722222222222,0.8731884057971014,0.8784722222222222,0.8784722222222222,0.8612765957446809,0.8583840139009556,0.7167579792172735,230,"all","RF#230","RF",230
519,344,232,56,0.9026086956521739,0.86,0.9026086956521739,0.9026086956521739,0.7828054298642535,0.7497827975673328,0.4996981478351163,230,"all","NB#230","NB",230
472,494,82,103,0.8576388888888888,0.851985559566787,0.8576388888888888,0.8576388888888888,0.8422847399829496,0.8392701998262381,0.6785299654729392,230,"all","MLP#230","MLP",230
466,434,142,109,0.8104347826086956,0.7992633517495396,0.8104347826086956,0.8104347826086956,0.7878275570583263,0.7819287576020851,0.5638789130372429,231,"all","DT#231","DT",231
478,508,68,97,0.8819444444444444,0.8754578754578755,0.8819444444444444,0.8819444444444444,0.8602878916172735,0.8566463944396178,0.7132800198076306,231,"all","RF#231","RF",231
503,362,214,72,0.8747826086956522,0.8341013824884793,0.8747826086956522,0.8747826086956522,0.7786377708978328,0.7515204170286707,0.5031469703052786,231,"all","NB#231","NB",231
474,489,87,101,0.8489583333333334,0.8449197860962567,0.8489583333333334,0.8489583333333334,0.8387650085763294,0.8366637706342311,0.6733203902256389,231,"all","MLP#231","MLP",231
438,439,137,137,0.7621527777777778,0.7621527777777778,0.7621527777777778,0.7621527777777778,0.7621527777777778,0.7619461337966985,0.5238919082125603,232,"all","DT#232","DT",232
455,505,71,120,0.8767361111111112,0.8650190114068441,0.8767361111111112,0.8767361111111112,0.8409658617818485,0.8340573414422241,0.6680898798371256,232,"all","RF#232","RF",232
444,446,130,131,0.7743055555555556,0.7735191637630662,0.7743055555555556,0.7743055555555556,0.7736339982653947,0.7732406602953953,0.546480293599477,232,"all","NB#232","NB",232
444,494,82,131,0.8576388888888888,0.844106463878327,0.8576388888888888,0.8576388888888888,0.8226477935054121,0.8149435273675065,0.6298593947921873,232,"all","MLP#232","MLP",232
452,429,147,123,0.7860869565217391,0.7771739130434783,0.7860869565217391,0.7860869565217391,0.7700170357751278,0.7654213727193745,0.530859389152567,233,"all","DT#233","DT",233
476,485,91,99,0.8420138888888888,0.8395061728395061,0.8420138888888888,0.8420138888888888,0.8362068965517241,0.8349261511728931,0.6698480657978961,233,"all","RF#233","RF",233
412,468,108,163,0.8125,0.7923076923076923,0.8125,0.8125,0.7754763877381938,0.7645525629887054,0.529065668194068,233,"all","NB#233","NB",233
453,473,103,122,0.8211805555555556,0.814748201438849,0.8211805555555556,0.8211805555555556,0.8078565328778821,0.8045178105994787,0.6090241115007828,233,"all","MLP#233","MLP",233
451,437,139,124,0.7843478260869565,0.7789661319073083,0.7843478260869565,0.7843478260869565,0.7742489270386266,0.7715030408340573,0.5430160850826142,234,"all","DT#234","DT",234
475,483,93,100,0.8385416666666666,0.8362676056338029,0.8385416666666666,0.8385416666666666,0.8334771354616048,0.8323197219808862,0.6646356468139005,234,"all","RF#234","RF",234
347,512,64,228,0.8888888888888888,0.8442822384428224,0.8888888888888888,0.8888888888888888,0.7781155015197568,0.7463075586446568,0.49248908244190887,234,"all","NB#234","NB",234
455,492,84,120,0.8541666666666666,0.8441558441558441,0.8541666666666666,0.8541666666666666,0.8282828282828283,0.8227628149435273,0.6455060963458158,234,"all","MLP#234","MLP",234
452,429,147,123,0.7860869565217391,0.7771739130434783,0.7860869565217391,0.7860869565217391,0.7700170357751278,0.7654213727193745,0.530859389152567,235,"all","DT#235","DT",235
476,504,72,99,0.875,0.8686131386861314,0.875,0.875,0.8549618320610687,0.8514335360556038,0.7028547359267361,235,"all","RF#235","RF",235
509,353,223,66,0.8852173913043478,0.8424821002386634,0.8852173913043478,0.8852173913043478,0.7788829380260138,0.7489139878366637,0.497946591764935,235,"all","NB#235","NB",235
459,495,81,116,0.859375,0.85,0.859375,0.859375,0.8340353833192923,0.8288444830582102,0.6576706196734428,235,"all","MLP#235","MLP",235
470,434,142,105,0.8173913043478261,0.8051948051948052,0.8173913043478261,0.8173913043478261,0.7919123841617524,0.7854039965247611,0.5708316413485358,236,"all","DT#236","DT",236
483,511,65,92,0.8871527777777778,0.8813868613138686,0.8871527777777778,0.8871527777777778,0.8668363019508057,0.8635968722849696,0.7271824183654829,236,"all","RF#236","RF",236
524,296,280,51,0.9113043478260869,0.8530259365994236,0.9113043478260869,0.9113043478260869,0.7599709934735316,0.7124239791485665,0.42504629287278395,236,"all","NB#236","NB",236
464,476,100,111,0.8263888888888888,0.8226950354609929,0.8263888888888888,0.8263888888888888,0.8185726569217541,0.8166811468288445,0.6333559283140271,236,"all","MLP#236","MLP",236
449,439,137,126,0.7808695652173913,0.7769911504424779,0.7808695652173913,0.7808695652173913,0.7734711455641687,0.7715030408340573,0.5430133255637359,237,"all","DT#237","DT",237
474,502,74,101,0.8715277777777778,0.864963503649635,0.8715277777777778,0.8715277777777778,0.8515691263782867,0.8479582971329279,0.6959039695156657,237,"all","RF#237","RF",237
327,532,44,248,0.9236111111111112,0.8814016172506739,0.9236111111111112,0.9236111111111112,0.7846607669616519,0.7463075586446568,0.49245842620613833,237,"all","NB#237","NB",237
457,475,101,118,0.8246527777777778,0.8189964157706093,0.8246527777777778,0.8246527777777778,0.8126603934987169,0.8097306689834927,0.6194512842267994,237,"all","MLP#237","MLP",237
450,434,142,125,0.782608695652174,0.776386404293381,0.782608695652174,0.782608695652174,0.7712082262210797,0.7680278019113814,0.5360671601121348,238,"all","DT#238","DT",238
477,502,74,98,0.8715277777777778,0.8656987295825771,0.8715277777777778,0.8715277777777778,0.8537414965986394,0.8505647263249348,0.7011183980095897,238,"all","RF#238","RF",238
473,413,163,102,0.8226086956521739,0.8019417475728156,0.8226086956521739,0.8226086956521739,0.7811725846407926,0.7697654213727194,0.5395728956119682,238,"all","NB#238","NB",238
461,495,81,114,0.859375,0.8505535055350554,0.859375,0.859375,0.8354430379746836,0.8305821025195482,0.6611470680151639,238,"all","MLP#238","MLP",238
429,455,121,146,0.7899305555555556,0.78,0.7899305555555556,0.7899305555555556,0.7731520815632965,0.7680278019113814,0.5360377429703718,239,"all","DT#239","DT",239
471,509,67,104,0.8836805555555556,0.8754646840148699,0.8836805555555556,0.8836805555555556,0.8561816652649286,0.8514335360556038,0.7028502497875032,239,"all","RF#239","RF",239
453,428,148,122,0.7878260869565218,0.7781818181818182,0.7878260869565218,0.7878260869565218,0.7704081632653063,0.7654213727193745,0.5308608055843219,239,"all","NB#239","NB",239
447,488,88,128,0.8472222222222222,0.8355140186915888,0.8472222222222222,0.8472222222222222,0.8187919463087249,0.8123370981754996,0.6246512470559817,239,"all","MLP#239","MLP",239
451,429,147,124,0.7843478260869565,0.7757685352622061,0.7843478260869565,0.7843478260869565,0.7689684569479966,0.7645525629887054,0.5291211204924949,240,"all","DT#240","DT",240
477,505,71,98,0.8767361111111112,0.8704379562043796,0.8767361111111112,0.8767361111111112,0.8566581849024596,0.8531711555169418,0.7063301191322714,240,"all","RF#240","RF",240
422,486,90,153,0.84375,0.82421875,0.84375,0.84375,0.8,0.788879235447437,0.5777179894826953,240,"all","NB#240","NB",240
463,482,94,112,0.8368055555555556,0.8312387791741472,0.8368055555555556,0.8368055555555556,0.8239316239316239,0.8210251954821894,0.6420403936097298,240,"all","MLP#240","MLP",240
453,434,142,122,0.7878260869565218,0.7805755395683454,0.7878260869565218,0.7878260869565218,0.7743589743589744,0.7706342311033884,0.5412819661242112,241,"all","DT#241","DT",241
481,503,73,94,0.8732638888888888,0.868231046931408,0.8732638888888888,0.8732638888888888,0.8576300085251491,0.8549087749782798,0.709808130994491,241,"all","RF#241","RF",241
470,434,142,105,0.8173913043478261,0.8051948051948052,0.8173913043478261,0.8173913043478261,0.7919123841617524,0.7854039965247611,0.5708316413485358,241,"all","NB#241","NB",241
470,475,101,105,0.8246527777777778,0.8231173380035026,0.8246527777777778,0.8246527777777778,0.8217993079584774,0.8210251954821894,0.642047959226807,241,"all","MLP#241","MLP",241
461,446,130,114,0.8017391304347826,0.7964285714285714,0.8017391304347826,0.8017391304347826,0.79073756432247,0.788010425716768,0.57603077220357,242,"all","DT#242","DT",242
484,500,76,91,0.8680555555555556,0.8642857142857143,0.8680555555555556,0.8680555555555556,0.856898029134533,0.8549087749782798,0.7098107596035539,242,"all","RF#242","RF",242
476,416,160,99,0.8278260869565217,0.8077669902912621,0.8278260869565217,0.8278260869565217,0.7861271676300579,0.7749782797567333,0.5499976602396217,242,"all","NB#242","NB",242
474,478,98,101,0.8298611111111112,0.8286713286713286,0.8298611111111112,0.8298611111111112,0.8277056277056276,0.8271068635968722,0.6542119001142819,242,"all","MLP#242","MLP",242
461,457,119,114,0.8017391304347826,0.8003502626970228,0.8017391304347826,0.8017391304347826,0.7982683982683983,0.7975673327541268,0.5951374159313411,243,"all","DT#243","DT",243
484,509,67,91,0.8836805555555556,0.8784029038112523,0.8836805555555556,0.8836805555555556,0.8656462585034015,0.8627280625543006,0.7254459702646231,243,"all","RF#243","RF",243
494,396,180,81,0.8591304347826086,0.8301886792452831,0.8591304347826086,0.8591304347826086,0.7910328262610087,0.7732406602953953,0.5465487495075464,243,"all","NB#243","NB",243
469,478,98,106,0.8298611111111112,0.8271604938271605,0.8298611111111112,0.8298611111111112,0.8241379310344829,0.8227628149435273,0.6455210811724779,243,"all","MLP#243","MLP",243
468,440,136,107,0.8139130434782609,0.8043875685557587,0.8139130434782609,0.8139130434782609,0.7938931297709924,0.788879235447437,0.5777766371943257,244,"all","DT#244","DT",244
483,490,86,92,0.8506944444444444,0.8488576449912126,0.8506944444444444,0.8506944444444444,0.846286701208981,0.845351867940921,0.690700700791372,244,"all","RF#244","RF",244
368,510,66,207,0.8854166666666666,0.847926267281106,0.8854166666666666,0.8854166666666666,0.7888631090487239,0.7628149435273676,0.5255285318885814,244,"all","NB#244","NB",244
461,477,99,114,0.828125,0.8232142857142857,0.828125,0.828125,0.8174807197943444,0.8149435273675065,0.629878393985371,244,"all","MLP#244","MLP",244
446,430,146,129,0.7756521739130435,0.7692307692307693,0.7756521739130435,0.7756521739130435,0.7643530419880034,0.7610773240660296,0.5221665506772925,245,"all","DT#245","DT",245
479,510,66,96,0.8854166666666666,0.8788990825688073,0.8854166666666666,0.8854166666666666,0.8629441624365483,0.8592528236316247,0.7184926853571267,245,"all","RF#245","RF",245
523,306,270,52,0.9095652173913044,0.8547486033519553,0.9095652173913044,0.9095652173913044,0.7646198830409356,0.7202432667245873,0.4406701900642601,245,"all","NB#245","NB",245
451,491,85,124,0.8524305555555556,0.8414179104477612,0.8524305555555556,0.8524305555555556,0.8245172124265323,0.8184187662901824,0.6368158753308241,245,"all","MLP#245","MLP",245
427,460,116,148,0.7986111111111112,0.7863720073664825,0.7986111111111112,0.7986111111111112,0.777027027027027,0.7706342311033884,0.5412459539108169,246,"all","DT#246","DT",246
467,506,70,108,0.8784722222222222,0.8696461824953445,0.8784722222222222,0.8784722222222222,0.850420168067227,0.845351867940921,0.6906857579390123,246,"all","RF#246","RF",246
536,161,415,39,0.9321739130434783,0.805,0.9321739130434783,0.9321739130434783,0.7024901703800787,0.6055603822762815,0.21156770915060294,246,"all","NB#246","NB",246
458,494,82,117,0.8576388888888888,0.8481481481481481,0.8576388888888888,0.8576388888888888,0.8323504633529907,0.8271068635968722,0.6541951944924624,246,"all","MLP#246","MLP",246
453,426,150,122,0.7878260869565218,0.7773722627737226,0.7878260869565218,0.7878260869565218,0.7691001697792869,0.7636837532580365,0.5273871273557278,247,"all","DT#247","DT",247
486,497,79,89,0.8628472222222222,0.8601769911504424,0.8628472222222222,0.8628472222222222,0.8554216867469879,0.8540399652476107,0.7080753030691888,247,"all","RF#247","RF",247
487,430,146,88,0.8469565217391304,0.8301158301158301,0.8469565217391304,0.8469565217391304,0.8062913907284769,0.7966985230234579,0.5934323383520164,247,"all","NB#247","NB",247
472,488,88,103,0.8472222222222222,0.8428571428571429,0.8472222222222222,0.8472222222222222,0.8363324764353042,0.8340573414422241,0.6681069166723279,247,"all","MLP#247","MLP",247
445,428,148,130,0.7739130434782608,0.7670250896057348,0.7739130434782608,0.7739130434782608,0.7619863013698631,0.7584708948740226,0.5169545513557905,248,"all","DT#248","DT",248
469,509,67,106,0.8836805555555556,0.875,0.8836805555555556,0.8836805555555556,0.8547439126784215,0.8496959165942659,0.6993739063743186,248,"all","RF#248","RF",248
375,496,80,200,0.8611111111111112,0.8241758241758241,0.8611111111111112,0.8611111111111112,0.779874213836478,0.7567332754126846,0.5133780274204265,248,"all","NB#248","NB",248
456,491,85,119,0.8524305555555556,0.8428835489833642,0.8524305555555556,0.8524305555555556,0.8279932546374368,0.8227628149435273,0.6455071667325919,248,"all","MLP#248","MLP",248
433,440,136,142,0.7638888888888888,0.7609841827768014,0.7638888888888888,0.7638888888888888,0.7599309153713298,0.7584708948740226,0.5169370495505697,249,"all","DT#249","DT",249
478,506,70,97,0.8784722222222222,0.8722627737226277,0.8784722222222222,0.8784722222222222,0.8583545377438506,0.8549087749782798,0.7098055023378067,249,"all","RF#249","RF",249
421,480,96,154,0.8333333333333334,0.8143133462282398,0.8333333333333334,0.8333333333333334,0.7933884297520661,0.7827975673327541,0.5655567667458804,249,"all","NB#249","NB",249
447,511,65,128,0.8871527777777778,0.873046875,0.8871527777777778,0.8871527777777778,0.8411522633744856,0.8323197219808862,0.6646072920582725,249,"all","MLP#249","MLP",249
440,442,134,135,0.7673611111111112,0.7665505226480837,0.7673611111111112,0.7673611111111112,0.766695576756288,0.7662901824500434,0.5325793064301124,250,"all","DT#250","DT",250
463,516,60,112,0.8958333333333334,0.8852772466539197,0.8958333333333334,0.8958333333333334,0.8571428571428571,0.8505647263249348,0.7011057631335793,250,"all","RF#250","RF",250
466,423,153,109,0.8104347826086956,0.7951127819548872,0.8104347826086956,0.8104347826086956,0.780569514237856,0.7723718505647263,0.5447735959567904,250,"all","NB#250","NB",250
447,488,88,128,0.8472222222222222,0.8355140186915888,0.8472222222222222,0.8472222222222222,0.8187919463087249,0.8123370981754996,0.6246512470559817,250,"all","MLP#250","MLP",250
456,426,150,119,0.7930434782608695,0.781651376146789,0.7930434782608695,0.7930434782608695,0.7722269263336157,0.7662901824500434,0.5326018860832298,251,"all","DT#251","DT",251
467,507,69,108,0.8802083333333334,0.871268656716418,0.8802083333333334,0.8802083333333334,0.8513853904282115,0.8462206776715899,0.6924230140361525,251,"all","RF#251","RF",251
265,551,25,310,0.9565972222222222,0.9137931034482759,0.9565972222222222,0.9565972222222222,0.76687543493389,0.7089487402258905,0.41764648135142685,251,"all","NB#251","NB",251
440,498,78,135,0.8645833333333334,0.8494208494208494,0.8645833333333334,0.8645833333333334,0.8238213399503723,0.8149435273675065,0.6298549241103175,251,"all","MLP#251","MLP",251
433,450,126,142,0.78125,0.774597495527728,0.78125,0.78125,0.7705479452054795,0.7671589921807124,0.5343063842121789,252,"all","DT#252","DT",252
467,510,66,108,0.8854166666666666,0.8761726078799249,0.8854166666666666,0.8854166666666666,0.8542713567839195,0.8488271068635969,0.6976348138015998,252,"all","RF#252","RF",252
467,418,158,108,0.8121739130434783,0.7946768060836502,0.8121739130434783,0.8121739130434783,0.7783333333333333,0.7688966116420504,0.5378277605857045,252,"all","NB#252","NB",252
455,498,78,120,0.8645833333333334,0.8536585365853658,0.8645833333333334,0.8645833333333334,0.8341708542713568,0.8279756733275413,0.6559292708776826,252,"all","MLP#252","MLP",252
460,428,148,115,0.8,0.7882136279926335,0.8,0.8,0.7776838546069316,0.7715030408340573,0.5430285025051589,253,"all","DT#253","DT",253
475,505,71,100,0.8767361111111112,0.86996336996337,0.8767361111111112,0.8767361111111112,0.855207451312447,0.8514335360556038,0.7028538387097261,253,"all","RF#253","RF",253
242,545,31,333,0.9461805555555556,0.8864468864468864,0.9461805555555556,0.9461805555555556,0.749656121045392,0.68375325803649,0.36721754181405164,253,"all","NB#253","NB",253
458,498,78,117,0.8645833333333334,0.8544776119402985,0.8645833333333334,0.8645833333333334,0.8362720403022671,0.8305821025195482,0.6611439985144053,253,"all","MLP#253","MLP",253
451,450,126,124,0.7843478260869565,0.7839721254355401,0.7843478260869565,0.7843478260869565,0.782986111111111,0.7827975673327541,0.5655961183692076,254,"all","DT#254","DT",254
474,504,72,101,0.875,0.8681318681318682,0.875,0.875,0.8535139712108383,0.8496959165942659,0.6993784450104248,254,"all","RF#254","RF",254
262,539,37,313,0.9357638888888888,0.8762541806020067,0.9357638888888888,0.9357638888888888,0.7549019607843138,0.6959165942658557,0.39157922081060337,254,"all","NB#254","NB",254
466,504,72,109,0.875,0.8661710037174721,0.875,0.875,0.8477712363330531,0.8427454387489139,0.6854730714125034,254,"all","MLP#254","MLP",254
447,434,142,128,0.7773913043478261,0.7722419928825622,0.7773913043478261,0.7773913043478261,0.768041237113402,0.7654213727193745,0.530852306865495,255,"all","DT#255","DT",255
469,501,75,106,0.8697916666666666,0.8621323529411765,0.8697916666666666,0.8697916666666666,0.8469991546914624,0.8427454387489139,0.6854759205216427,255,"all","RF#255","RF",255
471,428,148,104,0.8191304347826087,0.8045112781954887,0.8191304347826087,0.8191304347826087,0.7889447236180904,0.7810599478714162,0.5621486495462259,255,"all","NB#255","NB",255
461,478,98,114,0.8298611111111112,0.8246869409660107,0.8298611111111112,0.8298611111111112,0.8184931506849316,0.8158123370981755,0.6316154979588878,255,"all","MLP#255","MLP",255
454,442,134,121,0.7895652173913044,0.7850799289520426,0.7895652173913044,0.7895652173913044,0.7807394668959586,0.7784535186794093,0.5569153987014145,256,"all","DT#256","DT",256
473,494,82,102,0.8576388888888888,0.8522522522522522,0.8576388888888888,0.8576388888888888,0.8430034129692833,0.840139009556907,0.6802681240375614,256,"all","RF#256","RF",256
486,402,174,89,0.8452173913043478,0.8187372708757638,0.8452173913043478,0.8452173913043478,0.7870445344129554,0.7715030408340573,0.5430643712687834,256,"all","NB#256","NB",256
444,503,73,131,0.8732638888888888,0.8588007736943907,0.8732638888888888,0.8732638888888888,0.8314049586776859,0.8227628149435273,0.6454943216646384,256,"all","MLP#256","MLP",256
446,431,145,129,0.7756521739130435,0.7696428571428572,0.7756521739130435,0.7756521739130435,0.7650085763293311,0.7619461337966985,0.5239034081302384,257,"all","DT#257","DT",257
464,504,72,111,0.875,0.8656716417910447,0.875,0.875,0.8463476070528968,0.8410078192875761,0.6819966755289035,257,"all","RF#257","RF",257
382,491,85,193,0.8524305555555556,0.8179871520342612,0.8524305555555556,0.8524305555555556,0.7793650793650794,0.7584708948740226,0.516862652727196,257,"all","NB#257","NB",257
450,488,88,125,0.8472222222222222,0.8364312267657993,0.8472222222222222,0.8472222222222222,0.8208578637510512,0.8149435273675065,0.629866100612504,257,"all","MLP#257","MLP",257
452,458,118,123,0.7951388888888888,0.7929824561403509,0.7951388888888888,0.7951388888888888,0.7917026793431288,0.790616854908775,0.5812302327161285,258,"all","DT#258","DT",258
473,498,78,102,0.8645833333333334,0.8584392014519057,0.8645833333333334,0.8645833333333334,0.8469387755102041,0.843614248479583,0.6872169281495707,258,"all","RF#258","RF",258
472,441,135,103,0.8208695652173913,0.8106617647058824,0.8208695652173913,0.8208695652173913,0.7986463620981389,0.7932232841007819,0.586466233515289,258,"all","NB#258","NB",258
460,498,78,115,0.8645833333333334,0.8550185873605948,0.8645833333333334,0.8645833333333334,0.8376787216148023,0.8323197219808862,0.6646204573625037,258,"all","MLP#258","MLP",258
461,424,152,114,0.8017391304347826,0.7881040892193308,0.8017391304347826,0.8017391304347826,0.7760942760942762,0.7688966116420504,0.5378193883804976,259,"all","DT#259","DT",259
471,496,80,104,0.8611111111111112,0.8548094373865699,0.8611111111111112,0.8611111111111112,0.8435374149659863,0.840139009556907,0.680266193219561,259,"all","RF#259","RF",259
390,489,87,185,0.8489583333333334,0.8176100628930818,0.8489583333333334,0.8489583333333334,0.7824000000000001,0.7636837532580365,0.5272972148657259,259,"all","NB#259","NB",259
463,473,103,112,0.8211805555555556,0.8180212014134276,0.8211805555555556,0.8211805555555556,0.8148148148148149,0.8132059079061685,0.6264064578172106,259,"all","MLP#259","MLP",259
464,427,149,111,0.8069565217391305,0.7936802973977695,0.8069565217391305,0.8069565217391305,0.7811447811447811,0.7741094700260643,0.5482445149583812,260,"all","DT#260","DT",260
478,498,78,97,0.8645833333333334,0.8597122302158273,0.8645833333333334,0.8645833333333334,0.8505550811272418,0.8479582971329279,0.6959076422783868,260,"all","RF#260","RF",260
490,371,205,85,0.8521739130434782,0.8135964912280702,0.8521739130434782,0.8521739130434782,0.7716535433070866,0.7480451781059948,0.4961812473585704,260,"all","NB#260","NB",260
459,469,107,116,0.8142361111111112,0.8109540636042403,0.8142361111111112,0.8142361111111112,0.8079242032730406,0.8062554300608167,0.6125053027592464,260,"all","MLP#260","MLP",260
465,405,171,110,0.808695652173913,0.7864077669902912,0.808695652173913,0.808695652173913,0.7679603633360859,0.7558644656820156,0.5117735232715586,261,"all","DT#261","DT",261
494,495,81,81,0.859375,0.859375,0.859375,0.859375,0.859375,0.8592528236316247,0.7185054347826088,261,"all","RF#261","RF",261
471,416,160,104,0.8191304347826087,0.8,0.8191304347826087,0.8191304347826087,0.7810945273631841,0.7706342311033884,0.541306894344681,261,"all","NB#261","NB",261
487,468,108,88,0.8469565217391304,0.841726618705036,0.8469565217391304,0.8469565217391304,0.8324786324786324,0.8297132927888793,0.6594366112134296,261,"all","MLP#261","MLP",261
446,437,139,129,0.7756521739130435,0.7720848056537103,0.7756521739130435,0.7756521739130435,0.7689655172413793,0.7671589921807124,0.5343246629730831,262,"all","DT#262","DT",262
459,507,69,116,0.8802083333333334,0.8693181818181818,0.8802083333333334,0.8802083333333334,0.8457047539616347,0.8392701998262381,0.6785173464904666,262,"all","RF#262","RF",262
245,547,29,330,0.9496527777777778,0.8941605839416058,0.9496527777777778,0.9496527777777778,0.7529249827942188,0.6880973066898349,0.3759105511411435,262,"all","NB#262","NB",262
463,493,83,112,0.8559027777777778,0.847985347985348,0.8559027777777778,0.8559027777777778,0.8348856900931414,0.8305821025195482,0.6611491143181089,262,"all","MLP#262","MLP",262
451,441,135,124,0.7843478260869565,0.7805309734513274,0.7843478260869565,0.7843478260869565,0.776916451335056,0.7749782797567333,0.5499636932357705,263,"all","DT#263","DT",263
470,507,69,105,0.8802083333333334,0.8719851576994434,0.8802083333333334,0.8802083333333334,0.8535353535353536,0.8488271068635969,0.6976375527655488,263,"all","RF#263","RF",263
470,431,145,105,0.8173913043478261,0.8041044776119403,0.8173913043478261,0.8173913043478261,0.7899159663865547,0.7827975673327541,0.5656210373769699,263,"all","NB#263","NB",263
469,485,91,106,0.8420138888888888,0.8375,0.8420138888888888,0.8420138888888888,0.831191088260497,0.8288444830582102,0.6576809559395216,263,"all","MLP#263","MLP",263
449,437,139,126,0.7808695652173913,0.7761989342806395,0.7808695652173913,0.7808695652173913,0.772141014617369,0.7697654213727194,0.539539531983823,264,"all","DT#264","DT",264
476,519,57,99,0.9010416666666666,0.8930581613508443,0.9010416666666666,0.9010416666666666,0.8693467336683417,0.8644656820156386,0.7289139709945377,264,"all","RF#264","RF",264
530,292,284,45,0.9217391304347826,0.8664688427299704,0.9217391304347826,0.9217391304347826,0.7631389488840893,0.7141615986099045,0.4285289576979322,264,"all","NB#264","NB",264
472,486,90,103,0.84375,0.8398576512455516,0.84375,0.84375,0.8343347639484979,0.8323197219808862,0.6646326090336918,264,"all","MLP#264","MLP",264
441,447,129,134,0.7760416666666666,0.7736842105263158,0.7760416666666666,0.7760416666666666,0.7726879861711321,0.7715030408340573,0.5430022871549451,265,"all","DT#265","DT",265
469,515,61,106,0.8940972222222222,0.8849056603773585,0.8940972222222222,0.8940972222222222,0.860484544695071,0.8549087749782798,0.7097976160820104,265,"all","RF#265","RF",265
367,520,56,208,0.9027777777777778,0.8676122931442081,0.9027777777777778,0.9027777777777778,0.7975460122699387,0.7706342311033884,0.5411628272188063,265,"all","NB#265","NB",265
463,483,93,112,0.8385416666666666,0.8327338129496403,0.8385416666666666,0.8385416666666666,0.8249359521776258,0.8218940052128584,0.6437775238118244,265,"all","MLP#265","MLP",265
436,455,121,139,0.7899305555555556,0.7827648114901257,0.7899305555555556,0.7899305555555556,0.7777777777777778,0.7741094700260643,0.5482063220316978,266,"all","DT#266","DT",266
487,500,76,88,0.8680555555555556,0.8650088809946714,0.8680555555555556,0.8680555555555556,0.8591065292096219,0.8575152041702867,0.7150250306466904,266,"all","RF#266","RF",266
505,391,185,70,0.8782608695652174,0.8481561822125814,0.8782608695652174,0.8782608695652174,0.7984189723320159,0.7784535186794093,0.5569836154653103,266,"all","NB#266","NB",266
461,484,92,114,0.8402777777777778,0.833634719710669,0.8402777777777778,0.8402777777777778,0.8245315161839863,0.8210251954821894,0.6420382319461094,266,"all","MLP#266","MLP",266
446,453,123,129,0.7864583333333334,0.7838312829525483,0.7864583333333334,0.7864583333333334,0.7823834196891192,0.7810599478714162,0.5621155988731783,267,"all","DT#267","DT",267
457,515,61,118,0.8940972222222222,0.8822393822393823,0.8940972222222222,0.8940972222222222,0.8519437551695617,0.8444830582102519,0.6889391146279193,267,"all","RF#267","RF",267
491,342,234,84,0.8539130434782609,0.8028169014084507,0.8539130434782609,0.8539130434782609,0.7553846153846153,0.7237185056472633,0.4475616934570976,267,"all","NB#267","NB",267
450,486,90,125,0.84375,0.8333333333333334,0.84375,0.84375,0.818871103622578,0.8132059079061685,0.6263917930446203,267,"all","MLP#267","MLP",267
458,406,170,117,0.7965217391304348,0.7762906309751434,0.7965217391304348,0.7965217391304348,0.7614297589359933,0.7506516072980017,0.5013427367677404,268,"all","DT#268","DT",268
489,495,81,86,0.859375,0.8578947368421053,0.859375,0.859375,0.8556611927398444,0.8549087749782798,0.709815140512836,268,"all","RF#268","RF",268
416,505,71,159,0.8767361111111112,0.8542094455852156,0.8767361111111112,0.8767361111111112,0.8145161290322581,0.8001737619461338,0.6002941211996763,268,"all","NB#268","NB",268
475,487,89,100,0.8454861111111112,0.8421985815602837,0.8454861111111112,0.8454861111111112,0.8374892519346518,0.8357949609035621,0.6715842201485833,268,"all","MLP#268","MLP",268
461,424,152,114,0.8017391304347826,0.7881040892193308,0.8017391304347826,0.8017391304347826,0.7760942760942762,0.7688966116420504,0.5378193883804976,269,"all","DT#269","DT",269
484,500,76,91,0.8680555555555556,0.8642857142857143,0.8680555555555556,0.8680555555555556,0.856898029134533,0.8549087749782798,0.7098107596035539,269,"all","RF#269","RF",269
494,384,192,81,0.8591304347826086,0.8258064516129032,0.8591304347826086,0.8591304347826086,0.7835051546391752,0.7628149435273676,0.5257090070957314,269,"all","NB#269","NB",269
479,486,90,96,0.84375,0.8418277680140598,0.84375,0.84375,0.8393782383419689,0.838401390095569,0.6767996086921076,269,"all","MLP#269","MLP",269
459,434,142,116,0.7982608695652174,0.7890909090909091,0.7982608695652174,0.7982608695652174,0.7806122448979591,0.7758470894874022,0.5517114364472407,270,"all","DT#270","DT",270
484,488,88,91,0.8472222222222222,0.8461538461538461,0.8472222222222222,0.8472222222222222,0.845021645021645,0.8444830582102519,0.6889644729671179,270,"all","RF#270","RF",270
532,280,296,43,0.9252173913043479,0.8668730650154799,0.9252173913043479,0.9252173913043479,0.7583749109052031,0.7054735013032146,0.41117145776145286,270,"all","NB#270","NB",270
478,489,87,97,0.8489583333333334,0.8460176991150442,0.8489583333333334,0.8489583333333334,0.8416523235800344,0.840139009556907,0.6802729509805402,270,"all","MLP#270","MLP",270
446,451,125,129,0.7829861111111112,0.7810858143607706,0.7829861111111112,0.7829861111111112,0.7802768166089966,0.7793223284100782,0.5586416584641212,271,"all","DT#271","DT",271
477,507,69,98,0.8802083333333334,0.8736263736263736,0.8802083333333334,0.8802083333333334,0.8585944115156647,0.8549087749782798,0.7098046261083291,271,"all","RF#271","RF",271
479,415,161,96,0.8330434782608696,0.812133072407045,0.8330434782608696,0.8330434782608696,0.788477366255144,0.7767158992180713,0.553475277939212,271,"all","NB#271","NB",271
484,484,92,91,0.8417391304347827,0.8417391304347827,0.8417391304347827,0.8417391304347827,0.841007819287576,0.8410078192875761,0.6820158785992173,271,"all","MLP#271","MLP",271
424,439,137,151,0.7621527777777778,0.7557932263814616,0.7621527777777778,0.7621527777777778,0.7530017152658661,0.7497827975673328,0.49955464034565955,272,"all","DT#272","DT",272
480,512,64,95,0.8888888888888888,0.8823529411764706,0.8888888888888888,0.8888888888888888,0.8655959425190194,0.8618592528236316,0.723705366646084,272,"all","RF#272","RF",272
443,468,108,132,0.8125,0.8039927404718693,0.8125,0.8125,0.7959183673469388,0.7914856646394439,0.5829559041994274,272,"all","NB#272","NB",272
476,480,96,99,0.8333333333333334,0.8321678321678322,0.8333333333333334,0.8333333333333334,0.8311688311688311,0.8305821025195482,0.6611624146848493,272,"all","MLP#272","MLP",272
432,463,113,143,0.8038194444444444,0.7926605504587156,0.8038194444444444,0.8038194444444444,0.7834179357021998,0.7775847089487402,0.5551489348853359,273,"all","DT#273","DT",273
462,503,73,113,0.8732638888888888,0.8635514018691589,0.8732638888888888,0.8732638888888888,0.8439597315436242,0.838401390095569,0.6767830182982064,273,"all","RF#273","RF",273
494,382,194,81,0.8591304347826086,0.8250539956803455,0.8591304347826086,0.8591304347826086,0.782264449722882,0.7610773240660296,0.5222357900901569,273,"all","NB#273","NB",273
454,492,84,121,0.8541666666666666,0.8438661710037175,0.8541666666666666,0.8541666666666666,0.8275862068965518,0.8218940052128584,0.6437678433125039,273,"all","MLP#273","MLP",273
465,441,135,110,0.808695652173913,0.8003629764065335,0.808695652173913,0.808695652173913,0.7914893617021276,0.787141615986099,0.5742989772427066,274,"all","DT#274","DT",274
485,493,83,90,0.8559027777777778,0.8538732394366197,0.8559027777777778,0.8559027777777778,0.8507333908541846,0.8496959165942659,0.699388429527486,274,"all","RF#274","RF",274
500,370,206,75,0.8695652173913043,0.8314606741573034,0.8695652173913043,0.8695652173913043,0.78064012490242,0.7558644656820156,0.5118251070515946,274,"all","NB#274","NB",274
475,490,86,100,0.8506944444444444,0.8467023172905526,0.8506944444444444,0.8506944444444444,0.8404802744425386,0.838401390095569,0.6767957052232383,274,"all","MLP#274","MLP",274
450,431,145,125,0.782608695652174,0.7751798561151079,0.782608695652174,0.782608695652174,0.7692307692307693,0.7654213727193745,0.5308565562633979,275,"all","DT#275","DT",275
485,487,89,90,0.8454861111111112,0.8449477351916377,0.8454861111111112,0.8454861111111112,0.8447528187337381,0.8444830582102519,0.6889654120854651,275,"all","RF#275","RF",275
447,442,134,128,0.7773913043478261,0.775438596491228,0.7773913043478261,0.7773913043478261,0.773356401384083,0.7723718505647263,0.5447474811520427,275,"all","NB#275","NB",275
475,480,96,100,0.8333333333333334,0.8318739054290718,0.8333333333333334,0.8333333333333334,0.8304498269896194,0.8297132927888793,0.6594242718856999,275,"all","MLP#275","MLP",275
465,431,145,110,0.808695652173913,0.7966728280961183,0.808695652173913,0.808695652173913,0.7848101265822783,0.7784535186794093,0.5569301138979674,276,"all","DT#276","DT",276
479,495,81,96,0.859375,0.8553571428571428,0.859375,0.859375,0.8483290488431876,0.8462206776715899,0.6924341583822098,276,"all","RF#276","RF",276
482,391,185,93,0.8382608695652174,0.8078512396694215,0.8382608695652174,0.8382608695652174,0.7761674718196457,0.7584708948740226,0.5170085072725408,276,"all","NB#276","NB",276
467,478,98,108,0.8298611111111112,0.8265486725663717,0.8298611111111112,0.8298611111111112,0.8227194492254734,0.8210251954821894,0.6420447168586484,276,"all","MLP#276","MLP",276
454,425,151,121,0.7895652173913044,0.7783882783882784,0.7895652173913044,0.7895652173913044,0.7694915254237288,0.7636837532580365,0.5273885542623372,277,"all","DT#277","DT",277
473,486,90,102,0.84375,0.8401420959147424,0.84375,0.84375,0.8350515463917526,0.8331885317115552,0.6663707675863693,277,"all","RF#277","RF",277
293,530,46,282,0.9201388888888888,0.8643067846607669,0.9201388888888888,0.9201388888888888,0.7636887608069164,0.7150304083405734,0.42985725590639173,277,"all","NB#277","NB",277
471,473,103,104,0.8211805555555556,0.8205574912891986,0.8211805555555556,0.8211805555555556,0.8204683434518647,0.8201563857515204,0.6403119569926887,277,"all","MLP#277","MLP",277
443,443,133,132,0.7704347826086957,0.7704347826086957,0.7704347826086957,0.7704347826086957,0.7697654213727194,0.7697654213727194,0.5395311903212708,278,"all","DT#278","DT",278
477,501,75,98,0.8697916666666666,0.8641304347826086,0.8697916666666666,0.8697916666666666,0.8527659574468085,0.8496959165942659,0.6993811681263088,278,"all","RF#278","RF",278
292,536,40,283,0.9305555555555556,0.8795180722891566,0.9305555555555556,0.9305555555555556,0.7684587813620071,0.7193744569939183,0.4385425208825096,278,"all","NB#278","NB",278
452,497,79,123,0.8628472222222222,0.8512241054613936,0.8628472222222222,0.8628472222222222,0.8311036789297659,0.8245004344048653,0.6489772871386384,278,"all","MLP#278","MLP",278
462,431,145,113,0.8034782608695652,0.7922794117647058,0.8034782608695652,0.8034782608695652,0.7817258883248731,0.7758470894874022,0.5517154968359015,279,"all","DT#279","DT",279
477,478,98,98,0.8298611111111112,0.8298611111111112,0.8298611111111112,0.8298611111111112,0.8298611111111112,0.8297132927888793,0.6594263285024156,279,"all","RF#279","RF",279
485,408,168,90,0.8434782608695652,0.8192771084337349,0.8434782608695652,0.8434782608695652,0.7899022801302932,0.7758470894874022,0.5517466240388359,279,"all","NB#279","NB",279
474,460,116,101,0.8243478260869566,0.8199643493761141,0.8243478260869566,0.8243478260869566,0.8137339055793992,0.8114682884448305,0.6229448306575182,279,"all","MLP#279","MLP",279
462,432,144,113,0.8034782608695652,0.7926605504587156,0.8034782608695652,0.8034782608695652,0.7823878069432685,0.7767158992180713,0.5534523595665058,280,"all","DT#280","DT",280
483,520,56,92,0.9027777777777778,0.8961038961038961,0.9027777777777778,0.9027777777777778,0.8754208754208753,0.8714161598609904,0.7428181483293174,280,"all","RF#280","RF",280
489,439,137,86,0.8504347826086956,0.8361904761904762,0.8504347826086956,0.8504347826086956,0.8143213988343048,0.8062554300608167,0.6125403992144325,280,"all","NB#280","NB",280
466,497,79,109,0.8628472222222222,0.8550458715596331,0.8628472222222222,0.8628472222222222,0.8409475465313028,0.8366637706342311,0.6733124990564187,280,"all","MLP#280","MLP",280
427,469,107,148,0.8142361111111112,0.799625468164794,0.8142361111111112,0.8142361111111112,0.7862531433361274,0.7784535186794093,0.5568792754382443,281,"all","DT#281","DT",281
464,502,74,111,0.8715277777777778,0.862453531598513,0.8715277777777778,0.8715277777777778,0.8444070647603028,0.8392701998262381,0.6785222000625035,281,"all","RF#281","RF",281
508,329,247,67,0.8834782608695653,0.8308080808080808,0.8834782608695653,0.8834782608695653,0.7639097744360903,0.7271937445699392,0.4545353013975672,281,"all","NB#281","NB",281
454,477,99,121,0.828125,0.8209764918625678,0.828125,0.828125,0.8126064735945485,0.8088618592528236,0.6177107331463303,281,"all","MLP#281","MLP",281
428,448,128,147,0.7777777777777778,0.7697841726618705,0.7777777777777778,0.7777777777777778,0.7651579846285227,0.7610773240660296,0.522140580723179,282,"all","DT#282","DT",282
468,501,75,107,0.8697916666666666,0.861878453038674,0.8697916666666666,0.8697916666666666,0.8462837837837838,0.841876629018245,0.6837377409536692,282,"all","RF#282","RF",282
424,459,117,151,0.796875,0.7837338262476895,0.796875,0.796875,0.7740303541315345,0.7671589921807124,0.5342937288447775,282,"all","NB#282","NB",282
451,486,90,124,0.84375,0.833641404805915,0.84375,0.84375,0.8195615514333896,0.8140747176368376,0.6281300670626211,282,"all","MLP#282","MLP",282
455,447,129,120,0.7913043478260869,0.7883597883597884,0.7913043478260869,0.7913043478260869,0.7851596203623814,0.7836663770634231,0.5673383060918556,283,"all","DT#283","DT",283
483,499,77,92,0.8663194444444444,0.8625,0.8663194444444444,0.8663194444444444,0.8551842330762639,0.8531711555169418,0.706335439359285,283,"all","RF#283","RF",283
486,415,161,89,0.8452173913043478,0.8234126984126984,0.8452173913043478,0.8452173913043478,0.795417348608838,0.7827975673327541,0.5656420195872428,283,"all","NB#283","NB",283
463,506,70,112,0.8784722222222222,0.8686679174484052,0.8784722222222222,0.8784722222222222,0.847571189279732,0.841876629018245,0.683732966160294,283,"all","MLP#283","MLP",283
446,448,128,129,0.7777777777777778,0.7770034843205574,0.7777777777777778,0.7777777777777778,0.7771032090199479,0.7767158992180713,0.5534307871841595,284,"all","DT#284","DT",284
465,506,70,110,0.8784722222222222,0.8691588785046729,0.8784722222222222,0.8784722222222222,0.848993288590604,0.843614248479583,0.6872093725466515,284,"all","RF#284","RF",284
492,393,183,83,0.8556521739130435,0.8256302521008403,0.8556521739130435,0.8556521739130435,0.7872,0.7688966116420504,0.537862641509434,284,"all","NB#284","NB",284
445,489,87,130,0.8489583333333334,0.8364661654135338,0.8489583333333334,0.8489583333333334,0.8184100418410042,0.8114682884448305,0.6229118134178395,284,"all","MLP#284","MLP",284
456,441,135,119,0.7930434782608695,0.7875,0.7930434782608695,0.7930434782608695,0.7821612349914236,0.7793223284100782,0.5586549841791261,285,"all","DT#285","DT",285
493,485,91,82,0.8573913043478261,0.855379188712522,0.8573913043478261,0.8573913043478261,0.8507333908541846,0.8496959165942659,0.6993956905778757,285,"all","RF#285","RF",285
436,448,128,139,0.7777777777777778,0.7730496453900709,0.7777777777777778,0.7777777777777778,0.770421324161651,0.7680278019113814,0.5360475490987925,285,"all","NB#285","NB",285
475,480,96,100,0.8333333333333334,0.8318739054290718,0.8333333333333334,0.8333333333333334,0.8304498269896194,0.8297132927888793,0.6594242718856999,285,"all","MLP#285","MLP",285
455,436,140,120,0.7913043478260869,0.7841726618705036,0.7913043478260869,0.7913043478260869,0.7777777777777778,0.7741094700260643,0.5482322393647535,286,"all","DT#286","DT",286
491,502,74,84,0.8715277777777778,0.8690265486725663,0.8715277777777778,0.8715277777777778,0.8640275387263339,0.8627280625543006,0.7254517731245942,286,"all","RF#286","RF",286
524,346,230,51,0.9113043478260869,0.871536523929471,0.9113043478260869,0.9113043478260869,0.7885628291948835,0.7558644656820156,0.5118604724870542,286,"all","NB#286","NB",286
480,482,94,95,0.8368055555555556,0.8362369337979094,0.8368055555555556,0.8368055555555556,0.8360797918473548,0.8357949609035621,0.6715891781237592,286,"all","MLP#286","MLP",286
466,431,145,109,0.8104347826086956,0.7981481481481482,0.8104347826086956,0.8104347826086956,0.7858347386172007,0.7793223284100782,0.558668309089482,287,"all","DT#287","DT",287
479,508,68,96,0.8819444444444444,0.8756855575868373,0.8819444444444444,0.8819444444444444,0.8610169491525423,0.8575152041702867,0.7150181469023449,287,"all","RF#287","RF",287
479,413,163,96,0.8330434782608696,0.8113948919449901,0.8330434782608696,0.8330434782608696,0.7871815940838125,0.7749782797567333,0.5500017359355259,287,"all","NB#287","NB",287
474,485,91,101,0.8420138888888888,0.8389380530973451,0.8420138888888888,0.8420138888888888,0.8347676419965576,0.8331885317115552,0.6663717749362158,287,"all","MLP#287","MLP",287
444,452,124,131,0.7847222222222222,0.7816901408450704,0.7847222222222222,0.7847222222222222,0.7799827437446074,0.7784535186794093,0.5569020204017857,288,"all","DT#288","DT",288
483,511,65,92,0.8871527777777778,0.8813868613138686,0.8871527777777778,0.8871527777777778,0.8668363019508057,0.8635968722849696,0.7271824183654829,288,"all","RF#288","RF",288
227,560,16,348,0.9722222222222222,0.934156378600823,0.9722222222222222,0.9722222222222222,0.7547169811320755,0.68375325803649,0.36718886881710033,288,"all","NB#288","NB",288
458,500,76,117,0.8680555555555556,0.8576779026217228,0.8680555555555556,0.8680555555555556,0.8382229673093042,0.8323197219808862,0.6646184319983575,288,"all","MLP#288","MLP",288
437,449,127,138,0.7795138888888888,0.774822695035461,0.7795138888888888,0.7795138888888888,0.772141014617369,0.7697654213727194,0.5395228483564795,289,"all","DT#289","DT",289
477,492,84,98,0.8541666666666666,0.8502673796791443,0.8541666666666666,0.8541666666666666,0.843910806174957,0.841876629018245,0.6837463352184376,289,"all","RF#289","RF",289
438,457,119,137,0.7934027777777778,0.7863554757630161,0.7934027777777778,0.7934027777777778,0.7811965811965812,0.7775847089487402,0.5551569940004408,289,"all","NB#289","NB",289
460,495,81,115,0.859375,0.8502772643253235,0.859375,0.859375,0.8347386172006744,0.8297132927888793,0.6594088464685689,289,"all","MLP#289","MLP",289
439,462,114,136,0.8020833333333334,0.7938517179023508,0.8020833333333334,0.8020833333333334,0.7870528109028961,0.7827975673327541,0.5655803785753754,290,"all","DT#290","DT",290
485,489,87,90,0.8489583333333334,0.8479020979020979,0.8489583333333334,0.8489583333333334,0.8467532467532467,0.8462206776715899,0.6924397302524016,290,"all","RF#290","RF",290
538,176,400,37,0.9356521739130435,0.8262910798122066,0.9356521739130435,0.9356521739130435,0.7111698612029081,0.6203301476976543,0.24107561828285531,290,"all","NB#290","NB",290
445,487,89,130,0.8454861111111112,0.8333333333333334,0.8454861111111112,0.8454861111111112,0.8164291701592624,0.8097306689834927,0.6194374953763745,290,"all","MLP#290","MLP",290
436,436,140,139,0.7582608695652174,0.7582608695652174,0.7582608695652174,0.7582608695652174,0.7576020851433537,0.7576020851433536,0.5152045362250359,291,"all","DT#291","DT",291
467,499,77,108,0.8663194444444444,0.8584558823529411,0.8663194444444444,0.8663194444444444,0.8436179205409974,0.8392701998262381,0.6785251121353808,291,"all","RF#291","RF",291
415,469,107,160,0.8142361111111112,0.7950191570881227,0.8142361111111112,0.8142361111111112,0.7784232365145229,0.7680278019113814,0.5360181294699002,291,"all","NB#291","NB",291
458,490,86,117,0.8506944444444444,0.8419117647058824,0.8506944444444444,0.8506944444444444,0.8284023668639053,0.8236316246741964,0.6472464743972016,291,"all","MLP#291","MLP",291
453,431,145,122,0.7878260869565218,0.779385171790235,0.7878260869565218,0.7878260869565218,0.7723785166240409,0.7680278019113814,0.5360713622564435,292,"all","DT#292","DT",292
482,509,67,93,0.8836805555555556,0.8779599271402551,0.8836805555555556,0.8836805555555556,0.8641765704584041,0.8609904430929627,0.721969763305927,292,"all","RF#292","RF",292
508,372,204,67,0.8834782608695653,0.8473804100227791,0.8834782608695653,0.8834782608695653,0.7894327894327895,0.7645525629887054,0.5292021426727865,292,"all","NB#292","NB",292
481,490,86,94,0.8506944444444444,0.8483245149911817,0.8506944444444444,0.8506944444444444,0.8448275862068966,0.843614248479583,0.6872244833874805,292,"all","MLP#292","MLP",292
451,445,131,124,0.7843478260869565,0.7820738137082601,0.7843478260869565,0.7843478260869565,0.7796024200518583,0.7784535186794093,0.5569113852963511,293,"all","DT#293","DT",293
476,498,78,99,0.8645833333333334,0.8592057761732852,0.8645833333333334,0.8645833333333334,0.8491048593350384,0.8462206776715899,0.6924313723714067,293,"all","RF#293","RF",293
263,540,36,312,0.9375,0.8795986622073578,0.9375,0.9375,0.7563025210084034,0.6976542137271937,0.39505591097739995,293,"all","NB#293","NB",293
464,476,100,111,0.8263888888888888,0.8226950354609929,0.8263888888888888,0.8263888888888888,0.8185726569217541,0.8166811468288445,0.6333559283140271,293,"all","MLP#293","MLP",293
430,431,145,145,0.7482638888888888,0.7482638888888888,0.7482638888888888,0.7482638888888888,0.7482638888888888,0.7480451781059948,0.4960899758454106,294,"all","DT#294","DT",294
483,500,76,92,0.8680555555555556,0.8640429338103757,0.8680555555555556,0.8680555555555556,0.8561643835616439,0.8540399652476107,0.7080726587598734,294,"all","RF#294","RF",294
467,428,148,108,0.8121739130434783,0.7985074626865671,0.8121739130434783,0.8121739130434783,0.784873949579832,0.7775847089487402,0.5551959422740173,294,"all","NB#294","NB",294
455,481,95,120,0.8350694444444444,0.8272727272727273,0.8350694444444444,0.8350694444444444,0.8173322005097705,0.8132059079061685,0.6263974334780147,294,"all","MLP#294","MLP",294
447,445,131,128,0.7773913043478261,0.7766143106457243,0.7773913043478261,0.7773913043478261,0.7753686036426714,0.7749782797567333,0.5499582580392903,295,"all","DT#295","DT",295
486,493,83,89,0.8559027777777778,0.8541300527240774,0.8559027777777778,0.8559027777777778,0.8514680483592401,0.8505647263249348,0.7011265198658201,295,"all","RF#295","RF",295
506,357,219,69,0.88,0.8380281690140845,0.88,0.88,0.7784615384615384,0.7497827975673328,0.4996785148290696,295,"all","NB#295","NB",295
467,490,86,108,0.8506944444444444,0.8444846292947559,0.8506944444444444,0.8506944444444444,0.8347529812606475,0.8314509122502172,0.6628903737744912,295,"all","MLP#295","MLP",295
438,460,116,137,0.7986111111111112,0.7906137184115524,0.7986111111111112,0.7986111111111112,0.7843137254901962,0.7801911381407471,0.5603680068359654,296,"all","DT#296","DT",296
471,508,68,104,0.8819444444444444,0.8738404452690167,0.8819444444444444,0.8819444444444444,0.8552188552188552,0.8505647263249348,0.7011129831935311,296,"all","RF#296","RF",296
513,343,233,62,0.8921739130434783,0.8469135802469135,0.8921739130434783,0.8921739130434783,0.7766843300529901,0.7437011294526499,0.487534166149741,296,"all","NB#296","NB",296
450,513,63,125,0.890625,0.8771929824561403,0.890625,0.890625,0.8451400329489291,0.8366637706342311,0.6732967155742234,296,"all","MLP#296","MLP",296
452,452,124,123,0.7860869565217391,0.7860869565217391,0.7860869565217391,0.7860869565217391,0.785403996524761,0.7854039965247611,0.5708083170164298,297,"all","DT#297","DT",297
466,517,59,109,0.8975694444444444,0.8876190476190476,0.8975694444444444,0.8975694444444444,0.8602329450915142,0.8540399652476107,0.7080576734354947,297,"all","RF#297","RF",297
482,401,175,93,0.8382608695652174,0.8117408906882592,0.8382608695652174,0.8382608695652174,0.7824675324675324,0.7671589921807124,0.534375273592339,297,"all","NB#297","NB",297
442,516,60,133,0.8958333333333334,0.8804780876494024,0.8958333333333334,0.8958333333333334,0.8424489795918367,0.8323197219808862,0.6646022282044972,297,"all","MLP#297","MLP",297
439,449,127,136,0.7795138888888888,0.7756183745583038,0.7795138888888888,0.7795138888888888,0.7734711455641688,0.7715030408340573,0.542999527469425,298,"all","DT#298","DT",298
468,509,67,107,0.8836805555555556,0.874766355140187,0.8836805555555556,0.8836805555555556,0.8540268456375839,0.8488271068635969,0.6976357267950963,298,"all","RF#298","RF",298
437,493,83,138,0.8559027777777778,0.8403846153846154,0.8559027777777778,0.8559027777777778,0.8169014084507044,0.8079930495221547,0.6159539212947935,298,"all","NB#298","NB",298
465,489,87,110,0.8489583333333334,0.842391304347826,0.8489583333333334,0.8489583333333334,0.8323404255319148,0.8288444830582102,0.6576768215079931,298,"all","MLP#298","MLP",298
441,437,139,134,0.7669565217391304,0.7653239929947461,0.7669565217391304,0.7669565217391304,0.7636363636363636,0.7628149435273676,0.5256331096534599,299,"all","DT#299","DT",299
479,495,81,96,0.859375,0.8553571428571428,0.859375,0.859375,0.8483290488431876,0.8462206776715899,0.6924341583822098,299,"all","RF#299","RF",299
481,392,184,94,0.8365217391304348,0.8065843621399177,0.8365217391304348,0.8365217391304348,0.7758064516129033,0.7584708948740226,0.5170070491630063,299,"all","NB#299","NB",299
474,461,115,101,0.8243478260869566,0.8202846975088968,0.8243478260869566,0.8243478260869566,0.8144329896907218,0.8123370981754996,0.624681845492396,299,"all","MLP#299","MLP",299
447,428,148,128,0.7773913043478261,0.7697841726618705,0.7773913043478261,0.7773913043478261,0.764102564102564,0.7602085143353605,0.5204311464025844,300,"all","DT#300","DT",300
481,502,74,94,0.8715277777777778,0.8666666666666667,0.8715277777777778,0.8715277777777778,0.856655290102389,0.8540399652476107,0.7080708958603821,300,"all","RF#300","RF",300
507,345,231,68,0.8817391304347826,0.8353510895883777,0.8817391304347826,0.8817391304347826,0.7722772277227723,0.7402258905299739,0.480579205298213,300,"all","NB#300","NB",300
478,462,114,97,0.831304347826087,0.8264758497316637,0.831304347826087,0.831304347826087,0.8191945158526136,0.8166811468288445,0.6333714261560317,300,"all","MLP#300","MLP",300
463,427,149,112,0.8052173913043478,0.7922077922077922,0.8052173913043478,0.8052173913043478,0.780117944397641,0.7732406602953953,0.546506309279222,301,"all","DT#301","DT",301
489,508,68,86,0.8819444444444444,0.8779174147217235,0.8819444444444444,0.8819444444444444,0.8683760683760684,0.8662033014769766,0.7323991292033902,301,"all","RF#301","RF",301
401,476,100,174,0.8263888888888888,0.8003992015968064,0.8263888888888888,0.8263888888888888,0.7765089722675368,0.7619461337966985,0.5238387138659814,301,"all","NB#301","NB",301
460,473,103,115,0.8211805555555556,0.8170515097690941,0.8211805555555556,0.8211805555555556,0.8127147766323024,0.8105994787141616,0.6211918090303568,301,"all","MLP#301","MLP",301
432,437,139,143,0.7586805555555556,0.7565674255691769,0.7586805555555556,0.7586805555555556,0.7560553633217992,0.7549956559513467,0.5099879830192211,302,"all","DT#302","DT",302
460,503,73,115,0.8732638888888888,0.8630393996247655,0.8732638888888888,0.8732638888888888,0.8425460636515912,0.8366637706342311,0.6733065804293148,302,"all","RF#302","RF",302
509,338,238,66,0.8852173913043478,0.8366336633663366,0.8852173913043478,0.8852173913043478,0.7700453857791225,0.735881841876629,0.4719004123325464,302,"all","NB#302","NB",302
463,492,84,112,0.8541666666666666,0.8464351005484461,0.8541666666666666,0.8541666666666666,0.8338983050847457,0.8297132927888793,0.6594119316637782,302,"all","MLP#302","MLP",302
453,445,131,122,0.7878260869565218,0.7848324514991182,0.7878260869565218,0.7878260869565218,0.7817083692838654,0.7801911381407471,0.5603879174346965,303,"all","DT#303","DT",303
491,505,71,84,0.8767361111111112,0.8736654804270463,0.8767361111111112,0.8767361111111112,0.8669527896995709,0.8653344917463076,0.7306634943016697,303,"all","RF#303","RF",303
478,434,142,97,0.831304347826087,0.8173258003766478,0.831304347826087,0.831304347826087,0.8,0.792354474370113,0.5847368460777876,303,"all","NB#303","NB",303
472,487,89,103,0.8454861111111112,0.8413547237076648,0.8454861111111112,0.8454861111111112,0.8353344768439108,0.8331885317115552,0.6663697602304396,303,"all","MLP#303","MLP",303
453,423,153,122,0.7878260869565218,0.7761467889908257,0.7878260869565218,0.7878260869565218,0.7671464860287892,0.7610773240660296,0.5221766493415919,304,"all","DT#304","DT",304
482,505,71,93,0.8767361111111112,0.8716094032549728,0.8767361111111112,0.8767361111111112,0.8603066439522998,0.8575152041702867,0.7150207283454463,304,"all","RF#304","RF",304
396,506,70,179,0.8784722222222222,0.8497854077253219,0.8784722222222222,0.8784722222222222,0.80253766851705,0.7836663770634231,0.5672612190109786,304,"all","NB#304","NB",304
462,493,83,113,0.8559027777777778,0.8477064220183487,0.8559027777777778,0.8559027777777778,0.8341793570219965,0.8297132927888793,0.6594109032715855,304,"all","MLP#304","MLP",304
446,425,151,129,0.7756521739130435,0.7671480144404332,0.7756521739130435,0.7756521739130435,0.7610921501706485,0.7567332754126846,0.5134823420719723,305,"all","DT#305","DT",305
488,489,87,87,0.8489583333333334,0.8489583333333334,0.8489583333333334,0.8489583333333334,0.8489583333333334,0.8488271068635969,0.6976539855072463,305,"all","RF#305","RF",305
519,321,255,56,0.9026086956521739,0.8514588859416445,0.9026086956521739,0.9026086956521739,0.7694588584136398,0.7298001737619462,0.45976223930310794,305,"all","NB#305","NB",305
457,480,96,118,0.8333333333333334,0.8264014466546112,0.8333333333333334,0.8333333333333334,0.817717206132879,0.8140747176368376,0.6281368040605215,305,"all","MLP#305","MLP",305
434,453,123,141,0.7864583333333334,0.7791741472172352,0.7864583333333334,0.7864583333333334,0.7743589743589744,0.7706342311033884,0.5412556500629546,306,"all","DT#306","DT",306
462,497,79,113,0.8628472222222222,0.8539741219963032,0.8628472222222222,0.8628472222222222,0.8381112984822934,0.8331885317115552,0.6663596863365572,306,"all","RF#306","RF",306
506,364,212,69,0.88,0.8406466512702079,0.88,0.88,0.782675947409126,0.7558644656820156,0.5118339488908643,306,"all","NB#306","NB",306
454,486,90,121,0.84375,0.8345588235294118,0.84375,0.84375,0.8216398985629754,0.8166811468288445,0.6333448576246776,306,"all","MLP#306","MLP",306
444,427,149,131,0.7721739130434783,0.7652329749103942,0.7721739130434783,0.7721739130434783,0.7602739726027398,0.7567332754126846,0.5134794042432421,307,"all","DT#307","DT",307
467,508,68,108,0.8819444444444444,0.8728971962616823,0.8819444444444444,0.8819444444444444,0.8523489932885906,0.8470894874022589,0.694160275378948,307,"all","RF#307","RF",307
460,446,130,115,0.8,0.7950089126559715,0.8,0.8,0.7896995708154507,0.787141615986099,0.5742925507423593,307,"all","NB#307","NB",307
453,477,99,122,0.828125,0.8206521739130435,0.828125,0.828125,0.8119148936170213,0.8079930495221547,0.6159724748896777,307,"all","MLP#307","MLP",307
462,440,136,113,0.8034782608695652,0.7956600361663653,0.8034782608695652,0.8034782608695652,0.7877237851662404,0.7836663770634231,0.5673474501942114,308,"all","DT#308","DT",308
480,504,72,95,0.875,0.8695652173913043,0.875,0.875,0.8578723404255318,0.8549087749782798,0.7098072547808876,308,"all","RF#308","RF",308
467,420,156,108,0.8121739130434783,0.7954545454545454,0.8121739130434783,0.8121739130434783,0.7796327212020033,0.7706342311033884,0.5413013549742772,308,"all","NB#308","NB",308
474,483,93,101,0.8385416666666666,0.8359788359788359,0.8385416666666666,0.8385416666666666,0.8327586206896552,0.8314509122502172,0.6628974987620623,308,"all","MLP#308","MLP",308
463,444,132,112,0.8052173913043478,0.7985611510791367,0.8052173913043478,0.8052173913043478,0.7914529914529915,0.788010425716768,0.5760333323269224,309,"all","DT#309","DT",309
473,508,68,102,0.8819444444444444,0.8743068391866913,0.8819444444444444,0.8819444444444444,0.8566610455311973,0.8523023457862728,0.7045893056104934,309,"all","RF#309","RF",309
376,511,65,199,0.8871527777777778,0.8526077097505669,0.8871527777777778,0.8871527777777778,0.7947122861586314,0.7706342311033884,0.5411752981430422,309,"all","NB#309","NB",309
459,487,89,116,0.8454861111111112,0.8375912408759124,0.8454861111111112,0.8454861111111112,0.8261238337574215,0.8218940052128584,0.6437732214326369,309,"all","MLP#309","MLP",309
423,457,119,152,0.7934027777777778,0.7804428044280443,0.7934027777777778,0.7934027777777778,0.7713080168776371,0.7645525629887054,0.5290813099082533,310,"all","DT#310","DT",310
464,515,61,111,0.8940972222222222,0.8838095238095238,0.8940972222222222,0.8940972222222222,0.8569051580698834,0.8505647263249348,0.7011066656601495,310,"all","RF#310","RF",310
403,469,107,172,0.8142361111111112,0.7901960784313725,0.8142361111111112,0.8142361111111112,0.770747740345111,0.7576020851433536,0.5151562275887579,310,"all","NB#310","NB",310
469,487,89,106,0.8454861111111112,0.8405017921146953,0.8454861111111112,0.8454861111111112,0.833190761334474,0.8305821025195482,0.661155253078657,310,"all","MLP#310","MLP",310
445,448,128,130,0.7777777777777778,0.7766143106457243,0.7777777777777778,0.7777777777777778,0.7764298093587523,0.7758470894874022,0.551692486994224,311,"all","DT#311","DT",311
470,503,73,105,0.8732638888888888,0.8655616942909761,0.8732638888888888,0.8732638888888888,0.8496621621621622,0.845351867940921,0.6906885598338085,311,"all","RF#311","RF",311
515,343,233,60,0.8956521739130435,0.8511166253101737,0.8956521739130435,0.8956521739130435,0.7785336356764928,0.7454387489139879,0.4910100471947998,311,"all","NB#311","NB",311
446,496,80,129,0.8611111111111112,0.8479087452471483,0.8611111111111112,0.8611111111111112,0.825978351373855,0.8184187662901824,0.6368103920730851,311,"all","MLP#311","MLP",311
434,439,137,141,0.7621527777777778,0.7600700525394045,0.7621527777777778,0.7621527777777778,0.759515570934256,0.7584708948740226,0.5169385080827784,312,"all","DT#312","DT",312
470,493,83,105,0.8559027777777778,0.8499095840867993,0.8559027777777778,0.8559027777777778,0.839863713798978,0.8366637706342311,0.6733164446886823,312,"all","RF#312","RF",312
504,333,243,71,0.8765217391304347,0.8242574257425742,0.8765217391304347,0.8765217391304347,0.7624810892586988,0.7271937445699392,0.45452871536980144,312,"all","NB#312","NB",312
444,473,103,131,0.8211805555555556,0.8117001828153565,0.8211805555555556,0.8211805555555556,0.8016949152542372,0.7966985230234579,0.59337955106798,312,"all","MLP#312","MLP",312
443,429,147,132,0.7704347826086957,0.7647058823529411,0.7704347826086957,0.7704347826086957,0.7605150214592276,0.7576020851433536,0.5152147822739521,313,"all","DT#313","DT",313
482,499,77,93,0.8663194444444444,0.8622540250447227,0.8663194444444444,0.8663194444444444,0.8544520547945205,0.8523023457862728,0.7045973332689196,313,"all","RF#313","RF",313
505,329,247,70,0.8782608695652174,0.8245614035087719,0.8782608695652174,0.8782608695652174,0.7611152976639035,0.7245873153779322,0.4493213618945421,313,"all","NB#313","NB",313
475,462,114,100,0.8260869565217391,0.8220640569395018,0.8260869565217391,0.8260869565217391,0.8161512027491409,0.8140747176368376,0.6281570135896887,313,"all","MLP#313","MLP",313
438,423,153,137,0.7617391304347826,0.7553571428571428,0.7617391304347826,0.7617391304347826,0.7512864493996569,0.7480451781059948,0.4961021472911282,314,"all","DT#314","DT",314
482,500,76,93,0.8680555555555556,0.8637992831541219,0.8680555555555556,0.8680555555555556,0.855431993156544,0.8531711555169418,0.7063345526681692,314,"all","RF#314","RF",314
497,381,195,78,0.8643478260869565,0.8300653594771242,0.8643478260869565,0.8643478260869565,0.7845303867403314,0.7628149435273676,0.5257133024511069,314,"all","NB#314","NB",314
474,489,87,101,0.8489583333333334,0.8449197860962567,0.8489583333333334,0.8489583333333334,0.8387650085763294,0.8366637706342311,0.6733203902256389,314,"all","MLP#314","MLP",314
458,417,159,117,0.7965217391304348,0.7808988764044944,0.7965217391304348,0.7965217391304348,0.7684563758389261,0.7602085143353605,0.5204470731022489,315,"all","DT#315","DT",315
478,489,87,97,0.8489583333333334,0.8460176991150442,0.8489583333333334,0.8489583333333334,0.8416523235800344,0.840139009556907,0.6802729509805402,315,"all","RF#315","RF",315
460,418,158,115,0.8,0.7842401500938087,0.8,0.8,0.7711651299245599,0.7628149435273676,0.525660320963464,315,"all","NB#315","NB",315
490,482,94,85,0.8521739130434782,0.8500881834215167,0.8521739130434782,0.8521739130434782,0.8455565142364105,0.8444830582102519,0.6889701075921371,315,"all","MLP#315","MLP",315
460,434,142,115,0.8,0.7905282331511839,0.8,0.8,0.7816482582837723,0.7767158992180713,0.5534496631326924,316,"all","DT#316","DT",316
492,503,73,83,0.8732638888888888,0.8707964601769912,0.8732638888888888,0.8732638888888888,0.8657487091222031,0.8644656820156386,0.7289270671356753,316,"all","RF#316","RF",316
446,466,110,129,0.8090277777777778,0.802158273381295,0.8090277777777778,0.8090277777777778,0.7959009393680615,0.792354474370113,0.5846967228830539,316,"all","NB#316","NB",316
484,483,93,91,0.8417391304347827,0.8414634146341463,0.8417391304347827,0.8417391304347827,0.8402777777777779,0.840139009556907,0.6802787431197369,316,"all","MLP#316","MLP",316
460,441,135,115,0.8,0.7931654676258992,0.8,0.8,0.7863247863247863,0.7827975673327541,0.5656079224661089,317,"all","DT#317","DT",317
480,503,73,95,0.8732638888888888,0.8679927667269439,0.8732638888888888,0.8732638888888888,0.8568994889267462,0.8540399652476107,0.7080700144026522,317,"all","RF#317","RF",317
482,429,147,93,0.8382608695652174,0.8218390804597702,0.8382608695652174,0.8382608695652174,0.8006644518272426,0.7914856646394439,0.5830050086496571,317,"all","NB#317","NB",317
471,493,83,104,0.8559027777777778,0.8501805054151624,0.8559027777777778,0.8559027777777778,0.8405797101449276,0.8375325803649001,0.6750546137483223,317,"all","MLP#317","MLP",317
445,457,119,130,0.7934027777777778,0.7890070921985816,0.7934027777777778,0.7934027777777778,0.7858985382631127,0.7836663770634231,0.567325242417975,318,"all","DT#318","DT",318
478,504,72,97,0.875,0.8690909090909091,0.875,0.875,0.8564146134239592,0.8531711555169418,0.7063310058501604,318,"all","RF#318","RF",318
466,445,131,109,0.8104347826086956,0.8032490974729242,0.8104347826086956,0.8104347826086956,0.7952218430034128,0.7914856646394439,0.582984864633119,318,"all","NB#318","NB",318
463,494,82,112,0.8576388888888888,0.8495412844036697,0.8576388888888888,0.8576388888888888,0.8358714043993232,0.8314509122502172,0.6628863022177935,318,"all","MLP#318","MLP",318
414,451,125,161,0.7829861111111112,0.7680890538033395,0.7829861111111112,0.7829861111111112,0.7592592592592593,0.7515204170286707,0.5030134487985457,319,"all","DT#319","DT",319
458,512,64,117,0.8888888888888888,0.8773946360153256,0.8888888888888888,0.8888888888888888,0.849792531120332,0.8427454387489139,0.6854654735357749,319,"all","RF#319","RF",319
392,484,92,183,0.8402777777777778,0.8099173553719008,0.8402777777777778,0.8402777777777778,0.7787610619469026,0.7610773240660296,0.5220886323453253,319,"all","NB#319","NB",319
458,479,97,117,0.8315972222222222,0.8252252252252252,0.8315972222222222,0.8315972222222222,0.81740614334471,0.8140747176368376,0.6281379268697728,319,"all","MLP#319","MLP",319
435,440,136,140,0.7638888888888888,0.7618213660245184,0.7638888888888888,0.7638888888888888,0.7612456747404843,0.7602085143353605,0.5204137706145567,320,"all","DT#320","DT",320
472,496,80,103,0.8611111111111112,0.855072463768116,0.8611111111111112,0.8611111111111112,0.8442553191489361,0.8410078192875761,0.682004357035344,320,"all","RF#320","RF",320
411,473,103,164,0.8211805555555556,0.7996108949416343,0.8211805555555556,0.8211805555555556,0.7798845836768343,0.7680278019113814,0.5360125253080371,320,"all","NB#320","NB",320
466,468,108,109,0.8125,0.8118466898954704,0.8125,0.8125,0.8117953165654813,0.8114682884448305,0.6229357230309828,320,"all","MLP#320","MLP",320
461,427,149,114,0.8017391304347826,0.789279112754159,0.8017391304347826,0.8017391304347826,0.7780590717299578,0.7715030408340573,0.5430298821771191,321,"all","DT#321","DT",321
477,496,80,98,0.8611111111111112,0.8563734290843806,0.8611111111111112,0.8611111111111112,0.847863247863248,0.845351867940921,0.6906950973909316,321,"all","RF#321","RF",321
486,407,169,89,0.8452173913043478,0.8205645161290323,0.8452173913043478,0.8452173913043478,0.7902439024390243,0.7758470894874022,0.5517479772974277,321,"all","NB#321","NB",321
469,464,112,106,0.8156521739130435,0.8140350877192982,0.8156521739130435,0.8156521739130435,0.8114186851211074,0.8105994787141616,0.6212021026379592,321,"all","MLP#321","MLP",321
440,439,137,135,0.7652173913043478,0.764808362369338,0.7652173913043478,0.7652173913043478,0.7638888888888888,0.7636837532580365,0.5273685767856982,322,"all","DT#322","DT",322
486,508,68,89,0.8819444444444444,0.8772563176895307,0.8819444444444444,0.8819444444444444,0.86615515771526,0.8635968722849696,0.7271848896175754,322,"all","RF#322","RF",322
431,475,101,144,0.8246527777777778,0.8101503759398496,0.8246527777777778,0.8246527777777778,0.7949790794979079,0.787141615986099,0.5742552732136897,322,"all","NB#322","NB",322
465,505,71,110,0.8767361111111112,0.8675373134328358,0.8767361111111112,0.8767361111111112,0.8480268681780017,0.8427454387489139,0.6854721216979863,322,"all","MLP#322","MLP",322
449,435,141,126,0.7808695652173913,0.7754010695187166,0.7808695652173913,0.7808695652173913,0.7708154506437768,0.7680278019113814,0.5360657593804489,323,"all","DT#323","DT",323
472,489,87,103,0.8489583333333334,0.8443649373881932,0.8489583333333334,0.8489583333333334,0.8373287671232876,0.8349261511728931,0.6698440783593806,323,"all","RF#323","RF",323
547,158,418,28,0.951304347826087,0.8494623655913979,0.951304347826087,0.951304347826087,0.7103896103896105,0.6125108601216334,0.22547714962506982,323,"all","NB#323","NB",323
460,483,93,115,0.8385416666666666,0.8318264014466547,0.8385416666666666,0.8385416666666666,0.8228279386712095,0.8192875760208514,0.6385628749747124,323,"all","MLP#323","MLP",323
444,431,145,131,0.7721739130434783,0.7669039145907474,0.7721739130434783,0.7721739130434783,0.7628865979381444,0.7602085143353605,0.520426802573617,324,"all","DT#324","DT",324
474,495,81,101,0.859375,0.8540540540540541,0.859375,0.859375,0.8447098976109215,0.841876629018245,0.6837434705154141,324,"all","RF#324","RF",324
468,429,147,107,0.8139130434782609,0.8003731343283582,0.8139130434782609,0.8139130434782609,0.7865546218487395,0.7793223284100782,0.5586709739750015,324,"all","NB#324","NB",324
458,494,82,117,0.8576388888888888,0.8481481481481481,0.8576388888888888,0.8576388888888888,0.8323504633529907,0.8271068635968722,0.6541951944924624,324,"all","MLP#324","MLP",324
463,438,138,112,0.8052173913043478,0.7963636363636364,0.8052173913043478,0.8052173913043478,0.7874149659863945,0.7827975673327541,0.5656118570225201,325,"all","DT#325","DT",325
481,519,57,94,0.9010416666666666,0.8940520446096655,0.9010416666666666,0.9010416666666666,0.8730025231286795,0.8688097306689835,0.7376046065375028,325,"all","RF#325","RF",325
489,368,208,86,0.8504347826086956,0.8105726872246696,0.8504347826086956,0.8504347826086956,0.7688679245283019,0.7445699391833188,0.48923356507406535,325,"all","NB#325","NB",325
471,485,91,104,0.8420138888888888,0.8380782918149466,0.8420138888888888,0.8420138888888888,0.8326180257510729,0.8305821025195482,0.6611572992827456,325,"all","MLP#325","MLP",325
433,439,137,142,0.7621527777777778,0.7596491228070176,0.7621527777777778,0.7621527777777778,0.7588591184096803,0.7576020851433536,0.5152001449286301,326,"all","DT#326","DT",326
479,508,68,96,0.8819444444444444,0.8756855575868373,0.8819444444444444,0.8819444444444444,0.8610169491525423,0.8575152041702867,0.7150181469023449,326,"all","RF#326","RF",326
489,391,185,86,0.8504347826086956,0.8197064989517819,0.8504347826086956,0.8504347826086956,0.7830264211369095,0.7645525629887054,0.5291751383775672,326,"all","NB#326","NB",326
447,509,67,128,0.8836805555555556,0.8696498054474708,0.8836805555555556,0.8836805555555556,0.8392415498763397,0.8305821025195482,0.661132743202499,326,"all","MLP#326","MLP",326
476,426,150,99,0.8278260869565217,0.8114285714285714,0.8278260869565217,0.8278260869565217,0.7926727726894255,0.7836663770634231,0.5673657372394336,327,"all","DT#327","DT",327
479,499,77,96,0.8663194444444444,0.8615107913669064,0.8663194444444444,0.8663194444444444,0.8522630230572161,0.8496959165942659,0.6993829835094909,327,"all","RF#327","RF",327
430,462,114,145,0.8020833333333334,0.7904411764705882,0.8020833333333334,0.8020833333333334,0.7810650887573964,0.7749782797567333,0.5499351569895331,327,"all","NB#327","NB",327
487,468,108,88,0.8469565217391304,0.841726618705036,0.8469565217391304,0.8469565217391304,0.8324786324786324,0.8297132927888793,0.6594366112134296,327,"all","MLP#327","MLP",327
451,407,169,124,0.7843478260869565,0.7664783427495292,0.7843478260869565,0.7843478260869565,0.7548117154811715,0.7454387489139879,0.4909116983296728,328,"all","DT#328","DT",328
463,497,79,112,0.8628472222222222,0.8542435424354243,0.8628472222222222,0.8628472222222222,0.838818565400844,0.8340573414422241,0.6680978973892117,328,"all","RF#328","RF",328
467,420,156,108,0.8121739130434783,0.7954545454545454,0.8121739130434783,0.8121739130434783,0.7796327212020033,0.7706342311033884,0.5413013549742772,328,"all","NB#328","NB",328
465,481,95,110,0.8350694444444444,0.8303571428571429,0.8350694444444444,0.8350694444444444,0.8243359040274206,0.8218940052128584,0.6437796749624463,328,"all","MLP#328","MLP",328
448,453,123,127,0.7864583333333334,0.7845884413309983,0.7864583333333334,0.7864583333333334,0.7837370242214532,0.7827975673327541,0.5655921835276783,329,"all","DT#329","DT",329
483,500,76,92,0.8680555555555556,0.8640429338103757,0.8680555555555556,0.8680555555555556,0.8561643835616439,0.8540399652476107,0.7080726587598734,329,"all","RF#329","RF",329
509,345,231,66,0.8852173913043478,0.8394160583941606,0.8852173913043478,0.8852173913043478,0.7741444866920152,0.7419635099913119,0.4840551493061057,329,"all","NB#329","NB",329
451,482,94,124,0.8368055555555556,0.8275229357798165,0.8368055555555556,0.8368055555555556,0.8155668358714044,0.8105994787141616,0.6211815148632939,329,"all","MLP#329","MLP",329
442,445,131,133,0.7725694444444444,0.7713787085514834,0.7725694444444444,0.7725694444444444,0.7712305025996535,0.7706342311033884,0.5412667308778106,330,"all","DT#330","DT",330
468,505,71,107,0.8767361111111112,0.8682745825602969,0.8767361111111112,0.8767361111111112,0.8501683501683501,0.845351867940921,0.6906866919095845,330,"all","RF#330","RF",330
384,516,60,191,0.8958333333333334,0.8648648648648649,0.8958333333333334,0.8958333333333334,0.8043647700701481,0.7819287576020851,0.5637709148397403,330,"all","NB#330","NB",330
479,486,90,96,0.84375,0.8418277680140598,0.84375,0.84375,0.8393782383419689,0.838401390095569,0.6767996086921076,330,"all","MLP#330","MLP",330
447,433,143,128,0.7773913043478261,0.7718360071301248,0.7773913043478261,0.7773913043478261,0.7673819742489271,0.7645525629887054,0.5291154336782832,331,"all","DT#331","DT",331
485,512,64,90,0.8888888888888888,0.8834244080145719,0.8888888888888888,0.8888888888888888,0.8692699490662139,0.8662033014769766,0.7323958971819546,331,"all","RF#331","RF",331
485,439,137,90,0.8434782608695652,0.8298676748582231,0.8434782608695652,0.8434782608695652,0.810359231411863,0.8027801911381407,0.6055880696870843,331,"all","NB#331","NB",331
488,486,90,87,0.8486956521739131,0.8481675392670157,0.8486956521739131,0.8486956521739131,0.8464874241110147,0.8462206776715899,0.6924425161117931,331,"all","MLP#331","MLP",331
459,423,153,116,0.7982608695652174,0.7847866419294991,0.7982608695652174,0.7982608695652174,0.7733782645324347,0.7662901824500434,0.5326061195253284,332,"all","DT#332","DT",332
483,507,69,92,0.8802083333333334,0.875,0.8802083333333334,0.8802083333333334,0.8629787234042554,0.8601216333622936,0.7202333414354665,332,"all","RF#332","RF",332
495,397,179,80,0.8608695652173913,0.8322851153039832,0.8608695652173913,0.8608695652173913,0.7926341072858286,0.7749782797567333,0.5500234717335422,332,"all","NB#332","NB",332
461,493,83,114,0.8559027777777778,0.8474264705882353,0.8559027777777778,0.8559027777777778,0.8334742180896028,0.8288444830582102,0.6576726869765946,332,"all","MLP#332","MLP",332
444,442,134,131,0.7721739130434783,0.7713787085514834,0.7721739130434783,0.7721739130434783,0.7701647875108412,0.7697654213727194,0.5395325806193513,333,"all","DT#333","DT",333
476,509,67,99,0.8836805555555556,0.8766114180478821,0.8836805555555556,0.8836805555555556,0.8597972972972973,0.8557775847089487,0.7115410164742257,333,"all","RF#333","RF",333
487,380,196,88,0.8469565217391304,0.811965811965812,0.8469565217391304,0.8469565217391304,0.7742448330683624,0.7532580364900087,0.5065961467635107,333,"all","NB#333","NB",333
470,487,89,105,0.8454861111111112,0.8407871198568873,0.8454861111111112,0.8454861111111112,0.833904109589041,0.8314509122502172,0.6628934273774728,333,"all","MLP#333","MLP",333
450,454,122,125,0.7881944444444444,0.7867132867132867,0.7881944444444444,0.7881944444444444,0.7861471861471861,0.7854039965247611,0.5708057252674757,334,"all","DT#334","DT",334
478,496,80,97,0.8611111111111112,0.8566308243727598,0.8611111111111112,0.8611111111111112,0.8485885372112917,0.8462206776715899,0.6924332297175502,334,"all","RF#334","RF",334
368,503,73,207,0.8732638888888888,0.8344671201814059,0.8732638888888888,0.8732638888888888,0.7822706065318817,0.7567332754126846,0.5133677404547419,334,"all","NB#334","NB",334
464,465,111,111,0.8072916666666666,0.8072916666666666,0.8072916666666666,0.8072916666666666,0.8072916666666666,0.8071242397914856,0.614248188405797,334,"all","MLP#334","MLP",334
452,436,140,123,0.7860869565217391,0.7799642218246869,0.7860869565217391,0.7860869565217391,0.7746358183376177,0.7715030408340573,0.5430174648295559,335,"all","DT#335","DT",335
485,501,75,90,0.8697916666666666,0.8660714285714286,0.8697916666666666,0.8697916666666666,0.858611825192802,0.8566463944396178,0.7132860798478228,335,"all","RF#335","RF",335
425,479,97,150,0.8315972222222222,0.814176245210728,0.8315972222222222,0.8315972222222222,0.7950207468879668,0.7854039965247611,0.5707733257642897,335,"all","NB#335","NB",335
462,484,92,113,0.8402777777777778,0.8339350180505415,0.8402777777777778,0.8402777777777778,0.8252344416027281,0.8218940052128584,0.6437764482267704,335,"all","MLP#335","MLP",335
451,426,150,124,0.7843478260869565,0.7745454545454545,0.7843478260869565,0.7843478260869565,0.7670068027210885,0.7619461337966985,0.5239105952966822,336,"all","DT#336","DT",336
488,480,96,87,0.8486956521739131,0.8465608465608465,0.8486956521739131,0.8486956521739131,0.8421052631578948,0.8410078192875761,0.6820197189349783,336,"all","RF#336","RF",336
454,436,140,121,0.7895652173913044,0.7827648114901257,0.7895652173913044,0.7895652173913044,0.7767322497861421,0.7732406602953953,0.5464939864345678,336,"all","NB#336","NB",336
477,455,121,98,0.8295652173913044,0.8227848101265823,0.8295652173913044,0.8295652173913044,0.8132992327365729,0.8097306689834927,0.6194742634238245,336,"all","MLP#336","MLP",336
456,438,138,119,0.7930434782608695,0.7863554757630161,0.7930434782608695,0.7930434782608695,0.780153977758768,0.7767158992180713,0.5534442701673715,337,"all","DT#337","DT",337
473,513,63,102,0.890625,0.8824626865671642,0.890625,0.890625,0.8614609571788414,0.8566463944396178,0.7132756910506507,337,"all","RF#337","RF",337
490,342,234,85,0.8521739130434782,0.8009367681498829,0.8521739130434782,0.8521739130434782,0.7544264819091608,0.7228496959165943,0.44582362964852423,337,"all","NB#337","NB",337
458,494,82,117,0.8576388888888888,0.8481481481481481,0.8576388888888888,0.8576388888888888,0.8323504633529907,0.8271068635968722,0.6541951944924624,337,"all","MLP#337","MLP",337
440,448,128,135,0.7777777777777778,0.7746478873239436,0.7777777777777778,0.7777777777777778,0.7730802415875755,0.7715030408340573,0.5430009073163513,338,"all","DT#338","DT",338
493,496,80,82,0.8611111111111112,0.8603839441535777,0.8611111111111112,0.8611111111111112,0.8596187175043328,0.8592528236316247,0.7185045848568384,338,"all","RF#338","RF",338
486,412,164,89,0.8452173913043478,0.8223552894211577,0.8452173913043478,0.8452173913043478,0.7934693877551021,0.7801911381407471,0.5604317144043172,338,"all","NB#338","NB",338
451,486,90,124,0.84375,0.833641404805915,0.84375,0.84375,0.8195615514333896,0.8140747176368376,0.6281300670626211,338,"all","MLP#338","MLP",338
460,448,128,115,0.8,0.7957371225577264,0.8,0.8,0.7910576096302666,0.788879235447437,0.5777664387625243,339,"all","DT#339","DT",339
488,499,77,87,0.8663194444444444,0.863716814159292,0.8663194444444444,0.8663194444444444,0.8588640275387264,0.8575152041702867,0.7150258910913511,339,"all","RF#339","RF",339
495,403,173,80,0.8608695652173913,0.8343685300207039,0.8608695652173913,0.8608695652173913,0.7964601769911505,0.7801911381407471,0.5604436575178907,339,"all","NB#339","NB",339
464,504,72,111,0.875,0.8656716417910447,0.875,0.875,0.8463476070528968,0.8410078192875761,0.6819966755289035,339,"all","MLP#339","MLP",339
455,462,114,120,0.8020833333333334,0.7996485061511424,0.8020833333333334,0.8020833333333334,0.7979274611398963,0.7966985230234579,0.5933930560965227,340,"all","DT#340","DT",340
480,504,72,95,0.875,0.8695652173913043,0.875,0.875,0.8578723404255318,0.8549087749782798,0.7098072547808876,340,"all","RF#340","RF",340
522,339,237,53,0.9078260869565218,0.8647959183673469,0.9078260869565218,0.9078260869565218,0.7826086956521738,0.7480451781059948,0.49622991198097155,340,"all","NB#340","NB",340
463,478,98,112,0.8298611111111112,0.8253119429590018,0.8298611111111112,0.8298611111111112,0.8198970840480275,0.8175499565595135,0.6350919252520434,340,"all","MLP#340","MLP",340
449,438,138,126,0.7808695652173913,0.776595744680851,0.7808695652173913,0.7808695652173913,0.7728055077452668,0.7706342311033884,0.5412764261517001,341,"all","DT#341","DT",341
474,496,80,101,0.8611111111111112,0.855595667870036,0.8611111111111112,0.8611111111111112,0.845694799658994,0.8427454387489139,0.6854806689221729,341,"all","RF#341","RF",341
433,448,128,142,0.7777777777777778,0.7718360071301248,0.7777777777777778,0.7777777777777778,0.7684391080617496,0.7654213727193745,0.5308324753240559,341,"all","NB#341","NB",341
453,473,103,122,0.8211805555555556,0.814748201438849,0.8211805555555556,0.8211805555555556,0.8078565328778821,0.8045178105994787,0.6090241115007828,341,"all","MLP#341","MLP",341
444,429,147,131,0.7721739130434783,0.7660714285714286,0.7721739130434783,0.7721739130434783,0.7615780445969127,0.7584708948740226,0.516953092920461,342,"all","DT#342","DT",342
484,507,69,91,0.8802083333333334,0.8752260397830018,0.8802083333333334,0.8802083333333334,0.8637137989778535,0.8609904430929627,0.7219714422882404,342,"all","RF#342","RF",342
489,408,168,86,0.8504347826086956,0.8259109311740891,0.8504347826086956,0.8504347826086956,0.793831168831169,0.7793223284100782,0.5586989533300527,342,"all","NB#342","NB",342
478,479,97,97,0.8315972222222222,0.8315972222222222,0.8315972222222222,0.8315972222222222,0.8315972222222223,0.8314509122502172,0.6629015700483091,342,"all","MLP#342","MLP",342
449,455,121,126,0.7899305555555556,0.787719298245614,0.7899305555555556,0.7899305555555556,0.7865168539325842,0.7854039965247611,0.5708044293812604,343,"all","DT#343","DT",343
482,517,59,93,0.8975694444444444,0.8909426987060998,0.8975694444444444,0.8975694444444444,0.8718381112984823,0.8679409209383145,0.7358680850164412,343,"all","RF#343","RF",343
490,396,180,85,0.8521739130434782,0.8232848232848233,0.8521739130434782,0.8521739130434782,0.78714859437751,0.7697654213727194,0.5395965252567945,343,"all","NB#343","NB",343
461,508,68,114,0.8819444444444444,0.8714555765595463,0.8819444444444444,0.8819444444444444,0.8480801335559265,0.841876629018245,0.6837310562025745,343,"all","MLP#343","MLP",343
461,435,141,114,0.8017391304347826,0.7923497267759563,0.8017391304347826,0.8017391304347826,0.7833474936278676,0.7784535186794093,0.5569247630304925,344,"all","DT#344","DT",344
490,493,83,85,0.8559027777777778,0.8551483420593369,0.8559027777777778,0.8559027777777778,0.854419410745234,0.8540399652476107,0.7080788287404248,344,"all","RF#344","RF",344
457,425,151,118,0.7947826086956522,0.7826887661141805,0.7947826086956522,0.7947826086956522,0.7726120033812343,0.7662901824500434,0.5326032972391169,344,"all","NB#344","NB",344
483,479,97,92,0.84,0.8388791593695272,0.84,0.84,0.8363636363636364,0.8357949609035621,0.6715921528370106,344,"all","MLP#344","MLP",344
457,433,143,118,0.7947826086956522,0.7858439201451906,0.7947826086956522,0.7947826086956522,0.777872340425532,0.7732406602953953,0.546498094123863,345,"all","DT#345","DT",345
483,490,86,92,0.8506944444444444,0.8488576449912126,0.8506944444444444,0.8506944444444444,0.846286701208981,0.845351867940921,0.690700700791372,345,"all","RF#345","RF",345
469,426,150,106,0.8156521739130435,0.8007518796992481,0.8156521739130435,0.8156521739130435,0.7855946398659966,0.7775847089487402,0.5551986281104516,345,"all","NB#345","NB",345
467,479,97,108,0.8315972222222222,0.8280141843971631,0.8315972222222222,0.8315972222222222,0.823731728288908,0.8218940052128584,0.6437818260870878,345,"all","MLP#345","MLP",345
441,453,123,134,0.7864583333333334,0.7819148936170213,0.7864583333333334,0.7864583333333334,0.7790197764402407,0.7767158992180713,0.5534240453872272,346,"all","DT#346","DT",346
466,514,62,109,0.8923611111111112,0.8825757575757576,0.8923611111111112,0.8923611111111112,0.8573811509591327,0.8514335360556038,0.7028457635128096,346,"all","RF#346","RF",346
386,496,80,189,0.8611111111111112,0.8283261802575107,0.8611111111111112,0.8611111111111112,0.7866772402854877,0.7662901824500434,0.53250308399178,346,"all","NB#346","NB",346
441,468,108,134,0.8125,0.8032786885245902,0.8125,0.8125,0.7945670628183362,0.789748045178106,0.5794792670002145,346,"all","MLP#346","MLP",346
434,451,125,141,0.7829861111111112,0.776386404293381,0.7829861111111112,0.7829861111111112,0.7722602739726028,0.7688966116420504,0.5377817097031329,347,"all","DT#347","DT",347
472,519,57,103,0.9010416666666666,0.8922495274102079,0.9010416666666666,0.9010416666666666,0.8664440734557596,0.8609904430929627,0.7219613680901754,347,"all","RF#347","RF",347
506,354,222,69,0.88,0.8368794326241135,0.88,0.88,0.7766692248656945,0.7471763683753258,0.49446912171554575,347,"all","NB#347","NB",347
445,488,88,130,0.8472222222222222,0.8348968105065666,0.8472222222222222,0.8472222222222222,0.8174204355108876,0.8105994787141616,0.6211746517744181,347,"all","MLP#347","MLP",347
447,455,121,128,0.7899305555555556,0.7869718309859155,0.7899305555555556,0.7899305555555556,0.7851596203623814,0.7836663770634231,0.5673278552158613,348,"all","DT#348","DT",348
469,508,68,106,0.8819444444444444,0.8733705772811918,0.8819444444444444,0.8819444444444444,0.853781512605042,0.8488271068635969,0.6976366397830793,348,"all","RF#348","RF",348
454,435,141,121,0.7895652173913044,0.7823741007194245,0.7895652173913044,0.7895652173913044,0.7760683760683761,0.7723718505647263,0.5447571027444823,348,"all","NB#348","NB",348
445,500,76,130,0.8680555555555556,0.8541266794625719,0.8680555555555556,0.8680555555555556,0.8291873963515753,0.8210251954821894,0.6420209376972157,348,"all","MLP#348","MLP",348
436,452,124,139,0.7847222222222222,0.7785714285714286,0.7847222222222222,0.7847222222222222,0.774635818337618,0.7715030408340573,0.5429953878786505,349,"all","DT#349","DT",349
474,502,74,101,0.8715277777777778,0.864963503649635,0.8715277777777778,0.8715277777777778,0.8515691263782867,0.8479582971329279,0.6959039695156657,349,"all","RF#349","RF",349
478,422,154,97,0.831304347826087,0.8131021194605009,0.831304347826087,0.831304347826087,0.7920463960231982,0.7819287576020851,0.5638947131662885,349,"all","NB#349","NB",349
462,483,93,113,0.8385416666666666,0.8324324324324325,0.8385416666666666,0.8385416666666666,0.8242320819112628,0.8210251954821894,0.6420393127811831,349,"all","MLP#349","MLP",349
465,428,148,110,0.808695652173913,0.7955390334572491,0.808695652173913,0.808695652173913,0.782828282828283,0.7758470894874022,0.5517195571510088,350,"all","DT#350","DT",350
489,502,74,86,0.8715277777777778,0.8685612788632326,0.8715277777777778,0.8715277777777778,0.8625429553264605,0.8609904430929627,0.7219756396553079,350,"all","RF#350","RF",350
527,296,280,48,0.9165217391304348,0.8604651162790697,0.9165217391304348,0.9165217391304348,0.7626628075253257,0.7150304083405734,0.4302599331152132,350,"all","NB#350","NB",350
473,487,89,102,0.8454861111111112,0.8416370106761566,0.8454861111111112,0.8454861111111112,0.8360515021459228,0.8340573414422241,0.6681079187846379,350,"all","MLP#350","MLP",350
455,437,139,120,0.7913043478260869,0.7845601436265709,0.7913043478260869,0.7913043478260869,0.7784431137724551,0.7749782797567333,0.5499691283009697,351,"all","DT#351","DT",351
480,503,73,95,0.8732638888888888,0.8679927667269439,0.8732638888888888,0.8732638888888888,0.8568994889267462,0.8540399652476107,0.7080700144026522,351,"all","RF#351","RF",351
286,539,37,289,0.9357638888888888,0.8854489164086687,0.9357638888888888,0.9357638888888888,0.7678062678062677,0.7167680278019114,0.4333200432531701,351,"all","NB#351","NB",351
470,491,85,105,0.8524305555555556,0.8468468468468469,0.8524305555555556,0.8524305555555556,0.8378839590443686,0.8349261511728931,0.6698420846040037,351,"all","MLP#351","MLP",351
444,441,135,131,0.7721739130434783,0.7709790209790209,0.7721739130434783,0.7721739130434783,0.7694974003466204,0.7688966116420504,0.5377956654851117,352,"all","DT#352","DT",352
473,511,65,102,0.8871527777777778,0.879182156133829,0.8871527777777778,0.8871527777777778,0.8595458368376787,0.8549087749782798,0.7098011211375032,352,"all","RF#352","RF",352
532,272,304,43,0.9252173913043479,0.8634920634920635,0.9252173913043479,0.9252173913043479,0.7540751240255139,0.6985230234578628,0.3972830753582904,352,"all","NB#352","NB",352
432,492,84,143,0.8541666666666666,0.8372093023255814,0.8541666666666666,0.8541666666666666,0.8125516102394715,0.8027801911381407,0.6055249486291804,352,"all","MLP#352","MLP",352
448,440,136,127,0.7791304347826087,0.7760141093474426,0.7791304347826087,0.7791304347826087,0.7730802415875754,0.7715030408340573,0.5430119457917991,353,"all","DT#353","DT",353
483,508,68,92,0.8819444444444444,0.8765880217785844,0.8819444444444444,0.8819444444444444,0.8639455782312925,0.8609904430929627,0.7219706027996184,353,"all","RF#353","RF",353
383,518,58,192,0.8993055555555556,0.8684807256235828,0.8993055555555556,0.8993055555555556,0.8055987558320373,0.7827975673327541,0.565506911120305,353,"all","NB#353","NB",353
465,490,86,110,0.8506944444444444,0.8439201451905626,0.8506944444444444,0.8506944444444444,0.8333333333333334,0.8297132927888793,0.6594139884295326,353,"all","MLP#353","MLP",353
445,451,125,130,0.7829861111111112,0.7807017543859649,0.7829861111111112,0.7829861111111112,0.7796024200518582,0.7784535186794093,0.5569033582681029,354,"all","DT#354","DT",354
477,504,72,98,0.875,0.8688524590163934,0.875,0.875,0.8556876061120543,0.8523023457862728,0.7045928735125474,354,"all","RF#354","RF",354
225,547,29,350,0.9496527777777778,0.8858267716535433,0.9496527777777778,0.9496527777777778,0.7427019687712152,0.6707211120764552,0.3411224340297759,354,"all","NB#354","NB",354
463,482,94,112,0.8368055555555556,0.8312387791741472,0.8368055555555556,0.8368055555555556,0.8239316239316239,0.8210251954821894,0.6420403936097298,354,"all","MLP#354","MLP",354
425,440,136,150,0.7638888888888888,0.7575757575757576,0.7638888888888888,0.7638888888888888,0.7547169811320754,0.7515204170286707,0.503029955343259,355,"all","DT#355","DT",355
464,514,62,111,0.8923611111111112,0.8821292775665399,0.8923611111111112,0.8923611111111112,0.8559533721898418,0.8496959165942659,0.6993693676011663,355,"all","RF#355","RF",355
485,379,197,90,0.8434782608695652,0.8081023454157783,0.8434782608695652,0.8434782608695652,0.771678599840891,0.7506516072980017,0.5013833816095529,355,"all","NB#355","NB",355
436,488,88,139,0.8472222222222222,0.8320610687022901,0.8472222222222222,0.8472222222222222,0.8113050706566916,0.8027801911381407,0.6055297131874584,355,"all","MLP#355","MLP",355
463,440,136,112,0.8052173913043478,0.7971014492753623,0.8052173913043478,0.8052173913043478,0.7887563884156729,0.7845351867940921,0.569085661147543,356,"all","DT#356","DT",356
483,493,83,92,0.8559027777777778,0.8533568904593639,0.8559027777777778,0.8559027777777778,0.8492678725236865,0.8479582971329279,0.695912233107032,356,"all","RF#356","RF",356
446,455,121,129,0.7899305555555556,0.7865961199294532,0.7899305555555556,0.7899305555555556,0.7844827586206897,0.7827975673327541,0.5655895602603895,356,"all","NB#356","NB",356
469,479,97,106,0.8315972222222222,0.8286219081272085,0.8315972222222222,0.8315972222222222,0.8251507321274764,0.8236316246741964,0.6472581904041571,356,"all","MLP#356","MLP",356
462,443,133,113,0.8034782608695652,0.7967625899280576,0.8034782608695652,0.8034782608695652,0.7897435897435898,0.7862728062554301,0.5725581957066513,357,"all","DT#357","DT",357
492,509,67,83,0.8836805555555556,0.8801431127012522,0.8836805555555556,0.8836805555555556,0.8715753424657535,0.8696785403996524,0.7393505881784583,357,"all","RF#357","RF",357
526,329,247,49,0.9147826086956522,0.8703703703703703,0.9147826086956522,0.9147826086956522,0.7804154302670624,0.7428323197219809,0.48581794693011465,357,"all","NB#357","NB",357
473,486,90,102,0.84375,0.8401420959147424,0.84375,0.84375,0.8350515463917526,0.8331885317115552,0.6663707675863693,357,"all","MLP#357","MLP",357
442,444,132,133,0.7708333333333334,0.7700348432055749,0.7708333333333334,0.7708333333333334,0.7701647875108414,0.7697654213727194,0.5395298000147948,358,"all","DT#358","DT",358
474,496,80,101,0.8611111111111112,0.855595667870036,0.8611111111111112,0.8611111111111112,0.845694799658994,0.8427454387489139,0.6854806689221729,358,"all","RF#358","RF",358
503,362,214,72,0.8747826086956522,0.8341013824884793,0.8747826086956522,0.8747826086956522,0.7786377708978328,0.7515204170286707,0.5031469703052786,358,"all","NB#358","NB",358
457,487,89,118,0.8454861111111112,0.836996336996337,0.8454861111111112,0.8454861111111112,0.8247248094834886,0.8201563857515204,0.6402967521223001,358,"all","MLP#358","MLP",358
460,444,132,115,0.8,0.7942754919499105,0.8,0.8,0.7883461868037703,0.7854039965247611,0.5708186836992409,359,"all","DT#359","DT",359
477,492,84,98,0.8541666666666666,0.8502673796791443,0.8541666666666666,0.8541666666666666,0.843910806174957,0.841876629018245,0.6837463352184376,359,"all","RF#359","RF",359
382,505,71,193,0.8767361111111112,0.8432671081677704,0.8767361111111112,0.8767361111111112,0.792778649921507,0.7706342311033884,0.5411836117159259,359,"all","NB#359","NB",359
456,470,106,119,0.8159722222222222,0.8113879003558719,0.8159722222222222,0.8159722222222222,0.8068669527896997,0.8045178105994787,0.6090276530185526,359,"all","MLP#359","MLP",359
454,458,118,121,0.7951388888888888,0.7937062937062938,0.7951388888888888,0.7951388888888888,0.7930735930735932,0.792354474370113,0.5847067544086101,360,"all","DT#360","DT",360
470,516,60,105,0.8958333333333334,0.8867924528301887,0.8958333333333334,0.8958333333333334,0.862155388471178,0.8566463944396178,0.7132730937337229,360,"all","RF#360","RF",360
513,353,223,62,0.8921739130434783,0.8506024096385543,0.8921739130434783,0.8921739130434783,0.7826086956521741,0.7523892267593397,0.5048984169004815,360,"all","NB#360","NB",360
426,504,72,149,0.875,0.8554216867469879,0.875,0.875,0.8201790073230268,0.8079930495221547,0.6159411646583315,360,"all","MLP#360","MLP",360
439,440,136,136,0.7638888888888888,0.7638888888888888,0.7638888888888888,0.7638888888888888,0.763888888888889,0.7636837532580365,0.5273671497584541,361,"all","DT#361","DT",361
475,493,83,100,0.8559027777777778,0.8512544802867383,0.8559027777777778,0.8559027777777778,0.8434559452523523,0.8410078192875761,0.6820072375045858,361,"all","RF#361","RF",361
409,475,101,166,0.8246527777777778,0.8019607843137255,0.8246527777777778,0.8246527777777778,0.7806080525883321,0.7680278019113814,0.5360097231763382,361,"all","NB#361","NB",361
464,459,117,111,0.8069565217391305,0.8052631578947368,0.8069565217391305,0.8069565217391305,0.8027681660899654,0.8019113814074718,0.6038260523002509,361,"all","MLP#361","MLP",361
442,454,122,133,0.7881944444444444,0.7836879432624113,0.7881944444444444,0.7881944444444444,0.7807394668959587,0.7784535186794093,0.5568993446449142,362,"all","DT#362","DT",362
460,512,64,115,0.8888888888888888,0.8778625954198473,0.8888888888888888,0.8888888888888888,0.8512053200332501,0.8444830582102519,0.6889419324253527,362,"all","RF#362","RF",362
474,389,187,101,0.8243478260869566,0.7938775510204081,0.8243478260869566,0.8243478260869566,0.766990291262136,0.7497827975673328,0.4996301808641995,362,"all","NB#362","NB",362
445,495,81,130,0.859375,0.8460076045627376,0.859375,0.859375,0.8243130724396337,0.8166811468288445,0.6333348934326363,362,"all","MLP#362","MLP",362
443,444,132,132,0.7708333333333334,0.7708333333333334,0.7708333333333334,0.7708333333333334,0.7708333333333333,0.7706342311033884,0.541268115942029,363,"all","DT#363","DT",363
480,495,81,95,0.859375,0.8556149732620321,0.859375,0.859375,0.8490566037735848,0.8470894874022589,0.6941722802112363,363,"all","RF#363","RF",363
485,397,179,90,0.8434782608695652,0.8151950718685832,0.8434782608695652,0.8434782608695652,0.7828894269572236,0.7662901824500434,0.5326428061447058,363,"all","NB#363","NB",363
451,481,95,124,0.8350694444444444,0.826007326007326,0.8350694444444444,0.8350694444444444,0.8145639288738358,0.8097306689834927,0.6194443899264915,363,"all","MLP#363","MLP",363
449,449,127,126,0.7808695652173913,0.7808695652173913,0.7808695652173913,0.7808695652173913,0.7801911381407473,0.7801911381407471,0.5603826081180433,364,"all","DT#364","DT",364
491,510,66,84,0.8854166666666666,0.881508078994614,0.8854166666666666,0.8854166666666666,0.8717948717948718,0.8696785403996524,0.7393498011721332,364,"all","RF#364","RF",364
467,439,137,108,0.8121739130434783,0.8025594149908593,0.8121739130434783,0.8121739130434783,0.7921967769296012,0.787141615986099,0.5743015477885176,364,"all","NB#364","NB",364
444,492,84,131,0.8541666666666666,0.8409090909090909,0.8541666666666666,0.8541666666666666,0.8206839032527106,0.8132059079061685,0.6263850242997314,364,"all","MLP#364","MLP",364
457,444,132,118,0.7947826086956522,0.7900355871886121,0.7947826086956522,0.7947826086956522,0.7852233676975945,0.7827975673327541,0.5656039878384211,365,"all","DT#365","DT",365
479,501,75,96,0.8697916666666666,0.8646209386281588,0.8697916666666666,0.8697916666666666,0.8542199488491048,0.8514335360556038,0.7028574275452573,365,"all","RF#365","RF",365
405,494,82,170,0.8576388888888888,0.8316221765913757,0.8576388888888888,0.8576388888888888,0.7967741935483872,0.7810599478714162,0.562061384966602,365,"all","NB#365","NB",365
463,472,104,112,0.8194444444444444,0.8165784832451499,0.8194444444444444,0.8194444444444444,0.8137931034482759,0.8123370981754996,0.6246693800649766,365,"all","MLP#365","MLP",365
451,448,128,124,0.7843478260869565,0.7832167832167832,0.7843478260869565,0.7843478260869565,0.7816291161178509,0.7810599478714162,0.5621222094069481,366,"all","DT#366","DT",366
474,516,60,101,0.8958333333333334,0.8876404494382022,0.8958333333333334,0.8958333333333334,0.8650461022632021,0.8601216333622936,0.7202257386100286,366,"all","RF#366","RF",366
521,300,276,54,0.9060869565217391,0.847457627118644,0.9060869565217391,0.9060869565217391,0.7594752186588921,0.7132927888792354,0.42677725762199253,366,"all","NB#366","NB",366
456,481,95,119,0.8350694444444444,0.8275862068965517,0.8350694444444444,0.8350694444444444,0.8180272108843538,0.8140747176368376,0.6281356812444897,366,"all","MLP#366","MLP",366
448,428,148,127,0.7791304347826087,0.7711711711711712,0.7791304347826087,0.7791304347826087,0.7651579846285227,0.7610773240660296,0.5221694360535069,367,"all","DT#367","DT",367
474,510,66,101,0.8854166666666666,0.8777777777777778,0.8854166666666666,0.8854166666666666,0.8593091828138164,0.8549087749782798,0.709801997388147,367,"all","RF#367","RF",367
222,552,24,353,0.9583333333333334,0.9024390243902439,0.9583333333333334,0.9583333333333334,0.7454422687373395,0.6724587315377932,0.3445914410992175,367,"all","NB#367","NB",367
460,498,78,115,0.8645833333333334,0.8550185873605948,0.8645833333333334,0.8645833333333334,0.8376787216148023,0.8323197219808862,0.6646204573625037,367,"all","MLP#367","MLP",367
439,443,133,136,0.7690972222222222,0.7674825174825175,0.7690972222222222,0.7690972222222222,0.7670995670995672,0.7662901824500434,0.532577895129356,368,"all","DT#368","DT",368
464,511,65,111,0.8871527777777778,0.8771266540642723,0.8871527777777778,0.8871527777777778,0.8530884808013355,0.8470894874022589,0.6941575048991928,368,"all","RF#368","RF",368
408,491,85,167,0.8524305555555556,0.8275862068965517,0.8524305555555556,0.8524305555555556,0.7957860615883308,0.7810599478714162,0.5620653522930074,368,"all","NB#368","NB",368
467,499,77,108,0.8663194444444444,0.8584558823529411,0.8663194444444444,0.8663194444444444,0.8436179205409974,0.8392701998262381,0.6785251121353808,368,"all","MLP#368","MLP",368
451,438,138,124,0.7843478260869565,0.7793594306049823,0.7843478260869565,0.7843478260869565,0.774914089347079,0.7723718505647263,0.5447529792546655,369,"all","DT#369","DT",369
480,502,74,95,0.8715277777777778,0.8664259927797834,0.8715277777777778,0.8715277777777778,0.855924978687127,0.8531711555169418,0.7063327792698741,369,"all","RF#369","RF",369
535,211,365,40,0.9304347826086956,0.8406374501992032,0.9304347826086956,0.9304347826086956,0.7254237288135593,0.6481320590790617,0.296608698932438,369,"all","NB#369","NB",369
449,508,68,126,0.8819444444444444,0.8684719535783365,0.8819444444444444,0.8819444444444444,0.8396694214876033,0.8314509122502172,0.6628720509948032,369,"all","MLP#369","MLP",369
450,439,137,125,0.782608695652174,0.7783687943262412,0.782608695652174,0.782608695652174,0.7745266781411361,0.7723718505647263,0.54475160474146,370,"all","DT#370","DT",370
501,498,78,74,0.871304347826087,0.8706293706293706,0.871304347826087,0.871304347826087,0.8682842287694975,0.8679409209383145,0.7358832374200639,370,"all","RF#370","RF",370
485,417,159,90,0.8434782608695652,0.8224852071005917,0.8434782608695652,0.8434782608695652,0.7957342083675143,0.7836663770634231,0.5673774923807756,370,"all","NB#370","NB",370
482,486,90,93,0.84375,0.8426573426573427,0.84375,0.84375,0.8415584415584416,0.8410078192875761,0.6820139583965509,370,"all","MLP#370","MLP",370
445,432,144,130,0.7739130434782608,0.7686832740213523,0.7739130434782608,0.7739130434782608,0.7646048109965636,0.7619461337966985,0.5239019706709097,371,"all","DT#371","DT",371
481,498,78,94,0.8645833333333334,0.8604651162790697,0.8645833333333334,0.8645833333333334,0.8527397260273972,0.8505647263249348,0.7011220077779656,371,"all","RF#371","RF",371
477,409,167,98,0.8295652173913044,0.8067061143984221,0.8295652173913044,0.8295652173913044,0.782608695652174,0.7697654213727194,0.5395784557466086,371,"all","NB#371","NB",371
476,474,102,99,0.8278260869565217,0.8272251308900523,0.8278260869565217,0.8278260869565217,0.8256721595836947,0.8253692441355344,0.6507398064320362,371,"all","MLP#371","MLP",371
463,421,155,112,0.8052173913043478,0.7898686679174484,0.8052173913043478,0.8052173913043478,0.7761944677284156,0.7680278019113814,0.5360853688543769,372,"all","DT#372","DT",372
482,505,71,93,0.8767361111111112,0.8716094032549728,0.8767361111111112,0.8767361111111112,0.8603066439522998,0.8575152041702867,0.7150207283454463,372,"all","RF#372","RF",372
505,336,240,70,0.8782608695652174,0.8275862068965517,0.8782608695652174,0.8782608695652174,0.7651515151515152,0.7306689834926151,0.4614757685980349,372,"all","NB#372","NB",372
479,472,104,96,0.8330434782608696,0.8309859154929577,0.8330434782608696,0.8330434782608696,0.8272884283246978,0.8262380538662033,0.6524800425115639,372,"all","MLP#372","MLP",372
444,447,129,131,0.7760416666666666,0.774869109947644,0.7760416666666666,0.7760416666666666,0.7746967071057194,0.7741094700260643,0.5482172349554196,373,"all","DT#373","DT",373
467,519,57,108,0.9010416666666666,0.8912213740458015,0.9010416666666666,0.9010416666666666,0.8628428927680799,0.8566463944396178,0.7132704963697387,373,"all","RF#373","RF",373
219,553,23,356,0.9600694444444444,0.9049586776859504,0.9600694444444444,0.9600694444444444,0.7447811447811449,0.6707211120764552,0.3411104918384393,373,"all","NB#373","NB",373
465,499,77,110,0.8663194444444444,0.8579335793357934,0.8663194444444444,0.8663194444444444,0.8421940928270042,0.8375325803649001,0.6750487267632597,373,"all","MLP#373","MLP",373
426,443,133,149,0.7690972222222222,0.7620751341681574,0.7690972222222222,0.7690972222222222,0.7585616438356164,0.7549956559513467,0.5099791057755019,374,"all","DT#374","DT",374
474,511,65,101,0.8871527777777778,0.8794063079777366,0.8871527777777778,0.8871527777777778,0.8602693602693603,0.8557775847089487,0.7115392744774776,374,"all","RF#374","RF",374
489,367,209,86,0.8504347826086956,0.8101545253863135,0.8504347826086956,0.8504347826086956,0.7682639434406914,0.7437011294526499,0.48749703783868636,374,"all","NB#374","NB",374
453,497,79,122,0.8628472222222222,0.8515037593984962,0.8628472222222222,0.8628472222222222,0.8317991631799163,0.8253692441355344,0.6507155506773538,374,"all","MLP#374","MLP",374
435,440,136,140,0.7638888888888888,0.7618213660245184,0.7638888888888888,0.7638888888888888,0.7612456747404843,0.7602085143353605,0.5204137706145567,375,"all","DT#375","DT",375
468,515,61,107,0.8940972222222222,0.8846880907372401,0.8940972222222222,0.8940972222222222,0.8597662771285476,0.8540399652476107,0.7080594364946841,375,"all","RF#375","RF",375
486,389,187,89,0.8452173913043478,0.8138075313807531,0.8452173913043478,0.8452173913043478,0.7788461538461539,0.7602085143353605,0.5204876090191969,375,"all","NB#375","NB",375
443,513,63,132,0.890625,0.8754940711462451,0.890625,0.890625,0.8402948402948403,0.8305821025195482,0.6611286501764224,375,"all","MLP#375","MLP",375
444,464,112,131,0.8055555555555556,0.7985611510791367,0.8055555555555556,0.8055555555555556,0.7924850555081127,0.788879235447437,0.5777460404208454,376,"all","DT#376","DT",376
479,514,62,96,0.8923611111111112,0.8853974121996303,0.8923611111111112,0.8923611111111112,0.866779089376054,0.8627280625543006,0.7254418252144584,376,"all","RF#376","RF",376
438,470,106,137,0.8159722222222222,0.8051470588235294,0.8159722222222222,0.8159722222222222,0.794590025359256,0.788879235447437,0.5777383905345812,376,"all","NB#376","NB",376
467,484,92,108,0.8402777777777778,0.8354203935599285,0.8402777777777778,0.8402777777777778,0.8287671232876712,0.8262380538662033,0.6524674509046112,376,"all","MLP#376","MLP",376
432,460,116,143,0.7986111111111112,0.7883211678832117,0.7986111111111112,0.7986111111111112,0.7803223070398642,0.7749782797567333,0.5499378748831851,377,"all","DT#377","DT",377
480,504,72,95,0.875,0.8695652173913043,0.875,0.875,0.8578723404255318,0.8549087749782798,0.7098072547808876,377,"all","RF#377","RF",377
478,432,144,97,0.831304347826087,0.8166351606805293,0.831304347826087,0.831304347826087,0.7986633249791144,0.790616854908775,0.5812631048219707,377,"all","NB#377","NB",377
467,505,71,108,0.8767361111111112,0.8680297397769516,0.8767361111111112,0.8767361111111112,0.8494533221194283,0.8444830582102519,0.6889485070875033,377,"all","MLP#377","MLP",377
454,448,128,121,0.7895652173913044,0.7873462214411248,0.7895652173913044,0.7895652173913044,0.7847882454624028,0.7836663770634231,0.5673369997599662,378,"all","DT#378","DT",378
474,501,75,101,0.8697916666666666,0.8633879781420765,0.8697916666666666,0.8697916666666666,0.8505942275042445,0.8470894874022589,0.6941667396365194,378,"all","RF#378","RF",378
478,399,177,97,0.831304347826087,0.8044354838709677,0.831304347826087,0.831304347826087,0.7772357723577236,0.7619461337966985,0.5239494022461055,378,"all","NB#378","NB",378
466,490,86,109,0.8506944444444444,0.8442028985507246,0.8506944444444444,0.8506944444444444,0.8340425531914893,0.8305821025195482,0.6611521837261861,378,"all","MLP#378","MLP",378
477,405,171,98,0.8295652173913044,0.805168986083499,0.8295652173913044,0.8295652173913044,0.7800490596892887,0.7662901824500434,0.5326315185675491,379,"all","DT#379","DT",379
478,495,81,97,0.859375,0.855098389982111,0.859375,0.859375,0.8476027397260274,0.845351867940921,0.690696031305104,379,"all","RF#379","RF",379
459,451,125,116,0.7982608695652174,0.7954144620811288,0.7982608695652174,0.7982608695652174,0.7920621225194132,0.790616854908775,0.5812390834061735,379,"all","NB#379","NB",379
455,476,100,120,0.8263888888888888,0.8198198198198198,0.8263888888888888,0.8263888888888888,0.8122866894197951,0.8088618592528236,0.6177118874362147,379,"all","MLP#379","MLP",379
432,435,141,143,0.7552083333333334,0.7539267015706806,0.7552083333333334,0.7552083333333334,0.7538994800693242,0.7532580364900087,0.506514210489766,380,"all","DT#380","DT",380
458,513,63,117,0.890625,0.8790786948176583,0.890625,0.890625,0.8507462686567163,0.843614248479583,0.6872027610946545,380,"all","RF#380","RF",380
457,421,155,118,0.7947826086956522,0.7810760667903525,0.7947826086956522,0.7947826086956522,0.7700084245998314,0.7628149435273676,0.5256560246483818,380,"all","NB#380","NB",380
433,499,77,142,0.8663194444444444,0.8490196078431372,0.8663194444444444,0.8663194444444444,0.8200493015612161,0.8097306689834927,0.6194237055266595,380,"all","MLP#380","MLP",380
442,423,153,133,0.768695652173913,0.7607913669064749,0.768695652173913,0.768695652173913,0.7555555555555555,0.7515204170286707,0.5030554633012286,381,"all","DT#381","DT",381
491,497,79,84,0.8628472222222222,0.8614035087719298,0.8628472222222222,0.8628472222222222,0.8591184096802074,0.8583840139009556,0.7167656760694147,381,"all","RF#381","RF",381
457,426,150,118,0.7947826086956522,0.7830882352941176,0.7947826086956522,0.7947826086956522,0.7732656514382403,0.7671589921807124,0.5343401284962077,381,"all","NB#381","NB",381
463,475,101,112,0.8246527777777778,0.8209219858156028,0.8246527777777778,0.8246527777777778,0.8168529664660361,0.8149435273675065,0.62988062905634,381,"all","MLP#381","MLP",381
441,433,143,134,0.7669565217391304,0.763668430335097,0.7669565217391304,0.7669565217391304,0.7610008628127696,0.7593397046046916,0.5186855854917429,382,"all","DT#382","DT",382
478,495,81,97,0.859375,0.855098389982111,0.859375,0.859375,0.8476027397260274,0.845351867940921,0.690696031305104,382,"all","RF#382","RF",382
516,301,275,59,0.8973913043478261,0.8361111111111111,0.8973913043478261,0.8973913043478261,0.7554904831625183,0.7098175499565595,0.4198238497108432,382,"all","NB#382","NB",382
455,459,117,120,0.796875,0.7954545454545454,0.796875,0.796875,0.7948051948051948,0.794092093831451,0.5881820116938937,382,"all","MLP#382","MLP",382
450,444,132,125,0.782608695652174,0.7803163444639719,0.782608695652174,0.782608695652174,0.7778738115816768,0.7767158992180713,0.5534361804751459,383,"all","DT#383","DT",383
483,513,63,92,0.890625,0.8846153846153846,0.890625,0.890625,0.8687552921253174,0.8653344917463076,0.7306569883041378,383,"all","RF#383","RF",383
493,409,167,82,0.8573913043478261,0.8329938900203666,0.8573913043478261,0.8573913043478261,0.7983805668016194,0.7836663770634231,0.5673879408590383,383,"all","NB#383","NB",383
469,493,83,106,0.8559027777777778,0.8496376811594203,0.8559027777777778,0.8559027777777778,0.8391489361702127,0.8357949609035621,0.6715782703807649,383,"all","MLP#383","MLP",383
461,435,141,114,0.8017391304347826,0.7923497267759563,0.8017391304347826,0.8017391304347826,0.7833474936278676,0.7784535186794093,0.5569247630304925,384,"all","DT#384","DT",384
482,503,73,93,0.8732638888888888,0.8684684684684685,0.8732638888888888,0.8732638888888888,0.8583617747440272,0.8557775847089487,0.7115462423382348,384,"all","RF#384","RF",384
333,536,40,242,0.9305555555555556,0.8927613941018767,0.9305555555555556,0.9305555555555556,0.791728212703102,0.7549956559513467,0.5098414673556851,384,"all","NB#384","NB",384
473,482,94,102,0.8368055555555556,0.8342151675485009,0.8368055555555556,0.8368055555555556,0.8310344827586208,0.8297132927888793,0.6594222152441456,384,"all","MLP#384","MLP",384
457,436,140,118,0.7947826086956522,0.7870036101083032,0.7947826086956522,0.7947826086956522,0.779863481228669,0.7758470894874022,0.551708729480603,385,"all","DT#385","DT",385
498,503,73,77,0.8732638888888888,0.87215411558669,0.8732638888888888,0.8732638888888888,0.8702422145328719,0.8696785403996524,0.7393553101166069,385,"all","RF#385","RF",385
455,471,105,120,0.8177083333333334,0.8125,0.8177083333333334,0.8177083333333334,0.8071979434447301,0.8045178105994787,0.609026472519758,385,"all","NB#385","NB",385
473,488,88,102,0.8472222222222222,0.8431372549019608,0.8472222222222222,0.8472222222222222,0.83704974271012,0.8349261511728931,0.6698450752280393,385,"all","MLP#385","MLP",385
429,439,137,146,0.7621527777777778,0.7579505300353356,0.7621527777777778,0.7621527777777778,0.7562446167097331,0.7541268462206777,0.5082466398245146,386,"all","DT#386","DT",386
452,503,73,123,0.8732638888888888,0.8609523809523809,0.8732638888888888,0.8732638888888888,0.8369384359400996,0.8297132927888793,0.6594006190080773,386,"all","RF#386","RF",386
520,270,306,55,0.9043478260869565,0.8307692307692308,0.9043478260869565,0.9043478260869565,0.7423269093504641,0.6863596872284969,0.3729565034988251,386,"all","NB#386","NB",386
454,483,93,121,0.8385416666666666,0.829981718464351,0.8385416666666666,0.8385416666666666,0.8186440677966103,0.8140747176368376,0.6281334355920843,386,"all","MLP#386","MLP",386
441,432,144,134,0.7669565217391304,0.7632508833922261,0.7669565217391304,0.7669565217391304,0.7603448275862068,0.7584708948740226,0.5169487175616312,387,"all","DT#387","DT",387
468,500,76,107,0.8680555555555556,0.8602941176470589,0.8680555555555556,0.8680555555555556,0.84530853761623,0.8410078192875761,0.6820005163285119,387,"all","RF#387","RF",387
494,370,206,81,0.8591304347826086,0.8203991130820399,0.8591304347826086,0.8591304347826086,0.7749019607843137,0.7506516072980017,0.5013969284177955,387,"all","NB#387","NB",387
448,492,84,127,0.8541666666666666,0.8421052631578947,0.8541666666666666,0.8541666666666666,0.8234309623430962,0.8166811468288445,0.6333382148901574,387,"all","MLP#387","MLP",387
435,459,117,140,0.796875,0.7880434782608695,0.796875,0.796875,0.7812765957446808,0.7767158992180713,0.5534159549622043,388,"all","DT#388","DT",388
479,521,55,96,0.9045138888888888,0.897003745318352,0.9045138888888888,0.9045138888888888,0.873428331936295,0.8688097306689835,0.737603021926176,388,"all","RF#388","RF",388
507,395,181,68,0.8817391304347826,0.8531317494600432,0.8817391304347826,0.8817391304347826,0.8028503562945368,0.7836663770634231,0.5674062244816329,388,"all","NB#388","NB",388
460,489,87,115,0.8489583333333334,0.8409506398537477,0.8489583333333334,0.8489583333333334,0.8288135593220339,0.8245004344048653,0.6489857663065467,388,"all","MLP#388","MLP",388
433,436,140,142,0.7569444444444444,0.7556719022687609,0.7569444444444444,0.7569444444444444,0.755632582322357,0.7549956559513467,0.5099894625285705,389,"all","DT#389","DT",389
467,499,77,108,0.8663194444444444,0.8584558823529411,0.8663194444444444,0.8663194444444444,0.8436179205409974,0.8392701998262381,0.6785251121353808,389,"all","RF#389","RF",389
461,398,178,114,0.8017391304347826,0.77734375,0.8017391304347826,0.8017391304347826,0.7594728171334432,0.7463075586446568,0.4926637522944642,389,"all","NB#389","NB",389
441,487,89,134,0.8454861111111112,0.8320754716981132,0.8454861111111112,0.8454861111111112,0.8137009189640769,0.8062554300608167,0.6124842418340618,389,"all","MLP#389","MLP",389
469,443,133,106,0.8156521739130435,0.8069216757741348,0.8156521739130435,0.8156521739130435,0.7969413763806288,0.792354474370113,0.584725562212893,390,"all","DT#390","DT",390
474,498,78,101,0.8645833333333334,0.8586956521739131,0.8645833333333334,0.8645833333333334,0.8476595744680852,0.8444830582102519,0.6889550814717298,390,"all","RF#390","RF",390
434,470,106,141,0.8159722222222222,0.8037037037037037,0.8159722222222222,0.8159722222222222,0.7919123841617522,0.7854039965247611,0.570784990148936,390,"all","NB#390","NB",390
462,492,84,113,0.8541666666666666,0.8461538461538461,0.8541666666666666,0.8541666666666666,0.8331922099915325,0.8288444830582102,0.6576737206188074,390,"all","MLP#390","MLP",390
445,455,121,130,0.7899305555555556,0.7862190812720848,0.7899305555555556,0.7899305555555556,0.7838070628768302,0.7819287576020851,0.5638512600563714,391,"all","DT#391","DT",391
469,505,71,106,0.8767361111111112,0.8685185185185185,0.8767361111111112,0.8767361111111112,0.8508845829823084,0.8462206776715899,0.6924248714832456,391,"all","RF#391","RF",391
465,419,157,110,0.808695652173913,0.7920604914933838,0.808695652173913,0.808695652173913,0.7769423558897243,0.7680278019113814,0.5360881700724739,391,"all","NB#391","NB",391
460,501,75,115,0.8697916666666666,0.8598130841121495,0.8697916666666666,0.8697916666666666,0.8406040268456375,0.8349261511728931,0.6698321154659098,391,"all","MLP#391","MLP",391
458,436,140,117,0.7965217391304348,0.7884267631103075,0.7965217391304348,0.7965217391304348,0.7809036658141517,0.7767158992180713,0.5534469666663145,392,"all","DT#392","DT",392
462,507,69,113,0.8802083333333334,0.8700564971751412,0.8802083333333334,0.8802083333333334,0.8478260869565218,0.841876629018245,0.6837320111843178,392,"all","RF#392","RF",392
543,192,384,32,0.9443478260869566,0.8571428571428571,0.9443478260869566,0.9443478260869566,0.7230359520639148,0.6385751520417029,0.277533677755782,392,"all","NB#392","NB",392
436,482,94,139,0.8368055555555556,0.8226415094339623,0.8368055555555556,0.8368055555555556,0.8053467000835421,0.7975673327541268,0.5951068535754995,392,"all","MLP#392","MLP",392
455,432,144,120,0.7913043478260869,0.782608695652174,0.7913043478260869,0.7913043478260869,0.7751277683134582,0.7706342311033884,0.5412847360602877,393,"all","DT#393","DT",393
483,497,79,92,0.8628472222222222,0.8594306049822064,0.8628472222222222,0.8628472222222222,0.8532188841201717,0.8514335360556038,0.7028610162940999,393,"all","RF#393","RF",393
350,532,44,225,0.9236111111111112,0.8883248730964467,0.9236111111111112,0.9236111111111112,0.7981995498874718,0.7662901824500434,0.5324522552207049,393,"all","NB#393","NB",393
487,474,102,88,0.8469565217391304,0.8434163701067615,0.8469565217391304,0.8469565217391304,0.8367697594501717,0.8349261511728931,0.6698590307572002,393,"all","MLP#393","MLP",393
456,424,152,119,0.7930434782608695,0.7808471454880295,0.7930434782608695,0.7930434782608695,0.7709213863060017,0.7645525629887054,0.5291282288171029,394,"all","DT#394","DT",394
486,494,82,89,0.8576388888888888,0.8556338028169014,0.8576388888888888,0.8576388888888888,0.8524590163934427,0.8514335360556038,0.7028637077988444,394,"all","RF#394","RF",394
476,412,164,99,0.8278260869565217,0.8062622309197651,0.8278260869565217,0.8278260869565217,0.7835390946502058,0.7715030408340573,0.5430505762568588,394,"all","NB#394","NB",394
466,480,96,109,0.8333333333333334,0.8291814946619217,0.8333333333333334,0.8333333333333334,0.8240343347639486,0.8218940052128584,0.6437807505280146,394,"all","MLP#394","MLP",394
430,454,122,145,0.7881944444444444,0.7789855072463768,0.7881944444444444,0.7881944444444444,0.7727659574468085,0.7680278019113814,0.5360391438712394,395,"all","DT#395","DT",395
456,524,52,119,0.9097222222222222,0.8976377952755905,0.9097222222222222,0.9097222222222222,0.859721082854799,0.8514335360556038,0.7028367905570159,395,"all","RF#395","RF",395
402,498,78,173,0.8645833333333334,0.8375,0.8645833333333334,0.8645833333333334,0.7987169206094628,0.7819287576020851,0.563794626342848,395,"all","NB#395","NB",395
443,500,76,132,0.8680555555555556,0.8535645472061657,0.8680555555555556,0.8680555555555556,0.8278145695364238,0.8192875760208514,0.6385443213798269,395,"all","MLP#395","MLP",395
443,448,128,132,0.7777777777777778,0.7758318739054291,0.7777777777777778,0.7777777777777778,0.7750865051903114,0.7741094700260643,0.5482158708687855,396,"all","DT#396","DT",396
484,504,72,91,0.875,0.8705035971223022,0.875,0.875,0.860802732707088,0.8583840139009556,0.7167596896650115,396,"all","RF#396","RF",396
390,511,65,185,0.8871527777777778,0.8571428571428571,0.8871527777777778,0.8871527777777778,0.8034591194968553,0.7827975673327541,0.565516095911095,396,"all","NB#396","NB",396
463,494,82,112,0.8576388888888888,0.8495412844036697,0.8576388888888888,0.8576388888888888,0.8358714043993232,0.8314509122502172,0.6628863022177935,396,"all","MLP#396","MLP",396
458,443,133,117,0.7965217391304348,0.7910714285714285,0.7965217391304348,0.7965217391304348,0.7855917667238421,0.7827975673327541,0.5656052993889036,397,"all","DT#397","DT",397
485,495,81,90,0.859375,0.8568904593639576,0.859375,0.859375,0.8527131782945736,0.8514335360556038,0.702862810636014,397,"all","RF#397","RF",397
467,421,155,108,0.8121739130434783,0.7958412098298677,0.8121739130434783,0.8121739130434783,0.7802840434419382,0.7715030408340573,0.5430381600339348,397,"all","NB#397","NB",397
471,476,100,104,0.8263888888888888,0.8248686514886164,0.8263888888888888,0.8263888888888888,0.8235294117647057,0.8227628149435273,0.6455232217585855,397,"all","MLP#397","MLP",397
417,442,134,158,0.7673611111111112,0.7568058076225045,0.7673611111111112,0.7673611111111112,0.7517006802721088,0.7463075586446568,0.49259635010930347,398,"all","DT#398","DT",398
445,512,64,130,0.8888888888888888,0.8742632612966601,0.8888888888888888,0.8888888888888888,0.8407224958949095,0.8314509122502172,0.6628679789954915,398,"all","RF#398","RF",398
463,434,142,112,0.8052173913043478,0.7948717948717948,0.8052173913043478,0.8052173913043478,0.7847457627118642,0.7793223284100782,0.5586643117008591,398,"all","NB#398","NB",398
448,495,81,127,0.859375,0.8468809073724007,0.859375,0.859375,0.8263772954924875,0.8192875760208514,0.638549778517228,398,"all","MLP#398","MLP",398
448,460,116,127,0.7986111111111112,0.7943262411347518,0.7986111111111112,0.7986111111111112,0.7910576096302665,0.788879235447437,0.5777511401910358,399,"all","DT#399","DT",399
468,498,78,107,0.8645833333333334,0.8571428571428571,0.8645833333333334,0.8645833333333334,0.8433530906011855,0.8392701998262381,0.6785260828146161,399,"all","RF#399","RF",399
513,341,235,62,0.8921739130434783,0.8461538461538461,0.8921739130434783,0.8921739130434783,0.7755102040816325,0.7419635099913119,0.48406137889711776,399,"all","NB#399","NB",399
477,478,98,98,0.8298611111111112,0.8298611111111112,0.8298611111111112,0.8298611111111112,0.8298611111111112,0.8297132927888793,0.6594263285024156,399,"all","MLP#399","MLP",399
451,435,141,124,0.7843478260869565,0.778175313059034,0.7843478260869565,0.7843478260869565,0.7729220222793488,0.7697654213727194,0.5395423124708455,400,"all","DT#400","DT",400
495,495,81,80,0.8608695652173913,0.8608695652173913,0.8608695652173913,0.8608695652173913,0.8601216333622937,0.8601216333622936,0.7202434778933003,400,"all","RF#400","RF",400
487,421,155,88,0.8469565217391304,0.8271119842829077,0.8469565217391304,0.8469565217391304,0.8003286770747741,0.788879235447437,0.5778008564954934,400,"all","NB#400","NB",400
467,505,71,108,0.8767361111111112,0.8680297397769516,0.8767361111111112,0.8767361111111112,0.8494533221194283,0.8444830582102519,0.6889485070875033,400,"all","MLP#400","MLP",400
458,454,122,117,0.7965217391304348,0.7950963222416813,0.7965217391304348,0.7965217391304348,0.7930735930735932,0.792354474370113,0.5847117699896589,401,"all","DT#401","DT",401
468,507,69,107,0.8802083333333334,0.8715083798882681,0.8802083333333334,0.8802083333333334,0.8521008403361345,0.8470894874022589,0.6941611988610457,401,"all","RF#401","RF",401
447,458,118,128,0.7951388888888888,0.7911504424778761,0.7951388888888888,0.7951388888888888,0.7882960413080895,0.7862728062554301,0.5725388366370265,401,"all","NB#401","NB",401
438,502,74,137,0.8715277777777778,0.85546875,0.8715277777777778,0.8715277777777778,0.8263374485596708,0.8166811468288445,0.6333271431310648,401,"all","MLP#401","MLP",401
441,422,154,134,0.7669565217391304,0.7589928057553957,0.7669565217391304,0.7669565217391304,0.7538461538461538,0.7497827975673328,0.4995803266809577,402,"all","DT#402","DT",402
478,496,80,97,0.8611111111111112,0.8566308243727598,0.8611111111111112,0.8611111111111112,0.8485885372112917,0.8462206776715899,0.6924332297175502,402,"all","RF#402","RF",402
539,230,346,36,0.9373913043478261,0.8646616541353384,0.9373913043478261,0.9373913043478261,0.7383561643835617,0.6681146828844483,0.33653936110817706,402,"all","NB#402","NB",402
457,486,90,118,0.84375,0.8354661791590493,0.84375,0.84375,0.823728813559322,0.8192875760208514,0.6385596009493155,402,"all","MLP#402","MLP",402
438,430,146,137,0.7617391304347826,0.7583774250440917,0.7617391304347826,0.7617391304347826,0.7558239861949958,0.7541268462206777,0.5082600025060046,403,"all","DT#403","DT",403
472,493,83,103,0.8559027777777778,0.8504504504504504,0.8559027777777778,0.8559027777777778,0.841296928327645,0.838401390095569,0.6767927775597088,403,"all","RF#403","RF",403
381,496,80,194,0.8611111111111112,0.8264642082429501,0.8611111111111112,0.8611111111111112,0.7835703001579779,0.7619461337966985,0.5238099552157225,403,"all","NB#403","NB",403
469,480,96,106,0.8333333333333334,0.8300884955752212,0.8333333333333334,0.8333333333333334,0.8261617900172118,0.8245004344048653,0.6489953048808104,403,"all","MLP#403","MLP",403
441,437,139,134,0.7669565217391304,0.7653239929947461,0.7669565217391304,0.7669565217391304,0.7636363636363636,0.7628149435273676,0.5256331096534599,404,"all","DT#404","DT",404
477,501,75,98,0.8697916666666666,0.8641304347826086,0.8697916666666666,0.8697916666666666,0.8527659574468085,0.8496959165942659,0.6993811681263088,404,"all","RF#404","RF",404
497,370,206,78,0.8643478260869565,0.8258928571428571,0.8643478260869565,0.8643478260869565,0.7777777777777777,0.7532580364900087,0.5066110413446677,404,"all","NB#404","NB",404
451,492,84,124,0.8541666666666666,0.8429906542056075,0.8541666666666666,0.8541666666666666,0.8255033557046981,0.8192875760208514,0.638553052720575,404,"all","MLP#404","MLP",404
474,431,145,101,0.8243478260869566,0.8101503759398496,0.8243478260869566,0.8243478260869566,0.793969849246231,0.7862728062554301,0.5725736816998871,405,"all","DT#405","DT",405
490,503,73,85,0.8732638888888888,0.8703374777975134,0.8732638888888888,0.8732638888888888,0.8642611683848797,0.8627280625543006,0.7254509441596163,405,"all","RF#405","RF",405
461,453,123,114,0.8017391304347826,0.798941798941799,0.8017391304347826,0.8017391304347826,0.7955133735979293,0.794092093831451,0.5881894720633325,405,"all","NB#405","NB",405
474,468,108,101,0.8243478260869566,0.8224956063268892,0.8243478260869566,0.8243478260869566,0.8193604148660328,0.8184187662901824,0.6368410961840679,405,"all","MLP#405","MLP",405
459,420,156,116,0.7982608695652174,0.7835820895522388,0.7982608695652174,0.7982608695652174,0.7714285714285715,0.7636837532580365,0.5273956886661434,406,"all","DT#406","DT",406
467,508,68,108,0.8819444444444444,0.8728971962616823,0.8819444444444444,0.8819444444444444,0.8523489932885906,0.8470894874022589,0.694160275378948,406,"all","RF#406","RF",406
236,548,28,339,0.9513888888888888,0.8939393939393939,0.9513888888888888,0.9513888888888888,0.7491455912508544,0.6811468288444831,0.3619936292552814,406,"all","NB#406","NB",406
468,493,83,107,0.8559027777777778,0.8493647912885662,0.8559027777777778,0.8559027777777778,0.8384353741496599,0.8349261511728931,0.6698400908245469,406,"all","MLP#406","MLP",406
441,449,127,134,0.7795138888888888,0.7764084507042254,0.7795138888888888,0.7795138888888888,0.7748058671268334,0.7732406602953953,0.5464761855877099,407,"all","DT#407","DT",407
480,500,76,95,0.8680555555555556,0.8633093525179856,0.8680555555555556,0.8680555555555556,0.8539709649871906,0.8514335360556038,0.7028583247405948,407,"all","RF#407","RF",407
466,443,133,109,0.8104347826086956,0.802536231884058,0.8104347826086956,0.8104347826086956,0.7938671209540035,0.789748045178106,0.5795110080552639,407,"all","NB#407","NB",407
471,460,116,104,0.8191304347826087,0.8156028368794326,0.8191304347826087,0.8191304347826087,0.8106712564543889,0.8088618592528236,0.6177303551264167,407,"all","MLP#407","MLP",407
454,434,142,121,0.7895652173913044,0.781981981981982,0.7895652173913044,0.7895652173913044,0.775405636208369,0.7715030408340573,0.5430202242984445,408,"all","DT#408","DT",408
494,495,81,81,0.859375,0.859375,0.859375,0.859375,0.859375,0.8592528236316247,0.7185054347826088,408,"all","RF#408","RF",408
361,508,68,214,0.8819444444444444,0.8414918414918415,0.8819444444444444,0.8819444444444444,0.7827426810477658,0.7549956559513467,0.5098829150144809,408,"all","NB#408","NB",408
463,471,105,112,0.8177083333333334,0.8151408450704225,0.8177083333333334,0.8177083333333334,0.8127696289905092,0.8114682884448305,0.6229323075575979,408,"all","MLP#408","MLP",408
453,417,159,122,0.7878260869565218,0.7736549165120594,0.7878260869565218,0.7878260869565218,0.763268744734625,0.7558644656820156,0.511755834894488,409,"all","DT#409","DT",409
494,493,83,81,0.8591304347826086,0.8588850174216028,0.8591304347826086,0.8591304347826086,0.8576388888888888,0.8575152041702867,0.7150310536502003,409,"all","RF#409","RF",409
531,301,275,44,0.9234782608695652,0.8724637681159421,0.9234782608695652,0.9234782608695652,0.7690079652425779,0.7228496959165943,0.4458922084840583,409,"all","NB#409","NB",409
455,485,91,120,0.8420138888888888,0.8333333333333334,0.8420138888888888,0.8420138888888888,0.821337849280271,0.8166811468288445,0.6333459647236973,409,"all","MLP#409","MLP",409
413,459,117,162,0.796875,0.779245283018868,0.796875,0.796875,0.7669172932330827,0.7576020851433536,0.5151708675861132,410,"all","DT#410","DT",410
458,509,67,117,0.8836805555555556,0.8723809523809524,0.8836805555555556,0.8836805555555556,0.8469217970049916,0.840139009556907,0.6802536423341133,410,"all","RF#410","RF",410
489,347,229,86,0.8504347826086956,0.8013856812933026,0.8504347826086956,0.8504347826086956,0.7563805104408353,0.7263249348392702,0.45276759395239247,410,"all","NB#410","NB",410
446,500,76,129,0.8680555555555556,0.8544061302681992,0.8680555555555556,0.8680555555555556,0.8298755186721991,0.8218940052128584,0.6437592379825077,410,"all","MLP#410","MLP",410
447,443,133,128,0.7773913043478261,0.7758318739054291,0.7773913043478261,0.7773913043478261,0.7740259740259742,0.7732406602953953,0.5464844015368241,411,"all","DT#411","DT",411
473,507,69,102,0.8802083333333334,0.8726937269372693,0.8802083333333334,0.8802083333333334,0.8556962025316456,0.8514335360556038,0.7028520442594512,411,"all","RF#411","RF",411
348,532,44,227,0.9236111111111112,0.8877551020408163,0.9236111111111112,0.9236111111111112,0.797003745318352,0.7645525629887054,0.5289746412429762,411,"all","NB#411","NB",411
448,504,72,127,0.875,0.8615384615384616,0.875,0.875,0.8351284175642086,0.8271068635968722,0.6541847526591127,411,"all","MLP#411","MLP",411
442,450,126,133,0.78125,0.778169014084507,0.78125,0.78125,0.7765314926660916,0.7749782797567333,0.5499514638590686,412,"all","DT#412","DT",412
459,509,67,116,0.8836805555555556,0.8726235741444867,0.8836805555555556,0.8836805555555556,0.8476269775187344,0.8410078192875761,0.6819918743989216,412,"all","RF#412","RF",412
508,332,244,67,0.8834782608695653,0.8320802005012531,0.8834782608695653,0.8834782608695653,0.7656367746797287,0.7298001737619462,0.459744301417043,412,"all","NB#412","NB",412
454,481,95,121,0.8350694444444444,0.8269581056466302,0.8350694444444444,0.8350694444444444,0.8166383701188454,0.8123370981754996,0.6246591804630013,412,"all","MLP#412","MLP",412
444,475,101,131,0.8246527777777778,0.8146788990825689,0.8246527777777778,0.8246527777777778,0.8037225042301184,0.7984361424847958,0.5968537222398356,413,"all","DT#413","DT",413
472,508,68,103,0.8819444444444444,0.8740740740740741,0.8819444444444444,0.8819444444444444,0.8559393428812131,0.8514335360556038,0.7028511470261863,413,"all","RF#413","RF",413
456,458,118,119,0.7951388888888888,0.794425087108014,0.7951388888888888,0.7951388888888888,0.7944492627927147,0.794092093831451,0.5881832551075713,413,"all","NB#413","NB",413
444,508,68,131,0.8819444444444444,0.8671875,0.8819444444444444,0.8819444444444444,0.8362139917695474,0.8271068635968722,0.6541805757492031,413,"all","MLP#413","MLP",413
441,437,139,134,0.7669565217391304,0.7653239929947461,0.7669565217391304,0.7669565217391304,0.7636363636363636,0.7628149435273676,0.5256331096534599,414,"all","DT#414","DT",414
469,497,79,106,0.8628472222222222,0.8558394160583942,0.8628472222222222,0.8628472222222222,0.8430873621713316,0.8392701998262381,0.6785270534879895,414,"all","RF#414","RF",414
472,389,187,103,0.8208695652173913,0.790650406504065,0.8208695652173913,0.8208695652173913,0.7649918962722853,0.7480451781059948,0.496153869376468,414,"all","NB#414","NB",414
452,465,111,123,0.8072916666666666,0.8028419182948491,0.8072916666666666,0.8072916666666666,0.7989690721649486,0.7966985230234579,0.5933893729958876,414,"all","MLP#414","MLP",414
460,424,152,115,0.8,0.7866419294990723,0.8,0.8,0.7750631844987363,0.7680278019113814,0.5360811669638018,415,"all","DT#415","DT",415
486,495,81,89,0.859375,0.8571428571428571,0.859375,0.859375,0.8534482758620691,0.8523023457862728,0.704600900977065,415,"all","RF#415","RF",415
489,382,194,86,0.8504347826086956,0.8162393162393162,0.8504347826086956,0.8504347826086956,0.7774244833068363,0.7567332754126846,0.5135454968090952,415,"all","NB#415","NB",415
468,477,99,107,0.828125,0.8253968253968254,0.828125,0.828125,0.8224137931034484,0.8210251954821894,0.6420457976545612,415,"all","MLP#415","MLP",415
457,436,140,118,0.7947826086956522,0.7870036101083032,0.7947826086956522,0.7947826086956522,0.779863481228669,0.7758470894874022,0.551708729480603,416,"all","DT#416","DT",416
490,500,76,85,0.8680555555555556,0.8657243816254417,0.8680555555555556,0.8680555555555556,0.8613264427217917,0.8601216333622936,0.7202392544584694,416,"all","RF#416","RF",416
388,508,68,187,0.8819444444444444,0.8508771929824561,0.8819444444444444,0.8819444444444444,0.7993705743509049,0.7784535186794093,0.5568270869917755,416,"all","NB#416","NB",416
457,489,87,118,0.8489583333333334,0.8400735294117647,0.8489583333333334,0.8489583333333334,0.8267117497886729,0.8218940052128584,0.6437710702040705,416,"all","MLP#416","MLP",416
444,444,132,131,0.7721739130434783,0.7721739130434783,0.7721739130434783,0.7721739130434783,0.7715030408340573,0.7715030408340573,0.5430064266207327,417,"all","DT#417","DT",417
466,503,73,109,0.8732638888888888,0.8645640074211502,0.8732638888888888,0.8732638888888888,0.8468013468013467,0.841876629018245,0.6837358310536201,417,"all","RF#417","RF",417
486,350,226,89,0.8452173913043478,0.7972665148063781,0.8452173913043478,0.8452173913043478,0.7552447552447552,0.7263249348392702,0.45276263816209505,417,"all","NB#417","NB",417
450,492,84,125,0.8541666666666666,0.8426966292134831,0.8541666666666666,0.8541666666666666,0.8248113998323554,0.8184187662901824,0.6368147786925216,417,"all","MLP#417","MLP",417
443,453,123,132,0.7864583333333334,0.7826855123674912,0.7864583333333334,0.7864583333333334,0.7803617571059431,0.7784535186794093,0.5569006825273894,418,"all","DT#418","DT",418
471,500,76,104,0.8680555555555556,0.8610603290676416,0.8680555555555556,0.8680555555555556,0.847457627118644,0.843614248479583,0.6872150392830615,418,"all","RF#418","RF",418
521,253,323,54,0.9060869565217391,0.8241042345276873,0.9060869565217391,0.9060869565217391,0.7343199436222693,0.6724587315377932,0.3451828891950582,418,"all","NB#418","NB",418
448,496,80,127,0.8611111111111112,0.8484848484848485,0.8611111111111112,0.8611111111111112,0.8273561301084238,0.8201563857515204,0.6402869768839274,418,"all","MLP#418","MLP",418
457,445,131,118,0.7947826086956522,0.7904085257548845,0.7947826086956522,0.7947826086956522,0.7858985382631127,0.7836663770634231,0.5673409187319695,419,"all","DT#419","DT",419
478,512,64,97,0.8888888888888888,0.8819188191881919,0.8888888888888888,0.8888888888888888,0.8641350210970464,0.8601216333622936,0.7202291176945711,419,"all","RF#419","RF",419
449,443,133,126,0.7808695652173913,0.7785588752196837,0.7808695652173913,0.7808695652173913,0.7761452031114953,0.7749782797567333,0.5499609756539408,419,"all","NB#419","NB",419
466,487,89,109,0.8454861111111112,0.8396396396396396,0.8454861111111112,0.8454861111111112,0.8310580204778157,0.8279756733275413,0.6559406986925934,419,"all","MLP#419","MLP",419
448,435,141,127,0.7791304347826087,0.7740213523131673,0.7791304347826087,0.7791304347826087,0.7697594501718213,0.7671589921807124,0.5343274749627875,420,"all","DT#420","DT",420
472,508,68,103,0.8819444444444444,0.8740740740740741,0.8819444444444444,0.8819444444444444,0.8559393428812131,0.8514335360556038,0.7028511470261863,420,"all","RF#420","RF",420
370,513,63,205,0.890625,0.8545034642032333,0.890625,0.890625,0.7928902627511591,0.7671589921807124,0.5342177821936465,420,"all","NB#420","NB",420
462,473,103,113,0.8211805555555556,0.8176991150442477,0.8211805555555556,0.8211805555555556,0.8141135972461274,0.8123370981754996,0.624668246803243,420,"all","MLP#420","MLP",420
448,451,125,127,0.7829861111111112,0.7818499127399651,0.7829861111111112,0.7829861111111112,0.7816291161178509,0.7810599478714162,0.5621182431106375,421,"all","DT#421","DT",421
492,496,80,83,0.8611111111111112,0.8601398601398601,0.8611111111111112,0.8611111111111112,0.8588744588744589,0.8583840139009556,0.7167665312493867,421,"all","RF#421","RF",421
472,433,143,103,0.8208695652173913,0.8078358208955224,0.8208695652173913,0.8208695652173913,0.7932773109243697,0.7862728062554301,0.5725711007789385,421,"all","NB#421","NB",421
473,485,91,102,0.8420138888888888,0.8386524822695035,0.8420138888888888,0.8420138888888888,0.8340498710232157,0.8323197219808862,0.6646336216332096,421,"all","MLP#421","MLP",421
424,445,131,151,0.7725694444444444,0.7639639639639639,0.7725694444444444,0.7725694444444444,0.7593856655290102,0.7549956559513467,0.5099761466227845,422,"all","DT#422","DT",422
475,504,72,100,0.875,0.8683729433272395,0.875,0.875,0.8542372881355932,0.8505647263249348,0.7011165930927032,422,"all","RF#422","RF",422
514,330,246,61,0.8939130434782608,0.8439897698209718,0.8939130434782608,0.8939130434782608,0.7700374531835206,0.733275412684622,0.46669936687368413,422,"all","NB#422","NB",422
482,469,107,93,0.8382608695652174,0.8345195729537367,0.8382608695652174,0.8382608695652174,0.8281786941580755,0.8262380538662033,0.652483190270737,422,"all","MLP#422","MLP",422
447,436,140,128,0.7773913043478261,0.7730496453900709,0.7773913043478261,0.7773913043478261,0.7693631669535285,0.7671589921807124,0.5343260689721803,423,"all","DT#423","DT",423
482,508,68,93,0.8819444444444444,0.8763636363636363,0.8819444444444444,0.8819444444444444,0.86321155480034,0.8601216333622936,0.72023249669749,423,"all","RF#423","RF",423
470,429,147,105,0.8173913043478261,0.8033707865168539,0.8173913043478261,0.8173913043478261,0.7885906040268457,0.7810599478714162,0.562147327615097,423,"all","NB#423","NB",423
479,480,96,96,0.8333333333333334,0.8333333333333334,0.8333333333333334,0.8333333333333334,0.8333333333333334,0.8331885317115552,0.6663768115942028,423,"all","MLP#423","MLP",423
450,443,133,125,0.782608695652174,0.7799295774647887,0.782608695652174,0.782608695652174,0.7772020725388602,0.7758470894874022,0.5516992548399173,424,"all","DT#424","DT",424
479,500,76,96,0.8680555555555556,0.863063063063063,0.8680555555555556,0.8680555555555556,0.8532423208191127,0.8505647263249348,0.701120202904677,424,"all","RF#424","RF",424
540,147,429,35,0.9391304347826087,0.8076923076923077,0.9391304347826087,0.9391304347826087,0.699481865284974,0.5968722849695917,0.194223242817527,424,"all","NB#424","NB",424
473,481,95,102,0.8350694444444444,0.8327464788732394,0.8350694444444444,0.8350694444444444,0.8300258843830888,0.8288444830582102,0.6576850902711834,424,"all","MLP#424","MLP",424
460,431,145,115,0.8,0.7893772893772893,0.8,0.8,0.7796610169491527,0.7741094700260643,0.5482390592213519,425,"all","DT#425","DT",425
488,497,79,87,0.8628472222222222,0.8606701940035273,0.8628472222222222,0.8628472222222222,0.856896551724138,0.8557775847089487,0.7115514680128986,425,"all","RF#425","RF",425
510,354,222,65,0.8869565217391304,0.8448687350835322,0.8869565217391304,0.8869565217391304,0.7804131599081866,0.7506516072980017,0.5014210098150047,425,"all","NB#425","NB",425
469,460,116,106,0.8156521739130435,0.8127208480565371,0.8156521739130435,0.8156521739130435,0.8086206896551725,0.8071242397914856,0.6142540118657629,425,"all","MLP#425","MLP",425
456,444,132,119,0.7930434782608695,0.7886323268206039,0.7930434782608695,0.7930434782608695,0.7841788478073946,0.7819287576020851,0.563865745388451,426,"all","DT#426","DT",426
481,504,72,94,0.875,0.8698010849909584,0.875,0.875,0.858603066439523,0.8557775847089487,0.7115453713740493,426,"all","RF#426","RF",426
501,370,206,74,0.871304347826087,0.8333333333333334,0.871304347826087,0.871304347826087,0.781591263650546,0.7567332754126846,0.5135631184606934,426,"all","NB#426","NB",426
461,474,102,114,0.8229166666666666,0.8188277087033747,0.8229166666666666,0.8229166666666666,0.8144329896907215,0.8123370981754996,0.6246671135346655,426,"all","MLP#426","MLP",426
449,417,159,126,0.7808695652173913,0.7679558011049724,0.7808695652173913,0.7808695652173913,0.7590870667793744,0.7523892267593397,0.504802749863005,427,"all","DT#427","DT",427
473,490,86,102,0.8506944444444444,0.8461538461538461,0.8506944444444444,0.8506944444444444,0.839041095890411,0.8366637706342311,0.6733194038503346,427,"all","RF#427","RF",427
460,424,152,115,0.8,0.7866419294990723,0.8,0.8,0.7750631844987363,0.7680278019113814,0.5360811669638018,427,"all","NB#427","NB",427
468,476,100,107,0.8263888888888888,0.823943661971831,0.8263888888888888,0.8263888888888888,0.821397756686799,0.8201563857515204,0.6403086989143907,427,"all","MLP#427","MLP",427
457,450,126,118,0.7947826086956522,0.7922535211267606,0.7947826086956522,0.7947826086956522,0.7892918825561313,0.788010425716768,0.576025651864108,428,"all","DT#428","DT",428
488,508,68,87,0.8819444444444444,0.8776978417266187,0.8819444444444444,0.8819444444444444,0.8676345004269855,0.8653344917463076,0.7306610545894283,428,"all","RF#428","RF",428
380,511,65,195,0.8871527777777778,0.8539325842696629,0.8871527777777778,0.8871527777777778,0.797191887675507,0.7741094700260643,0.5481299168013046,428,"all","NB#428","NB",428
470,484,92,105,0.8402777777777778,0.8362989323843416,0.8402777777777778,0.8402777777777778,0.8309012875536481,0.8288444830582102,0.6576819895317993,428,"all","MLP#428","MLP",428
466,447,129,109,0.8104347826086956,0.8039568345323741,0.8104347826086956,0.8104347826086956,0.7965811965811966,0.7932232841007819,0.5864587421877357,429,"all","DT#429","DT",429
477,500,76,98,0.8680555555555556,0.8625678119349005,0.8680555555555556,0.8680555555555556,0.8517887563884157,0.8488271068635969,0.6976439434884613,429,"all","RF#429","RF",429
452,444,132,123,0.7860869565217391,0.783068783068783,0.7860869565217391,0.7860869565217391,0.7799827437446074,0.7784535186794093,0.5569127231061173,429,"all","NB#429","NB",429
451,483,93,124,0.8385416666666666,0.8290441176470589,0.8385416666666666,0.8385416666666666,0.8165680473372781,0.8114682884448305,0.6229186450452844,429,"all","MLP#429","MLP",429
447,445,131,128,0.7773913043478261,0.7766143106457243,0.7773913043478261,0.7773913043478261,0.7753686036426714,0.7749782797567333,0.5499582580392903,430,"all","DT#430","DT",430
482,498,78,93,0.8645833333333334,0.8607142857142858,0.8645833333333334,0.8645833333333334,0.853470437017995,0.8514335360556038,0.7028601191150161,430,"all","RF#430","RF",430
496,387,189,79,0.8626086956521739,0.8304721030042919,0.8626086956521739,0.8626086956521739,0.7873015873015874,0.7671589921807124,0.5343949525290183,430,"all","NB#430","NB",430
471,472,104,104,0.8194444444444444,0.8194444444444444,0.8194444444444444,0.8194444444444444,0.8194444444444444,0.8192875760208514,0.6385748792270531,430,"all","MLP#430","MLP",430
446,446,130,129,0.7756521739130435,0.7756521739130435,0.7756521739130435,0.7756521739130435,0.7749782797567334,0.7749782797567333,0.5499568992196571,431,"all","DT#431","DT",431
479,513,63,96,0.890625,0.8837638376383764,0.890625,0.890625,0.8658227848101266,0.8618592528236316,0.7237045323815952,431,"all","RF#431","RF",431
475,409,167,100,0.8260869565217391,0.8035363457760314,0.8260869565217391,0.8260869565217391,0.780608052588332,0.7680278019113814,0.5361021756555422,431,"all","NB#431","NB",431
463,498,78,112,0.8645833333333334,0.8558225508317929,0.8645833333333334,0.8645833333333334,0.8397976391231028,0.8349261511728931,0.6698351062705514,431,"all","MLP#431","MLP",431
451,411,165,124,0.7843478260869565,0.7682242990654206,0.7843478260869565,0.7843478260869565,0.7573467674223341,0.7489139878366637,0.4978586772255944,432,"all","DT#432","DT",432
466,495,81,109,0.859375,0.8519195612431444,0.859375,0.859375,0.8389830508474576,0.8349261511728931,0.6698380970210094,432,"all","RF#432","RF",432
467,412,164,108,0.8121739130434783,0.7923076923076923,0.8121739130434783,0.8121739130434783,0.7744610281923715,0.7636837532580365,0.5274071032642169,432,"all","NB#432","NB",432
466,475,101,109,0.8246527777777778,0.8218694885361552,0.8246527777777778,0.8246527777777778,0.8189655172413794,0.8175499565595135,0.6350952306187272,432,"all","MLP#432","MLP",432
449,423,153,126,0.7808695652173913,0.7704918032786885,0.7808695652173913,0.7808695652173913,0.7629566694987255,0.7576020851433536,0.5152235642568916,433,"all","DT#433","DT",433
483,512,64,92,0.8888888888888888,0.8829981718464351,0.8888888888888888,0.8888888888888888,0.8677966101694916,0.8644656820156386,0.7289197007119865,433,"all","RF#433","RF",433
331,540,36,244,0.9375,0.9019073569482289,0.9375,0.9375,0.7941176470588235,0.7567332754126846,0.5133133592674027,433,"all","NB#433","NB",433
482,501,75,93,0.8697916666666666,0.8653500897666068,0.8697916666666666,0.8697916666666666,0.8564102564102565,0.8540399652476107,0.7080717773127891,433,"all","MLP#433","MLP",433
444,437,139,131,0.7721739130434783,0.7693661971830986,0.7721739130434783,0.7721739130434783,0.766839378238342,0.7654213727193745,0.5308480573906114,434,"all","DT#434","DT",434
481,500,76,94,0.8680555555555556,0.8635547576301615,0.8680555555555556,0.8680555555555556,0.8547008547008547,0.8523023457862728,0.7045964413284178,434,"all","RF#434","RF",434
412,493,83,163,0.8559027777777778,0.8323232323232324,0.8559027777777778,0.8559027777777778,0.8003246753246754,0.7862728062554301,0.5724936586544269,434,"all","NB#434","NB",434
464,484,92,111,0.8402777777777778,0.8345323741007195,0.8402777777777778,0.8402777777777778,0.8266438941076003,0.8236316246741964,0.6472528650429286,434,"all","MLP#434","MLP",434
466,434,142,109,0.8104347826086956,0.7992633517495396,0.8104347826086956,0.8104347826086956,0.7878275570583263,0.7819287576020851,0.5638789130372429,435,"all","DT#435","DT",435
482,496,80,93,0.8611111111111112,0.8576512455516014,0.8611111111111112,0.8611111111111112,0.8515021459227468,0.8496959165942659,0.6993857065431539,435,"all","RF#435","RF",435
486,399,177,89,0.8452173913043478,0.8176229508196722,0.8452173913043478,0.8452173913043478,0.7851373182552503,0.7688966116420504,0.5378542705679197,435,"all","NB#435","NB",435
478,474,102,97,0.831304347826087,0.830122591943958,0.831304347826087,0.831304347826087,0.8277056277056277,0.8271068635968722,0.6542160762675402,435,"all","MLP#435","MLP",435
438,439,137,137,0.7621527777777778,0.7621527777777778,0.7621527777777778,0.7621527777777778,0.7621527777777778,0.7619461337966985,0.5238919082125603,436,"all","DT#436","DT",436
464,497,79,111,0.8628472222222222,0.85451197053407,0.8628472222222222,0.8628472222222222,0.8395270270270271,0.8349261511728931,0.6698361031933909,436,"all","RF#436","RF",436
495,371,205,80,0.8608695652173913,0.8226164079822617,0.8608695652173913,0.8608695652173913,0.7764705882352941,0.7523892267593397,0.5048715142824799,436,"all","NB#436","NB",436
454,464,112,121,0.8055555555555556,0.8021201413427562,0.8055555555555556,0.8055555555555556,0.7993109388458225,0.7975673327541268,0.595128858936791,436,"all","MLP#436","MLP",436
420,416,160,155,0.7304347826086957,0.7285464098073555,0.7304347826086957,0.7304347826086957,0.7272727272727272,0.7263249348392702,0.45265358806168426,437,"all","DT#437","DT",437
468,512,64,107,0.8888888888888888,0.8796992481203008,0.8888888888888888,0.8888888888888888,0.8569037656903766,0.8514335360556038,0.7028475580389426,437,"all","RF#437","RF",437
486,402,174,89,0.8452173913043478,0.8187372708757638,0.8452173913043478,0.8452173913043478,0.7870445344129554,0.7715030408340573,0.5430643712687834,437,"all","NB#437","NB",437
449,494,82,126,0.8576388888888888,0.8455743879472694,0.8576388888888888,0.8576388888888888,0.826086956521739,0.8192875760208514,0.6385508699249347,437,"all","MLP#437","MLP",437
456,443,133,119,0.7930434782608695,0.7882562277580071,0.7930434782608695,0.7930434782608695,0.7835051546391752,0.7810599478714162,0.5621288197411287,438,"all","DT#438","DT",438
485,502,74,90,0.8715277777777778,0.8676207513416816,0.8715277777777778,0.8715277777777778,0.8595890410958904,0.8575152041702867,0.7150233097417812,438,"all","RF#438","RF",438
379,501,75,196,0.8697916666666666,0.8348017621145375,0.8697916666666666,0.8697916666666666,0.7871170463472114,0.7645525629887054,0.5290187368163568,438,"all","NB#438","NB",438
477,486,90,98,0.84375,0.8412698412698413,0.84375,0.84375,0.8379310344827587,0.8366637706342311,0.6733233493158131,438,"all","MLP#438","MLP",438
453,440,136,122,0.7878260869565218,0.7829181494661922,0.7878260869565218,0.7878260869565218,0.7783505154639175,0.7758470894874022,0.5517033154492507,439,"all","DT#439","DT",439
463,502,74,112,0.8715277777777778,0.8621973929236499,0.8715277777777778,0.8715277777777778,0.8436974789915966,0.838401390095569,0.6767839942508778,439,"all","RF#439","RF",439
544,126,450,31,0.9460869565217391,0.802547770700637,0.9460869565217391,0.9460869565217391,0.6934353091140855,0.5821025195482189,0.1647327550960367,439,"all","NB#439","NB",439
452,480,96,123,0.8333333333333334,0.8248175182481752,0.8333333333333334,0.8333333333333334,0.8142493638676845,0.8097306689834927,0.6194455389938902,439,"all","MLP#439","MLP",439
455,441,135,120,0.7913043478260869,0.786096256684492,0.7913043478260869,0.7913043478260869,0.7811158798283262,0.7784535186794093,0.5569167364869456,440,"all","DT#440","DT",440
474,501,75,101,0.8697916666666666,0.8633879781420765,0.8697916666666666,0.8697916666666666,0.8505942275042445,0.8470894874022589,0.6941667396365194,440,"all","RF#440","RF",440
429,473,103,146,0.8211805555555556,0.806390977443609,0.8211805555555556,0.8211805555555556,0.7916317991631799,0.7836663770634231,0.5673043388988114,440,"all","NB#440","NB",440
446,485,91,129,0.8420138888888888,0.8305400372439479,0.8420138888888888,0.8420138888888888,0.815126050420168,0.8088618592528236,0.6177014985763072,440,"all","MLP#440","MLP",440
432,452,124,143,0.7847222222222222,0.7769784172661871,0.7847222222222222,0.7847222222222222,0.7719897523484202,0.7680278019113814,0.5360419456475957,441,"all","DT#441","DT",441
466,512,64,109,0.8888888888888888,0.879245283018868,0.8888888888888888,0.8888888888888888,0.8554720133667502,0.8496959165942659,0.6993711831268732,441,"all","RF#441","RF",441
483,415,161,92,0.84,0.8185404339250493,0.84,0.84,0.7924528301886793,0.7801911381407471,0.5604277332222337,441,"all","NB#441","NB",441
464,486,90,111,0.84375,0.8375451263537906,0.84375,0.84375,0.8286445012787724,0.8253692441355344,0.6507271516760043,441,"all","MLP#441","MLP",441
448,435,141,127,0.7791304347826087,0.7740213523131673,0.7791304347826087,0.7791304347826087,0.7697594501718213,0.7671589921807124,0.5343274749627875,442,"all","DT#442","DT",442
468,512,64,107,0.8888888888888888,0.8796992481203008,0.8888888888888888,0.8888888888888888,0.8569037656903766,0.8514335360556038,0.7028475580389426,442,"all","RF#442","RF",442
434,467,109,141,0.8107638888888888,0.7992633517495396,0.8107638888888888,0.8107638888888888,0.7888513513513512,0.7827975673327541,0.5655738199913037,442,"all","NB#442","NB",442
453,485,91,122,0.8420138888888888,0.8327205882352942,0.8420138888888888,0.8420138888888888,0.819949281487743,0.8149435273675065,0.6298694534315465,442,"all","MLP#442","MLP",442
432,439,137,143,0.7621527777777778,0.7592267135325131,0.7621527777777778,0.7621527777777778,0.7582037996545768,0.7567332754126846,0.5134617765257536,443,"all","DT#443","DT",443
467,503,73,108,0.8732638888888888,0.8648148148148148,0.8732638888888888,0.8732638888888888,0.8475147430497052,0.8427454387489139,0.685474021121285,443,"all","RF#443","RF",443
425,482,94,150,0.8368055555555556,0.8188824662813102,0.8368055555555556,0.8368055555555556,0.7980132450331127,0.788010425716768,0.5759846846955661,443,"all","NB#443","NB",443
454,500,76,121,0.8680555555555556,0.8566037735849057,0.8680555555555556,0.8680555555555556,0.8354218880534671,0.8288444830582102,0.6576654513063236,443,"all","MLP#443","MLP",443
460,425,151,115,0.8,0.7870370370370371,0.8,0.8,0.7757166947723441,0.7688966116420504,0.5378179929834731,444,"all","DT#444","DT",444
493,500,76,82,0.8680555555555556,0.8664323374340949,0.8680555555555556,0.8680555555555556,0.8635578583765112,0.8627280625543006,0.7254534310395323,444,"all","RF#444","RF",444
531,254,322,44,0.9234782608695652,0.8523489932885906,0.9234782608695652,0.9234782608695652,0.7436974789915966,0.682015638575152,0.36429759249590293,444,"all","NB#444","NB",444
487,462,114,88,0.8469565217391304,0.84,0.8469565217391304,0.8469565217391304,0.8282312925170067,0.8245004344048653,0.6490143804741962,444,"all","MLP#444","MLP",444
451,433,143,124,0.7843478260869565,0.77737881508079,0.7843478260869565,0.7843478260869565,0.7715996578272027,0.7680278019113814,0.5360685608353626,445,"all","DT#445","DT",445
491,494,82,84,0.8576388888888888,0.8568935427574171,0.8576388888888888,0.8576388888888888,0.8561525129982669,0.8557775847089487,0.7115540807792293,445,"all","RF#445","RF",445
412,476,100,163,0.8263888888888888,0.8046875,0.8263888888888888,0.8263888888888888,0.7835390946502057,0.7715030408340573,0.5429622684524644,445,"all","NB#445","NB",445
479,484,92,96,0.8402777777777778,0.8388791593695272,0.8402777777777778,0.8402777777777778,0.8373702422145328,0.8366637706342311,0.6733253220128141,445,"all","MLP#445","MLP",445
456,445,131,119,0.7930434782608695,0.7890070921985816,0.7930434782608695,0.7930434782608695,0.7848537005163511,0.7827975673327541,0.5656026762800189,446,"all","DT#446","DT",446
473,508,68,102,0.8819444444444444,0.8743068391866913,0.8819444444444444,0.8819444444444444,0.8566610455311973,0.8523023457862728,0.7045893056104934,446,"all","RF#446","RF",446
482,407,169,93,0.8382608695652174,0.814,0.8382608695652174,0.8382608695652174,0.7862969004893964,0.7723718505647263,0.5447955850476094,446,"all","NB#446","NB",446
470,496,80,105,0.8611111111111112,0.8545454545454545,0.8611111111111112,0.8611111111111112,0.8428207306711979,0.8392701998262381,0.6785280241555011,446,"all","MLP#446","MLP",446
456,448,128,119,0.7930434782608695,0.7901234567901234,0.7930434782608695,0.7930434782608695,0.7868852459016393,0.7854039965247611,0.5708135004204351,447,"all","DT#447","DT",447
471,508,68,104,0.8819444444444444,0.8738404452690167,0.8819444444444444,0.8819444444444444,0.8552188552188552,0.8505647263249348,0.7011129831935311,447,"all","RF#447","RF",447
482,404,172,93,0.8382608695652174,0.8128772635814889,0.8382608695652174,0.8382608695652174,0.7843775427176566,0.7697654213727194,0.5395854057260684,447,"all","NB#447","NB",447
444,482,94,131,0.8368055555555556,0.8252788104089219,0.8368055555555556,0.8368055555555556,0.8107653490328007,0.8045178105994787,0.6090134865625042,447,"all","MLP#447","MLP",447
453,438,138,122,0.7878260869565218,0.7821428571428571,0.7878260869565218,0.7878260869565218,0.7770154373927958,0.7741094700260643,0.5482295113644599,448,"all","DT#448","DT",448
487,491,85,88,0.8524305555555556,0.8513986013986014,0.8524305555555556,0.8524305555555556,0.8502164502164503,0.8496959165942659,0.6993902448229689,448,"all","RF#448","RF",448
379,516,60,196,0.8958333333333334,0.8633257403189066,0.8958333333333334,0.8958333333333334,0.8012422360248448,0.7775847089487402,0.5550777333510503,448,"all","NB#448","NB",448
478,474,102,97,0.831304347826087,0.830122591943958,0.831304347826087,0.831304347826087,0.8277056277056277,0.8271068635968722,0.6542160762675402,448,"all","MLP#448","MLP",448
421,428,148,154,0.7430555555555556,0.7398945518453427,0.7430555555555556,0.7430555555555556,0.7392055267702937,0.737619461337967,0.475233773252777,449,"all","DT#449","DT",449
469,485,91,106,0.8420138888888888,0.8375,0.8420138888888888,0.8420138888888888,0.831191088260497,0.8288444830582102,0.6576809559395216,449,"all","RF#449","RF",449
227,546,30,348,0.9479166666666666,0.8832684824902723,0.9479166666666666,0.9479166666666666,0.7428571428571429,0.6715899218071243,0.34286387486746367,449,"all","NB#449","NB",449
452,471,105,123,0.8177083333333334,0.8114901256732495,0.8177083333333334,0.8177083333333334,0.8051282051282052,0.8019113814074718,0.6038116977816426,449,"all","MLP#449","MLP",449
431,433,143,144,0.7517361111111112,0.7508710801393729,0.7517361111111112,0.7517361111111112,0.7510841283607981,0.7506516072980017,0.5013020852990419,450,"all","DT#450","DT",450
483,513,63,92,0.890625,0.8846153846153846,0.890625,0.890625,0.8687552921253174,0.8653344917463076,0.7306569883041378,450,"all","RF#450","RF",450
490,388,188,85,0.8521739130434782,0.8202959830866807,0.8521739130434782,0.8521739130434782,0.782122905027933,0.7628149435273676,0.5257032798342046,450,"all","NB#450","NB",450
461,495,81,114,0.859375,0.8505535055350554,0.859375,0.859375,0.8354430379746836,0.8305821025195482,0.6611470680151639,450,"all","MLP#450","MLP",450
456,448,128,119,0.7930434782608695,0.7901234567901234,0.7930434782608695,0.7930434782608695,0.7868852459016393,0.7854039965247611,0.5708135004204351,451,"all","DT#451","DT",451
482,502,74,93,0.8715277777777778,0.8669064748201439,0.8715277777777778,0.8715277777777778,0.8573868488471392,0.8549087749782798,0.7098090072028033,451,"all","RF#451","RF",451
489,408,168,86,0.8504347826086956,0.8259109311740891,0.8504347826086956,0.8504347826086956,0.793831168831169,0.7793223284100782,0.5586989533300527,451,"all","NB#451","NB",451
465,486,90,110,0.84375,0.8378378378378378,0.84375,0.84375,0.8293515358361775,0.8262380538662033,0.6524653522147408,451,"all","MLP#451","MLP",451
444,452,124,131,0.7847222222222222,0.7816901408450704,0.7847222222222222,0.7847222222222222,0.7799827437446074,0.7784535186794093,0.5569020204017857,452,"all","DT#452","DT",452
477,513,63,98,0.890625,0.8833333333333333,0.890625,0.890625,0.8643639427127211,0.8601216333622936,0.7202282729310877,452,"all","RF#452","RF",452
444,472,104,131,0.8194444444444444,0.8102189781021898,0.8194444444444444,0.8194444444444444,0.8006785411365563,0.7958297132927888,0.5916424733496081,452,"all","NB#452","NB",452
463,502,74,112,0.8715277777777778,0.8621973929236499,0.8715277777777778,0.8715277777777778,0.8436974789915966,0.838401390095569,0.6767839942508778,452,"all","MLP#452","MLP",452
446,443,133,129,0.7756521739130435,0.7744755244755245,0.7756521739130435,0.7756521739130435,0.7729636048526862,0.7723718505647263,0.5447461066056365,453,"all","DT#453","DT",453
465,508,68,110,0.8819444444444444,0.8724202626641651,0.8819444444444444,0.8819444444444444,0.8509212730318259,0.845351867940921,0.690683889980947,453,"all","RF#453","RF",453
457,459,117,118,0.796875,0.7961672473867596,0.796875,0.796875,0.7961838681699913,0.7958297132927888,0.5916585018999122,453,"all","NB#453","NB",453
460,494,82,115,0.8576388888888888,0.8487084870848709,0.8576388888888888,0.8576388888888888,0.8337552742616032,0.8288444830582102,0.6576716533281398,453,"all","MLP#453","MLP",453
422,451,125,153,0.7829861111111112,0.7714808043875686,0.7829861111111112,0.7829861111111112,0.7644067796610169,0.7584708948740226,0.5169210051149506,454,"all","DT#454","DT",454
466,507,69,109,0.8802083333333334,0.8710280373831776,0.8802083333333334,0.8802083333333334,0.8506711409395972,0.845351867940921,0.6906848239627998,454,"all","RF#454","RF",454
499,372,204,76,0.8678260869565217,0.8303571428571429,0.8678260869565217,0.8678260869565217,0.780907668231612,0.7567332754126846,0.5135601816074189,454,"all","NB#454","NB",454
455,486,90,120,0.84375,0.8348623853211009,0.84375,0.84375,0.8223350253807107,0.8175499565595135,0.6350831106481272,454,"all","MLP#454","MLP",454
443,423,153,132,0.7704347826086957,0.7621621621621621,0.7704347826086957,0.7704347826086957,0.7566182749786506,0.7523892267593397,0.5047937791827253,455,"all","DT#455","DT",455
477,496,80,98,0.8611111111111112,0.8563734290843806,0.8611111111111112,0.8611111111111112,0.847863247863248,0.845351867940921,0.6906950973909316,455,"all","RF#455","RF",455
515,365,211,60,0.8956521739130435,0.8588235294117647,0.8956521739130435,0.8956521739130435,0.7916986933128363,0.7645525629887054,0.5292120908428181,455,"all","NB#455","NB",455
487,476,100,88,0.8469565217391304,0.8439716312056738,0.8469565217391304,0.8469565217391304,0.838209982788296,0.8366637706342311,0.6733332125625744,455,"all","MLP#455","MLP",455
432,435,141,143,0.7552083333333334,0.7539267015706806,0.7552083333333334,0.7552083333333334,0.7538994800693242,0.7532580364900087,0.506514210489766,456,"all","DT#456","DT",456
466,501,75,109,0.8697916666666666,0.8613678373382625,0.8697916666666666,0.8697916666666666,0.8448566610455313,0.840139009556907,0.6802613660725338,456,"all","RF#456","RF",456
467,410,166,108,0.8121739130434783,0.7915057915057915,0.8121739130434783,0.8121739130434783,0.7731788079470199,0.7619461337966985,0.5239335927711644,456,"all","NB#456","NB",456
441,490,86,134,0.8506944444444444,0.8368121442125237,0.8506944444444444,0.8506944444444444,0.8166666666666667,0.8088618592528236,0.6176957267434838,456,"all","MLP#456","MLP",456
441,429,147,134,0.7669565217391304,0.7619893428063943,0.7669565217391304,0.7669565217391304,0.758383490971625,0.7558644656820156,0.5117381452356762,457,"all","DT#457","DT",457
467,503,73,108,0.8732638888888888,0.8648148148148148,0.8732638888888888,0.8732638888888888,0.8475147430497052,0.8427454387489139,0.685474021121285,457,"all","RF#457","RF",457
260,546,30,315,0.9479166666666666,0.896551724137931,0.9479166666666666,0.9479166666666666,0.7599164926931106,0.7002606429192006,0.4002627942275888,457,"all","NB#457","NB",457
421,505,71,154,0.8767361111111112,0.8556910569105691,0.8767361111111112,0.8767361111111112,0.8178137651821863,0.8045178105994787,0.6089863313186887,457,"all","MLP#457","MLP",457
439,429,147,136,0.7634782608695653,0.7592920353982301,0.7634782608695653,0.7634782608695653,0.7562446167097331,0.7541268462206777,0.508261487203564,458,"all","DT#458","DT",458
467,510,66,108,0.8854166666666666,0.8761726078799249,0.8854166666666666,0.8854166666666666,0.8542713567839195,0.8488271068635969,0.6976348138015998,458,"all","RF#458","RF",458
501,374,202,74,0.871304347826087,0.8348214285714286,0.871304347826087,0.871304347826087,0.784037558685446,0.7602085143353605,0.52050932187017,458,"all","NB#458","NB",458
453,497,79,122,0.8628472222222222,0.8515037593984962,0.8628472222222222,0.8628472222222222,0.8317991631799163,0.8253692441355344,0.6507155506773538,458,"all","MLP#458","MLP",458
462,450,126,113,0.8034782608695652,0.7992895204262878,0.8034782608695652,0.8034782608695652,0.7944969905417025,0.792354474370113,0.5847167854495611,459,"all","DT#459","DT",459
475,510,66,100,0.8854166666666666,0.878003696857671,0.8854166666666666,0.8854166666666666,0.8600337268128161,0.8557775847089487,0.7115401454784817,459,"all","RF#459","RF",459
515,307,269,60,0.8956521739130435,0.8365122615803815,0.8956521739130435,0.8956521739130435,0.7579102281089036,0.7141615986099045,0.4285030840208932,459,"all","NB#459","NB",459
450,484,92,125,0.8402777777777778,0.8302583025830258,0.8402777777777778,0.8402777777777778,0.8168776371308017,0.8114682884448305,0.6229175064579002,459,"all","MLP#459","MLP",459
444,419,157,131,0.7721739130434783,0.7618181818181818,0.7721739130434783,0.7721739130434783,0.7551020408163265,0.7497827975673328,0.4995848592899434,460,"all","DT#460","DT",460
472,499,77,103,0.8663194444444444,0.8597449908925319,0.8663194444444444,0.8663194444444444,0.8471986417657046,0.843614248479583,0.6872159837191678,460,"all","RF#460","RF",460
462,439,137,113,0.8034782608695652,0.7952898550724637,0.8034782608695652,0.8034782608695652,0.787052810902896,0.7827975673327541,0.565610545511636,460,"all","NB#460","NB",460
447,488,88,128,0.8472222222222222,0.8355140186915888,0.8472222222222222,0.8472222222222222,0.8187919463087249,0.8123370981754996,0.6246512470559817,460,"all","MLP#460","MLP",460
464,445,131,111,0.8069565217391305,0.8003597122302158,0.8069565217391305,0.8069565217391305,0.7931623931623931,0.789748045178106,0.5795084689471937,461,"all","DT#461","DT",461
484,501,75,91,0.8697916666666666,0.8658318425760286,0.8697916666666666,0.8697916666666666,0.857876712328767,0.8557775847089487,0.7115479842508272,461,"all","RF#461","RF",461
493,389,187,82,0.8573913043478261,0.8259023354564756,0.8573913043478261,0.8573913043478261,0.7856573705179284,0.7662901824500434,0.5326540931766552,461,"all","NB#461","NB",461
472,479,97,103,0.8315972222222222,0.8295254833040422,0.8315972222222222,0.8315972222222222,0.8272884283246977,0.8262380538662033,0.6524726975183954,461,"all","MLP#461","MLP",461
431,436,140,144,0.7569444444444444,0.7548161120840631,0.7569444444444444,0.7569444444444444,0.754325259515571,0.7532580364900087,0.5065127204874426,462,"all","DT#462","DT",462
465,515,61,110,0.8940972222222222,0.8840304182509505,0.8940972222222222,0.8940972222222222,0.8576186511240632,0.8514335360556038,0.7028448662416151,462,"all","RF#462","RF",462
489,390,186,86,0.8504347826086956,0.819327731092437,0.8504347826086956,0.8504347826086956,0.7824,0.7636837532580365,0.5274384905660379,462,"all","NB#462","NB",462
455,474,102,120,0.8229166666666666,0.8168761220825853,0.8229166666666666,0.8229166666666666,0.8102564102564104,0.8071242397914856,0.6142377057347572,462,"all","MLP#462","MLP",462
440,444,132,135,0.7708333333333334,0.7692307692307693,0.7708333333333334,0.7708333333333334,0.7688311688311688,0.7680278019113814,0.5360531524146397,463,"all","DT#463","DT",463
464,494,82,111,0.8576388888888888,0.8498168498168498,0.8576388888888888,0.8576388888888888,0.8365791701947503,0.8323197219808862,0.6646245080174104,463,"all","RF#463","RF",463
450,453,123,125,0.7864583333333334,0.7853403141361257,0.7864583333333334,0.7864583333333334,0.7850953206239168,0.7845351867940921,0.5690687471882463,463,"all","NB#463","NB",463
454,482,94,121,0.8368055555555556,0.8284671532846716,0.8368055555555556,0.8368055555555556,0.8176420695504666,0.8132059079061685,0.6263963054049606,463,"all","MLP#463","MLP",463
451,445,131,124,0.7843478260869565,0.7820738137082601,0.7843478260869565,0.7843478260869565,0.7796024200518583,0.7784535186794093,0.5569113852963511,464,"all","DT#464","DT",464
480,506,70,95,0.8784722222222222,0.8727272727272727,0.8784722222222222,0.8784722222222222,0.8598130841121495,0.8566463944396178,0.7132817512738253,464,"all","RF#464","RF",464
318,533,43,257,0.9253472222222222,0.8808864265927978,0.9253472222222222,0.9253472222222222,0.780380673499268,0.739357080799305,0.4785453029813377,464,"all","NB#464","NB",464
466,490,86,109,0.8506944444444444,0.8442028985507246,0.8506944444444444,0.8506944444444444,0.8340425531914893,0.8305821025195482,0.6611521837261861,464,"all","MLP#464","MLP",464
453,433,143,122,0.7878260869565218,0.7801801801801802,0.7878260869565218,0.7878260869565218,0.7736976942783946,0.7697654213727194,0.5395450929242884,465,"all","DT#465","DT",465
471,506,70,104,0.8784722222222222,0.8706099815157117,0.8784722222222222,0.8784722222222222,0.8532883642495784,0.8488271068635969,0.6976384657425049,465,"all","RF#465","RF",465
495,401,175,80,0.8608695652173913,0.8336798336798337,0.8608695652173913,0.8608695652173913,0.7951807228915663,0.7784535186794093,0.55697024128484,465,"all","NB#465","NB",465
456,499,77,119,0.8663194444444444,0.8555347091932458,0.8663194444444444,0.8663194444444444,0.8358458961474037,0.8297132927888793,0.659404732788009,465,"all","MLP#465","MLP",465
442,436,140,133,0.768695652173913,0.7662565905096661,0.768695652173913,0.768695652173913,0.7640449438202246,0.7628149435273676,0.5256345419055052,466,"all","DT#466","DT",466
474,525,51,101,0.9114583333333334,0.9028571428571428,0.9114583333333334,0.9114583333333334,0.8735440931780366,0.8679409209383145,0.7358617045368764,466,"all","RF#466","RF",466
509,352,224,66,0.8852173913043478,0.8421052631578947,0.8852173913043478,0.8852173913043478,0.7782874617737003,0.7480451781059948,0.4962101431119993,466,"all","NB#466","NB",466
454,512,64,121,0.8888888888888888,0.8764478764478765,0.8888888888888888,0.8888888888888888,0.846980976013234,0.8392701998262381,0.678512492771872,466,"all","MLP#466","MLP",466
423,443,133,152,0.7690972222222222,0.7607913669064749,0.7690972222222222,0.7690972222222222,0.7566182749786506,0.7523892267593397,0.5047638745676583,467,"all","DT#467","DT",467
477,500,76,98,0.8680555555555556,0.8625678119349005,0.8680555555555556,0.8680555555555556,0.8517887563884157,0.8488271068635969,0.6976439434884613,467,"all","RF#467","RF",467
412,493,83,163,0.8559027777777778,0.8323232323232324,0.8559027777777778,0.8559027777777778,0.8003246753246754,0.7862728062554301,0.5724936586544269,467,"all","NB#467","NB",467
466,486,90,109,0.84375,0.8381294964028777,0.84375,0.84375,0.8300597779675492,0.8271068635968722,0.6542035475051368,467,"all","MLP#467","MLP",467
453,432,144,122,0.7878260869565218,0.779783393501805,0.7878260869565218,0.7878260869565218,0.7730375426621161,0.7688966116420504,0.5378082249683737,468,"all","DT#468","DT",468
473,498,78,102,0.8645833333333334,0.8584392014519057,0.8645833333333334,0.8645833333333334,0.8469387755102041,0.843614248479583,0.6872169281495707,468,"all","RF#468","RF",468
184,557,19,391,0.9670138888888888,0.9064039408866995,0.9670138888888888,0.9670138888888888,0.7309711286089239,0.6437880104257168,0.28717516479665517,468,"all","NB#468","NB",468
464,464,112,111,0.8069565217391305,0.8069565217391305,0.8069565217391305,0.8069565217391305,0.8062554300608168,0.8062554300608167,0.612511152609975,468,"all","MLP#468","MLP",468
449,423,153,126,0.7808695652173913,0.7704918032786885,0.7808695652173913,0.7808695652173913,0.7629566694987255,0.7576020851433536,0.5152235642568916,469,"all","DT#469","DT",469
490,497,79,85,0.8628472222222222,0.8611599297012302,0.8628472222222222,0.8628472222222222,0.8583765112262521,0.8575152041702867,0.7150276119650842,469,"all","RF#469","RF",469
491,419,157,84,0.8539130434782609,0.8330019880715706,0.8539130434782609,0.8539130434782609,0.8029435813573182,0.790616854908775,0.5812795389397001,469,"all","NB#469","NB",469
485,474,102,90,0.8434782608695652,0.8404255319148937,0.8434782608695652,0.8434782608695652,0.8347676419965575,0.8331885317115552,0.6663828553830546,469,"all","MLP#469","MLP",469
463,439,137,112,0.8052173913043478,0.7967332123411979,0.8052173913043478,0.8052173913043478,0.7880851063829787,0.7836663770634231,0.5673487564629958,470,"all","DT#470","DT",470
471,489,87,104,0.8489583333333334,0.8440860215053764,0.8489583333333334,0.8489583333333334,0.8366124893071001,0.8340573414422241,0.6681059145539664,470,"all","RF#470","RF",470
381,485,91,194,0.8420138888888888,0.8072033898305084,0.8420138888888888,0.8420138888888888,0.7729083665338645,0.7523892267593397,0.5047010631182083,470,"all","NB#470","NB",470
471,463,113,104,0.8191304347826087,0.8165784832451499,0.8191304347826087,0.8191304347826087,0.8127696289905091,0.8114682884448305,0.6229414153491271,470,"all","MLP#470","MLP",470
446,422,154,129,0.7756521739130435,0.7658802177858439,0.7756521739130435,0.7756521739130435,0.7591489361702127,0.7541268462206777,0.5082718798354531,471,"all","DT#471","DT",471
481,495,81,94,0.859375,0.8558718861209964,0.859375,0.859375,0.849785407725322,0.8479582971329279,0.6959103967922077,471,"all","RF#471","RF",471
436,449,127,139,0.7795138888888888,0.7744227353463587,0.7795138888888888,0.7795138888888888,0.7714776632302405,0.7688966116420504,0.5377845009269491,471,"all","NB#471","NB",471
466,467,109,109,0.8107638888888888,0.8107638888888888,0.8107638888888888,0.8107638888888888,0.8107638888888888,0.8105994787141616,0.6211986714975845,471,"all","MLP#471","MLP",471
445,444,132,130,0.7739130434782608,0.7735191637630662,0.7739130434782608,0.7739130434782608,0.7725694444444444,0.7723718505647263,0.5447447320509298,472,"all","DT#472","DT",472
467,507,69,108,0.8802083333333334,0.871268656716418,0.8802083333333334,0.8802083333333334,0.8513853904282115,0.8462206776715899,0.6924230140361525,472,"all","RF#472","RF",472
536,217,359,39,0.9321739130434783,0.84765625,0.9321739130434783,0.9321739130434783,0.7292517006802721,0.6542137271937446,0.3087608643167552,472,"all","NB#472","NB",472
452,504,72,123,0.875,0.8625954198473282,0.875,0.875,0.8379052369077307,0.8305821025195482,0.6611378593460547,472,"all","MLP#472","MLP",472
437,440,136,138,0.7638888888888888,0.7626527050610821,0.7638888888888888,0.7638888888888888,0.7625649913344886,0.7619461337966985,0.5238904706837882,473,"all","DT#473","DT",473
481,514,62,94,0.8923611111111112,0.8858195211786372,0.8923611111111112,0.8923611111111112,0.8682432432432433,0.8644656820156386,0.7289180636745736,473,"all","RF#473","RF",473
443,455,121,132,0.7899305555555556,0.7854609929078015,0.7899305555555556,0.7899305555555556,0.7824591573516767,0.7801911381407471,0.560374643902601,473,"all","NB#473","NB",473
463,491,85,112,0.8524305555555556,0.8448905109489051,0.8524305555555556,0.8524305555555556,0.8329092451229856,0.8288444830582102,0.6576747542547778,473,"all","MLP#473","MLP",473
452,435,141,123,0.7860869565217391,0.7795698924731183,0.7860869565217391,0.7860869565217391,0.773972602739726,0.7706342311033884,0.5412805811436282,474,"all","DT#474","DT",474
488,508,68,87,0.8819444444444444,0.8776978417266187,0.8819444444444444,0.8819444444444444,0.8676345004269855,0.8653344917463076,0.7306610545894283,474,"all","RF#474","RF",474
465,448,128,110,0.808695652173913,0.8028673835125448,0.808695652173913,0.808695652173913,0.7962328767123288,0.7932232841007819,0.5864574936067557,474,"all","NB#474","NB",474
478,479,97,97,0.8315972222222222,0.8315972222222222,0.8315972222222222,0.8315972222222222,0.8315972222222223,0.8314509122502172,0.6629015700483091,474,"all","MLP#474","MLP",474
426,468,108,149,0.8125,0.797752808988764,0.8125,0.8125,0.7845766974015088,0.7767158992180713,0.5534038187750148,475,"all","DT#475","DT",475
465,507,69,110,0.8802083333333334,0.8707865168539326,0.8802083333333334,0.8802083333333334,0.8499580888516346,0.8444830582102519,0.6889466286409636,475,"all","RF#475","RF",475
448,467,109,127,0.8107638888888888,0.8043087971274686,0.8107638888888888,0.8107638888888888,0.7982905982905982,0.7949609035621199,0.5899103538441564,475,"all","NB#475","NB",475
465,494,82,110,0.8576388888888888,0.850091407678245,0.8576388888888888,0.8576388888888888,0.8372881355932204,0.8331885317115552,0.6663627085685989,475,"all","MLP#475","MLP",475
437,453,123,138,0.7864583333333334,0.7803571428571429,0.7864583333333334,0.7864583333333334,0.7763496143958868,0.7732406602953953,0.5464707081229194,476,"all","DT#476","DT",476
466,505,71,109,0.8767361111111112,0.8677839851024208,0.8767361111111112,0.8767361111111112,0.8487394957983193,0.843614248479583,0.6872103170169787,476,"all","RF#476","RF",476
548,147,429,27,0.9530434782608695,0.8448275862068966,0.9530434782608695,0.9530434782608695,0.7061855670103093,0.6038227628149435,0.2081255035440448,476,"all","NB#476","NB",476
465,477,99,110,0.828125,0.824468085106383,0.828125,0.828125,0.820292347377472,0.8184187662901824,0.6368312275717138,476,"all","MLP#476","MLP",476
444,434,142,131,0.7721739130434783,0.768141592920354,0.7721739130434783,0.7721739130434783,0.7648578811369507,0.7628149435273676,0.5256374063836501,477,"all","DT#477","DT",477
473,495,81,102,0.859375,0.8537906137184116,0.859375,0.859375,0.843989769820972,0.8410078192875761,0.6820053171975561,477,"all","RF#477","RF",477
437,452,124,138,0.7847222222222222,0.7789661319073083,0.7847222222222222,0.7847222222222222,0.7753001715265866,0.7723718505647263,0.5447337353144541,477,"all","NB#477","NB",477
478,487,89,97,0.8454861111111112,0.8430335097001763,0.8454861111111112,0.8454861111111112,0.8396551724137932,0.838401390095569,0.6767986328337298,477,"all","MLP#477","MLP",477
434,448,128,141,0.7777777777777778,0.7722419928825622,0.7777777777777778,0.7777777777777778,0.769098712446352,0.7662901824500434,0.5325708384977362,478,"all","DT#478","DT",478
478,522,54,97,0.90625,0.8984962406015038,0.90625,0.90625,0.8736401673640167,0.8688097306689835,0.7376022296133353,478,"all","RF#478","RF",478
471,442,134,104,0.8191304347826087,0.8095238095238095,0.8191304347826087,0.8191304347826087,0.7983050847457627,0.7932232841007819,0.586464984979545,478,"all","NB#478","NB",478
440,519,57,135,0.9010416666666666,0.8853118712273642,0.9010416666666666,0.9010416666666666,0.8439024390243902,0.8331885317115552,0.6663375216284526,478,"all","MLP#478","MLP",478
439,444,132,136,0.7708333333333334,0.7688266199649737,0.7708333333333334,0.7708333333333334,0.7681660899653979,0.7671589921807124,0.534314820741671,479,"all","DT#479","DT",479
474,499,77,101,0.8663194444444444,0.8602540834845736,0.8663194444444444,0.8663194444444444,0.8486394557823128,0.845351867940921,0.6906922956145756,479,"all","RF#479","RF",479
363,514,62,212,0.8923611111111112,0.8541176470588235,0.8923611111111112,0.8923611111111112,0.7895545314900155,0.7619461337966985,0.5237840694601738,479,"all","NB#479","NB",479
455,479,97,120,0.8315972222222222,0.8242753623188406,0.8315972222222222,0.8315972222222222,0.8153191489361702,0.8114682884448305,0.6229231993260634,479,"all","MLP#479","MLP",479
448,461,115,127,0.8003472222222222,0.7957371225577264,0.8003472222222222,0.8003472222222222,0.7920962199312716,0.789748045178106,0.579488154978653,480,"all","DT#480","DT",480
467,508,68,108,0.8819444444444444,0.8728971962616823,0.8819444444444444,0.8819444444444444,0.8523489932885906,0.8470894874022589,0.694160275378948,480,"all","RF#480","RF",480
497,379,197,78,0.8643478260869565,0.8293216630196937,0.8643478260869565,0.8643478260869565,0.7832939322301025,0.7610773240660296,0.5222401168872138,480,"all","NB#480","NB",480
486,471,105,89,0.8452173913043478,0.8410714285714286,0.8452173913043478,0.8452173913043478,0.8336192109777014,0.8314509122502172,0.6629097123257891,480,"all","MLP#480","MLP",480
450,429,147,125,0.782608695652174,0.7743682310469314,0.782608695652174,0.782608695652174,0.7679180887372015,0.7636837532580365,0.5273828465842016,481,"all","DT#481","DT",481
458,507,69,117,0.8802083333333334,0.8690702087286527,0.8802083333333334,0.8802083333333334,0.845,0.838401390095569,0.6767791144285817,481,"all","RF#481","RF",481
477,411,165,98,0.8295652173913044,0.8074656188605108,0.8295652173913044,0.8295652173913044,0.7838948233360723,0.7715030408340573,0.5430519557955339,481,"all","NB#481","NB",481
474,487,89,101,0.8454861111111112,0.8419182948490231,0.8454861111111112,0.8454861111111112,0.8367697594501718,0.8349261511728931,0.6698460720906779,481,"all","MLP#481","MLP",481
448,456,120,127,0.7916666666666666,0.7887323943661971,0.7916666666666666,0.7916666666666666,0.7868852459016392,0.7854039965247611,0.5708031334872199,482,"all","DT#482","DT",482
485,504,72,90,0.875,0.8707360861759426,0.875,0.875,0.8615384615384615,0.8592528236316247,0.718497785265904,482,"all","RF#482","RF",482
521,361,215,54,0.9060869565217391,0.8698795180722891,0.9060869565217391,0.9060869565217391,0.7948131197559115,0.7662901824500434,0.5326935934955422,482,"all","NB#482","NB",482
467,488,88,108,0.8472222222222222,0.8414414414414414,0.8472222222222222,0.8472222222222222,0.8327645051194539,0.8297132927888793,0.659416045170446,482,"all","MLP#482","MLP",482
445,433,143,130,0.7739130434782608,0.7690941385435168,0.7739130434782608,0.7739130434782608,0.765262252794497,0.7628149435273676,0.5256388386097497,483,"all","DT#483","DT",483
479,501,75,96,0.8697916666666666,0.8646209386281588,0.8697916666666666,0.8697916666666666,0.8542199488491048,0.8514335360556038,0.7028574275452573,483,"all","RF#483","RF",483
405,487,89,170,0.8454861111111112,0.819838056680162,0.8454861111111112,0.8454861111111112,0.7899432278994324,0.7749782797567333,0.54990118054895,483,"all","NB#483","NB",483
454,479,97,121,0.8315972222222222,0.8239564428312159,0.8315972222222222,0.8315972222222222,0.814625850340136,0.8105994787141616,0.6211849463144801,483,"all","MLP#483","MLP",483
438,458,118,137,0.7951388888888888,0.7877697841726619,0.7951388888888888,0.7951388888888888,0.7822374039282666,0.7784535186794093,0.5568939930342207,484,"all","DT#484","DT",484
462,512,64,113,0.8888888888888888,0.8783269961977186,0.8888888888888888,0.8888888888888888,0.852622814321399,0.8462206776715899,0.6924183703202683,484,"all","RF#484","RF",484
439,476,100,136,0.8263888888888888,0.8144712430426716,0.8263888888888888,0.8263888888888888,0.8013468013468015,0.7949609035621199,0.5898992094981008,484,"all","NB#484","NB",484
452,483,93,123,0.8385416666666666,0.8293577981651377,0.8385416666666666,0.8385416666666666,0.817258883248731,0.8123370981754996,0.6246569138095023,484,"all","MLP#484","MLP",484
456,454,122,119,0.7930434782608695,0.7923211169284468,0.7930434782608695,0.7930434782608695,0.7909800520381612,0.790616854908775,0.581235290299108,485,"all","DT#485","DT",485
469,494,82,106,0.8576388888888888,0.8511796733212341,0.8576388888888888,0.8576388888888888,0.8401360544217688,0.8366637706342311,0.6733154582895516,485,"all","RF#485","RF",485
481,401,175,94,0.8365217391304348,0.8101010101010101,0.8365217391304348,0.8365217391304348,0.7814784727863526,0.7662901824500434,0.5326371624242808,485,"all","NB#485","NB",485
465,477,99,110,0.828125,0.824468085106383,0.828125,0.828125,0.820292347377472,0.8184187662901824,0.6368312275717138,485,"all","MLP#485","MLP",485
445,452,124,130,0.7847222222222222,0.7820738137082601,0.7847222222222222,0.7847222222222222,0.7806563039723661,0.7793223284100782,0.5586403258483622,486,"all","DT#486","DT",486
469,514,62,106,0.8923611111111112,0.8832391713747646,0.8923611111111112,0.8923611111111112,0.8595317725752508,0.8540399652476107,0.7080603180162933,486,"all","RF#486","RF",486
407,490,86,168,0.8506944444444444,0.8255578093306288,0.8506944444444444,0.8506944444444444,0.7941653160453809,0.7793223284100782,0.5585896804858089,486,"all","NB#486","NB",486
454,487,89,121,0.8454861111111112,0.8360957642725598,0.8454861111111112,0.8454861111111112,0.8226351351351351,0.8175499565595135,0.6350820087926953,486,"all","MLP#486","MLP",486
455,428,148,120,0.7913043478260869,0.781021897810219,0.7913043478260869,0.7913043478260869,0.7724957555178268,0.7671589921807124,0.5343373166593198,487,"all","DT#487","DT",487
471,507,69,104,0.8802083333333334,0.8722222222222222,0.8802083333333334,0.8802083333333334,0.8542544229149116,0.8496959165942659,0.6993757218452062,487,"all","RF#487","RF",487
475,428,148,100,0.8260869565217391,0.8106060606060606,0.8260869565217391,0.8260869565217391,0.7929883138564273,0.7845351867940921,0.569101272854624,487,"all","NB#487","NB",487
446,492,84,129,0.8541666666666666,0.8415094339622642,0.8541666666666666,0.8541666666666666,0.8220551378446115,0.8149435273675065,0.6298616300926241,487,"all","MLP#487","MLP",487
416,446,130,159,0.7743055555555556,0.7619047619047619,0.7743055555555556,0.7743055555555556,0.7552921253175274,0.7489139878366637,0.4978056104509407,488,"all","DT#488","DT",488
472,509,67,103,0.8836805555555556,0.87569573283859,0.8836805555555556,0.8836805555555556,0.8569023569023569,0.8523023457862728,0.7045884136215134,488,"all","RF#488","RF",488
421,475,101,154,0.8246527777777778,0.8065134099616859,0.8246527777777778,0.8246527777777778,0.7883817427385892,0.7784535186794093,0.556871247246534,488,"all","NB#488","NB",488
460,481,95,115,0.8350694444444444,0.8288288288288288,0.8350694444444444,0.8350694444444444,0.8208191126279862,0.8175499565595135,0.6350886198254778,488,"all","MLP#488","MLP",488
463,421,155,112,0.8052173913043478,0.7898686679174484,0.8052173913043478,0.8052173913043478,0.7761944677284156,0.7680278019113814,0.5360853688543769,489,"all","DT#489","DT",489
481,495,81,94,0.859375,0.8558718861209964,0.859375,0.859375,0.849785407725322,0.8479582971329279,0.6959103967922077,489,"all","RF#489","RF",489
406,490,86,169,0.8506944444444444,0.8252032520325203,0.8506944444444444,0.8506944444444444,0.7935222672064777,0.7784535186794093,0.556851175494514,489,"all","NB#489","NB",489
471,475,101,104,0.8246527777777778,0.8234265734265734,0.8246527777777778,0.8246527777777778,0.8225108225108225,0.8218940052128584,0.6437861282584312,489,"all","MLP#489","MLP",489
445,434,142,130,0.7739130434782608,0.7695035460992907,0.7739130434782608,0.7739130434782608,0.76592082616179,0.7636837532580365,0.5273757117926607,490,"all","DT#490","DT",490
493,489,87,82,0.8573913043478261,0.8563922942206655,0.8573913043478261,0.8573913043478261,0.8536796536796537,0.8531711555169418,0.7063443059759512,490,"all","RF#490","RF",490
511,357,219,64,0.888695652173913,0.8479809976247031,0.888695652173913,0.888695652173913,0.7831417624521072,0.7541268462206777,0.5083683618718448,490,"all","NB#490","NB",490
459,465,111,116,0.8072916666666666,0.8052631578947368,0.8072916666666666,0.8072916666666666,0.8038029386343993,0.8027801911381407,0.6055571071641541,490,"all","MLP#490","MLP",490
453,449,127,122,0.7878260869565218,0.7863397548161121,0.7878260869565218,0.7878260869565218,0.7844155844155843,0.7836663770634231,0.5673356934201885,491,"all","DT#491","DT",491
463,515,61,112,0.8940972222222222,0.8835877862595419,0.8940972222222222,0.8940972222222222,0.8561928512053201,0.8496959165942659,0.6993684598300897,491,"all","RF#491","RF",491
490,380,196,85,0.8521739130434782,0.8172043010752689,0.8521739130434782,0.8521739130434782,0.7771609833465504,0.7558644656820156,0.5118103699410274,491,"all","NB#491","NB",491
445,488,88,130,0.8472222222222222,0.8348968105065666,0.8472222222222222,0.8472222222222222,0.8174204355108876,0.8105994787141616,0.6211746517744181,491,"all","MLP#491","MLP",491
457,457,119,118,0.7947826086956522,0.7947826086956522,0.7947826086956522,0.7947826086956522,0.794092093831451,0.794092093831451,0.5881844985137403,492,"all","DT#492","DT",492
479,509,67,96,0.8836805555555556,0.8772893772893773,0.8836805555555556,0.8836805555555556,0.8619813717188822,0.8583840139009556,0.7167554135069318,492,"all","RF#492","RF",492
473,417,159,102,0.8226086956521739,0.8034682080924855,0.8226086956521739,0.8226086956521739,0.7837613918806959,0.7732406602953953,0.5465200005434314,492,"all","NB#492","NB",492
461,494,82,114,0.8576388888888888,0.848987108655617,0.8576388888888888,0.8576388888888888,0.8344594594594594,0.8297132927888793,0.6594098748731824,492,"all","MLP#492","MLP",492
427,431,145,148,0.7482638888888888,0.7465034965034965,0.7482638888888888,0.7482638888888888,0.7463203463203463,0.7454387489139879,0.490874807705953,493,"all","DT#493","DT",493
464,504,72,111,0.875,0.8656716417910447,0.875,0.875,0.8463476070528968,0.8410078192875761,0.6819966755289035,493,"all","RF#493","RF",493
477,407,169,98,0.8295652173913044,0.805940594059406,0.8295652173913044,0.8295652173913044,0.7813267813267813,0.7680278019113814,0.5361049766706769,493,"all","NB#493","NB",493
454,487,89,121,0.8454861111111112,0.8360957642725598,0.8454861111111112,0.8454861111111112,0.8226351351351351,0.8175499565595135,0.6350820087926953,493,"all","MLP#493","MLP",493
446,437,139,129,0.7756521739130435,0.7720848056537103,0.7756521739130435,0.7756521739130435,0.7689655172413793,0.7671589921807124,0.5343246629730831,494,"all","DT#494","DT",494
475,507,69,100,0.8802083333333334,0.8731617647058824,0.8802083333333334,0.8802083333333334,0.8571428571428572,0.8531711555169418,0.7063283456804289,494,"all","RF#494","RF",494
435,490,86,140,0.8506944444444444,0.8349328214971209,0.8506944444444444,0.8506944444444444,0.8126036484245439,0.8036490008688097,0.607265688929955,494,"all","NB#494","NB",494
452,478,98,123,0.8298611111111112,0.8218181818181818,0.8298611111111112,0.8298611111111112,0.8122344944774851,0.8079930495221547,0.6159713153425175,494,"all","MLP#494","MLP",494
448,427,149,127,0.7791304347826087,0.7707581227436823,0.7791304347826087,0.7791304347826087,0.7645051194539247,0.7602085143353605,0.5204325943280869,495,"all","DT#495","DT",495
457,492,84,118,0.8541666666666666,0.844731977818854,0.8541666666666666,0.8541666666666666,0.8296795952782462,0.8245004344048653,0.6489825866665861,495,"all","RF#495","RF",495
470,416,160,105,0.8173913043478261,0.7984644913627639,0.8173913043478261,0.8173913043478261,0.7800829875518672,0.7697654213727194,0.5395687254228589,495,"all","NB#495","NB",495
441,501,75,134,0.8697916666666666,0.8546511627906976,0.8697916666666666,0.8697916666666666,0.8274153592072666,0.8184187662901824,0.6368049086497739,495,"all","MLP#495","MLP",495
427,451,125,148,0.7829861111111112,0.7735507246376812,0.7829861111111112,0.7829861111111112,0.7676595744680851,0.7628149435273676,0.5256130572166606,496,"all","DT#496","DT",496
451,508,68,124,0.8819444444444444,0.8689788053949904,0.8819444444444444,0.8819444444444444,0.8410596026490065,0.8331885317115552,0.6663486043506094,496,"all","RF#496","RF",496
511,344,232,64,0.888695652173913,0.8431372549019608,0.888695652173913,0.888695652173913,0.7754172989377845,0.7428323197219809,0.4857946656041343,496,"all","NB#496","NB",496
458,487,89,117,0.8454861111111112,0.8372943327239488,0.8454861111111112,0.8454861111111112,0.8254237288135594,0.8210251954821894,0.642034989401726,496,"all","MLP#496","MLP",496
443,447,129,132,0.7760416666666666,0.7744755244755245,0.7760416666666666,0.7760416666666666,0.774025974025974,0.7732406602953953,0.5464789242704904,497,"all","DT#497","DT",497
469,510,66,106,0.8854166666666666,0.8766355140186916,0.8854166666666666,0.8854166666666666,0.8557046979865771,0.8505647263249348,0.7011111782112447,497,"all","RF#497","RF",497
455,452,124,120,0.7913043478260869,0.7902097902097902,0.7913043478260869,0.7913043478260869,0.7885615251299827,0.788010425716768,0.5760230916479974,497,"all","NB#497","NB",497
454,493,83,121,0.8559027777777778,0.845437616387337,0.8559027777777778,0.8559027777777778,0.8285714285714285,0.8227628149435273,0.6455050259525756,497,"all","MLP#497","MLP",497
421,450,126,154,0.78125,0.7696526508226691,0.78125,0.78125,0.7627118644067796,0.7567332754126846,0.5134456166625401,498,"all","DT#498","DT",498
475,500,76,100,0.8680555555555556,0.8620689655172413,0.8680555555555556,0.8680555555555556,0.8503401360544218,0.8470894874022589,0.6941676630795801,498,"all","RF#498","RF",498
385,503,73,190,0.8732638888888888,0.8406113537117904,0.8732638888888888,0.8732638888888888,0.7927501970055162,0.7715030408340573,0.5429250033595908,498,"all","NB#498","NB",498
449,487,89,126,0.8454861111111112,0.8345724907063197,0.8454861111111112,0.8454861111111112,0.8191757779646763,0.8132059079061685,0.6263906649375041,498,"all","MLP#498","MLP",498
449,432,144,126,0.7808695652173913,0.7741935483870968,0.7808695652173913,0.7808695652173913,0.7688356164383561,0.7654213727193745,0.5308551398059835,499,"all","DT#499","DT",499
482,493,83,93,0.8559027777777778,0.8530973451327434,0.8559027777777778,0.8559027777777778,0.8485370051635112,0.8470894874022589,0.6941741270248645,499,"all","RF#499","RF",499
491,376,200,84,0.8539130434782609,0.8173913043478261,0.8539130434782609,0.8539130434782609,0.7756714060031596,0.7532580364900087,0.5066021047038863,499,"all","NB#499","NB",499
439,491,85,136,0.8524305555555556,0.8377862595419847,0.8524305555555556,0.8524305555555556,0.8162926018287615,0.8079930495221547,0.6159562405921953,499,"all","MLP#499","MLP",499
446,434,142,129,0.7756521739130435,0.7708703374777975,0.7756521739130435,0.7756521739130435,0.7669819432502151,0.7645525629887054,0.5291140119532678,500,"all","DT#500","DT",500
485,506,70,90,0.8784722222222222,0.8738738738738738,0.8784722222222222,0.8784722222222222,0.8634812286689421,0.8609904430929627,0.7219722817717927,500,"all","RF#500","RF",500
499,381,195,76,0.8678260869565217,0.8336980306345733,0.8678260869565217,0.8678260869565217,0.7864460204885736,0.7645525629887054,0.5291893515506724,500,"all","NB#500","NB",500
458,497,79,117,0.8628472222222222,0.8528864059590316,0.8628472222222222,0.8628472222222222,0.8352941176470587,0.8297132927888793,0.6594067896407102,500,"all","MLP#500","MLP",500
433,438,138,142,0.7604166666666666,0.7583187390542907,0.7604166666666666,0.7604166666666666,0.7577854671280276,0.7567332754126846,0.5134632455509998,501,"all","DT#501","DT",501
467,504,72,108,0.875,0.8664192949907236,0.875,0.875,0.8484848484848485,0.843614248479583,0.6872112614816023,501,"all","RF#501","RF",501
512,315,261,63,0.8904347826086957,0.8333333333333334,0.8904347826086957,0.8904347826086957,0.7596439169139466,0.7185056472632494,0.4371791040721525,501,"all","NB#501","NB",501
463,494,82,112,0.8576388888888888,0.8495412844036697,0.8576388888888888,0.8576388888888888,0.8358714043993232,0.8314509122502172,0.6628863022177935,501,"all","MLP#501","MLP",501
428,460,116,147,0.7986111111111112,0.7867647058823529,0.7986111111111112,0.7986111111111112,0.7776838546069316,0.7715030408340573,0.5429843486032709,502,"all","DT#502","DT",502
480,511,65,95,0.8871527777777778,0.8807339449541285,0.8871527777777778,0.8871527777777778,0.8646362098138748,0.8609904430929627,0.721968084303335,502,"all","RF#502","RF",502
463,454,122,112,0.8052173913043478,0.8021201413427562,0.8052173913043478,0.8052173913043478,0.7982758620689654,0.7966985230234579,0.5934028773720205,502,"all","NB#502","NB",502
463,484,92,112,0.8402777777777778,0.8342342342342343,0.8402777777777778,0.8402777777777778,0.825938566552901,0.8227628149435273,0.6455146592590355,502,"all","MLP#502","MLP",502
434,450,126,141,0.78125,0.775,0.78125,0.78125,0.7712082262210797,0.7680278019113814,0.5360447473901131,503,"all","DT#503","DT",503
473,516,60,102,0.8958333333333334,0.8874296435272045,0.8958333333333334,0.8958333333333334,0.864321608040201,0.8592528236316247,0.7184875852635585,503,"all","RF#503","RF",503
453,448,128,122,0.7878260869565218,0.7859649122807018,0.7878260869565218,0.7878260869565218,0.7837370242214534,0.7827975673327541,0.5655987415572925,503,"all","NB#503","NB",503
444,494,82,131,0.8576388888888888,0.844106463878327,0.8576388888888888,0.8576388888888888,0.8226477935054121,0.8149435273675065,0.6298593947921873,503,"all","MLP#503","MLP",503
442,439,137,133,0.768695652173913,0.7674825174825175,0.768695652173913,0.768695652173913,0.7660311958405546,0.7654213727193745,0.5308452243645873,504,"all","DT#504","DT",504
468,491,85,107,0.8524305555555556,0.8462929475587704,0.8524305555555556,0.8524305555555556,0.8364565587734242,0.8331885317115552,0.6663657307458883,504,"all","RF#504","RF",504
209,555,21,366,0.9635416666666666,0.908695652173913,0.9635416666666666,0.9635416666666666,0.7414829659318637,0.6637706342311034,0.327190339171217,504,"all","NB#504","NB",504
456,485,91,119,0.8420138888888888,0.8336380255941499,0.8420138888888888,0.8420138888888888,0.8220338983050847,0.8175499565595135,0.635084212496905,504,"all","MLP#504","MLP",504
444,451,125,131,0.7829861111111112,0.7803163444639719,0.7829861111111112,0.7829861111111112,0.7789291882556132,0.7775847089487402,0.5551650528235461,505,"all","DT#505","DT",505
461,518,58,114,0.8993055555555556,0.8882466281310212,0.8993055555555556,0.8993055555555556,0.8576158940397351,0.8505647263249348,0.7011039580640875,505,"all","RF#505","RF",505
466,439,137,109,0.8104347826086956,0.801094890510949,0.8104347826086956,0.8104347826086956,0.7911714770797962,0.7862728062554301,0.5725633578290773,505,"all","NB#505","NB",505
460,490,86,115,0.8506944444444444,0.8424908424908425,0.8506944444444444,0.8506944444444444,0.829805249788315,0.8253692441355344,0.6507229332202046,505,"all","MLP#505","MLP",505
440,455,121,135,0.7899305555555556,0.7843137254901961,0.7899305555555556,0.7899305555555556,0.7804459691252146,0.7775847089487402,0.5551596803072528,506,"all","DT#506","DT",506
463,509,67,112,0.8836805555555556,0.8735849056603774,0.8836805555555556,0.8836805555555556,0.8504594820384295,0.8444830582102519,0.6889447501717357,506,"all","RF#506","RF",506
484,389,187,91,0.8417391304347827,0.8104166666666667,0.8417391304347827,0.8417391304347827,0.7768860353130016,0.7584708948740226,0.5170114234651985,506,"all","NB#506","NB",506
446,491,85,129,0.8524305555555556,0.839924670433145,0.8524305555555556,0.8524305555555556,0.8210702341137124,0.8140747176368376,0.628124452711231,506,"all","MLP#506","MLP",506
455,445,131,120,0.7913043478260869,0.7876106194690266,0.7913043478260869,0.7913043478260869,0.7838070628768302,0.7819287576020851,0.5638644285798393,507,"all","DT#507","DT",507
454,500,76,121,0.8680555555555556,0.8566037735849057,0.8680555555555556,0.8680555555555556,0.8354218880534671,0.8288444830582102,0.6576654513063236,507,"all","RF#507","RF",507
478,394,182,97,0.831304347826087,0.8024439918533605,0.831304347826087,0.831304347826087,0.774089068825911,0.7576020851433536,0.5152660060227778,507,"all","NB#507","NB",507
442,496,80,133,0.8611111111111112,0.8467432950191571,0.8611111111111112,0.8611111111111112,0.8232365145228216,0.8149435273675065,0.6298571594647518,507,"all","MLP#507","MLP",507
448,437,139,127,0.7791304347826087,0.774822695035461,0.7791304347826087,0.7791304347826087,0.7710843373493976,0.7688966116420504,0.5378012475619403,508,"all","DT#508","DT",508
470,512,64,105,0.8888888888888888,0.8801498127340824,0.8888888888888888,0.8888888888888888,0.8583403185247275,0.8531711555169418,0.7063239119571109,508,"all","RF#508","RF",508
529,248,328,46,0.92,0.8435374149659864,0.92,0.92,0.7388268156424581,0.6750651607298002,0.3504063789268457,508,"all","NB#508","NB",508
474,507,69,101,0.8802083333333334,0.8729281767955801,0.8802083333333334,0.8802083333333334,0.856418918918919,0.8523023457862728,0.7045901975940867,508,"all","MLP#508","MLP",508
434,448,128,141,0.7777777777777778,0.7722419928825622,0.7777777777777778,0.7777777777777778,0.769098712446352,0.7662901824500434,0.5325708384977362,509,"all","DT#509","DT",509
476,507,69,99,0.8802083333333334,0.8733944954128441,0.8802083333333334,0.8802083333333334,0.8578680203045684,0.8540399652476107,0.7080664885185016,509,"all","RF#509","RF",509
494,373,203,81,0.8591304347826086,0.8215859030837004,0.8591304347826086,0.8591304347826086,0.7767295597484275,0.7532580364900087,0.5066065730647434,509,"all","NB#509","NB",509
448,500,76,127,0.8680555555555556,0.8549618320610687,0.8680555555555556,0.8680555555555556,0.8312551953449709,0.8236316246741964,0.6472358228064057,509,"all","MLP#509","MLP",509
454,445,131,121,0.7895652173913044,0.7862190812720848,0.7895652173913044,0.7895652173913044,0.7827586206896551,0.7810599478714162,0.5621261756314067,510,"all","DT#510","DT",510
480,515,61,95,0.8940972222222222,0.8872458410351202,0.8940972222222222,0.8940972222222222,0.8684654300168635,0.8644656820156386,0.7289172451484527,510,"all","RF#510","RF",510
387,511,65,188,0.8871527777777778,0.8561946902654868,0.8871527777777778,0.8871527777777778,0.8015686274509805,0.7801911381407471,0.560300297307622,510,"all","NB#510","NB",510
459,479,97,116,0.8315972222222222,0.8255395683453237,0.8315972222222222,0.8315972222222222,0.8181041844577285,0.8149435273675065,0.6298761588874078,510,"all","MLP#510","MLP",510
453,432,144,122,0.7878260869565218,0.779783393501805,0.7878260869565218,0.7878260869565218,0.7730375426621161,0.7688966116420504,0.5378082249683737,511,"all","DT#511","DT",511
466,511,65,109,0.8871527777777778,0.8775894538606404,0.8871527777777778,0.8871527777777778,0.8545150501672242,0.8488271068635969,0.6976339008025896,511,"all","RF#511","RF",511
401,505,71,174,0.8767361111111112,0.8495762711864406,0.8767361111111112,0.8767361111111112,0.804780876494024,0.787141615986099,0.5742167033823193,511,"all","NB#511","NB",511
458,486,90,117,0.84375,0.8357664233576643,0.84375,0.84375,0.8244274809160305,0.8201563857515204,0.6402978382271016,511,"all","MLP#511","MLP",511
451,438,138,124,0.7843478260869565,0.7793594306049823,0.7843478260869565,0.7843478260869565,0.774914089347079,0.7723718505647263,0.5447529792546655,512,"all","DT#512","DT",512
482,494,82,93,0.8576388888888888,0.8546099290780141,0.8576388888888888,0.8576388888888888,0.8495270851246776,0.8479582971329279,0.6959113149523921,512,"all","RF#512","RF",512
485,428,148,90,0.8434782608695652,0.8262548262548263,0.8434782608695652,0.8434782608695652,0.802980132450331,0.7932232841007819,0.586482463793931,512,"all","NB#512","NB",512
466,483,93,109,0.8385416666666666,0.8336314847942755,0.8385416666666666,0.8385416666666666,0.827054794520548,0.8245004344048653,0.6489921254136573,512,"all","MLP#512","MLP",512
452,448,128,123,0.7860869565217391,0.7845884413309983,0.7860869565217391,0.7860869565217391,0.7826839826839825,0.7819287576020851,0.5638604781062945,513,"all","DT#513","DT",513
462,511,65,113,0.8871527777777778,0.8766603415559773,0.8871527777777778,0.8871527777777778,0.8516666666666668,0.845351867940921,0.6906810880015462,513,"all","RF#513","RF",513
416,485,91,159,0.8420138888888888,0.8205128205128205,0.8420138888888888,0.8420138888888888,0.7950819672131146,0.7827975673327541,0.5655502074488322,513,"all","NB#513","NB",513
455,491,85,120,0.8524305555555556,0.8425925925925926,0.8524305555555556,0.8524305555555556,0.827295703454086,0.8218940052128584,0.6437689189495217,513,"all","MLP#513","MLP",513
448,423,153,127,0.7791304347826087,0.769090909090909,0.7791304347826087,0.7791304347826087,0.761904761904762,0.7567332754126846,0.5134852798652227,514,"all","DT#514","DT",514
472,496,80,103,0.8611111111111112,0.855072463768116,0.8611111111111112,0.8611111111111112,0.8442553191489361,0.8410078192875761,0.682004357035344,514,"all","RF#514","RF",514
465,411,165,110,0.808695652173913,0.7888675623800384,0.808695652173913,0.808695652173913,0.7717842323651453,0.7610773240660296,0.5221939603444762,514,"all","NB#514","NB",514
461,496,80,114,0.8611111111111112,0.8521256931608133,0.8611111111111112,0.8611111111111112,0.836424957841484,0.8314509122502172,0.6628842664025629,514,"all","MLP#514","MLP",514
438,434,142,137,0.7617391304347826,0.7600700525394045,0.7617391304347826,0.7617391304347826,0.7584415584415584,0.7576020851433536,0.5152074637117775,515,"all","DT#515","DT",515
464,512,64,111,0.8888888888888888,0.8787878787878788,0.8888888888888888,0.8888888888888888,0.8540450375312759,0.8479582971329279,0.6958947872207116,515,"all","RF#515","RF",515
402,483,93,173,0.8385416666666666,0.8121212121212121,0.8385416666666666,0.8385416666666666,0.7840909090909092,0.7688966116420504,0.5377370455369006,515,"all","NB#515","NB",515
458,479,97,117,0.8315972222222222,0.8252252252252252,0.8315972222222222,0.8315972222222222,0.81740614334471,0.8140747176368376,0.6281379268697728,515,"all","MLP#515","MLP",515
449,425,151,126,0.7808695652173913,0.7713248638838476,0.7808695652173913,0.7808695652173913,0.7642553191489361,0.7593397046046916,0.5186972110050194,516,"all","DT#516","DT",516
495,507,69,80,0.8802083333333334,0.8776595744680851,0.8802083333333334,0.8802083333333334,0.8718830610490111,0.8705473501303215,0.7410902053023224,516,"all","RF#516","RF",516
517,301,275,58,0.8991304347826087,0.8384401114206128,0.8991304347826087,0.8991304347826087,0.7564008778346745,0.7106863596872285,0.42156177701447445,516,"all","NB#516","NB",516
471,497,79,104,0.8628472222222222,0.8563636363636363,0.8628472222222222,0.8628472222222222,0.8445199660152931,0.8410078192875761,0.6820033968673336,516,"all","MLP#516","MLP",516
448,452,124,127,0.7847222222222222,0.7832167832167832,0.7847222222222222,0.7847222222222222,0.7826839826839828,0.7819287576020851,0.5638552106969085,517,"all","DT#517","DT",517
492,507,69,83,0.8802083333333334,0.8770053475935828,0.8802083333333334,0.8802083333333334,0.8696397941680961,0.8679409209383145,0.7358760601824315,517,"all","RF#517","RF",517
383,525,51,192,0.9114583333333334,0.8824884792626728,0.9114583333333334,0.9114583333333334,0.8120649651972158,0.788879235447437,0.5776682536590668,517,"all","NB#517","NB",517
469,483,93,106,0.8385416666666666,0.8345195729537367,0.8385416666666666,0.8385416666666666,0.8291845493562232,0.8271068635968722,0.6542066797808531,517,"all","MLP#517","MLP",517
454,442,134,121,0.7895652173913044,0.7850799289520426,0.7895652173913044,0.7895652173913044,0.7807394668959586,0.7784535186794093,0.5569153987014145,518,"all","DT#518","DT",518
483,505,71,92,0.8767361111111112,0.871841155234657,0.8767361111111112,0.8767361111111112,0.8610400682011936,0.8583840139009556,0.7167588344437247,518,"all","RF#518","RF",518
411,508,68,164,0.8819444444444444,0.8580375782881002,0.8819444444444444,0.8819444444444444,0.814102564102564,0.7984361424847958,0.5968135478571772,518,"all","NB#518","NB",518
476,486,90,99,0.84375,0.8409893992932862,0.84375,0.84375,0.8372093023255814,0.8357949609035621,0.6715852117555944,518,"all","MLP#518","MLP",518
481,416,160,94,0.8365217391304348,0.8156862745098039,0.8365217391304348,0.8365217391304348,0.7911184210526316,0.7793223284100782,0.5586882949464576,519,"all","DT#519","DT",519
491,492,84,84,0.8541666666666666,0.8541666666666666,0.8541666666666666,0.8541666666666666,0.8541666666666666,0.8540399652476107,0.7080797101449274,519,"all","RF#519","RF",519
481,415,161,94,0.8365217391304348,0.8153241650294696,0.8365217391304348,0.8365217391304348,0.7904683648315529,0.7784535186794093,0.5569515160755178,519,"all","NB#519","NB",519
478,474,102,97,0.831304347826087,0.830122591943958,0.831304347826087,0.831304347826087,0.8277056277056277,0.8271068635968722,0.6542160762675402,519,"all","MLP#519","MLP",519
447,443,133,128,0.7773913043478261,0.7758318739054291,0.7773913043478261,0.7773913043478261,0.7740259740259742,0.7732406602953953,0.5464844015368241,520,"all","DT#520","DT",520
485,497,79,90,0.8628472222222222,0.8599290780141844,0.8628472222222222,0.8628472222222222,0.8546861564918314,0.8531711555169418,0.7063372127254529,520,"all","RF#520","RF",520
527,322,254,48,0.9165217391304348,0.8702702702702703,0.9165217391304348,0.9165217391304348,0.7772861356932154,0.737619461337967,0.4754016715816034,520,"all","NB#520","NB",520
465,479,97,110,0.8315972222222222,0.8274021352313167,0.8315972222222222,0.8315972222222222,0.8223175965665237,0.8201563857515204,0.6403054407770683,520,"all","MLP#520","MLP",520
443,441,135,132,0.7704347826086957,0.7696335078534031,0.7704347826086957,0.7704347826086957,0.7684301821335645,0.7680278019113814,0.5360573548127048,521,"all","DT#521","DT",521
478,505,71,97,0.8767361111111112,0.8706739526411658,0.8767361111111112,0.8767361111111112,0.8573853989813244,0.8540399652476107,0.7080682514712231,521,"all","RF#521","RF",521
374,502,74,201,0.8715277777777778,0.8348214285714286,0.8715277777777778,0.8715277777777778,0.7849882720875685,0.7610773240660296,0.5220626539206642,521,"all","NB#521","NB",521
431,495,81,144,0.859375,0.841796875,0.859375,0.859375,0.8148148148148148,0.8045178105994787,0.608998138409903,521,"all","MLP#521","MLP",521
436,465,111,139,0.8072916666666666,0.7970749542961609,0.8072916666666666,0.8072916666666666,0.788135593220339,0.7827975673327541,0.5655764434486964,522,"all","DT#522","DT",522
482,501,75,93,0.8697916666666666,0.8653500897666068,0.8697916666666666,0.8697916666666666,0.8564102564102565,0.8540399652476107,0.7080717773127891,522,"all","RF#522","RF",522
512,342,234,63,0.8904347826086957,0.8444444444444444,0.8904347826086957,0.8904347826086957,0.7751703255109766,0.7419635099913119,0.484059821513468,522,"all","NB#522","NB",522
475,477,99,100,0.828125,0.8275261324041812,0.828125,0.828125,0.8274067649609713,0.8271068635968722,0.6542129441620533,522,"all","MLP#522","MLP",522
448,423,153,127,0.7791304347826087,0.769090909090909,0.7791304347826087,0.7791304347826087,0.761904761904762,0.7567332754126846,0.5134852798652227,523,"all","DT#523","DT",523
480,499,77,95,0.8663194444444444,0.8617594254937163,0.8663194444444444,0.8663194444444444,0.8529914529914528,0.8505647263249348,0.7011211053440461,523,"all","RF#523","RF",523
494,365,211,81,0.8591304347826086,0.8183856502242153,0.8591304347826086,0.8591304347826086,0.7718750000000001,0.7463075586446568,0.4927142921829955,523,"all","NB#523","NB",523
472,483,93,103,0.8385416666666666,0.8353982300884956,0.8385416666666666,0.8385416666666666,0.8313253012048193,0.8297132927888793,0.6594211869140538,523,"all","MLP#523","MLP",523
456,452,124,119,0.7930434782608695,0.7915936952714536,0.7930434782608695,0.7930434782608695,0.7896103896103897,0.788879235447437,0.5777613393618707,524,"all","DT#524","DT",524
473,506,70,102,0.8784722222222222,0.8710865561694291,0.8784722222222222,0.8784722222222222,0.8547297297297297,0.8505647263249348,0.7011147881540171,524,"all","RF#524","RF",524
477,425,151,98,0.8295652173913044,0.8126195028680688,0.8295652173913044,0.8295652173913044,0.7930174563591023,0.7836663770634231,0.5673670433977958,524,"all","NB#524","NB",524
459,472,104,116,0.8194444444444444,0.8152753108348135,0.8194444444444444,0.8194444444444444,0.8109965635738832,0.8088618592528236,0.6177165045260481,524,"all","MLP#524","MLP",524
445,450,126,130,0.78125,0.7793345008756567,0.78125,0.78125,0.7785467128027682,0.7775847089487402,0.5551663959323425,525,"all","DT#525","DT",525
471,509,67,104,0.8836805555555556,0.8754646840148699,0.8836805555555556,0.8836805555555556,0.8561816652649286,0.8514335360556038,0.7028502497875032,525,"all","RF#525","RF",525
469,419,157,106,0.8156521739130435,0.7980952380952381,0.8156521739130435,0.8156521739130435,0.7810158201498751,0.7715030408340573,0.5430409192528957,525,"all","NB#525","NB",525
465,476,100,110,0.8263888888888888,0.8230088495575221,0.8263888888888888,0.8263888888888888,0.8192771084337349,0.8175499565595135,0.6350941288364861,525,"all","MLP#525","MLP",525
429,439,137,146,0.7621527777777778,0.7579505300353356,0.7621527777777778,0.7621527777777778,0.7562446167097331,0.7541268462206777,0.5082466398245146,526,"all","DT#526","DT",526
464,502,74,111,0.8715277777777778,0.862453531598513,0.8715277777777778,0.8715277777777778,0.8444070647603028,0.8392701998262381,0.6785222000625035,526,"all","RF#526","RF",526
464,437,139,111,0.8069565217391305,0.7974452554744526,0.8069565217391305,0.8069565217391305,0.7877758913412564,0.7827975673327541,0.5656131685254849,526,"all","NB#526","NB",526
456,496,80,119,0.8611111111111112,0.8507462686567164,0.8611111111111112,0.8611111111111112,0.832913518052057,0.8271068635968722,0.6541931061762392,526,"all","MLP#526","MLP",526
469,440,136,106,0.8156521739130435,0.8058608058608059,0.8156521739130435,0.8156521739130435,0.7949152542372881,0.789748045178106,0.5795148166598736,527,"all","DT#527","DT",527
474,506,70,101,0.8784722222222222,0.8713235294117647,0.8784722222222222,0.8784722222222222,0.8554522400676245,0.8514335360556038,0.7028529414872978,527,"all","RF#527","RF",527
428,479,97,147,0.8315972222222222,0.8152380952380952,0.8315972222222222,0.8315972222222222,0.7970049916805323,0.788010425716768,0.575988525703933,527,"all","NB#527","NB",527
479,486,90,96,0.84375,0.8418277680140598,0.84375,0.84375,0.8393782383419689,0.838401390095569,0.6767996086921076,527,"all","MLP#527","MLP",527
439,445,131,136,0.7725694444444444,0.7701754385964912,0.7725694444444444,0.7725694444444444,0.7692307692307693,0.7680278019113814,0.5360517515983665,528,"all","DT#528","DT",528
473,504,72,102,0.875,0.8678899082568807,0.875,0.875,0.8527918781725888,0.8488271068635969,0.6976402916798767,528,"all","RF#528","RF",528
541,181,395,34,0.9408695652173913,0.8418604651162791,0.9408695652173913,0.9408695652173913,0.7160820648577101,0.6272806255430061,0.25496672254402425,528,"all","NB#528","NB",528
458,484,92,117,0.8402777777777778,0.8327272727272728,0.8402777777777778,0.8402777777777778,0.822429906542056,0.8184187662901824,0.6368235516135119,528,"all","MLP#528","MLP",528
464,456,120,111,0.8069565217391305,0.8042328042328042,0.8069565217391305,0.8069565217391305,0.8006902502157032,0.7993049522154648,0.5986150550490709,529,"all","DT#529","DT",529
486,504,72,89,0.875,0.8709677419354839,0.875,0.875,0.8622754491017963,0.8601216333622936,0.7202358756187884,529,"all","RF#529","RF",529
539,153,423,36,0.9373913043478261,0.8095238095238095,0.9373913043478261,0.9373913043478261,0.7013662979830839,0.6012163336229366,0.2028977635348913,529,"all","NB#529","NB",529
469,482,94,106,0.8368055555555556,0.8330373001776199,0.8368055555555556,0.8368055555555556,0.8281786941580757,0.8262380538662033,0.6524695495691346,529,"all","MLP#529","MLP",529
433,456,120,142,0.7916666666666666,0.783001808318264,0.7916666666666666,0.7916666666666666,0.7768313458262351,0.7723718505647263,0.5447282367469934,530,"all","DT#530","DT",530
458,522,54,117,0.90625,0.89453125,0.90625,0.90625,0.8592592592592593,0.8514335360556038,0.7028385851915263,530,"all","RF#530","RF",530
455,442,134,120,0.7913043478260869,0.7864768683274022,0.7913043478260869,0.7913043478260869,0.7817869415807559,0.7793223284100782,0.5586536516438361,530,"all","NB#530","NB",530
454,499,77,121,0.8663194444444444,0.8549905838041432,0.8663194444444444,0.8663194444444444,0.834448160535117,0.8279756733275413,0.6559282319477744,530,"all","MLP#530","MLP",530
424,436,140,151,0.7569444444444444,0.75177304964539,0.7569444444444444,0.7569444444444444,0.7497850386930354,0.7471763683753258,0.49434395800654896,531,"all","DT#531","DT",531
452,509,67,123,0.8836805555555556,0.8709055876685935,0.8836805555555556,0.8836805555555556,0.8427152317880795,0.8349261511728931,0.6698241397219572,531,"all","RF#531","RF",531
462,425,151,113,0.8034782608695652,0.7899628252788105,0.8034782608695652,0.8034782608695652,0.7777777777777778,0.7706342311033884,0.5412944305731254,531,"all","NB#531","NB",531
464,487,89,111,0.8454861111111112,0.8390596745027125,0.8454861111111112,0.8454861111111112,0.8296422487223168,0.8262380538662033,0.6524643028603003,531,"all","MLP#531","MLP",531
446,431,145,129,0.7756521739130435,0.7696428571428572,0.7756521739130435,0.7756521739130435,0.7650085763293311,0.7619461337966985,0.5239034081302384,532,"all","DT#532","DT",532
470,515,61,105,0.8940972222222222,0.8851224105461394,0.8940972222222222,0.8940972222222222,0.8612040133779264,0.8557775847089487,0.7115357904208612,532,"all","RF#532","RF",532
365,518,58,210,0.8993055555555556,0.8628841607565012,0.8993055555555556,0.8993055555555556,0.794478527607362,0.7671589921807124,0.5342107488433335,532,"all","NB#532","NB",532
458,496,80,117,0.8611111111111112,0.8513011152416357,0.8611111111111112,0.8611111111111112,0.8343145500420521,0.8288444830582102,0.6576695860125037,532,"all","MLP#532","MLP",532
445,444,132,130,0.7739130434782608,0.7735191637630662,0.7739130434782608,0.7739130434782608,0.7725694444444444,0.7723718505647263,0.5447447320509298,533,"all","DT#533","DT",533
482,511,65,93,0.8871527777777778,0.8811700182815356,0.8871527777777778,0.8871527777777778,0.8661016949152542,0.8627280625543006,0.7254443122595761,533,"all","RF#533","RF",533
536,190,386,39,0.9321739130434783,0.8296943231441049,0.9321739130434783,0.9321739130434783,0.7160988643954577,0.630755864465682,0.26189782828138036,533,"all","NB#533","NB",533
463,495,81,112,0.859375,0.8511029411764706,0.859375,0.859375,0.8368554522400676,0.8323197219808862,0.6646234953628568,533,"all","MLP#533","MLP",533
439,453,123,136,0.7864583333333334,0.7811387900355872,0.7864583333333334,0.7864583333333334,0.7776824034334764,0.7749782797567333,0.5499473872524673,534,"all","DT#534","DT",534
481,512,64,94,0.8888888888888888,0.8825688073394495,0.8888888888888888,0.8888888888888888,0.8663282571912013,0.8627280625543006,0.7254434832495432,534,"all","RF#534","RF",534
507,365,211,68,0.8817391304347826,0.8429561200923787,0.8817391304347826,0.8817391304347826,0.7842227378190255,0.7576020851433536,0.5153084403578333,534,"all","NB#534","NB",534
466,493,83,109,0.8559027777777778,0.848816029143898,0.8559027777777778,0.8559027777777778,0.8370118845500848,0.8331885317115552,0.6663637159671122,534,"all","MLP#534","MLP",534
463,443,133,112,0.8052173913043478,0.7981981981981981,0.8052173913043478,0.8052173913043478,0.7907771135781383,0.787141615986099,0.5742964066658515,535,"all","DT#535","DT",535
480,518,58,95,0.8993055555555556,0.8921933085501859,0.8993055555555556,0.8993055555555556,0.8713204373423045,0.8670721112076455,0.7341291708625028,535,"all","RF#535","RF",535
369,516,60,206,0.8958333333333334,0.8601398601398601,0.8958333333333334,0.8958333333333334,0.7950693374422187,0.7688966116420504,0.5376909765739429,535,"all","NB#535","NB",535
480,478,98,95,0.8347826086956521,0.8342059336823735,0.8347826086956521,0.8347826086956521,0.8326105810928013,0.8323197219808862,0.6646407096586219,535,"all","MLP#535","MLP",535
449,424,152,126,0.7808695652173913,0.7709090909090909,0.7808695652173913,0.7808695652173913,0.7636054421768708,0.7584708948740226,0.5169603850090426,536,"all","DT#536","DT",536
470,498,78,105,0.8645833333333334,0.8576642335766423,0.8645833333333334,0.8645833333333334,0.8447837150127225,0.8410078192875761,0.6820024366935248,536,"all","RF#536","RF",536
374,506,70,201,0.8784722222222222,0.8423423423423423,0.8784722222222222,0.8784722222222222,0.7887763055339049,0.7645525629887054,0.5290116251855362,536,"all","NB#536","NB",536
463,481,95,112,0.8350694444444444,0.8297491039426523,0.8350694444444444,0.8350694444444444,0.8229255774165953,0.8201563857515204,0.640303268652728,536,"all","MLP#536","MLP",536
445,444,132,130,0.7739130434782608,0.7735191637630662,0.7739130434782608,0.7739130434782608,0.7725694444444444,0.7723718505647263,0.5447447320509298,537,"all","DT#537","DT",537
472,504,72,103,0.875,0.8676470588235294,0.875,0.875,0.8520710059171598,0.8479582971329279,0.6959021331010359,537,"all","RF#537","RF",537
436,453,123,139,0.7864583333333334,0.7799642218246869,0.7864583333333334,0.7864583333333334,0.7756849315068494,0.7723718505647263,0.5447323606850407,537,"all","NB#537","NB",537
471,471,105,104,0.8191304347826087,0.8191304347826087,0.8191304347826087,0.8191304347826087,0.8184187662901826,0.8184187662901824,0.6368378067062097,537,"all","MLP#537","MLP",537
437,447,129,138,0.7760416666666666,0.7720848056537103,0.7760416666666666,0.7760416666666666,0.7700258397932817,0.7680278019113814,0.536048949940443,538,"all","DT#538","DT",538
468,511,65,107,0.8871527777777778,0.8780487804878049,0.8871527777777778,0.8871527777777778,0.8559463986599666,0.8505647263249348,0.7011102757119262,538,"all","RF#538","RF",538
507,334,242,68,0.8817391304347826,0.8308457711442786,0.8817391304347826,0.8817391304347826,0.7658610271903322,0.7306689834926151,0.4614790197019502,538,"all","NB#538","NB",538
450,478,98,125,0.8298611111111112,0.8211678832116789,0.8298611111111112,0.8298611111111112,0.8108566581849025,0.8062554300608167,0.6124947725828196,538,"all","MLP#538","MLP",538
450,444,132,125,0.782608695652174,0.7803163444639719,0.782608695652174,0.782608695652174,0.7778738115816768,0.7767158992180713,0.5534361804751459,539,"all","DT#539","DT",539
462,517,59,113,0.8975694444444444,0.8867562380038387,0.8975694444444444,0.8975694444444444,0.857379767827529,0.8505647263249348,0.7011048606015587,539,"all","RF#539","RF",539
473,399,177,102,0.8226086956521739,0.7964071856287425,0.8226086956521739,0.8226086956521739,0.7722448979591836,0.7576020851433536,0.5152586890071323,539,"all","NB#539","NB",539
442,482,94,133,0.8368055555555556,0.8246268656716418,0.8368055555555556,0.8368055555555556,0.8094038623005878,0.8027801911381407,0.6055368598090768,539,"all","MLP#539","MLP",539
442,436,140,133,0.768695652173913,0.7662565905096661,0.768695652173913,0.768695652173913,0.7640449438202246,0.7628149435273676,0.5256345419055052,540,"all","DT#540","DT",540
471,522,54,104,0.90625,0.8971428571428571,0.90625,0.90625,0.8685524126455907,0.8627280625543006,0.7254351928738582,540,"all","RF#540","RF",540
430,483,93,145,0.8385416666666666,0.8221797323135756,0.8385416666666666,0.8385416666666666,0.8023255813953487,0.7932232841007819,0.5864137885220457,540,"all","NB#540","NB",540
463,500,76,112,0.8680555555555556,0.8589981447124304,0.8680555555555556,0.8680555555555556,0.8417508417508417,0.8366637706342311,0.6733095397696736,540,"all","MLP#540","MLP",540
458,437,139,117,0.7965217391304348,0.7888086642599278,0.7965217391304348,0.7965217391304348,0.7815699658703071,0.7775847089487402,0.5551838556086603,541,"all","DT#541","DT",541
482,494,82,93,0.8576388888888888,0.8546099290780141,0.8576388888888888,0.8576388888888888,0.8495270851246776,0.8479582971329279,0.6959113149523921,541,"all","RF#541","RF",541
477,398,178,98,0.8295652173913044,0.8024193548387096,0.8295652173913044,0.8295652173913044,0.7756097560975611,0.7602085143353605,0.5204745803646902,541,"all","NB#541","NB",541
458,482,94,117,0.8368055555555556,0.8297101449275363,0.8368055555555556,0.8368055555555556,0.8204255319148935,0.8166811468288445,0.6333492859806424,541,"all","MLP#541","MLP",541
447,444,132,128,0.7773913043478261,0.7762237762237763,0.7773913043478261,0.7773913043478261,0.7746967071057191,0.7741094700260643,0.5482213271658989,542,"all","DT#542","DT",542
478,512,64,97,0.8888888888888888,0.8819188191881919,0.8888888888888888,0.8888888888888888,0.8641350210970464,0.8601216333622936,0.7202291176945711,542,"all","RF#542","RF",542
406,523,53,169,0.9079861111111112,0.8845315904139434,0.9079861111111112,0.9079861111111112,0.8249211356466878,0.8071242397914856,0.6141806234183521,542,"all","NB#542","NB",542
456,494,82,119,0.8576388888888888,0.8475836431226765,0.8576388888888888,0.8576388888888888,0.8309503784693019,0.8253692441355344,0.6507187146625039,542,"all","MLP#542","MLP",542
453,424,152,122,0.7878260869565218,0.7765567765567766,0.7878260869565218,0.7878260869565218,0.7677966101694915,0.7619461337966985,0.5239134701025014,543,"all","DT#543","DT",543
488,511,65,87,0.8871527777777778,0.8824593128390597,0.8871527777777778,0.8871527777777778,0.8705281090289607,0.8679409209383145,0.7358728701738283,543,"all","RF#543","RF",543
512,347,229,63,0.8904347826086957,0.8463414634146341,0.8904347826086957,0.8904347826086957,0.7781155015197568,0.7463075586446568,0.4927418551510341,543,"all","NB#543","NB",543
471,488,88,104,0.8472222222222222,0.8425760286225402,0.8472222222222222,0.8472222222222222,0.8356164383561645,0.8331885317115552,0.6663687528684268,543,"all","MLP#543","MLP",543
432,434,142,143,0.7534722222222222,0.7526132404181185,0.7534722222222222,0.7534722222222222,0.7528187337380746,0.7523892267593397,0.5047773320913831,544,"all","DT#544","DT",544
450,504,72,125,0.875,0.8620689655172413,0.875,0.875,0.8365145228215769,0.8288444830582102,0.6576613165002634,544,"all","RF#544","RF",544
243,550,26,332,0.9548611111111112,0.9033457249070632,0.9548611111111112,0.9548611111111112,0.7544581618655692,0.6889661164205039,0.37764426199301004,544,"all","NB#544","NB",544
450,473,103,125,0.8211805555555556,0.8137432188065099,0.8211805555555556,0.8211805555555556,0.8057921635434413,0.8019113814074718,0.6038093052607424,544,"all","MLP#544","MLP",544
460,410,166,115,0.8,0.780952380952381,0.8,0.8,0.7660283097418817,0.7558644656820156,0.511766153270204,545,"all","DT#545","DT",545
467,495,81,108,0.859375,0.8521897810218978,0.859375,0.859375,0.8396946564885497,0.8357949609035621,0.6715762870769189,545,"all","RF#545","RF",545
435,457,119,140,0.7934027777777778,0.7851985559566786,0.7934027777777778,0.7934027777777778,0.7791986359761297,0.7749782797567333,0.5499419516621149,545,"all","NB#545","NB",545
446,476,100,129,0.8263888888888888,0.8168498168498168,0.8263888888888888,0.8263888888888888,0.8060965283657917,0.8010425716768028,0.6020674214299843,545,"all","MLP#545","MLP",545
441,446,130,134,0.7743055555555556,0.7723292469352014,0.7743055555555556,0.7743055555555556,0.7716262975778546,0.7706342311033884,0.5412653458052283,546,"all","DT#546","DT",546
473,504,72,102,0.875,0.8678899082568807,0.875,0.875,0.8527918781725888,0.8488271068635969,0.6976402916798767,546,"all","RF#546","RF",546
510,384,192,65,0.8869565217391304,0.8552338530066815,0.8869565217391304,0.8869565217391304,0.7987470634299139,0.7767158992180713,0.5535170642102134,546,"all","NB#546","NB",546
461,480,96,114,0.8333333333333334,0.8276481149012568,0.8333333333333334,0.8333333333333334,0.8205128205128206,0.8175499565595135,0.6350897216409865,546,"all","MLP#546","MLP",546
428,444,132,147,0.7708333333333334,0.7642857142857142,0.7708333333333334,0.7708333333333334,0.7609254498714653,0.7576020851433536,0.5151928259245001,547,"all","DT#547","DT",547
475,493,83,100,0.8559027777777778,0.8512544802867383,0.8559027777777778,0.8559027777777778,0.8434559452523523,0.8410078192875761,0.6820072375045858,547,"all","RF#547","RF",547
469,411,165,106,0.8156521739130435,0.7949709864603481,0.8156521739130435,0.8156521739130435,0.7758478081058726,0.7645525629887054,0.5291467094567361,547,"all","NB#547","NB",547
452,479,97,123,0.8315972222222222,0.8233151183970856,0.8315972222222222,0.8315972222222222,0.8132427843803056,0.8088618592528236,0.6177084245456494,547,"all","MLP#547","MLP",547
432,460,116,143,0.7986111111111112,0.7883211678832117,0.7986111111111112,0.7986111111111112,0.7803223070398642,0.7749782797567333,0.5499378748831851,548,"all","DT#548","DT",548
461,510,66,114,0.8854166666666666,0.8747628083491461,0.8854166666666666,0.8854166666666666,0.85,0.843614248479583,0.687205594608305,548,"all","RF#548","RF",548
538,132,444,37,0.9356521739130435,0.7810650887573964,0.9356521739130435,0.9356521739130435,0.6910725754656392,0.5821025195482189,0.16471763273471754,548,"all","NB#548","NB",548
461,501,75,114,0.8697916666666666,0.8600746268656716,0.8697916666666666,0.8697916666666666,0.8413098236775819,0.8357949609035621,0.6715703370216543,548,"all","MLP#548","MLP",548
441,442,134,134,0.7673611111111112,0.7673611111111112,0.7673611111111112,0.7673611111111112,0.7673611111111112,0.7671589921807124,0.5343176328502414,549,"all","DT#549","DT",549
480,512,64,95,0.8888888888888888,0.8823529411764706,0.8888888888888888,0.8888888888888888,0.8655959425190194,0.8618592528236316,0.723705366646084,549,"all","RF#549","RF",549
459,447,129,116,0.7982608695652174,0.7939609236234458,0.7982608695652174,0.7982608695652174,0.7893379191745485,0.787141615986099,0.5742912654190059,549,"all","NB#549","NB",549
468,494,82,107,0.8576388888888888,0.850909090909091,0.8576388888888888,0.8576388888888888,0.8394222599830076,0.8357949609035621,0.6715772787318361,549,"all","MLP#549","MLP",549
420,438,138,155,0.7604166666666666,0.7526881720430108,0.7604166666666666,0.7604166666666666,0.7493584260051326,0.7454387489139879,0.4908640469335717,550,"all","DT#550","DT",550
468,509,67,107,0.8836805555555556,0.874766355140187,0.8836805555555556,0.8836805555555556,0.8540268456375839,0.8488271068635969,0.6976357267950963,550,"all","RF#550","RF",550
490,379,197,85,0.8521739130434782,0.8168103448275862,0.8521739130434782,0.8521739130434782,0.7765451664025357,0.7549956559513467,0.5100737797956867,550,"all","NB#550","NB",550
454,479,97,121,0.8315972222222222,0.8239564428312159,0.8315972222222222,0.8315972222222222,0.814625850340136,0.8105994787141616,0.6211849463144801,550,"all","MLP#550","MLP",550
449,450,126,126,0.78125,0.78125,0.78125,0.78125,0.78125,0.7810599478714162,0.5621195652173914,551,"all","DT#551","DT",551
483,488,88,92,0.8472222222222222,0.8458844133099825,0.8472222222222222,0.8472222222222222,0.8442906574394463,0.843614248479583,0.6872263721399284,551,"all","RF#551","RF",551
388,498,78,187,0.8645833333333334,0.8326180257510729,0.8645833333333334,0.8645833333333334,0.7898493259318002,0.7697654213727194,0.5394547109956199,551,"all","NB#551","NB",551
476,472,104,99,0.8278260869565217,0.8266199649737302,0.8278260869565217,0.8278260869565217,0.8242424242424243,0.8236316246741964,0.6472656456397522,551,"all","MLP#551","MLP",551
442,453,123,133,0.7864583333333334,0.7823008849557522,0.7864583333333334,0.7864583333333334,0.7796901893287435,0.7775847089487402,0.5551623665816211,552,"all","DT#552","DT",552
486,502,74,89,0.8715277777777778,0.8678571428571429,0.8715277777777778,0.8715277777777778,0.8603256212510711,0.8583840139009556,0.7167614000920913,552,"all","RF#552","RF",552
450,432,144,125,0.782608695652174,0.7755834829443446,0.782608695652174,0.782608695652174,0.7698887938408896,0.7662901824500434,0.5325934189689607,552,"all","NB#552","NB",552
457,489,87,118,0.8489583333333334,0.8400735294117647,0.8489583333333334,0.8489583333333334,0.8267117497886729,0.8218940052128584,0.6437710702040705,552,"all","MLP#552","MLP",552
452,431,145,123,0.7860869565217391,0.7779783393501805,0.7860869565217391,0.7860869565217391,0.7713310580204779,0.7671589921807124,0.5343330988403162,553,"all","DT#553","DT",553
465,497,79,110,0.8628472222222222,0.8547794117647058,0.8628472222222222,0.8628472222222222,0.8402366863905324,0.8357949609035621,0.6715743037491186,553,"all","RF#553","RF",553
350,514,62,225,0.8923611111111112,0.8495145631067961,0.8923611111111112,0.8923611111111112,0.7817490494296577,0.7506516072980017,0.5011800911154163,553,"all","NB#553","NB",553
454,498,78,121,0.8645833333333334,0.8533834586466166,0.8645833333333334,0.8645833333333334,0.8334728033472805,0.8271068635968722,0.6541910178347929,553,"all","MLP#553","MLP",553
447,468,108,128,0.8125,0.8054054054054054,0.8125,0.8125,0.7986348122866895,0.7949609035621199,0.5899091156133941,554,"all","DT#554","DT",554
468,516,60,107,0.8958333333333334,0.8863636363636364,0.8958333333333334,0.8958333333333334,0.8607172643869891,0.8549087749782798,0.7097967398049077,554,"all","RF#554","RF",554
482,414,162,93,0.8382608695652174,0.8165680473372781,0.8382608695652174,0.8382608695652174,0.7908121410992617,0.7784535186794093,0.556952853642963,554,"all","NB#554","NB",554
463,490,86,112,0.8506944444444444,0.843351548269581,0.8506944444444444,0.8506944444444444,0.8319185059422751,0.8279756733275413,0.6559375820910845,554,"all","MLP#554","MLP",554
464,444,132,111,0.8069565217391305,0.8,0.8069565217391305,0.8069565217391305,0.7924850555081128,0.788879235447437,0.5777715380400078,555,"all","DT#555","DT",555
475,505,71,100,0.8767361111111112,0.86996336996337,0.8767361111111112,0.8767361111111112,0.855207451312447,0.8514335360556038,0.7028538387097261,555,"all","RF#555","RF",555
392,509,67,183,0.8836805555555556,0.8540305010893247,0.8836805555555556,0.8836805555555556,0.8028391167192429,0.7827975673327541,0.5655187200657119,555,"all","NB#555","NB",555
466,485,91,109,0.8420138888888888,0.8366247755834829,0.8420138888888888,0.8420138888888888,0.829059829059829,0.8262380538662033,0.6524664015628444,555,"all","MLP#555","MLP",555
442,444,132,133,0.7708333333333334,0.7700348432055749,0.7708333333333334,0.7708333333333334,0.7701647875108414,0.7697654213727194,0.5395298000147948,556,"all","DT#556","DT",556
469,510,66,106,0.8854166666666666,0.8766355140186916,0.8854166666666666,0.8854166666666666,0.8557046979865771,0.8505647263249348,0.7011111782112447,556,"all","RF#556","RF",556
484,394,182,91,0.8417391304347827,0.8123711340206186,0.8417391304347827,0.8417391304347827,0.7800161160354553,0.7628149435273676,0.5256946886825634,556,"all","NB#556","NB",556
464,488,88,111,0.8472222222222222,0.8405797101449275,0.8472222222222222,0.8472222222222222,0.8306382978723404,0.8271068635968722,0.6542014592898001,556,"all","MLP#556","MLP",556
467,430,146,108,0.8121739130434783,0.7992565055762082,0.8121739130434783,0.8121739130434783,0.7861952861952862,0.7793223284100782,0.5586696415362646,557,"all","DT#557","DT",557
483,498,78,92,0.8645833333333334,0.8609625668449198,0.8645833333333334,0.8645833333333334,0.8542024013722127,0.8523023457862728,0.7045982252040351,557,"all","RF#557","RF",557
468,441,135,107,0.8139130434782609,0.8047445255474452,0.8139130434782609,0.8139130434782609,0.7945670628183361,0.789748045178106,0.5795135471326696,557,"all","NB#557","NB",557
482,480,96,93,0.8382608695652174,0.837696335078534,0.8382608695652174,0.8382608695652174,0.8360797918473548,0.8357949609035621,0.6715911612719145,557,"all","MLP#557","MLP",557
445,428,148,130,0.7739130434782608,0.7670250896057348,0.7739130434782608,0.7739130434782608,0.7619863013698631,0.7584708948740226,0.5169545513557905,558,"all","DT#558","DT",558
471,499,77,104,0.8663194444444444,0.8594890510948905,0.8663194444444444,0.8663194444444444,0.8464800678541137,0.8427454387489139,0.6854778198990598,558,"all","RF#558","RF",558
406,483,93,169,0.8385416666666666,0.8136272545090181,0.8385416666666666,0.8385416666666666,0.786644951140065,0.7723718505647263,0.544691117942276,558,"all","NB#558","NB",558
460,483,93,115,0.8385416666666666,0.8318264014466547,0.8385416666666666,0.8385416666666666,0.8228279386712095,0.8192875760208514,0.6385628749747124,558,"all","MLP#558","MLP",558
443,433,143,132,0.7704347826086957,0.7663716814159292,0.7704347826086957,0.7704347826086957,0.7631352282515074,0.7610773240660296,0.5221622225476328,559,"all","DT#559","DT",559
475,517,59,100,0.8975694444444444,0.8895131086142322,0.8975694444444444,0.8975694444444444,0.8667225481978206,0.8618592528236316,0.7237011952732582,559,"all","RF#559","RF",559
371,518,58,204,0.8993055555555556,0.8648018648018648,0.8993055555555556,0.8993055555555556,0.7981510015408321,0.7723718505647263,0.5446429919638085,559,"all","NB#559","NB",559
471,487,89,104,0.8454861111111112,0.8410714285714286,0.8454861111111112,0.8454861111111112,0.8346186803770351,0.8323197219808862,0.6646315964280592,559,"all","MLP#559","MLP",559
449,441,135,126,0.7808695652173913,0.7777777777777778,0.7808695652173913,0.7808695652173913,0.7748058671268334,0.7732406602953953,0.5464871401203787,560,"all","DT#560","DT",560
479,507,69,96,0.8802083333333334,0.8740875912408759,0.8802083333333334,0.8802083333333334,0.8600508905852416,0.8566463944396178,0.713280885543342,560,"all","RF#560","RF",560
497,382,194,78,0.8643478260869565,0.8304347826086956,0.8643478260869565,0.8643478260869565,0.7851500789889415,0.7636837532580365,0.5274499030966799,560,"all","NB#560","NB",560
460,488,88,115,0.8472222222222222,0.8394160583941606,0.8472222222222222,0.8472222222222222,0.8278201865988125,0.8236316246741964,0.6472486046381722,560,"all","MLP#560","MLP",560
450,441,135,125,0.782608695652174,0.7791519434628975,0.782608695652174,0.782608695652174,0.7758620689655172,0.7741094700260643,0.548225419302245,561,"all","DT#561","DT",561
481,495,81,94,0.859375,0.8558718861209964,0.859375,0.859375,0.849785407725322,0.8479582971329279,0.6959103967922077,561,"all","RF#561","RF",561
481,383,193,94,0.8365217391304348,0.8029350104821803,0.8365217391304348,0.8365217391304348,0.7702161729383508,0.7506516072980017,0.5013773605696008,561,"all","NB#561","NB",561
473,481,95,102,0.8350694444444444,0.8327464788732394,0.8350694444444444,0.8350694444444444,0.8300258843830888,0.8288444830582102,0.6576850902711834,561,"all","MLP#561","MLP",561
449,445,131,126,0.7808695652173913,0.7793345008756567,0.7808695652173913,0.7808695652173913,0.7774891774891775,0.7767158992180713,0.5534348321646123,562,"all","DT#562","DT",562
475,506,70,100,0.8784722222222222,0.8715596330275229,0.8784722222222222,0.8784722222222222,0.8561759729272419,0.8523023457862728,0.7045910895722934,562,"all","RF#562","RF",562
525,327,249,50,0.9130434782608695,0.8673740053050398,0.9130434782608695,0.9130434782608695,0.7783543365455894,0.7402258905299739,0.4806074262110265,562,"all","NB#562","NB",562
456,501,75,119,0.8697916666666666,0.8587570621468926,0.8697916666666666,0.8697916666666666,0.8377926421404683,0.8314509122502172,0.6628791767569101,562,"all","MLP#562","MLP",562
432,430,146,143,0.7513043478260869,0.7504363001745201,0.7513043478260869,0.7513043478260869,0.7493495229835213,0.7489139878366637,0.4978298709395942,563,"all","DT#563","DT",563
484,504,72,91,0.875,0.8705035971223022,0.875,0.875,0.860802732707088,0.8583840139009556,0.7167596896650115,563,"all","RF#563","RF",563
429,476,100,146,0.8263888888888888,0.8109640831758034,0.8263888888888888,0.8263888888888888,0.7946577629382303,0.7862728062554301,0.5725156034386446,563,"all","NB#563","NB",563
459,486,90,116,0.84375,0.8360655737704918,0.84375,0.84375,0.8251273344651954,0.8210251954821894,0.6420360702563809,563,"all","MLP#563","MLP",563
450,437,139,125,0.782608695652174,0.7775800711743772,0.782608695652174,0.782608695652174,0.7731958762886597,0.7706342311033884,0.5412778111573728,564,"all","DT#564","DT",564
471,502,74,104,0.8715277777777778,0.8642201834862385,0.8715277777777778,0.8715277777777778,0.8494077834179358,0.845351867940921,0.6906894937874603,564,"all","RF#564","RF",564
441,450,126,134,0.78125,0.7777777777777778,0.78125,0.78125,0.7758620689655173,0.7741094700260643,0.5482131426708052,564,"all","NB#564","NB",564
450,483,93,125,0.8385416666666666,0.8287292817679558,0.8385416666666666,0.8385416666666666,0.8158783783783784,0.8105994787141616,0.621180371032417,564,"all","MLP#564","MLP",564
453,457,119,122,0.7934027777777778,0.791958041958042,0.7934027777777778,0.7934027777777778,0.7913419913419915,0.790616854908775,0.5812314971233264,565,"all","DT#565","DT",565
480,512,64,95,0.8888888888888888,0.8823529411764706,0.8888888888888888,0.8888888888888888,0.8655959425190194,0.8618592528236316,0.723705366646084,565,"all","RF#565","RF",565
506,358,218,69,0.88,0.8384074941451991,0.88,0.88,0.7790608160123171,0.7506516072980017,0.5014149896837818,565,"all","NB#565","NB",565
466,491,85,109,0.8524305555555556,0.8457350272232305,0.8524305555555556,0.8524305555555556,0.8350340136054423,0.8314509122502172,0.6628893558945372,565,"all","MLP#565","MLP",565
455,438,138,120,0.7913043478260869,0.7849462365591398,0.7913043478260869,0.7913043478260869,0.7791095890410958,0.7758470894874022,0.551706022481273,566,"all","DT#566","DT",566
476,511,65,99,0.8871527777777778,0.8798521256931608,0.8871527777777778,0.8871527777777778,0.8617200674536255,0.8575152041702867,0.7150155654124759,566,"all","RF#566","RF",566
338,535,41,237,0.9288194444444444,0.8918205804749341,0.9288194444444444,0.9288194444444444,0.7937685459940653,0.7584708948740226,0.5167984488163769,566,"all","NB#566","NB",566
461,493,83,114,0.8559027777777778,0.8474264705882353,0.8559027777777778,0.8559027777777778,0.8334742180896028,0.8288444830582102,0.6576726869765946,566,"all","MLP#566","MLP",566
435,417,159,140,0.7565217391304347,0.748653500897666,0.7565217391304347,0.7565217391304347,0.7442258340461934,0.7402258905299739,0.480466290972934,567,"all","DT#567","DT",567
463,494,82,112,0.8576388888888888,0.8495412844036697,0.8576388888888888,0.8576388888888888,0.8358714043993232,0.8314509122502172,0.6628863022177935,567,"all","RF#567","RF",567
482,351,225,93,0.8382608695652174,0.7905405405405406,0.8382608695652174,0.8382608695652174,0.7519500780031202,0.7237185056472633,0.4475466845375017,567,"all","NB#567","NB",567
450,466,110,125,0.8090277777777778,0.8035714285714286,0.8090277777777778,0.8090277777777778,0.7986289631533846,0.7958297132927888,0.591649871298414,567,"all","MLP#567","MLP",567
444,437,139,131,0.7721739130434783,0.7693661971830986,0.7721739130434783,0.7721739130434783,0.766839378238342,0.7654213727193745,0.5308480573906114,568,"all","DT#568","DT",568
471,504,72,104,0.875,0.8674033149171271,0.875,0.875,0.8513513513513513,0.8470894874022589,0.6941639692738778,568,"all","RF#568","RF",568
473,432,144,102,0.8226086956521739,0.8089887640449438,0.8226086956521739,0.8226086956521739,0.7936241610738255,0.7862728062554301,0.5725723912433088,568,"all","NB#568","NB",568
442,492,84,133,0.8541666666666666,0.8403041825095057,0.8541666666666666,0.8541666666666666,0.8193172356369692,0.8114682884448305,0.6229083975112893,568,"all","MLP#568","MLP",568
443,447,129,132,0.7760416666666666,0.7744755244755245,0.7760416666666666,0.7760416666666666,0.774025974025974,0.7732406602953953,0.5464789242704904,569,"all","DT#569","DT",569
480,500,76,95,0.8680555555555556,0.8633093525179856,0.8680555555555556,0.8680555555555556,0.8539709649871906,0.8514335360556038,0.7028583247405948,569,"all","RF#569","RF",569
391,502,74,184,0.8715277777777778,0.8408602150537634,0.8715277777777778,0.8715277777777778,0.7955625990491284,0.7758470894874022,0.5516193812378263,569,"all","NB#569","NB",569
473,474,102,102,0.8229166666666666,0.8229166666666666,0.8229166666666666,0.8229166666666666,0.8229166666666666,0.8227628149435273,0.6455253623188404,569,"all","MLP#569","MLP",569
459,446,130,116,0.7982608695652174,0.7935943060498221,0.7982608695652174,0.7982608695652174,0.7886597938144329,0.7862728062554301,0.5725543240330065,570,"all","DT#570","DT",570
493,501,75,82,0.8697916666666666,0.8679577464788732,0.8697916666666666,0.8697916666666666,0.8645383951682485,0.8635968722849696,0.7271906556983544,570,"all","RF#570","RF",570
392,505,71,183,0.8767361111111112,0.8466522678185745,0.8767361111111112,0.8767361111111112,0.7990506329113923,0.7793223284100782,0.558569685695649,570,"all","NB#570","NB",570
485,487,89,90,0.8454861111111112,0.8449477351916377,0.8454861111111112,0.8454861111111112,0.8447528187337381,0.8444830582102519,0.6889654120854651,570,"all","MLP#570","MLP",570
441,446,130,134,0.7743055555555556,0.7723292469352014,0.7743055555555556,0.7743055555555556,0.7716262975778546,0.7706342311033884,0.5412653458052283,571,"all","DT#571","DT",571
482,491,85,93,0.8524305555555556,0.8500881834215167,0.8524305555555556,0.8524305555555556,0.8465517241379311,0.845351867940921,0.6906997669053975,571,"all","RF#571","RF",571
441,470,106,134,0.8159722222222222,0.8062157221206582,0.8159722222222222,0.8159722222222222,0.7966101694915254,0.7914856646394439,0.5829533857107485,571,"all","NB#571","NB",571
462,460,116,113,0.8034782608695652,0.8027923211169284,0.8034782608695652,0.8034782608695652,0.8013876843018214,0.8010425716768028,0.6020866451389866,571,"all","MLP#571","MLP",571
458,436,140,117,0.7965217391304348,0.7884267631103075,0.7965217391304348,0.7965217391304348,0.7809036658141517,0.7767158992180713,0.5534469666663145,572,"all","DT#572","DT",572
479,508,68,96,0.8819444444444444,0.8756855575868373,0.8819444444444444,0.8819444444444444,0.8610169491525423,0.8575152041702867,0.7150181469023449,572,"all","RF#572","RF",572
244,545,31,331,0.9461805555555556,0.8872727272727273,0.9461805555555556,0.9461805555555556,0.7506887052341598,0.685490877497828,0.3706962694457031,572,"all","NB#572","NB",572
471,498,78,104,0.8645833333333334,0.8579234972677595,0.8645833333333334,0.8645833333333334,0.8455008488964347,0.841876629018245,0.6837406057604918,572,"all","MLP#572","MLP",572
427,450,126,148,0.78125,0.7721518987341772,0.78125,0.78125,0.7666098807495741,0.7619461337966985,0.5238760949186114,573,"all","DT#573","DT",573
476,499,77,99,0.8663194444444444,0.8607594936708861,0.8663194444444444,0.8663194444444444,0.8500851788756388,0.8470894874022589,0.6941685865170643,573,"all","RF#573","RF",573
474,426,150,101,0.8243478260869566,0.8083491461100569,0.8243478260869566,0.8243478260869566,0.7906588824020017,0.7819287576020851,0.5638894465838125,573,"all","NB#573","NB",573
479,452,124,96,0.8330434782608696,0.8248175182481752,0.8330434782608696,0.8330434782608696,0.8132427843803057,0.8088618592528236,0.6177395883024268,573,"all","MLP#573","MLP",573
453,450,126,122,0.7878260869565218,0.7867132867132867,0.7878260869565218,0.7878260869565218,0.7850953206239167,0.7845351867940921,0.5690726505274726,574,"all","DT#574","DT",574
468,500,76,107,0.8680555555555556,0.8602941176470589,0.8680555555555556,0.8680555555555556,0.84530853761623,0.8410078192875761,0.6820005163285119,574,"all","RF#574","RF",574
463,421,155,112,0.8052173913043478,0.7898686679174484,0.8052173913043478,0.8052173913043478,0.7761944677284156,0.7680278019113814,0.5360853688543769,574,"all","NB#574","NB",574
487,493,83,88,0.8559027777777778,0.8543859649122807,0.8559027777777778,0.8559027777777778,0.8522039757994815,0.8514335360556038,0.7028646049562571,574,"all","MLP#574","MLP",574
452,433,143,123,0.7860869565217391,0.7787769784172662,0.7860869565217391,0.7860869565217391,0.7726495726495726,0.7688966116420504,0.53780682950394,575,"all","DT#575","DT",575
471,495,81,104,0.859375,0.8532608695652174,0.859375,0.859375,0.8425531914893617,0.8392701998262381,0.6785289948171509,575,"all","RF#575","RF",575
379,508,68,196,0.8819444444444444,0.8478747203579419,0.8819444444444444,0.8819444444444444,0.7937500000000001,0.7706342311033884,0.5411794549671434,575,"all","NB#575","NB",575
453,481,95,122,0.8350694444444444,0.8266423357664233,0.8350694444444444,0.8350694444444444,0.8159457167090756,0.8114682884448305,0.6229209221994253,575,"all","MLP#575","MLP",575
433,450,126,142,0.78125,0.774597495527728,0.78125,0.78125,0.7705479452054795,0.7671589921807124,0.5343063842121789,576,"all","DT#576","DT",576
465,509,67,110,0.8836805555555556,0.8740601503759399,0.8836805555555556,0.8836805555555556,0.8518828451882846,0.8462206776715899,0.692421156566625,576,"all","RF#576","RF",576
439,454,122,136,0.7881944444444444,0.7825311942959001,0.7881944444444444,0.7881944444444444,0.7787307032590053,0.7758470894874022,0.5516843653096533,576,"all","NB#576","NB",576
456,486,90,119,0.84375,0.8351648351648352,0.84375,0.84375,0.8230313293818797,0.8184187662901824,0.6368213584229986,576,"all","MLP#576","MLP",576
454,424,152,121,0.7895652173913044,0.7779816513761468,0.7895652173913044,0.7895652173913044,0.7688399661303981,0.7628149435273676,0.5256517282554712,577,"all","DT#577","DT",577
480,504,72,95,0.875,0.8695652173913043,0.875,0.875,0.8578723404255318,0.8549087749782798,0.7098072547808876,577,"all","RF#577","RF",577
408,489,87,167,0.8489583333333334,0.8242424242424242,0.8489583333333334,0.8489583333333334,0.7938311688311689,0.7793223284100782,0.5585910134074163,577,"all","NB#577","NB",577
453,507,69,122,0.8802083333333334,0.867816091954023,0.8802083333333334,0.8802083333333334,0.84149377593361,0.8340573414422241,0.6680878753885802,577,"all","MLP#577","MLP",577
441,440,136,134,0.7669565217391304,0.7665505226480837,0.7669565217391304,0.7669565217391304,0.765625,0.7654213727193745,0.5308438078387445,578,"all","DT#578","DT",578
477,512,64,98,0.8888888888888888,0.8817005545286506,0.8888888888888888,0.8888888888888888,0.8634064080944351,0.8592528236316247,0.7184909853464702,578,"all","RF#578","RF",578
505,353,223,70,0.8782608695652174,0.83451536643026,0.8782608695652174,0.8782608695652174,0.7751343054489639,0.7454387489139879,0.4909946826895359,578,"all","NB#578","NB",578
437,504,72,138,0.875,0.8585461689587426,0.875,0.875,0.8275862068965517,0.8175499565595135,0.6350632762322332,578,"all","MLP#578","MLP",578
447,454,122,128,0.7881944444444444,0.7855887521968365,0.7881944444444444,0.7881944444444444,0.7841105354058721,0.7827975673327541,0.5655908718979942,579,"all","DT#579","DT",579
470,509,67,105,0.8836805555555556,0.8752327746741154,0.8836805555555556,0.8836805555555556,0.8554621848739496,0.8505647263249348,0.7011120807051129,579,"all","RF#579","RF",579
519,322,254,56,0.9026086956521739,0.8518518518518519,0.9026086956521739,0.9026086956521739,0.7700296735905043,0.7306689834926151,0.46149852550113346,579,"all","NB#579","NB",579
455,503,73,120,0.8732638888888888,0.8617424242424242,0.8732638888888888,0.8732638888888888,0.8390325271059215,0.8323197219808862,0.6646153939062706,579,"all","MLP#579","MLP",579
430,454,122,145,0.7881944444444444,0.7789855072463768,0.7881944444444444,0.7881944444444444,0.7727659574468085,0.7680278019113814,0.5360391438712394,580,"all","DT#580","DT",580
457,518,58,118,0.8993055555555556,0.887378640776699,0.8993055555555556,0.8993055555555556,0.8547854785478547,0.8470894874022589,0.6941510402512304,580,"all","RF#580","RF",580
540,165,411,35,0.9391304347826087,0.825,0.9391304347826087,0.9391304347826087,0.707732634338139,0.6125108601216334,0.22546078916557025,580,"all","NB#580","NB",580
458,502,74,117,0.8715277777777778,0.8609022556390977,0.8715277777777778,0.8715277777777778,0.8401673640167364,0.8340573414422241,0.6680928864645499,580,"all","MLP#580","MLP",580
446,450,126,129,0.78125,0.7797202797202797,0.78125,0.78125,0.779220779220779,0.7784535186794093,0.5569046961263414,581,"all","DT#581","DT",581
481,497,79,94,0.8628472222222222,0.8589285714285714,0.8628472222222222,0.8628472222222222,0.8517566409597257,0.8496959165942659,0.6993847988707474,581,"all","RF#581","RF",581
490,372,204,85,0.8521739130434782,0.8140043763676149,0.8521739130434782,0.8521739130434782,0.7722616233254531,0.7489139878366637,0.4979177955651082,581,"all","NB#581","NB",581
465,482,94,110,0.8368055555555556,0.8318425760286225,0.8368055555555556,0.8368055555555556,0.8253424657534246,0.8227628149435273,0.6455167999227034,581,"all","MLP#581","MLP",581
444,443,133,131,0.7721739130434783,0.7717770034843205,0.7721739130434783,0.7721739130434783,0.7708333333333333,0.7706342311033884,0.5412695009978834,582,"all","DT#582","DT",582
467,519,57,108,0.9010416666666666,0.8912213740458015,0.9010416666666666,0.9010416666666666,0.8628428927680799,0.8566463944396178,0.7132704963697387,582,"all","RF#582","RF",582
502,347,229,73,0.8730434782608696,0.8261904761904761,0.8730434782608696,0.8730434782608696,0.768759571209801,0.737619461337967,0.4753620826013197,582,"all","NB#582","NB",582
481,487,89,94,0.8454861111111112,0.843859649122807,0.8454861111111112,0.8454861111111112,0.8418323249783923,0.8410078192875761,0.6820129982865208,582,"all","MLP#582","MLP",582
431,430,146,144,0.7495652173913043,0.7491289198606271,0.7495652173913043,0.7495652173913043,0.7482638888888887,0.7480451781059948,0.49609149730828106,583,"all","DT#583","DT",583
463,502,74,112,0.8715277777777778,0.8621973929236499,0.8715277777777778,0.8715277777777778,0.8436974789915966,0.838401390095569,0.6767839942508778,583,"all","RF#583","RF",583
448,446,130,127,0.7791304347826087,0.7783595113438045,0.7791304347826087,0.7791304347826087,0.7771032090199479,0.7767158992180713,0.5534334838459368,583,"all","NB#583","NB",583
455,466,110,120,0.8090277777777778,0.8053097345132744,0.8090277777777778,0.8090277777777778,0.8020654044750429,0.8001737619461338,0.6003411887256752,583,"all","MLP#583","MLP",583
437,452,124,138,0.7847222222222222,0.7789661319073083,0.7847222222222222,0.7847222222222222,0.7753001715265866,0.7723718505647263,0.5447337353144541,584,"all","DT#584","DT",584
472,504,72,103,0.875,0.8676470588235294,0.875,0.875,0.8520710059171598,0.8479582971329279,0.6959021331010359,584,"all","RF#584","RF",584
502,367,209,73,0.8730434782608696,0.8340909090909091,0.8730434782608696,0.8730434782608696,0.7807153965785381,0.7549956559513467,0.5100915271019235,584,"all","NB#584","NB",584
455,474,102,120,0.8229166666666666,0.8168761220825853,0.8229166666666666,0.8229166666666666,0.8102564102564104,0.8071242397914856,0.6142377057347572,584,"all","MLP#584","MLP",584
453,442,134,122,0.7878260869565218,0.7836879432624113,0.7878260869565218,0.7878260869565218,0.7796901893287436,0.7775847089487402,0.5551771405107395,585,"all","DT#585","DT",585
467,509,67,108,0.8836805555555556,0.8745318352059925,0.8836805555555556,0.8836805555555556,0.8533109807208717,0.8479582971329279,0.6958975419674225,585,"all","RF#585","RF",585
481,395,181,94,0.8365217391304348,0.8077709611451943,0.8365217391304348,0.8365217391304348,0.7776879547291836,0.7610773240660296,0.5222170397305911,585,"all","NB#585","NB",585
455,479,97,120,0.8315972222222222,0.8242753623188406,0.8315972222222222,0.8315972222222222,0.8153191489361702,0.8114682884448305,0.6229231993260634,585,"all","MLP#585","MLP",585
434,437,139,141,0.7586805555555556,0.7574171029668412,0.7586805555555556,0.7586805555555556,0.75736568457539,0.7567332754126846,0.513464714567375,586,"all","DT#586","DT",586
467,506,70,108,0.8784722222222222,0.8696461824953445,0.8784722222222222,0.8784722222222222,0.850420168067227,0.845351867940921,0.6906857579390123,586,"all","RF#586","RF",586
384,496,80,191,0.8611111111111112,0.8275862068965517,0.8611111111111112,0.8611111111111112,0.7854315122723675,0.7645525629887054,0.5290258482324182,586,"all","NB#586","NB",586
473,470,106,102,0.8226086956521739,0.8216783216783217,0.8226086956521739,0.8226086956521739,0.8197573656845754,0.8192875760208514,0.638577061732719,586,"all","MLP#586","MLP",586
437,439,137,138,0.7621527777777778,0.7613240418118467,0.7621527777777778,0.7621527777777778,0.7614917606244579,0.7610773240660296,0.5221535660530889,587,"all","DT#587","DT",587
453,497,79,122,0.8628472222222222,0.8515037593984962,0.8628472222222222,0.8628472222222222,0.8317991631799163,0.8253692441355344,0.6507155506773538,587,"all","RF#587","RF",587
488,337,239,87,0.8486956521739131,0.7948113207547169,0.8486956521739131,0.8486956521739131,0.749615975422427,0.7167680278019114,0.4336655839843515,587,"all","NB#587","NB",587
428,468,108,147,0.8125,0.7985074626865671,0.8125,0.8125,0.7858942065491183,0.7784535186794093,0.5568806134419148,587,"all","MLP#587","MLP",587
441,436,140,134,0.7669565217391304,0.7649122807017544,0.7669565217391304,0.7669565217391304,0.7629757785467128,0.7619461337966985,0.5238962207467928,588,"all","DT#588","DT",588
475,499,77,100,0.8663194444444444,0.8605072463768116,0.8663194444444444,0.8663194444444444,0.8493617021276596,0.8462206776715899,0.6924304436899228,588,"all","RF#588","RF",588
512,356,220,63,0.8904347826086957,0.8496420047732697,0.8904347826086957,0.8904347826086957,0.7834736036725325,0.7541268462206777,0.5083698459151441,588,"all","NB#588","NB",588
451,482,94,124,0.8368055555555556,0.8275229357798165,0.8368055555555556,0.8368055555555556,0.8155668358714044,0.8105994787141616,0.6211815148632939,588,"all","MLP#588","MLP",588
443,416,160,132,0.7704347826086957,0.7591240875912408,0.7704347826086957,0.7704347826086957,0.7521222410865874,0.7463075586446568,0.4926361808377665,589,"all","DT#589","DT",589
481,500,76,94,0.8680555555555556,0.8635547576301615,0.8680555555555556,0.8680555555555556,0.8547008547008547,0.8523023457862728,0.7045964413284178,589,"all","RF#589","RF",589
510,297,279,65,0.8869565217391304,0.8204419889502762,0.8869565217391304,0.8869565217391304,0.7478005865102638,0.7011294526498697,0.4024515026848211,589,"all","NB#589","NB",589
465,464,112,110,0.808695652173913,0.8083623693379791,0.808695652173913,0.808695652173913,0.8072916666666666,0.8071242397914856,0.6142493531118565,589,"all","MLP#589","MLP",589
454,424,152,121,0.7895652173913044,0.7779816513761468,0.7895652173913044,0.7895652173913044,0.7688399661303981,0.7628149435273676,0.5256517282554712,590,"all","DT#590","DT",590
467,488,88,108,0.8472222222222222,0.8414414414414414,0.8472222222222222,0.8472222222222222,0.8327645051194539,0.8297132927888793,0.659416045170446,590,"all","RF#590","RF",590
218,549,27,357,0.953125,0.889795918367347,0.953125,0.953125,0.7408906882591093,0.6663770634231103,0.33242104309212017,590,"all","NB#590","NB",590
449,489,87,126,0.8489583333333334,0.8376865671641791,0.8489583333333334,0.8489583333333334,0.8211586901763225,0.8149435273675065,0.6298649829926581,590,"all","MLP#590","MLP",590
461,443,133,114,0.8017391304347826,0.7953321364452424,0.8017391304347826,0.8017391304347826,0.7887082976903337,0.7854039965247611,0.5708199794993803,591,"all","DT#591","DT",591
472,516,60,103,0.8958333333333334,0.8872180451127819,0.8958333333333334,0.8958333333333334,0.8635983263598326,0.8583840139009556,0.7167494266686997,591,"all","RF#591","RF",591
486,397,179,89,0.8452173913043478,0.8168724279835391,0.8452173913043478,0.8452173913043478,0.7838709677419354,0.7671589921807124,0.534380896315416,591,"all","NB#591","NB",591
470,499,77,105,0.8663194444444444,0.8592321755027422,0.8663194444444444,0.8663194444444444,0.8457627118644068,0.841876629018245,0.683739650830651,591,"all","MLP#591","MLP",591
436,432,144,139,0.7582608695652174,0.7565674255691769,0.7582608695652174,0.7582608695652174,0.754978354978355,0.7541268462206777,0.5082570330839895,592,"all","DT#592","DT",592
481,502,74,94,0.8715277777777778,0.8666666666666667,0.8715277777777778,0.8715277777777778,0.856655290102389,0.8540399652476107,0.7080708958603821,592,"all","RF#592","RF",592
466,451,125,109,0.8104347826086956,0.8053571428571429,0.8104347826086956,0.8104347826086956,0.7993138936535162,0.7966985230234579,0.5934065602280139,592,"all","NB#592","NB",592
474,468,108,101,0.8243478260869566,0.8224956063268892,0.8243478260869566,0.8243478260869566,0.8193604148660328,0.8184187662901824,0.6368410961840679,592,"all","MLP#592","MLP",592
444,456,120,131,0.7916666666666666,0.7872340425531915,0.7916666666666666,0.7916666666666666,0.7841788478073947,0.7819287576020851,0.563849943160288,593,"all","DT#593","DT",593
470,499,77,105,0.8663194444444444,0.8592321755027422,0.8663194444444444,0.8663194444444444,0.8457627118644068,0.841876629018245,0.683739650830651,593,"all","RF#593","RF",593
497,355,221,78,0.8643478260869565,0.8198614318706697,0.8643478260869565,0.8643478260869565,0.7687548337200311,0.7402258905299739,0.48056352568814387,593,"all","NB#593","NB",593
434,491,85,141,0.8524305555555556,0.8362235067437379,0.8524305555555556,0.8524305555555556,0.8129139072847682,0.8036490008688097,0.6072645030376965,593,"all","MLP#593","MLP",593
458,438,138,117,0.7965217391304348,0.7891891891891892,0.7965217391304348,0.7965217391304348,0.7822374039282664,0.7784535186794093,0.55692074979507,594,"all","DT#594","DT",594
472,487,89,103,0.8454861111111112,0.8413547237076648,0.8454861111111112,0.8454861111111112,0.8353344768439108,0.8331885317115552,0.6663697602304396,594,"all","RF#594","RF",594
460,435,141,115,0.8,0.7909090909090909,0.8,0.8,0.782312925170068,0.7775847089487402,0.5551865415910607,594,"all","NB#594","NB",594
463,463,113,112,0.8052173913043478,0.8052173913043478,0.8052173913043478,0.8052173913043478,0.8045178105994788,0.8045178105994787,0.6090359163105128,594,"all","MLP#594","MLP",594
446,421,155,129,0.7756521739130435,0.7654545454545455,0.7756521739130435,0.7756521739130435,0.7585034013605443,0.7532580364900087,0.506535069577583,595,"all","DT#595","DT",595
481,497,79,94,0.8628472222222222,0.8589285714285714,0.8628472222222222,0.8628472222222222,0.8517566409597257,0.8496959165942659,0.6993847988707474,595,"all","RF#595","RF",595
508,381,195,67,0.8834782608695653,0.8504464285714286,0.8834782608695653,0.8834782608695653,0.7949921752738653,0.7723718505647263,0.5448313127897991,595,"all","NB#595","NB",595
476,479,97,99,0.8315972222222222,0.8307155322862129,0.8315972222222222,0.8315972222222222,0.830155979202773,0.8297132927888793,0.6594253001971625,595,"all","MLP#595","MLP",595
438,463,113,137,0.8038194444444444,0.79491833030853,0.8038194444444444,0.8038194444444444,0.7874149659863945,0.7827975673327541,0.5655790668744036,596,"all","DT#596","DT",596
458,517,59,117,0.8975694444444444,0.8858800773694391,0.8975694444444444,0.8975694444444444,0.8545454545454545,0.8470894874022589,0.6941519637890998,596,"all","RF#596","RF",596
450,444,132,125,0.782608695652174,0.7803163444639719,0.782608695652174,0.782608695652174,0.7778738115816768,0.7767158992180713,0.5534361804751459,596,"all","NB#596","NB",596
453,500,76,122,0.8680555555555556,0.8563327032136105,0.8680555555555556,0.8680555555555556,0.8347245409015025,0.8279756733275413,0.6559271930115921,596,"all","MLP#596","MLP",596
438,438,138,137,0.7617391304347826,0.7617391304347826,0.7617391304347826,0.7617391304347826,0.7610773240660296,0.7610773240660296,0.5221550088239603,597,"all","DT#597","DT",597
487,504,72,88,0.875,0.8711985688729875,0.875,0.875,0.863013698630137,0.8609904430929627,0.721973960723689,597,"all","RF#597","RF",597
467,441,135,108,0.8121739130434783,0.8032786885245902,0.8121739130434783,0.8121739130434783,0.7935429056924385,0.788879235447437,0.5777753624172928,597,"all","NB#597","NB",597
470,486,90,105,0.84375,0.8392857142857143,0.84375,0.84375,0.8329048843187661,0.8305821025195482,0.6611562761837905,597,"all","MLP#597","MLP",597
442,423,153,133,0.768695652173913,0.7607913669064749,0.768695652173913,0.768695652173913,0.7555555555555555,0.7515204170286707,0.5030554633012286,598,"all","DT#598","DT",598
460,517,59,115,0.8975694444444444,0.8863198458574181,0.8975694444444444,0.8975694444444444,0.8559602649006623,0.8488271068635969,0.6976284226927397,598,"all","RF#598","RF",598
543,222,354,32,0.9443478260869566,0.8740157480314961,0.9443478260869566,0.9443478260869566,0.7377717391304348,0.6646394439617723,0.32960426845645674,598,"all","NB#598","NB",598
448,496,80,127,0.8611111111111112,0.8484848484848485,0.8611111111111112,0.8611111111111112,0.8273561301084238,0.8201563857515204,0.6402869768839274,598,"all","MLP#598","MLP",598
452,445,131,123,0.7860869565217391,0.7834507042253521,0.7860869565217391,0.7860869565217391,0.7806563039723662,0.7793223284100782,0.5586496539896861,599,"all","DT#599","DT",599
460,521,55,115,0.9045138888888888,0.8932038834951457,0.9045138888888888,0.9045138888888888,0.8597359735973596,0.8523023457862728,0.704577709333575,599,"all","RF#599","RF",599
453,434,142,122,0.7878260869565218,0.7805755395683454,0.7878260869565218,0.7878260869565218,0.7743589743589744,0.7706342311033884,0.5412819661242112,599,"all","NB#599","NB",599
471,486,90,104,0.84375,0.839572192513369,0.84375,0.84375,0.8336192109777015,0.8314509122502172,0.66289444523284,599,"all","MLP#599","MLP",599
429,446,130,146,0.7743055555555556,0.7674418604651163,0.7743055555555556,0.7743055555555556,0.7636986301369865,0.7602085143353605,0.5204050822483635,600,"all","DT#600","DT",600
462,509,67,113,0.8836805555555556,0.8733459357277883,0.8836805555555556,0.8836805555555556,0.8497495826377297,0.843614248479583,0.6872065391014474,600,"all","RF#600","RF",600
508,316,260,67,0.8834782608695653,0.825065274151436,0.8834782608695653,0.8834782608695653,0.7565152643335815,0.7158992180712423,0.4319635130464704,600,"all","NB#600","NB",600
444,494,82,131,0.8576388888888888,0.844106463878327,0.8576388888888888,0.8576388888888888,0.8226477935054121,0.8149435273675065,0.6298593947921873,600,"all","MLP#600","MLP",600
448,429,147,127,0.7791304347826087,0.7715827338129496,0.7791304347826087,0.7791304347826087,0.7658119658119658,0.7619461337966985,0.5239062830228555,601,"all","DT#601","DT",601
473,505,71,102,0.8767361111111112,0.8694852941176471,0.8767361111111112,0.8767361111111112,0.8537616229923922,0.8496959165942659,0.699377537294167,601,"all","RF#601","RF",601
509,372,204,66,0.8852173913043478,0.8493150684931506,0.8852173913043478,0.8852173913043478,0.7903726708074534,0.7654213727193745,0.5309401121143241,601,"all","NB#601","NB",601
457,486,90,118,0.84375,0.8354661791590493,0.84375,0.84375,0.823728813559322,0.8192875760208514,0.6385596009493155,601,"all","MLP#601","MLP",601
437,449,127,138,0.7795138888888888,0.774822695035461,0.7795138888888888,0.7795138888888888,0.772141014617369,0.7697654213727194,0.5395228483564795,602,"all","DT#602","DT",602
478,509,67,97,0.8836805555555556,0.8770642201834863,0.8836805555555556,0.8836805555555556,0.8612521150592217,0.8575152041702867,0.7150172864109183,602,"all","RF#602","RF",602
377,512,64,198,0.8888888888888888,0.854875283446712,0.8888888888888888,0.8888888888888888,0.7962674961119751,0.7723718505647263,0.5446512428540798,602,"all","NB#602","NB",602
467,499,77,108,0.8663194444444444,0.8584558823529411,0.8663194444444444,0.8663194444444444,0.8436179205409974,0.8392701998262381,0.6785251121353808,602,"all","MLP#602","MLP",602
431,440,136,144,0.7638888888888888,0.7601410934744268,0.7638888888888888,0.7638888888888888,0.7586206896551725,0.7567332754126846,0.5134603074916364,603,"all","DT#603","DT",603
479,502,74,96,0.8715277777777778,0.8661844484629295,0.8715277777777778,0.8715277777777778,0.8551959114139693,0.8523023457862728,0.7045946574312554,603,"all","RF#603","RF",603
416,480,96,159,0.8333333333333334,0.8125,0.8333333333333334,0.8333333333333334,0.7901234567901235,0.7784535186794093,0.5568645568645569,603,"all","NB#603","NB",603
467,488,88,108,0.8472222222222222,0.8414414414414414,0.8472222222222222,0.8472222222222222,0.8327645051194539,0.8297132927888793,0.659416045170446,603,"all","MLP#603","MLP",603
433,466,110,142,0.8090277777777778,0.7974217311233885,0.8090277777777778,0.8090277777777778,0.7871621621621623,0.7810599478714162,0.5620984105512343,604,"all","DT#604","DT",604
453,514,62,122,0.8923611111111112,0.8796116504854369,0.8923611111111112,0.8923611111111112,0.8481848184818482,0.840139009556907,0.6802488148081045,604,"all","RF#604","RF",604
404,476,100,171,0.8263888888888888,0.8015873015873016,0.8263888888888888,0.8263888888888888,0.778413736713001,0.7645525629887054,0.5290542917492665,604,"all","NB#604","NB",604
453,482,94,122,0.8368055555555556,0.8281535648994516,0.8368055555555556,0.8368055555555556,0.8169491525423729,0.8123370981754996,0.6246580471396739,604,"all","MLP#604","MLP",604
436,447,129,139,0.7760416666666666,0.7716814159292036,0.7760416666666666,0.7760416666666666,0.7693631669535285,0.7671589921807124,0.5343106025151345,605,"all","DT#605","DT",605
483,525,51,92,0.9114583333333334,0.9044943820224719,0.9114583333333334,0.9114583333333334,0.8801341156747695,0.8757602085143353,0.7515048485790937,605,"all","RF#605","RF",605
510,349,227,65,0.8869565217391304,0.8429951690821256,0.8869565217391304,0.8869565217391304,0.7774390243902439,0.7463075586446568,0.49273879274694293,605,"all","NB#605","NB",605
448,513,63,127,0.890625,0.8767123287671232,0.890625,0.890625,0.84375,0.8349261511728931,0.6698201517054788,605,"all","MLP#605","MLP",605
465,440,136,110,0.808695652173913,0.8,0.808695652173913,0.808695652173913,0.7908163265306122,0.7862728062554301,0.5725620673101599,606,"all","DT#606","DT",606
477,501,75,98,0.8697916666666666,0.8641304347826086,0.8697916666666666,0.8697916666666666,0.8527659574468085,0.8496959165942659,0.6993811681263088,606,"all","RF#606","RF",606
462,406,170,113,0.8034782608695652,0.7822736030828517,0.8034782608695652,0.8034782608695652,0.7655343827671914,0.7541268462206777,0.508295632773146,606,"all","NB#606","NB",606
456,488,88,119,0.8472222222222222,0.8382352941176471,0.8472222222222222,0.8472222222222222,0.8250211327134404,0.8201563857515204,0.6402956660109396,606,"all","MLP#606","MLP",606
441,431,145,134,0.7669565217391304,0.7628318584070797,0.7669565217391304,0.7669565217391304,0.7596899224806202,0.7576020851433536,0.5152118548755983,607,"all","DT#607","DT",607
485,514,62,90,0.8923611111111112,0.886654478976234,0.8923611111111112,0.8923611111111112,0.8711864406779661,0.8679409209383145,0.7358704776168076,607,"all","RF#607","RF",607
460,453,123,115,0.8,0.7975352112676056,0.8,0.8,0.7944732297063903,0.7932232841007819,0.586451250588761,607,"all","NB#607","NB",607
459,486,90,116,0.84375,0.8360655737704918,0.84375,0.84375,0.8251273344651954,0.8210251954821894,0.6420360702563809,607,"all","MLP#607","MLP",607
440,443,133,135,0.7690972222222222,0.7678883071553229,0.7690972222222222,0.7690972222222222,0.7677642980935875,0.7671589921807124,0.5343162268002016,608,"all","DT#608","DT",608
486,511,65,89,0.8871527777777778,0.8820326678765881,0.8871527777777778,0.8871527777777778,0.8690476190476191,0.8662033014769766,0.7323967051946327,608,"all","RF#608","RF",608
252,555,21,323,0.9635416666666666,0.9230769230769231,0.9635416666666666,0.9635416666666666,0.7634112792297111,0.7011294526498697,0.4019858087473456,608,"all","NB#608","NB",608
460,485,91,115,0.8420138888888888,0.8348457350272233,0.8420138888888888,0.8420138888888888,0.8248299319727891,0.8210251954821894,0.6420371511045088,608,"all","MLP#608","MLP",608
451,460,116,124,0.7986111111111112,0.7954144620811288,0.7986111111111112,0.7986111111111112,0.7931034482758622,0.7914856646394439,0.582965977849974,609,"all","DT#609","DT",609
476,509,67,99,0.8836805555555556,0.8766114180478821,0.8836805555555556,0.8836805555555556,0.8597972972972973,0.8557775847089487,0.7115410164742257,609,"all","RF#609","RF",609
350,526,50,225,0.9131944444444444,0.875,0.9131944444444444,0.9131944444444444,0.7927656367746797,0.7610773240660296,0.522028011627468,609,"all","NB#609","NB",609
429,488,88,146,0.8472222222222222,0.8297872340425532,0.8472222222222222,0.8472222222222222,0.806611570247934,0.7966985230234579,0.5933611336741442,609,"all","MLP#609","MLP",609
448,434,142,127,0.7791304347826087,0.7736185383244206,0.7791304347826087,0.7791304347826087,0.769098712446352,0.7662901824500434,0.532590596529366,610,"all","DT#610","DT",610
474,493,83,101,0.8559027777777778,0.8509874326750448,0.8559027777777778,0.8559027777777778,0.8427350427350428,0.840139009556907,0.6802690894378168,610,"all","RF#610","RF",610
420,458,118,155,0.7951388888888888,0.7806691449814126,0.7951388888888888,0.7951388888888888,0.7703952901597981,0.7628149435273676,0.5256030303625052,610,"all","NB#610","NB",610
467,472,104,108,0.8194444444444444,0.8178633975481612,0.8194444444444444,0.8194444444444444,0.8166089965397922,0.8158123370981755,0.6316221716314712,610,"all","MLP#610","MLP",610
449,427,149,126,0.7808695652173913,0.7721518987341772,0.7808695652173913,0.7808695652173913,0.7655583972719524,0.7610773240660296,0.5221708787285467,611,"all","DT#611","DT",611
487,495,81,88,0.859375,0.8573943661971831,0.859375,0.859375,0.8541846419327006,0.8531711555169418,0.706338986070203,611,"all","RF#611","RF",611
510,358,218,65,0.8869565217391304,0.8463356973995272,0.8869565217391304,0.8869565217391304,0.782808902532617,0.7541268462206777,0.5083668778195859,611,"all","NB#611","NB",611
481,482,94,94,0.8368055555555556,0.8368055555555556,0.8368055555555556,0.8368055555555556,0.8368055555555556,0.8366637706342311,0.6733272946859904,611,"all","MLP#611","MLP",611
453,449,127,122,0.7878260869565218,0.7863397548161121,0.7878260869565218,0.7878260869565218,0.7844155844155843,0.7836663770634231,0.5673356934201885,612,"all","DT#612","DT",612
479,514,62,96,0.8923611111111112,0.8853974121996303,0.8923611111111112,0.8923611111111112,0.866779089376054,0.8627280625543006,0.7254418252144584,612,"all","RF#612","RF",612
463,441,135,112,0.8052173913043478,0.7974683544303798,0.8052173913043478,0.8052173913043478,0.7894288150042625,0.7854039965247611,0.5708225710761856,612,"all","NB#612","NB",612
440,502,74,135,0.8715277777777778,0.8560311284046692,0.8715277777777778,0.8715277777777778,0.8276999175597692,0.8184187662901824,0.6368038119452424,612,"all","MLP#612","MLP",612
450,449,127,125,0.782608695652174,0.7822299651567944,0.782608695652174,0.782608695652174,0.78125,0.7810599478714162,0.5621208873161615,613,"all","DT#613","DT",613
480,511,65,95,0.8871527777777778,0.8807339449541285,0.8871527777777778,0.8871527777777778,0.8646362098138748,0.8609904430929627,0.721968084303335,613,"all","RF#613","RF",613
463,433,143,112,0.8052173913043478,0.7944954128440367,0.8052173913043478,0.8052173913043478,0.7840812870448771,0.7784535186794093,0.5569274384803853,613,"all","NB#613","NB",613
464,499,77,111,0.8663194444444444,0.8576709796672828,0.8663194444444444,0.8663194444444444,0.8414839797639123,0.8366637706342311,0.6733105262045456,613,"all","MLP#613","MLP",613
469,444,132,106,0.8156521739130435,0.8072727272727273,0.8156521739130435,0.8156521739130435,0.7976190476190477,0.7932232841007819,0.5864624878854392,614,"all","DT#614","DT",614
493,500,76,82,0.8680555555555556,0.8664323374340949,0.8680555555555556,0.8680555555555556,0.8635578583765112,0.8627280625543006,0.7254534310395323,614,"all","RF#614","RF",614
228,552,24,347,0.9583333333333334,0.9047619047619048,0.9583333333333334,0.9583333333333334,0.7484745762711864,0.6776715899218071,0.3550281915849666,614,"all","NB#614","NB",614
475,494,82,100,0.8576388888888888,0.8527827648114902,0.8576388888888888,0.8576388888888888,0.8444444444444444,0.841876629018245,0.6837444254221884,614,"all","MLP#614","MLP",614
442,446,130,133,0.7743055555555556,0.7727272727272727,0.7743055555555556,0.7743055555555556,0.7722943722943723,0.7715030408340573,0.5430036669852067,615,"all","DT#615","DT",615
478,503,73,97,0.8732638888888888,0.867513611615245,0.8732638888888888,0.8732638888888888,0.8554421768707483,0.8523023457862728,0.7045937654745946,615,"all","RF#615","RF",615
458,455,121,117,0.7965217391304348,0.7954545454545454,0.7965217391304348,0.7965217391304348,0.7937608318890814,0.7932232841007819,0.5864487533287842,615,"all","NB#615","NB",615
460,477,99,115,0.828125,0.8228980322003577,0.828125,0.828125,0.8167808219178082,0.8140747176368376,0.6281401724679341,615,"all","MLP#615","MLP",615
450,443,133,125,0.782608695652174,0.7799295774647887,0.782608695652174,0.782608695652174,0.7772020725388602,0.7758470894874022,0.5516992548399173,616,"all","DT#616","DT",616
486,493,83,89,0.8559027777777778,0.8541300527240774,0.8559027777777778,0.8559027777777778,0.8514680483592401,0.8505647263249348,0.7011265198658201,616,"all","RF#616","RF",616
441,464,112,134,0.8055555555555556,0.7974683544303798,0.8055555555555556,0.8055555555555556,0.7904599659284498,0.7862728062554301,0.5725310925181695,616,"all","NB#616","NB",616
463,475,101,112,0.8246527777777778,0.8209219858156028,0.8246527777777778,0.8246527777777778,0.8168529664660361,0.8149435273675065,0.62988062905634,616,"all","MLP#616","MLP",616
447,456,120,128,0.7916666666666666,0.7883597883597884,0.7916666666666666,0.7916666666666666,0.7862068965517242,0.7845351867940921,0.5690648437783065,617,"all","DT#617","DT",617
471,525,51,104,0.9114583333333334,0.9022988505747126,0.9114583333333334,0.9114583333333334,0.8713692946058091,0.8653344917463076,0.7306472287184815,617,"all","RF#617","RF",617
544,202,374,31,0.9460869565217391,0.8669527896995708,0.9460869565217391,0.9460869565217391,0.7287340924313462,0.6481320590790617,0.296627802934169,617,"all","NB#617","NB",617
450,486,90,125,0.84375,0.8333333333333334,0.84375,0.84375,0.818871103622578,0.8132059079061685,0.6263917930446203,617,"all","MLP#617","MLP",617
456,443,133,119,0.7930434782608695,0.7882562277580071,0.7930434782608695,0.7930434782608695,0.7835051546391752,0.7810599478714162,0.5621288197411287,618,"all","DT#618","DT",618
481,498,78,94,0.8645833333333334,0.8604651162790697,0.8645833333333334,0.8645833333333334,0.8527397260273972,0.8505647263249348,0.7011220077779656,618,"all","RF#618","RF",618
477,415,161,98,0.8295652173913044,0.8089668615984406,0.8295652173913044,0.8295652173913044,0.786479802143446,0.7749782797567333,0.5499990188131262,618,"all","NB#618","NB",618
464,470,106,111,0.8159722222222222,0.8140350877192982,0.8159722222222222,0.8159722222222222,0.8124459809853068,0.8114682884448305,0.6229334460556011,618,"all","MLP#618","MLP",618
432,467,109,143,0.8107638888888888,0.7985212569316081,0.8107638888888888,0.8107638888888888,0.7875210792580101,0.7810599478714162,0.5620970883167313,619,"all","DT#619","DT",619
466,508,68,109,0.8819444444444444,0.8726591760299626,0.8819444444444444,0.8819444444444444,0.8516345347862532,0.8462206776715899,0.692422085304193,619,"all","RF#619","RF",619
477,407,169,98,0.8295652173913044,0.805940594059406,0.8295652173913044,0.8295652173913044,0.7813267813267813,0.7680278019113814,0.5361049766706769,619,"all","NB#619","NB",619
462,503,73,113,0.8732638888888888,0.8635514018691589,0.8732638888888888,0.8732638888888888,0.8439597315436242,0.838401390095569,0.6767830182982064,619,"all","MLP#619","MLP",619
451,440,136,124,0.7843478260869565,0.7801418439716312,0.7843478260869565,0.7843478260869565,0.7762478485370052,0.7741094700260643,0.5482267833312199,620,"all","DT#620","DT",620
481,511,65,94,0.8871527777777778,0.8809523809523809,0.8871527777777778,0.8871527777777778,0.8653683319220999,0.8618592528236316,0.7237062009055348,620,"all","RF#620","RF",620
511,376,200,64,0.888695652173913,0.8545454545454545,0.888695652173913,0.888695652173913,0.7947122861586314,0.7706342311033884,0.5413622806911624,620,"all","NB#620","NB",620
476,487,89,99,0.8454861111111112,0.8424778761061947,0.8454861111111112,0.8454861111111112,0.8382099827882961,0.8366637706342311,0.6733223629583781,620,"all","MLP#620","MLP",620
460,435,141,115,0.8,0.7909090909090909,0.8,0.8,0.782312925170068,0.7775847089487402,0.5551865415910607,621,"all","DT#621","DT",621
489,498,78,86,0.8645833333333334,0.8624338624338624,0.8645833333333334,0.8645833333333334,0.8586206896551725,0.8575152041702867,0.7150267515308155,621,"all","RF#621","RF",621
395,508,68,180,0.8819444444444444,0.8531317494600432,0.8819444444444444,0.8819444444444444,0.8037974683544303,0.7845351867940921,0.5689971734351218,621,"all","NB#621","NB",621
466,495,81,109,0.859375,0.8519195612431444,0.859375,0.859375,0.8389830508474576,0.8349261511728931,0.6698380970210094,621,"all","MLP#621","MLP",621
472,440,136,103,0.8208695652173913,0.8103130755064457,0.8208695652173913,0.8208695652173913,0.797971259509721,0.792354474370113,0.5847293235693269,622,"all","DT#622","DT",622
484,512,64,91,0.8888888888888888,0.8832116788321168,0.8888888888888888,0.8888888888888888,0.8685326547921968,0.8653344917463076,0.7306578015710182,622,"all","RF#622","RF",622
376,513,63,199,0.890625,0.856492027334852,0.890625,0.890625,0.7965838509316772,0.7723718505647263,0.5446498677264656,622,"all","NB#622","NB",622
455,478,98,120,0.8298611111111112,0.8227848101265823,0.8298611111111112,0.8298611111111112,0.8143100511073255,0.8105994787141616,0.6211860901177274,622,"all","MLP#622","MLP",622
460,439,137,115,0.8,0.7924187725631769,0.8,0.8,0.7849829351535836,0.7810599478714162,0.5621341078647751,623,"all","DT#623","DT",623
505,497,79,70,0.8782608695652174,0.8765432098765432,0.8782608695652174,0.8782608695652174,0.8714408973252804,0.8705473501303215,0.7410980225208292,623,"all","RF#623","RF",623
408,507,69,167,0.8802083333333334,0.8553459119496856,0.8802083333333334,0.8802083333333334,0.8112000000000001,0.7949609035621199,0.5898608187805563,623,"all","NB#623","NB",623
471,504,72,104,0.875,0.8674033149171271,0.875,0.875,0.8513513513513513,0.8470894874022589,0.6941639692738778,623,"all","MLP#623","MLP",623
455,458,118,120,0.7951388888888888,0.794066317626527,0.7951388888888888,0.7951388888888888,0.7937608318890815,0.7932232841007819,0.5864450073822687,624,"all","DT#624","DT",624
490,493,83,85,0.8559027777777778,0.8551483420593369,0.8559027777777778,0.8559027777777778,0.854419410745234,0.8540399652476107,0.7080788287404248,624,"all","RF#624","RF",624
466,455,121,109,0.8104347826086956,0.8067375886524822,0.8104347826086956,0.8104347826086956,0.802065404475043,0.8001737619461338,0.6003544621776175,624,"all","NB#624","NB",624
471,492,84,104,0.8541666666666666,0.8486486486486486,0.8541666666666666,0.8541666666666666,0.8395904436860069,0.8366637706342311,0.6733174310818564,624,"all","MLP#624","MLP",624
459,432,144,116,0.7982608695652174,0.7883211678832117,0.7982608695652174,0.7982608695652174,0.7792869269949066,0.7741094700260643,0.5482376952665046,625,"all","DT#625","DT",625
465,490,86,110,0.8506944444444444,0.8439201451905626,0.8506944444444444,0.8506944444444444,0.8333333333333334,0.8297132927888793,0.6594139884295326,625,"all","RF#625","RF",625
465,404,172,110,0.808695652173913,0.7859922178988327,0.808695652173913,0.808695652173913,0.7673267326732673,0.7549956559513467,0.5100368021109135,625,"all","NB#625","NB",625
463,466,110,112,0.8090277777777778,0.8080279232111692,0.8090277777777778,0.8090277777777778,0.807625649913345,0.8071242397914856,0.6142470236927043,625,"all","MLP#625","MLP",625
459,433,143,116,0.7982608695652174,0.7887067395264117,0.7982608695652174,0.7982608695652174,0.7799490229396772,0.7749782797567333,0.5499745632348922,626,"all","DT#626","DT",626
483,488,88,92,0.8472222222222222,0.8458844133099825,0.8472222222222222,0.8472222222222222,0.8442906574394463,0.843614248479583,0.6872263721399284,626,"all","RF#626","RF",626
406,478,98,169,0.8298611111111112,0.8055555555555556,0.8298611111111112,0.8298611111111112,0.7816843826655764,0.7680278019113814,0.5360055199153291,626,"all","NB#626","NB",626
471,452,124,104,0.8191304347826087,0.8129496402877698,0.8191304347826087,0.8191304347826087,0.805128205128205,0.8019113814074718,0.6038344252890915,626,"all","MLP#626","MLP",626
461,432,144,114,0.8017391304347826,0.7912087912087912,0.8017391304347826,0.8017391304347826,0.7813559322033897,0.7758470894874022,0.5517141433811874,627,"all","DT#627","DT",627
499,497,79,76,0.8678260869565217,0.8673647469458988,0.8678260869565217,0.8678260869565217,0.8655680832610582,0.8653344917463076,0.7306699999849037,627,"all","RF#627","RF",627
501,396,180,74,0.871304347826087,0.8425531914893617,0.871304347826087,0.871304347826087,0.7977707006369427,0.7793223284100782,0.5587149399401666,627,"all","NB#627","NB",627
467,500,76,108,0.8680555555555556,0.860036832412523,0.8680555555555556,0.8680555555555556,0.8445945945945945,0.840139009556907,0.6802623315135996,627,"all","MLP#627","MLP",627
429,436,140,146,0.7569444444444444,0.7539543057996485,0.7569444444444444,0.7569444444444444,0.7530224525043179,0.7515204170286707,0.5030359574513054,628,"all","DT#628","DT",628
489,492,84,86,0.8541666666666666,0.8534031413612565,0.8541666666666666,0.8541666666666666,0.8526863084922011,0.8523023457862728,0.7046035767016205,628,"all","RF#628","RF",628
518,322,254,57,0.9008695652173913,0.8496042216358839,0.9008695652173913,0.9008695652173913,0.769116555308092,0.7298001737619462,0.459760608635415,628,"all","NB#628","NB",628
471,484,92,104,0.8402777777777778,0.8365896980461812,0.8402777777777778,0.8402777777777778,0.831615120274914,0.8297132927888793,0.659420158577752,628,"all","MLP#628","MLP",628
444,447,129,131,0.7760416666666666,0.774869109947644,0.7760416666666666,0.7760416666666666,0.7746967071057194,0.7741094700260643,0.5482172349554196,629,"all","DT#629","DT",629
470,506,70,105,0.8784722222222222,0.8703703703703703,0.8784722222222222,0.8784722222222222,0.85256950294861,0.8479582971329279,0.6959002966642259,629,"all","RF#629","RF",629
440,471,105,135,0.8177083333333334,0.8073394495412844,0.8177083333333334,0.8177083333333334,0.7969543147208122,0.7914856646394439,0.5829521264550024,629,"all","NB#629","NB",629
458,487,89,117,0.8454861111111112,0.8372943327239488,0.8454861111111112,0.8454861111111112,0.8254237288135594,0.8210251954821894,0.642034989401726,629,"all","MLP#629","MLP",629
448,427,149,127,0.7791304347826087,0.7707581227436823,0.7791304347826087,0.7791304347826087,0.7645051194539247,0.7602085143353605,0.5204325943280869,630,"all","DT#630","DT",630
469,492,84,106,0.8541666666666666,0.8481012658227848,0.8541666666666666,0.8541666666666666,0.838160136286201,0.8349261511728931,0.6698410877172853,630,"all","RF#630","RF",630
469,427,149,106,0.8156521739130435,0.801125703564728,0.8156521739130435,0.8156521739130435,0.7862531433361273,0.7784535186794093,0.5569354646362027,630,"all","NB#630","NB",630
454,491,85,121,0.8524305555555556,0.8423005565862709,0.8524305555555556,0.8524305555555556,0.8265993265993267,0.8210251954821894,0.6420306659178338,630,"all","MLP#630","MLP",630
455,435,141,120,0.7913043478260869,0.7837837837837838,0.7913043478260869,0.7913043478260869,0.7771135781383433,0.7732406602953953,0.546495355672601,631,"all","DT#631","DT",631
490,497,79,85,0.8628472222222222,0.8611599297012302,0.8628472222222222,0.8628472222222222,0.8583765112262521,0.8575152041702867,0.7150276119650842,631,"all","RF#631","RF",631
540,193,383,35,0.9391304347826087,0.8464912280701754,0.9391304347826087,0.9391304347826087,0.7209612817089452,0.6368375325803649,0.27405590058363055,631,"all","NB#631","NB",631
472,478,98,103,0.8298611111111112,0.8280701754385965,0.8298611111111112,0.8298611111111112,0.8262748487467588,0.8253692441355344,0.6507355882819164,631,"all","MLP#631","MLP",631
438,458,118,137,0.7951388888888888,0.7877697841726619,0.7951388888888888,0.7951388888888888,0.7822374039282666,0.7784535186794093,0.5568939930342207,632,"all","DT#632","DT",632
472,499,77,103,0.8663194444444444,0.8597449908925319,0.8663194444444444,0.8663194444444444,0.8471986417657046,0.843614248479583,0.6872159837191678,632,"all","RF#632","RF",632
508,290,286,67,0.8834782608695653,0.8123249299719888,0.8834782608695653,0.8834782608695653,0.7421475529583638,0.6933101650738488,0.3868225933756805,632,"all","NB#632","NB",632
445,486,90,130,0.84375,0.8317757009345794,0.84375,0.84375,0.8154362416107384,0.8088618592528236,0.617700344223685,632,"all","MLP#632","MLP",632
437,451,125,138,0.7829861111111112,0.7775800711743772,0.7829861111111112,0.7829861111111112,0.7742489270386266,0.7715030408340573,0.5429967677505747,633,"all","DT#633","DT",633
464,492,84,111,0.8541666666666666,0.8467153284671532,0.8541666666666666,0.8541666666666666,0.8346055979643765,0.8305821025195482,0.6611501374603131,633,"all","RF#633","RF",633
436,440,136,139,0.7638888888888888,0.7622377622377622,0.7638888888888888,0.7638888888888888,0.7619047619047619,0.7610773240660296,0.5221521232735054,633,"all","NB#633","NB",633
467,468,108,108,0.8125,0.8125,0.8125,0.8125,0.8125,0.8123370981754996,0.6246739130434783,633,"all","MLP#633","MLP",633
455,449,127,120,0.7913043478260869,0.789103690685413,0.7913043478260869,0.7913043478260869,0.7865168539325842,0.7854039965247611,0.5708122045811713,634,"all","DT#634","DT",634
485,509,67,90,0.8836805555555556,0.8786231884057971,0.8836805555555556,0.8836805555555556,0.8663829787234043,0.8635968722849696,0.7271840658718525,634,"all","RF#634","RF",634
508,356,220,67,0.8834782608695653,0.8416075650118203,0.8834782608695653,0.8834782608695653,0.7797390636991558,0.7506516072980017,0.5014179997675658,634,"all","NB#634","NB",634
478,486,90,97,0.84375,0.8415492957746479,0.84375,0.84375,0.8386540120793787,0.8375325803649001,0.6750614816279761,634,"all","MLP#634","MLP",634
431,443,133,144,0.7690972222222222,0.7641843971631206,0.7690972222222222,0.7690972222222222,0.7618228718830612,0.7593397046046916,0.5186710528103577,635,"all","DT#635","DT",635
450,487,89,125,0.8454861111111112,0.8348794063079777,0.8454861111111112,0.8454861111111112,0.81986531986532,0.8140747176368376,0.628128944205905,635,"all","RF#635","RF",635
413,452,124,162,0.7847222222222222,0.7690875232774674,0.7847222222222222,0.7847222222222222,0.7596638655462185,0.7515204170286707,0.5030119481491993,635,"all","NB#635","NB",635
443,494,82,132,0.8576388888888888,0.8438095238095238,0.8576388888888888,0.8576388888888888,0.821963394342762,0.8140747176368376,0.6281210840190232,635,"all","MLP#635","MLP",635
446,421,155,129,0.7756521739130435,0.7654545454545455,0.7756521739130435,0.7756521739130435,0.7585034013605443,0.7532580364900087,0.506535069577583,636,"all","DT#636","DT",636
479,488,88,96,0.8472222222222222,0.8447971781305115,0.8472222222222222,0.8472222222222222,0.8413793103448277,0.840139009556907,0.6802739163516467,636,"all","RF#636","RF",636
434,466,110,141,0.8090277777777778,0.7977941176470589,0.8090277777777778,0.8090277777777778,0.7878275570583263,0.7819287576020851,0.5638367737620571,636,"all","NB#636","NB",636
459,486,90,116,0.84375,0.8360655737704918,0.84375,0.84375,0.8251273344651954,0.8210251954821894,0.6420360702563809,636,"all","MLP#636","MLP",636
449,433,143,126,0.7808695652173913,0.774597495527728,0.7808695652173913,0.7808695652173913,0.7694944301628106,0.7662901824500434,0.5325920077534242,637,"all","DT#637","DT",637
471,508,68,104,0.8819444444444444,0.8738404452690167,0.8819444444444444,0.8819444444444444,0.8552188552188552,0.8505647263249348,0.7011129831935311,637,"all","RF#637","RF",637
465,443,133,110,0.808695652173913,0.8010849909584087,0.808695652173913,0.808695652173913,0.792838874680307,0.788879235447437,0.5777728128401339,637,"all","NB#637","NB",637
451,490,86,124,0.8506944444444444,0.839851024208566,0.8506944444444444,0.8506944444444444,0.8235294117647058,0.8175499565595135,0.6350787031864751,637,"all","MLP#637","MLP",637
442,427,149,133,0.768695652173913,0.7625,0.768695652173913,0.768695652173913,0.758147512864494,0.7549956559513467,0.5100027777106834,638,"all","DT#638","DT",638
474,490,86,101,0.8506944444444444,0.8464285714285714,0.8506944444444444,0.8506944444444444,0.8397600685518423,0.8375325803649001,0.6750575571608657,638,"all","RF#638","RF",638
467,415,161,108,0.8121739130434783,0.7934990439770554,0.8121739130434783,0.8121739130434783,0.7763923524522027,0.7662901824500434,0.5326174083293456,638,"all","NB#638","NB",638
468,466,110,107,0.8139130434782609,0.8132635253054101,0.8139130434782609,0.8139130434782609,0.8117953165654813,0.8114682884448305,0.6229379999788648,638,"all","MLP#638","MLP",638
440,448,128,135,0.7777777777777778,0.7746478873239436,0.7777777777777778,0.7777777777777778,0.7730802415875755,0.7715030408340573,0.5430009073163513,639,"all","DT#639","DT",639
462,509,67,113,0.8836805555555556,0.8733459357277883,0.8836805555555556,0.8836805555555556,0.8497495826377297,0.843614248479583,0.6872065391014474,639,"all","RF#639","RF",639
444,456,120,131,0.7916666666666666,0.7872340425531915,0.7916666666666666,0.7916666666666666,0.7841788478073947,0.7819287576020851,0.563849943160288,639,"all","NB#639","NB",639
459,468,108,116,0.8125,0.8095238095238095,0.8125,0.8125,0.806896551724138,0.8053866203301477,0.6107682459933091,639,"all","MLP#639","MLP",639
464,432,144,111,0.8069565217391305,0.7955801104972375,0.8069565217391305,0.8069565217391305,0.7844463229078614,0.7784535186794093,0.556928776193215,640,"all","DT#640","DT",640
474,505,71,101,0.8767361111111112,0.8697247706422019,0.8767361111111112,0.8767361111111112,0.8544839255499155,0.8505647263249348,0.7011156906260851,640,"all","RF#640","RF",640
279,535,41,296,0.9288194444444444,0.871875,0.9288194444444444,0.9288194444444444,0.7604832977967307,0.7072111207645526,0.41419628631191063,640,"all","NB#640","NB",640
463,490,86,112,0.8506944444444444,0.843351548269581,0.8506944444444444,0.8506944444444444,0.8319185059422751,0.8279756733275413,0.6559375820910845,640,"all","MLP#640","MLP",640
452,452,124,123,0.7860869565217391,0.7860869565217391,0.7860869565217391,0.7860869565217391,0.785403996524761,0.7854039965247611,0.5708083170164298,641,"all","DT#641","DT",641
476,498,78,99,0.8645833333333334,0.8592057761732852,0.8645833333333334,0.8645833333333334,0.8491048593350384,0.8462206776715899,0.6924313723714067,641,"all","RF#641","RF",641
449,471,105,126,0.8177083333333334,0.8104693140794224,0.8177083333333334,0.8177083333333334,0.80306905370844,0.7993049522154648,0.5985968758067511,641,"all","NB#641","NB",641
446,486,90,129,0.84375,0.832089552238806,0.84375,0.84375,0.8161209068010075,0.8097306689834927,0.6194386444854091,641,"all","MLP#641","MLP",641
427,443,133,148,0.7690972222222222,0.7625,0.7690972222222222,0.7690972222222222,0.7592116538131961,0.7558644656820156,0.5117175056802312,642,"all","DT#642","DT",642
479,501,75,96,0.8697916666666666,0.8646209386281588,0.8697916666666666,0.8697916666666666,0.8542199488491048,0.8514335360556038,0.7028574275452573,642,"all","RF#642","RF",642
382,503,73,193,0.8732638888888888,0.8395604395604396,0.8732638888888888,0.8732638888888888,0.7908805031446541,0.7688966116420504,0.5377091260494051,642,"all","NB#642","NB",642
450,465,111,125,0.8072916666666666,0.8021390374331551,0.8072916666666666,0.8072916666666666,0.797598627787307,0.7949609035621199,0.5899128302832488,642,"all","MLP#642","MLP",642
436,444,132,139,0.7708333333333334,0.7676056338028169,0.7708333333333334,0.7708333333333334,0.7661777394305436,0.7645525629887054,0.5290997942309172,643,"all","DT#643","DT",643
476,503,73,99,0.8732638888888888,0.8670309653916212,0.8732638888888888,0.8732638888888888,0.8539898132427843,0.8505647263249348,0.7011174955538714,643,"all","RF#643","RF",643
500,389,187,75,0.8695652173913043,0.8383620689655172,0.8695652173913043,0.8695652173913043,0.7923930269413628,0.7723718505647263,0.5448203202357089,643,"all","NB#643","NB",643
445,506,70,130,0.8784722222222222,0.8640776699029126,0.8784722222222222,0.8784722222222222,0.834983498349835,0.8262380538662033,0.6524443639218528,643,"all","MLP#643","MLP",643
420,452,124,155,0.7847222222222222,0.7720588235294118,0.7847222222222222,0.7847222222222222,0.7641589180050719,0.7576020851433536,0.5151811150582228,644,"all","DT#644","DT",644
469,513,63,106,0.890625,0.881578947368421,0.890625,0.890625,0.8585774058577406,0.8531711555169418,0.706323025196382,644,"all","RF#644","RF",644
399,499,77,176,0.8663194444444444,0.8382352941176471,0.8663194444444444,0.8663194444444444,0.7977617905675459,0.7801911381407471,0.5603162308376402,644,"all","NB#644","NB",644
473,502,74,102,0.8715277777777778,0.8647166361974405,0.8715277777777778,0.8715277777777778,0.8508474576271187,0.8470894874022589,0.6941658161878822,644,"all","MLP#644","MLP",644
465,440,136,110,0.808695652173913,0.8,0.808695652173913,0.808695652173913,0.7908163265306122,0.7862728062554301,0.5725620673101599,645,"all","DT#645","DT",645
482,513,63,93,0.890625,0.8844036697247707,0.890625,0.890625,0.868020304568528,0.8644656820156386,0.7289188821957515,645,"all","RF#645","RF",645
518,286,290,57,0.9008695652173913,0.8338192419825073,0.9008695652173913,0.9008695652173913,0.7490961677512654,0.6985230234578628,0.3972576071520737,645,"all","NB#645","NB",645
485,466,110,90,0.8434782608695652,0.8381294964028777,0.8434782608695652,0.8434782608695652,0.829059829059829,0.8262380538662033,0.6524863379728872,645,"all","MLP#645","MLP",645
457,429,147,118,0.7947826086956522,0.7842778793418648,0.7947826086956522,0.7947826086956522,0.7752332485156912,0.7697654213727194,0.5395506537304376,646,"all","DT#646","DT",646
496,502,74,79,0.8715277777777778,0.8701754385964913,0.8715277777777778,0.8715277777777778,0.867761452031115,0.8670721112076455,0.7341420149608616,646,"all","RF#646","RF",646
504,352,224,71,0.8765217391304347,0.8321513002364066,0.8765217391304347,0.8765217391304347,0.7735993860322332,0.7437011294526499,0.48752024366352587,646,"all","NB#646","NB",646
479,474,102,96,0.8330434782608696,0.8315789473684211,0.8330434782608696,0.8330434782608696,0.8287197231833909,0.8279756733275413,0.6559542033133758,646,"all","MLP#646","MLP",646
449,440,136,126,0.7808695652173913,0.7773851590106007,0.7808695652173913,0.7808695652173913,0.7741379310344828,0.7723718505647263,0.5447502302199545,647,"all","DT#647","DT",647
491,507,69,84,0.8802083333333334,0.8767857142857143,0.8802083333333334,0.8802083333333334,0.8688946015424164,0.8670721112076455,0.7341380013134354,647,"all","RF#647","RF",647
482,423,153,93,0.8382608695652174,0.8197674418604651,0.8382608695652174,0.8382608695652174,0.7966942148760331,0.7862728062554301,0.5725840050720044,647,"all","NB#647","NB",647
472,496,80,103,0.8611111111111112,0.855072463768116,0.8611111111111112,0.8611111111111112,0.8442553191489361,0.8410078192875761,0.682004357035344,647,"all","MLP#647","MLP",647
419,429,147,156,0.7447916666666666,0.7402826855123675,0.7447916666666666,0.7447916666666666,0.7390180878552971,0.736750651607298,0.4734937521796039,648,"all","DT#648","DT",648
472,496,80,103,0.8611111111111112,0.855072463768116,0.8611111111111112,0.8611111111111112,0.8442553191489361,0.8410078192875761,0.682004357035344,648,"all","RF#648","RF",648
465,430,146,110,0.808695652173913,0.7962962962962963,0.808695652173913,0.808695652173913,0.7841483979763912,0.7775847089487402,0.5551932564051472,648,"all","NB#648","NB",648
469,485,91,106,0.8420138888888888,0.8375,0.8420138888888888,0.8420138888888888,0.831191088260497,0.8288444830582102,0.6576809559395216,648,"all","MLP#648","MLP",648
450,424,152,125,0.782608695652174,0.7723132969034608,0.782608695652174,0.782608695652174,0.7646559048428208,0.7593397046046916,0.5186986641546918,649,"all","DT#649","DT",649
478,511,65,97,0.8871527777777778,0.8802946593001841,0.8871527777777778,0.8871527777777778,0.8631756756756758,0.8592528236316247,0.718491835354365,649,"all","RF#649","RF",649
463,432,144,112,0.8052173913043478,0.7941176470588235,0.8052173913043478,0.8052173913043478,0.7834179357021996,0.7775847089487402,0.5551905705038404,649,"all","NB#649","NB",649
465,478,98,110,0.8298611111111112,0.8259325044404974,0.8298611111111112,0.8298611111111112,0.8213058419243987,0.8192875760208514,0.6385683315519001,649,"all","MLP#649","MLP",649
437,433,143,138,0.76,0.7583187390542907,0.76,0.76,0.7567099567099567,0.7558644656820156,0.5117322483978833,650,"all","DT#650","DT",650
473,495,81,102,0.859375,0.8537906137184116,0.859375,0.859375,0.843989769820972,0.8410078192875761,0.6820053171975561,650,"all","RF#650","RF",650
279,542,34,296,0.9409722222222222,0.8913738019169329,0.9409722222222222,0.9409722222222222,0.7666195190947666,0.7132927888792354,0.4263582516031401,650,"all","NB#650","NB",650
463,489,87,112,0.8489583333333334,0.8418181818181818,0.8489583333333334,0.8489583333333334,0.8309260832625319,0.8271068635968722,0.654200415172674,650,"all","MLP#650","MLP",650
447,441,135,128,0.7773913043478261,0.7750439367311072,0.7773913043478261,0.7773913043478261,0.7726879861711323,0.7715030408340573,0.5430105660115305,651,"all","DT#651","DT",651
478,504,72,97,0.875,0.8690909090909091,0.875,0.875,0.8564146134239592,0.8531711555169418,0.7063310058501604,651,"all","RF#651","RF",651
518,366,210,57,0.9008695652173913,0.8652482269503546,0.9008695652173913,0.9008695652173913,0.795088257866462,0.7680278019113814,0.5361623900276659,651,"all","NB#651","NB",651
458,475,101,117,0.8246527777777778,0.8193202146690519,0.8246527777777778,0.8246527777777778,0.8133561643835617,0.8105994787141616,0.6211895214860262,651,"all","MLP#651","MLP",651
470,459,117,105,0.8173913043478261,0.8138297872340425,0.8173913043478261,0.8173913043478261,0.8089500860585197,0.8071242397914856,0.6142551765366568,652,"all","DT#652","DT",652
501,509,67,74,0.8836805555555556,0.8820422535211268,0.8836805555555556,0.8836805555555556,0.8783433994823123,0.8774978279756733,0.7549928818692226,652,"all","RF#652","RF",652
508,387,189,67,0.8834782608695653,0.8524229074889867,0.8834782608695653,0.8834782608695653,0.7987421383647798,0.7775847089487402,0.555250995438642,652,"all","NB#652","NB",652
470,484,92,105,0.8402777777777778,0.8362989323843416,0.8402777777777778,0.8402777777777778,0.8309012875536481,0.8288444830582102,0.6576819895317993,652,"all","MLP#652","MLP",652
459,471,105,116,0.8177083333333334,0.8138297872340425,0.8177083333333334,0.8177083333333334,0.8099742046431643,0.8079930495221547,0.6159794320255922,653,"all","DT#653","DT",653
498,510,66,77,0.8854166666666666,0.8829787234042553,0.8854166666666666,0.8854166666666666,0.8770421324161651,0.8757602085143353,0.7515161030753832,653,"all","RF#653","RF",653
520,365,211,55,0.9043478260869565,0.8690476190476191,0.9043478260869565,0.9043478260869565,0.7963246554364471,0.7688966116420504,0.5379017018938775,653,"all","NB#653","NB",653
471,506,70,104,0.8784722222222222,0.8706099815157117,0.8784722222222222,0.8784722222222222,0.8532883642495784,0.8488271068635969,0.6976384657425049,653,"all","MLP#653","MLP",653
436,442,134,139,0.7673611111111112,0.7649122807017544,0.7673611111111112,0.7673611111111112,0.7640449438202247,0.7628149435273676,0.5256259482634984,654,"all","DT#654","DT",654
479,506,70,96,0.8784722222222222,0.8724954462659381,0.8784722222222222,0.8784722222222222,0.8590831918505942,0.8557775847089487,0.711543629429899,654,"all","RF#654","RF",654
546,144,432,29,0.9495652173913044,0.8323699421965318,0.9495652173913044,0.9495652173913044,0.7031551835157759,0.5994787141615986,0.19944387698909014,654,"all","NB#654","NB",654
460,505,71,115,0.8767361111111112,0.8662900188323918,0.8767361111111112,0.8767361111111112,0.8444816053511706,0.838401390095569,0.6767810663751819,654,"all","MLP#654","MLP",654
443,430,146,132,0.7704347826086957,0.7651245551601423,0.7704347826086957,0.7704347826086957,0.761168384879725,0.7584708948740226,0.5169516344763245,655,"all","DT#655","DT",655
468,495,81,107,0.859375,0.8524590163934426,0.859375,0.859375,0.8404074702886247,0.8366637706342311,0.6733144718844641,655,"all","RF#655","RF",655
446,454,122,129,0.7881944444444444,0.7852112676056338,0.7881944444444444,0.7881944444444444,0.7834339948231234,0.7819287576020851,0.5638525769445027,655,"all","NB#655","NB",655
455,497,79,120,0.8628472222222222,0.8520599250936329,0.8628472222222222,0.8628472222222222,0.8331936295054484,0.8271068635968722,0.6541920620086689,655,"all","MLP#655","MLP",655
443,456,120,132,0.7916666666666666,0.7868561278863233,0.7916666666666666,0.7916666666666666,0.7835051546391752,0.7810599478714162,0.5621116324571097,656,"all","DT#656","DT",656
470,515,61,105,0.8940972222222222,0.8851224105461394,0.8940972222222222,0.8940972222222222,0.8612040133779264,0.8557775847089487,0.7115357904208612,656,"all","RF#656","RF",656
519,334,242,56,0.9026086956521739,0.8564102564102564,0.9026086956521739,0.9026086956521739,0.7769461077844311,0.741094700260643,0.48233436867063295,656,"all","NB#656","NB",656
438,503,73,137,0.8732638888888888,0.8571428571428571,0.8732638888888888,0.8732638888888888,0.8273026315789473,0.8175499565595135,0.6350643782007923,656,"all","MLP#656","MLP",656
442,434,142,133,0.768695652173913,0.7654320987654321,0.768695652173913,0.768695652173913,0.7627264883520276,0.7610773240660296,0.5221607798203225,657,"all","DT#657","DT",657
484,505,71,91,0.8767361111111112,0.872072072072072,0.8767361111111112,0.8767361111111112,0.8617747440273038,0.8592528236316247,0.7184969352939401,657,"all","RF#657","RF",657
542,193,383,33,0.9426086956521739,0.8539823008849557,0.9426086956521739,0.9426086956521739,0.7226666666666667,0.6385751520417029,0.2775314975480952,657,"all","NB#657","NB",657
460,493,83,115,0.8559027777777778,0.8471454880294659,0.8559027777777778,0.8559027777777778,0.8327702702702703,0.8279756733275413,0.6559344654331127,657,"all","MLP#657","MLP",657
444,445,131,131,0.7725694444444444,0.7725694444444444,0.7725694444444444,0.7725694444444444,0.7725694444444444,0.7723718505647263,0.5447433574879227,658,"all","DT#658","DT",658
478,507,69,97,0.8802083333333334,0.8738574040219378,0.8802083333333334,0.8802083333333334,0.8593220338983052,0.8557775847089487,0.7115427584499344,658,"all","RF#658","RF",658
390,503,73,185,0.8732638888888888,0.8423326133909287,0.8732638888888888,0.8732638888888888,0.7958860759493671,0.7758470894874022,0.5516180272026671,658,"all","NB#658","NB",658
466,504,72,109,0.875,0.8661710037174721,0.875,0.875,0.8477712363330531,0.8427454387489139,0.6854730714125034,658,"all","MLP#658","MLP",658
445,440,136,130,0.7739130434782608,0.7719298245614035,0.7739130434782608,0.7739130434782608,0.7698961937716263,0.7688966116420504,0.5377970610169593,659,"all","DT#659","DT",659
484,500,76,91,0.8680555555555556,0.8642857142857143,0.8680555555555556,0.8680555555555556,0.856898029134533,0.8549087749782798,0.7098107596035539,659,"all","RF#659","RF",659
508,367,209,67,0.8834782608695653,0.8456221198156681,0.8834782608695653,0.8834782608695653,0.7863777089783281,0.7602085143353605,0.5205194538610382,659,"all","NB#659","NB",659
468,466,110,107,0.8139130434782609,0.8132635253054101,0.8139130434782609,0.8139130434782609,0.8117953165654813,0.8114682884448305,0.6229379999788648,659,"all","MLP#659","MLP",659
454,453,123,121,0.7895652173913044,0.789198606271777,0.7895652173913044,0.7895652173913044,0.7881944444444445,0.788010425716768,0.5760218115283469,660,"all","DT#660","DT",660
485,501,75,90,0.8697916666666666,0.8660714285714286,0.8697916666666666,0.8697916666666666,0.858611825192802,0.8566463944396178,0.7132860798478228,660,"all","RF#660","RF",660
415,485,91,160,0.8420138888888888,0.8201581027667985,0.8420138888888888,0.8420138888888888,0.7944307944307945,0.7819287576020851,0.5638117497142667,660,"all","NB#660","NB",660
451,469,107,124,0.8142361111111112,0.8082437275985663,0.8142361111111112,0.8142361111111112,0.8023952095808383,0.7993049522154648,0.5985992998008705,660,"all","MLP#660","MLP",660
438,457,119,137,0.7934027777777778,0.7863554757630161,0.7934027777777778,0.7934027777777778,0.7811965811965812,0.7775847089487402,0.5551569940004408,661,"all","DT#661","DT",661
468,506,70,107,0.8784722222222222,0.8698884758364313,0.8784722222222222,0.8784722222222222,0.8511354079058031,0.8462206776715899,0.6924239427625034,661,"all","RF#661","RF",661
472,418,158,103,0.8208695652173913,0.8023032629558541,0.8208695652173913,0.8208695652173913,0.7834024896265561,0.7732406602953953,0.5465186314542119,661,"all","NB#661","NB",661
455,489,87,120,0.8489583333333334,0.8394833948339483,0.8489583333333334,0.8489583333333334,0.8253164556962026,0.8201563857515204,0.64029457989302,661,"all","MLP#661","MLP",661
442,454,122,133,0.7881944444444444,0.7836879432624113,0.7881944444444444,0.7881944444444444,0.7807394668959587,0.7784535186794093,0.5568993446449142,662,"all","DT#662","DT",662
467,513,63,108,0.890625,0.8811320754716981,0.890625,0.890625,0.8571428571428571,0.8514335360556038,0.7028466607785855,662,"all","RF#662","RF",662
468,429,147,107,0.8139130434782609,0.8003731343283582,0.8139130434782609,0.8139130434782609,0.7865546218487395,0.7793223284100782,0.5586709739750015,662,"all","NB#662","NB",662
443,489,87,132,0.8489583333333334,0.8358490566037736,0.8489583333333334,0.8489583333333334,0.8170426065162908,0.8097306689834927,0.6194351971374868,662,"all","MLP#662","MLP",662
459,454,122,116,0.7982608695652174,0.7964912280701755,0.7982608695652174,0.7982608695652174,0.7941176470588235,0.7932232841007819,0.5864500019625426,663,"all","DT#663","DT",663
485,513,63,90,0.890625,0.885036496350365,0.890625,0.890625,0.8702290076335878,0.8670721112076455,0.7341331847765533,663,"all","RF#663","RF",663
246,552,24,329,0.9583333333333334,0.9111111111111111,0.9583333333333334,0.9583333333333334,0.7577213452299245,0.6933101650738488,0.3863373080902286,663,"all","NB#663","NB",663
456,501,75,119,0.8697916666666666,0.8587570621468926,0.8697916666666666,0.8697916666666666,0.8377926421404683,0.8314509122502172,0.6628791767569101,663,"all","MLP#663","MLP",663
432,456,120,143,0.7916666666666666,0.782608695652174,0.7916666666666666,0.7916666666666666,0.7761702127659574,0.7715030408340573,0.5429898683076253,664,"all","DT#664","DT",664
466,501,75,109,0.8697916666666666,0.8613678373382625,0.8697916666666666,0.8697916666666666,0.8448566610455313,0.840139009556907,0.6802613660725338,664,"all","RF#664","RF",664
487,419,157,88,0.8469565217391304,0.8264299802761341,0.8469565217391304,0.8469565217391304,0.7990155865463493,0.787141615986099,0.5743272515393172,664,"all","NB#664","NB",664
471,484,92,104,0.8402777777777778,0.8365896980461812,0.8402777777777778,0.8402777777777778,0.831615120274914,0.8297132927888793,0.659420158577752,664,"all","MLP#664","MLP",664
446,449,127,129,0.7795138888888888,0.7783595113438045,0.7795138888888888,0.7795138888888888,0.7781629116117851,0.7775847089487402,0.5551677390330285,665,"all","DT#665","DT",665
459,511,65,116,0.8871527777777778,0.8759541984732825,0.8871527777777778,0.8871527777777778,0.8495428096425602,0.8427454387489139,0.6854664232904404,665,"all","RF#665","RF",665
498,356,220,77,0.8660869565217392,0.8221709006928406,0.8660869565217392,0.8660869565217392,0.7703016241299304,0.7419635099913119,0.48403801715511285,665,"all","NB#665","NB",665
449,487,89,126,0.8454861111111112,0.8345724907063197,0.8454861111111112,0.8454861111111112,0.8191757779646763,0.8132059079061685,0.6263906649375041,665,"all","MLP#665","MLP",665
457,420,156,118,0.7947826086956522,0.7806691449814126,0.7947826086956522,0.7947826086956522,0.7693602693602692,0.7619461337966985,0.5239192196099862,666,"all","DT#666","DT",666
485,498,78,90,0.8645833333333334,0.8614564831261101,0.8645833333333334,0.8645833333333334,0.8556701030927835,0.8540399652476107,0.708074421638073,666,"all","RF#666","RF",666
469,422,154,106,0.8156521739130435,0.7992424242424242,0.8156521739130435,0.8156521739130435,0.7829716193656093,0.7741094700260643,0.548251334444364,666,"all","NB#666","NB",666
456,473,103,119,0.8211805555555556,0.815742397137746,0.8211805555555556,0.8211805555555556,0.809931506849315,0.8071242397914856,0.6142388705041184,666,"all","MLP#666","MLP",666
442,442,134,133,0.768695652173913,0.768695652173913,0.768695652173913,0.768695652173913,0.7680278019113814,0.7680278019113814,0.5360559540218086,667,"all","DT#667","DT",667
478,504,72,97,0.875,0.8690909090909091,0.875,0.875,0.8564146134239592,0.8531711555169418,0.7063310058501604,667,"all","RF#667","RF",667
513,364,212,62,0.8921739130434783,0.8544600938967136,0.8921739130434783,0.8921739130434783,0.7892307692307692,0.7619461337966985,0.5239996981359898,667,"all","NB#667","NB",667
471,477,99,104,0.828125,0.8263157894736842,0.828125,0.828125,0.8245462402765773,0.8236316246741964,0.6472603205036269,667,"all","MLP#667","MLP",667
446,443,133,129,0.7756521739130435,0.7744755244755245,0.7756521739130435,0.7756521739130435,0.7729636048526862,0.7723718505647263,0.5447461066056365,668,"all","DT#668","DT",668
460,509,67,115,0.8836805555555556,0.872865275142315,0.8836805555555556,0.8836805555555556,0.8483333333333334,0.841876629018245,0.683730101215064,668,"all","RF#668","RF",668
494,381,195,81,0.8591304347826086,0.8246753246753247,0.8591304347826086,0.8591304347826086,0.7816455696202531,0.7602085143353605,0.5204991894510907,668,"all","NB#668","NB",668
453,492,84,122,0.8541666666666666,0.8435754189944135,0.8541666666666666,0.8541666666666666,0.8268907563025211,0.8210251954821894,0.6420295850305423,668,"all","MLP#668","MLP",668
456,426,150,119,0.7930434782608695,0.781651376146789,0.7930434782608695,0.7930434782608695,0.7722269263336157,0.7662901824500434,0.5326018860832298,669,"all","DT#669","DT",669
476,495,81,99,0.859375,0.8545780969479354,0.859375,0.859375,0.8461538461538461,0.843614248479583,0.68721976140656,669,"all","RF#669","RF",669
425,482,94,150,0.8368055555555556,0.8188824662813102,0.8368055555555556,0.8368055555555556,0.7980132450331127,0.788010425716768,0.5759846846955661,669,"all","NB#669","NB",669
457,495,81,118,0.859375,0.8494423791821561,0.859375,0.859375,0.832632464255677,0.8271068635968722,0.6541941503375037,669,"all","MLP#669","MLP",669
450,430,146,125,0.782608695652174,0.7747747747747747,0.782608695652174,0.782608695652174,0.7685738684884713,0.7645525629887054,0.5291196988018194,670,"all","DT#670","DT",670
481,491,85,94,0.8524305555555556,0.8498233215547704,0.8524305555555556,0.8524305555555556,0.8458225667527994,0.8444830582102519,0.6889616555780498,670,"all","RF#670","RF",670
381,496,80,194,0.8611111111111112,0.8264642082429501,0.8611111111111112,0.8611111111111112,0.7835703001579779,0.7619461337966985,0.5238099552157225,670,"all","NB#670","NB",670
460,492,84,115,0.8541666666666666,0.8455882352941176,0.8541666666666666,0.8541666666666666,0.8317836010143702,0.8271068635968722,0.6541972827834636,670,"all","MLP#670","MLP",670
447,425,151,128,0.7773913043478261,0.7685352622061483,0.7773913043478261,0.7773913043478261,0.7621483375959079,0.7576020851433536,0.5152206369645982,671,"all","DT#671","DT",671
483,489,87,92,0.8489583333333334,0.8473684210526315,0.8489583333333334,0.8489583333333334,0.8452895419187554,0.8444830582102519,0.6889635338430996,671,"all","RF#671","RF",671
493,377,199,82,0.8573913043478261,0.8213507625272332,0.8573913043478261,0.8573913043478261,0.7782162588792423,0.7558644656820156,0.5118147911676227,671,"all","NB#671","NB",671
481,463,113,94,0.8365217391304348,0.8312387791741472,0.8365217391304348,0.8365217391304348,0.8229255774165954,0.8201563857515204,0.6403228168274159,671,"all","MLP#671","MLP",671
462,436,140,113,0.8034782608695652,0.7941712204007286,0.8034782608695652,0.8034782608695652,0.7850467289719626,0.7801911381407471,0.5603998629282924,672,"all","DT#672","DT",672
488,482,94,87,0.8486956521739131,0.8471001757469244,0.8486956521739131,0.8486956521739131,0.843560933448574,0.8427454387489139,0.6854939636809392,672,"all","RF#672","RF",672
401,489,87,174,0.8489583333333334,0.8217213114754098,0.8489583333333334,0.8489583333333334,0.7893462469733656,0.7732406602953953,0.5464214049852562,672,"all","NB#672","NB",672
475,464,112,100,0.8260869565217391,0.8226950354609929,0.8260869565217391,0.8260869565217391,0.8175559380378657,0.8158123370981755,0.6316310694854561,672,"all","MLP#672","MLP",672
445,437,139,130,0.7739130434782608,0.7707231040564374,0.7739130434782608,0.7739130434782608,0.7679033649698015,0.7662901824500434,0.5325863628060609,673,"all","DT#673","DT",673
463,509,67,112,0.8836805555555556,0.8735849056603774,0.8836805555555556,0.8836805555555556,0.8504594820384295,0.8444830582102519,0.6889447501717357,673,"all","RF#673","RF",673
512,338,238,63,0.8904347826086957,0.8428927680798005,0.8904347826086957,0.8904347826086957,0.7728301886792452,0.738488271068636,0.47711428894842106,673,"all","NB#673","NB",673
448,499,77,127,0.8663194444444444,0.8533333333333334,0.8663194444444444,0.8663194444444444,0.8302828618968385,0.8227628149435273,0.6454986034573865,673,"all","MLP#673","MLP",673
452,430,146,123,0.7860869565217391,0.7775768535262206,0.7860869565217391,0.7860869565217391,0.7706734867860188,0.7662901824500434,0.5325962413744693,674,"all","DT#674","DT",674
486,497,79,89,0.8628472222222222,0.8601769911504424,0.8628472222222222,0.8628472222222222,0.8554216867469879,0.8540399652476107,0.7080753030691888,674,"all","RF#674","RF",674
368,521,55,207,0.9045138888888888,0.8699763593380615,0.9045138888888888,0.9045138888888888,0.7990797546012269,0.7723718505647263,0.5446388664065427,674,"all","NB#674","NB",674
475,495,81,100,0.859375,0.85431654676259,0.859375,0.859375,0.8454312553373186,0.8427454387489139,0.6854816185850741,674,"all","MLP#674","MLP",674
435,458,118,140,0.7951388888888888,0.786618444846293,0.7951388888888888,0.7951388888888888,0.7802385008517887,0.7758470894874022,0.5516789506897873,675,"all","DT#675","DT",675
477,500,76,98,0.8680555555555556,0.8625678119349005,0.8680555555555556,0.8680555555555556,0.8517887563884157,0.8488271068635969,0.6976439434884613,675,"all","RF#675","RF",675
360,533,43,215,0.9253472222222222,0.8933002481389578,0.9253472222222222,0.9253472222222222,0.8051359516616314,0.7758470894874022,0.5515774023448117,675,"all","NB#675","NB",675
481,492,84,94,0.8541666666666666,0.8513274336283185,0.8541666666666666,0.8541666666666666,0.846815834767642,0.845351867940921,0.6906988330137835,675,"all","MLP#675","MLP",675
432,459,117,143,0.796875,0.7868852459016393,0.796875,0.796875,0.7792869269949066,0.7741094700260643,0.5482008653721313,676,"all","DT#676","DT",676
468,512,64,107,0.8888888888888888,0.8796992481203008,0.8888888888888888,0.8888888888888888,0.8569037656903766,0.8514335360556038,0.7028475580389426,676,"all","RF#676","RF",676
472,421,155,103,0.8208695652173913,0.8034351145038168,0.8208695652173913,0.8208695652173913,0.7853577371048253,0.7758470894874022,0.551729030933562,676,"all","NB#676","NB",676
447,498,78,128,0.8645833333333334,0.8514285714285714,0.8645833333333334,0.8645833333333334,0.8286189683860232,0.8210251954821894,0.6420230995697139,676,"all","MLP#676","MLP",676
455,453,123,120,0.7913043478260869,0.7905759162303665,0.7913043478260869,0.7913043478260869,0.7892454466608846,0.788879235447437,0.5777600644924615,677,"all","DT#677","DT",677
484,504,72,91,0.875,0.8705035971223022,0.875,0.875,0.860802732707088,0.8583840139009556,0.7167596896650115,677,"all","RF#677","RF",677
527,266,310,48,0.9165217391304348,0.8471337579617835,0.9165217391304348,0.9165217391304348,0.7464589235127479,0.6889661164205039,0.37817771352514556,677,"all","NB#677","NB",677
453,499,77,122,0.8663194444444444,0.8547169811320755,0.8663194444444444,0.8663194444444444,0.8337510442773601,0.8271068635968722,0.6541899736546112,677,"all","MLP#677","MLP",677
451,451,125,124,0.7843478260869565,0.7843478260869565,0.7843478260869565,0.7843478260869565,0.7836663770634232,0.7836663770634231,0.5673330807169676,678,"all","DT#678","DT",678
485,508,68,90,0.8819444444444444,0.8770343580470162,0.8819444444444444,0.8819444444444444,0.8654173764906303,0.8627280625543006,0.7254467992596372,678,"all","RF#678","RF",678
524,315,261,51,0.9113043478260869,0.860655737704918,0.9113043478260869,0.9113043478260869,0.7705882352941177,0.7289313640312771,0.4580341377280752,678,"all","NB#678","NB",678
477,480,96,98,0.8333333333333334,0.8324607329842932,0.8333333333333334,0.8333333333333334,0.8318890814558059,0.8314509122502172,0.6629005522359669,678,"all","MLP#678","MLP",678
447,443,133,128,0.7773913043478261,0.7758318739054291,0.7773913043478261,0.7773913043478261,0.7740259740259742,0.7732406602953953,0.5464844015368241,679,"all","DT#679","DT",679
478,499,77,97,0.8663194444444444,0.8612612612612612,0.8663194444444444,0.8663194444444444,0.8515358361774744,0.8488271068635969,0.6976448564268244,679,"all","RF#679","RF",679
326,531,45,249,0.921875,0.8787061994609164,0.921875,0.921875,0.7831858407079646,0.7445699391833188,0.48898211405686526,679,"all","NB#679","NB",679
453,504,72,122,0.875,0.8628571428571429,0.875,0.875,0.8386023294509152,0.8314509122502172,0.6628761228957499,679,"all","MLP#679","MLP",679
426,460,116,149,0.7986111111111112,0.7859778597785978,0.7986111111111112,0.7986111111111112,0.7763713080168776,0.7697654213727194,0.5395075539693253,680,"all","DT#680","DT",680
468,523,53,107,0.9079861111111112,0.8982725527831094,0.9079861111111112,0.9079861111111112,0.867330016583748,0.8609904430929627,0.7219580098619152,680,"all","RF#680","RF",680
481,426,150,94,0.8365217391304348,0.8192307692307692,0.8365217391304348,0.8365217391304348,0.7976782752902156,0.788010425716768,0.5760563720458417,680,"all","NB#680","NB",680
448,501,75,127,0.8697916666666666,0.8565965583173997,0.8697916666666666,0.8697916666666666,0.8322259136212624,0.8245004344048653,0.648973047401064,680,"all","MLP#680","MLP",680
440,464,112,135,0.8055555555555556,0.7971014492753623,0.8055555555555556,0.8055555555555556,0.7897872340425532,0.7854039965247611,0.5707927660531691,681,"all","DT#681","DT",681
471,506,70,104,0.8784722222222222,0.8706099815157117,0.8784722222222222,0.8784722222222222,0.8532883642495784,0.8488271068635969,0.6976384657425049,681,"all","RF#681","RF",681
488,389,187,87,0.8486956521739131,0.8172268907563025,0.8486956521739131,0.8486956521739131,0.7807999999999999,0.7619461337966985,0.5239637735849058,681,"all","NB#681","NB",681
469,483,93,106,0.8385416666666666,0.8345195729537367,0.8385416666666666,0.8385416666666666,0.8291845493562232,0.8271068635968722,0.6542066797808531,681,"all","MLP#681","MLP",681
439,447,129,136,0.7760416666666666,0.772887323943662,0.7760416666666666,0.7760416666666666,0.7713546160483175,0.7697654213727194,0.539525629044993,682,"all","DT#682","DT",682
475,519,57,100,0.9010416666666666,0.8928571428571429,0.9010416666666666,0.9010416666666666,0.8686192468619246,0.8635968722849696,0.7271758281410177,682,"all","RF#682","RF",682
391,498,78,184,0.8645833333333334,0.8336886993603412,0.8645833333333334,0.8645833333333334,0.7917329093799682,0.7723718505647263,0.5446704937686284,682,"all","NB#682","NB",682
447,485,91,128,0.8420138888888888,0.8308550185873605,0.8420138888888888,0.8420138888888888,0.815811606391926,0.8097306689834927,0.6194397935875042,682,"all","MLP#682","MLP",682
434,438,138,141,0.7604166666666666,0.7587412587412588,0.7604166666666666,0.7604166666666666,0.7584415584415585,0.7576020851433536,0.5152016087029381,683,"all","DT#683","DT",683
479,504,72,96,0.875,0.8693284936479129,0.875,0.875,0.8571428571428572,0.8540399652476107,0.7080691329395992,683,"all","RF#683","RF",683
515,326,250,60,0.8956521739130435,0.844559585492228,0.8956521739130435,0.8956521739130435,0.7686567164179106,0.7306689834926151,0.4614920237250788,683,"all","NB#683","NB",683
463,491,85,112,0.8524305555555556,0.8448905109489051,0.8524305555555556,0.8524305555555556,0.8329092451229856,0.8288444830582102,0.6576747542547778,683,"all","MLP#683","MLP",683
446,445,131,129,0.7756521739130435,0.7752613240418118,0.7756521739130435,0.7756521739130435,0.7743055555555555,0.7741094700260643,0.5482199631039761,684,"all","DT#684","DT",684
486,502,74,89,0.8715277777777778,0.8678571428571429,0.8715277777777778,0.8715277777777778,0.8603256212510711,0.8583840139009556,0.7167614000920913,684,"all","RF#684","RF",684
458,440,136,117,0.7965217391304348,0.7899461400359067,0.7965217391304348,0.7965217391304348,0.7835757057313945,0.7801911381407471,0.5603945539001749,684,"all","NB#684","NB",684
464,485,91,111,0.8420138888888888,0.836036036036036,0.8420138888888888,0.8420138888888888,0.8276450511945391,0.8245004344048653,0.6489900057368881,684,"all","MLP#684","MLP",684
434,444,132,141,0.7708333333333334,0.7667844522968198,0.7708333333333334,0.7708333333333334,0.7648578811369509,0.7628149435273676,0.5256230836469699,685,"all","DT#685","DT",685
477,498,78,98,0.8645833333333334,0.8594594594594595,0.8645833333333334,0.8645833333333334,0.8498293515358362,0.8470894874022589,0.6941695099489718,685,"all","RF#685","RF",685
450,455,121,125,0.7899305555555556,0.7880910683012259,0.7899305555555556,0.7899305555555556,0.78719723183391,0.7862728062554301,0.5725427085912355,685,"all","NB#685","NB",685
463,481,95,112,0.8350694444444444,0.8297491039426523,0.8350694444444444,0.8350694444444444,0.8229255774165953,0.8201563857515204,0.640303268652728,685,"all","MLP#685","MLP",685
445,436,140,130,0.7739130434782608,0.7703180212014135,0.7739130434782608,0.7739130434782608,0.7672413793103448,0.7654213727193745,0.5308494738907928,686,"all","DT#686","DT",686
476,506,70,99,0.8784722222222222,0.8717948717948718,0.8784722222222222,0.8784722222222222,0.8569009314140559,0.8531711555169418,0.7063292324090276,686,"all","RF#686","RF",686
456,420,156,119,0.7930434782608695,0.7792207792207793,0.7930434782608695,0.7930434782608695,0.7683235046335299,0.7610773240660296,0.5221809772099083,686,"all","NB#686","NB",686
453,491,85,122,0.8524305555555556,0.8420074349442379,0.8524305555555556,0.8524305555555556,0.8259041211101765,0.8201563857515204,0.6402924076375038,686,"all","MLP#686","MLP",686
455,456,120,120,0.7916666666666666,0.7916666666666666,0.7916666666666666,0.7916666666666666,0.7916666666666666,0.7914856646394439,0.5829710144927535,687,"all","DT#687","DT",687
472,509,67,103,0.8836805555555556,0.87569573283859,0.8836805555555556,0.8836805555555556,0.8569023569023569,0.8523023457862728,0.7045884136215134,687,"all","RF#687","RF",687
490,385,191,85,0.8521739130434782,0.8191489361702128,0.8521739130434782,0.8521739130434782,0.7802547770700637,0.7602085143353605,0.5204933993050629,687,"all","NB#687","NB",687
472,490,86,103,0.8506944444444444,0.8458781362007168,0.8506944444444444,0.8506944444444444,0.8383233532934132,0.8357949609035621,0.6715812452916212,687,"all","MLP#687","MLP",687
457,438,138,118,0.7947826086956522,0.7877697841726619,0.7947826086956522,0.7947826086956522,0.7811965811965813,0.7775847089487402,0.5551825126052956,688,"all","DT#688","DT",688
471,489,87,104,0.8489583333333334,0.8440860215053764,0.8489583333333334,0.8489583333333334,0.8366124893071001,0.8340573414422241,0.6681059145539664,688,"all","RF#688","RF",688
545,184,392,30,0.9478260869565217,0.8598130841121495,0.9478260869565217,0.9478260869565217,0.7208994708994709,0.6333622936576889,0.26712454848044986,688,"all","NB#688","NB",688
449,487,89,126,0.8454861111111112,0.8345724907063197,0.8454861111111112,0.8454861111111112,0.8191757779646763,0.8132059079061685,0.6263906649375041,688,"all","MLP#688","MLP",688
437,446,130,138,0.7743055555555556,0.7707231040564374,0.7743055555555556,0.7743055555555556,0.7689655172413793,0.7671589921807124,0.5343120085991375,689,"all","DT#689","DT",689
478,510,66,97,0.8854166666666666,0.8786764705882353,0.8854166666666666,0.8854166666666666,0.8622147083685545,0.8583840139009556,0.7167545582598219,689,"all","RF#689","RF",689
346,522,54,229,0.90625,0.865,0.90625,0.90625,0.7867370007535796,0.7541268462206777,0.5081233719657217,689,"all","NB#689","NB",689
463,489,87,112,0.8489583333333334,0.8418181818181818,0.8489583333333334,0.8489583333333334,0.8309260832625319,0.8271068635968722,0.654200415172674,689,"all","MLP#689","MLP",689
438,429,147,137,0.7617391304347826,0.7579505300353356,0.7617391304347826,0.7617391304347826,0.7551724137931034,0.7532580364900087,0.5065231503147597,690,"all","DT#690","DT",690
484,498,78,91,0.8645833333333334,0.8612099644128114,0.8645833333333334,0.8645833333333334,0.8549356223175966,0.8531711555169418,0.7063363260450461,690,"all","RF#690","RF",690
410,491,85,165,0.8524305555555556,0.8282828282828283,0.8524305555555556,0.8524305555555556,0.7970779220779222,0.7827975673327541,0.5655423360309215,690,"all","NB#690","NB",690
445,493,83,130,0.8559027777777778,0.8428030303030303,0.8559027777777778,0.8559027777777778,0.8223519599666389,0.8149435273675065,0.6298605124457805,690,"all","MLP#690","MLP",690
449,447,129,126,0.7808695652173913,0.7801047120418848,0.7808695652173913,0.7808695652173913,0.7788378143972245,0.7784535186794093,0.5569087096525833,691,"all","DT#691","DT",691
472,502,74,103,0.8715277777777778,0.8644688644688645,0.8715277777777778,0.8715277777777778,0.8501270110076207,0.8462206776715899,0.6924276576118218,691,"all","RF#691","RF",691
492,402,174,83,0.8556521739130435,0.8288659793814434,0.8556521739130435,0.8556521739130435,0.7929089443996776,0.7767158992180713,0.5534928021663692,691,"all","NB#691","NB",691
471,490,86,104,0.8506944444444444,0.8456014362657092,0.8506944444444444,0.8506944444444444,0.8376068376068375,0.8349261511728931,0.6698430814847022,691,"all","MLP#691","MLP",691
455,448,128,120,0.7913043478260869,0.7887323943661971,0.7913043478260869,0.7913043478260869,0.7858376511226252,0.7845351867940921,0.5690752527143391,692,"all","DT#692","DT",692
472,511,65,103,0.8871527777777778,0.8789571694599627,0.8871527777777778,0.8871527777777778,0.8588235294117648,0.8540399652476107,0.70806296254918,692,"all","RF#692","RF",692
329,538,38,246,0.9340277777777778,0.896457765667575,0.9340277777777778,0.9340277777777778,0.7911764705882353,0.7532580364900087,0.5063606929712228,692,"all","NB#692","NB",692
463,497,79,112,0.8628472222222222,0.8542435424354243,0.8628472222222222,0.8628472222222222,0.838818565400844,0.8340573414422241,0.6680978973892117,692,"all","MLP#692","MLP",692
458,457,119,117,0.7965217391304348,0.7961672473867596,0.7965217391304348,0.7965217391304348,0.7951388888888887,0.7949609035621199,0.5899227357405321,693,"all","DT#693","DT",693
475,508,68,100,0.8819444444444444,0.8747697974217311,0.8819444444444444,0.8819444444444444,0.8581081081081081,0.8540399652476107,0.7080656070341561,693,"all","RF#693","RF",693
500,374,202,75,0.8695652173913043,0.8329621380846325,0.8695652173913043,0.8695652173913043,0.7830853563038371,0.7593397046046916,0.5187713104522533,693,"all","NB#693","NB",693
472,469,107,103,0.8208695652173913,0.8199300699300699,0.8208695652173913,0.8208695652173913,0.8180242634315424,0.8175499565595135,0.6351018411724566,693,"all","MLP#693","MLP",693
441,443,133,134,0.7690972222222222,0.7682926829268293,0.7690972222222222,0.7690972222222222,0.7684301821335646,0.7680278019113814,0.5360545532224537,694,"all","DT#694","DT",694
484,507,69,91,0.8802083333333334,0.8752260397830018,0.8802083333333334,0.8802083333333334,0.8637137989778535,0.8609904430929627,0.7219714422882404,694,"all","RF#694","RF",694
426,485,91,149,0.8420138888888888,0.8239845261121856,0.8420138888888888,0.8420138888888888,0.8016528925619834,0.7914856646394439,0.5829344960760452,694,"all","NB#694","NB",694
464,477,99,111,0.828125,0.8241563055062167,0.828125,0.828125,0.8195876288659795,0.8175499565595135,0.6350930270475914,694,"all","MLP#694","MLP",694
427,458,118,148,0.7951388888888888,0.7834862385321101,0.7951388888888888,0.7951388888888888,0.7749576988155669,0.7688966116420504,0.5377719401542943,695,"all","DT#695","DT",695
468,514,62,107,0.8923611111111112,0.8830188679245283,0.8923611111111112,0.8923611111111112,0.858813700918964,0.8531711555169418,0.706322138430298,695,"all","RF#695","RF",695
384,509,67,191,0.8836805555555556,0.8514412416851441,0.8836805555555556,0.8836805555555556,0.7978056426332288,0.7758470894874022,0.5516099028199722,695,"all","NB#695","NB",695
447,497,79,128,0.8628472222222222,0.8498098859315589,0.8628472222222222,0.8628472222222222,0.8276436303080766,0.8201563857515204,0.640285890713534,695,"all","MLP#695","MLP",695
446,432,144,129,0.7756521739130435,0.7700534759358288,0.7756521739130435,0.7756521739130435,0.7656652360515022,0.7628149435273676,0.5256402708272006,696,"all","DT#696","DT",696
481,503,73,94,0.8732638888888888,0.868231046931408,0.8732638888888888,0.8732638888888888,0.8576300085251491,0.8549087749782798,0.709808130994491,696,"all","RF#696","RF",696
444,471,105,131,0.8177083333333334,0.8087431693989071,0.8177083333333334,0.8177083333333334,0.799660441426146,0.7949609035621199,0.5899054008762421,696,"all","NB#696","NB",696
465,483,93,110,0.8385416666666666,0.8333333333333334,0.8385416666666666,0.8385416666666666,0.8263473053892215,0.8236316246741964,0.6472539301280378,696,"all","MLP#696","MLP",696
447,441,135,128,0.7773913043478261,0.7750439367311072,0.7773913043478261,0.7773913043478261,0.7726879861711323,0.7715030408340573,0.5430105660115305,697,"all","DT#697","DT",697
473,511,65,102,0.8871527777777778,0.879182156133829,0.8871527777777778,0.8871527777777778,0.8595458368376787,0.8549087749782798,0.7098011211375032,697,"all","RF#697","RF",697
448,475,101,127,0.8246527777777778,0.8160291438979964,0.8246527777777778,0.8246527777777778,0.8064516129032259,0.8019113814074718,0.6038069127109458,697,"all","NB#697","NB",697
444,496,80,131,0.8611111111111112,0.8473282442748091,0.8611111111111112,0.8611111111111112,0.8246051537822112,0.8166811468288445,0.6333337862667567,697,"all","MLP#697","MLP",697
455,441,135,120,0.7913043478260869,0.786096256684492,0.7913043478260869,0.7913043478260869,0.7811158798283262,0.7784535186794093,0.5569167364869456,698,"all","DT#698","DT",698
480,504,72,95,0.875,0.8695652173913043,0.875,0.875,0.8578723404255318,0.8549087749782798,0.7098072547808876,698,"all","RF#698","RF",698
482,375,201,93,0.8382608695652174,0.8012820512820513,0.8382608695652174,0.8382608695652174,0.766295707472178,0.7445699391833188,0.48922277164954986,698,"all","NB#698","NB",698
460,493,83,115,0.8559027777777778,0.8471454880294659,0.8559027777777778,0.8559027777777778,0.8327702702702703,0.8279756733275413,0.6559344654331127,698,"all","MLP#698","MLP",698
426,453,123,149,0.7864583333333334,0.7759562841530054,0.7864583333333334,0.7864583333333334,0.7691001697792869,0.7636837532580365,0.5273485976200757,699,"all","DT#699","DT",699
479,498,78,96,0.8645833333333334,0.8599640933572711,0.8645833333333334,0.8645833333333334,0.8512820512820513,0.8488271068635969,0.6976457693596746,699,"all","RF#699","RF",699
475,402,174,100,0.8260869565217391,0.8007968127490039,0.8260869565217391,0.8260869565217391,0.7761437908496732,0.7619461337966985,0.5239450906752567,699,"all","NB#699","NB",699
461,482,94,114,0.8368055555555556,0.8306306306306306,0.8368055555555556,0.8368055555555556,0.8225255972696246,0.8192875760208514,0.6385639663033305,699,"all","MLP#699","MLP",699
446,434,142,129,0.7756521739130435,0.7708703374777975,0.7756521739130435,0.7756521739130435,0.7669819432502151,0.7645525629887054,0.5291140119532678,700,"all","DT#700","DT",700
472,504,72,103,0.875,0.8676470588235294,0.875,0.875,0.8520710059171598,0.8479582971329279,0.6959021331010359,700,"all","RF#700","RF",700
536,212,364,39,0.9321739130434783,0.8446215139442231,0.9321739130434783,0.9321739130434783,0.7267796610169492,0.6498696785403997,0.30008223622166064,700,"all","NB#700","NB",700
448,484,92,127,0.8402777777777778,0.8296296296296296,0.8402777777777778,0.8402777777777778,0.8155012636899748,0.8097306689834927,0.6194409426826599,700,"all","MLP#700","MLP",700
462,437,139,113,0.8034782608695652,0.7945454545454546,0.8034782608695652,0.8034782608695652,0.7857142857142857,0.7810599478714162,0.5621367518787005,701,"all","DT#701","DT",701
485,507,69,90,0.8802083333333334,0.8754512635379061,0.8802083333333334,0.8802083333333334,0.8644501278772379,0.8618592528236316,0.7237095378929586,701,"all","RF#701","RF",701
505,369,207,70,0.8782608695652174,0.8405466970387244,0.8782608695652174,0.8782608695652174,0.7847707847707849,0.7593397046046916,0.5187785738758741,701,"all","NB#701","NB",701
478,460,116,97,0.831304347826087,0.8258527827648114,0.831304347826087,0.831304347826087,0.8177929854576561,0.8149435273675065,0.6298973912282105,701,"all","MLP#701","MLP",701
461,432,144,114,0.8017391304347826,0.7912087912087912,0.8017391304347826,0.8017391304347826,0.7813559322033897,0.7758470894874022,0.5517141433811874,702,"all","DT#702","DT",702
479,503,73,96,0.8732638888888888,0.8677536231884058,0.8732638888888888,0.8732638888888888,0.8561702127659574,0.8531711555169418,0.7063318925626946,702,"all","RF#702","RF",702
511,314,262,64,0.888695652173913,0.8306878306878307,0.888695652173913,0.888695652173913,0.758160237388724,0.7167680278019114,0.43370490101086945,702,"all","NB#702","NB",702
457,479,97,118,0.8315972222222222,0.8249097472924187,0.8315972222222222,0.8315972222222222,0.8167092924126172,0.8132059079061685,0.6263996896036861,702,"all","MLP#702","MLP",702
448,430,146,127,0.7791304347826087,0.7719928186714542,0.7791304347826087,0.7791304347826087,0.7664670658682635,0.7628149435273676,0.5256431352361574,703,"all","DT#703","DT",703
481,496,80,94,0.8611111111111112,0.857397504456328,0.8611111111111112,0.8611111111111112,0.850771869639794,0.8488271068635969,0.6976475952088359,703,"all","RF#703","RF",703
473,412,164,102,0.8226086956521739,0.8015564202334631,0.8226086956521739,0.8226086956521739,0.7805280528052805,0.7688966116420504,0.5378361324875992,703,"all","NB#703","NB",703
462,479,97,113,0.8315972222222222,0.8264758497316637,0.8315972222222222,0.8315972222222222,0.8202054794520547,0.8175499565595135,0.6350908234498418,703,"all","MLP#703","MLP",703
443,454,122,132,0.7881944444444444,0.784070796460177,0.7881944444444444,0.7881944444444444,0.7814113597246126,0.7793223284100782,0.5586376605927023,704,"all","DT#704","DT",704
465,520,56,110,0.9027777777777778,0.8925143953934741,0.9027777777777778,0.9027777777777778,0.8623548922056383,0.8557775847089487,0.7115314352317368,704,"all","RF#704","RF",704
477,440,136,98,0.8295652173913044,0.8178438661710037,0.8295652173913044,0.8295652173913044,0.803030303030303,0.7966985230234579,0.5934200634625431,704,"all","NB#704","NB",704
457,494,82,118,0.8576388888888888,0.8478664192949907,0.8576388888888888,0.8576388888888888,0.8316498316498316,0.8262380538662033,0.6524569572017803,704,"all","MLP#704","MLP",704
443,424,152,132,0.7704347826086957,0.762589928057554,0.7704347826086957,0.7704347826086957,0.7572649572649574,0.7532580364900087,0.5065305999214998,705,"all","DT#705","DT",705
471,506,70,104,0.8784722222222222,0.8706099815157117,0.8784722222222222,0.8784722222222222,0.8532883642495784,0.8488271068635969,0.6976384657425049,705,"all","RF#705","RF",705
489,368,208,86,0.8504347826086956,0.8105726872246696,0.8504347826086956,0.8504347826086956,0.7688679245283019,0.7445699391833188,0.48923356507406535,705,"all","NB#705","NB",705
438,485,91,137,0.8420138888888888,0.8279773156899811,0.8420138888888888,0.8420138888888888,0.8096828046744573,0.8019113814074718,0.6037949495284999,705,"all","MLP#705","MLP",705
458,444,132,117,0.7965217391304348,0.7914438502673797,0.7965217391304348,0.7965217391304348,0.7862660944206008,0.7836663770634231,0.5673422250401938,706,"all","DT#706","DT",706
486,511,65,89,0.8871527777777778,0.8820326678765881,0.8871527777777778,0.8871527777777778,0.8690476190476191,0.8662033014769766,0.7323967051946327,706,"all","RF#706","RF",706
496,371,205,79,0.8626086956521739,0.8244444444444444,0.8626086956521739,0.8626086956521739,0.7774294670846394,0.7532580364900087,0.5066095519270186,706,"all","NB#706","NB",706
470,472,104,105,0.8194444444444444,0.818815331010453,0.8194444444444444,0.8194444444444444,0.8187337380745879,0.8184187662901824,0.6368367102003475,706,"all","MLP#706","MLP",706
445,441,135,130,0.7739130434782608,0.7723292469352014,0.7739130434782608,0.7739130434782608,0.7705627705627706,0.7697654213727194,0.5395339709090361,707,"all","DT#707","DT",707
456,502,74,119,0.8715277777777778,0.8603773584905661,0.8715277777777778,0.8715277777777778,0.8387635756056809,0.8323197219808862,0.6646164066097486,707,"all","RF#707","RF",707
333,530,46,242,0.9201388888888888,0.8786279683377308,0.9201388888888888,0.9201388888888888,0.7863501483679525,0.7497827975673328,0.4994170980543761,707,"all","NB#707","NB",707
440,487,89,135,0.8454861111111112,0.831758034026465,0.8454861111111112,0.8454861111111112,0.8130217028380634,0.8053866203301477,0.6107459153262456,707,"all","MLP#707","MLP",707
447,443,133,128,0.7773913043478261,0.7758318739054291,0.7773913043478261,0.7773913043478261,0.7740259740259742,0.7732406602953953,0.5464844015368241,708,"all","DT#708","DT",708
470,493,83,105,0.8559027777777778,0.8499095840867993,0.8559027777777778,0.8559027777777778,0.839863713798978,0.8366637706342311,0.6733164446886823,708,"all","RF#708","RF",708
497,378,198,78,0.8643478260869565,0.8289473684210527,0.8643478260869565,0.8643478260869565,0.7826771653543307,0.7602085143353605,0.5205035319688462,708,"all","NB#708","NB",708
462,477,99,113,0.828125,0.8235294117647058,0.828125,0.828125,0.8181818181818182,0.8158123370981755,0.6316166102544437,708,"all","MLP#708","MLP",708
462,438,138,113,0.8034782608695652,0.79491833030853,0.8034782608695652,0.8034782608695652,0.7863829787234042,0.7819287576020851,0.5638736460731403,709,"all","DT#709","DT",709
471,499,77,104,0.8663194444444444,0.8594890510948905,0.8663194444444444,0.8663194444444444,0.8464800678541137,0.8427454387489139,0.6854778198990598,709,"all","RF#709","RF",709
468,405,171,107,0.8139130434782609,0.791015625,0.8139130434782609,0.8139130434782609,0.7710049423393741,0.7584708948740226,0.5169880929378804,709,"all","NB#709","NB",709
459,480,96,116,0.8333333333333334,0.827027027027027,0.8333333333333334,0.8333333333333334,0.8191126279863482,0.8158123370981755,0.6316132733476252,709,"all","MLP#709","MLP",709
460,434,142,115,0.8,0.7905282331511839,0.8,0.8,0.7816482582837723,0.7767158992180713,0.5534496631326924,710,"all","DT#710","DT",710
477,501,75,98,0.8697916666666666,0.8641304347826086,0.8697916666666666,0.8697916666666666,0.8527659574468085,0.8496959165942659,0.6993811681263088,710,"all","RF#710","RF",710
423,480,96,152,0.8333333333333334,0.815028901734104,0.8333333333333334,0.8333333333333334,0.7947019867549668,0.7845351867940921,0.5690336139528703,710,"all","NB#710","NB",710
468,474,102,107,0.8229166666666666,0.8210526315789474,0.8229166666666666,0.8229166666666666,0.8193604148660328,0.8184187662901824,0.6368345171687586,710,"all","MLP#710","MLP",710
443,443,133,132,0.7704347826086957,0.7704347826086957,0.7704347826086957,0.7704347826086957,0.7697654213727194,0.7697654213727194,0.5395311903212708,711,"all","DT#711","DT",711
466,488,88,109,0.8472222222222222,0.8411552346570397,0.8472222222222222,0.8472222222222222,0.8320545609548167,0.8288444830582102,0.6576778551252379,711,"all","RF#711","RF",711
517,283,293,58,0.8991304347826087,0.8299120234604106,0.8991304347826087,0.8991304347826087,0.7465703971119134,0.6950477845351868,0.3903114082413395,711,"all","NB#711","NB",711
468,469,107,107,0.8142361111111112,0.8142361111111112,0.8142361111111112,0.8142361111111112,0.8142361111111112,0.8140747176368376,0.628149154589372,711,"all","MLP#711","MLP",711
460,433,143,115,0.8,0.7901459854014599,0.8,0.8,0.7809847198641766,0.7758470894874022,0.5517127899183005,712,"all","DT#712","DT",712
472,503,73,103,0.8732638888888888,0.8660550458715597,0.8732638888888888,0.8732638888888888,0.8510998307952623,0.8470894874022589,0.6941648927336684,712,"all","RF#712","RF",712
449,443,133,126,0.7808695652173913,0.7785588752196837,0.7808695652173913,0.7808695652173913,0.7761452031114953,0.7749782797567333,0.5499609756539408,712,"all","NB#712","NB",712
435,478,98,140,0.8298611111111112,0.8161350844277674,0.8298611111111112,0.8298611111111112,0.8006700167504187,0.7932232841007819,0.5864200326711537,712,"all","MLP#712","MLP",712
459,427,149,116,0.7982608695652174,0.7863720073664825,0.7982608695652174,0.7982608695652174,0.7759932375316991,0.7697654213727194,0.539553434083145,713,"all","DT#713","DT",713
473,483,93,102,0.8385416666666666,0.8356890459363958,0.8385416666666666,0.8385416666666666,0.8320413436692505,0.8305821025195482,0.6611593454621213,713,"all","RF#713","RF",713
512,340,236,63,0.8904347826086957,0.8436724565756824,0.8904347826086957,0.8904347826086957,0.7739984882842026,0.7402258905299739,0.48058704474827674,713,"all","NB#713","NB",713
454,482,94,121,0.8368055555555556,0.8284671532846716,0.8368055555555556,0.8368055555555556,0.8176420695504666,0.8132059079061685,0.6263963054049606,713,"all","MLP#713","MLP",713
459,426,150,116,0.7982608695652174,0.7859778597785978,0.7982608695652174,0.7982608695652174,0.7753378378378378,0.7688966116420504,0.5378165975780228,714,"all","DT#714","DT",714
490,499,77,85,0.8663194444444444,0.8641975308641975,0.8663194444444444,0.8663194444444444,0.8603448275862069,0.8592528236316247,0.7185020350487324,714,"all","RF#714","RF",714
490,386,190,85,0.8521739130434782,0.8195329087048833,0.8521739130434782,0.8521739130434782,0.7808764940239042,0.7610773240660296,0.5222300209055026,714,"all","NB#714","NB",714
488,474,102,87,0.8486956521739131,0.8449197860962567,0.8486956521739131,0.8486956521739131,0.8377682403433475,0.8357949609035621,0.6715971105726771,714,"all","MLP#714","MLP",714
469,443,133,106,0.8156521739130435,0.8069216757741348,0.8156521739130435,0.8156521739130435,0.7969413763806288,0.792354474370113,0.584725562212893,715,"all","DT#715","DT",715
492,495,81,83,0.859375,0.8586387434554974,0.859375,0.859375,0.8578856152512999,0.8575152041702867,0.7150293328180339,715,"all","RF#715","RF",715
531,257,319,44,0.9234782608695652,0.8538205980066446,0.9234782608695652,0.9234782608695652,0.745263157894737,0.684622067767159,0.36950541366431494,715,"all","NB#715","NB",715
469,462,114,106,0.8156521739130435,0.8133802816901409,0.8156521739130435,0.8156521739130435,0.8100172711571675,0.8088618592528236,0.6177280467627202,715,"all","MLP#715","MLP",715
449,436,140,126,0.7808695652173913,0.7758007117437722,0.7808695652173913,0.7808695652173913,0.7714776632302406,0.7688966116420504,0.5378026430600802,716,"all","DT#716","DT",716
462,498,78,113,0.8645833333333334,0.8555555555555555,0.8645833333333334,0.8645833333333334,0.8390901432181972,0.8340573414422241,0.6680968952163836,716,"all","RF#716","RF",716
440,453,123,135,0.7864583333333334,0.7815275310834814,0.7864583333333334,0.7864583333333334,0.7783505154639175,0.7758470894874022,0.5516857189441836,716,"all","NB#716","NB",716
473,481,95,102,0.8350694444444444,0.8327464788732394,0.8350694444444444,0.8350694444444444,0.8300258843830888,0.8288444830582102,0.6576850902711834,716,"all","MLP#716","MLP",716
450,424,152,125,0.782608695652174,0.7723132969034608,0.782608695652174,0.782608695652174,0.7646559048428208,0.7593397046046916,0.5186986641546918,717,"all","DT#717","DT",717
479,498,78,96,0.8645833333333334,0.8599640933572711,0.8645833333333334,0.8645833333333334,0.8512820512820513,0.8488271068635969,0.6976457693596746,717,"all","RF#717","RF",717
418,483,93,157,0.8385416666666666,0.8180039138943248,0.8385416666666666,0.8385416666666666,0.794407894736842,0.7827975673327541,0.5655528311914193,717,"all","NB#717","NB",717
450,495,81,125,0.859375,0.847457627118644,0.859375,0.859375,0.8277591973244146,0.8210251954821894,0.6420263423295027,717,"all","MLP#717","MLP",717
450,462,114,125,0.8020833333333334,0.7978723404255319,0.8020833333333334,0.8020833333333334,0.7944969905417024,0.792354474370113,0.5847017387064097,718,"all","DT#718","DT",718
474,505,71,101,0.8767361111111112,0.8697247706422019,0.8767361111111112,0.8767361111111112,0.8544839255499155,0.8505647263249348,0.7011156906260851,718,"all","RF#718","RF",718
492,396,180,83,0.8556521739130435,0.826722338204593,0.8556521739130435,0.8556521739130435,0.7890938251804329,0.7715030408340573,0.5430726478761412,718,"all","NB#718","NB",718
464,490,86,111,0.8506944444444444,0.8436363636363636,0.8506944444444444,0.8506944444444444,0.8326253186066271,0.8288444830582102,0.6576757878845065,718,"all","MLP#718","MLP",718
441,460,116,134,0.7986111111111112,0.7917414721723519,0.7986111111111112,0.7986111111111112,0.7863247863247864,0.7827975673327541,0.5655830019535554,719,"all","DT#719","DT",719
478,500,76,97,0.8680555555555556,0.8628158844765343,0.8680555555555556,0.8680555555555556,0.8525149190110827,0.8496959165942659,0.6993820758206405,719,"all","RF#719","RF",719
543,194,382,32,0.9443478260869566,0.8584070796460177,0.9443478260869566,0.9443478260869566,0.7240000000000001,0.6403127715030409,0.28100490380988324,719,"all","NB#719","NB",719
464,484,92,111,0.8402777777777778,0.8345323741007195,0.8402777777777778,0.8402777777777778,0.8266438941076003,0.8236316246741964,0.6472528650429286,719,"all","MLP#719","MLP",719
448,441,135,127,0.7791304347826087,0.7764084507042254,0.7791304347826087,0.7791304347826087,0.7737478411053541,0.7723718505647263,0.5447488556901487,720,"all","DT#720","DT",720
473,507,69,102,0.8802083333333334,0.8726937269372693,0.8802083333333334,0.8802083333333334,0.8556962025316456,0.8514335360556038,0.7028520442594512,720,"all","RF#720","RF",720
494,379,197,81,0.8591304347826086,0.8239130434782609,0.8591304347826086,0.8591304347826086,0.7804107424960506,0.7584708948740226,0.5170260039002833,720,"all","NB#720","NB",720
462,490,86,113,0.8506944444444444,0.843065693430657,0.8506944444444444,0.8506944444444444,0.8312128922815946,0.8271068635968722,0.6541993710492425,720,"all","MLP#720","MLP",720
445,443,133,130,0.7739130434782608,0.7731239092495636,0.7739130434782608,0.7739130434782608,0.7718993928881179,0.7715030408340573,0.5430078064259974,721,"all","DT#721","DT",721
469,515,61,106,0.8940972222222222,0.8849056603773585,0.8940972222222222,0.8940972222222222,0.860484544695071,0.8549087749782798,0.7097976160820104,721,"all","RF#721","RF",721
350,530,46,225,0.9201388888888888,0.8838383838383839,0.9201388888888888,0.9201388888888888,0.7963936889556724,0.7645525629887054,0.5289774863678439,721,"all","NB#721","NB",721
448,486,90,127,0.84375,0.8327137546468402,0.84375,0.84375,0.817493692178301,0.8114682884448305,0.622915229262504,721,"all","MLP#721","MLP",721
439,428,148,136,0.7634782608695653,0.7588652482269503,0.7634782608695653,0.7634782608695653,0.7555938037865748,0.7532580364900087,0.5065246402541016,722,"all","DT#722","DT",722
469,503,73,106,0.8732638888888888,0.8653136531365314,0.8732638888888888,0.8732638888888888,0.8489451476793249,0.8444830582102519,0.6889503855113555,722,"all","RF#722","RF",722
457,438,138,118,0.7947826086956522,0.7877697841726619,0.7947826086956522,0.7947826086956522,0.7811965811965813,0.7775847089487402,0.5551825126052956,722,"all","NB#722","NB",722
449,495,81,126,0.859375,0.8471698113207548,0.859375,0.859375,0.8270676691729324,0.8201563857515204,0.6402880630477613,722,"all","MLP#722","MLP",722
446,434,142,129,0.7756521739130435,0.7708703374777975,0.7756521739130435,0.7756521739130435,0.7669819432502151,0.7645525629887054,0.5291140119532678,723,"all","DT#723","DT",723
482,492,84,93,0.8541666666666666,0.8515901060070671,0.8541666666666666,0.8541666666666666,0.8475452196382429,0.8462206776715899,0.6924369443425409,723,"all","RF#723","RF",723
469,427,149,106,0.8156521739130435,0.801125703564728,0.8156521739130435,0.8156521739130435,0.7862531433361273,0.7784535186794093,0.5569354646362027,723,"all","NB#723","NB",723
468,469,107,107,0.8142361111111112,0.8142361111111112,0.8142361111111112,0.8142361111111112,0.8142361111111112,0.8140747176368376,0.628149154589372,723,"all","MLP#723","MLP",723
446,428,148,129,0.7756521739130435,0.7684021543985637,0.7756521739130435,0.7756521739130435,0.7630453378956373,0.7593397046046916,0.5186928515033536,724,"all","DT#724","DT",724
479,500,76,96,0.8680555555555556,0.863063063063063,0.8680555555555556,0.8680555555555556,0.8532423208191127,0.8505647263249348,0.701120202904677,724,"all","RF#724","RF",724
465,422,154,110,0.808695652173913,0.793233082706767,0.808695652173913,0.808695652173913,0.778894472361809,0.7706342311033884,0.5412985852389033,724,"all","NB#724","NB",724
472,468,108,103,0.8208695652173913,0.819614711033275,0.8208695652173913,0.8208695652173913,0.8173160173160172,0.8166811468288445,0.6333647843841759,724,"all","MLP#724","MLP",724
449,425,151,126,0.7808695652173913,0.7713248638838476,0.7808695652173913,0.7808695652173913,0.7642553191489361,0.7593397046046916,0.5186972110050194,725,"all","DT#725","DT",725
494,504,72,81,0.875,0.872791519434629,0.875,0.875,0.8682170542635659,0.8670721112076455,0.7341404095164336,725,"all","RF#725","RF",725
494,368,208,81,0.8591304347826086,0.8195991091314031,0.8591304347826086,0.8591304347826086,0.7736883320281911,0.7489139878366637,0.4979238581974772,725,"all","NB#725","NB",725
445,487,89,130,0.8454861111111112,0.8333333333333334,0.8454861111111112,0.8454861111111112,0.8164291701592624,0.8097306689834927,0.6194374953763745,725,"all","MLP#725","MLP",725
452,439,137,123,0.7860869565217391,0.7811387900355872,0.7860869565217391,0.7860869565217391,0.7766323024054982,0.7741094700260643,0.5482281473519582,726,"all","DT#726","DT",726
478,508,68,97,0.8819444444444444,0.8754578754578755,0.8819444444444444,0.8819444444444444,0.8602878916172735,0.8566463944396178,0.7132800198076306,726,"all","RF#726","RF",726
507,350,226,68,0.8817391304347826,0.8373205741626795,0.8817391304347826,0.8817391304347826,0.775229357798165,0.7445699391833188,0.4892613174997509,726,"all","NB#726","NB",726
459,491,85,116,0.8524305555555556,0.84375,0.8524305555555556,0.8524305555555556,0.8300929839391378,0.8253692441355344,0.6507218785903327,726,"all","MLP#726","MLP",726
452,438,138,123,0.7860869565217391,0.7807486631016043,0.7860869565217391,0.7860869565217391,0.7759656652360515,0.7732406602953953,0.5464912479336971,727,"all","DT#727","DT",727
481,489,87,94,0.8489583333333334,0.846830985915493,0.8489583333333334,0.8489583333333334,0.8438308886971528,0.8427454387489139,0.6854873164420516,727,"all","RF#727","RF",727
499,349,227,76,0.8678260869565217,0.8211764705882353,0.8678260869565217,0.8678260869565217,0.7671022290545734,0.736750651607298,0.4736208986176159,727,"all","NB#727","NB",727
470,473,103,105,0.8211805555555556,0.8202443280977313,0.8211805555555556,0.8211805555555556,0.8197573656845754,0.8192875760208514,0.6385737879643357,727,"all","MLP#727","MLP",727
444,432,144,131,0.7721739130434783,0.7673179396092362,0.7721739130434783,0.7721739130434783,0.763542562338779,0.7610773240660296,0.5221636652662314,728,"all","DT#728","DT",728
480,495,81,95,0.859375,0.8556149732620321,0.859375,0.859375,0.8490566037735848,0.8470894874022589,0.6941722802112363,728,"all","RF#728","RF",728
472,403,173,103,0.8208695652173913,0.7964426877470355,0.8208695652173913,0.8208695652173913,0.7737704918032786,0.7602085143353605,0.5204673419173698,728,"all","NB#728","NB",728
463,475,101,112,0.8246527777777778,0.8209219858156028,0.8246527777777778,0.8246527777777778,0.8168529664660361,0.8149435273675065,0.62988062905634,728,"all","MLP#728","MLP",728
457,458,118,118,0.7951388888888888,0.7951388888888888,0.7951388888888888,0.7951388888888888,0.7951388888888888,0.7949609035621199,0.589921497584541,729,"all","DT#729","DT",729
488,509,67,87,0.8836805555555556,0.8792792792792793,0.8836805555555556,0.8836805555555556,0.8686006825938566,0.8662033014769766,0.7323983212053504,729,"all","RF#729","RF",729
499,386,190,76,0.8678260869565217,0.8354978354978355,0.8678260869565217,0.8678260869565217,0.7895569620253164,0.7688966116420504,0.537872407224602,729,"all","NB#729","NB",729
459,485,91,116,0.8420138888888888,0.8345454545454546,0.8420138888888888,0.8420138888888888,0.8241291418861512,0.8201563857515204,0.6402989243253444,729,"all","MLP#729","MLP",729
450,425,151,125,0.782608695652174,0.7727272727272727,0.782608695652174,0.782608695652174,0.7653061224489796,0.7602085143353605,0.5204354901528623,730,"all","DT#730","DT",730
476,490,86,99,0.8506944444444444,0.8469750889679716,0.8506944444444444,0.8506944444444444,0.8412017167381974,0.8392701998262381,0.6785338480374766,730,"all","RF#730","RF",730
347,512,64,228,0.8888888888888888,0.8442822384428224,0.8888888888888888,0.8888888888888888,0.7781155015197568,0.7463075586446568,0.49248908244190887,730,"all","NB#730","NB",730
481,459,117,94,0.8365217391304348,0.8300180831826401,0.8365217391304348,0.8365217391304348,0.8201193520886616,0.8166811468288445,0.6333747469517214,730,"all","MLP#730","MLP",730
432,438,138,143,0.7604166666666666,0.7578947368421053,0.7604166666666666,0.7604166666666666,0.7571305099394987,0.7558644656820156,0.5117248771503407,731,"all","DT#731","DT",731
455,505,71,120,0.8767361111111112,0.8650190114068441,0.8767361111111112,0.8767361111111112,0.8409658617818485,0.8340573414422241,0.6680898798371256,731,"all","RF#731","RF",731
456,427,149,119,0.7930434782608695,0.782051282051282,0.7930434782608695,0.7930434782608695,0.7728813559322034,0.7671589921807124,0.5343387225820085,731,"all","NB#731","NB",731
463,484,92,112,0.8402777777777778,0.8342342342342343,0.8402777777777778,0.8402777777777778,0.825938566552901,0.8227628149435273,0.6455146592590355,731,"all","MLP#731","MLP",731
461,435,141,114,0.8017391304347826,0.7923497267759563,0.8017391304347826,0.8017391304347826,0.7833474936278676,0.7784535186794093,0.5569247630304925,732,"all","DT#732","DT",732
480,508,68,95,0.8819444444444444,0.8759124087591241,0.8819444444444444,0.8819444444444444,0.8617472434266328,0.8583840139009556,0.7167562687488771,732,"all","RF#732","RF",732
472,424,152,103,0.8208695652173913,0.8045540796963947,0.8208695652173913,0.8208695652173913,0.7873227689741451,0.7784535186794093,0.5569394776050686,732,"all","NB#732","NB",732
464,495,81,111,0.859375,0.8513761467889909,0.859375,0.859375,0.8375634517766497,0.8331885317115552,0.666361701164002,732,"all","MLP#732","MLP",732
448,451,125,127,0.7829861111111112,0.7818499127399651,0.7829861111111112,0.7829861111111112,0.7816291161178509,0.7810599478714162,0.5621182431106375,733,"all","DT#733","DT",733
473,514,62,102,0.8923611111111112,0.8841121495327103,0.8923611111111112,0.8923611111111112,0.8624161073825504,0.8575152041702867,0.715012983875838,733,"all","RF#733","RF",733
497,366,210,78,0.8643478260869565,0.8243243243243243,0.8643478260869565,0.8643478260869565,0.7753510140405616,0.7497827975673328,0.4996649218452846,733,"all","NB#733","NB",733
447,489,87,128,0.8489583333333334,0.8370786516853933,0.8489583333333334,0.8489583333333334,0.8197820620284996,0.8132059079061685,0.6263884087028333,733,"all","MLP#733","MLP",733
428,428,148,147,0.7443478260869565,0.7443478260869565,0.7443478260869565,0.7443478260869565,0.7437011294526499,0.7437011294526499,0.4874026458293391,734,"all","DT#734","DT",734
477,506,70,98,0.8784722222222222,0.8720292504570384,0.8784722222222222,0.8784722222222222,0.8576271186440678,0.8540399652476107,0.708067369997524,734,"all","RF#734","RF",734
490,407,169,85,0.8521739130434782,0.8272357723577236,0.8521739130434782,0.8521739130434782,0.7941653160453809,0.7793223284100782,0.558700285591803,734,"all","NB#734","NB",734
446,508,68,129,0.8819444444444444,0.867704280155642,0.8819444444444444,0.8819444444444444,0.8375927452596866,0.8288444830582102,0.6576571815943195,734,"all","MLP#734","MLP",734
448,429,147,127,0.7791304347826087,0.7715827338129496,0.7791304347826087,0.7791304347826087,0.7658119658119658,0.7619461337966985,0.5239062830228555,735,"all","DT#735","DT",735
476,485,91,99,0.8420138888888888,0.8395061728395061,0.8420138888888888,0.8420138888888888,0.8362068965517241,0.8349261511728931,0.6698480657978961,735,"all","RF#735","RF",735
477,407,169,98,0.8295652173913044,0.805940594059406,0.8295652173913044,0.8295652173913044,0.7813267813267813,0.7680278019113814,0.5361049766706769,735,"all","NB#735","NB",735
467,468,108,108,0.8125,0.8125,0.8125,0.8125,0.8125,0.8123370981754996,0.6246739130434783,735,"all","MLP#735","MLP",735
457,443,133,118,0.7947826086956522,0.7896613190730838,0.7947826086956522,0.7947826086956522,0.784549356223176,0.7819287576020851,0.563867062189111,736,"all","DT#736","DT",736
482,498,78,93,0.8645833333333334,0.8607142857142858,0.8645833333333334,0.8645833333333334,0.853470437017995,0.8514335360556038,0.7028601191150161,736,"all","RF#736","RF",736
472,421,155,103,0.8208695652173913,0.8034351145038168,0.8208695652173913,0.8208695652173913,0.7853577371048253,0.7758470894874022,0.551729030933562,736,"all","NB#736","NB",736
468,475,101,107,0.8246527777777778,0.8224956063268892,0.8246527777777778,0.8246527777777778,0.8203799654576855,0.8192875760208514,0.6385716054191313,736,"all","MLP#736","MLP",736
452,455,121,123,0.7899305555555556,0.7888307155322862,0.7899305555555556,0.7899305555555556,0.7885615251299827,0.788010425716768,0.5760192512658553,737,"all","DT#737","DT",737
466,514,62,109,0.8923611111111112,0.8825757575757576,0.8923611111111112,0.8923611111111112,0.8573811509591327,0.8514335360556038,0.7028457635128096,737,"all","RF#737","RF",737
509,340,236,66,0.8852173913043478,0.8374384236453202,0.8852173913043478,0.8852173913043478,0.7712121212121212,0.737619461337967,0.4753731681180856,737,"all","NB#737","NB",737
441,490,86,134,0.8506944444444444,0.8368121442125237,0.8506944444444444,0.8506944444444444,0.8166666666666667,0.8088618592528236,0.6176957267434838,737,"all","MLP#737","MLP",737
435,433,143,140,0.7565217391304347,0.7556719022687609,0.7565217391304347,0.7565217391304347,0.7545533391153512,0.7541268462206777,0.5082555483595336,738,"all","DT#738","DT",738
459,500,76,116,0.8680555555555556,0.8579439252336448,0.8680555555555556,0.8680555555555556,0.8389261744966443,0.8331885317115552,0.6663566640497615,738,"all","RF#738","RF",738
489,365,211,86,0.8504347826086956,0.8093126385809313,0.8504347826086956,0.8504347826086956,0.7670588235294118,0.7419635099913119,0.48402399909437377,738,"all","NB#738","NB",738
447,480,96,128,0.8333333333333334,0.8232044198895028,0.8333333333333334,0.8333333333333334,0.8108108108108109,0.8053866203301477,0.6107541427122084,738,"all","MLP#738","MLP",738
452,426,150,123,0.7860869565217391,0.7759562841530054,0.7860869565217391,0.7860869565217391,0.7680543755310112,0.7628149435273676,0.525648863950292,739,"all","DT#739","DT",739
480,500,76,95,0.8680555555555556,0.8633093525179856,0.8680555555555556,0.8680555555555556,0.8539709649871906,0.8514335360556038,0.7028583247405948,739,"all","RF#739","RF",739
368,515,61,207,0.8940972222222222,0.8578088578088578,0.8940972222222222,0.8940972222222222,0.7935285053929121,0.7671589921807124,0.5342149688790101,739,"all","NB#739","NB",739
461,482,94,114,0.8368055555555556,0.8306306306306306,0.8368055555555556,0.8368055555555556,0.8225255972696246,0.8192875760208514,0.6385639663033305,739,"all","MLP#739","MLP",739
453,438,138,122,0.7878260869565218,0.7821428571428571,0.7878260869565218,0.7878260869565218,0.7770154373927958,0.7741094700260643,0.5482295113644599,740,"all","DT#740","DT",740
475,507,69,100,0.8802083333333334,0.8731617647058824,0.8802083333333334,0.8802083333333334,0.8571428571428572,0.8531711555169418,0.7063283456804289,740,"all","RF#740","RF",740
439,467,109,136,0.8107638888888888,0.801094890510949,0.8107638888888888,0.8107638888888888,0.7921967769296013,0.787141615986099,0.5742655573219319,740,"all","NB#740","NB",740
464,482,94,111,0.8368055555555556,0.8315412186379928,0.8368055555555556,0.8368055555555556,0.8246364414029084,0.8218940052128584,0.6437785993903828,740,"all","MLP#740","MLP",740
434,440,136,141,0.7638888888888888,0.7614035087719299,0.7638888888888888,0.7638888888888888,0.7605877268798618,0.7593397046046916,0.5186754127069195,741,"all","DT#741","DT",741
475,519,57,100,0.9010416666666666,0.8928571428571429,0.9010416666666666,0.9010416666666666,0.8686192468619246,0.8635968722849696,0.7271758281410177,741,"all","RF#741","RF",741
409,497,79,166,0.8628472222222222,0.8381147540983607,0.8628472222222222,0.8628472222222222,0.8022598870056497,0.787141615986099,0.574226989353976,741,"all","NB#741","NB",741
446,490,86,129,0.8506944444444444,0.8383458646616542,0.8506944444444444,0.8506944444444444,0.8200836820083682,0.8132059079061685,0.6263872805752788,741,"all","MLP#741","MLP",741
429,412,164,146,0.7460869565217392,0.7383512544802867,0.7460869565217392,0.7460869565217392,0.7345890410958904,0.7306689834926151,0.461352197555018,742,"all","DT#742","DT",742
464,496,80,111,0.8611111111111112,0.8529411764705882,0.8611111111111112,0.8611111111111112,0.8385460693153001,0.8340573414422241,0.6680988995559876,742,"all","RF#742","RF",742
447,449,127,128,0.7795138888888888,0.7787456445993032,0.7795138888888888,0.7795138888888888,0.7788378143972245,0.7784535186794093,0.5569060339765007,742,"all","NB#742","NB",742
440,471,105,135,0.8177083333333334,0.8073394495412844,0.8177083333333334,0.8177083333333334,0.7969543147208122,0.7914856646394439,0.5829521264550024,742,"all","MLP#742","MLP",742
453,436,140,122,0.7878260869565218,0.7813620071684588,0.7878260869565218,0.7878260869565218,0.7756849315068494,0.7723718505647263,0.5447557282561766,743,"all","DT#743","DT",743
481,510,66,94,0.8854166666666666,0.8793418647166362,0.8854166666666666,0.8854166666666666,0.864406779661017,0.8609904430929627,0.7219689238071658,743,"all","RF#743","RF",743
513,365,211,62,0.8921739130434783,0.8548009367681498,0.8921739130434783,0.8921739130434783,0.7898383371824481,0.7628149435273676,0.5257362096992073,743,"all","NB#743","NB",743
472,468,108,103,0.8208695652173913,0.819614711033275,0.8208695652173913,0.8208695652173913,0.8173160173160172,0.8166811468288445,0.6333647843841759,743,"all","MLP#743","MLP",743
461,428,148,114,0.8017391304347826,0.7896678966789668,0.8017391304347826,0.8017391304347826,0.7787162162162161,0.7723718505647263,0.5447667239302331,744,"all","DT#744","DT",744
472,490,86,103,0.8506944444444444,0.8458781362007168,0.8506944444444444,0.8506944444444444,0.8383233532934132,0.8357949609035621,0.6715812452916212,744,"all","RF#744","RF",744
509,347,229,66,0.8852173913043478,0.8401937046004843,0.8852173913043478,0.8852173913043478,0.7753236862147753,0.7437011294526499,0.48752797847148116,744,"all","NB#744","NB",744
474,482,94,101,0.8368055555555556,0.8345070422535211,0.8368055555555556,0.8368055555555556,0.8317515099223469,0.8305821025195482,0.661160368542542,744,"all","MLP#744","MLP",744
461,436,140,114,0.8017391304347826,0.7927272727272727,0.8017391304347826,0.8017391304347826,0.7840136054421768,0.7793223284100782,0.5586616467348806,745,"all","DT#745","DT",745
462,511,65,113,0.8871527777777778,0.8766603415559773,0.8871527777777778,0.8871527777777778,0.8516666666666668,0.845351867940921,0.6906810880015462,745,"all","RF#745","RF",745
237,557,19,338,0.9670138888888888,0.92578125,0.9670138888888888,0.9670138888888888,0.7573079537729435,0.6898349261511729,0.379370499984141,745,"all","NB#745","NB",745
454,488,88,121,0.8472222222222222,0.8376383763837638,0.8472222222222222,0.8472222222222222,0.8236286919831223,0.8184187662901824,0.636819165205996,745,"all","MLP#745","MLP",745
447,457,119,128,0.7934027777777778,0.7897526501766784,0.7934027777777778,0.7934027777777778,0.7872523686477175,0.7854039965247611,0.5708018375853537,746,"all","DT#746","DT",746
481,506,70,94,0.8784722222222222,0.8729582577132486,0.8784722222222222,0.8784722222222222,0.8605442176870748,0.8575152041702867,0.7150198678696088,746,"all","RF#746","RF",746
493,390,186,82,0.8573913043478261,0.826271186440678,0.8573913043478261,0.8573913043478261,0.7862838915470495,0.7671589921807124,0.5343907357540482,746,"all","NB#746","NB",746
458,494,82,117,0.8576388888888888,0.8481481481481481,0.8576388888888888,0.8576388888888888,0.8323504633529907,0.8271068635968722,0.6541951944924624,746,"all","MLP#746","MLP",746
450,431,145,125,0.782608695652174,0.7751798561151079,0.782608695652174,0.782608695652174,0.7692307692307693,0.7654213727193745,0.5308565562633979,747,"all","DT#747","DT",747
476,510,66,99,0.8854166666666666,0.8782287822878229,0.8854166666666666,0.8854166666666666,0.8607594936708861,0.8566463944396178,0.7132782883205233,747,"all","RF#747","RF",747
544,176,400,31,0.9460869565217391,0.8502415458937198,0.9460869565217391,0.9460869565217391,0.7162606978275181,0.6255430060816681,0.2515024088332436,747,"all","NB#747","NB",747
468,492,84,107,0.8541666666666666,0.8478260869565217,0.8541666666666666,0.8541666666666666,0.8374468085106382,0.8340573414422241,0.6681029081625719,747,"all","MLP#747","MLP",747
439,439,137,136,0.7634782608695653,0.7634782608695653,0.7634782608695653,0.7634782608695653,0.7628149435273676,0.7628149435273676,0.5256302451234224,748,"all","DT#748","DT",748
461,514,62,114,0.8923611111111112,0.8814531548757171,0.8923611111111112,0.8923611111111112,0.8538205980066446,0.8470894874022589,0.6941547343692439,748,"all","RF#748","RF",748
532,207,369,43,0.9252173913043479,0.828,0.9252173913043479,0.9252173913043479,0.7208672086720868,0.6420503909643788,0.28445239812531875,748,"all","NB#748","NB",748
450,478,98,125,0.8298611111111112,0.8211678832116789,0.8298611111111112,0.8298611111111112,0.8108566581849025,0.8062554300608167,0.6124947725828196,748,"all","MLP#748","MLP",748
441,449,127,134,0.7795138888888888,0.7764084507042254,0.7795138888888888,0.7795138888888888,0.7748058671268334,0.7732406602953953,0.5464761855877099,749,"all","DT#749","DT",749
487,503,73,88,0.8732638888888888,0.8696428571428572,0.8732638888888888,0.8732638888888888,0.8620394173093401,0.8601216333622936,0.7202367203363602,749,"all","RF#749","RF",749
502,363,213,73,0.8730434782608696,0.8325688073394495,0.8730434782608696,0.8730434782608696,0.7782945736434109,0.7515204170286707,0.5031454704621607,749,"all","NB#749","NB",749
464,500,76,111,0.8680555555555556,0.8592592592592593,0.8680555555555556,0.8680555555555556,0.8424599831508004,0.8375325803649001,0.6750477455783442,749,"all","MLP#749","MLP",749
448,454,122,127,0.7881944444444444,0.7859649122807018,0.7881944444444444,0.7881944444444444,0.7847882454624028,0.7836663770634231,0.567329161602971,750,"all","DT#750","DT",750
470,506,70,105,0.8784722222222222,0.8703703703703703,0.8784722222222222,0.8784722222222222,0.85256950294861,0.8479582971329279,0.6959002966642259,750,"all","RF#750","RF",750
464,449,127,111,0.8069565217391305,0.8017857142857143,0.8069565217391305,0.8069565217391305,0.7958833619210978,0.7932232841007819,0.5864562450182362,750,"all","NB#750","NB",750
484,496,80,91,0.8611111111111112,0.8581560283687943,0.8611111111111112,0.8611111111111112,0.8529664660361135,0.8514335360556038,0.7028619134677658,750,"all","MLP#750","MLP",750
437,452,124,138,0.7847222222222222,0.7789661319073083,0.7847222222222222,0.7847222222222222,0.7753001715265866,0.7723718505647263,0.5447337353144541,751,"all","DT#751","DT",751
472,516,60,103,0.8958333333333334,0.8872180451127819,0.8958333333333334,0.8958333333333334,0.8635983263598326,0.8583840139009556,0.7167494266686997,751,"all","RF#751","RF",751
349,528,48,226,0.9166666666666666,0.8790931989924433,0.9166666666666666,0.9166666666666666,0.7939849624060149,0.7619461337966985,0.5237639341489712,751,"all","NB#751","NB",751
452,496,80,123,0.8611111111111112,0.849624060150376,0.8611111111111112,0.8611111111111112,0.8301255230125523,0.8236316246741964,0.6472400835199145,751,"all","MLP#751","MLP",751
460,426,150,115,0.8,0.7874306839186691,0.8,0.8,0.7763713080168777,0.7697654213727194,0.5395548242469073,752,"all","DT#752","DT",752
469,502,74,106,0.8715277777777778,0.8637200736648251,0.8715277777777778,0.8715277777777778,0.847972972972973,0.843614248479583,0.6872131503937389,752,"all","RF#752","RF",752
426,465,111,149,0.8072916666666666,0.7932960893854749,0.8072916666666666,0.8072916666666666,0.7815126050420167,0.7741094700260643,0.5481926801356359,752,"all","NB#752","NB",752
462,476,100,113,0.8263888888888888,0.8220640569395018,0.8263888888888888,0.8263888888888888,0.8171673819742489,0.8149435273675065,0.6298795115242298,752,"all","MLP#752","MLP",752
444,438,138,131,0.7721739130434783,0.7697715289982425,0.7721739130434783,0.7721739130434783,0.7675021607605877,0.7662901824500434,0.5325849515479153,753,"all","DT#753","DT",753
479,517,59,96,0.8975694444444444,0.8903345724907064,0.8975694444444444,0.8975694444444444,0.8696383515559294,0.8653344917463076,0.730653735187503,753,"all","RF#753","RF",753
464,437,139,111,0.8069565217391305,0.7974452554744526,0.8069565217391305,0.8069565217391305,0.7877758913412564,0.7827975673327541,0.5656131685254849,753,"all","NB#753","NB",753
464,506,70,111,0.8784722222222222,0.8689138576779026,0.8784722222222222,0.8784722222222222,0.8482816429170159,0.8427454387489139,0.685471171977734,753,"all","MLP#753","MLP",753
448,458,118,127,0.7951388888888888,0.7915194346289752,0.7951388888888888,0.7951388888888888,0.7889750215331611,0.787141615986099,0.5742771263498446,754,"all","DT#754","DT",754
479,496,80,96,0.8611111111111112,0.8568872987477638,0.8611111111111112,0.8611111111111112,0.8493150684931507,0.8470894874022589,0.6941713567960578,754,"all","RF#754","RF",754
505,373,203,70,0.8782608695652174,0.8419864559819413,0.8782608695652174,0.8782608695652174,0.7872174590802806,0.7628149435273676,0.5257247563517592,754,"all","NB#754","NB",754
463,487,89,112,0.8454861111111112,0.8387681159420289,0.8454861111111112,0.8454861111111112,0.8289361702127661,0.8253692441355344,0.6507260970716073,754,"all","MLP#754","MLP",754
429,459,117,146,0.796875,0.7857142857142857,0.796875,0.796875,0.777307366638442,0.7715030408340573,0.5429857285418594,755,"all","DT#755","DT",755
474,513,63,101,0.890625,0.88268156424581,0.890625,0.890625,0.8621848739495798,0.8575152041702867,0.7150138443932472,755,"all","RF#755","RF",755
534,280,296,41,0.928695652173913,0.8722741433021807,0.928695652173913,0.928695652173913,0.7601423487544484,0.7072111207645526,0.41464713915989476,755,"all","NB#755","NB",755
459,492,84,116,0.8541666666666666,0.8453038674033149,0.8541666666666666,0.8541666666666666,0.831081081081081,0.8262380538662033,0.6524590559930431,755,"all","MLP#755","MLP",755
435,455,121,140,0.7899305555555556,0.7823741007194245,0.7899305555555556,0.7899305555555556,0.7771135781383434,0.7732406602953953,0.546467969340908,756,"all","DT#756","DT",756
469,507,69,106,0.8802083333333334,0.8717472118959108,0.8802083333333334,0.8802083333333334,0.8528174936921783,0.8479582971329279,0.6958993784375034,756,"all","RF#756","RF",756
498,352,224,77,0.8660869565217392,0.8205128205128205,0.8660869565217392,0.8660869565217392,0.7679259830377795,0.738488271068636,0.4770921911954926,756,"all","NB#756","NB",756
457,502,74,118,0.8715277777777778,0.8606403013182674,0.8715277777777778,0.8715277777777778,0.8394648829431439,0.8331885317115552,0.6663546491614781,756,"all","MLP#756","MLP",756
441,454,122,134,0.7881944444444444,0.783303730017762,0.7881944444444444,0.7881944444444444,0.7800687285223368,0.7775847089487402,0.5551610234484924,757,"all","DT#757","DT",757
476,501,75,99,0.8697916666666666,0.8638838475499092,0.8697916666666666,0.8697916666666666,0.8520408163265306,0.8488271068635969,0.697643030544585,757,"all","RF#757","RF",757
356,510,66,219,0.8854166666666666,0.8436018957345972,0.8854166666666666,0.8854166666666666,0.7816091954022988,0.7523892267593397,0.5046636677855846,757,"all","NB#757","NB",757
462,480,96,113,0.8333333333333334,0.8279569892473119,0.8333333333333334,0.8333333333333334,0.8212147134302823,0.8184187662901824,0.6368279379150732,757,"all","MLP#757","MLP",757
438,452,124,137,0.7847222222222222,0.7793594306049823,0.7847222222222222,0.7847222222222222,0.7759656652360515,0.7732406602953953,0.546472077501521,758,"all","DT#758","DT",758
476,502,74,99,0.8715277777777778,0.8654545454545455,0.8715277777777778,0.8715277777777778,0.8530161427357689,0.8496959165942659,0.6993802604264957,758,"all","RF#758","RF",758
455,421,155,120,0.7913043478260869,0.7781885397412199,0.7913043478260869,0.7913043478260869,0.7679324894514769,0.7610773240660296,0.5221795345958472,758,"all","NB#758","NB",758
461,488,88,114,0.8472222222222222,0.8397085610200364,0.8472222222222222,0.8472222222222222,0.8285229202037351,0.8245004344048653,0.6489868261737326,758,"all","MLP#758","MLP",758
445,435,141,130,0.7739130434782608,0.7699115044247787,0.7739130434782608,0.7739130434782608,0.7665805340223945,0.7645525629887054,0.5291125902196672,759,"all","DT#759","DT",759
483,503,73,92,0.8732638888888888,0.8687050359712231,0.8732638888888888,0.8732638888888888,0.8590947907771135,0.8566463944396178,0.7132843484339075,759,"all","RF#759","RF",759
527,308,268,48,0.9165217391304348,0.8651685393258427,0.9165217391304348,0.9165217391304348,0.7693430656934307,0.7254561251086012,0.45109414143853194,759,"all","NB#759","NB",759
479,467,109,96,0.8330434782608696,0.8294849023090586,0.8330434782608696,0.8330434782608696,0.823731728288908,0.8218940052128584,0.6437947322893723,759,"all","MLP#759","MLP",759
464,448,128,111,0.8069565217391305,0.8014311270125224,0.8069565217391305,0.8069565217391305,0.7952013710368466,0.792354474370113,0.5847192931340832,760,"all","DT#760","DT",760
483,513,63,92,0.890625,0.8846153846153846,0.890625,0.890625,0.8687552921253174,0.8653344917463076,0.7306569883041378,760,"all","RF#760","RF",760
481,410,166,94,0.8365217391304348,0.8134920634920635,0.8365217391304348,0.8365217391304348,0.7872340425531915,0.7741094700260643,0.5482677003707328,760,"all","NB#760","NB",760
480,492,84,95,0.8541666666666666,0.851063829787234,0.8541666666666666,0.8541666666666666,0.8460877042132415,0.8444830582102519,0.6889607164370182,760,"all","MLP#760","MLP",760
452,449,127,123,0.7860869565217391,0.784965034965035,0.7860869565217391,0.7860869565217391,0.7833622183708839,0.7827975673327541,0.5655974299672102,761,"all","DT#761","DT",761
464,506,70,111,0.8784722222222222,0.8689138576779026,0.8784722222222222,0.8784722222222222,0.8482816429170159,0.8427454387489139,0.685471171977734,761,"all","RF#761","RF",761
466,406,170,109,0.8104347826086956,0.7883495145631068,0.8104347826086956,0.8104347826086956,0.769611890999174,0.7576020851433536,0.5152484448141098,761,"all","NB#761","NB",761
474,496,80,101,0.8611111111111112,0.855595667870036,0.8611111111111112,0.8611111111111112,0.845694799658994,0.8427454387489139,0.6854806689221729,761,"all","MLP#761","MLP",761
443,455,121,132,0.7899305555555556,0.7854609929078015,0.7899305555555556,0.7899305555555556,0.7824591573516767,0.7801911381407471,0.560374643902601,762,"all","DT#762","DT",762
468,486,90,107,0.84375,0.8387096774193549,0.84375,0.84375,0.8314798973481609,0.8288444830582102,0.657679922341002,762,"all","RF#762","RF",762
481,392,184,94,0.8365217391304348,0.8065843621399177,0.8365217391304348,0.8365217391304348,0.7758064516129033,0.7584708948740226,0.5170070491630063,762,"all","NB#762","NB",762
458,477,99,117,0.828125,0.822262118491921,0.828125,0.828125,0.8153846153846153,0.8123370981754996,0.624663713687872,762,"all","MLP#762","MLP",762
445,425,151,130,0.7739130434782608,0.7657657657657657,0.7739130434782608,0.7739130434782608,0.7600341588385995,0.7558644656820156,0.5117440419310377,763,"all","DT#763","DT",763
470,500,76,105,0.8680555555555556,0.8608058608058609,0.8680555555555556,0.8680555555555556,0.846740050804403,0.8427454387489139,0.6854768702132188,763,"all","RF#763","RF",763
428,468,108,147,0.8125,0.7985074626865671,0.8125,0.8125,0.7858942065491183,0.7784535186794093,0.5568806134419148,763,"all","NB#763","NB",763
442,494,82,133,0.8576388888888888,0.8435114503816794,0.8576388888888888,0.8576388888888888,0.8212801330008311,0.8132059079061685,0.626382767996932,763,"all","MLP#763","MLP",763
429,421,155,146,0.7460869565217392,0.7425044091710759,0.7460869565217392,0.7460869565217392,0.7402933563416738,0.738488271068636,0.47698325354878934,764,"all","DT#764","DT",764
464,508,68,111,0.8819444444444444,0.8721804511278195,0.8819444444444444,0.8819444444444444,0.8502092050209205,0.8444830582102519,0.6889456894091857,764,"all","RF#764","RF",764
339,531,45,236,0.921875,0.8828125,0.921875,0.921875,0.7907669396872673,0.7558644656820156,0.5115877313657772,764,"all","NB#764","NB",764
457,486,90,118,0.84375,0.8354661791590493,0.84375,0.84375,0.823728813559322,0.8192875760208514,0.6385596009493155,764,"all","MLP#764","MLP",764
453,443,133,122,0.7878260869565218,0.784070796460177,0.7878260869565218,0.7878260869565218,0.7803617571059431,0.7784535186794093,0.556914060907805,765,"all","DT#765","DT",765
467,506,70,108,0.8784722222222222,0.8696461824953445,0.8784722222222222,0.8784722222222222,0.850420168067227,0.845351867940921,0.6906857579390123,765,"all","RF#765","RF",765
205,562,14,370,0.9756944444444444,0.9360730593607306,0.9756944444444444,0.9756944444444444,0.7453580901856762,0.6663770634231103,0.33239482572155316,765,"all","NB#765","NB",765
462,489,87,113,0.8489583333333334,0.8415300546448088,0.8489583333333334,0.8489583333333334,0.830220713073005,0.8262380538662033,0.6524622041324086,765,"all","MLP#765","MLP",765
434,444,132,141,0.7708333333333334,0.7667844522968198,0.7708333333333334,0.7708333333333334,0.7648578811369509,0.7628149435273676,0.5256230836469699,766,"all","DT#766","DT",766
460,498,78,115,0.8645833333333334,0.8550185873605948,0.8645833333333334,0.8645833333333334,0.8376787216148023,0.8323197219808862,0.6646204573625037,766,"all","RF#766","RF",766
503,278,298,72,0.8747826086956522,0.7942857142857143,0.8747826086956522,0.8747826086956522,0.7311046511627906,0.6785403996524761,0.3572995928321558,766,"all","NB#766","NB",766
462,486,90,113,0.84375,0.8369565217391305,0.84375,0.84375,0.8272340425531916,0.8236316246741964,0.6472507348534143,766,"all","MLP#766","MLP",766
451,443,133,124,0.7843478260869565,0.781305114638448,0.7843478260869565,0.7843478260869565,0.7782571182053494,0.7767158992180713,0.5534375287775377,767,"all","DT#767","DT",767
465,498,78,110,0.8645833333333334,0.856353591160221,0.8645833333333334,0.8645833333333334,0.8412162162162162,0.8366637706342311,0.6733115126334606,767,"all","RF#767","RF",767
352,531,45,223,0.921875,0.8866498740554156,0.921875,0.921875,0.7984962406015038,0.7671589921807124,0.5341924611384097,767,"all","NB#767","NB",767
457,492,84,118,0.8541666666666666,0.844731977818854,0.8541666666666666,0.8541666666666666,0.8296795952782462,0.8245004344048653,0.6489825866665861,767,"all","MLP#767","MLP",767
448,459,117,127,0.796875,0.7929203539823009,0.796875,0.796875,0.7900172117039588,0.788010425716768,0.5760141306481077,768,"all","DT#768","DT",768
471,502,74,104,0.8715277777777778,0.8642201834862385,0.8715277777777778,0.8715277777777778,0.8494077834179358,0.845351867940921,0.6906894937874603,768,"all","RF#768","RF",768
404,499,77,171,0.8663194444444444,0.83991683991684,0.8663194444444444,0.8663194444444444,0.8009630818619583,0.7845351867940921,0.569008887130722,768,"all","NB#768","NB",768
458,490,86,117,0.8506944444444444,0.8419117647058824,0.8506944444444444,0.8506944444444444,0.8284023668639053,0.8236316246741964,0.6472464743972016,768,"all","MLP#768","MLP",768
431,443,133,144,0.7690972222222222,0.7641843971631206,0.7690972222222222,0.7690972222222222,0.7618228718830612,0.7593397046046916,0.5186710528103577,769,"all","DT#769","DT",769
475,513,63,100,0.890625,0.8828996282527881,0.890625,0.890625,0.8629100084104289,0.8583840139009556,0.716751992487503,769,"all","RF#769","RF",769
439,448,128,136,0.7777777777777778,0.7742504409171076,0.7777777777777778,0.7777777777777778,0.7724137931034483,0.7706342311033884,0.5412625756349714,769,"all","NB#769","NB",769
472,475,101,103,0.8246527777777778,0.8237347294938918,0.8246527777777778,0.8246527777777778,0.8232235701906413,0.8227628149435273,0.6455242920419445,769,"all","MLP#769","MLP",769
452,427,149,123,0.7860869565217391,0.7763636363636364,0.7860869565217391,0.7860869565217391,0.7687074829931974,0.7636837532580365,0.527385700440502,770,"all","DT#770","DT",770
490,485,91,85,0.8521739130434782,0.8508771929824561,0.8521739130434782,0.8521739130434782,0.8477508650519031,0.8470894874022589,0.694181514056334,770,"all","RF#770","RF",770
435,474,102,140,0.8229166666666666,0.8100558659217877,0.8229166666666666,0.8229166666666666,0.7966386554621849,0.789748045178106,0.5794716484339381,770,"all","NB#770","NB",770
470,480,96,105,0.8333333333333334,0.8303886925795053,0.8333333333333334,0.8333333333333334,0.82687338501292,0.8253692441355344,0.6507334791686482,770,"all","MLP#770","MLP",770
436,411,165,139,0.7582608695652174,0.7472727272727273,0.7582608695652174,0.7582608695652174,0.7414965986394558,0.735881841876629,0.47178401813938453,771,"all","DT#771","DT",771
475,503,73,100,0.8732638888888888,0.8667883211678832,0.8732638888888888,0.8732638888888888,0.8532654792196778,0.8496959165942659,0.699379352721201,771,"all","RF#771","RF",771
381,494,82,194,0.8576388888888888,0.8228941684665226,0.8576388888888888,0.8576388888888888,0.7816455696202531,0.7602085143353605,0.5203355639842485,771,"all","NB#771","NB",771
464,476,100,111,0.8263888888888888,0.8226950354609929,0.8263888888888888,0.8263888888888888,0.8185726569217541,0.8166811468288445,0.6333559283140271,771,"all","MLP#771","MLP",771
439,430,146,136,0.7634782608695653,0.7597173144876325,0.7634782608695653,0.7634782608695653,0.7568965517241381,0.7549956559513467,0.5099983393970502,772,"all","DT#772","DT",772
477,500,76,98,0.8680555555555556,0.8625678119349005,0.8680555555555556,0.8680555555555556,0.8517887563884157,0.8488271068635969,0.6976439434884613,772,"all","RF#772","RF",772
489,386,190,86,0.8504347826086956,0.8177966101694916,0.8504347826086956,0.8504347826086956,0.7799043062200957,0.7602085143353605,0.5204919517467064,772,"all","NB#772","NB",772
462,476,100,113,0.8263888888888888,0.8220640569395018,0.8263888888888888,0.8263888888888888,0.8171673819742489,0.8149435273675065,0.6298795115242298,772,"all","MLP#772","MLP",772
447,447,129,128,0.7773913043478261,0.7773913043478261,0.7773913043478261,0.7773913043478261,0.7767158992180712,0.7767158992180713,0.5534321355191192,773,"all","DT#773","DT",773
480,515,61,95,0.8940972222222222,0.8872458410351202,0.8940972222222222,0.8940972222222222,0.8684654300168635,0.8644656820156386,0.7289172451484527,773,"all","RF#773","RF",773
502,376,200,73,0.8730434782608696,0.8374164810690423,0.8730434782608696,0.8730434782608696,0.7862176977290525,0.7628149435273676,0.5257204612038454,773,"all","NB#773","NB",773
461,494,82,114,0.8576388888888888,0.848987108655617,0.8576388888888888,0.8576388888888888,0.8344594594594594,0.8297132927888793,0.6594098748731824,773,"all","MLP#773","MLP",773
468,442,134,107,0.8139130434782609,0.8051001821493625,0.8139130434782609,0.8139130434782609,0.7952421410365336,0.790616854908775,0.5812504623150928,774,"all","DT#774","DT",774
482,481,95,93,0.8382608695652174,0.837979094076655,0.8382608695652174,0.8382608695652174,0.8368055555555556,0.8366637706342311,0.6733282810136443,774,"all","RF#774","RF",774
270,543,33,305,0.9427083333333334,0.8910891089108911,0.9427083333333334,0.9427083333333334,0.7626404494382023,0.7063423110338836,0.4124429113404054,774,"all","NB#774","NB",774
465,472,104,110,0.8194444444444444,0.8172231985940246,0.8194444444444444,0.8194444444444444,0.8151986183074266,0.8140747176368376,0.6281457863446832,774,"all","MLP#774","MLP",774
449,425,151,126,0.7808695652173913,0.7713248638838476,0.7808695652173913,0.7808695652173913,0.7642553191489361,0.7593397046046916,0.5186972110050194,775,"all","DT#775","DT",775
481,491,85,94,0.8524305555555556,0.8498233215547704,0.8524305555555556,0.8524305555555556,0.8458225667527994,0.8444830582102519,0.6889616555780498,775,"all","RF#775","RF",775
548,124,452,27,0.9530434782608695,0.8211920529801324,0.9530434782608695,0.9530434782608695,0.6958730158730159,0.5838401390095569,0.16821332931014968,775,"all","NB#775","NB",775
468,477,99,107,0.828125,0.8253968253968254,0.828125,0.828125,0.8224137931034484,0.8210251954821894,0.6420457976545612,775,"all","MLP#775","MLP",775
448,445,131,127,0.7791304347826087,0.777972027972028,0.7791304347826087,0.7791304347826087,0.7764298093587522,0.7758470894874022,0.551696547726161,776,"all","DT#776","DT",776
471,502,74,104,0.8715277777777778,0.8642201834862385,0.8715277777777778,0.8715277777777778,0.8494077834179358,0.845351867940921,0.6906894937874603,776,"all","RF#776","RF",776
488,410,166,87,0.8486956521739131,0.8249496981891348,0.8486956521739131,0.8486956521739131,0.7941415785191213,0.7801911381407471,0.5604343684856424,776,"all","NB#776","NB",776
461,482,94,114,0.8368055555555556,0.8306306306306306,0.8368055555555556,0.8368055555555556,0.8225255972696246,0.8192875760208514,0.6385639663033305,776,"all","MLP#776","MLP",776
421,457,119,154,0.7934027777777778,0.7796296296296297,0.7934027777777778,0.7934027777777778,0.7700084245998314,0.7628149435273676,0.5256044627961924,777,"all","DT#777","DT",777
471,499,77,104,0.8663194444444444,0.8594890510948905,0.8663194444444444,0.8663194444444444,0.8464800678541137,0.8427454387489139,0.6854778198990598,777,"all","RF#777","RF",777
453,459,117,122,0.796875,0.7947368421052632,0.796875,0.796875,0.7934312878133103,0.792354474370113,0.5847055004944179,777,"all","NB#777","NB",777
455,503,73,120,0.8732638888888888,0.8617424242424242,0.8732638888888888,0.8732638888888888,0.8390325271059215,0.8323197219808862,0.6646153939062706,777,"all","MLP#777","MLP",777
435,426,150,140,0.7565217391304347,0.7526501766784452,0.7565217391304347,0.7565217391304347,0.7499999999999999,0.7480451781059948,0.49609758306788854,778,"all","DT#778","DT",778
470,496,80,105,0.8611111111111112,0.8545454545454545,0.8611111111111112,0.8611111111111112,0.8428207306711979,0.8392701998262381,0.6785280241555011,778,"all","RF#778","RF",778
491,376,200,84,0.8539130434782609,0.8173913043478261,0.8539130434782609,0.8539130434782609,0.7756714060031596,0.7532580364900087,0.5066021047038863,778,"all","NB#778","NB",778
468,478,98,107,0.8298611111111112,0.8268551236749117,0.8298611111111112,0.8298611111111112,0.8234280792420327,0.8218940052128584,0.643782901639666,778,"all","MLP#778","MLP",778
454,436,140,121,0.7895652173913044,0.7827648114901257,0.7895652173913044,0.7895652173913044,0.7767322497861421,0.7732406602953953,0.5464939864345678,779,"all","DT#779","DT",779
479,496,80,96,0.8611111111111112,0.8568872987477638,0.8611111111111112,0.8611111111111112,0.8493150684931507,0.8470894874022589,0.6941713567960578,779,"all","RF#779","RF",779
381,503,73,194,0.8732638888888888,0.8392070484581498,0.8732638888888888,0.8732638888888888,0.7902592301649647,0.7680278019113814,0.5359704897784772,779,"all","NB#779","NB",779
445,474,102,130,0.8229166666666666,0.8135283363802559,0.8229166666666666,0.8229166666666666,0.8033898305084746,0.7984361424847958,0.5968549395203903,779,"all","MLP#779","MLP",779
453,441,135,122,0.7878260869565218,0.783303730017762,0.7878260869565218,0.7878260869565218,0.7790197764402409,0.7767158992180713,0.5534402253578962,780,"all","DT#780","DT",780
483,513,63,92,0.890625,0.8846153846153846,0.890625,0.890625,0.8687552921253174,0.8653344917463076,0.7306569883041378,780,"all","RF#780","RF",780
501,374,202,74,0.871304347826087,0.8348214285714286,0.871304347826087,0.871304347826087,0.784037558685446,0.7602085143353605,0.52050932187017,780,"all","NB#780","NB",780
477,485,91,98,0.8420138888888888,0.8397887323943662,0.8420138888888888,0.8420138888888888,0.8369283865401207,0.8357949609035621,0.6715862033566176,780,"all","MLP#780","MLP",780
447,453,123,128,0.7864583333333334,0.7842105263157895,0.7864583333333334,0.7864583333333334,0.7830596369922213,0.7819287576020851,0.5638538938246815,781,"all","DT#781","DT",781
479,516,60,96,0.8958333333333334,0.8886827458256029,0.8958333333333334,0.8958333333333334,0.8686868686868686,0.8644656820156386,0.7289164266173886,781,"all","RF#781","RF",781
373,509,67,202,0.8836805555555556,0.8477272727272728,0.8836805555555556,0.8836805555555556,0.790986790986791,0.7662901824500434,0.5324847304326817,781,"all","NB#781","NB",781
459,494,82,116,0.8576388888888888,0.8484288354898336,0.8576388888888888,0.8576388888888888,0.8330522765598651,0.8279756733275413,0.6559334265345746,781,"all","MLP#781","MLP",781
439,459,117,136,0.796875,0.789568345323741,0.796875,0.796875,0.7839453458582408,0.7801911381407471,0.5603693342653246,782,"all","DT#782","DT",782
464,512,64,111,0.8888888888888888,0.8787878787878788,0.8888888888888888,0.8888888888888888,0.8540450375312759,0.8479582971329279,0.6958947872207116,782,"all","RF#782","RF",782
362,508,68,213,0.8819444444444444,0.8418604651162791,0.8819444444444444,0.8819444444444444,0.7833461835003855,0.7558644656820156,0.5116216563106356,782,"all","NB#782","NB",782
454,486,90,121,0.84375,0.8345588235294118,0.84375,0.84375,0.8216398985629754,0.8166811468288445,0.6333448576246776,782,"all","MLP#782","MLP",782
454,441,135,121,0.7895652173913044,0.7846975088967971,0.7895652173913044,0.7895652173913044,0.7800687285223367,0.7775847089487402,0.5551784835465433,783,"all","DT#783","DT",783
483,478,98,92,0.84,0.8385964912280702,0.84,0.84,0.8356401384083044,0.8349261511728931,0.6698550435835424,783,"all","RF#783","RF",783
513,318,258,62,0.8921739130434783,0.8368421052631579,0.8921739130434783,0.8921739130434783,0.762258543833581,0.7219808861859253,0.4441258323322206,783,"all","NB#783","NB",783
463,473,103,112,0.8211805555555556,0.8180212014134276,0.8211805555555556,0.8211805555555556,0.8148148148148149,0.8132059079061685,0.6264064578172106,783,"all","MLP#783","MLP",783
447,450,126,128,0.78125,0.7801047120418848,0.78125,0.78125,0.779896013864818,0.7793223284100782,0.558642991071833,784,"all","DT#784","DT",784
475,523,53,100,0.9079861111111112,0.8996212121212122,0.9079861111111112,0.9079861111111112,0.872393661384487,0.8670721112076455,0.7341251568272507,784,"all","RF#784","RF",784
401,515,61,174,0.8940972222222222,0.8679653679653679,0.8940972222222222,0.8940972222222222,0.8142292490118577,0.7958297132927888,0.5915894468712204,784,"all","NB#784","NB",784
458,496,80,117,0.8611111111111112,0.8513011152416357,0.8611111111111112,0.8611111111111112,0.8343145500420521,0.8288444830582102,0.6576695860125037,784,"all","MLP#784","MLP",784
437,466,110,138,0.8090277777777778,0.7989031078610603,0.8090277777777778,0.8090277777777778,0.7898305084745763,0.7845351867940921,0.5690518319011069,785,"all","DT#785","DT",785
478,509,67,97,0.8836805555555556,0.8770642201834863,0.8836805555555556,0.8836805555555556,0.8612521150592217,0.8575152041702867,0.7150172864109183,785,"all","RF#785","RF",785
510,345,231,65,0.8869565217391304,0.8414634146341463,0.8869565217391304,0.8869565217391304,0.7750759878419453,0.7428323197219809,0.48579311344077436,785,"all","NB#785","NB",785
468,497,79,107,0.8628472222222222,0.8555758683729433,0.8628472222222222,0.8628472222222222,0.8423728813559321,0.838401390095569,0.6767888739258301,785,"all","MLP#785","MLP",785
442,436,140,133,0.768695652173913,0.7662565905096661,0.768695652173913,0.768695652173913,0.7640449438202246,0.7628149435273676,0.5256345419055052,786,"all","DT#786","DT",786
475,502,74,100,0.8715277777777778,0.8652094717668488,0.8715277777777778,0.8715277777777778,0.8522920203735146,0.8488271068635969,0.6976421175951955,786,"all","RF#786","RF",786
445,463,113,130,0.8038194444444444,0.7974910394265233,0.8038194444444444,0.8038194444444444,0.7921300256629596,0.788879235447437,0.5777473153749416,786,"all","NB#786","NB",786
464,488,88,111,0.8472222222222222,0.8405797101449275,0.8472222222222222,0.8472222222222222,0.8306382978723404,0.8271068635968722,0.6542014592898001,786,"all","MLP#786","MLP",786
451,426,150,124,0.7843478260869565,0.7745454545454545,0.7843478260869565,0.7843478260869565,0.7670068027210885,0.7619461337966985,0.5239105952966822,787,"all","DT#787","DT",787
483,500,76,92,0.8680555555555556,0.8640429338103757,0.8680555555555556,0.8680555555555556,0.8561643835616439,0.8540399652476107,0.7080726587598734,787,"all","RF#787","RF",787
293,539,37,282,0.9357638888888888,0.8878787878787879,0.9357638888888888,0.9357638888888888,0.7716535433070867,0.7228496959165943,0.44549387983176153,787,"all","NB#787","NB",787
464,485,91,111,0.8420138888888888,0.836036036036036,0.8420138888888888,0.8420138888888888,0.8276450511945391,0.8245004344048653,0.6489900057368881,787,"all","MLP#787","MLP",787
451,429,147,124,0.7843478260869565,0.7757685352622061,0.7843478260869565,0.7843478260869565,0.7689684569479966,0.7645525629887054,0.5291211204924949,788,"all","DT#788","DT",788
475,515,61,100,0.8940972222222222,0.8861940298507462,0.8940972222222222,0.8940972222222222,0.8648194794290511,0.8601216333622936,0.7202265833888166,788,"all","RF#788","RF",788
426,484,92,149,0.8402777777777778,0.8223938223938224,0.8402777777777778,0.8402777777777778,0.8006617038875105,0.790616854908775,0.5811973554487629,788,"all","NB#788","NB",788
440,492,84,135,0.8541666666666666,0.8396946564885496,0.8541666666666666,0.8541666666666666,0.8179551122194514,0.8097306689834927,0.6194317497271077,788,"all","MLP#788","MLP",788
458,437,139,117,0.7965217391304348,0.7888086642599278,0.7965217391304348,0.7965217391304348,0.7815699658703071,0.7775847089487402,0.5551838556086603,789,"all","DT#789","DT",789
487,494,82,88,0.8576388888888888,0.8558875219683656,0.8576388888888888,0.8576388888888888,0.8531951640759929,0.8523023457862728,0.7046017928906362,789,"all","RF#789","RF",789
375,502,74,200,0.8715277777777778,0.8351893095768375,0.8715277777777778,0.8715277777777778,0.785602503912363,0.7619461337966985,0.5238013269432289,789,"all","NB#789","NB",789
479,474,102,96,0.8330434782608696,0.8315789473684211,0.8330434782608696,0.8330434782608696,0.8287197231833909,0.8279756733275413,0.6559542033133758,789,"all","MLP#789","MLP",789
440,459,117,135,0.796875,0.7899461400359067,0.796875,0.796875,0.7846153846153846,0.7810599478714162,0.562107665969184,790,"all","DT#790","DT",790
473,516,60,102,0.8958333333333334,0.8874296435272045,0.8958333333333334,0.8958333333333334,0.864321608040201,0.8592528236316247,0.7184875852635585,790,"all","RF#790","RF",790
308,540,36,267,0.9375,0.8953488372093024,0.9375,0.9375,0.7809110629067246,0.736750651607298,0.473317234724066,790,"all","NB#790","NB",790
461,490,86,114,0.8506944444444444,0.8427787934186471,0.8506944444444444,0.8506944444444444,0.8305084745762713,0.8262380538662033,0.6524611547589572,790,"all","MLP#790","MLP",790
440,437,139,135,0.7652173913043478,0.763986013986014,0.7652173913043478,0.7652173913043478,0.7625649913344887,0.7619461337966985,0.5238947832440625,791,"all","DT#791","DT",791
465,514,62,110,0.8923611111111112,0.8823529411764706,0.8923611111111112,0.8923611111111112,0.8566666666666667,0.8505647263249348,0.7011075681812692,791,"all","RF#791","RF",791
418,479,97,157,0.8315972222222222,0.8116504854368932,0.8315972222222222,0.8315972222222222,0.7904290429042904,0.7793223284100782,0.558604342180753,791,"all","NB#791","NB",791
450,487,89,125,0.8454861111111112,0.8348794063079777,0.8454861111111112,0.8454861111111112,0.81986531986532,0.8140747176368376,0.628128944205905,791,"all","MLP#791","MLP",791
439,430,146,136,0.7634782608695653,0.7597173144876325,0.7634782608695653,0.7634782608695653,0.7568965517241381,0.7549956559513467,0.5099983393970502,792,"all","DT#792","DT",792
471,504,72,104,0.875,0.8674033149171271,0.875,0.875,0.8513513513513513,0.8470894874022589,0.6941639692738778,792,"all","RF#792","RF",792
480,401,175,95,0.8347826086956521,0.8084677419354839,0.8347826086956521,0.8347826086956521,0.7804878048780487,0.7654213727193745,0.5308990460089361,792,"all","NB#792","NB",792
439,491,85,136,0.8524305555555556,0.8377862595419847,0.8524305555555556,0.8524305555555556,0.8162926018287615,0.8079930495221547,0.6159562405921953,792,"all","MLP#792","MLP",792
456,441,135,119,0.7930434782608695,0.7875,0.7930434782608695,0.7930434782608695,0.7821612349914236,0.7793223284100782,0.5586549841791261,793,"all","DT#793","DT",793
475,499,77,100,0.8663194444444444,0.8605072463768116,0.8663194444444444,0.8663194444444444,0.8493617021276596,0.8462206776715899,0.6924304436899228,793,"all","RF#793","RF",793
539,183,393,36,0.9373913043478261,0.8356164383561644,0.9373913043478261,0.9373913043478261,0.7153284671532848,0.6272806255430061,0.25496222597422596,793,"all","NB#793","NB",793
464,479,97,111,0.8315972222222222,0.8270944741532977,0.8315972222222222,0.8315972222222222,0.8216123499142366,0.8192875760208514,0.638567240249643,793,"all","MLP#793","MLP",793
433,445,131,142,0.7725694444444444,0.7677304964539007,0.7725694444444444,0.7725694444444444,0.7652622527944969,0.7628149435273676,0.5256216513257317,794,"all","DT#794","DT",794
470,504,72,105,0.875,0.8671586715867159,0.875,0.875,0.8506329113924052,0.8462206776715899,0.6924258001983795,794,"all","RF#794","RF",794
433,469,107,142,0.8142361111111112,0.8018518518518518,0.8142361111111112,0.8142361111111112,0.7902274641954509,0.7836663770634231,0.5673095649679557,794,"all","NB#794","NB",794
458,485,91,117,0.8420138888888888,0.8342440801457195,0.8420138888888888,0.8420138888888888,0.8234295415959253,0.8192875760208514,0.638560692297705,794,"all","MLP#794","MLP",794
454,443,133,121,0.7895652173913044,0.7854609929078015,0.7895652173913044,0.7895652173913044,0.7814113597246127,0.7793223284100782,0.5586523191004994,795,"all","DT#795","DT",795
484,504,72,91,0.875,0.8705035971223022,0.875,0.875,0.860802732707088,0.8583840139009556,0.7167596896650115,795,"all","RF#795","RF",795
358,530,46,217,0.9201388888888888,0.8861386138613861,0.9201388888888888,0.9201388888888888,0.8012093726379441,0.7715030408340573,0.5428877321893181,795,"all","NB#795","NB",795
466,486,90,109,0.84375,0.8381294964028777,0.84375,0.84375,0.8300597779675492,0.8271068635968722,0.6542035475051368,795,"all","MLP#795","MLP",795
435,434,142,140,0.7565217391304347,0.7560975609756098,0.7565217391304347,0.7565217391304347,0.7552083333333334,0.7549956559513467,0.5099924215204664,796,"all","DT#796","DT",796
467,513,63,108,0.890625,0.8811320754716981,0.890625,0.890625,0.8571428571428571,0.8514335360556038,0.7028466607785855,796,"all","RF#796","RF",796
456,429,147,119,0.7930434782608695,0.7828467153284672,0.7930434782608695,0.7930434782608695,0.7741935483870968,0.7688966116420504,0.537812411311116,796,"all","NB#796","NB",796
474,485,91,101,0.8420138888888888,0.8389380530973451,0.8420138888888888,0.8420138888888888,0.8347676419965576,0.8331885317115552,0.6663717749362158,796,"all","MLP#796","MLP",796
458,432,144,117,0.7965217391304348,0.7868852459016393,0.7965217391304348,0.7965217391304348,0.7782497875955819,0.7732406602953953,0.5464994633370922,797,"all","DT#797","DT",797
475,502,74,100,0.8715277777777778,0.8652094717668488,0.8715277777777778,0.8715277777777778,0.8522920203735146,0.8488271068635969,0.6976421175951955,797,"all","RF#797","RF",797
477,414,162,98,0.8295652173913044,0.80859375,0.8295652173913044,0.8295652173913044,0.785831960461285,0.7741094700260643,0.5482622451937011,797,"all","NB#797","NB",797
460,500,76,115,0.8680555555555556,0.8582089552238806,0.8680555555555556,0.8680555555555556,0.8396305625524769,0.8340573414422241,0.6680948908525712,797,"all","MLP#797","MLP",797
438,438,138,137,0.7617391304347826,0.7617391304347826,0.7617391304347826,0.7617391304347826,0.7610773240660296,0.7610773240660296,0.5221550088239603,798,"all","DT#798","DT",798
470,507,69,105,0.8802083333333334,0.8719851576994434,0.8802083333333334,0.8802083333333334,0.8535353535353536,0.8488271068635969,0.6976375527655488,798,"all","RF#798","RF",798
471,413,163,104,0.8191304347826087,0.7988394584139265,0.8191304347826087,0.8191304347826087,0.7791563275434243,0.7680278019113814,0.5360965735237955,798,"all","NB#798","NB",798
472,501,75,103,0.8697916666666666,0.8628884826325411,0.8697916666666666,0.8697916666666666,0.8491525423728814,0.845351867940921,0.690690427735472,798,"all","MLP#798","MLP",798
446,450,126,129,0.78125,0.7797202797202797,0.78125,0.78125,0.779220779220779,0.7784535186794093,0.5569046961263414,799,"all","DT#799","DT",799
487,496,80,88,0.8611111111111112,0.8589065255731922,0.8611111111111112,0.8611111111111112,0.8551724137931035,0.8540399652476107,0.7080761844949817,799,"all","RF#799","RF",799
504,376,200,71,0.8765217391304347,0.8411633109619687,0.8765217391304347,0.8765217391304347,0.7881157154026582,0.7645525629887054,0.5291964578154315,799,"all","NB#799","NB",799
471,472,104,104,0.8194444444444444,0.8194444444444444,0.8194444444444444,0.8194444444444444,0.8194444444444444,0.8192875760208514,0.6385748792270531,799,"all","MLP#799","MLP",799
462,449,127,113,0.8034782608695652,0.798932384341637,0.8034782608695652,0.8034782608695652,0.7938144329896907,0.7914856646394439,0.5829798283248844,800,"all","DT#800","DT",800
479,505,71,96,0.8767361111111112,0.8709090909090909,0.8767361111111112,0.8767361111111112,0.8581138487680543,0.8549087749782798,0.7098063785619929,800,"all","RF#800","RF",800
415,477,99,160,0.828125,0.8073929961089494,0.828125,0.828125,0.7864798021434459,0.7749782797567333,0.5499147717407551,800,"all","NB#800","NB",800
472,480,96,103,0.8333333333333334,0.8309859154929577,0.8333333333333334,0.8333333333333334,0.828300258843831,0.8271068635968722,0.6542098119998248,800,"all","MLP#800","MLP",800
452,428,148,123,0.7860869565217391,0.7767695099818511,0.7860869565217391,0.7860869565217391,0.7693617021276595,0.7645525629887054,0.5291225421745858,801,"all","DT#801","DT",801
474,496,80,101,0.8611111111111112,0.855595667870036,0.8611111111111112,0.8611111111111112,0.845694799658994,0.8427454387489139,0.6854806689221729,801,"all","RF#801","RF",801
472,402,174,103,0.8208695652173913,0.7960396039603961,0.8208695652173913,0.8208695652173913,0.7731367731367732,0.7593397046046916,0.5187306312276311,801,"all","NB#801","NB",801
454,470,106,121,0.8159722222222222,0.8107142857142857,0.8159722222222222,0.8159722222222222,0.805484147386461,0.8027801911381407,0.6055511522754893,801,"all","MLP#801","MLP",801
454,440,136,121,0.7895652173913044,0.7843137254901961,0.7895652173913044,0.7895652173913044,0.7793991416309014,0.7767158992180713,0.5534415736358628,802,"all","DT#802","DT",802
468,493,83,107,0.8559027777777778,0.8493647912885662,0.8559027777777778,0.8559027777777778,0.8384353741496599,0.8349261511728931,0.6698400908245469,802,"all","RF#802","RF",802
375,524,52,200,0.9097222222222222,0.8782201405152225,0.9097222222222222,0.9097222222222222,0.8061538461538461,0.7810599478714162,0.5620217077487121,802,"all","NB#802","NB",802
472,468,108,103,0.8208695652173913,0.819614711033275,0.8208695652173913,0.8208695652173913,0.8173160173160172,0.8166811468288445,0.6333647843841759,802,"all","MLP#802","MLP",802
451,461,115,124,0.8003472222222222,0.7968197879858657,0.8003472222222222,0.8003472222222222,0.7941429801894918,0.792354474370113,0.5847029926433179,803,"all","DT#803","DT",803
474,526,50,101,0.9131944444444444,0.9045801526717557,0.9131944444444444,0.9131944444444444,0.8744804655029093,0.8688097306689835,0.7375990603141244,803,"all","RF#803","RF",803
511,350,226,64,0.888695652173913,0.8454106280193237,0.888695652173913,0.888695652173913,0.7789634146341463,0.7480451781059948,0.4962131845774434,803,"all","NB#803","NB",803
476,503,73,99,0.8732638888888888,0.8670309653916212,0.8732638888888888,0.8732638888888888,0.8539898132427843,0.8505647263249348,0.7011174955538714,803,"all","MLP#803","MLP",803
434,455,121,141,0.7899305555555556,0.781981981981982,0.7899305555555556,0.7899305555555556,0.7764505119453925,0.7723718505647263,0.5447296114013105,804,"all","DT#804","DT",804
474,516,60,101,0.8958333333333334,0.8876404494382022,0.8958333333333334,0.8958333333333334,0.8650461022632021,0.8601216333622936,0.7202257386100286,804,"all","RF#804","RF",804
493,381,195,82,0.8573913043478261,0.8228941684665226,0.8573913043478261,0.8573913043478261,0.7806809184481394,0.7593397046046916,0.5187611412908125,804,"all","NB#804","NB",804
462,485,91,113,0.8420138888888888,0.8354430379746836,0.8420138888888888,0.8420138888888888,0.8262350936967632,0.8227628149435273,0.6455135889175062,804,"all","MLP#804","MLP",804
436,438,138,139,0.7604166666666666,0.759581881533101,0.7604166666666666,0.7604166666666666,0.7597571552471812,0.7593397046046916,0.5186783192607477,805,"all","DT#805","DT",805
472,496,80,103,0.8611111111111112,0.855072463768116,0.8611111111111112,0.8611111111111112,0.8442553191489361,0.8410078192875761,0.682004357035344,805,"all","RF#805","RF",805
521,261,315,54,0.9060869565217391,0.8285714285714286,0.9060869565217391,0.9060869565217391,0.738483345145287,0.6794092093831451,0.35907047494872946,805,"all","NB#805","NB",805
468,487,89,107,0.8454861111111112,0.8402154398563735,0.8454861111111112,0.8454861111111112,0.8324786324786324,0.8297132927888793,0.6594170735315876,805,"all","MLP#805","MLP",805
461,446,130,114,0.8017391304347826,0.7964285714285714,0.8017391304347826,0.8017391304347826,0.79073756432247,0.788010425716768,0.57603077220357,806,"all","DT#806","DT",806
478,504,72,97,0.875,0.8690909090909091,0.875,0.875,0.8564146134239592,0.8531711555169418,0.7063310058501604,806,"all","RF#806","RF",806
491,371,205,84,0.8539130434782609,0.8153846153846154,0.8539130434782609,0.8539130434782609,0.7726199842643587,0.7489139878366637,0.49791931123692673,806,"all","NB#806","NB",806
466,494,82,109,0.8576388888888888,0.8503649635036497,0.8576388888888888,0.8576388888888888,0.8379983036471587,0.8340573414422241,0.6681009038713835,806,"all","MLP#806","MLP",806
450,424,152,125,0.782608695652174,0.7723132969034608,0.782608695652174,0.782608695652174,0.7646559048428208,0.7593397046046916,0.5186986641546918,807,"all","DT#807","DT",807
485,485,91,90,0.8434782608695652,0.8434782608695652,0.8434782608695652,0.8434782608695652,0.842745438748914,0.8427454387489139,0.6854911148986792,807,"all","RF#807","RF",807
385,501,75,190,0.8697916666666666,0.8369565217391305,0.8697916666666666,0.8697916666666666,0.7908445146014207,0.7697654213727194,0.5394505386653783,807,"all","NB#807","NB",807
463,464,112,112,0.8055555555555556,0.8055555555555556,0.8055555555555556,0.8055555555555556,0.8055555555555556,0.8053866203301477,0.6107729468599035,807,"all","MLP#807","MLP",807
458,425,151,117,0.7965217391304348,0.7841328413284133,0.7965217391304348,0.7965217391304348,0.7736486486486487,0.7671589921807124,0.5343415344019177,808,"all","DT#808","DT",808
489,497,79,86,0.8628472222222222,0.8609154929577465,0.8628472222222222,0.8628472222222222,0.8576358930112165,0.8566463944396178,0.7132895426129202,808,"all","RF#808","RF",808
495,374,202,80,0.8608695652173913,0.8237885462555066,0.8608695652173913,0.8608695652173913,0.7783018867924527,0.7549956559513467,0.510081174662879,808,"all","NB#808","NB",808
459,496,80,116,0.8611111111111112,0.8515769944341373,0.8611111111111112,0.8611111111111112,0.8350168350168351,0.8297132927888793,0.6594078180577448,808,"all","MLP#808","MLP",808
440,442,134,135,0.7673611111111112,0.7665505226480837,0.7673611111111112,0.7673611111111112,0.766695576756288,0.7662901824500434,0.5325793064301124,809,"all","DT#809","DT",809
479,507,69,96,0.8802083333333334,0.8740875912408759,0.8802083333333334,0.8802083333333334,0.8600508905852416,0.8566463944396178,0.713280885543342,809,"all","RF#809","RF",809
507,366,210,68,0.8817391304347826,0.8433179723502304,0.8817391304347826,0.8817391304347826,0.7848297213622292,0.7584708948740226,0.5170449571498864,809,"all","NB#809","NB",809
456,487,89,119,0.8454861111111112,0.8366972477064221,0.8454861111111112,0.8454861111111112,0.8240270727580371,0.8192875760208514,0.6385585095943355,809,"all","MLP#809","MLP",809
443,464,112,132,0.8055555555555556,0.7981981981981981,0.8055555555555556,0.8055555555555556,0.7918088737201365,0.788010425716768,0.5760077297019838,810,"all","DT#810","DT",810
474,485,91,101,0.8420138888888888,0.8389380530973451,0.8420138888888888,0.8420138888888888,0.8347676419965576,0.8331885317115552,0.6663717749362158,810,"all","RF#810","RF",810
537,198,378,38,0.9339130434782609,0.8389830508474576,0.9339130434782609,0.9339130434782609,0.7208053691275168,0.6385751520417029,0.27752059631227943,810,"all","NB#810","NB",810
477,488,88,98,0.8472222222222222,0.8442477876106195,0.8472222222222222,0.8472222222222222,0.8399311531841652,0.838401390095569,0.676797656969459,810,"all","MLP#810","MLP",810
451,451,125,124,0.7843478260869565,0.7843478260869565,0.7843478260869565,0.7843478260869565,0.7836663770634232,0.7836663770634231,0.5673330807169676,811,"all","DT#811","DT",811
482,506,70,93,0.8784722222222222,0.8731884057971014,0.8784722222222222,0.8784722222222222,0.8612765957446809,0.8583840139009556,0.7167579792172735,811,"all","RF#811","RF",811
387,495,81,188,0.859375,0.8269230769230769,0.859375,0.859375,0.7863383637807784,0.7662901824500434,0.5325044957443307,811,"all","NB#811","NB",811
471,482,94,104,0.8368055555555556,0.8336283185840708,0.8368055555555556,0.8368055555555556,0.8296041308089501,0.8279756733275413,0.6559458929029727,811,"all","MLP#811","MLP",811
459,423,153,116,0.7982608695652174,0.7847866419294991,0.7982608695652174,0.7982608695652174,0.7733782645324347,0.7662901824500434,0.5326061195253284,812,"all","DT#812","DT",812
488,503,73,87,0.8732638888888888,0.8698752228163993,0.8732638888888888,0.8732638888888888,0.862778730703259,0.8609904430929627,0.7219748001920332,812,"all","RF#812","RF",812
353,528,48,222,0.9166666666666666,0.8802992518703242,0.9166666666666666,0.9166666666666666,0.7963800904977375,0.7654213727193745,0.5307191200587111,812,"all","NB#812","NB",812
478,481,95,97,0.8350694444444444,0.8342059336823735,0.8350694444444444,0.8350694444444444,0.8336221837088388,0.8331885317115552,0.6663758042747714,812,"all","MLP#812","MLP",812
441,453,123,134,0.7864583333333334,0.7819148936170213,0.7864583333333334,0.7864583333333334,0.7790197764402407,0.7767158992180713,0.5534240453872272,813,"all","DT#813","DT",813
466,518,58,109,0.8993055555555556,0.8893129770992366,0.8993055555555556,0.8993055555555556,0.8611803823773898,0.8549087749782798,0.7097949872348264,813,"all","RF#813","RF",813
487,382,194,88,0.8469565217391304,0.8127659574468085,0.8469565217391304,0.8469565217391304,0.7754777070063694,0.7549956559513467,0.5100693427682165,813,"all","NB#813","NB",813
466,484,92,109,0.8402777777777778,0.8351254480286738,0.8402777777777778,0.8402777777777778,0.8280581693755347,0.8253692441355344,0.6507292608656926,813,"all","MLP#813","MLP",813
434,440,136,141,0.7638888888888888,0.7614035087719299,0.7638888888888888,0.7638888888888888,0.7605877268798618,0.7593397046046916,0.5186754127069195,814,"all","DT#814","DT",814
468,508,68,107,0.8819444444444444,0.8731343283582089,0.8819444444444444,0.8819444444444444,0.8530646515533166,0.8479582971329279,0.6958984602052356,814,"all","RF#814","RF",814
515,321,255,60,0.8956521739130435,0.84251968503937,0.8956521739130435,0.8956521739130435,0.7657992565055762,0.7263249348392702,0.4528105403753424,814,"all","NB#814","NB",814
470,492,84,105,0.8541666666666666,0.8483754512635379,0.8541666666666666,0.8541666666666666,0.8388746803069055,0.8357949609035621,0.6715792620237053,814,"all","MLP#814","MLP",814
436,425,151,139,0.7582608695652174,0.7535460992907801,0.7582608695652174,0.7582608695652174,0.7504302925989673,0.7480451781059948,0.49609910448482214,815,"all","DT#815","DT",815
481,493,83,94,0.8559027777777778,0.8528368794326241,0.8559027777777778,0.8559027777777778,0.8478073946689596,0.8462206776715899,0.6924360156947051,815,"all","RF#815","RF",815
489,391,185,86,0.8504347826086956,0.8197064989517819,0.8504347826086956,0.8504347826086956,0.7830264211369095,0.7645525629887054,0.5291751383775672,815,"all","NB#815","NB",815
474,462,114,101,0.8243478260869566,0.8206039076376554,0.8243478260869566,0.8243478260869566,0.815133276010318,0.8132059079061685,0.6264188655717807,815,"all","MLP#815","MLP",815
447,432,144,128,0.7773913043478261,0.7714285714285715,0.7773913043478261,0.7773913043478261,0.7667238421955404,0.7636837532580365,0.5273785657351272,816,"all","DT#816","DT",816
478,487,89,97,0.8454861111111112,0.8430335097001763,0.8454861111111112,0.8454861111111112,0.8396551724137932,0.838401390095569,0.6767986328337298,816,"all","RF#816","RF",816
449,465,111,126,0.8072916666666666,0.8017857142857143,0.8072916666666666,0.8072916666666666,0.7969151670951158,0.794092093831451,0.5881745510541454,816,"all","NB#816","NB",816
471,472,104,104,0.8194444444444444,0.8194444444444444,0.8194444444444444,0.8194444444444444,0.8194444444444444,0.8192875760208514,0.6385748792270531,816,"all","MLP#816","MLP",816
458,442,134,117,0.7965217391304348,0.7906976744186046,0.7965217391304348,0.7965217391304348,0.7849185946872322,0.7819287576020851,0.5638683789818196,817,"all","DT#817","DT",817
480,493,83,95,0.8559027777777778,0.8525754884547069,0.8559027777777778,0.8559027777777778,0.8470790378006873,0.845351867940921,0.6906978991165299,817,"all","RF#817","RF",817
398,489,87,177,0.8489583333333334,0.8206185567010309,0.8489583333333334,0.8489583333333334,0.7874396135265701,0.7706342311033884,0.5412057797708022,817,"all","NB#817","NB",817
473,479,97,102,0.8315972222222222,0.8298245614035088,0.8315972222222222,0.8315972222222222,0.8280034572169404,0.8271068635968722,0.6542108560602056,817,"all","MLP#817","MLP",817
445,453,123,130,0.7864583333333334,0.7834507042253521,0.7864583333333334,0.7864583333333334,0.7817083692838654,0.7801911381407471,0.5603772986731441,818,"all","DT#818","DT",818
489,513,63,86,0.890625,0.8858695652173914,0.890625,0.890625,0.8731914893617021,0.8705473501303215,0.7410855147446243,818,"all","RF#818","RF",818
507,359,217,68,0.8817391304347826,0.8407494145199064,0.8817391304347826,0.8817391304347826,0.7806004618937644,0.7523892267593397,0.5048894496859856,818,"all","NB#818","NB",818
470,490,86,105,0.8506944444444444,0.8453237410071942,0.8506944444444444,0.8506944444444444,0.8368915456874466,0.8340573414422241,0.6681049124295533,818,"all","MLP#818","MLP",818
437,433,143,138,0.76,0.7583187390542907,0.76,0.76,0.7567099567099567,0.7558644656820156,0.5117322483978833,819,"all","DT#819","DT",819
473,507,69,102,0.8802083333333334,0.8726937269372693,0.8802083333333334,0.8802083333333334,0.8556962025316456,0.8514335360556038,0.7028520442594512,819,"all","RF#819","RF",819
471,411,165,104,0.8191304347826087,0.7980582524271844,0.8191304347826087,0.8191304347826087,0.7778695293146161,0.7662901824500434,0.5326230525268657,819,"all","NB#819","NB",819
458,492,84,117,0.8541666666666666,0.8450184501845018,0.8541666666666666,0.8541666666666666,0.830379746835443,0.8253692441355344,0.650720823954092,819,"all","MLP#819","MLP",819
453,448,128,122,0.7878260869565218,0.7859649122807018,0.7878260869565218,0.7878260869565218,0.7837370242214534,0.7827975673327541,0.5655987415572925,820,"all","DT#820","DT",820
480,504,72,95,0.875,0.8695652173913043,0.875,0.875,0.8578723404255318,0.8549087749782798,0.7098072547808876,820,"all","RF#820","RF",820
444,473,103,131,0.8211805555555556,0.8117001828153565,0.8211805555555556,0.8211805555555556,0.8016949152542372,0.7966985230234579,0.59337955106798,820,"all","NB#820","NB",820
472,483,93,103,0.8385416666666666,0.8353982300884956,0.8385416666666666,0.8385416666666666,0.8313253012048193,0.8297132927888793,0.6594211869140538,820,"all","MLP#820","MLP",820
448,444,132,127,0.7791304347826087,0.7775831873905429,0.7791304347826087,0.7791304347826087,0.7757575757575758,0.7749782797567333,0.5499596168507183,821,"all","DT#821","DT",821
479,500,76,96,0.8680555555555556,0.863063063063063,0.8680555555555556,0.8680555555555556,0.8532423208191127,0.8505647263249348,0.701120202904677,821,"all","RF#821","RF",821
313,534,42,262,0.9270833333333334,0.8816901408450705,0.9270833333333334,0.9270833333333334,0.7784256559766763,0.735881841876629,0.4715877857984233,821,"all","NB#821","NB",821
470,496,80,105,0.8611111111111112,0.8545454545454545,0.8611111111111112,0.8611111111111112,0.8428207306711979,0.8392701998262381,0.6785280241555011,821,"all","MLP#821","MLP",821
450,450,126,125,0.782608695652174,0.782608695652174,0.782608695652174,0.782608695652174,0.7819287576020851,0.7819287576020851,0.5638578444175054,822,"all","DT#822","DT",822
462,506,70,113,0.8784722222222222,0.868421052631579,0.8784722222222222,0.8784722222222222,0.8468619246861925,0.8410078192875761,0.6819947550943072,822,"all","RF#822","RF",822
236,552,24,339,0.9583333333333334,0.9076923076923077,0.9583333333333334,0.9583333333333334,0.7525562372188138,0.684622067767159,0.3689435646480437,822,"all","NB#822","NB",822
454,483,93,121,0.8385416666666666,0.829981718464351,0.8385416666666666,0.8385416666666666,0.8186440677966103,0.8140747176368376,0.6281334355920843,822,"all","MLP#822","MLP",822
453,449,127,122,0.7878260869565218,0.7863397548161121,0.7878260869565218,0.7878260869565218,0.7844155844155843,0.7836663770634231,0.5673356934201885,823,"all","DT#823","DT",823
476,516,60,99,0.8958333333333334,0.8880597014925373,0.8958333333333334,0.8958333333333334,0.8664987405541561,0.8618592528236316,0.7237020295578996,823,"all","RF#823","RF",823
471,412,164,104,0.8191304347826087,0.7984496124031008,0.8191304347826087,0.8191304347826087,0.7785123966942148,0.7671589921807124,0.5343598104036469,823,"all","NB#823","NB",823
466,497,79,109,0.8628472222222222,0.8550458715596331,0.8628472222222222,0.8628472222222222,0.8409475465313028,0.8366637706342311,0.6733124990564187,823,"all","MLP#823","MLP",823
444,459,117,131,0.796875,0.7914438502673797,0.796875,0.796875,0.7873070325900513,0.7845351867940921,0.5690609402976512,824,"all","DT#824","DT",824
463,498,78,112,0.8645833333333334,0.8558225508317929,0.8645833333333334,0.8645833333333334,0.8397976391231028,0.8349261511728931,0.6698351062705514,824,"all","RF#824","RF",824
473,400,176,102,0.8226086956521739,0.796812749003984,0.8226086956521739,0.8226086956521739,0.772875816993464,0.7584708948740226,0.5169953839697861,824,"all","NB#824","NB",824
464,483,93,111,0.8385416666666666,0.8330341113105925,0.8385416666666666,0.8385416666666666,0.8256410256410256,0.8227628149435273,0.6455157295941012,824,"all","MLP#824","MLP",824
465,422,154,110,0.808695652173913,0.793233082706767,0.808695652173913,0.808695652173913,0.778894472361809,0.7706342311033884,0.5412985852389033,825,"all","DT#825","DT",825
482,493,83,93,0.8559027777777778,0.8530973451327434,0.8559027777777778,0.8559027777777778,0.8485370051635112,0.8470894874022589,0.6941741270248645,825,"all","RF#825","RF",825
473,407,169,102,0.8226086956521739,0.7996070726915521,0.8226086956521739,0.8226086956521739,0.7773212818405917,0.7645525629887054,0.5291523955155503,825,"all","NB#825","NB",825
467,473,103,108,0.8211805555555556,0.8192982456140351,0.8211805555555556,0.8211805555555556,0.8176318063958514,0.8166811468288445,0.6333592493904694,825,"all","MLP#825","MLP",825
434,447,129,141,0.7760416666666666,0.7708703374777975,0.7760416666666666,0.7760416666666666,0.768041237113402,0.7654213727193745,0.5308338919183319,826,"all","DT#826","DT",826
482,508,68,93,0.8819444444444444,0.8763636363636363,0.8819444444444444,0.8819444444444444,0.86321155480034,0.8601216333622936,0.72023249669749,826,"all","RF#826","RF",826
414,491,85,161,0.8524305555555556,0.8296593186372746,0.8524305555555556,0.8524305555555556,0.7996742671009772,0.7862728062554301,0.5724962405106866,826,"all","NB#826","NB",826
465,486,90,110,0.84375,0.8378378378378378,0.84375,0.84375,0.8293515358361775,0.8262380538662033,0.6524653522147408,826,"all","MLP#826","MLP",826
468,448,128,107,0.8139130434782609,0.8072072072072072,0.8139130434782609,0.8139130434782609,0.7993168232280103,0.7958297132927888,0.591672063536633,827,"all","DT#827","DT",827
480,496,80,95,0.8611111111111112,0.8571428571428571,0.8611111111111112,0.8611111111111112,0.8500428449014567,0.8479582971329279,0.6959094786264787,827,"all","RF#827","RF",827
416,488,88,159,0.8472222222222222,0.8253968253968254,0.8472222222222222,0.8472222222222222,0.7980376124284546,0.7854039965247611,0.5707616607456416,827,"all","NB#827","NB",827
460,476,100,115,0.8263888888888888,0.8214285714285714,0.8263888888888888,0.8263888888888888,0.8157669237360754,0.8132059079061685,0.6264030737411022,827,"all","MLP#827","MLP",827
468,438,138,107,0.8139130434782609,0.8036697247706422,0.8139130434782609,0.8139130434782609,0.7925486875529213,0.787141615986099,0.5743028330497817,828,"all","DT#828","DT",828
487,511,65,88,0.8871527777777778,0.8822463768115942,0.8871527777777778,0.8871527777777778,0.8697872340425533,0.8670721112076455,0.7341347903082382,828,"all","RF#828","RF",828
410,508,68,165,0.8819444444444444,0.8577405857740585,0.8819444444444444,0.8819444444444444,0.8134507606084868,0.7975673327541268,0.5950750638303013,828,"all","NB#828","NB",828
466,503,73,109,0.8732638888888888,0.8645640074211502,0.8732638888888888,0.8732638888888888,0.8468013468013467,0.841876629018245,0.6837358310536201,828,"all","MLP#828","MLP",828
443,439,137,132,0.7704347826086957,0.7688266199649737,0.7704347826086957,0.7704347826086957,0.7670995670995672,0.7662901824500434,0.5325835402812479,829,"all","DT#829","DT",829
483,493,83,92,0.8559027777777778,0.8533568904593639,0.8559027777777778,0.8559027777777778,0.8492678725236865,0.8479582971329279,0.695912233107032,829,"all","RF#829","RF",829
350,535,41,225,0.9288194444444444,0.8951406649616368,0.9288194444444444,0.9288194444444444,0.8008982035928144,0.7688966116420504,0.5376644478538724,829,"all","NB#829","NB",829
468,480,96,107,0.8333333333333334,0.8297872340425532,0.8333333333333334,0.8333333333333334,0.825451418744626,0.8236316246741964,0.6472571253447749,829,"all","MLP#829","MLP",829
440,449,127,135,0.7795138888888888,0.7760141093474426,0.7795138888888888,0.7795138888888888,0.7741379310344828,0.7723718505647263,0.5447378591528883,830,"all","DT#830","DT",830
480,512,64,95,0.8888888888888888,0.8823529411764706,0.8888888888888888,0.8888888888888888,0.8655959425190194,0.8618592528236316,0.723705366646084,830,"all","RF#830","RF",830
333,540,36,242,0.9375,0.9024390243902439,0.9375,0.9375,0.7952871870397643,0.7584708948740226,0.516791151837679,830,"all","NB#830","NB",830
446,491,85,129,0.8524305555555556,0.839924670433145,0.8524305555555556,0.8524305555555556,0.8210702341137124,0.8140747176368376,0.628124452711231,830,"all","MLP#830","MLP",830
438,440,136,137,0.7638888888888888,0.7630662020905923,0.7638888888888888,0.7638888888888888,0.7632263660017345,0.7628149435273676,0.5256288128454302,831,"all","DT#831","DT",831
471,504,72,104,0.875,0.8674033149171271,0.875,0.875,0.8513513513513513,0.8470894874022589,0.6941639692738778,831,"all","RF#831","RF",831
515,332,244,60,0.8956521739130435,0.8469387755102041,0.8956521739130435,0.8956521739130435,0.7721139430284859,0.735881841876629,0.4719099766972942,831,"all","NB#831","NB",831
473,469,107,102,0.8226086956521739,0.8213660245183888,0.8226086956521739,0.8226086956521739,0.819047619047619,0.8184187662901824,0.6368399996980698,831,"all","MLP#831","MLP",831
448,439,137,127,0.7791304347826087,0.7756183745583038,0.7791304347826087,0.7791304347826087,0.7724137931034483,0.7706342311033884,0.541275041137664,832,"all","DT#832","DT",832
481,495,81,94,0.859375,0.8558718861209964,0.859375,0.859375,0.849785407725322,0.8479582971329279,0.6959103967922077,832,"all","RF#832","RF",832
419,473,103,156,0.8211805555555556,0.8026819923371648,0.8211805555555556,0.8211805555555556,0.7850622406639004,0.7749782797567333,0.549920207987656,832,"all","NB#832","NB",832
443,456,120,132,0.7916666666666666,0.7868561278863233,0.7916666666666666,0.7916666666666666,0.7835051546391752,0.7810599478714162,0.5621116324571097,832,"all","MLP#832","MLP",832
459,432,144,116,0.7982608695652174,0.7883211678832117,0.7982608695652174,0.7982608695652174,0.7792869269949066,0.7741094700260643,0.5482376952665046,833,"all","DT#833","DT",833
478,513,63,97,0.890625,0.8835489833641405,0.890625,0.890625,0.8650927487352446,0.8609904430929627,0.7219664052804644,833,"all","RF#833","RF",833
483,411,165,92,0.84,0.8170974155069582,0.84,0.84,0.7898609975470156,0.7767158992180713,0.5534806701556139,833,"all","NB#833","NB",833
451,503,73,124,0.8732638888888888,0.8606870229007634,0.8732638888888888,0.8732638888888888,0.8362427265170407,0.8288444830582102,0.6576623502111424,833,"all","MLP#833","MLP",833
442,418,158,133,0.768695652173913,0.7586206896551724,0.768695652173913,0.768695652173913,0.7523404255319149,0.7471763683753258,0.49437143827603114,834,"all","DT#834","DT",834
474,493,83,101,0.8559027777777778,0.8509874326750448,0.8559027777777778,0.8559027777777778,0.8427350427350428,0.840139009556907,0.6802690894378168,834,"all","RF#834","RF",834
358,505,71,217,0.8767361111111112,0.8344988344988346,0.8767361111111112,0.8767361111111112,0.7781201848998459,0.7497827975673328,0.4994548919296827,834,"all","NB#834","NB",834
461,484,92,114,0.8402777777777778,0.833634719710669,0.8402777777777778,0.8402777777777778,0.8245315161839863,0.8210251954821894,0.6420382319461094,834,"all","MLP#834","MLP",834
463,440,136,112,0.8052173913043478,0.7971014492753623,0.8052173913043478,0.8052173913043478,0.7887563884156729,0.7845351867940921,0.569085661147543,835,"all","DT#835","DT",835
486,502,74,89,0.8715277777777778,0.8678571428571429,0.8715277777777778,0.8715277777777778,0.8603256212510711,0.8583840139009556,0.7167614000920913,835,"all","RF#835","RF",835
499,352,224,76,0.8678260869565217,0.822429906542056,0.8678260869565217,0.8678260869565217,0.7688751926040062,0.739357080799305,0.4788302130562616,835,"all","NB#835","NB",835
479,488,88,96,0.8472222222222222,0.8447971781305115,0.8472222222222222,0.8472222222222222,0.8413793103448277,0.840139009556907,0.6802739163516467,835,"all","MLP#835","MLP",835
434,446,130,141,0.7743055555555556,0.7695035460992907,0.7743055555555556,0.7743055555555556,0.766981943250215,0.7645525629887054,0.5290969505834184,836,"all","DT#836","DT",836
471,511,65,104,0.8871527777777778,0.878731343283582,0.8871527777777778,0.8871527777777778,0.8581024349286315,0.8531711555169418,0.7063247987124845,836,"all","RF#836","RF",836
426,466,110,149,0.8090277777777778,0.7947761194029851,0.8090277777777778,0.8090277777777778,0.7825356842989084,0.7749782797567333,0.5499297211037486,836,"all","NB#836","NB",836
454,487,89,121,0.8454861111111112,0.8360957642725598,0.8454861111111112,0.8454861111111112,0.8226351351351351,0.8175499565595135,0.6350820087926953,836,"all","MLP#836","MLP",836
426,435,141,149,0.7552083333333334,0.7513227513227513,0.7552083333333334,0.7552083333333334,0.75,0.7480451781059948,0.49608388990205193,837,"all","DT#837","DT",837
468,504,72,107,0.875,0.8666666666666667,0.875,0.875,0.8491996630160067,0.8444830582102519,0.6889494463022653,837,"all","RF#837","RF",837
488,338,238,87,0.8486956521739131,0.7952941176470588,0.8486956521739131,0.8486956521739131,0.7501921598770178,0.7176368375325803,0.43540195396278925,837,"all","NB#837","NB",837
454,483,93,121,0.8385416666666666,0.829981718464351,0.8385416666666666,0.8385416666666666,0.8186440677966103,0.8140747176368376,0.6281334355920843,837,"all","MLP#837","MLP",837
448,453,123,127,0.7864583333333334,0.7845884413309983,0.7864583333333334,0.7864583333333334,0.7837370242214532,0.7827975673327541,0.5655921835276783,838,"all","DT#838","DT",838
472,513,63,103,0.890625,0.8822429906542056,0.890625,0.890625,0.8607382550335569,0.8557775847089487,0.7115375324596895,838,"all","RF#838","RF",838
362,507,69,213,0.8802083333333334,0.839907192575406,0.8802083333333334,0.8802083333333334,0.7824074074074074,0.7549956559513467,0.5098843951583678,838,"all","NB#838","NB",838
458,487,89,117,0.8454861111111112,0.8372943327239488,0.8454861111111112,0.8454861111111112,0.8254237288135594,0.8210251954821894,0.642034989401726,838,"all","MLP#838","MLP",838
442,442,134,133,0.768695652173913,0.768695652173913,0.768695652173913,0.768695652173913,0.7680278019113814,0.7680278019113814,0.5360559540218086,839,"all","DT#839","DT",839
485,507,69,90,0.8802083333333334,0.8754512635379061,0.8802083333333334,0.8802083333333334,0.8644501278772379,0.8618592528236316,0.7237095378929586,839,"all","RF#839","RF",839
463,448,128,112,0.8052173913043478,0.8,0.8052173913043478,0.8052173913043478,0.7941680960548885,0.7914856646394439,0.5829810874133474,839,"all","NB#839","NB",839
471,492,84,104,0.8541666666666666,0.8486486486486486,0.8541666666666666,0.8541666666666666,0.8395904436860069,0.8366637706342311,0.6733174310818564,839,"all","MLP#839","MLP",839
437,441,135,138,0.765625,0.763986013986014,0.765625,0.765625,0.7636363636363637,0.7628149435273676,0.525627380558789,840,"all","DT#840","DT",840
456,501,75,119,0.8697916666666666,0.8587570621468926,0.8697916666666666,0.8697916666666666,0.8377926421404683,0.8314509122502172,0.6628791767569101,840,"all","RF#840","RF",840
514,312,264,61,0.8939130434782608,0.8364611260053619,0.8939130434782608,0.8939130434782608,0.7597930524759793,0.7176368375325803,0.4354462626942528,840,"all","NB#840","NB",840
446,492,84,129,0.8541666666666666,0.8415094339622642,0.8541666666666666,0.8541666666666666,0.8220551378446115,0.8149435273675065,0.6298616300926241,840,"all","MLP#840","MLP",840
466,446,130,109,0.8104347826086956,0.8036036036036036,0.8104347826086956,0.8104347826086956,0.7959009393680614,0.792354474370113,0.5847218007883205,841,"all","DT#841","DT",841
479,502,74,96,0.8715277777777778,0.8661844484629295,0.8715277777777778,0.8715277777777778,0.8551959114139693,0.8523023457862728,0.7045946574312554,841,"all","RF#841","RF",841
505,406,170,70,0.8782608695652174,0.8529411764705882,0.8782608695652174,0.8782608695652174,0.8079999999999999,0.7914856646394439,0.5830339622641509,841,"all","NB#841","NB",841
476,483,93,99,0.8385416666666666,0.836555360281195,0.8385416666666666,0.8385416666666666,0.8341968911917099,0.8331885317115552,0.6663737896176596,841,"all","MLP#841","MLP",841
457,426,150,118,0.7947826086956522,0.7830882352941176,0.7947826086956522,0.7947826086956522,0.7732656514382403,0.7671589921807124,0.5343401284962077,842,"all","DT#842","DT",842
483,495,81,92,0.859375,0.8563829787234043,0.859375,0.859375,0.8512467755803956,0.8496959165942659,0.6993866142100791,842,"all","RF#842","RF",842
508,331,245,67,0.8834782608695653,0.8316582914572864,0.8834782608695653,0.8834782608695653,0.7650602409638555,0.7289313640312771,0.45800796283607353,842,"all","NB#842","NB",842
463,469,107,112,0.8142361111111112,0.8122807017543859,0.8142361111111112,0.8142361111111112,0.8107173725151254,0.8097306689834927,0.6194581782773119,842,"all","MLP#842","MLP",842
460,449,127,115,0.8,0.7960992907801419,0.8,0.8,0.7917383820998279,0.789748045178106,0.5795033906390585,843,"all","DT#843","DT",843
477,502,74,98,0.8715277777777778,0.8656987295825771,0.8715277777777778,0.8715277777777778,0.8537414965986394,0.8505647263249348,0.7011183980095897,843,"all","RF#843","RF",843
475,403,173,100,0.8260869565217391,0.8011928429423459,0.8260869565217391,0.8260869565217391,0.7767784137367131,0.7628149435273676,0.5256818013715276,843,"all","NB#843","NB",843
478,469,107,97,0.831304347826087,0.8286219081272085,0.831304347826087,0.831304347826087,0.8241379310344826,0.8227628149435273,0.6455307136063767,843,"all","MLP#843","MLP",843
429,447,129,146,0.7760416666666666,0.7688172043010753,0.7760416666666666,0.7760416666666666,0.7647562018819504,0.7610773240660296,0.522142023572465,844,"all","DT#844","DT",844
472,506,70,103,0.8784722222222222,0.8708487084870848,0.8784722222222222,0.8784722222222222,0.8540084388185654,0.8496959165942659,0.6993766295724275,844,"all","RF#844","RF",844
522,298,278,53,0.9078260869565218,0.8490028490028491,0.9078260869565218,0.9078260869565218,0.7592727272727272,0.7124239791485665,0.42504282210903593,844,"all","NB#844","NB",844
455,480,96,120,0.8333333333333334,0.8257713248638838,0.8333333333333334,0.8333333333333334,0.816326530612245,0.8123370981754996,0.6246603137794848,844,"all","MLP#844","MLP",844
457,441,135,118,0.7947826086956522,0.7889087656529516,0.7947826086956522,0.7947826086956522,0.7832047986289631,0.7801911381407471,0.560393226623109,845,"all","DT#845","DT",845
475,521,55,100,0.9045138888888888,0.8962264150943396,0.9045138888888888,0.9045138888888888,0.8705096073517126,0.8653344917463076,0.7306504819922852,845,"all","RF#845","RF",845
471,411,165,104,0.8191304347826087,0.7980582524271844,0.8191304347826087,0.8191304347826087,0.7778695293146161,0.7662901824500434,0.5326230525268657,845,"all","NB#845","NB",845
466,481,95,109,0.8350694444444444,0.8306595365418895,0.8350694444444444,0.8350694444444444,0.8250428816466553,0.8227628149435273,0.6455178702448421,845,"all","MLP#845","MLP",845
462,452,124,113,0.8034782608695652,0.8,0.8034782608695652,0.8034782608695652,0.7958656330749353,0.794092093831451,0.58819071543196,846,"all","DT#846","DT",846
481,525,51,94,0.9114583333333334,0.9041353383458647,0.9114583333333334,0.9114583333333334,0.8786610878661089,0.8740225890529973,0.7480286310856531,846,"all","RF#846","RF",846
503,380,196,72,0.8747826086956522,0.8407079646017699,0.8747826086956522,0.8747826086956522,0.7896389324960753,0.7671589921807124,0.5344047913735954,846,"all","NB#846","NB",846
454,500,76,121,0.8680555555555556,0.8566037735849057,0.8680555555555556,0.8680555555555556,0.8354218880534671,0.8288444830582102,0.6576654513063236,846,"all","MLP#846","MLP",846
447,440,136,128,0.7773913043478261,0.7746478873239436,0.7773913043478261,0.7773913043478261,0.7720207253886011,0.7706342311033884,0.5412736561152643,847,"all","DT#847","DT",847
478,490,86,97,0.8506944444444444,0.8475177304964538,0.8506944444444444,0.8506944444444444,0.8426483233018057,0.8410078192875761,0.6820101179216443,847,"all","RF#847","RF",847
459,429,147,116,0.7982608695652174,0.7871559633027523,0.7982608695652174,0.7982608695652174,0.777307366638442,0.7715030408340573,0.5430271228248678,847,"all","NB#847","NB",847
463,484,92,112,0.8402777777777778,0.8342342342342343,0.8402777777777778,0.8402777777777778,0.825938566552901,0.8227628149435273,0.6455146592590355,847,"all","MLP#847","MLP",847
443,451,125,132,0.7829861111111112,0.7799295774647887,0.7829861111111112,0.7829861111111112,0.7782571182053496,0.7767158992180713,0.5534267421304272,848,"all","DT#848","DT",848
483,504,72,92,0.875,0.8702702702702703,0.875,0.875,0.8600682593856656,0.8575152041702867,0.7150215888160875,848,"all","RF#848","RF",848
452,466,110,123,0.8090277777777778,0.8042704626334519,0.8090277777777778,0.8090277777777778,0.8,0.7975673327541268,0.5951264140147678,848,"all","NB#848","NB",848
474,480,96,101,0.8333333333333334,0.8315789473684211,0.8333333333333334,0.8333333333333334,0.8297320656871218,0.8288444830582102,0.657686123838495,848,"all","MLP#848","MLP",848
453,455,121,122,0.7899305555555556,0.789198606271777,0.7899305555555556,0.7899305555555556,0.7892454466608847,0.788879235447437,0.5777575147305476,849,"all","DT#849","DT",849
468,508,68,107,0.8819444444444444,0.8731343283582089,0.8819444444444444,0.8819444444444444,0.8530646515533166,0.8479582971329279,0.6958984602052356,849,"all","RF#849","RF",849
467,423,153,108,0.8121739130434783,0.7966101694915254,0.8121739130434783,0.8121739130434783,0.7815899581589958,0.7732406602953953,0.5465117858841112,849,"all","NB#849","NB",849
463,487,89,112,0.8454861111111112,0.8387681159420289,0.8454861111111112,0.8454861111111112,0.8289361702127661,0.8253692441355344,0.6507260970716073,849,"all","MLP#849","MLP",849
450,432,144,125,0.782608695652174,0.7755834829443446,0.782608695652174,0.782608695652174,0.7698887938408896,0.7662901824500434,0.5325934189689607,850,"all","DT#850","DT",850
480,500,76,95,0.8680555555555556,0.8633093525179856,0.8680555555555556,0.8680555555555556,0.8539709649871906,0.8514335360556038,0.7028583247405948,850,"all","RF#850","RF",850
480,390,186,95,0.8347826086956521,0.8041237113402062,0.8347826086956521,0.8347826086956521,0.7735697018533442,0.7558644656820156,0.5117956319406604,850,"all","NB#850","NB",850
453,487,89,122,0.8454861111111112,0.8357933579335793,0.8454861111111112,0.8454861111111112,0.8219409282700423,0.8166811468288445,0.6333437505189722,850,"all","MLP#850","MLP",850
443,443,133,132,0.7704347826086957,0.7704347826086957,0.7704347826086957,0.7704347826086957,0.7697654213727194,0.7697654213727194,0.5395311903212708,851,"all","DT#851","DT",851
485,501,75,90,0.8697916666666666,0.8660714285714286,0.8697916666666666,0.8697916666666666,0.858611825192802,0.8566463944396178,0.7132860798478228,851,"all","RF#851","RF",851
498,382,194,77,0.8660869565217392,0.8322440087145969,0.8660869565217392,0.8660869565217392,0.786108918705604,0.7645525629887054,0.5291879302719777,851,"all","NB#851","NB",851
463,503,73,112,0.8732638888888888,0.8638059701492538,0.8732638888888888,0.8732638888888888,0.8446683459277917,0.8392701998262381,0.6785212293598204,851,"all","MLP#851","MLP",851
444,444,132,131,0.7721739130434783,0.7721739130434783,0.7721739130434783,0.7721739130434783,0.7715030408340573,0.7715030408340573,0.5430064266207327,852,"all","DT#852","DT",852
486,507,69,89,0.8802083333333334,0.8756756756756757,0.8802083333333334,0.8802083333333334,0.8651877133105802,0.8627280625543006,0.7254476282496451,852,"all","RF#852","RF",852
503,345,231,72,0.8747826086956522,0.8273381294964028,0.8747826086956522,0.8747826086956522,0.7685255920550038,0.736750651607298,0.47362725432753916,852,"all","NB#852","NB",852
468,486,90,107,0.84375,0.8387096774193549,0.84375,0.84375,0.8314798973481609,0.8288444830582102,0.657679922341002,852,"all","MLP#852","MLP",852
466,429,147,109,0.8104347826086956,0.7973977695167286,0.8104347826086956,0.8104347826086956,0.7845117845117844,0.7775847089487402,0.5551945993436368,853,"all","DT#853","DT",853
486,495,81,89,0.859375,0.8571428571428571,0.859375,0.859375,0.8534482758620691,0.8523023457862728,0.704600900977065,853,"all","RF#853","RF",853
377,509,67,198,0.8836805555555556,0.8490990990990991,0.8836805555555556,0.8836805555555556,0.7934528448947779,0.7697654213727194,0.5394394120817976,853,"all","NB#853","NB",853
478,483,93,97,0.8385416666666666,0.8371278458844134,0.8385416666666666,0.8385416666666666,0.8356401384083045,0.8349261511728931,0.6698500594810356,853,"all","MLP#853","MLP",853
445,438,138,130,0.7739130434782608,0.7711267605633803,0.7739130434782608,0.7739130434782608,0.7685664939550949,0.7671589921807124,0.5343232569654955,854,"all","DT#854","DT",854
470,494,82,105,0.8576388888888888,0.8514492753623188,0.8576388888888888,0.8576388888888888,0.8408510638297872,0.8375325803649001,0.6750536325989579,854,"all","RF#854","RF",854
351,518,58,224,0.8993055555555556,0.8581907090464548,0.8993055555555556,0.8993055555555556,0.7860394537177543,0.7549956559513467,0.5098681130838948,854,"all","NB#854","NB",854
442,490,86,133,0.8506944444444444,0.8371212121212122,0.8506944444444444,0.8506944444444444,0.8173477898248541,0.8097306689834927,0.6194340480076335,854,"all","MLP#854","MLP",854
464,436,140,111,0.8069565217391305,0.7970749542961609,0.8069565217391305,0.8069565217391305,0.7871077184054284,0.7819287576020851,0.5638762795710937,855,"all","DT#855","DT",855
487,496,80,88,0.8611111111111112,0.8589065255731922,0.8611111111111112,0.8611111111111112,0.8551724137931035,0.8540399652476107,0.7080761844949817,855,"all","RF#855","RF",855
477,400,176,98,0.8295652173913044,0.8032128514056225,0.8295652173913044,0.8295652173913044,0.7768729641693811,0.7619461337966985,0.5239479650645001,855,"all","NB#855","NB",855
462,483,93,113,0.8385416666666666,0.8324324324324325,0.8385416666666666,0.8385416666666666,0.8242320819112628,0.8210251954821894,0.6420393127811831,855,"all","MLP#855","MLP",855
442,433,143,133,0.768695652173913,0.765017667844523,0.768695652173913,0.768695652173913,0.7620689655172413,0.7602085143353605,0.5204239066439214,856,"all","DT#856","DT",856
470,498,78,105,0.8645833333333334,0.8576642335766423,0.8645833333333334,0.8645833333333334,0.8447837150127225,0.8410078192875761,0.6820024366935248,856,"all","RF#856","RF",856
492,372,204,83,0.8556521739130435,0.8175824175824176,0.8556521739130435,0.8556521739130435,0.7741935483870966,0.7506516072980017,0.5013939180795778,856,"all","NB#856","NB",856
464,470,106,111,0.8159722222222222,0.8140350877192982,0.8159722222222222,0.8159722222222222,0.8124459809853068,0.8114682884448305,0.6229334460556011,856,"all","MLP#856","MLP",856
450,435,141,125,0.782608695652174,0.7767857142857143,0.782608695652174,0.782608695652174,0.771869639794168,0.7688966116420504,0.5378040385497934,857,"all","DT#857","DT",857
473,499,77,102,0.8663194444444444,0.86,0.8663194444444444,0.8663194444444444,0.8479184367034834,0.8444830582102519,0.6889541422909983,857,"all","RF#857","RF",857
447,445,131,128,0.7773913043478261,0.7766143106457243,0.7773913043478261,0.7773913043478261,0.7753686036426714,0.7749782797567333,0.5499582580392903,857,"all","NB#857","NB",857
467,468,108,108,0.8125,0.8125,0.8125,0.8125,0.8125,0.8123370981754996,0.6246739130434783,857,"all","MLP#857","MLP",857
421,448,128,154,0.7777777777777778,0.7668488160291439,0.7777777777777778,0.7777777777777778,0.7606112054329371,0.7549956559513467,0.5099717078266961,858,"all","DT#858","DT",858
463,501,75,112,0.8697916666666666,0.8605947955390335,0.8697916666666666,0.8697916666666666,0.8427249789739276,0.8375325803649001,0.6750467643875036,858,"all","RF#858","RF",858
537,199,377,38,0.9339130434782609,0.8396624472573839,0.9339130434782609,0.9339130434782609,0.7212894560107455,0.6394439617723718,0.2792562381269247,858,"all","NB#858","NB",858
455,487,89,120,0.8454861111111112,0.8363970588235294,0.8454861111111112,0.8454861111111112,0.823330515638208,0.8184187662901824,0.6368202618178085,858,"all","MLP#858","MLP",858
458,467,109,117,0.8107638888888888,0.8077601410934744,0.8107638888888888,0.8107638888888888,0.8051724137931034,0.8036490008688097,0.6072929624753922,859,"all","DT#859","DT",859
476,514,62,99,0.8923611111111112,0.8847583643122676,0.8923611111111112,0.8923611111111112,0.864592094196804,0.8601216333622936,0.720227428162503,859,"all","RF#859","RF",859
472,402,174,103,0.8208695652173913,0.7960396039603961,0.8208695652173913,0.8208695652173913,0.7731367731367732,0.7593397046046916,0.5187306312276311,859,"all","NB#859","NB",859
455,472,104,120,0.8194444444444444,0.813953488372093,0.8194444444444444,0.8194444444444444,0.8082191780821918,0.8053866203301477,0.6107635450131647,859,"all","MLP#859","MLP",859
435,459,117,140,0.796875,0.7880434782608695,0.796875,0.796875,0.7812765957446808,0.7767158992180713,0.5534159549622043,860,"all","DT#860","DT",860
468,512,64,107,0.8888888888888888,0.8796992481203008,0.8888888888888888,0.8888888888888888,0.8569037656903766,0.8514335360556038,0.7028475580389426,860,"all","RF#860","RF",860
542,184,392,33,0.9426086956521739,0.847926267281106,0.9426086956521739,0.9426086956521739,0.7183565275016567,0.630755864465682,0.2619111924545724,860,"all","NB#860","NB",860
451,492,84,124,0.8541666666666666,0.8429906542056075,0.8541666666666666,0.8541666666666666,0.8255033557046981,0.8192875760208514,0.638553052720575,860,"all","MLP#860","MLP",860
437,427,149,138,0.76,0.7557522123893805,0.76,0.76,0.7527993109388459,0.7506516072980017,0.5013111195315294,861,"all","DT#861","DT",861
483,499,77,92,0.8663194444444444,0.8625,0.8663194444444444,0.8663194444444444,0.8551842330762639,0.8531711555169418,0.706335439359285,861,"all","RF#861","RF",861
479,417,159,96,0.8330434782608696,0.8128654970760234,0.8330434782608696,0.8330434782608696,0.7897774113767518,0.7784535186794093,0.5569488409163985,861,"all","NB#861","NB",861
472,479,97,103,0.8315972222222222,0.8295254833040422,0.8315972222222222,0.8315972222222222,0.8272884283246977,0.8262380538662033,0.6524726975183954,861,"all","MLP#861","MLP",861
437,436,140,138,0.76,0.759581881533101,0.76,0.76,0.7586805555555556,0.7584708948740226,0.5169428836265592,862,"all","DT#862","DT",862
474,506,70,101,0.8784722222222222,0.8713235294117647,0.8784722222222222,0.8784722222222222,0.8554522400676245,0.8514335360556038,0.7028529414872978,862,"all","RF#862","RF",862
404,484,92,171,0.8402777777777778,0.8145161290322581,0.8402777777777778,0.8402777777777778,0.7863525588952072,0.7715030408340573,0.5429512275769603,862,"all","NB#862","NB",862
457,489,87,118,0.8489583333333334,0.8400735294117647,0.8489583333333334,0.8489583333333334,0.8267117497886729,0.8218940052128584,0.6437710702040705,862,"all","MLP#862","MLP",862
463,453,123,112,0.8052173913043478,0.8017699115044248,0.8052173913043478,0.8052173913043478,0.7975882859603789,0.7958297132927888,0.591665899267977,863,"all","DT#863","DT",863
471,505,71,104,0.8767361111111112,0.8690036900369004,0.8767361111111112,0.8767361111111112,0.8523206751054853,0.8479582971329279,0.6959012148854035,863,"all","RF#863","RF",863
435,460,116,140,0.7986111111111112,0.7894736842105263,0.7986111111111112,0.7986111111111112,0.7823129251700681,0.7775847089487402,0.5551529644793893,863,"all","NB#863","NB",863
454,481,95,121,0.8350694444444444,0.8269581056466302,0.8350694444444444,0.8350694444444444,0.8166383701188454,0.8123370981754996,0.6246591804630013,863,"all","MLP#863","MLP",863
456,440,136,119,0.7930434782608695,0.7871198568872988,0.7930434782608695,0.7930434782608695,0.7814910025706941,0.7784535186794093,0.5569180742643985,864,"all","DT#864","DT",864
474,510,66,101,0.8854166666666666,0.8777777777777778,0.8854166666666666,0.8854166666666666,0.8593091828138164,0.8549087749782798,0.709801997388147,864,"all","RF#864","RF",864
510,325,251,65,0.8869565217391304,0.8333333333333334,0.8869565217391304,0.8869565217391304,0.7634730538922155,0.7254561251086012,0.4510659748319463,864,"all","NB#864","NB",864
457,483,93,118,0.8385416666666666,0.8309090909090909,0.8385416666666666,0.8385416666666666,0.8207306711979608,0.8166811468288445,0.6333481789016796,864,"all","MLP#864","MLP",864
460,448,128,115,0.8,0.7957371225577264,0.8,0.8,0.7910576096302666,0.788879235447437,0.5777664387625243,865,"all","DT#865","DT",865
468,510,66,107,0.8854166666666666,0.8764044943820225,0.8854166666666666,0.8854166666666666,0.8549874266554904,0.8496959165942659,0.699372998630652,865,"all","RF#865","RF",865
492,412,164,83,0.8556521739130435,0.8323232323232324,0.8556521739130435,0.8556521739130435,0.7993501218521526,0.7854039965247611,0.5708601454230386,865,"all","NB#865","NB",865
455,496,80,120,0.8611111111111112,0.8504672897196262,0.8611111111111112,0.8611111111111112,0.8322147651006712,0.8262380538662033,0.6524548583851683,865,"all","MLP#865","MLP",865
449,438,138,126,0.7808695652173913,0.776595744680851,0.7808695652173913,0.7808695652173913,0.7728055077452668,0.7706342311033884,0.5412764261517001,866,"all","DT#866","DT",866
481,503,73,94,0.8732638888888888,0.868231046931408,0.8732638888888888,0.8732638888888888,0.8576300085251491,0.8549087749782798,0.709808130994491,866,"all","RF#866","RF",866
424,493,83,151,0.8559027777777778,0.8362919132149902,0.8559027777777778,0.8559027777777778,0.8081967213114754,0.7966985230234579,0.5933549941721071,866,"all","NB#866","NB",866
467,497,79,108,0.8628472222222222,0.8553113553113553,0.8628472222222222,0.8628472222222222,0.8416596104995766,0.8375325803649001,0.6750506891153146,866,"all","MLP#866","MLP",866
454,446,130,121,0.7895652173913044,0.7865961199294532,0.7895652173913044,0.7895652173913044,0.7834339948231234,0.7819287576020851,0.5638631117632761,867,"all","DT#867","DT",867
493,520,56,82,0.9027777777777778,0.8979963570127505,0.9027777777777778,0.9027777777777778,0.8828522920203735,0.8801042571676803,0.7601989208513619,867,"all","RF#867","RF",867
484,410,166,91,0.8417391304347827,0.8183632734530938,0.8417391304347827,0.8417391304347827,0.7902040816326531,0.7767158992180713,0.5534820181893657,867,"all","NB#867","NB",867
472,488,88,103,0.8472222222222222,0.8428571428571429,0.8472222222222222,0.8472222222222222,0.8363324764353042,0.8340573414422241,0.6681069166723279,867,"all","MLP#867","MLP",867
460,452,124,115,0.8,0.7971781305114638,0.8,0.8,0.7937877480586714,0.792354474370113,0.584714277734753,868,"all","DT#868","DT",868
472,502,74,103,0.8715277777777778,0.8644688644688645,0.8715277777777778,0.8715277777777778,0.8501270110076207,0.8462206776715899,0.6924276576118218,868,"all","RF#868","RF",868
517,324,252,58,0.8991304347826087,0.8481675392670157,0.8991304347826087,0.8991304347826087,0.7693452380952381,0.7306689834926151,0.4614952746327314,868,"all","NB#868","NB",868
473,470,106,102,0.8226086956521739,0.8216783216783217,0.8226086956521739,0.8226086956521739,0.8197573656845754,0.8192875760208514,0.638577061732719,868,"all","MLP#868","MLP",868
458,435,141,117,0.7965217391304348,0.7880434782608695,0.7965217391304348,0.7965217391304348,0.7802385008517887,0.7758470894874022,0.5517100829680084,869,"all","DT#869","DT",869
484,501,75,91,0.8697916666666666,0.8658318425760286,0.8697916666666666,0.8697916666666666,0.857876712328767,0.8557775847089487,0.7115479842508272,869,"all","RF#869","RF",869
236,548,28,339,0.9513888888888888,0.8939393939393939,0.9513888888888888,0.9513888888888888,0.7491455912508544,0.6811468288444831,0.3619936292552814,869,"all","NB#869","NB",869
450,485,91,125,0.8420138888888888,0.8317929759704251,0.8420138888888888,0.8420138888888888,0.8178752107925801,0.8123370981754996,0.6246546471286268,869,"all","MLP#869","MLP",869
454,445,131,121,0.7895652173913044,0.7862190812720848,0.7895652173913044,0.7895652173913044,0.7827586206896551,0.7810599478714162,0.5621261756314067,870,"all","DT#870","DT",870
477,505,71,98,0.8767361111111112,0.8704379562043796,0.8767361111111112,0.8767361111111112,0.8566581849024596,0.8531711555169418,0.7063301191322714,870,"all","RF#870","RF",870
504,382,194,71,0.8765217391304347,0.8432671081677704,0.8765217391304347,0.8765217391304347,0.7918303220738413,0.7697654213727194,0.5396159831432268,870,"all","NB#870","NB",870
450,508,68,125,0.8819444444444444,0.8687258687258688,0.8819444444444444,0.8819444444444444,0.8403639371381307,0.8323197219808862,0.6646103302971422,870,"all","MLP#870","MLP",870
434,441,135,141,0.765625,0.7627416520210897,0.765625,0.765625,0.7616580310880829,0.7602085143353605,0.5204123225753856,871,"all","DT#871","DT",871
455,511,65,120,0.8871527777777778,0.875,0.8871527777777778,0.8871527777777778,0.8467274233637117,0.8392701998262381,0.6785134635273159,871,"all","RF#871","RF",871
462,432,144,113,0.8034782608695652,0.7926605504587156,0.8034782608695652,0.8034782608695652,0.7823878069432685,0.7767158992180713,0.5534523595665058,871,"all","NB#871","NB",871
456,491,85,119,0.8524305555555556,0.8428835489833642,0.8524305555555556,0.8524305555555556,0.8279932546374368,0.8227628149435273,0.6455071667325919,871,"all","MLP#871","MLP",871
446,428,148,129,0.7756521739130435,0.7684021543985637,0.7756521739130435,0.7756521739130435,0.7630453378956373,0.7593397046046916,0.5186928515033536,872,"all","DT#872","DT",872
474,503,73,101,0.8732638888888888,0.8665447897623401,0.8732638888888888,0.8732638888888888,0.852542372881356,0.8488271068635969,0.6976412046402928,872,"all","RF#872","RF",872
316,529,47,259,0.9184027777777778,0.8705234159779615,0.9184027777777778,0.9184027777777778,0.7756598240469208,0.7341442224152911,0.46811781548442444,872,"all","NB#872","NB",872
453,501,75,122,0.8697916666666666,0.8579545454545454,0.8697916666666666,0.8697916666666666,0.835696413678065,0.8288444830582102,0.6576644176141725,872,"all","MLP#872","MLP",872
434,456,120,141,0.7916666666666666,0.7833935018050542,0.7916666666666666,0.7916666666666666,0.7774936061381074,0.7732406602953953,0.5464665999374979,873,"all","DT#873","DT",873
472,507,69,103,0.8802083333333334,0.8724584103512015,0.8802083333333334,0.8802083333333334,0.8549747048903878,0.8505647263249348,0.7011138856764991,873,"all","RF#873","RF",873
505,364,212,70,0.8782608695652174,0.8387096774193549,0.8782608695652174,0.8782608695652174,0.781733746130031,0.7549956559513467,0.5100959637275825,873,"all","NB#873","NB",873
452,488,88,123,0.8472222222222222,0.837037037037037,0.8472222222222222,0.8472222222222222,0.8222409435551811,0.8166811468288445,0.633342643406581,873,"all","MLP#873","MLP",873
459,444,132,116,0.7982608695652174,0.7928571428571428,0.7982608695652174,0.7982608695652174,0.7873070325900515,0.7845351867940921,0.5690804569937924,874,"all","DT#874","DT",874
479,504,72,96,0.875,0.8693284936479129,0.875,0.875,0.8571428571428572,0.8540399652476107,0.7080691329395992,874,"all","RF#874","RF",874
454,434,142,121,0.7895652173913044,0.781981981981982,0.7895652173913044,0.7895652173913044,0.775405636208369,0.7715030408340573,0.5430202242984445,874,"all","NB#874","NB",874
481,477,99,94,0.8365217391304348,0.8353765323992994,0.8365217391304348,0.8365217391304348,0.832900432900433,0.8323197219808862,0.6646417222092225,874,"all","MLP#874","MLP",874
446,449,127,129,0.7795138888888888,0.7783595113438045,0.7795138888888888,0.7795138888888888,0.7781629116117851,0.7775847089487402,0.5551677390330285,875,"all","DT#875","DT",875
458,501,75,117,0.8697916666666666,0.8592870544090057,0.8697916666666666,0.8697916666666666,0.8391959798994975,0.8331885317115552,0.6663556566086618,875,"all","RF#875","RF",875
379,505,71,196,0.8767361111111112,0.8422222222222222,0.8767361111111112,0.8767361111111112,0.7909162098668755,0.7680278019113814,0.5359676871390284,875,"all","NB#875","NB",875
476,482,94,99,0.8368055555555556,0.8350877192982457,0.8368055555555556,0.8368055555555556,0.8331892826274848,0.8323197219808862,0.6646366593950739,875,"all","MLP#875","MLP",875
442,434,142,133,0.768695652173913,0.7654320987654321,0.768695652173913,0.768695652173913,0.7627264883520276,0.7610773240660296,0.5221607798203225,876,"all","DT#876","DT",876
471,512,64,104,0.8888888888888888,0.8803738317757009,0.8888888888888888,0.8888888888888888,0.8590604026845637,0.8540399652476107,0.7080620810435412,876,"all","RF#876","RF",876
384,520,56,191,0.9027777777777778,0.8727272727272727,0.9027777777777778,0.9027777777777778,0.8080808080808081,0.7854039965247611,0.5707201799883733,876,"all","NB#876","NB",876
452,498,78,123,0.8645833333333334,0.8528301886792453,0.8645833333333334,0.8645833333333334,0.8320802005012531,0.8253692441355344,0.6507144960028989,876,"all","MLP#876","MLP",876
436,454,122,139,0.7881944444444444,0.7813620071684588,0.7881944444444444,0.7881944444444444,0.7767322497861419,0.7732406602953953,0.5464693387360484,877,"all","DT#877","DT",877
470,494,82,105,0.8576388888888888,0.8514492753623188,0.8576388888888888,0.8576388888888888,0.8408510638297872,0.8375325803649001,0.6750536325989579,877,"all","RF#877","RF",877
442,439,137,133,0.768695652173913,0.7674825174825175,0.768695652173913,0.768695652173913,0.7660311958405546,0.7654213727193745,0.5308452243645873,877,"all","NB#877","NB",877
464,471,105,111,0.8177083333333334,0.8154657293497364,0.8177083333333334,0.8177083333333334,0.8134715025906737,0.8123370981754996,0.6246705133198671,877,"all","MLP#877","MLP",877
441,452,124,134,0.7847222222222222,0.7805309734513274,0.7847222222222222,0.7847222222222222,0.7779690189328744,0.7758470894874022,0.55168707257054,878,"all","DT#878","DT",878
467,498,78,108,0.8645833333333334,0.8568807339449541,0.8645833333333334,0.8645833333333334,0.8426395939086294,0.838401390095569,0.6767878980026268,878,"all","RF#878","RF",878
462,418,158,113,0.8034782608695652,0.7871939736346516,0.8034782608695652,0.8034782608695652,0.7732217573221757,0.7645525629887054,0.5291367585233491,878,"all","NB#878","NB",878
455,472,104,120,0.8194444444444444,0.813953488372093,0.8194444444444444,0.8194444444444444,0.8082191780821918,0.8053866203301477,0.6107635450131647,878,"all","MLP#878","MLP",878
447,435,141,128,0.7773913043478261,0.7726465364120781,0.7773913043478261,0.7773913043478261,0.768701633705933,0.7662901824500434,0.5325891852967862,879,"all","DT#879","DT",879
480,505,71,95,0.8767361111111112,0.8711433756805808,0.8767361111111112,0.8767361111111112,0.858843537414966,0.8557775847089487,0.711544500404604,879,"all","RF#879","RF",879
396,503,73,179,0.8732638888888888,0.8443496801705757,0.8732638888888888,0.8732638888888888,0.7996820349761525,0.7810599478714162,0.5620494825560854,879,"all","NB#879","NB",879
462,505,71,113,0.8767361111111112,0.8667917448405253,0.8767361111111112,0.8767361111111112,0.8458961474036851,0.840139009556907,0.6802575042499676,879,"all","MLP#879","MLP",879
438,461,115,137,0.8003472222222222,0.7920433996383364,0.8003472222222222,0.8003472222222222,0.7853492333901192,0.7810599478714162,0.5621050216039785,880,"all","DT#880","DT",880
482,514,62,93,0.8923611111111112,0.8860294117647058,0.8923611111111112,0.8923611111111112,0.8689771766694844,0.8653344917463076,0.7306561750323461,880,"all","RF#880","RF",880
185,555,21,390,0.9635416666666666,0.8980582524271845,0.9635416666666666,0.9635416666666666,0.7297830374753451,0.6429192006950478,0.28543980568885746,880,"all","NB#880","NB",880
469,480,96,106,0.8333333333333334,0.8300884955752212,0.8333333333333334,0.8333333333333334,0.8261617900172118,0.8245004344048653,0.6489953048808104,880,"all","MLP#880","MLP",880
469,416,160,106,0.8156521739130435,0.7969348659003831,0.8156521739130435,0.8156521739130435,0.7790697674418605,0.7688966116420504,0.53783055125337,881,"all","DT#881","DT",881
492,488,88,83,0.8556521739130435,0.8546409807355516,0.8556521739130435,0.8556521739130435,0.851948051948052,0.8514335360556038,0.7028690906620572,881,"all","RF#881","RF",881
479,424,152,96,0.8330434782608696,0.8153846153846154,0.8330434782608696,0.8330434782608696,0.7943615257048092,0.7845351867940921,0.5691064765056094,881,"all","NB#881","NB",881
466,486,90,109,0.84375,0.8381294964028777,0.84375,0.84375,0.8300597779675492,0.8271068635968722,0.6542035475051368,881,"all","MLP#881","MLP",881
424,449,127,151,0.7795138888888888,0.7695099818511797,0.7795138888888888,0.7795138888888888,0.7636054421768708,0.7584708948740226,0.516923922364337,882,"all","DT#882","DT",882
467,503,73,108,0.8732638888888888,0.8648148148148148,0.8732638888888888,0.8732638888888888,0.8475147430497052,0.8427454387489139,0.685474021121285,882,"all","RF#882","RF",882
435,460,116,140,0.7986111111111112,0.7894736842105263,0.7986111111111112,0.7986111111111112,0.7823129251700681,0.7775847089487402,0.5551529644793893,882,"all","NB#882","NB",882
452,491,85,123,0.8524305555555556,0.8417132216014898,0.8524305555555556,0.8524305555555556,0.8252100840336135,0.8192875760208514,0.6385541441085086,882,"all","MLP#882","MLP",882
453,448,128,122,0.7878260869565218,0.7859649122807018,0.7878260869565218,0.7878260869565218,0.7837370242214534,0.7827975673327541,0.5655987415572925,883,"all","DT#883","DT",883
478,491,85,97,0.8524305555555556,0.8490230905861457,0.8524305555555556,0.8524305555555556,0.8436426116838489,0.841876629018245,0.6837472901079126,883,"all","RF#883","RF",883
490,400,176,85,0.8521739130434782,0.8247422680412371,0.8521739130434782,0.8521739130434782,0.789685737308622,0.7732406602953953,0.5465432737954177,883,"all","NB#883","NB",883
452,484,92,123,0.8402777777777778,0.8308823529411765,0.8402777777777778,0.8402777777777778,0.8182586644125105,0.8132059079061685,0.6263940492384155,883,"all","MLP#883","MLP",883
454,449,127,121,0.7895652173913044,0.787719298245614,0.7895652173913044,0.7895652173913044,0.7854671280276816,0.7845351867940921,0.5690739516248342,884,"all","DT#884","DT",884
475,498,78,100,0.8645833333333334,0.8589511754068716,0.8645833333333334,0.8645833333333334,0.8483816013628621,0.845351867940921,0.6906932295456674,884,"all","RF#884","RF",884
415,486,90,160,0.84375,0.8217821782178217,0.84375,0.84375,0.795417348608838,0.7827975673327541,0.5655488955656545,884,"all","NB#884","NB",884
470,481,95,105,0.8350694444444444,0.831858407079646,0.8350694444444444,0.8350694444444444,0.8278829604130807,0.8262380538662033,0.6524705988918915,884,"all","MLP#884","MLP",884
459,433,143,116,0.7982608695652174,0.7887067395264117,0.7982608695652174,0.7982608695652174,0.7799490229396772,0.7749782797567333,0.5499745632348922,885,"all","DT#885","DT",885
467,495,81,108,0.859375,0.8521897810218978,0.859375,0.859375,0.8396946564885497,0.8357949609035621,0.6715762870769189,885,"all","RF#885","RF",885
452,460,116,123,0.7986111111111112,0.795774647887324,0.7986111111111112,0.7986111111111112,0.7937877480586712,0.792354474370113,0.5847042465726541,885,"all","NB#885","NB",885
468,494,82,107,0.8576388888888888,0.850909090909091,0.8576388888888888,0.8576388888888888,0.8394222599830076,0.8357949609035621,0.6715772787318361,885,"all","MLP#885","MLP",885
441,428,148,134,0.7669565217391304,0.7615658362989324,0.7669565217391304,0.7669565217391304,0.7577319587628866,0.7549956559513467,0.5100012982817392,886,"all","DT#886","DT",886
468,502,74,107,0.8715277777777778,0.8634686346863468,0.8715277777777778,0.8715277777777778,0.8472573839662447,0.8427454387489139,0.6854749708243315,886,"all","RF#886","RF",886
504,357,219,71,0.8765217391304347,0.8341121495327103,0.8765217391304347,0.8765217391304347,0.7765793528505393,0.7480451781059948,0.49620253928771957,886,"all","NB#886","NB",886
458,476,100,117,0.8263888888888888,0.8207885304659498,0.8263888888888888,0.8263888888888888,0.8143712574850298,0.8114682884448305,0.622926614964454,886,"all","MLP#886","MLP",886
431,425,151,144,0.7495652173913043,0.7469244288224957,0.7495652173913043,0.7495652173913043,0.7450302506482283,0.7437011294526499,0.48740728887224916,887,"all","DT#887","DT",887
485,501,75,90,0.8697916666666666,0.8660714285714286,0.8697916666666666,0.8697916666666666,0.858611825192802,0.8566463944396178,0.7132860798478228,887,"all","RF#887","RF",887
538,199,377,37,0.9356521739130435,0.8432203389830508,0.9356521739130435,0.9356521739130435,0.7221476510067114,0.6403127715030409,0.28099405498385505,887,"all","NB#887","NB",887
466,481,95,109,0.8350694444444444,0.8306595365418895,0.8350694444444444,0.8350694444444444,0.8250428816466553,0.8227628149435273,0.6455178702448421,887,"all","MLP#887","MLP",887
432,435,141,143,0.7552083333333334,0.7539267015706806,0.7552083333333334,0.7552083333333334,0.7538994800693242,0.7532580364900087,0.506514210489766,888,"all","DT#888","DT",888
459,504,72,116,0.875,0.864406779661017,0.875,0.875,0.842809364548495,0.8366637706342311,0.6733055939706141,888,"all","RF#888","RF",888
441,442,134,134,0.7673611111111112,0.7673611111111112,0.7673611111111112,0.7673611111111112,0.7673611111111112,0.7671589921807124,0.5343176328502414,888,"all","NB#888","NB",888
447,486,90,128,0.84375,0.8324022346368715,0.84375,0.84375,0.8168067226890757,0.8105994787141616,0.6211769394983407,888,"all","MLP#888","MLP",888
438,448,128,137,0.7777777777777778,0.773851590106007,0.7777777777777778,0.7777777777777778,0.7717484926787254,0.7697654213727194,0.5395242387049342,889,"all","DT#889","DT",889
470,500,76,105,0.8680555555555556,0.8608058608058609,0.8680555555555556,0.8680555555555556,0.846740050804403,0.8427454387489139,0.6854768702132188,889,"all","RF#889","RF",889
455,444,132,120,0.7913043478260869,0.7872340425531915,0.7913043478260869,0.7913043478260869,0.7831325301204819,0.7810599478714162,0.5621274976902593,889,"all","NB#889","NB",889
458,475,101,117,0.8246527777777778,0.8193202146690519,0.8246527777777778,0.8246527777777778,0.8133561643835617,0.8105994787141616,0.6211895214860262,889,"all","MLP#889","MLP",889
423,431,145,152,0.7482638888888888,0.7447183098591549,0.7482638888888888,0.7482638888888888,0.7437446074201899,0.7419635099913119,0.4839211767032562,890,"all","DT#890","DT",890
467,502,74,108,0.8715277777777778,0.8632162661737524,0.8715277777777778,0.8715277777777778,0.8465430016863408,0.841876629018245,0.6837367860065281,890,"all","RF#890","RF",890
494,392,184,81,0.8591304347826086,0.828752642706131,0.8591304347826086,0.8591304347826086,0.788507581803671,0.7697654213727194,0.539602084820748,890,"all","NB#890","NB",890
457,491,85,118,0.8524305555555556,0.8431734317343174,0.8524305555555556,0.8524305555555556,0.8286919831223628,0.8236316246741964,0.6472454092670681,890,"all","MLP#890","MLP",890
450,438,138,125,0.782608695652174,0.7779751332149201,0.782608695652174,0.782608695652174,0.7738607050730868,0.7715030408340573,0.5430147053273411,891,"all","DT#891","DT",891
481,496,80,94,0.8611111111111112,0.857397504456328,0.8611111111111112,0.8611111111111112,0.850771869639794,0.8488271068635969,0.6976475952088359,891,"all","RF#891","RF",891
467,436,140,108,0.8121739130434783,0.8014705882352942,0.8121739130434783,0.8121739130434783,0.790186125211506,0.7845351867940921,0.5690908651755953,891,"all","NB#891","NB",891
474,479,97,101,0.8315972222222222,0.830122591943958,0.8315972222222222,0.8315972222222222,0.828719723183391,0.8279756733275413,0.6559490093539213,891,"all","MLP#891","MLP",891
441,425,151,134,0.7669565217391304,0.7602862254025045,0.7669565217391304,0.7669565217391304,0.755784061696658,0.7523892267593397,0.5047907888837394,892,"all","DT#892","DT",892
494,496,80,81,0.8611111111111112,0.8606271777003485,0.8611111111111112,0.8611111111111112,0.8603642671292281,0.8601216333622936,0.7202426332165356,892,"all","RF#892","RF",892
348,539,37,227,0.9357638888888888,0.9038961038961039,0.9357638888888888,0.9357638888888888,0.8032786885245902,0.7706342311033884,0.5411364974856918,892,"all","NB#892","NB",892
479,476,100,96,0.8330434782608696,0.8321678321678322,0.8330434782608696,0.8330434782608696,0.830155979202773,0.8297132927888793,0.659428385094293,892,"all","MLP#892","MLP",892
433,448,128,142,0.7777777777777778,0.7718360071301248,0.7777777777777778,0.7777777777777778,0.7684391080617496,0.7654213727193745,0.5308324753240559,893,"all","DT#893","DT",893
480,509,67,95,0.8836805555555556,0.8775137111517367,0.8836805555555556,0.8836805555555556,0.8627118644067797,0.8592528236316247,0.7184935353547554,893,"all","RF#893","RF",893
379,519,57,196,0.9010416666666666,0.8692660550458715,0.9010416666666666,0.9010416666666666,0.804027885360186,0.7801911381407471,0.5602896743126955,893,"all","NB#893","NB",893
464,489,87,111,0.8489583333333334,0.8421052631578947,0.8489583333333334,0.8489583333333334,0.8316326530612245,0.8279756733275413,0.6559386209645278,893,"all","MLP#893","MLP",893
461,428,148,114,0.8017391304347826,0.7896678966789668,0.8017391304347826,0.8017391304347826,0.7787162162162161,0.7723718505647263,0.5447667239302331,894,"all","DT#894","DT",894
482,481,95,93,0.8382608695652174,0.837979094076655,0.8382608695652174,0.8382608695652174,0.8368055555555556,0.8366637706342311,0.6733282810136443,894,"all","RF#894","RF",894
473,414,162,102,0.8226086956521739,0.8023255813953488,0.8226086956521739,0.8226086956521739,0.7818181818181819,0.7706342311033884,0.541309663979712,894,"all","NB#894","NB",894
474,471,105,101,0.8243478260869566,0.8234265734265734,0.8243478260869566,0.8243478260869566,0.8214904679376083,0.8210251954821894,0.6420522822929814,894,"all","MLP#894","MLP",894
446,448,128,129,0.7777777777777778,0.7770034843205574,0.7777777777777778,0.7777777777777778,0.7771032090199479,0.7767158992180713,0.5534307871841595,895,"all","DT#895","DT",895
461,509,67,114,0.8836805555555556,0.8731060606060606,0.8836805555555556,0.8836805555555556,0.8490408673894912,0.8427454387489139,0.6854683227825645,895,"all","RF#895","RF",895
236,553,23,339,0.9600694444444444,0.9111969111969112,0.9600694444444444,0.9600694444444444,0.7534059945504087,0.685490877497828,0.3706810616175592,895,"all","NB#895","NB",895
449,480,96,126,0.8333333333333334,0.8238532110091743,0.8333333333333334,0.8333333333333334,0.8121827411167514,0.8071242397914856,0.6142307169708772,895,"all","MLP#895","MLP",895
446,455,121,129,0.7899305555555556,0.7865961199294532,0.7899305555555556,0.7899305555555556,0.7844827586206897,0.7827975673327541,0.5655895602603895,896,"all","DT#896","DT",896
474,502,74,101,0.8715277777777778,0.864963503649635,0.8715277777777778,0.8715277777777778,0.8515691263782867,0.8479582971329279,0.6959039695156657,896,"all","RF#896","RF",896
495,364,212,80,0.8608695652173913,0.8198198198198198,0.8608695652173913,0.8608695652173913,0.7722308892355694,0.7463075586446568,0.4927158235375801,896,"all","NB#896","NB",896
452,492,84,123,0.8541666666666666,0.8432835820895522,0.8541666666666666,0.8541666666666666,0.8261964735516373,0.8201563857515204,0.6402913214999071,896,"all","MLP#896","MLP",896
441,444,132,134,0.7708333333333334,0.7696335078534031,0.7708333333333334,0.7708333333333334,0.7694974003466205,0.7688966116420504,0.5377914788390061,897,"all","DT#897","DT",897
470,507,69,105,0.8802083333333334,0.8719851576994434,0.8802083333333334,0.8802083333333334,0.8535353535353536,0.8488271068635969,0.6976375527655488,897,"all","RF#897","RF",897
427,483,93,148,0.8385416666666666,0.8211538461538461,0.8385416666666666,0.8385416666666666,0.8003314001657001,0.790616854908775,0.5811986200545034,897,"all","NB#897","NB",897
457,489,87,118,0.8489583333333334,0.8400735294117647,0.8489583333333334,0.8489583333333334,0.8267117497886729,0.8218940052128584,0.6437710702040705,897,"all","MLP#897","MLP",897
433,452,124,142,0.7847222222222222,0.77737881508079,0.7847222222222222,0.7847222222222222,0.7726495726495726,0.7688966116420504,0.537780314078583,898,"all","DT#898","DT",898
471,501,75,104,0.8697916666666666,0.8626373626373627,0.8697916666666666,0.8697916666666666,0.8484335309060118,0.8444830582102519,0.6889522639125203,898,"all","RF#898","RF",898
515,310,266,60,0.8956521739130435,0.8378378378378378,0.8956521739130435,0.8956521739130435,0.7595870206489675,0.7167680278019114,0.4337117381973601,898,"all","NB#898","NB",898
456,497,79,119,0.8628472222222222,0.8523364485981308,0.8628472222222222,0.8628472222222222,0.8338926174496645,0.8279756733275413,0.6559303098013166,898,"all","MLP#898","MLP",898
450,436,140,125,0.782608695652174,0.7771836007130125,0.782608695652174,0.782608695652174,0.7725321888412017,0.7697654213727194,0.5395409222315316,899,"all","DT#899","DT",899
487,494,82,88,0.8576388888888888,0.8558875219683656,0.8576388888888888,0.8576388888888888,0.8531951640759929,0.8523023457862728,0.7046017928906362,899,"all","RF#899","RF",899
393,490,86,182,0.8506944444444444,0.8204592901878914,0.8506944444444444,0.8506944444444444,0.7852564102564101,0.7671589921807124,0.5342501328694979,899,"all","NB#899","NB",899
469,459,117,106,0.8156521739130435,0.8123893805309734,0.8156521739130435,0.8156521739130435,0.8079242032730404,0.8062554300608167,0.6125170022840803,899,"all","MLP#899","MLP",899
448,442,134,127,0.7791304347826087,0.7768014059753954,0.7791304347826087,0.7791304347826087,0.7744165946413137,0.7732406602953953,0.5464857708327356,900,"all","DT#900","DT",900
484,493,83,91,0.8559027777777778,0.8536155202821869,0.8559027777777778,0.8559027777777778,0.8500000000000001,0.8488271068635969,0.6976503339412311,900,"all","RF#900","RF",900
500,361,215,75,0.8695652173913043,0.8279816513761468,0.8695652173913043,0.8695652173913043,0.7751937984496123,0.7480451781059948,0.4961964560630302,900,"all","NB#900","NB",900
465,470,106,110,0.8159722222222222,0.8143607705779334,0.8159722222222222,0.8159722222222222,0.8131487889273357,0.8123370981754996,0.6246716465679141,900,"all","MLP#900","MLP",900
450,445,131,125,0.782608695652174,0.7807017543859649,0.782608695652174,0.782608695652174,0.7785467128027682,0.7775847089487402,0.5551731113546676,901,"all","DT#901","DT",901
488,510,66,87,0.8854166666666666,0.8808664259927798,0.8854166666666666,0.8854166666666666,0.8695652173913043,0.8670721112076455,0.7341355930668091,901,"all","RF#901","RF",901
481,441,135,94,0.8365217391304348,0.8242990654205608,0.8365217391304348,0.8365217391304348,0.8077246011754827,0.8010425716768028,0.6021094708811805,901,"all","NB#901","NB",901
470,490,86,105,0.8506944444444444,0.8453237410071942,0.8506944444444444,0.8506944444444444,0.8368915456874466,0.8340573414422241,0.6681049124295533,901,"all","MLP#901","MLP",901
459,427,149,116,0.7982608695652174,0.7863720073664825,0.7982608695652174,0.7982608695652174,0.7759932375316991,0.7697654213727194,0.539553434083145,902,"all","DT#902","DT",902
470,505,71,105,0.8767361111111112,0.8687615526802218,0.8767361111111112,0.8767361111111112,0.851602023608769,0.8470894874022589,0.6941630458085106,902,"all","RF#902","RF",902
371,512,64,204,0.8888888888888888,0.8528735632183908,0.8888888888888888,0.8888888888888888,0.7925696594427244,0.7671589921807124,0.5342191888382205,902,"all","NB#902","NB",902
464,482,94,111,0.8368055555555556,0.8315412186379928,0.8368055555555556,0.8368055555555556,0.8246364414029084,0.8218940052128584,0.6437785993903828,902,"all","MLP#902","MLP",902
456,433,143,119,0.7930434782608695,0.7844202898550725,0.7930434782608695,0.7930434782608695,0.776831345826235,0.7723718505647263,0.5447598516961947,903,"all","DT#903","DT",903
481,510,66,94,0.8854166666666666,0.8793418647166362,0.8854166666666666,0.8854166666666666,0.864406779661017,0.8609904430929627,0.7219689238071658,903,"all","RF#903","RF",903
530,224,352,45,0.9217391304347826,0.8327137546468402,0.9217391304347826,0.9217391304347826,0.727522306108442,0.6550825369244135,0.3104841204333137,903,"all","NB#903","NB",903
450,492,84,125,0.8541666666666666,0.8426966292134831,0.8541666666666666,0.8541666666666666,0.8248113998323554,0.8184187662901824,0.6368147786925216,903,"all","MLP#903","MLP",903
461,453,123,114,0.8017391304347826,0.798941798941799,0.8017391304347826,0.8017391304347826,0.7955133735979293,0.794092093831451,0.5881894720633325,904,"all","DT#904","DT",904
481,510,66,94,0.8854166666666666,0.8793418647166362,0.8854166666666666,0.8854166666666666,0.864406779661017,0.8609904430929627,0.7219689238071658,904,"all","RF#904","RF",904
415,508,68,160,0.8819444444444444,0.8592132505175983,0.8819444444444444,0.8819444444444444,0.8167202572347266,0.8019113814074718,0.6037674314669308,904,"all","NB#904","NB",904
475,500,76,100,0.8680555555555556,0.8620689655172413,0.8680555555555556,0.8680555555555556,0.8503401360544218,0.8470894874022589,0.6941676630795801,904,"all","MLP#904","MLP",904
438,427,149,137,0.7617391304347826,0.7570921985815603,0.7617391304347826,0.7617391304347826,0.7538726333907058,0.7515204170286707,0.5030494616643417,905,"all","DT#905","DT",905
474,500,76,101,0.8680555555555556,0.8618181818181818,0.8680555555555556,0.8680555555555556,0.8496176720475787,0.8462206776715899,0.6924295150028308,905,"all","RF#905","RF",905
501,376,200,74,0.871304347826087,0.8355555555555556,0.871304347826087,0.871304347826087,0.7852664576802509,0.7619461337966985,0.52398245502818,905,"all","NB#905","NB",905
457,493,83,118,0.8559027777777778,0.8462962962962963,0.8559027777777778,0.8559027777777778,0.8306655433866892,0.8253692441355344,0.6507197693114823,905,"all","MLP#905","MLP",905
441,437,139,134,0.7669565217391304,0.7653239929947461,0.7669565217391304,0.7669565217391304,0.7636363636363636,0.7628149435273676,0.5256331096534599,906,"all","DT#906","DT",906
470,500,76,105,0.8680555555555556,0.8608058608058609,0.8680555555555556,0.8680555555555556,0.846740050804403,0.8427454387489139,0.6854768702132188,906,"all","RF#906","RF",906
427,466,110,148,0.8090277777777778,0.7951582867783985,0.8090277777777778,0.8090277777777778,0.7831932773109244,0.7758470894874022,0.5516681210576693,906,"all","NB#906","NB",906
479,469,107,96,0.8330434782608696,0.8300884955752212,0.8330434782608696,0.8330434782608696,0.8251507321274762,0.8236316246741964,0.6472688406442526,906,"all","MLP#906","MLP",906
446,433,143,129,0.7756521739130435,0.7704626334519573,0.7756521739130435,0.7756521739130435,0.7663230240549829,0.7636837532580365,0.5273771387682024,907,"all","DT#907","DT",907
472,503,73,103,0.8732638888888888,0.8660550458715597,0.8732638888888888,0.8732638888888888,0.8510998307952623,0.8470894874022589,0.6941648927336684,907,"all","RF#907","RF",907
497,373,203,78,0.8643478260869565,0.8270509977827051,0.8643478260869565,0.8643478260869565,0.7796078431372548,0.7558644656820156,0.5118206860118485,907,"all","NB#907","NB",907
454,490,86,121,0.8506944444444444,0.8407407407407408,0.8506944444444444,0.8506944444444444,0.8256107834877843,0.8201563857515204,0.6402934937685414,907,"all","MLP#907","MLP",907
449,439,137,126,0.7808695652173913,0.7769911504424779,0.7808695652173913,0.7808695652173913,0.7734711455641687,0.7715030408340573,0.5430133255637359,908,"all","DT#908","DT",908
477,509,67,98,0.8836805555555556,0.8768382352941176,0.8836805555555556,0.8836805555555556,0.8605240912933221,0.8566463944396178,0.7132791540666911,908,"all","RF#908","RF",908
473,413,163,102,0.8226086956521739,0.8019417475728156,0.8226086956521739,0.8226086956521739,0.7811725846407926,0.7697654213727194,0.5395728956119682,908,"all","NB#908","NB",908
466,495,81,109,0.859375,0.8519195612431444,0.859375,0.859375,0.8389830508474576,0.8349261511728931,0.6698380970210094,908,"all","MLP#908","MLP",908
452,432,144,123,0.7860869565217391,0.7783783783783784,0.7860869565217391,0.7860869565217391,0.7719897523484202,0.7680278019113814,0.5360699615501321,909,"all","DT#909","DT",909
468,495,81,107,0.859375,0.8524590163934426,0.859375,0.859375,0.8404074702886247,0.8366637706342311,0.6733144718844641,909,"all","RF#909","RF",909
464,430,146,111,0.8069565217391305,0.7948243992606284,0.8069565217391305,0.8069565217391305,0.7831223628691983,0.7767158992180713,0.5534550559677553,909,"all","NB#909","NB",909
440,489,87,135,0.8489583333333334,0.8349146110056926,0.8489583333333334,0.8489583333333334,0.8150000000000001,0.8071242397914856,0.6142202333502427,909,"all","MLP#909","MLP",909
431,463,113,144,0.8038194444444444,0.7922794117647058,0.8038194444444444,0.8038194444444444,0.782755705832629,0.7767158992180713,0.5534105611826642,910,"all","DT#910","DT",910
469,513,63,106,0.890625,0.881578947368421,0.890625,0.890625,0.8585774058577406,0.8531711555169418,0.706323025196382,910,"all","RF#910","RF",910
508,357,219,67,0.8834782608695653,0.8419811320754716,0.8834782608695653,0.8834782608695653,0.7803379416282642,0.7515204170286707,0.5031544693850445,910,"all","NB#910","NB",910
441,483,93,134,0.8385416666666666,0.8258426966292135,0.8385416666666666,0.8385416666666666,0.8097233864207878,0.8027801911381407,0.6055356687234565,910,"all","MLP#910","MLP",910
450,461,115,125,0.8003472222222222,0.7964601769911505,0.8003472222222222,0.8003472222222222,0.7934595524956971,0.7914856646394439,0.5829647186702698,911,"all","DT#911","DT",911
465,506,70,110,0.8784722222222222,0.8691588785046729,0.8784722222222222,0.8784722222222222,0.848993288590604,0.843614248479583,0.6872093725466515,911,"all","RF#911","RF",911
271,545,31,304,0.9461805555555556,0.8973509933774835,0.9461805555555556,0.9461805555555556,0.7649122807017544,0.7089487402258905,0.4176570355838078,911,"all","NB#911","NB",911
469,480,96,106,0.8333333333333334,0.8300884955752212,0.8333333333333334,0.8333333333333334,0.8261617900172118,0.8245004344048653,0.6489953048808104,911,"all","MLP#911","MLP",911
441,444,132,134,0.7708333333333334,0.7696335078534031,0.7708333333333334,0.7708333333333334,0.7694974003466205,0.7688966116420504,0.5377914788390061,912,"all","DT#912","DT",912
485,503,73,90,0.8732638888888888,0.8691756272401434,0.8732638888888888,0.8732638888888888,0.8605645851154833,0.8583840139009556,0.7167605448811336,912,"all","RF#912","RF",912
409,496,80,166,0.8611111111111112,0.83640081799591,0.8611111111111112,0.8611111111111112,0.8012924071082391,0.7862728062554301,0.5724897858115637,912,"all","NB#912","NB",912
480,481,95,95,0.8350694444444444,0.8350694444444444,0.8350694444444444,0.8350694444444444,0.8350694444444444,0.8349261511728931,0.6698520531400967,912,"all","MLP#912","MLP",912
450,440,136,125,0.782608695652174,0.7787610619469026,0.782608695652174,0.782608695652174,0.7751937984496124,0.7732406602953953,0.5464885093997532,913,"all","DT#913","DT",913
487,496,80,88,0.8611111111111112,0.8589065255731922,0.8611111111111112,0.8611111111111112,0.8551724137931035,0.8540399652476107,0.7080761844949817,913,"all","RF#913","RF",913
501,381,195,74,0.871304347826087,0.8373626373626374,0.871304347826087,0.871304347826087,0.7883556254917387,0.7662901824500434,0.5326653796634371,913,"all","NB#913","NB",913
468,485,91,107,0.8420138888888888,0.8372093023255814,0.8420138888888888,0.8420138888888888,0.8304794520547946,0.8279756733275413,0.6559427763955652,913,"all","MLP#913","MLP",913
442,460,116,133,0.7986111111111112,0.7921146953405018,0.7986111111111112,0.7986111111111112,0.7869974337040205,0.7836663770634231,0.5673213231619773,914,"all","DT#914","DT",914
467,499,77,108,0.8663194444444444,0.8584558823529411,0.8663194444444444,0.8663194444444444,0.8436179205409974,0.8392701998262381,0.6785251121353808,914,"all","RF#914","RF",914
470,409,167,105,0.8173913043478261,0.7957198443579766,0.8173913043478261,0.8173913043478261,0.7755775577557755,0.7636837532580365,0.5274113835963422,914,"all","NB#914","NB",914
454,483,93,121,0.8385416666666666,0.829981718464351,0.8385416666666666,0.8385416666666666,0.8186440677966103,0.8140747176368376,0.6281334355920843,914,"all","MLP#914","MLP",914
458,413,163,117,0.7965217391304348,0.779245283018868,0.7965217391304348,0.7965217391304348,0.765886287625418,0.7567332754126846,0.5134999682993029,915,"all","DT#915","DT",915
484,500,76,91,0.8680555555555556,0.8642857142857143,0.8680555555555556,0.8680555555555556,0.856898029134533,0.8549087749782798,0.7098107596035539,915,"all","RF#915","RF",915
394,503,73,181,0.8732638888888888,0.8436830835117773,0.8732638888888888,0.8732638888888888,0.7984126984126984,0.7793223284100782,0.5585723517723301,915,"all","NB#915","NB",915
467,495,81,108,0.859375,0.8521897810218978,0.859375,0.859375,0.8396946564885497,0.8357949609035621,0.6715762870769189,915,"all","MLP#915","MLP",915
455,442,134,120,0.7913043478260869,0.7864768683274022,0.7913043478260869,0.7913043478260869,0.7817869415807559,0.7793223284100782,0.5586536516438361,916,"all","DT#916","DT",916
475,504,72,100,0.875,0.8683729433272395,0.875,0.875,0.8542372881355932,0.8505647263249348,0.7011165930927032,916,"all","RF#916","RF",916
300,535,41,275,0.9288194444444444,0.8797653958944281,0.9288194444444444,0.9288194444444444,0.772005772005772,0.7254561251086012,0.45071779583971394,916,"all","NB#916","NB",916
470,485,91,105,0.8420138888888888,0.8377896613190731,0.8420138888888888,0.8420138888888888,0.8319039451114922,0.8297132927888793,0.6594191302352406,916,"all","MLP#916","MLP",916
456,450,126,119,0.7930434782608695,0.7908611599297012,0.7930434782608695,0.7930434782608695,0.7882454624027657,0.787141615986099,0.5742874094023763,917,"all","DT#917","DT",917
463,501,75,112,0.8697916666666666,0.8605947955390335,0.8697916666666666,0.8697916666666666,0.8427249789739276,0.8375325803649001,0.6750467643875036,917,"all","RF#917","RF",917
486,385,191,89,0.8452173913043478,0.8122362869198312,0.8452173913043478,0.8452173913043478,0.7763578274760383,0.7567332754126846,0.5135410911967059,917,"all","NB#917","NB",917
441,501,75,134,0.8697916666666666,0.8546511627906976,0.8697916666666666,0.8697916666666666,0.8274153592072666,0.8184187662901824,0.6368049086497739,917,"all","MLP#917","MLP",917
459,439,137,116,0.7982608695652174,0.790990990990991,0.7982608695652174,0.7982608695652174,0.7839453458582407,0.7801911381407471,0.5603958811692262,918,"all","DT#918","DT",918
483,506,70,92,0.8784722222222222,0.8734177215189873,0.8784722222222222,0.8784722222222222,0.8620102214650767,0.8592528236316247,0.7184960853168433,918,"all","RF#918","RF",918
478,429,147,97,0.831304347826087,0.8155893536121673,0.831304347826087,0.831304347826087,0.7966666666666667,0.788010425716768,0.5760525322665861,918,"all","NB#918","NB",918
466,471,105,109,0.8177083333333334,0.8161120840630472,0.8177083333333334,0.8177083333333334,0.814878892733564,0.8140747176368376,0.6281469090996927,918,"all","MLP#918","MLP",918
454,425,151,121,0.7895652173913044,0.7783882783882784,0.7895652173913044,0.7895652173913044,0.7694915254237288,0.7636837532580365,0.5273885542623372,919,"all","DT#919","DT",919
478,489,87,97,0.8489583333333334,0.8460176991150442,0.8489583333333334,0.8489583333333334,0.8416523235800344,0.840139009556907,0.6802729509805402,919,"all","RF#919","RF",919
403,483,93,172,0.8385416666666666,0.8125,0.8385416666666666,0.8385416666666666,0.7847278635255889,0.7697654213727194,0.539475571512907,919,"all","NB#919","NB",919
473,486,90,102,0.84375,0.8401420959147424,0.84375,0.84375,0.8350515463917526,0.8331885317115552,0.6663707675863693,919,"all","MLP#919","MLP",919
441,452,124,134,0.7847222222222222,0.7805309734513274,0.7847222222222222,0.7847222222222222,0.7779690189328744,0.7758470894874022,0.55168707257054,920,"all","DT#920","DT",920
470,520,56,105,0.9027777777777778,0.8935361216730038,0.9027777777777778,0.9027777777777778,0.8659450457951706,0.8601216333622936,0.7202223594438598,920,"all","RF#920","RF",920
382,506,70,193,0.8784722222222222,0.8451327433628318,0.8784722222222222,0.8784722222222222,0.7937254901960785,0.7715030408340573,0.5429208624185952,920,"all","NB#920","NB",920
465,498,78,110,0.8645833333333334,0.856353591160221,0.8645833333333334,0.8645833333333334,0.8412162162162162,0.8366637706342311,0.6733115126334606,920,"all","MLP#920","MLP",920
458,434,142,117,0.7965217391304348,0.7876588021778584,0.7965217391304348,0.7965217391304348,0.7795744680851063,0.7749782797567333,0.5499732045137186,921,"all","DT#921","DT",921
485,498,78,90,0.8645833333333334,0.8614564831261101,0.8645833333333334,0.8645833333333334,0.8556701030927835,0.8540399652476107,0.708074421638073,921,"all","RF#921","RF",921
457,436,140,118,0.7947826086956522,0.7870036101083032,0.7947826086956522,0.7947826086956522,0.779863481228669,0.7758470894874022,0.551708729480603,921,"all","NB#921","NB",921
463,474,102,112,0.8229166666666666,0.8194690265486726,0.8229166666666666,0.8229166666666666,0.8158347676419965,0.8140747176368376,0.628143540814324,921,"all","MLP#921","MLP",921
444,442,134,131,0.7721739130434783,0.7713787085514834,0.7721739130434783,0.7721739130434783,0.7701647875108412,0.7697654213727194,0.5395325806193513,922,"all","DT#922","DT",922
480,510,66,95,0.8854166666666666,0.8791208791208791,0.8854166666666666,0.8854166666666666,0.863674851820491,0.8601216333622936,0.7202308072062333,922,"all","RF#922","RF",922
421,473,103,154,0.8211805555555556,0.8034351145038168,0.8211805555555556,0.8211805555555556,0.7863674147963426,0.7767158992180713,0.5533970761637748,922,"all","NB#922","NB",922
461,489,87,114,0.8489583333333334,0.8412408759124088,0.8489583333333334,0.8489583333333334,0.8295165394402036,0.8253692441355344,0.6507239878437074,922,"all","MLP#922","MLP",922
451,429,147,124,0.7843478260869565,0.7757685352622061,0.7843478260869565,0.7843478260869565,0.7689684569479966,0.7645525629887054,0.5291211204924949,923,"all","DT#923","DT",923
479,510,66,96,0.8854166666666666,0.8788990825688073,0.8854166666666666,0.8854166666666666,0.8629441624365483,0.8592528236316247,0.7184926853571267,923,"all","RF#923","RF",923
489,384,192,86,0.8504347826086956,0.8170212765957446,0.8504347826086956,0.8504347826086956,0.7786624203821657,0.7584708948740226,0.5170187137927809,923,"all","NB#923","NB",923
452,499,77,123,0.8663194444444444,0.8544423440453687,0.8663194444444444,0.8663194444444444,0.8330550918196996,0.8262380538662033,0.6524517101127192,923,"all","MLP#923","MLP",923
448,442,134,127,0.7791304347826087,0.7768014059753954,0.7791304347826087,0.7791304347826087,0.7744165946413137,0.7732406602953953,0.5464857708327356,924,"all","DT#924","DT",924
494,506,70,81,0.8784722222222222,0.875886524822695,0.8784722222222222,0.8784722222222222,0.8701633705932932,0.8688097306689835,0.7376149060446354,924,"all","RF#924","RF",924
515,349,227,60,0.8956521739130435,0.8533007334963325,0.8956521739130435,0.8956521739130435,0.7820804859529235,0.7506516072980017,0.5014285347745964,924,"all","NB#924","NB",924
458,490,86,117,0.8506944444444444,0.8419117647058824,0.8506944444444444,0.8506944444444444,0.8284023668639053,0.8236316246741964,0.6472464743972016,924,"all","MLP#924","MLP",924
438,450,126,137,0.78125,0.776595744680851,0.78125,0.78125,0.7738607050730869,0.7715030408340573,0.5429981476141662,925,"all","DT#925","DT",925
475,512,64,100,0.8888888888888888,0.8812615955473099,0.8888888888888888,0.8888888888888888,0.8619528619528619,0.8575152041702867,0.7150147049054598,925,"all","RF#925","RF",925
491,394,182,84,0.8539130434782609,0.8242677824267782,0.8539130434782609,0.8539130434782609,0.7868589743589743,0.7688966116420504,0.5378612463735738,925,"all","NB#925","NB",925
467,496,80,108,0.8611111111111112,0.8537477148080439,0.8611111111111112,0.8611111111111112,0.8406779661016949,0.8366637706342311,0.6733134854734198,925,"all","MLP#925","MLP",925
432,438,138,143,0.7604166666666666,0.7578947368421053,0.7604166666666666,0.7604166666666666,0.7571305099394987,0.7558644656820156,0.5117248771503407,926,"all","DT#926","DT",926
473,499,77,102,0.8663194444444444,0.86,0.8663194444444444,0.8663194444444444,0.8479184367034834,0.8444830582102519,0.6889541422909983,926,"all","RF#926","RF",926
495,393,183,80,0.8608695652173913,0.8308668076109936,0.8608695652173913,0.8608695652173913,0.7901037509976058,0.7715030408340573,0.5430767860673837,926,"all","NB#926","NB",926
464,487,89,111,0.8454861111111112,0.8390596745027125,0.8454861111111112,0.8454861111111112,0.8296422487223168,0.8262380538662033,0.6524643028603003,926,"all","MLP#926","MLP",926
463,421,155,112,0.8052173913043478,0.7898686679174484,0.8052173913043478,0.8052173913043478,0.7761944677284156,0.7680278019113814,0.5360853688543769,927,"all","DT#927","DT",927
481,500,76,94,0.8680555555555556,0.8635547576301615,0.8680555555555556,0.8680555555555556,0.8547008547008547,0.8523023457862728,0.7045964413284178,927,"all","RF#927","RF",927
290,539,37,285,0.9357638888888888,0.8868501529051988,0.9357638888888888,0.9357638888888888,0.7699999999999999,0.7202432667245873,0.4402765528156676,927,"all","NB#927","NB",927
465,489,87,110,0.8489583333333334,0.842391304347826,0.8489583333333334,0.8489583333333334,0.8323404255319148,0.8288444830582102,0.6576768215079931,927,"all","MLP#927","MLP",927
446,426,150,129,0.7756521739130435,0.7675675675675676,0.7756521739130435,0.7756521739130435,0.7617421007685738,0.7576020851433536,0.5152191733051942,928,"all","DT#928","DT",928
475,510,66,100,0.8854166666666666,0.878003696857671,0.8854166666666666,0.8854166666666666,0.8600337268128161,0.8557775847089487,0.7115401454784817,928,"all","RF#928","RF",928
396,488,88,179,0.8472222222222222,0.8181818181818182,0.8472222222222222,0.8472222222222222,0.7851971037811746,0.7680278019113814,0.5359915084952794,928,"all","NB#928","NB",928
446,488,88,129,0.8472222222222222,0.8352059925093633,0.8472222222222222,0.8472222222222222,0.8181056160938809,0.8114682884448305,0.6229129520396038,928,"all","MLP#928","MLP",928
461,426,150,114,0.8017391304347826,0.7888888888888889,0.8017391304347826,0.8017391304347826,0.7774030354131535,0.7706342311033884,0.541293045667808,929,"all","DT#929","DT",929
477,504,72,98,0.875,0.8688524590163934,0.875,0.875,0.8556876061120543,0.8523023457862728,0.7045928735125474,929,"all","RF#929","RF",929
475,406,170,100,0.8260869565217391,0.8023715415019763,0.8260869565217391,0.8260869565217391,0.7786885245901639,0.7654213727193745,0.5308919649191662,929,"all","NB#929","NB",929
477,481,95,98,0.8350694444444444,0.833916083916084,0.8350694444444444,0.8350694444444444,0.8329004329004329,0.8323197219808862,0.6646376719701329,929,"all","MLP#929","MLP",929
465,434,142,110,0.808695652173913,0.7977941176470589,0.808695652173913,0.808695652173913,0.7868020304568528,0.7810599478714162,0.5621407178397179,930,"all","DT#930","DT",930
491,504,72,84,0.875,0.872113676731794,0.875,0.875,0.8659793814432989,0.8644656820156386,0.728926248663925,930,"all","RF#930","RF",930
507,348,228,68,0.8817391304347826,0.8365384615384616,0.8817391304347826,0.8817391304347826,0.7740458015267175,0.7428323197219809,0.48578845689447003,930,"all","NB#930","NB",930
467,488,88,108,0.8472222222222222,0.8414414414414414,0.8472222222222222,0.8472222222222222,0.8327645051194539,0.8297132927888793,0.659416045170446,930,"all","MLP#930","MLP",930
437,440,136,138,0.7638888888888888,0.7626527050610821,0.7638888888888888,0.7638888888888888,0.7625649913344886,0.7619461337966985,0.5238904706837882,931,"all","DT#931","DT",931
482,503,73,93,0.8732638888888888,0.8684684684684685,0.8732638888888888,0.8732638888888888,0.8583617747440272,0.8557775847089487,0.7115462423382348,931,"all","RF#931","RF",931
509,360,216,66,0.8852173913043478,0.8450704225352113,0.8852173913043478,0.8852173913043478,0.783076923076923,0.7549956559513467,0.5101018791034639,931,"all","NB#931","NB",931
453,478,98,122,0.8298611111111112,0.822141560798548,0.8298611111111112,0.8298611111111112,0.8129251700680272,0.8088618592528236,0.6177095788494752,931,"all","MLP#931","MLP",931
452,436,140,123,0.7860869565217391,0.7799642218246869,0.7860869565217391,0.7860869565217391,0.7746358183376177,0.7715030408340573,0.5430174648295559,932,"all","DT#932","DT",932
482,493,83,93,0.8559027777777778,0.8530973451327434,0.8559027777777778,0.8559027777777778,0.8485370051635112,0.8470894874022589,0.6941741270248645,932,"all","RF#932","RF",932
552,122,454,23,0.96,0.8413793103448276,0.96,0.96,0.6982922201138521,0.5855777584708949,0.17169384051138226,932,"all","NB#932","NB",932
464,469,107,111,0.8142361111111112,0.8126094570928196,0.8142361111111112,0.8142361111111112,0.8114186851211074,0.8105994787141616,0.6211963840361355,932,"all","MLP#932","MLP",932
454,434,142,121,0.7895652173913044,0.781981981981982,0.7895652173913044,0.7895652173913044,0.775405636208369,0.7715030408340573,0.5430202242984445,933,"all","DT#933","DT",933
470,499,77,105,0.8663194444444444,0.8592321755027422,0.8663194444444444,0.8663194444444444,0.8457627118644068,0.841876629018245,0.683739650830651,933,"all","RF#933","RF",933
389,514,62,186,0.8923611111111112,0.8625277161862528,0.8923611111111112,0.8923611111111112,0.8056426332288401,0.7845351867940921,0.5689893639509811,933,"all","NB#933","NB",933
463,481,95,112,0.8350694444444444,0.8297491039426523,0.8350694444444444,0.8350694444444444,0.8229255774165953,0.8201563857515204,0.640303268652728,933,"all","MLP#933","MLP",933
455,450,126,120,0.7913043478260869,0.7894736842105263,0.7913043478260869,0.7913043478260869,0.7871972318339101,0.7862728062554301,0.572549161692376,934,"all","DT#934","DT",934
490,499,77,85,0.8663194444444444,0.8641975308641975,0.8663194444444444,0.8663194444444444,0.8603448275862069,0.8592528236316247,0.7185020350487324,934,"all","RF#934","RF",934
401,495,81,174,0.859375,0.8319502074688797,0.859375,0.859375,0.7951807228915663,0.7784535186794093,0.55684448450643,934,"all","NB#934","NB",934
485,474,102,90,0.8434782608695652,0.8404255319148937,0.8434782608695652,0.8434782608695652,0.8347676419965575,0.8331885317115552,0.6663828553830546,934,"all","MLP#934","MLP",934
449,449,127,126,0.7808695652173913,0.7808695652173913,0.7808695652173913,0.7808695652173913,0.7801911381407473,0.7801911381407471,0.5603826081180433,935,"all","DT#935","DT",935
486,509,67,89,0.8836805555555556,0.8788426763110307,0.8836805555555556,0.8836805555555556,0.8671209540034072,0.8644656820156386,0.7289221562310343,935,"all","RF#935","RF",935
488,427,149,87,0.8486956521739131,0.830739299610895,0.8486956521739131,0.8486956521739131,0.8052805280528055,0.7949609035621199,0.5899598769438851,935,"all","NB#935","NB",935
483,489,87,92,0.8489583333333334,0.8473684210526315,0.8489583333333334,0.8489583333333334,0.8452895419187554,0.8444830582102519,0.6889635338430996,935,"all","MLP#935","MLP",935
441,445,131,134,0.7725694444444444,0.7709790209790209,0.7725694444444444,0.7725694444444444,0.7705627705627706,0.7697654213727194,0.5395284096999233,936,"all","DT#936","DT",936
465,503,73,110,0.8732638888888888,0.8643122676579925,0.8732638888888888,0.8732638888888888,0.8460891505466778,0.8410078192875761,0.6819976357375035,936,"all","RF#936","RF",936
204,553,23,371,0.9600694444444444,0.8986784140969163,0.9600694444444444,0.9600694444444444,0.7373333333333334,0.6576889661164205,0.3150175514914235,936,"all","NB#936","NB",936
459,477,99,116,0.828125,0.8225806451612904,0.828125,0.828125,0.8160821214713431,0.8132059079061685,0.6264019457021088,936,"all","MLP#936","MLP",936
437,434,142,138,0.76,0.7587412587412588,0.76,0.76,0.75736568457539,0.7567332754126846,0.5134691215632756,937,"all","DT#937","DT",937
479,504,72,96,0.875,0.8693284936479129,0.875,0.875,0.8571428571428572,0.8540399652476107,0.7080691329395992,937,"all","RF#937","RF",937
466,427,149,109,0.8104347826086956,0.7966417910447762,0.8104347826086956,0.8104347826086956,0.7831932773109243,0.7758470894874022,0.551720910573033,937,"all","NB#937","NB",937
454,483,93,121,0.8385416666666666,0.829981718464351,0.8385416666666666,0.8385416666666666,0.8186440677966103,0.8140747176368376,0.6281334355920843,937,"all","MLP#937","MLP",937
447,434,142,128,0.7773913043478261,0.7722419928825622,0.7773913043478261,0.7773913043478261,0.768041237113402,0.7654213727193745,0.530852306865495,938,"all","DT#938","DT",938
477,508,68,98,0.8819444444444444,0.8752293577981651,0.8819444444444444,0.8819444444444444,0.8595600676818952,0.8557775847089487,0.71154188746471,938,"all","RF#938","RF",938
498,375,201,77,0.8660869565217392,0.8296460176991151,0.8660869565217392,0.8660869565217392,0.7817896389324962,0.7584708948740226,0.5170318358278343,938,"all","NB#938","NB",938
457,487,89,118,0.8454861111111112,0.836996336996337,0.8454861111111112,0.8454861111111112,0.8247248094834886,0.8201563857515204,0.6402967521223001,938,"all","MLP#938","MLP",938
462,435,141,113,0.8034782608695652,0.7937956204379562,0.8034782608695652,0.8034782608695652,0.7843803056027164,0.7793223284100782,0.5586629792218928,939,"all","DT#939","DT",939
491,503,73,84,0.8732638888888888,0.8705673758865248,0.8732638888888888,0.8732638888888888,0.8650042992261393,0.8635968722849696,0.7271890082715746,939,"all","RF#939","RF",939
435,482,94,140,0.8368055555555556,0.8223062381852552,0.8368055555555556,0.8368055555555556,0.8046744574290484,0.7966985230234579,0.5933685008318815,939,"all","NB#939","NB",939
478,493,83,97,0.8559027777777778,0.8520499108734403,0.8559027777777778,0.8559027777777778,0.8456260720411664,0.843614248479583,0.6872216502160372,939,"all","MLP#939","MLP",939
440,452,124,135,0.7847222222222222,0.7801418439716312,0.7847222222222222,0.7847222222222222,0.7773000859845228,0.7749782797567333,0.5499487461295403,940,"all","DT#940","DT",940
485,502,74,90,0.8715277777777778,0.8676207513416816,0.8715277777777778,0.8715277777777778,0.8595890410958904,0.8575152041702867,0.7150233097417812,940,"all","RF#940","RF",940
200,551,25,375,0.9565972222222222,0.8888888888888888,0.9565972222222222,0.9565972222222222,0.7336884154460719,0.6524761077324066,0.30458424590287747,940,"all","NB#940","NB",940
472,469,107,103,0.8208695652173913,0.8199300699300699,0.8208695652173913,0.8208695652173913,0.8180242634315424,0.8175499565595135,0.6351018411724566,940,"all","MLP#940","MLP",940
460,456,120,115,0.8,0.7985989492119089,0.8,0.8,0.7965367965367965,0.7958297132927888,0.5916622006174469,941,"all","DT#941","DT",941
486,513,63,89,0.890625,0.8852459016393442,0.890625,0.890625,0.8709677419354839,0.8679409209383145,0.7358712751406306,941,"all","RF#941","RF",941
520,302,274,55,0.9043478260869565,0.84593837535014,0.9043478260869565,0.9043478260869565,0.7596785975164353,0.7141615986099045,0.42851170884022355,941,"all","NB#941","NB",941
431,517,59,144,0.8975694444444444,0.8795918367346939,0.8975694444444444,0.8975694444444444,0.8358932902182701,0.8236316246741964,0.6472177136256917,941,"all","MLP#941","MLP",941
444,452,124,131,0.7847222222222222,0.7816901408450704,0.7847222222222222,0.7847222222222222,0.7799827437446074,0.7784535186794093,0.5569020204017857,942,"all","DT#942","DT",942
464,517,59,111,0.8975694444444444,0.887189292543021,0.8975694444444444,0.8975694444444444,0.8588039867109634,0.8523023457862728,0.7045812775157471,942,"all","RF#942","RF",942
284,551,25,291,0.9565972222222222,0.919093851132686,0.9565972222222222,0.9565972222222222,0.777150916784203,0.7254561251086012,0.45069124980744085,942,"all","NB#942","NB",942
453,500,76,122,0.8680555555555556,0.8563327032136105,0.8680555555555556,0.8680555555555556,0.8347245409015025,0.8279756733275413,0.6559271930115921,942,"all","MLP#942","MLP",942
459,443,133,116,0.7982608695652174,0.7924865831842576,0.7982608695652174,0.7982608695652174,0.7866323907455012,0.7836663770634231,0.5673435313405303,943,"all","DT#943","DT",943
484,507,69,91,0.8802083333333334,0.8752260397830018,0.8802083333333334,0.8802083333333334,0.8637137989778535,0.8609904430929627,0.7219714422882404,943,"all","RF#943","RF",943
484,427,149,91,0.8417391304347827,0.8243243243243243,0.8417391304347827,0.8417391304347827,0.8013245033112584,0.7914856646394439,0.5830075265148884,943,"all","NB#943","NB",943
463,488,88,112,0.8472222222222222,0.8402903811252269,0.8472222222222222,0.8472222222222222,0.8299319727891157,0.8262380538662033,0.6524632534995229,943,"all","MLP#943","MLP",943
466,439,137,109,0.8104347826086956,0.801094890510949,0.8104347826086956,0.8104347826086956,0.7911714770797962,0.7862728062554301,0.5725633578290773,944,"all","DT#944","DT",944
477,506,70,98,0.8784722222222222,0.8720292504570384,0.8784722222222222,0.8784722222222222,0.8576271186440678,0.8540399652476107,0.708067369997524,944,"all","RF#944","RF",944
421,475,101,154,0.8246527777777778,0.8065134099616859,0.8246527777777778,0.8246527777777778,0.7883817427385892,0.7784535186794093,0.556871247246534,944,"all","NB#944","NB",944
479,461,115,96,0.8330434782608696,0.8276481149012568,0.8330434782608696,0.8330434782608696,0.8195038494439693,0.8166811468288445,0.6333725330946124,944,"all","MLP#944","MLP",944
455,435,141,120,0.7913043478260869,0.7837837837837838,0.7913043478260869,0.7913043478260869,0.7771135781383433,0.7732406602953953,0.546495355672601,945,"all","DT#945","DT",945
488,509,67,87,0.8836805555555556,0.8792792792792793,0.8836805555555556,0.8836805555555556,0.8686006825938566,0.8662033014769766,0.7323983212053504,945,"all","RF#945","RF",945
495,398,178,80,0.8608695652173913,0.8326359832635983,0.8608695652173913,0.8608695652173913,0.7932692307692308,0.7758470894874022,0.5517601562570753,945,"all","NB#945","NB",945
462,489,87,113,0.8489583333333334,0.8415300546448088,0.8489583333333334,0.8489583333333334,0.830220713073005,0.8262380538662033,0.6524622041324086,945,"all","MLP#945","MLP",945
446,442,134,129,0.7756521739130435,0.7740805604203153,0.7756521739130435,0.7756521739130435,0.7722943722943724,0.7715030408340573,0.5430091862229299,946,"all","DT#946","DT",946
498,493,83,77,0.8660869565217392,0.8649122807017544,0.8660869565217392,0.8660869565217392,0.8615916955017301,0.8609904430929627,0.7219831945966674,946,"all","RF#946","RF",946
459,446,130,116,0.7982608695652174,0.7935943060498221,0.7982608695652174,0.7982608695652174,0.7886597938144329,0.7862728062554301,0.5725543240330065,946,"all","NB#946","NB",946
470,484,92,105,0.8402777777777778,0.8362989323843416,0.8402777777777778,0.8402777777777778,0.8309012875536481,0.8288444830582102,0.6576819895317993,946,"all","MLP#946","MLP",946
429,423,153,146,0.7460869565217392,0.7434094903339191,0.7460869565217392,0.7460869565217392,0.7415730337078652,0.7402258905299739,0.4804568792298389,947,"all","DT#947","DT",947
488,514,62,87,0.8923611111111112,0.8872727272727273,0.8923611111111112,0.8923611111111112,0.8734069668649108,0.8705473501303215,0.7410847329684846,947,"all","RF#947","RF",947
501,390,186,74,0.871304347826087,0.8405172413793104,0.871304347826087,0.871304347826087,0.7939778129952457,0.7741094700260643,0.5482949742797112,947,"all","NB#947","NB",947
465,489,87,110,0.8489583333333334,0.842391304347826,0.8489583333333334,0.8489583333333334,0.8323404255319148,0.8288444830582102,0.6576768215079931,947,"all","MLP#947","MLP",947
441,449,127,134,0.7795138888888888,0.7764084507042254,0.7795138888888888,0.7795138888888888,0.7748058671268334,0.7732406602953953,0.5464761855877099,948,"all","DT#948","DT",948
472,507,69,103,0.8802083333333334,0.8724584103512015,0.8802083333333334,0.8802083333333334,0.8549747048903878,0.8505647263249348,0.7011138856764991,948,"all","RF#948","RF",948
497,361,215,78,0.8643478260869565,0.8223234624145785,0.8643478260869565,0.8643478260869565,0.7723387723387722,0.7454387489139879,0.4909823904174409,948,"all","NB#948","NB",948
455,499,77,120,0.8663194444444444,0.8552631578947368,0.8663194444444444,0.8663194444444444,0.8351464435146443,0.8288444830582102,0.6576664849922322,948,"all","MLP#948","MLP",948
424,470,106,151,0.8159722222222222,0.8,0.8159722222222222,0.8159722222222222,0.785296574770259,0.7767158992180713,0.5534011217549503,949,"all","DT#949","DT",949
463,495,81,112,0.859375,0.8511029411764706,0.859375,0.859375,0.8368554522400676,0.8323197219808862,0.6646234953628568,949,"all","RF#949","RF",949
469,405,171,106,0.8156521739130435,0.7925636007827789,0.8156521739130435,0.8156521739130435,0.7720164609053498,0.7593397046046916,0.5187262723313685,949,"all","NB#949","NB",949
460,474,102,115,0.8229166666666666,0.8185053380782918,0.8229166666666666,0.8229166666666666,0.8137339055793991,0.8114682884448305,0.6229288920223374,949,"all","MLP#949","MLP",949
430,428,148,145,0.7478260869565218,0.7469458987783595,0.7478260869565218,0.7478260869565218,0.7458803122289679,0.7454387489139879,0.4908794193263015,950,"all","DT#950","DT",950
479,497,79,96,0.8628472222222222,0.8584229390681004,0.8628472222222222,0.8628472222222222,0.8502994011976048,0.8479582971329279,0.695908560455205,950,"all","RF#950","RF",950
463,439,137,112,0.8052173913043478,0.7967332123411979,0.8052173913043478,0.8052173913043478,0.7880851063829787,0.7836663770634231,0.5673487564629958,950,"all","NB#950","NB",950
470,488,88,105,0.8472222222222222,0.8422939068100358,0.8472222222222222,0.8472222222222222,0.834901625320787,0.8323197219808862,0.6646305838163118,950,"all","MLP#950","MLP",950
451,457,119,124,0.7934027777777778,0.7912280701754386,0.7934027777777778,0.7934027777777778,0.7899740708729474,0.788879235447437,0.5777549649378391,951,"all","DT#951","DT",951
488,497,79,87,0.8628472222222222,0.8606701940035273,0.8628472222222222,0.8628472222222222,0.856896551724138,0.8557775847089487,0.7115514680128986,951,"all","RF#951","RF",951
398,525,51,177,0.9114583333333334,0.8864142538975501,0.9114583333333334,0.9114583333333334,0.8215962441314554,0.8019113814074718,0.6037470895731978,951,"all","NB#951","NB",951
476,481,95,99,0.8350694444444444,0.8336252189141856,0.8350694444444444,0.8350694444444444,0.8321799307958477,0.8314509122502172,0.6628995344174783,951,"all","MLP#951","MLP",951
426,441,135,149,0.765625,0.7593582887700535,0.765625,0.765625,0.7564322469982848,0.7532580364900087,0.5065052703408586,952,"all","DT#952","DT",952
459,495,81,116,0.859375,0.85,0.859375,0.859375,0.8340353833192923,0.8288444830582102,0.6576706196734428,952,"all","RF#952","RF",952
380,493,83,195,0.8559027777777778,0.8207343412526998,0.8559027777777778,0.8559027777777778,0.7800632911392407,0.7584708948740226,0.5168597347377577,952,"all","NB#952","NB",952
457,479,97,118,0.8315972222222222,0.8249097472924187,0.8315972222222222,0.8315972222222222,0.8167092924126172,0.8132059079061685,0.6263996896036861,952,"all","MLP#952","MLP",952
465,423,153,110,0.808695652173913,0.7936210131332082,0.808695652173913,0.808695652173913,0.779547359597653,0.7715030408340573,0.543035400781652,953,"all","DT#953","DT",953
484,489,87,91,0.8489583333333334,0.8476357267950964,0.8489583333333334,0.8489583333333334,0.8460207612456747,0.845351867940921,0.6907016346717071,953,"all","RF#953","RF",953
466,431,145,109,0.8104347826086956,0.7981481481481482,0.8104347826086956,0.8104347826086956,0.7858347386172007,0.7793223284100782,0.558668309089482,953,"all","NB#953","NB",953
470,467,109,105,0.8173913043478261,0.8164335664335665,0.8173913043478261,0.8173913043478261,0.8145580589254767,0.8140747176368376,0.6281514000519322,953,"all","MLP#953","MLP",953
454,437,139,121,0.7895652173913044,0.7831541218637993,0.7895652173913044,0.7895652173913044,0.7773972602739726,0.7741094700260643,0.5482308753687248,954,"all","DT#954","DT",954
475,509,67,100,0.8836805555555556,0.8763837638376384,0.8836805555555556,0.8836805555555556,0.8590717299578059,0.8549087749782798,0.7098028736334994,954,"all","RF#954","RF",954
430,459,117,145,0.796875,0.7861060329067642,0.796875,0.796875,0.7779661016949152,0.7723718505647263,0.5447241127342339,954,"all","NB#954","NB",954
430,494,82,145,0.8576388888888888,0.83984375,0.8576388888888888,0.8576388888888888,0.8131687242798353,0.8027801911381407,0.60552256630688,954,"all","MLP#954","MLP",954
450,446,130,125,0.782608695652174,0.7810858143607706,0.782608695652174,0.782608695652174,0.7792207792207793,0.7784535186794093,0.5569100474785065,955,"all","DT#955","DT",955
474,515,61,101,0.8940972222222222,0.8859813084112149,0.8940972222222222,0.8940972222222222,0.8640939597315436,0.8592528236316247,0.7184884352919864,955,"all","RF#955","RF",955
482,422,154,93,0.8382608695652174,0.8194174757281554,0.8382608695652174,0.8382608695652174,0.796036333608588,0.7854039965247611,0.5708471894949289,955,"all","NB#955","NB",955
460,501,75,115,0.8697916666666666,0.8598130841121495,0.8697916666666666,0.8697916666666666,0.8406040268456375,0.8349261511728931,0.6698321154659098,955,"all","MLP#955","MLP",955
460,456,120,115,0.8,0.7985989492119089,0.8,0.8,0.7965367965367965,0.7958297132927888,0.5916622006174469,956,"all","DT#956","DT",956
475,507,69,100,0.8802083333333334,0.8731617647058824,0.8802083333333334,0.8802083333333334,0.8571428571428572,0.8531711555169418,0.7063283456804289,956,"all","RF#956","RF",956
435,473,103,140,0.8211805555555556,0.8085501858736059,0.8211805555555556,0.8211805555555556,0.7956265769554248,0.788879235447437,0.5777345654875046,956,"all","NB#956","NB",956
467,476,100,108,0.8263888888888888,0.8236331569664903,0.8263888888888888,0.8263888888888888,0.8206896551724138,0.8192875760208514,0.6385705141366441,956,"all","MLP#956","MLP",956
433,428,148,142,0.7530434782608696,0.7508771929824561,0.7530434782608696,0.7530434782608696,0.7491349480968857,0.7480451781059948,0.4960945402064595,957,"all","DT#957","DT",957
478,491,85,97,0.8524305555555556,0.8490230905861457,0.8524305555555556,0.8524305555555556,0.8436426116838489,0.841876629018245,0.6837472901079126,957,"all","RF#957","RF",957
531,244,332,44,0.9234782608695652,0.8472222222222222,0.9234782608695652,0.9234782608695652,0.7385257301808067,0.6733275412684622,0.3469385291419189,957,"all","NB#957","NB",957
451,483,93,124,0.8385416666666666,0.8290441176470589,0.8385416666666666,0.8385416666666666,0.8165680473372781,0.8114682884448305,0.6229186450452844,957,"all","MLP#957","MLP",957
445,454,122,130,0.7881944444444444,0.7848324514991182,0.7881944444444444,0.7881944444444444,0.7827586206896552,0.7810599478714162,0.5621142767424728,958,"all","DT#958","DT",958
482,497,79,93,0.8628472222222222,0.8591800356506238,0.8628472222222222,0.8628472222222222,0.8524871355060035,0.8505647263249348,0.7011229102064356,958,"all","RF#958","RF",958
448,448,128,127,0.7791304347826087,0.7791304347826087,0.7791304347826087,0.7791304347826087,0.7784535186794092,0.7784535186794093,0.5569073718185814,958,"all","NB#958","NB",958
477,490,86,98,0.8506944444444444,0.8472468916518651,0.8506944444444444,0.8506944444444444,0.8419243986254297,0.840139009556907,0.6802719856036038,958,"all","MLP#958","MLP",958
445,442,134,130,0.7739130434782608,0.7727272727272727,0.7739130434782608,0.7739130434782608,0.7712305025996534,0.7706342311033884,0.5412708860453741,959,"all","DT#959","DT",959
465,501,75,110,0.8697916666666666,0.8611111111111112,0.8697916666666666,0.8697916666666666,0.8441449031171018,0.8392701998262381,0.6785231707593246,959,"all","RF#959","RF",959
469,409,167,106,0.8156521739130435,0.7941747572815534,0.8156521739130435,0.8156521739130435,0.7745664739884393,0.7628149435273676,0.5256732094417634,959,"all","NB#959","NB",959
440,503,73,135,0.8732638888888888,0.8576998050682261,0.8732638888888888,0.8732638888888888,0.8286655683690279,0.8192875760208514,0.6385410470182897,959,"all","MLP#959","MLP",959
455,460,116,120,0.7986111111111112,0.7968476357267951,0.7986111111111112,0.7986111111111112,0.7958477508650519,0.7949609035621199,0.5899190212501283,960,"all","DT#960","DT",960
457,519,57,118,0.9010416666666666,0.8891050583657587,0.9010416666666666,0.9010416666666666,0.8557295960428689,0.8479582971329279,0.695888359284294,960,"all","RF#960","RF",960
504,320,256,71,0.8765217391304347,0.8184143222506394,0.8765217391304347,0.8765217391304347,0.7550561797752807,0.7158992180712423,0.43195665461789806,960,"all","NB#960","NB",960
451,513,63,124,0.890625,0.877431906614786,0.890625,0.890625,0.8458367683429513,0.8375325803649001,0.675034989635217,960,"all","MLP#960","MLP",960
441,452,124,134,0.7847222222222222,0.7805309734513274,0.7847222222222222,0.7847222222222222,0.7779690189328744,0.7758470894874022,0.55168707257054,961,"all","DT#961","DT",961
470,514,62,105,0.8923611111111112,0.8834586466165414,0.8923611111111112,0.8923611111111112,0.8602510460251045,0.8549087749782798,0.7097984923538213,961,"all","RF#961","RF",961
393,495,81,182,0.859375,0.8291139240506329,0.859375,0.859375,0.7901037509976058,0.7715030408340573,0.542936045502107,961,"all","NB#961","NB",961
456,484,92,119,0.8402777777777778,0.8321167883211679,0.8402777777777778,0.8402777777777778,0.8210347752332485,0.8166811468288445,0.6333470718160312,961,"all","MLP#961","MLP",961
436,439,137,139,0.7621527777777778,0.7609075043630017,0.7621527777777778,0.7621527777777778,0.7608318890814557,0.7602085143353605,0.5204152186449837,962,"all","DT#962","DT",962
467,497,79,108,0.8628472222222222,0.8553113553113553,0.8628472222222222,0.8628472222222222,0.8416596104995766,0.8375325803649001,0.6750506891153146,962,"all","RF#962","RF",962
504,340,236,71,0.8765217391304347,0.8272506082725061,0.8765217391304347,0.8765217391304347,0.7665399239543726,0.733275412684622,0.4666832688113618,962,"all","NB#962","NB",962
466,483,93,109,0.8385416666666666,0.8336314847942755,0.8385416666666666,0.8385416666666666,0.827054794520548,0.8245004344048653,0.6489921254136573,962,"all","MLP#962","MLP",962
449,439,137,126,0.7808695652173913,0.7769911504424779,0.7808695652173913,0.7808695652173913,0.7734711455641687,0.7715030408340573,0.5430133255637359,963,"all","DT#963","DT",963
478,500,76,97,0.8680555555555556,0.8628158844765343,0.8680555555555556,0.8680555555555556,0.8525149190110827,0.8496959165942659,0.6993820758206405,963,"all","RF#963","RF",963
509,355,221,66,0.8852173913043478,0.8432304038004751,0.8852173913043478,0.8852173913043478,0.7800766283524904,0.7506516072980017,0.5014195047958283,963,"all","NB#963","NB",963
483,489,87,92,0.8489583333333334,0.8473684210526315,0.8489583333333334,0.8489583333333334,0.8452895419187554,0.8444830582102519,0.6889635338430996,963,"all","MLP#963","MLP",963
405,454,122,170,0.7881944444444444,0.7685009487666035,0.7881944444444444,0.7881944444444444,0.7566666666666666,0.7463075586446568,0.4925779645868058,964,"all","DT#964","DT",964
466,507,69,109,0.8802083333333334,0.8710280373831776,0.8802083333333334,0.8802083333333334,0.8506711409395972,0.845351867940921,0.6906848239627998,964,"all","RF#964","RF",964
480,417,159,95,0.8347826086956521,0.814453125,0.8347826086956521,0.8347826086956521,0.7907742998352553,0.7793223284100782,0.5586869626123079,964,"all","NB#964","NB",964
460,506,70,115,0.8784722222222222,0.8679245283018868,0.8784722222222222,0.8784722222222222,0.8454469507101086,0.8392701998262381,0.6785183172165984,964,"all","MLP#964","MLP",964
454,449,127,121,0.7895652173913044,0.787719298245614,0.7895652173913044,0.7895652173913044,0.7854671280276816,0.7845351867940921,0.5690739516248342,965,"all","DT#965","DT",965
483,503,73,92,0.8732638888888888,0.8687050359712231,0.8732638888888888,0.8732638888888888,0.8590947907771135,0.8566463944396178,0.7132843484339075,965,"all","RF#965","RF",965
468,437,139,107,0.8139130434782609,0.8033088235294118,0.8139130434782609,0.8139130434782609,0.7918781725888324,0.7862728062554301,0.572565938843534,965,"all","NB#965","NB",965
464,479,97,111,0.8315972222222222,0.8270944741532977,0.8315972222222222,0.8315972222222222,0.8216123499142366,0.8192875760208514,0.638567240249643,965,"all","MLP#965","MLP",965
456,431,145,119,0.7930434782608695,0.7836363636363637,0.7930434782608695,0.7930434782608695,0.7755102040816326,0.7706342311033884,0.5412861210157813,966,"all","DT#966","DT",966
466,507,69,109,0.8802083333333334,0.8710280373831776,0.8802083333333334,0.8802083333333334,0.8506711409395972,0.845351867940921,0.6906848239627998,966,"all","RF#966","RF",966
426,480,96,149,0.8333333333333334,0.8160919540229885,0.8333333333333334,0.8333333333333334,0.7966804979253114,0.787141615986099,0.5742488453937286,966,"all","NB#966","NB",966
451,492,84,124,0.8541666666666666,0.8429906542056075,0.8541666666666666,0.8541666666666666,0.8255033557046981,0.8192875760208514,0.638553052720575,966,"all","MLP#966","MLP",966
437,445,131,138,0.7725694444444444,0.7693661971830986,0.7725694444444444,0.7725694444444444,0.7679033649698016,0.7662901824500434,0.5325750725022758,967,"all","DT#967","DT",967
473,498,78,102,0.8645833333333334,0.8584392014519057,0.8645833333333334,0.8645833333333334,0.8469387755102041,0.843614248479583,0.6872169281495707,967,"all","RF#967","RF",967
385,494,82,190,0.8576388888888888,0.8244111349036403,0.8576388888888888,0.8576388888888888,0.7841269841269841,0.7636837532580365,0.5272900774884794,967,"all","NB#967","NB",967
464,475,101,111,0.8246527777777778,0.8212389380530973,0.8246527777777778,0.8246527777777778,0.8175559380378659,0.8158123370981755,0.6316188348254049,967,"all","MLP#967","MLP",967
447,453,123,128,0.7864583333333334,0.7842105263157895,0.7864583333333334,0.7864583333333334,0.7830596369922213,0.7819287576020851,0.5638538938246815,968,"all","DT#968","DT",968
475,509,67,100,0.8836805555555556,0.8763837638376384,0.8836805555555556,0.8836805555555556,0.8590717299578059,0.8549087749782798,0.7098028736334994,968,"all","RF#968","RF",968
501,377,199,74,0.871304347826087,0.835920177383592,0.871304347826087,0.871304347826087,0.7858823529411766,0.7628149435273676,0.5257190294705861,968,"all","NB#968","NB",968
451,494,82,124,0.8576388888888888,0.8461538461538461,0.8576388888888888,0.8576388888888888,0.8274706867671692,0.8210251954821894,0.6420274232363768,968,"all","MLP#968","MLP",968
451,446,130,124,0.7843478260869565,0.7824561403508772,0.7843478260869565,0.7843478260869565,0.7802768166089965,0.7793223284100782,0.5586483214222093,969,"all","DT#969","DT",969
471,510,66,104,0.8854166666666666,0.8770949720670391,0.8854166666666666,0.8854166666666666,0.8571428571428571,0.8523023457862728,0.7045875216271466,969,"all","RF#969","RF",969
471,449,127,104,0.8191304347826087,0.8119349005424955,0.8191304347826087,0.8191304347826087,0.80306905370844,0.7993049522154648,0.5986235381319792,969,"all","NB#969","NB",969
481,490,86,94,0.8506944444444444,0.8483245149911817,0.8506944444444444,0.8506944444444444,0.8448275862068966,0.843614248479583,0.6872244833874805,969,"all","MLP#969","MLP",969
452,449,127,123,0.7860869565217391,0.784965034965035,0.7860869565217391,0.7860869565217391,0.7833622183708839,0.7827975673327541,0.5655974299672102,970,"all","DT#970","DT",970
472,522,54,103,0.90625,0.8973384030418251,0.90625,0.90625,0.8692756036636137,0.8635968722849696,0.7271733567247578,970,"all","RF#970","RF",970
469,412,164,106,0.8156521739130435,0.7953667953667953,0.8156521739130435,0.8156521739130435,0.7764900662251655,0.7654213727193745,0.5308834673292496,970,"all","NB#970","NB",970
455,483,93,120,0.8385416666666666,0.8302919708029197,0.8385416666666666,0.8385416666666666,0.8193384223918575,0.8149435273675065,0.6298716886104959,970,"all","MLP#970","MLP",970
442,454,122,133,0.7881944444444444,0.7836879432624113,0.7881944444444444,0.7881944444444444,0.7807394668959587,0.7784535186794093,0.5568993446449142,971,"all","DT#971","DT",971
475,506,70,100,0.8784722222222222,0.8715596330275229,0.8784722222222222,0.8784722222222222,0.8561759729272419,0.8523023457862728,0.7045910895722934,971,"all","RF#971","RF",971
489,407,169,86,0.8504347826086956,0.8255578093306288,0.8504347826086956,0.8504347826086956,0.7931873479318736,0.7784535186794093,0.5569622163889489,971,"all","NB#971","NB",971
465,497,79,110,0.8628472222222222,0.8547794117647058,0.8628472222222222,0.8628472222222222,0.8402366863905324,0.8357949609035621,0.6715743037491186,971,"all","MLP#971","MLP",971
454,424,152,121,0.7895652173913044,0.7779816513761468,0.7895652173913044,0.7895652173913044,0.7688399661303981,0.7628149435273676,0.5256517282554712,972,"all","DT#972","DT",972
476,494,82,99,0.8576388888888888,0.8530465949820788,0.8576388888888888,0.8576388888888888,0.8451668092386655,0.8427454387489139,0.6854825682422404,972,"all","RF#972","RF",972
497,371,205,78,0.8643478260869565,0.8262806236080178,0.8643478260869565,0.8643478260869565,0.7783868441660141,0.7541268462206777,0.5083475843248654,972,"all","NB#972","NB",972
466,470,106,109,0.8159722222222222,0.8146853146853147,0.8159722222222222,0.8159722222222222,0.8138528138528139,0.8132059079061685,0.6264098418320132,972,"all","MLP#972","MLP",972
441,462,114,134,0.8020833333333334,0.7945945945945946,0.8020833333333334,0.8020833333333334,0.7883959044368601,0.7845351867940921,0.5690570367462785,973,"all","DT#973","DT",973
467,512,64,108,0.8888888888888888,0.879472693032015,0.8888888888888888,0.8888888888888888,0.8561872909698998,0.8505647263249348,0.7011093732071575,973,"all","RF#973","RF",973
420,478,98,155,0.8298611111111112,0.8108108108108109,0.8298611111111112,0.8298611111111112,0.7907361455748553,0.7801911381407471,0.5603441117366681,973,"all","NB#973","NB",973
451,491,85,124,0.8524305555555556,0.8414179104477612,0.8524305555555556,0.8524305555555556,0.8245172124265323,0.8184187662901824,0.6368158753308241,973,"all","MLP#973","MLP",973
450,436,140,125,0.782608695652174,0.7771836007130125,0.782608695652174,0.782608695652174,0.7725321888412017,0.7697654213727194,0.5395409222315316,974,"all","DT#974","DT",974
485,498,78,90,0.8645833333333334,0.8614564831261101,0.8645833333333334,0.8645833333333334,0.8556701030927835,0.8540399652476107,0.708074421638073,974,"all","RF#974","RF",974
456,455,121,119,0.7930434782608695,0.7926829268292683,0.7930434782608695,0.7930434782608695,0.7916666666666666,0.7914856646394439,0.5829722736344394,974,"all","NB#974","NB",974
446,476,100,129,0.8263888888888888,0.8168498168498168,0.8263888888888888,0.8263888888888888,0.8060965283657917,0.8010425716768028,0.6020674214299843,974,"all","MLP#974","MLP",974
455,446,130,120,0.7913043478260869,0.7879858657243817,0.7913043478260869,0.7913043478260869,0.7844827586206897,0.7827975673327541,0.5656013647136969,975,"all","DT#975","DT",975
487,509,67,88,0.8836805555555556,0.8790613718411552,0.8836805555555556,0.8836805555555556,0.8678601875532822,0.8653344917463076,0.7306602413421924,975,"all","RF#975","RF",975
469,433,143,106,0.8156521739130435,0.8033395176252319,0.8156521739130435,0.8156521739130435,0.7902274641954508,0.7836663770634231,0.5673565939100624,975,"all","NB#975","NB",975
470,492,84,105,0.8541666666666666,0.8483754512635379,0.8541666666666666,0.8541666666666666,0.8388746803069055,0.8357949609035621,0.6715792620237053,975,"all","MLP#975","MLP",975
459,435,141,116,0.7982608695652174,0.7894736842105263,0.7982608695652174,0.7982608695652174,0.7812765957446809,0.7767158992180713,0.553448314903574,976,"all","DT#976","DT",976
476,490,86,99,0.8506944444444444,0.8469750889679716,0.8506944444444444,0.8506944444444444,0.8412017167381974,0.8392701998262381,0.6785338480374766,976,"all","RF#976","RF",976
406,472,104,169,0.8194444444444444,0.796078431372549,0.8194444444444444,0.8194444444444444,0.7756778964667215,0.7628149435273676,0.5255829753825482,976,"all","NB#976","NB",976
465,489,87,110,0.8489583333333334,0.842391304347826,0.8489583333333334,0.8489583333333334,0.8323404255319148,0.8288444830582102,0.6576768215079931,976,"all","MLP#976","MLP",976
457,430,146,118,0.7947826086956522,0.7846715328467153,0.7947826086956522,0.7947826086956522,0.7758913412563667,0.7706342311033884,0.5412875059629122,977,"all","DT#977","DT",977
471,508,68,104,0.8819444444444444,0.8738404452690167,0.8819444444444444,0.8819444444444444,0.8552188552188552,0.8505647263249348,0.7011129831935311,977,"all","RF#977","RF",977
483,400,176,92,0.84,0.8130081300813008,0.84,0.84,0.7828200972447326,0.7671589921807124,0.5343766792858393,977,"all","NB#977","NB",977
453,484,92,122,0.8402777777777778,0.8311926605504587,0.8402777777777778,0.8402777777777778,0.8189509306260575,0.8140747176368376,0.6281323127557107,977,"all","MLP#977","MLP",977
454,460,116,121,0.7986111111111112,0.7964912280701755,0.7986111111111112,0.7986111111111112,0.7951598962834918,0.794092093831451,0.5881807682727074,978,"all","DT#978","DT",978
480,522,54,95,0.90625,0.898876404494382,0.90625,0.90625,0.8751047778709137,0.8705473501303215,0.7410784785894055,978,"all","RF#978","RF",978
404,506,70,171,0.8784722222222222,0.8523206751054853,0.8784722222222222,0.8784722222222222,0.8076616121308858,0.790616854908775,0.5811695321901438,978,"all","NB#978","NB",978
459,498,78,116,0.8645833333333334,0.8547486033519553,0.8645833333333334,0.8645833333333334,0.8369747899159664,0.8314509122502172,0.6628822305627435,978,"all","MLP#978","MLP",978
464,439,137,111,0.8069565217391305,0.7981818181818182,0.8069565217391305,0.8069565217391305,0.7891156462585034,0.7845351867940921,0.56908696216634,979,"all","DT#979","DT",979
492,503,73,83,0.8732638888888888,0.8707964601769912,0.8732638888888888,0.8732638888888888,0.8657487091222031,0.8644656820156386,0.7289270671356753,979,"all","RF#979","RF",979
512,350,226,63,0.8904347826086957,0.847457627118644,0.8904347826086957,0.8904347826086957,0.7798933739527798,0.7489139878366637,0.49795113823138315,979,"all","NB#979","NB",979
476,480,96,99,0.8333333333333334,0.8321678321678322,0.8333333333333334,0.8333333333333334,0.8311688311688311,0.8305821025195482,0.6611624146848493,979,"all","MLP#979","MLP",979
437,434,142,138,0.76,0.7587412587412588,0.76,0.76,0.75736568457539,0.7567332754126846,0.5134691215632756,980,"all","DT#980","DT",980
471,510,66,104,0.8854166666666666,0.8770949720670391,0.8854166666666666,0.8854166666666666,0.8571428571428571,0.8523023457862728,0.7045875216271466,980,"all","RF#980","RF",980
474,385,191,101,0.8243478260869566,0.7921810699588477,0.8243478260869566,0.8243478260869566,0.7645161290322581,0.7463075586446568,0.4926836631496324,980,"all","NB#980","NB",980
444,492,84,131,0.8541666666666666,0.8409090909090909,0.8541666666666666,0.8541666666666666,0.8206839032527106,0.8132059079061685,0.6263850242997314,980,"all","MLP#980","MLP",980
472,454,122,103,0.8208695652173913,0.8150807899461401,0.8208695652173913,0.8208695652173913,0.8075278015397777,0.8045178105994787,0.6090465400297999,981,"all","DT#981","DT",981
472,514,62,103,0.8923611111111112,0.8838951310861424,0.8923611111111112,0.8923611111111112,0.8616932103939648,0.8566463944396178,0.7132748252835699,981,"all","RF#981","RF",981
492,387,189,83,0.8556521739130435,0.823404255319149,0.8556521739130435,0.8556521739130435,0.7834394904458598,0.7636837532580365,0.5274427703296273,981,"all","NB#981","NB",981
471,489,87,104,0.8489583333333334,0.8440860215053764,0.8489583333333334,0.8489583333333334,0.8366124893071001,0.8340573414422241,0.6681059145539664,981,"all","MLP#981","MLP",981
454,451,125,121,0.7895652173913044,0.7884615384615384,0.7895652173913044,0.7895652173913044,0.7868284228769497,0.7862728062554301,0.572547871087735,982,"all","DT#982","DT",982
481,506,70,94,0.8784722222222222,0.8729582577132486,0.8784722222222222,0.8784722222222222,0.8605442176870748,0.8575152041702867,0.7150198678696088,982,"all","RF#982","RF",982
505,343,233,70,0.8782608695652174,0.8305084745762712,0.8782608695652174,0.8782608695652174,0.7692307692307694,0.736750651607298,0.4736304321249451,982,"all","NB#982","NB",982
470,471,105,105,0.8177083333333334,0.8177083333333334,0.8177083333333334,0.8177083333333334,0.8177083333333333,0.8175499565595135,0.6350996376811594,982,"all","MLP#982","MLP",982
447,442,134,128,0.7773913043478261,0.775438596491228,0.7773913043478261,0.7773913043478261,0.773356401384083,0.7723718505647263,0.5447474811520427,983,"all","DT#983","DT",983
478,497,79,97,0.8628472222222222,0.8581687612208259,0.8628472222222222,0.8628472222222222,0.8495726495726496,0.8470894874022589,0.6941704333753029,983,"all","RF#983","RF",983
488,421,155,87,0.8486956521739131,0.8287401574803149,0.8486956521739131,0.8486956521739131,0.8013136288998357,0.789748045178106,0.5795389362203157,983,"all","NB#983","NB",983
458,477,99,117,0.828125,0.822262118491921,0.828125,0.828125,0.8153846153846153,0.8123370981754996,0.624663713687872,983,"all","MLP#983","MLP",983
421,449,127,154,0.7795138888888888,0.7682481751824818,0.7795138888888888,0.7795138888888888,0.7616624257845632,0.7558644656820156,0.5117086596222973,984,"all","DT#984","DT",984
459,514,62,116,0.8923611111111112,0.8809980806142035,0.8923611111111112,0.8923611111111112,0.8524046434494196,0.845351867940921,0.6906782859713806,984,"all","RF#984","RF",984
469,423,153,106,0.8156521739130435,0.7996219281663516,0.8156521739130435,0.8156521739130435,0.7836257309941521,0.7749782797567333,0.5499881499953959,984,"all","NB#984","NB",984
453,470,106,122,0.8159722222222222,0.8103756708407871,0.8159722222222222,0.8159722222222222,0.8047945205479452,0.8019113814074718,0.6038128940312568,984,"all","MLP#984","MLP",984
456,420,156,119,0.7930434782608695,0.7792207792207793,0.7930434782608695,0.7930434782608695,0.7683235046335299,0.7610773240660296,0.5221809772099083,985,"all","DT#985","DT",985
473,498,78,102,0.8645833333333334,0.8584392014519057,0.8645833333333334,0.8645833333333334,0.8469387755102041,0.843614248479583,0.6872169281495707,985,"all","RF#985","RF",985
539,201,375,36,0.9373913043478261,0.8481012658227848,0.9373913043478261,0.9373913043478261,0.7239758226997985,0.6429192006950478,0.2862031659522074,985,"all","NB#985","NB",985
450,485,91,125,0.8420138888888888,0.8317929759704251,0.8420138888888888,0.8420138888888888,0.8178752107925801,0.8123370981754996,0.6246546471286268,985,"all","MLP#985","MLP",985
444,442,134,131,0.7721739130434783,0.7713787085514834,0.7721739130434783,0.7721739130434783,0.7701647875108412,0.7697654213727194,0.5395325806193513,986,"all","DT#986","DT",986
452,499,77,123,0.8663194444444444,0.8544423440453687,0.8663194444444444,0.8663194444444444,0.8330550918196996,0.8262380538662033,0.6524517101127192,986,"all","RF#986","RF",986
449,405,171,126,0.7808695652173913,0.7627118644067796,0.7808695652173913,0.7808695652173913,0.7514644351464436,0.7419635099913119,0.4839616873853679,986,"all","NB#986","NB",986
466,489,87,109,0.8489583333333334,0.8426763110307414,0.8489583333333334,0.8489583333333334,0.8330494037478705,0.8297132927888793,0.6594150168030944,986,"all","MLP#986","MLP",986
456,425,151,119,0.7930434782608695,0.78125,0.7930434782608695,0.7930434782608695,0.7715736040609138,0.7654213727193745,0.5308650548282692,987,"all","DT#987","DT",987
479,502,74,96,0.8715277777777778,0.8661844484629295,0.8715277777777778,0.8715277777777778,0.8551959114139693,0.8523023457862728,0.7045946574312554,987,"all","RF#987","RF",987
499,350,226,76,0.8678260869565217,0.8215962441314554,0.8678260869565217,0.8678260869565217,0.7676923076923077,0.737619461337967,0.47535733152214926,987,"all","NB#987","NB",987
440,498,78,135,0.8645833333333334,0.8494208494208494,0.8645833333333334,0.8645833333333334,0.8238213399503723,0.8149435273675065,0.6298549241103175,987,"all","MLP#987","MLP",987
434,459,117,141,0.796875,0.7876588021778584,0.796875,0.796875,0.7806122448979591,0.7758470894874022,0.5516775970143846,988,"all","DT#988","DT",988
463,514,62,112,0.8923611111111112,0.8819047619047619,0.8923611111111112,0.8923611111111112,0.8552412645590682,0.8488271068635969,0.6976311617724767,988,"all","RF#988","RF",988
449,435,141,126,0.7808695652173913,0.7754010695187166,0.7808695652173913,0.7808695652173913,0.7708154506437768,0.7680278019113814,0.5360657593804489,988,"all","NB#988","NB",988
472,479,97,103,0.8315972222222222,0.8295254833040422,0.8315972222222222,0.8315972222222222,0.8272884283246977,0.8262380538662033,0.6524726975183954,988,"all","MLP#988","MLP",988
451,441,135,124,0.7843478260869565,0.7805309734513274,0.7843478260869565,0.7843478260869565,0.776916451335056,0.7749782797567333,0.5499636932357705,989,"all","DT#989","DT",989
479,500,76,96,0.8680555555555556,0.863063063063063,0.8680555555555556,0.8680555555555556,0.8532423208191127,0.8505647263249348,0.701120202904677,989,"all","RF#989","RF",989
539,224,352,36,0.9373913043478261,0.8615384615384616,0.9373913043478261,0.9373913043478261,0.7353342428376535,0.6629018245004344,0.3261246144653215,989,"all","NB#989","NB",989
445,510,66,130,0.8854166666666666,0.8708414872798435,0.8854166666666666,0.8854166666666666,0.8388157894736843,0.8297132927888793,0.6593934196540729,989,"all","MLP#989","MLP",989
427,448,128,148,0.7777777777777778,0.7693693693693694,0.7777777777777778,0.7777777777777778,0.7645051194539249,0.7602085143353605,0.5204021860563421,990,"all","DT#990","DT",990
459,510,66,116,0.8854166666666666,0.8742857142857143,0.8854166666666666,0.8854166666666666,0.848585690515807,0.841876629018245,0.683729146221786,990,"all","RF#990","RF",990
247,545,31,328,0.9461805555555556,0.8884892086330936,0.9461805555555556,0.9461805555555556,0.7522429261559697,0.6880973066898349,0.3759143214877444,990,"all","NB#990","NB",990
445,478,98,130,0.8298611111111112,0.8195211786372008,0.8298611111111112,0.8298611111111112,0.8074324324324325,0.8019113814074718,0.6038033238320691,990,"all","MLP#990","MLP",990
455,438,138,120,0.7913043478260869,0.7849462365591398,0.7913043478260869,0.7913043478260869,0.7791095890410958,0.7758470894874022,0.551706022481273,991,"all","DT#991","DT",991
463,514,62,112,0.8923611111111112,0.8819047619047619,0.8923611111111112,0.8923611111111112,0.8552412645590682,0.8488271068635969,0.6976311617724767,991,"all","RF#991","RF",991
487,392,184,88,0.8469565217391304,0.8166666666666667,0.8469565217391304,0.8469565217391304,0.781701444622793,0.7636837532580365,0.5274356373472444,991,"all","NB#991","NB",991
484,487,89,91,0.8454861111111112,0.8446771378708552,0.8454861111111112,0.8454861111111112,0.8440207972270363,0.843614248479583,0.6872273165075982,991,"all","MLP#991","MLP",991
442,449,127,133,0.7795138888888888,0.7768014059753954,0.7795138888888888,0.7795138888888888,0.7754749568221071,0.7741094700260643,0.5482145067739141,992,"all","DT#992","DT",992
467,513,63,108,0.890625,0.8811320754716981,0.890625,0.890625,0.8571428571428571,0.8514335360556038,0.7028466607785855,992,"all","RF#992","RF",992
358,508,68,217,0.8819444444444444,0.8403755868544601,0.8819444444444444,0.8819444444444444,0.7809377401998462,0.7523892267593397,0.504666659619993,992,"all","NB#992","NB",992
452,497,79,123,0.8628472222222222,0.8512241054613936,0.8628472222222222,0.8628472222222222,0.8311036789297659,0.8245004344048653,0.6489772871386384,992,"all","MLP#992","MLP",992
428,455,121,147,0.7899305555555556,0.7795992714025501,0.7899305555555556,0.7899305555555556,0.7724957555178269,0.7671589921807124,0.5342993535374274,993,"all","DT#993","DT",993
464,505,71,111,0.8767361111111112,0.8672897196261682,0.8767361111111112,0.8767361111111112,0.8473154362416108,0.841876629018245,0.6837339211305031,993,"all","RF#993","RF",993
473,404,172,102,0.8226086956521739,0.7984189723320159,0.8226086956521739,0.8226086956521739,0.7754098360655737,0.7619461337966985,0.5239422162513019,993,"all","NB#993","NB",993
465,485,91,110,0.8420138888888888,0.8363309352517986,0.8420138888888888,0.8420138888888888,0.8283518360375747,0.8253692441355344,0.6507282062740327,993,"all","MLP#993","MLP",993
450,427,149,125,0.782608695652174,0.7735507246376812,0.782608695652174,0.782608695652174,0.7666098807495741,0.7619461337966985,0.5239091578807532,994,"all","DT#994","DT",994
492,492,84,83,0.8556521739130435,0.8556521739130435,0.8556521739130435,0.8556521739130435,0.8549087749782798,0.8549087749782798,0.7098177689949141,994,"all","RF#994","RF",994
506,337,239,69,0.88,0.8300492610837439,0.88,0.88,0.7666666666666666,0.7324066029539531,0.4649501184780476,994,"all","NB#994","NB",994
469,467,109,106,0.8156521739130435,0.8150087260034904,0.8156521739130435,0.8156521739130435,0.8135299219427581,0.8132059079061685,0.6264132257855113,994,"all","MLP#994","MLP",994
449,450,126,126,0.78125,0.78125,0.78125,0.78125,0.78125,0.7810599478714162,0.5621195652173914,995,"all","DT#995","DT",995
471,504,72,104,0.875,0.8674033149171271,0.875,0.875,0.8513513513513513,0.8470894874022589,0.6941639692738778,995,"all","RF#995","RF",995
470,448,128,105,0.8173913043478261,0.810126582278481,0.8173913043478261,0.8173913043478261,0.8013640238704178,0.7975673327541268,0.595148417250005,995,"all","NB#995","NB",995
459,483,93,116,0.8385416666666666,0.8315217391304348,0.8385416666666666,0.8385416666666666,0.8221276595744681,0.8184187662901824,0.6368246481988352,995,"all","MLP#995","MLP",995
444,468,108,131,0.8125,0.8043478260869565,0.8125,0.8125,0.796595744680851,0.792354474370113,0.584694214925941,996,"all","DT#996","DT",996
482,521,55,93,0.9045138888888888,0.8975791433891993,0.9045138888888888,0.9045138888888888,0.8756302521008403,0.8714161598609904,0.7428173717695157,996,"all","RF#996","RF",996
453,466,110,122,0.8090277777777778,0.8046181172291297,0.8090277777777778,0.8090277777777778,0.8006872852233677,0.7984361424847958,0.5968646775001961,996,"all","NB#996","NB",996
452,502,74,123,0.8715277777777778,0.8593155893536122,0.8715277777777778,0.8715277777777778,0.835970024979184,0.8288444830582102,0.6576633839157788,996,"all","MLP#996","MLP",996
431,437,139,144,0.7586805555555556,0.756140350877193,0.7586805555555556,0.7586805555555556,0.7554019014693172,0.7541268462206777,0.5082496093720514,997,"all","DT#997","DT",997
472,498,78,103,0.8645833333333334,0.8581818181818182,0.8645833333333334,0.8645833333333334,0.8462192013593883,0.8427454387489139,0.6854787695791658,997,"all","RF#997","RF",997
519,309,267,56,0.9026086956521739,0.8465753424657534,0.9026086956521739,0.9026086956521739,0.7626745040411461,0.7193744569939183,0.4389272137045717,997,"all","NB#997","NB",997
459,481,95,116,0.8350694444444444,0.8285198555956679,0.8350694444444444,0.8350694444444444,0.8201193520886615,0.8166811468288445,0.6333503930529198,997,"all","MLP#997","MLP",997
433,440,136,142,0.7638888888888888,0.7609841827768014,0.7638888888888888,0.7638888888888888,0.7599309153713298,0.7584708948740226,0.5169370495505697,998,"all","DT#998","DT",998
470,506,70,105,0.8784722222222222,0.8703703703703703,0.8784722222222222,0.8784722222222222,0.85256950294861,0.8479582971329279,0.6959002966642259,998,"all","RF#998","RF",998
502,367,209,73,0.8730434782608696,0.8340909090909091,0.8730434782608696,0.8730434782608696,0.7807153965785381,0.7549956559513467,0.5100915271019235,998,"all","NB#998","NB",998
465,474,102,110,0.8229166666666666,0.8201058201058201,0.8229166666666666,0.8229166666666666,0.8172413793103449,0.8158123370981755,0.6316199471008103,998,"all","MLP#998","MLP",998
446,428,148,129,0.7756521739130435,0.7684021543985637,0.7756521739130435,0.7756521739130435,0.7630453378956373,0.7593397046046916,0.5186928515033536,999,"all","DT#999","DT",999
487,504,72,88,0.875,0.8711985688729875,0.875,0.875,0.863013698630137,0.8609904430929627,0.721973960723689,999,"all","RF#999","RF",999
535,197,379,40,0.9304347826086956,0.8312236286919831,0.9304347826086956,0.9304347826086956,0.7186030893216924,0.635968722849696,0.2723093103016421,999,"all","NB#999","NB",999
467,496,80,108,0.8611111111111112,0.8537477148080439,0.8611111111111112,0.8611111111111112,0.8406779661016949,0.8366637706342311,0.6733134854734198,999,"all","MLP#999","MLP",999
