"TruePositives","TrueNegatives","FalsePositives","FalseNegatives","Recall","Precision","Sensitivity","Specificity","F-measure","Accuracy","Cohen's kappa","Iteration","Species","learner","learner_Arr[0]","learner_Arr[1]"
550,547,29,25,0.9565217391304348,0.9562937062937062,0.9565217391304348,0.9565217391304348,0.953206239168111,0.9530842745438749,0.9061690448729175,0,"all","DT#0","DT",0
555,553,23,20,0.9652173913043478,0.9650959860383944,0.9652173913043478,0.9652173913043478,0.9627059843885516,0.9626411815812337,0.9252826451571023,0,"all","RF#0","RF",0
551,434,142,24,0.9582608695652174,0.9475982532751092,0.9582608695652174,0.9582608695652174,0.8690851735015772,0.8557775847089487,0.7116063261677418,0,"all","NB#0","NB",0
560,549,27,15,0.9739130434782609,0.973404255319149,0.9739130434782609,0.9739130434782609,0.963855421686747,0.9635099913119027,0.9270212496150433,0,"all","MLP#0","MLP",0
553,553,23,22,0.9617391304347827,0.9617391304347827,0.9617391304347827,0.9617391304347827,0.9609035621198958,0.9609035621198957,0.9218071832621025,1,"all","DT#1","DT",1
551,563,13,24,0.9774305555555556,0.9769503546099291,0.9774305555555556,0.9774305555555556,0.9681857265692175,0.9678540399652477,0.9357069637327916,1,"all","RF#1","RF",1
483,551,25,92,0.9565972222222222,0.9507874015748031,0.9565972222222222,0.9565972222222222,0.904019688269073,0.8983492615117289,0.7966778040653266,1,"all","NB#1","NB",1
554,553,23,21,0.9634782608695652,0.9634146341463414,0.9634782608695652,0.9634782608695652,0.9618055555555556,0.9617723718505647,0.9235449168329806,1,"all","MLP#1","MLP",1
537,548,28,38,0.9513888888888888,0.9504424778761061,0.9513888888888888,0.9513888888888888,0.9432013769363167,0.9426585577758471,0.8853152976343241,2,"all","DT#2","DT",2
555,558,18,20,0.96875,0.9685863874345549,0.96875,0.96875,0.9670710571923744,0.9669852302345786,0.9339702112627152,2,"all","RF#2","RF",2
492,550,26,83,0.9548611111111112,0.9498069498069498,0.9548611111111112,0.9548611111111112,0.9098428453267163,0.9052997393570807,0.8105830362818055,2,"all","NB#2","NB",2
548,543,33,27,0.9530434782608695,0.9526315789473684,0.9530434782608695,0.9530434782608695,0.9480968858131488,0.947871416159861,0.8957436979737503,2,"all","MLP#2","MLP",2
545,535,41,30,0.9478260869565217,0.9469026548672567,0.9478260869565217,0.9478260869565217,0.9388458225667528,0.9383145091225021,0.8766309738213888,3,"all","DT#3","DT",3
565,548,28,10,0.9826086956521739,0.982078853046595,0.9826086956521739,0.9826086956521739,0.9674657534246575,0.9669852302345786,0.9339722048615827,3,"all","RF#3","RF",3
545,471,105,30,0.9478260869565217,0.9401197604790419,0.9478260869565217,0.9478260869565217,0.8897959183673468,0.8827106863596872,0.7654477527453866,3,"all","NB#3","NB",3
551,552,24,24,0.9583333333333334,0.9583333333333334,0.9583333333333334,0.9583333333333334,0.9583333333333334,0.9582971329278888,0.9165942028985506,3,"all","MLP#3","MLP",3
543,531,45,32,0.9443478260869566,0.9431616341030196,0.9443478260869566,0.9443478260869566,0.9337919174548581,0.9331016507384883,0.8662058262745448,4,"all","DT#4","DT",4
564,548,28,11,0.9808695652173913,0.9803220035778175,0.9808695652173913,0.9808695652173913,0.9665809768637532,0.9661164205039097,0.9322345290051434,4,"all","RF#4","RF",4
501,550,26,74,0.9548611111111112,0.9506641366223909,0.9548611111111112,0.9548611111111112,0.9166666666666667,0.9131190269331017,0.8262253303379472,4,"all","NB#4","NB",4
562,542,34,13,0.9773913043478261,0.9765765765765766,0.9773913043478261,0.9773913043478261,0.9598633646456021,0.9591659426585578,0.9183344127073267,4,"all","MLP#4","MLP",4
545,546,30,30,0.9479166666666666,0.9479166666666666,0.9479166666666666,0.9479166666666666,0.9479166666666666,0.947871416159861,0.8957427536231884,5,"all","DT#5","DT",5
556,559,17,19,0.9704861111111112,0.9703315881326352,0.9704861111111112,0.9704861111111112,0.9688041594454073,0.9687228496959166,0.9374454633015197,5,"all","RF#5","RF",5
514,545,31,61,0.9461805555555556,0.9431192660550459,0.9461805555555556,0.9461805555555556,0.922165820642978,0.9200695047784535,0.8401316484744176,5,"all","NB#5","NB",5
547,564,12,28,0.9791666666666666,0.9785330948121646,0.9791666666666666,0.9791666666666666,0.9657534246575342,0.9652476107732406,0.9304934901809222,5,"all","MLP#5","MLP",5
542,550,26,33,0.9548611111111112,0.954225352112676,0.9548611111111112,0.9548611111111112,0.9490940465918896,0.94874022589053,0.897479290994923,6,"all","DT#6","DT",6
559,564,12,16,0.9791666666666666,0.978984238178634,0.9791666666666666,0.9791666666666666,0.9757785467128027,0.9756733275412685,0.9513463245550999,6,"all","RF#6","RF",6
549,485,91,26,0.9547826086956521,0.949119373776908,0.9547826086956521,0.9547826086956521,0.9037037037037037,0.8983492615117289,0.7967183171941159,6,"all","NB#6","NB",6
559,557,19,16,0.9721739130434782,0.9720767888307156,0.9721739130434782,0.9721739130434782,0.9696444058976583,0.9695916594265855,0.9391835483836879,6,"all","MLP#6","MLP",6
548,538,38,27,0.9530434782608695,0.952212389380531,0.9530434782608695,0.9530434782608695,0.9440137812230835,0.9435273675065161,0.8870565253294406,7,"all","DT#7","DT",7
563,550,26,12,0.9791304347826087,0.9786476868327402,0.9791304347826087,0.9791304347826087,0.9673539518900344,0.9669852302345786,0.93397180615144,7,"all","RF#7","RF",7
498,544,32,77,0.9444444444444444,0.939622641509434,0.9444444444444444,0.9444444444444444,0.9089390142021719,0.9052997393570807,0.8105864679816713,7,"all","NB#7","NB",7
553,543,33,22,0.9617391304347827,0.9610619469026549,0.9617391304347827,0.9617391304347827,0.9526270456503015,0.952215464813206,0.9044324445095266,7,"all","MLP#7","MLP",7
552,550,26,23,0.96,0.9598603839441536,0.96,0.96,0.9575021682567215,0.9574283231972198,0.9148569677371632,8,"all","DT#8","DT",8
561,564,12,14,0.9791666666666666,0.9790575916230366,0.9791666666666666,0.9791666666666666,0.9774696707105719,0.9774109470026064,0.954821723495542,8,"all","RF#8","RF",8
518,546,30,57,0.9479166666666666,0.9452554744525548,0.9479166666666666,0.9479166666666666,0.9262086513994912,0.9244135534317984,0.8488208305592166,8,"all","NB#8","NB",8
560,560,16,15,0.9739130434782609,0.9739130434782609,0.9739130434782609,0.9739130434782609,0.9730668983492615,0.9730668983492615,0.9461338373583374,8,"all","MLP#8","MLP",8
540,554,22,35,0.9618055555555556,0.9608540925266904,0.9618055555555556,0.9618055555555556,0.9510729613733906,0.950477845351868,0.9009536720980333,9,"all","DT#9","DT",9
558,559,17,17,0.9704861111111112,0.9704861111111112,0.9704861111111112,0.9704861111111112,0.9704861111111112,0.9704604691572546,0.9409208937198068,9,"all","RF#9","RF",9
537,508,68,38,0.9339130434782609,0.9304029304029304,0.9339130434782609,0.9339130434782609,0.9101694915254237,0.9079061685490878,0.815820539528705,9,"all","NB#9","NB",9
555,554,22,20,0.9652173913043478,0.9651567944250871,0.9652173913043478,0.9652173913043478,0.9635416666666666,0.9635099913119027,0.927020147886027,9,"all","MLP#9","MLP",9
532,548,28,43,0.9513888888888888,0.95,0.9513888888888888,0.9513888888888888,0.9391602399314481,0.9383145091225021,0.8766261313284569,10,"all","DT#10","DT",10
562,555,21,13,0.9773913043478261,0.977112676056338,0.9773913043478261,0.9773913043478261,0.9706390328151987,0.9704604691572546,0.9409216072269659,10,"all","RF#10","RF",10
493,553,23,82,0.9600694444444444,0.9554263565891473,0.9600694444444444,0.9600694444444444,0.9132947976878614,0.9087749782797567,0.8175335665465372,10,"all","NB#10","NB",10
554,553,23,21,0.9634782608695652,0.9634146341463414,0.9634782608695652,0.9634782608695652,0.9618055555555556,0.9617723718505647,0.9235449168329806,10,"all","MLP#10","MLP",10
539,555,21,36,0.9635416666666666,0.9625,0.9635416666666666,0.9635416666666666,0.9511568123393316,0.950477845351868,0.9009533730383388,11,"all","DT#11","DT",11
562,554,22,13,0.9773913043478261,0.9770723104056437,0.9773913043478261,0.9773913043478261,0.9698015530629852,0.9695916594265855,0.9391840992498591,11,"all","RF#11","RF",11
533,526,50,42,0.9269565217391305,0.926056338028169,0.9269565217391305,0.9269565217391305,0.920552677029361,0.9200695047784535,0.8401408195553194,11,"all","NB#11","NB",11
557,546,30,18,0.9686956521739131,0.9680851063829787,0.9686956521739131,0.9686956521739131,0.9586919104991394,0.9582971329278888,0.9165957138457635,11,"all","MLP#11","MLP",11
547,546,30,28,0.951304347826087,0.9512195121951219,0.951304347826087,0.951304347826087,0.9496527777777778,0.9496090356211989,0.8992182994616561,12,"all","DT#12","DT",12
561,553,23,14,0.9756521739130435,0.9753086419753086,0.9756521739130435,0.9756521739130435,0.9680759275237273,0.9678540399652477,0.9357089049212799,12,"all","RF#12","RF",12
526,521,55,49,0.9147826086956522,0.9140350877192982,0.9147826086956522,0.9147826086956522,0.9100346020761247,0.9096437880104257,0.8192890764878337,12,"all","NB#12","NB",12
544,549,27,31,0.953125,0.9527145359019265,0.953125,0.953125,0.9498269896193772,0.9496090356211989,0.8992173865784213,12,"all","MLP#12","MLP",12
537,541,35,38,0.9392361111111112,0.9388111888111889,0.9392361111111112,0.9392361111111112,0.9367965367965367,0.9365768896611643,0.8731531090871488,13,"all","DT#13","DT",13
556,552,24,19,0.9669565217391304,0.9667250437828371,0.9669565217391304,0.9669565217391304,0.9627705627705627,0.9626411815812337,0.9252828707512775,13,"all","RF#13","RF",13
511,524,52,64,0.9097222222222222,0.9076376554174067,0.9097222222222222,0.9097222222222222,0.9003436426116839,0.8992180712423979,0.7984323387500981,13,"all","NB#13","NB",13
544,550,26,31,0.9548611111111112,0.9543859649122807,0.9548611111111112,0.9548611111111112,0.9507346585998272,0.950477845351868,0.9009548683187525,13,"all","MLP#13","MLP",13
541,539,37,34,0.9408695652173913,0.9406631762652705,0.9408695652173913,0.9408695652173913,0.9384215091066783,0.9383145091225021,0.8766294838640526,14,"all","DT#14","DT",14
559,549,27,16,0.9721739130434782,0.9716814159292035,0.9721739130434782,0.9721739130434782,0.9629629629629629,0.9626411815812337,0.9252835475256298,14,"all","RF#14","RF",14
512,536,40,63,0.9305555555555556,0.927536231884058,0.9305555555555556,0.9305555555555556,0.912340425531915,0.9105125977410947,0.8210188457630624,14,"all","NB#14","NB",14
548,557,19,27,0.9670138888888888,0.9664902998236331,0.9670138888888888,0.9670138888888888,0.9603448275862069,0.9600347523892268,0.9200684790879117,14,"all","MLP#14","MLP",14
547,543,33,28,0.951304347826087,0.9509632224168126,0.951304347826087,0.951304347826087,0.9471861471861474,0.947002606429192,0.8940059329262309,15,"all","DT#15","DT",15
557,558,18,18,0.96875,0.96875,0.96875,0.96875,0.96875,0.9687228496959166,0.9374456521739131,15,"all","RF#15","RF",15
468,558,18,107,0.96875,0.9629629629629629,0.96875,0.96875,0.8992747784045124,0.891398783666377,0.7827682161401517,15,"all","NB#15","NB",15
557,548,28,18,0.9686956521739131,0.9681978798586572,0.9686956521739131,0.9686956521739131,0.9603448275862069,0.9600347523892268,0.9200706511073202,15,"all","MLP#15","MLP",15
543,557,19,32,0.9670138888888888,0.9661921708185054,0.9670138888888888,0.9670138888888888,0.9562231759656652,0.9556907037358818,0.9113796013508719,16,"all","DT#16","DT",16
558,562,14,17,0.9756944444444444,0.9755244755244755,0.9756944444444444,0.9756944444444444,0.9731601731601731,0.9730668983492615,0.9461335120781043,16,"all","RF#16","RF",16
508,548,28,67,0.9513888888888888,0.9477611940298507,0.9513888888888888,0.9513888888888888,0.9202350965575147,0.9174630755864466,0.8349163069685565,16,"all","NB#16","NB",16
553,558,18,22,0.96875,0.968476357267951,0.96875,0.96875,0.9653979238754326,0.9652476107732406,0.9304947493644284,16,"all","MLP#16","MLP",16
548,548,28,27,0.9530434782608695,0.9530434782608695,0.9530434782608695,0.9530434782608695,0.9522154648132058,0.952215464813206,0.9044310017647922,17,"all","DT#17","DT",17
563,559,17,12,0.9791304347826087,0.978984238178634,0.9791304347826087,0.9791304347826087,0.9748917748917749,0.9748045178105995,0.9496093779485361,17,"all","RF#17","RF",17
500,554,22,75,0.9618055555555556,0.9578544061302682,0.9618055555555556,0.9618055555555556,0.9195020746887966,0.9157254561251086,0.8314372979722109,17,"all","NB#17","NB",17
555,560,16,20,0.9722222222222222,0.9719789842381786,0.9722222222222222,0.9722222222222222,0.9688581314878894,0.9687228496959166,0.9374452744279856,17,"all","MLP#17","MLP",17
540,548,28,35,0.9513888888888888,0.9507042253521126,0.9513888888888888,0.9513888888888888,0.9456427955133736,0.945264986967854,0.8905287344522058,18,"all","DT#18","DT",18
553,556,20,22,0.9652777777777778,0.9650959860383944,0.9652777777777778,0.9652777777777778,0.9636048526863085,0.9635099913119027,0.9270197071851063,18,"all","RF#18","RF",18
500,542,34,75,0.9409722222222222,0.9363295880149812,0.9409722222222222,0.9409722222222222,0.9086336965632859,0.9052997393570807,0.8105876118539944,18,"all","NB#18","NB",18
545,553,23,30,0.9600694444444444,0.9595070422535211,0.9600694444444444,0.9600694444444444,0.9542709232096634,0.9539530842745438,0.9079051258089985,18,"all","MLP#18","MLP",18
555,543,33,20,0.9652173913043478,0.9644760213143873,0.9652173913043478,0.9652173913043478,0.9544282029234736,0.9539530842745438,0.9079079063967646,19,"all","DT#19","DT",19
561,555,21,14,0.9756521739130435,0.9753954305799648,0.9756521739130435,0.9756521739130435,0.9697493517718238,0.9695916594265855,0.9391839156289108,19,"all","RF#19","RF",19
528,534,42,47,0.9270833333333334,0.9263157894736842,0.9270833333333334,0.9270833333333334,0.923076923076923,0.9226759339704604,0.845350583866122,19,"all","NB#19","NB",19
557,553,23,18,0.9686956521739131,0.968476357267951,0.9686956521739131,0.9686956521739131,0.9645021645021645,0.9643788010425717,0.9287580860651716,19,"all","MLP#19","MLP",19
531,544,32,44,0.9444444444444444,0.9431616341030196,0.9444444444444444,0.9444444444444444,0.9347079037800687,0.9339704604691572,0.867938428836271,20,"all","DT#20","DT",20
561,558,18,14,0.9756521739130435,0.9755244755244755,0.9756521739130435,0.9756521739130435,0.9722703639514731,0.9721980886185926,0.944396471035803,20,"all","RF#20","RF",20
482,545,31,93,0.9461805555555556,0.9395711500974658,0.9461805555555556,0.9461805555555556,0.8978583196046128,0.8922675933970461,0.7845148549532113,20,"all","NB#20","NB",20
554,557,19,21,0.9670138888888888,0.9668411867364747,0.9670138888888888,0.9670138888888888,0.9653379549393414,0.9652476107732406,0.9304949592239106,20,"all","MLP#20","MLP",20
548,544,32,27,0.9530434782608695,0.9527145359019265,0.9530434782608695,0.9530434782608695,0.9489177489177489,0.94874022589053,0.897481148240125,21,"all","DT#21","DT",21
565,551,25,10,0.9826086956521739,0.982174688057041,0.9826086956521739,0.9826086956521739,0.9699570815450643,0.9695916594265855,0.9391846501060511,21,"all","RF#21","RF",21
500,545,31,75,0.9461805555555556,0.9416195856873822,0.9461805555555556,0.9461805555555556,0.9113712374581939,0.9079061685490878,0.8157999625578994,21,"all","NB#21","NB",21
562,539,37,13,0.9773913043478261,0.9764492753623188,0.9773913043478261,0.9773913043478261,0.9574105621805792,0.9565595134665508,0.9131221091023272,21,"all","MLP#21","MLP",21
547,544,32,28,0.951304347826087,0.951048951048951,0.951304347826087,0.951304347826087,0.9480069324090121,0.947871416159861,0.8957433831921305,22,"all","DT#22","DT",22
559,551,25,16,0.9721739130434782,0.9717813051146384,0.9721739130434782,0.9721739130434782,0.9646246764452113,0.9643788010425717,0.9287585162641208,22,"all","RF#22","RF",22
508,539,37,67,0.9357638888888888,0.9321100917431193,0.9357638888888888,0.9357638888888888,0.9120135363790186,0.9096437880104257,0.8192792547971677,22,"all","NB#22","NB",22
559,548,28,16,0.9721739130434782,0.9716312056737588,0.9721739130434782,0.9721739130434782,0.9621342512908777,0.9617723718505647,0.9235460710252834,22,"all","MLP#22","MLP",22
555,544,32,20,0.9652173913043478,0.9645390070921985,0.9652173913043478,0.9652173913043478,0.9552495697074009,0.9548218940052129,0.909645356666244,23,"all","DT#23","DT",23
561,555,21,14,0.9756521739130435,0.9753954305799648,0.9756521739130435,0.9756521739130435,0.9697493517718238,0.9695916594265855,0.9391839156289108,23,"all","RF#23","RF",23
457,557,19,118,0.9670138888888888,0.9600840336134454,0.9670138888888888,0.9670138888888888,0.8904876099120702,0.8809730668983493,0.7619103700583271,23,"all","NB#23","NB",23
563,550,26,12,0.9791304347826087,0.9786476868327402,0.9791304347826087,0.9791304347826087,0.9673539518900344,0.9669852302345786,0.93397180615144,23,"all","MLP#23","MLP",23
545,545,31,30,0.9478260869565217,0.9478260869565217,0.9478260869565217,0.9478260869565217,0.9470026064291919,0.947002606429192,0.8940052928664057,24,"all","DT#24","DT",24
552,554,22,23,0.9618055555555556,0.9616724738675958,0.9618055555555556,0.9618055555555556,0.9609713790112748,0.9609035621198957,0.9218069471723236,24,"all","RF#24","RF",24
422,567,9,153,0.984375,0.9791183294663574,0.984375,0.984375,0.8749999999999999,0.8592528236316247,0.7184442270058709,24,"all","NB#24","NB",24
542,549,27,33,0.953125,0.9525483304042179,0.953125,0.953125,0.9481865284974094,0.947871416159861,0.8957418092555187,24,"all","MLP#24","MLP",24
542,545,31,33,0.9461805555555556,0.9458987783595113,0.9461805555555556,0.9461805555555556,0.9445407279029463,0.944396177237185,0.8887919347582571,25,"all","DT#25","DT",25
557,551,25,18,0.9686956521739131,0.968365553602812,0.9686956521739131,0.9686956521739131,0.9628349178910978,0.9626411815812337,0.9252830963440904,25,"all","RF#25","RF",25
504,549,27,71,0.953125,0.9491525423728814,0.953125,0.953125,0.9180602006688964,0.9148566463944396,0.8297018521761712,25,"all","NB#25","NB",25
547,553,23,28,0.9600694444444444,0.9596491228070175,0.9600694444444444,0.9600694444444444,0.9559204840103716,0.9556907037358818,0.9113806716536206,25,"all","MLP#25","MLP",25
541,545,31,34,0.9461805555555556,0.9458041958041958,0.9461805555555556,0.9461805555555556,0.9437229437229436,0.9435273675065161,0.8870541382282832,26,"all","DT#26","DT",26
552,558,18,23,0.96875,0.968421052631579,0.96875,0.96875,0.9645635263612792,0.9643788010425717,0.9287570105450675,26,"all","RF#26","RF",26
501,544,32,74,0.9444444444444444,0.9399624765478424,0.9444444444444444,0.9444444444444444,0.9112227805695142,0.9079061685490878,0.8158005187526988,26,"all","NB#26","NB",26
549,549,27,26,0.9547826086956521,0.9547826086956521,0.9547826086956521,0.9547826086956521,0.9539530842745438,0.9539530842745438,0.9079062380642542,26,"all","MLP#26","MLP",26
546,542,34,29,0.9495652173913044,0.9492119089316988,0.9495652173913044,0.9495652173913044,0.9454545454545455,0.945264986967854,0.8905307176123368,27,"all","DT#27","DT",27
559,546,30,16,0.9721739130434782,0.9715302491103203,0.9721739130434782,0.9721739130434782,0.9604810996563574,0.9600347523892268,0.9200711337622695,27,"all","RF#27","RF",27
506,546,30,69,0.9479166666666666,0.9440298507462687,0.9479166666666666,0.9479166666666666,0.9168765743073047,0.9139878366637706,0.8279654146303903,27,"all","NB#27","NB",27
561,541,35,14,0.9756521739130435,0.9747747747747748,0.9756521739130435,0.9756521739130435,0.9581554227156277,0.9574283231972198,0.9148592813331703,27,"all","MLP#27","MLP",27
547,539,37,28,0.951304347826087,0.9506172839506173,0.951304347826087,0.951304347826087,0.9439171699741157,0.9435273675065161,0.8870561843211672,28,"all","DT#28","DT",28
565,547,29,10,0.9826086956521739,0.9820466786355476,0.9826086956521739,0.9826086956521739,0.9666381522668948,0.9661164205039097,0.9322347336051654,28,"all","RF#28","RF",28
523,544,32,52,0.9444444444444444,0.9423423423423424,0.9444444444444444,0.9444444444444444,0.9283276450511946,0.9270199826238054,0.854035447930191,28,"all","NB#28","NB",28
560,550,26,15,0.9739130434782609,0.9734513274336283,0.9739130434782609,0.9739130434782609,0.9646856158484065,0.9643788010425717,0.9287587313616471,28,"all","MLP#28","MLP",28
549,535,41,26,0.9547826086956521,0.9536541889483066,0.9547826086956521,0.9547826086956521,0.9424892703862662,0.9417897480451781,0.8835820444887268,29,"all","DT#29","DT",29
568,551,25,7,0.9878260869565217,0.9874551971326165,0.9878260869565217,0.9878260869565217,0.9726027397260274,0.9721980886185926,0.9443976461992277,29,"all","RF#29","RF",29
536,536,40,39,0.9321739130434783,0.9321739130434783,0.9321739130434783,0.9321739130434783,0.9313640312771503,0.9313640312771503,0.8627281661712468,29,"all","NB#29","NB",29
564,553,23,11,0.9808695652173913,0.9804964539007093,0.9808695652173913,0.9808695652173913,0.9707401032702239,0.9704604691572546,0.9409219639740827,29,"all","MLP#29","MLP",29
560,531,45,15,0.9739130434782609,0.9725274725274725,0.9739130434782609,0.9739130434782609,0.9491525423728814,0.947871416159861,0.8957474752049275,30,"all","DT#30","DT",30
564,555,21,11,0.9808695652173913,0.980565371024735,0.9808695652173913,0.9808695652173913,0.9724137931034482,0.9721980886185926,0.9443969746833534,30,"all","RF#30","RF",30
533,531,45,42,0.9269565217391305,0.9267015706806283,0.9269565217391305,0.9269565217391305,0.9245446660884649,0.9244135534317984,0.8488276774108814,30,"all","NB#30","NB",30
556,542,34,19,0.9669565217391304,0.966131907308378,0.9669565217391304,0.9669565217391304,0.9545064377682403,0.9539530842745438,0.9079081844463062,30,"all","MLP#30","MLP",30
548,553,23,27,0.9600694444444444,0.9597197898423818,0.9600694444444444,0.9600694444444444,0.9567474048442907,0.9565595134665508,0.9131184367055356,31,"all","DT#31","DT",31
562,563,13,13,0.9774305555555556,0.9774305555555556,0.9774305555555556,0.9774305555555556,0.9774305555555556,0.9774109470026064,0.9548218599033816,31,"all","RF#31","RF",31
499,551,25,76,0.9565972222222222,0.9522900763358778,0.9565972222222222,0.9565972222222222,0.916043225270158,0.9122502172024327,0.824486788686931,31,"all","NB#31","NB",31
557,559,17,18,0.9704861111111112,0.9703832752613241,0.9704861111111112,0.9704861111111112,0.9696444058976583,0.9695916594265855,0.9391831811340294,31,"all","MLP#31","MLP",31
554,539,37,21,0.9634782608695652,0.9625,0.9634782608695652,0.9634782608695652,0.9502572898799313,0.9496090356211989,0.8992204294582256,32,"all","DT#32","DT",32
567,556,20,8,0.9860869565217392,0.9858156028368794,0.9860869565217392,0.9860869565217392,0.9759036144578314,0.9756733275412685,0.9513474997433621,32,"all","RF#32","RF",32
511,544,32,64,0.9444444444444444,0.9410681399631676,0.9444444444444444,0.9444444444444444,0.918918918918919,0.9165942658557776,0.8331803468766608,32,"all","NB#32","NB",32
564,556,20,11,0.9808695652173913,0.9805996472663139,0.9808695652173913,0.9808695652173913,0.9732528041415013,0.9730668983492615,0.9461344879070182,32,"all","MLP#32","MLP",32
543,534,42,32,0.9443478260869566,0.9434628975265018,0.9443478260869566,0.9443478260869566,0.9362068965517243,0.9357080799304952,0.8714180039552543,33,"all","DT#33","DT",33
559,561,15,16,0.9739583333333334,0.9738675958188153,0.9739583333333334,0.9739583333333334,0.9731136166522117,0.9730668983492615,0.9461336747187119,33,"all","RF#33","RF",33
513,547,29,62,0.9496527777777778,0.9464944649446494,0.9496527777777778,0.9496527777777778,0.9232067510548524,0.9209383145091226,0.8418686317404099,33,"all","NB#33","NB",33
556,553,23,19,0.9669565217391304,0.9667832167832168,0.9669565217391304,0.9669565217391304,0.9636048526863085,0.9635099913119027,0.9270203682344914,33,"all","MLP#33","MLP",33
542,543,33,33,0.9427083333333334,0.9427083333333334,0.9427083333333334,0.9427083333333334,0.9427083333333334,0.9426585577758471,0.8853170289855071,34,"all","DT#34","DT",34
565,551,25,10,0.9826086956521739,0.982174688057041,0.9826086956521739,0.9826086956521739,0.9699570815450643,0.9695916594265855,0.9391846501060511,34,"all","RF#34","RF",34
540,524,52,35,0.9391304347826087,0.9373881932021467,0.9391304347826087,0.9391304347826087,0.9254498714652957,0.9244135534317984,0.8488308723960889,34,"all","NB#34","NB",34
556,550,26,19,0.9669565217391304,0.9666080843585237,0.9669565217391304,0.9669565217391304,0.9611063094209161,0.9609035621198957,0.9218078915228852,34,"all","MLP#34","MLP",34
541,555,21,34,0.9635416666666666,0.9626334519572953,0.9635416666666666,0.9635416666666666,0.9527896995708154,0.952215464813206,0.9044289818489797,35,"all","DT#35","DT",35
563,561,15,12,0.9791304347826087,0.9790575916230366,0.9791304347826087,0.9791304347826087,0.976582827406765,0.9765421372719374,0.9530844516102736,35,"all","RF#35","RF",35
468,563,13,107,0.9774305555555556,0.972972972972973,0.9774305555555556,0.9774305555555556,0.9036918138041734,0.895742832319722,0.7914559131277686,35,"all","NB#35","NB",35
560,562,14,15,0.9756944444444444,0.975609756097561,0.9756944444444444,0.9756944444444444,0.9748482220294883,0.9748045178105995,0.949608921511053,35,"all","MLP#35","MLP",35
544,550,26,31,0.9548611111111112,0.9543859649122807,0.9548611111111112,0.9548611111111112,0.9507346585998272,0.950477845351868,0.9009548683187525,36,"all","DT#36","DT",36
560,557,19,15,0.9739130434782609,0.9737762237762237,0.9739130434782609,0.9739130434782609,0.9705372616984401,0.9704604691572546,0.9409212504755406,36,"all","RF#36","RF",36
514,545,31,61,0.9461805555555556,0.9431192660550459,0.9461805555555556,0.9461805555555556,0.922165820642978,0.9200695047784535,0.8401316484744176,36,"all","NB#36","NB",36
549,553,23,26,0.9600694444444444,0.9597902097902098,0.9600694444444444,0.9600694444444444,0.9575757575757576,0.9574283231972198,0.9148561965105518,36,"all","MLP#36","MLP",36
542,549,27,33,0.953125,0.9525483304042179,0.953125,0.953125,0.9481865284974094,0.947871416159861,0.8957418092555187,37,"all","DT#37","DT",37
554,558,18,21,0.96875,0.9685314685314685,0.96875,0.96875,0.9662337662337663,0.9661164205039097,0.9322324829369699,37,"all","RF#37","RF",37
541,500,76,34,0.9408695652173913,0.9363295880149812,0.9408695652173913,0.9408695652173913,0.9077181208053692,0.9044309296264118,0.8088738334827804,37,"all","NB#37","NB",37
551,552,24,24,0.9583333333333334,0.9583333333333334,0.9583333333333334,0.9583333333333334,0.9583333333333334,0.9582971329278888,0.9165942028985506,37,"all","MLP#37","MLP",37
541,552,24,34,0.9583333333333334,0.9575221238938053,0.9583333333333334,0.9583333333333334,0.9500860585197936,0.9496090356211989,0.8992164736786484,38,"all","DT#38","DT",38
557,551,25,18,0.9686956521739131,0.968365553602812,0.9686956521739131,0.9686956521739131,0.9628349178910978,0.9626411815812337,0.9252830963440904,38,"all","RF#38","RF",38
519,534,42,56,0.9270833333333334,0.9251336898395722,0.9270833333333334,0.9270833333333334,0.9159519725557462,0.9148566463944396,0.8297095651176203,38,"all","NB#38","NB",38
553,549,27,22,0.9617391304347827,0.9614711033274956,0.9617391304347827,0.9617391304347827,0.9575757575757575,0.9574283231972198,0.9148572248095954,38,"all","MLP#38","MLP",38
553,546,30,22,0.9617391304347827,0.9612676056338029,0.9617391304347827,0.9617391304347827,0.9550949913644214,0.9548218940052129,0.9096448110530067,39,"all","DT#39","DT",39
559,557,19,16,0.9721739130434782,0.9720767888307156,0.9721739130434782,0.9721739130434782,0.9696444058976583,0.9695916594265855,0.9391835483836879,39,"all","RF#39","RF",39
514,555,21,61,0.9635416666666666,0.9607476635514018,0.9635416666666666,0.9635416666666666,0.9312080536912751,0.9287576020851434,0.857506491937919,39,"all","NB#39","NB",39
551,558,18,24,0.96875,0.968365553602812,0.96875,0.96875,0.9637305699481865,0.9635099913119027,0.9270192664788631,39,"all","MLP#39","MLP",39
548,545,31,27,0.9530434782608695,0.9527972027972028,0.9530434782608695,0.9530434782608695,0.9497400346620449,0.9496090356211989,0.8992186037523927,40,"all","DT#40","DT",40
561,556,20,14,0.9756521739130435,0.9754385964912281,0.9756521739130435,0.9756521739130435,0.9705882352941178,0.9704604691572546,0.9409214288517919,40,"all","RF#40","RF",40
509,550,26,66,0.9548611111111112,0.9514018691588785,0.9548611111111112,0.9548611111111112,0.9228187919463089,0.9200695047784535,0.8401292348571774,40,"all","NB#40","NB",40
558,557,19,17,0.9704347826086956,0.9703832752613241,0.9704347826086956,0.9704347826086956,0.96875,0.9687228496959166,0.9374458410451659,40,"all","MLP#40","MLP",40
537,538,38,38,0.9340277777777778,0.9340277777777778,0.9340277777777778,0.9340277777777778,0.9340277777777778,0.9339704604691572,0.8679408212560386,41,"all","DT#41","DT",41
559,555,21,16,0.9721739130434782,0.9719789842381786,0.9721739130434782,0.9721739130434782,0.9679653679653679,0.9678540399652477,0.9357085166929598,41,"all","RF#41","RF",41
487,551,25,88,0.9565972222222222,0.951171875,0.9565972222222222,0.9565972222222222,0.9069958847736626,0.9018245004344049,0.8036301761791957,41,"all","NB#41","NB",41
558,548,28,17,0.9704347826086956,0.9699115044247788,0.9704347826086956,0.9704347826086956,0.9612403100775193,0.9609035621198957,0.9218083636896125,41,"all","MLP#41","MLP",41
540,549,27,35,0.953125,0.9523809523809523,0.953125,0.953125,0.9465517241379311,0.946133796698523,0.8922662109445767,42,"all","DT#42","DT",42
561,558,18,14,0.9756521739130435,0.9755244755244755,0.9756521739130435,0.9756521739130435,0.9722703639514731,0.9721980886185926,0.944396471035803,42,"all","RF#42","RF",42
511,552,24,64,0.9583333333333334,0.9551401869158879,0.9583333333333334,0.9583333333333334,0.9261744966442952,0.9235447437011295,0.8470801376894741,42,"all","NB#42","NB",42
539,556,20,36,0.9652777777777778,0.964221824686941,0.9652777777777778,0.9652777777777778,0.952054794520548,0.9513466550825369,0.9026908862532911,42,"all","MLP#42","MLP",42
553,544,32,22,0.9617391304347827,0.9611307420494699,0.9617391304347827,0.9617391304347827,0.953448275862069,0.9530842745438749,0.9061698947781586,43,"all","DT#43","DT",43
558,558,18,17,0.9704347826086956,0.9704347826086956,0.9704347826086956,0.9704347826086956,0.9695916594265855,0.9695916594265855,0.9391833647594131,43,"all","RF#43","RF",43
528,541,35,47,0.9392361111111112,0.9378330373001776,0.9392361111111112,0.9392361111111112,0.929553264604811,0.9287576020851434,0.8575125153233452,43,"all","NB#43","NB",43
562,550,26,13,0.9773913043478261,0.9769094138543517,0.9773913043478261,0.9773913043478261,0.9664660361134996,0.9661164205039097,0.9322341198013928,43,"all","MLP#43","MLP",43
536,547,29,39,0.9496527777777778,0.9486725663716814,0.9496527777777778,0.9496527777777778,0.9414802065404475,0.9409209383145091,0.881840003623243,44,"all","DT#44","DT",44
557,558,18,18,0.96875,0.96875,0.96875,0.96875,0.96875,0.9687228496959166,0.9374456521739131,44,"all","RF#44","RF",44
530,538,38,45,0.9340277777777778,0.9330985915492958,0.9340277777777778,0.9340277777777778,0.9283865401207937,0.9278887923544744,0.8557759517386205,44,"all","NB#44","NB",44
556,546,30,19,0.9669565217391304,0.9663716814159292,0.9669565217391304,0.9669565217391304,0.9577950043066322,0.9574283231972198,0.9148579960175782,44,"all","MLP#44","MLP",44
540,548,28,35,0.9513888888888888,0.9507042253521126,0.9513888888888888,0.9513888888888888,0.9456427955133736,0.945264986967854,0.8905287344522058,45,"all","DT#45","DT",45
560,560,16,15,0.9739130434782609,0.9739130434782609,0.9739130434782609,0.9739130434782609,0.9730668983492615,0.9730668983492615,0.9461338373583374,45,"all","RF#45","RF",45
526,544,32,49,0.9444444444444444,0.942652329749104,0.9444444444444444,0.9444444444444444,0.9307100085543198,0.9296264118158123,0.8592491051249804,45,"all","NB#45","NB",45
546,560,16,29,0.9722222222222222,0.9715302491103203,0.9722222222222222,0.9722222222222222,0.9613733905579399,0.9609035621198957,0.9218055306037104,45,"all","MLP#45","MLP",45
550,543,33,25,0.9565217391304348,0.9559859154929577,0.9565217391304348,0.9565217391304348,0.9499136442141624,0.9496090356211989,0.8992192123283534,46,"all","DT#46","DT",46
556,547,29,19,0.9669565217391304,0.9664310954063604,0.9669565217391304,0.9669565217391304,0.9586206896551723,0.9582971329278888,0.9165954620250297,46,"all","RF#46","RF",46
502,543,33,73,0.9427083333333334,0.9383177570093458,0.9427083333333334,0.9427083333333334,0.9110738255033557,0.9079061685490878,0.8158010749441392,46,"all","NB#46","NB",46
551,544,32,24,0.9582608695652174,0.9577464788732394,0.9582608695652174,0.9582608695652174,0.9516407599309155,0.9513466550825369,0.9026944119032378,46,"all","MLP#46","MLP",46
534,550,26,41,0.9548611111111112,0.9535714285714286,0.9548611111111112,0.9548611111111112,0.9425878320479864,0.9417897480451781,0.8835767718169947,47,"all","DT#47","DT",47
553,557,19,22,0.9670138888888888,0.9667832167832168,0.9670138888888888,0.9670138888888888,0.9645021645021645,0.9643788010425717,0.9287572256516863,47,"all","RF#47","RF",47
481,557,19,94,0.9670138888888888,0.962,0.9670138888888888,0.9670138888888888,0.9079054604726976,0.9018245004344049,0.8036266183520175,47,"all","NB#47","NB",47
552,556,20,23,0.9652777777777778,0.965034965034965,0.9652777777777778,0.9652777777777778,0.9627705627705628,0.9626411815812337,0.9252819683664026,47,"all","MLP#47","MLP",47
548,545,31,27,0.9530434782608695,0.9527972027972028,0.9530434782608695,0.9530434782608695,0.9497400346620449,0.9496090356211989,0.8992186037523927,48,"all","DT#48","DT",48
565,555,21,10,0.9826086956521739,0.9823008849557522,0.9826086956521739,0.9826086956521739,0.9732988802756245,0.9730668983492615,0.9461346505417332,48,"all","RF#48","RF",48
532,515,61,43,0.9252173913043479,0.9229390681003584,0.9252173913043479,0.9252173913043479,0.9109589041095891,0.9096437880104257,0.8192923501474898,48,"all","NB#48","NB",48
562,554,22,13,0.9773913043478261,0.9770723104056437,0.9773913043478261,0.9773913043478261,0.9698015530629852,0.9695916594265855,0.9391840992498591,48,"all","MLP#48","MLP",48
544,545,31,31,0.9461805555555556,0.9461805555555556,0.9461805555555556,0.9461805555555556,0.9461805555555556,0.946133796698523,0.8922675120772947,49,"all","DT#49","DT",49
562,558,18,13,0.9773913043478261,0.9772329246935202,0.9773913043478261,0.9773913043478261,0.9731601731601732,0.9730668983492615,0.946134162634642,49,"all","RF#49","RF",49
547,461,115,28,0.951304347826087,0.9427402862985685,0.951304347826087,0.951304347826087,0.8843977364591754,0.8757602085143353,0.7515528606599072,49,"all","NB#49","NB",49
551,550,26,24,0.9582608695652174,0.9581881533101045,0.9582608695652174,0.9582608695652174,0.9565972222222223,0.9565595134665508,0.9131192236738415,49,"all","MLP#49","MLP",49
545,547,29,30,0.9496527777777778,0.9494773519163763,0.9496527777777778,0.9496527777777778,0.9488291413703384,0.94874022589053,0.8974802196259354,50,"all","DT#50","DT",50
565,555,21,10,0.9826086956521739,0.9823008849557522,0.9826086956521739,0.9826086956521739,0.9732988802756245,0.9730668983492615,0.9461346505417332,50,"all","RF#50","RF",50
529,531,45,46,0.921875,0.921602787456446,0.921875,0.921875,0.9210754553339116,0.9209383145091226,0.8418762709484768,50,"all","NB#50","NB",50
557,550,26,18,0.9686956521739131,0.9683098591549296,0.9686956521739131,0.9686956521739131,0.9620034542314335,0.9617723718505647,0.923545609352544,50,"all","MLP#50","MLP",50
547,551,25,28,0.9565972222222222,0.9562937062937062,0.9565972222222222,0.9565972222222222,0.954112554112554,0.9539530842745438,0.9079056819399846,51,"all","DT#51","DT",51
565,559,17,10,0.9826086956521739,0.9824253075571178,0.9826086956521739,0.9826086956521739,0.9766637856525496,0.9765421372719374,0.953084734913731,51,"all","RF#51","RF",51
531,536,40,44,0.9305555555555556,0.9299474605954466,0.9305555555555556,0.9305555555555556,0.9273356401384083,0.9270199826238054,0.8540389736652999,51,"all","NB#51","NB",51
552,553,23,23,0.9600694444444444,0.9600694444444444,0.9600694444444444,0.9600694444444444,0.9600694444444444,0.9600347523892268,0.9200694444444444,51,"all","MLP#51","MLP",51
545,533,43,30,0.9478260869565217,0.9467140319715808,0.9478260869565217,0.9478260869565217,0.937231298366294,0.9365768896611643,0.8731561729615815,52,"all","DT#52","DT",52
557,550,26,18,0.9686956521739131,0.9683098591549296,0.9686956521739131,0.9686956521739131,0.9620034542314335,0.9617723718505647,0.923545609352544,52,"all","RF#52","RF",52
493,546,30,82,0.9479166666666666,0.9426386233269598,0.9479166666666666,0.9479166666666666,0.9069767441860465,0.9026933101650738,0.8053711945986097,52,"all","NB#52","NB",52
555,554,22,20,0.9652173913043478,0.9651567944250871,0.9652173913043478,0.9652173913043478,0.9635416666666666,0.9635099913119027,0.927020147886027,52,"all","MLP#52","MLP",52
538,550,26,37,0.9548611111111112,0.9539007092198581,0.9548611111111112,0.9548611111111112,0.945829750644884,0.945264986967854,0.890528073382861,53,"all","DT#53","DT",53
561,558,18,14,0.9756521739130435,0.9755244755244755,0.9756521739130435,0.9756521739130435,0.9722703639514731,0.9721980886185926,0.944396471035803,53,"all","RF#53","RF",53
469,554,22,106,0.9618055555555556,0.955193482688391,0.9618055555555556,0.9618055555555556,0.8964401294498382,0.8887923544743701,0.777556332626722,53,"all","NB#53","NB",53
546,542,34,29,0.9495652173913044,0.9492119089316988,0.9495652173913044,0.9495652173913044,0.9454545454545455,0.945264986967854,0.8905307176123368,53,"all","MLP#53","MLP",53
537,557,19,38,0.9670138888888888,0.9658273381294964,0.9670138888888888,0.9670138888888888,0.9513236549957301,0.950477845351868,0.9009527749135317,54,"all","DT#54","DT",54
562,560,16,13,0.9773913043478261,0.9773123909249564,0.9773913043478261,0.9773913043478261,0.9748482220294883,0.9748045178105995,0.9496092258036273,54,"all","RF#54","RF",54
527,540,36,48,0.9375,0.9360568383658969,0.9375,0.9375,0.9278350515463918,0.9270199826238054,0.8540372108190365,54,"all","NB#54","NB",54
559,558,18,16,0.9721739130434782,0.9721254355400697,0.9721739130434782,0.9721739130434782,0.9704861111111112,0.9704604691572546,0.9409210720982123,54,"all","MLP#54","MLP",54
540,554,22,35,0.9618055555555556,0.9608540925266904,0.9618055555555556,0.9618055555555556,0.9510729613733906,0.950477845351868,0.9009536720980333,55,"all","DT#55","DT",55
556,556,20,19,0.9669565217391304,0.9669565217391304,0.9669565217391304,0.9669565217391304,0.9661164205039096,0.9661164205039097,0.932232892160489,55,"all","RF#55","RF",55
524,543,33,51,0.9427083333333334,0.940754039497307,0.9427083333333334,0.9427083333333334,0.9282051282051283,0.9270199826238054,0.8540358886563946,55,"all","NB#55","NB",55
548,553,23,27,0.9600694444444444,0.9597197898423818,0.9600694444444444,0.9600694444444444,0.9567474048442907,0.9565595134665508,0.9131184367055356,55,"all","MLP#55","MLP",55
545,551,25,30,0.9565972222222222,0.956140350877193,0.9565972222222222,0.9565972222222222,0.9524632670700086,0.952215464813206,0.9044301360970419,56,"all","DT#56","DT",56
561,554,22,14,0.9756521739130435,0.9753521126760564,0.9756521739130435,0.9756521739130435,0.9689119170984457,0.9687228496959166,0.9374464076520815,56,"all","RF#56","RF",56
502,541,35,73,0.9392361111111112,0.9348230912476723,0.9392361111111112,0.9392361111111112,0.9092436974789916,0.9061685490877498,0.8123261902101873,56,"all","NB#56","NB",56
561,542,34,14,0.9756521739130435,0.9748201438848921,0.9756521739130435,0.9756521739130435,0.958974358974359,0.9582971329278888,0.9165967211134929,56,"all","MLP#56","MLP",56
538,546,30,37,0.9479166666666666,0.9471830985915493,0.9479166666666666,0.9479166666666666,0.9421915444348576,0.9417897480451781,0.8835781779094888,57,"all","DT#57","DT",57
555,558,18,20,0.96875,0.9685863874345549,0.96875,0.96875,0.9670710571923744,0.9669852302345786,0.9339702112627152,57,"all","RF#57","RF",57
481,552,24,94,0.9583333333333334,0.9524752475247524,0.9583333333333334,0.9583333333333334,0.9034369885433715,0.89748045178106,0.794939078706989,57,"all","NB#57","NB",57
558,556,20,17,0.9704347826086956,0.9703315881326352,0.9704347826086956,0.9704347826086956,0.9679098005203817,0.9678540399652477,0.9357083225770416,57,"all","MLP#57","MLP",57
540,543,33,35,0.9427083333333334,0.9424083769633508,0.9427083333333334,0.9427083333333334,0.9410745233968805,0.9409209383145091,0.8818414306806481,58,"all","DT#58","DT",58
554,549,27,21,0.9634782608695652,0.9631578947368421,0.9634782608695652,0.9634782608695652,0.9584775086505191,0.9582971329278888,0.9165949583790002,58,"all","RF#58","RF",58
511,534,42,64,0.9270833333333334,0.9240506329113924,0.9270833333333334,0.9270833333333334,0.9097103918228279,0.9079061685490878,0.8158060805159593,58,"all","NB#58","NB",58
552,548,28,23,0.96,0.9597197898423818,0.96,0.96,0.9558441558441558,0.9556907037358818,0.9113820094957013,58,"all","MLP#58","MLP",58
534,554,22,41,0.9618055555555556,0.960431654676259,0.9618055555555556,0.9618055555555556,0.946199829205807,0.945264986967854,0.8905267512202191,59,"all","DT#59","DT",59
549,562,14,26,0.9756944444444444,0.9751332149200711,0.9756944444444444,0.9756944444444444,0.965635738831615,0.9652476107732406,0.9304939099138269,59,"all","RF#59","RF",59
523,547,29,52,0.9496527777777778,0.947463768115942,0.9496527777777778,0.9496527777777778,0.931063829787234,0.9296264118158123,0.859247830163185,59,"all","NB#59","NB",59
551,551,25,24,0.9582608695652174,0.9582608695652174,0.9582608695652174,0.9582608695652174,0.9574283231972198,0.9574283231972198,0.9148567106631785,59,"all","MLP#59","MLP",59
546,551,25,29,0.9565972222222222,0.9562171628721541,0.9565972222222222,0.9565972222222222,0.9532871972318339,0.9530842745438749,0.9061679116419785,60,"all","DT#60","DT",60
560,560,16,15,0.9739130434782609,0.9739130434782609,0.9739130434782609,0.9739130434782609,0.9730668983492615,0.9730668983492615,0.9461338373583374,60,"all","RF#60","RF",60
514,542,34,61,0.9409722222222222,0.9379562043795621,0.9409722222222222,0.9409722222222222,0.9194232400339272,0.9174630755864466,0.8349192977370756,60,"all","NB#60","NB",60
553,552,24,22,0.9617391304347827,0.9616724738675958,0.9617391304347827,0.9617391304347827,0.9600694444444445,0.9600347523892268,0.9200696857799342,60,"all","MLP#60","MLP",60
555,543,33,20,0.9652173913043478,0.9644760213143873,0.9652173913043478,0.9652173913043478,0.9544282029234736,0.9539530842745438,0.9079079063967646,61,"all","DT#61","DT",61
560,556,20,15,0.9739130434782609,0.9737302977232924,0.9739130434782609,0.9739130434782609,0.9696969696969697,0.9695916594265855,0.9391837320068538,61,"all","RF#61","RF",61
549,504,72,26,0.9547826086956521,0.9509433962264151,0.9547826086956521,0.9547826086956521,0.9180602006688963,0.9148566463944396,0.8297249889047561,61,"all","NB#61","NB",61
559,544,32,16,0.9721739130434782,0.9714285714285714,0.9721739130434782,0.9721739130434782,0.9588336192109777,0.9582971329278888,0.9165962174826694,61,"all","MLP#61","MLP",61
528,544,32,47,0.9444444444444444,0.9428571428571428,0.9444444444444444,0.9444444444444444,0.9323050556983719,0.9313640312771503,0.8627248503513817,62,"all","DT#62","DT",62
556,561,15,19,0.9739583333333334,0.9737302977232924,0.9739583333333334,0.9739583333333334,0.9705882352941176,0.9704604691572546,0.9409205369597643,62,"all","RF#62","RF",62
498,547,29,77,0.9496527777777778,0.9449715370018975,0.9496527777777778,0.9496527777777778,0.9116666666666666,0.9079061685490878,0.8157988501582241,62,"all","NB#62","NB",62
548,555,21,27,0.9635416666666666,0.9630931458699473,0.9635416666666666,0.9635416666666666,0.9585492227979275,0.9582971329278888,0.9165934474044148,62,"all","MLP#62","MLP",62
549,541,35,26,0.9547826086956521,0.9541446208112875,0.9547826086956521,0.9547826086956521,0.9473684210526315,0.947002606429192,0.894006572978326,63,"all","DT#63","DT",63
561,557,19,14,0.9756521739130435,0.9754816112084063,0.9756521739130435,0.9756521739130435,0.9714285714285715,0.9713292788879235,0.9426589473207478,63,"all","RF#63","RF",63
502,559,17,73,0.9704861111111112,0.9672447013487476,0.9704861111111112,0.9704861111111112,0.9254966887417219,0.9218071242397915,0.8436009082893482,63,"all","NB#63","NB",63
553,543,33,22,0.9617391304347827,0.9610619469026549,0.9617391304347827,0.9617391304347827,0.9526270456503015,0.952215464813206,0.9044324445095266,63,"all","MLP#63","MLP",63
544,553,23,31,0.9600694444444444,0.9594356261022927,0.9600694444444444,0.9600694444444444,0.9534482758620689,0.9530842745438749,0.9061673450162442,64,"all","DT#64","DT",64
566,560,16,9,0.9843478260869565,0.984182776801406,0.9843478260869565,0.9843478260869565,0.9783923941227313,0.9782797567332754,0.9565599397349362,64,"all","RF#64","RF",64
538,517,59,37,0.9356521739130435,0.9332129963898917,0.9356521739130435,0.9356521739130435,0.9180887372013652,0.9165942658557776,0.8331939458532478,64,"all","NB#64","NB",64
556,555,21,19,0.9669565217391304,0.9668989547038328,0.9669565217391304,0.9669565217391304,0.9652777777777777,0.9652476107732406,0.9304953789390732,64,"all","MLP#64","MLP",64
534,558,18,41,0.96875,0.967391304347826,0.96875,0.96875,0.9497872340425532,0.94874022589053,0.8974768145633076,65,"all","DT#65","DT",65
554,560,16,21,0.9722222222222222,0.9719298245614035,0.9722222222222222,0.9722222222222222,0.9680207433016421,0.9678540399652477,0.9357075461016464,65,"all","RF#65","RF",65
489,559,17,86,0.9704861111111112,0.9664031620553359,0.9704861111111112,0.9704861111111112,0.9156429156429157,0.9105125977410947,0.8210064152213924,65,"all","NB#65","NB",65
558,553,23,17,0.9704347826086956,0.9701754385964912,0.9704347826086956,0.9704347826086956,0.9653979238754326,0.9652476107732406,0.9304957986491668,65,"all","MLP#65","MLP",65
552,539,37,23,0.96,0.9590747330960854,0.96,0.96,0.9484536082474226,0.947871416159861,0.8957449570812211,66,"all","DT#66","DT",66
568,551,25,7,0.9878260869565217,0.9874551971326165,0.9878260869565217,0.9878260869565217,0.9726027397260274,0.9721980886185926,0.9443976461992277,66,"all","RF#66","RF",66
548,494,82,27,0.9530434782608695,0.9481765834932822,0.9530434782608695,0.9530434782608695,0.9095435684647302,0.9052997393570807,0.8106150606456286,66,"all","NB#66","NB",66
561,547,29,14,0.9756521739130435,0.9750445632798574,0.9756521739130435,0.9756521739130435,0.9630901287553648,0.9626411815812337,0.9252839987017201,66,"all","MLP#66","MLP",66
548,544,32,27,0.9530434782608695,0.9527145359019265,0.9530434782608695,0.9530434782608695,0.9489177489177489,0.94874022589053,0.897481148240125,67,"all","DT#67","DT",67
553,554,22,22,0.9618055555555556,0.9618055555555556,0.9618055555555556,0.9618055555555556,0.9618055555555556,0.9617723718505647,0.9235446859903382,67,"all","RF#67","RF",67
510,550,26,65,0.9548611111111112,0.9514925373134329,0.9548611111111112,0.9548611111111112,0.9235936188077246,0.9209383145091226,0.8418671993067226,67,"all","NB#67","NB",67
549,552,24,26,0.9583333333333334,0.9581151832460733,0.9583333333333334,0.9583333333333334,0.9566724436741767,0.9565595134665508,0.9131186990298883,67,"all","MLP#67","MLP",67
555,544,32,20,0.9652173913043478,0.9645390070921985,0.9652173913043478,0.9652173913043478,0.9552495697074009,0.9548218940052129,0.909645356666244,68,"all","DT#68","DT",68
565,554,22,10,0.9826086956521739,0.9822695035460993,0.9826086956521739,0.9826086956521739,0.972461273666093,0.9721980886185926,0.9443971425638426,68,"all","RF#68","RF",68
537,517,59,38,0.9339130434782609,0.9315315315315316,0.9339130434782609,0.9339130434782609,0.9171648163962426,0.9157254561251086,0.8314561283534188,68,"all","NB#68","NB",68
548,550,26,27,0.9548611111111112,0.9547038327526133,0.9548611111111112,0.9548611111111112,0.9540329575021683,0.9539530842745438,0.9079059600029589,68,"all","MLP#68","MLP",68
542,549,27,33,0.953125,0.9525483304042179,0.953125,0.953125,0.9481865284974094,0.947871416159861,0.8957418092555187,69,"all","DT#69","DT",69
554,561,15,21,0.9739583333333334,0.9736379613356766,0.9739583333333334,0.9739583333333334,0.9689119170984456,0.9687228496959166,0.9374450855533112,69,"all","RF#69","RF",69
499,552,24,76,0.9583333333333334,0.9541108986615678,0.9583333333333334,0.9583333333333334,0.9169435215946845,0.9131190269331017,0.8262242808916159,69,"all","NB#69","NB",69
554,553,23,21,0.9634782608695652,0.9634146341463414,0.9634782608695652,0.9634782608695652,0.9618055555555556,0.9617723718505647,0.9235449168329806,69,"all","MLP#69","MLP",69
549,538,38,26,0.9547826086956521,0.9539007092198581,0.9547826086956521,0.9547826086956521,0.9449225473321858,0.944396177237185,0.8887942851276849,70,"all","DT#70","DT",70
562,552,24,13,0.9773913043478261,0.9769911504424779,0.9773913043478261,0.9773913043478261,0.9681309216192937,0.9678540399652477,0.9357090990336816,70,"all","RF#70","RF",70
546,502,74,29,0.9495652173913044,0.9453860640301318,0.9495652173913044,0.9495652173913044,0.9138075313807531,0.9105125977410947,0.8210372181841512,70,"all","NB#70","NB",70
559,551,25,16,0.9721739130434782,0.9717813051146384,0.9721739130434782,0.9721739130434782,0.9646246764452113,0.9643788010425717,0.9287585162641208,70,"all","MLP#70","MLP",70
536,551,25,39,0.9565972222222222,0.9554367201426025,0.9565972222222222,0.9565972222222222,0.9451114922813036,0.944396177237185,0.8887899200768132,71,"all","DT#71","DT",71
557,562,14,18,0.9756944444444444,0.9754816112084063,0.9756944444444444,0.9756944444444444,0.9723183391003459,0.9721980886185926,0.944395799491543,71,"all","RF#71","RF",71
525,536,40,50,0.9305555555555556,0.9292035398230089,0.9305555555555556,0.9305555555555556,0.9225473321858864,0.9218071242397915,0.8436117695013512,71,"all","NB#71","NB",71
550,557,19,25,0.9670138888888888,0.9666080843585237,0.9670138888888888,0.9670138888888888,0.9620034542314334,0.9617723718505647,0.923543993454047,71,"all","MLP#71","MLP",71
554,549,27,21,0.9634782608695652,0.9631578947368421,0.9634782608695652,0.9634782608695652,0.9584775086505191,0.9582971329278888,0.9165949583790002,72,"all","DT#72","DT",72
564,552,24,11,0.9808695652173913,0.9804618117229129,0.9808695652173913,0.9808695652173913,0.9699054170249355,0.9695916594265855,0.9391844664884293,72,"all","RF#72","RF",72
546,474,102,29,0.9495652173913044,0.9423459244532804,0.9495652173913044,0.9495652173913044,0.892886345053148,0.8861859252823632,0.7723967618302934,72,"all","NB#72","NB",72
556,547,29,19,0.9669565217391304,0.9664310954063604,0.9669565217391304,0.9669565217391304,0.9586206896551723,0.9582971329278888,0.9165954620250297,72,"all","MLP#72","MLP",72
545,552,24,30,0.9583333333333334,0.9578207381370826,0.9583333333333334,0.9583333333333334,0.9533678756476685,0.9530842745438749,0.9061676283299668,73,"all","DT#73","DT",73
558,556,20,17,0.9704347826086956,0.9703315881326352,0.9704347826086956,0.9704347826086956,0.9679098005203817,0.9678540399652477,0.9357083225770416,73,"all","RF#73","RF",73
518,541,35,57,0.9392361111111112,0.9367088607594937,0.9392361111111112,0.9392361111111112,0.9216354344122657,0.9200695047784535,0.8401335793157382,73,"all","NB#73","NB",73
548,552,24,27,0.9583333333333334,0.958041958041958,0.9583333333333334,0.9583333333333334,0.9558441558441558,0.9556907037358818,0.9113809392252682,73,"all","MLP#73","MLP",73
548,550,26,27,0.9548611111111112,0.9547038327526133,0.9548611111111112,0.9548611111111112,0.9540329575021683,0.9539530842745438,0.9079059600029589,74,"all","DT#74","DT",74
561,561,15,14,0.9756521739130435,0.9756521739130435,0.9756521739130435,0.9756521739130435,0.9748045178105995,0.9748045178105995,0.9496090736577996,74,"all","RF#74","RF",74
503,555,21,72,0.9635416666666666,0.9599236641221374,0.9635416666666666,0.9635416666666666,0.9226932668329176,0.9192006950477846,0.83838882522658,74,"all","NB#74","NB",74
553,553,23,22,0.9617391304347827,0.9617391304347827,0.9617391304347827,0.9617391304347827,0.9609035621198958,0.9609035621198957,0.9218071832621025,74,"all","MLP#74","MLP",74
532,546,30,43,0.9479166666666666,0.9466192170818505,0.9479166666666666,0.9479166666666666,0.9373390557939913,0.9365768896611643,0.8731511940904638,75,"all","DT#75","DT",75
557,552,24,18,0.9686956521739131,0.968421052631579,0.9686956521739131,0.9686956521739131,0.9636678200692042,0.9635099913119027,0.9270205885816253,75,"all","RF#75","RF",75
532,519,57,43,0.9252173913043479,0.9234875444839857,0.9252173913043479,0.9252173913043479,0.9140893470790378,0.9131190269331017,0.8262415951353685,75,"all","NB#75","NB",75
548,547,29,27,0.9530434782608695,0.9529616724738676,0.9530434782608695,0.9530434782608695,0.9513888888888888,0.9513466550825369,0.9026935305147025,75,"all","MLP#75","MLP",75
545,547,29,30,0.9496527777777778,0.9494773519163763,0.9496527777777778,0.9496527777777778,0.9488291413703384,0.94874022589053,0.8974802196259354,76,"all","DT#76","DT",76
557,556,20,18,0.9686956521739131,0.9686411149825784,0.9686956521739131,0.9686956521739131,0.967013888888889,0.9669852302345786,0.9339706099921196,76,"all","RF#76","RF",76
508,541,35,67,0.9392361111111112,0.9355432780847146,0.9392361111111112,0.9392361111111112,0.9138513513513514,0.9113814074717637,0.822754118556452,76,"all","NB#76","NB",76
546,553,23,29,0.9600694444444444,0.9595782073813708,0.9600694444444444,0.9600694444444444,0.9550949913644214,0.9548218940052129,0.9096429013547829,76,"all","MLP#76","MLP",76
539,547,29,36,0.9496527777777778,0.948943661971831,0.9496527777777778,0.9496527777777778,0.9439171699741156,0.9435273675065161,0.8870534561808474,77,"all","DT#77","DT",77
559,554,22,16,0.9721739130434782,0.9719298245614035,0.9721739130434782,0.9721739130434782,0.9671280276816608,0.9669852302345786,0.9339710087167085,77,"all","RF#77","RF",77
540,516,60,35,0.9391304347826087,0.9364791288566243,0.9391304347826087,0.9391304347826087,0.9191489361702128,0.9174630755864466,0.8349322564818659,77,"all","NB#77","NB",77
542,547,29,33,0.9496527777777778,0.9492119089316988,0.9496527777777778,0.9496527777777778,0.9463667820069204,0.946133796698523,0.8922668615148642,77,"all","MLP#77","MLP",77
543,544,32,32,0.9444444444444444,0.9444444444444444,0.9444444444444444,0.9444444444444444,0.9444444444444444,0.944396177237185,0.888792270531401,78,"all","DT#78","DT",78
559,558,18,16,0.9721739130434782,0.9721254355400697,0.9721739130434782,0.9721739130434782,0.9704861111111112,0.9704604691572546,0.9409210720982123,78,"all","RF#78","RF",78
496,547,29,79,0.9496527777777778,0.9447619047619048,0.9496527777777778,0.9496527777777778,0.9101497504159733,0.9061685490877498,0.8123227900656753,78,"all","NB#78","NB",78
561,556,20,14,0.9756521739130435,0.9754385964912281,0.9756521739130435,0.9756521739130435,0.9705882352941178,0.9704604691572546,0.9409214288517919,78,"all","MLP#78","MLP",78
550,540,36,25,0.9565217391304348,0.9557522123893806,0.9565217391304348,0.9565217391304348,0.9474590869939706,0.947002606429192,0.8940068930014748,79,"all","DT#79","DT",79
560,558,18,15,0.9739130434782609,0.9738219895287958,0.9739130434782609,0.9739130434782609,0.9713790112749351,0.9713292788879235,0.9426587741903344,79,"all","RF#79","RF",79
527,543,33,48,0.9427083333333334,0.9410714285714286,0.9427083333333334,0.9427083333333334,0.9305912596401028,0.9296264118158123,0.8592495301071128,79,"all","NB#79","NB",79
561,554,22,14,0.9756521739130435,0.9753521126760564,0.9756521739130435,0.9756521739130435,0.9689119170984457,0.9687228496959166,0.9374464076520815,79,"all","MLP#79","MLP",79
536,552,24,39,0.9583333333333334,0.9571428571428572,0.9583333333333334,0.9583333333333334,0.9460154241645244,0.945264986967854,0.8905274123055322,80,"all","DT#80","DT",80
560,559,17,15,0.9739130434782609,0.9738675958188153,0.9739130434782609,0.9739130434782609,0.9722222222222223,0.9721980886185926,0.9443963031512587,80,"all","RF#80","RF",80
538,526,50,37,0.9356521739130435,0.9342806394316163,0.9356521739130435,0.9356521739130435,0.9251934651762683,0.9244135534317984,0.8488299595569532,80,"all","NB#80","NB",80
551,556,20,24,0.9652777777777778,0.9649737302977233,0.9652777777777778,0.9652777777777778,0.9619377162629758,0.9617723718505647,0.9235442243008715,80,"all","MLP#80","MLP",80
546,549,27,29,0.953125,0.9528795811518325,0.953125,0.953125,0.951473136915078,0.9513466550825369,0.9026929429134749,81,"all","DT#81","DT",81
553,554,22,22,0.9618055555555556,0.9618055555555556,0.9618055555555556,0.9618055555555556,0.9618055555555556,0.9617723718505647,0.9235446859903382,81,"all","RF#81","RF",81
527,538,38,48,0.9340277777777778,0.9327433628318584,0.9340277777777778,0.9340277777777778,0.9259896729776247,0.9252823631624674,0.8505623575235133,81,"all","NB#81","NB",81
542,547,29,33,0.9496527777777778,0.9492119089316988,0.9496527777777778,0.9496527777777778,0.9463667820069204,0.946133796698523,0.8922668615148642,81,"all","MLP#81","MLP",81
538,544,32,37,0.9444444444444444,0.9438596491228071,0.9444444444444444,0.9444444444444444,0.940363007778738,0.9400521285838401,0.880103261649016,82,"all","DT#82","DT",82
548,559,17,27,0.9704861111111112,0.9699115044247788,0.9704861111111112,0.9704861111111112,0.9621342512908778,0.9617723718505647,0.9235435317562162,82,"all","RF#82","RF",82
527,532,44,48,0.9236111111111112,0.9229422066549913,0.9236111111111112,0.9236111111111112,0.9204152249134949,0.9200695047784535,0.8401379235381856,82,"all","NB#82","NB",82
557,558,18,18,0.96875,0.96875,0.96875,0.96875,0.96875,0.9687228496959166,0.9374456521739131,82,"all","MLP#82","MLP",82
550,543,33,25,0.9565217391304348,0.9559859154929577,0.9565217391304348,0.9565217391304348,0.9499136442141624,0.9496090356211989,0.8992192123283534,83,"all","DT#83","DT",83
563,554,22,12,0.9791304347826087,0.9787985865724381,0.9791304347826087,0.9791304347826087,0.9706896551724138,0.9704604691572546,0.9409217856010629,83,"all","RF#83","RF",83
422,566,10,153,0.9826388888888888,0.9768518518518519,0.9826388888888888,0.9826388888888888,0.8741312741312741,0.8583840139009556,0.7167066561772846,83,"all","NB#83","NB",83
547,549,27,28,0.953125,0.9529616724738676,0.953125,0.953125,0.9522983521248916,0.952215464813206,0.9044307132106179,83,"all","MLP#83","MLP",83
552,544,32,23,0.96,0.9594356261022927,0.96,0.96,0.9525452976704055,0.952215464813206,0.9044321559640646,84,"all","DT#84","DT",84
561,553,23,14,0.9756521739130435,0.9753086419753086,0.9756521739130435,0.9756521739130435,0.9680759275237273,0.9678540399652477,0.9357089049212799,84,"all","RF#84","RF",84
486,550,26,89,0.9548611111111112,0.94921875,0.9548611111111112,0.9548611111111112,0.9053497942386831,0.9000868809730669,0.8001546040761727,84,"all","NB#84","NB",84
557,549,27,18,0.9686956521739131,0.9682539682539683,0.9686956521739131,0.9686956521739131,0.9611734253666955,0.9609035621198957,0.9218081276069617,84,"all","MLP#84","MLP",84
548,546,30,27,0.9530434782608695,0.9528795811518325,0.9530434782608695,0.9530434782608695,0.9505637467476149,0.950477845351868,0.9009560645105775,85,"all","DT#85","DT",85
555,551,25,20,0.9652173913043478,0.9649737302977233,0.9652173913043478,0.9652173913043478,0.961038961038961,0.9609035621198957,0.9218076554373834,85,"all","RF#85","RF",85
514,541,35,61,0.9392361111111112,0.936247723132969,0.9392361111111112,0.9392361111111112,0.9185059422750425,0.9165942658557776,0.8331818579835563,85,"all","NB#85","NB",85
545,540,36,30,0.9478260869565217,0.9473684210526315,0.9478260869565217,0.9478260869565217,0.9429065743944638,0.9426585577758471,0.8853180677711252,85,"all","MLP#85","MLP",85
550,548,28,25,0.9565217391304348,0.956369982547993,0.9565217391304348,0.9565217391304348,0.9540329575021683,0.9539530842745438,0.9079065161238703,86,"all","DT#86","DT",86
557,560,16,18,0.9722222222222222,0.9720767888307156,0.9722222222222222,0.9722222222222222,0.9705372616984402,0.9704604691572546,0.9409207153403242,86,"all","RF#86","RF",86
518,547,29,57,0.9496527777777778,0.946983546617916,0.9496527777777778,0.9496527777777778,0.9271186440677966,0.9252823631624674,0.8505582965463515,86,"all","NB#86","NB",86
557,549,27,18,0.9686956521739131,0.9682539682539683,0.9686956521739131,0.9686956521739131,0.9611734253666955,0.9609035621198957,0.9218081276069617,86,"all","MLP#86","MLP",86
544,542,34,31,0.9460869565217391,0.9458987783595113,0.9460869565217391,0.9460869565217391,0.9436253252385083,0.9435273675065161,0.887055161283992,87,"all","DT#87","DT",87
559,550,26,16,0.9721739130434782,0.9717314487632509,0.9721739130434782,0.9721739130434782,0.9637931034482758,0.9635099913119027,0.9270210292719012,87,"all","RF#87","RF",87
521,539,37,54,0.9357638888888888,0.9336917562724014,0.9357638888888888,0.9357638888888888,0.9221556886227545,0.9209383145091226,0.8418724514367066,87,"all","NB#87","NB",87
555,551,25,20,0.9652173913043478,0.9649737302977233,0.9652173913043478,0.9652173913043478,0.961038961038961,0.9609035621198957,0.9218076554373834,87,"all","MLP#87","MLP",87
551,545,31,24,0.9582608695652174,0.9578207381370826,0.9582608695652174,0.9582608695652174,0.9524632670700085,0.952215464813206,0.90443186741686,88,"all","DT#88","DT",88
554,549,27,21,0.9634782608695652,0.9631578947368421,0.9634782608695652,0.9634782608695652,0.9584775086505191,0.9582971329278888,0.9165949583790002,88,"all","RF#88","RF",88
484,558,18,91,0.96875,0.9641434262948207,0.96875,0.96875,0.9110204081632653,0.9052997393570807,0.8105784604885501,88,"all","NB#88","NB",88
549,554,22,26,0.9618055555555556,0.9614711033274956,0.9618055555555556,0.9618055555555556,0.9584775086505191,0.9582971329278888,0.9165936992373142,88,"all","MLP#88","MLP",88
547,547,29,28,0.951304347826087,0.951304347826087,0.951304347826087,0.951304347826087,0.9504778453518681,0.950477845351868,0.9009557654653301,89,"all","DT#89","DT",89
565,554,22,10,0.9826086956521739,0.9822695035460993,0.9826086956521739,0.9826086956521739,0.972461273666093,0.9721980886185926,0.9443971425638426,89,"all","RF#89","RF",89
527,532,44,48,0.9236111111111112,0.9229422066549913,0.9236111111111112,0.9236111111111112,0.9204152249134949,0.9200695047784535,0.8401379235381856,89,"all","NB#89","NB",89
551,553,23,24,0.9600694444444444,0.9599303135888502,0.9600694444444444,0.9600694444444444,0.9592367736339982,0.9591659426585578,0.9183317003799826,89,"all","MLP#89","MLP",89
545,539,37,30,0.9478260869565217,0.9472759226713533,0.9478260869565217,0.9478260869565217,0.9420916162489196,0.9417897480451781,0.8835806384896294,90,"all","DT#90","DT",90
560,546,30,15,0.9739130434782609,0.9732620320855615,0.9739130434782609,0.9739130434782609,0.9613733905579399,0.9609035621198957,0.9218088358506372,90,"all","RF#90","RF",90
522,548,28,53,0.9513888888888888,0.9490909090909091,0.9513888888888888,0.9513888888888888,0.931180968564146,0.9296264118158123,0.8592474051707869,90,"all","NB#90","NB",90
559,542,34,16,0.9721739130434782,0.9713261648745519,0.9721739130434782,0.9721739130434782,0.9571917808219178,0.9565595134665508,0.913121322186293,90,"all","MLP#90","MLP",90
545,547,29,30,0.9496527777777778,0.9494773519163763,0.9496527777777778,0.9496527777777778,0.9488291413703384,0.94874022589053,0.8974802196259354,91,"all","DT#91","DT",91
559,564,12,16,0.9791666666666666,0.978984238178634,0.9791666666666666,0.9791666666666666,0.9757785467128027,0.9756733275412685,0.9513463245550999,91,"all","RF#91","RF",91
511,544,32,64,0.9444444444444444,0.9410681399631676,0.9444444444444444,0.9444444444444444,0.918918918918919,0.9165942658557776,0.8331803468766608,91,"all","NB#91","NB",91
550,554,22,25,0.9618055555555556,0.9615384615384616,0.9618055555555556,0.9618055555555556,0.9593073593073593,0.9591659426585578,0.9183314537958355,91,"all","MLP#91","MLP",91
548,535,41,27,0.9530434782608695,0.9519572953736655,0.9530434782608695,0.9530434782608695,0.9415807560137457,0.9409209383145091,0.8818442846920505,92,"all","DT#92","DT",92
560,552,24,15,0.9739130434782609,0.9735449735449735,0.9739130434782609,0.9739130434782609,0.9663503019844694,0.9661164205039097,0.9322337105927003,92,"all","RF#92","RF",92
451,560,16,124,0.9722222222222222,0.9657387580299786,0.9722222222222222,0.9722222222222222,0.8888888888888888,0.8783666377063423,0.7566934222367173,92,"all","NB#92","NB",92
549,543,33,26,0.9547826086956521,0.9543057996485061,0.9547826086956521,0.9547826086956521,0.9490060501296457,0.94874022589053,0.8974814577744498,92,"all","MLP#92","MLP",92
544,550,26,31,0.9548611111111112,0.9543859649122807,0.9548611111111112,0.9548611111111112,0.9507346585998272,0.950477845351868,0.9009548683187525,93,"all","DT#93","DT",93
560,556,20,15,0.9739130434782609,0.9737302977232924,0.9739130434782609,0.9739130434782609,0.9696969696969697,0.9695916594265855,0.9391837320068538,93,"all","RF#93","RF",93
503,546,30,72,0.9479166666666666,0.9437148217636022,0.9479166666666666,0.9479166666666666,0.9145728643216081,0.9113814074717637,0.8227514425733515,93,"all","NB#93","NB",93
553,549,27,22,0.9617391304347827,0.9614711033274956,0.9617391304347827,0.9617391304347827,0.9575757575757575,0.9574283231972198,0.9148572248095954,93,"all","MLP#93","MLP",93
543,544,32,32,0.9444444444444444,0.9444444444444444,0.9444444444444444,0.9444444444444444,0.9444444444444444,0.944396177237185,0.888792270531401,94,"all","DT#94","DT",94
558,552,24,17,0.9704347826086956,0.9701230228471002,0.9704347826086956,0.9704347826086956,0.9645635263612791,0.9643788010425717,0.9287583011652956,94,"all","RF#94","RF",94
544,463,113,31,0.9460869565217391,0.937246963562753,0.9460869565217391,0.9460869565217391,0.8831168831168832,0.8748913987836664,0.7498135798406599,94,"all","NB#94","NB",94
545,545,31,30,0.9478260869565217,0.9478260869565217,0.9478260869565217,0.9478260869565217,0.9470026064291919,0.947002606429192,0.8940052928664057,94,"all","MLP#94","MLP",94
540,548,28,35,0.9513888888888888,0.9507042253521126,0.9513888888888888,0.9513888888888888,0.9456427955133736,0.945264986967854,0.8905287344522058,95,"all","DT#95","DT",95
554,556,20,21,0.9652777777777778,0.9651567944250871,0.9652777777777778,0.9652777777777778,0.9644405897658282,0.9643788010425717,0.928757440757006,95,"all","RF#95","RF",95
503,560,16,72,0.9722222222222222,0.9691714836223507,0.9722222222222222,0.9722222222222222,0.9271523178807947,0.9235447437011295,0.847076443660696,95,"all","NB#95","NB",95
548,549,27,27,0.953125,0.953125,0.953125,0.953125,0.953125,0.9530842745438749,0.9061684782608695,95,"all","MLP#95","MLP",95
546,546,30,29,0.9495652173913044,0.9495652173913044,0.9495652173913044,0.9495652173913044,0.94874022589053,0.94874022589053,0.897480529165868,96,"all","DT#96","DT",96
559,555,21,16,0.9721739130434782,0.9719789842381786,0.9721739130434782,0.9721739130434782,0.9679653679653679,0.9678540399652477,0.9357085166929598,96,"all","RF#96","RF",96
497,541,35,78,0.9392361111111112,0.9342105263157895,0.9392361111111112,0.9392361111111112,0.9054393305439331,0.9018245004344049,0.8036361056046815,96,"all","NB#96","NB",96
559,552,24,16,0.9721739130434782,0.971830985915493,0.9721739130434782,0.9721739130434782,0.9654576856649396,0.9652476107732406,0.9304960085023127,96,"all","MLP#96","MLP",96
548,548,28,27,0.9530434782608695,0.9530434782608695,0.9530434782608695,0.9530434782608695,0.9522154648132058,0.952215464813206,0.9044310017647922,97,"all","DT#97","DT",97
557,562,14,18,0.9756944444444444,0.9754816112084063,0.9756944444444444,0.9756944444444444,0.9723183391003459,0.9721980886185926,0.944395799491543,97,"all","RF#97","RF",97
502,540,36,73,0.9375,0.9330855018587361,0.9375,0.9375,0.9083263246425568,0.9052997393570807,0.810588755712502,97,"all","NB#97","NB",97
555,554,22,20,0.9652173913043478,0.9651567944250871,0.9652173913043478,0.9652173913043478,0.9635416666666666,0.9635099913119027,0.927020147886027,97,"all","MLP#97","MLP",97
553,542,34,22,0.9617391304347827,0.9609929078014184,0.9617391304347827,0.9617391304347827,0.9518072289156627,0.9513466550825369,0.9026949994867243,98,"all","DT#98","DT",98
565,558,18,10,0.9826086956521739,0.9823943661971831,0.9826086956521739,0.9826086956521739,0.9758203799654578,0.9756733275412685,0.9513472059516189,98,"all","RF#98","RF",98
494,551,25,81,0.9565972222222222,0.9518304431599229,0.9565972222222222,0.9565972222222222,0.912251655629139,0.9079061685490878,0.8157966253185657,98,"all","NB#98","NB",98
558,556,20,17,0.9704347826086956,0.9703315881326352,0.9704347826086956,0.9704347826086956,0.9679098005203817,0.9678540399652477,0.9357083225770416,98,"all","MLP#98","MLP",98
547,550,26,28,0.9548611111111112,0.9546247818499127,0.9548611111111112,0.9548611111111112,0.9532062391681109,0.9530842745438749,0.9061681949522795,99,"all","DT#99","DT",99
562,549,27,13,0.9773913043478261,0.9768683274021353,0.9773913043478261,0.9773913043478261,0.9656357388316151,0.9652476107732406,0.9304966380541473,99,"all","RF#99","RF",99
538,528,48,37,0.9356521739130435,0.9345132743362832,0.9356521739130435,0.9356521739130435,0.9267872523686478,0.9261511728931364,0.8523046869692683,99,"all","NB#99","NB",99
549,550,26,26,0.9548611111111112,0.9548611111111112,0.9548611111111112,0.9548611111111112,0.9548611111111112,0.9548218940052129,0.9096437198067633,99,"all","MLP#99","MLP",99
534,543,33,41,0.9427083333333334,0.9417989417989417,0.9427083333333334,0.9427083333333334,0.9362068965517242,0.9357080799304952,0.8714145098370752,100,"all","DT#100","DT",100
551,555,21,24,0.9635416666666666,0.9632867132867133,0.9635416666666666,0.9635416666666666,0.961038961038961,0.9609035621198957,0.921806711081119,100,"all","RF#100","RF",100
522,535,41,53,0.9288194444444444,0.9271758436944938,0.9288194444444444,0.9288194444444444,0.9192439862542956,0.9183318853171155,0.8366606882974932,100,"all","NB#100","NB",100
550,557,19,25,0.9670138888888888,0.9666080843585237,0.9670138888888888,0.9670138888888888,0.9620034542314334,0.9617723718505647,0.923543993454047,100,"all","MLP#100","MLP",100
550,537,39,25,0.9565217391304348,0.9555160142348754,0.9565217391304348,0.9565217391304348,0.9450171821305843,0.944396177237185,0.8887946208866359,101,"all","DT#101","DT",101
563,555,21,12,0.9791304347826087,0.9788359788359788,0.9791304347826087,0.9791304347826087,0.9715271786022434,0.9713292788879235,0.9426592935784387,101,"all","RF#101","RF",101
526,538,38,49,0.9340277777777778,0.9326241134751773,0.9340277777777778,0.9340277777777778,0.9251934651762683,0.9244135534317984,0.8488244822906178,101,"all","NB#101","NB",101
555,549,27,20,0.9652173913043478,0.9648506151142355,0.9652173913043478,0.9652173913043478,0.9593777009507347,0.9591659426585578,0.9183326867016803,101,"all","MLP#101","MLP",101
551,544,32,24,0.9582608695652174,0.9577464788732394,0.9582608695652174,0.9582608695652174,0.9516407599309155,0.9513466550825369,0.9026944119032378,102,"all","DT#102","DT",102
566,549,27,9,0.9843478260869565,0.9838709677419355,0.9843478260869565,0.9843478260869565,0.9691780821917809,0.9687228496959166,0.937447351974131,102,"all","RF#102","RF",102
524,533,43,51,0.9253472222222222,0.9241622574955908,0.9253472222222222,0.9253472222222222,0.9189655172413793,0.9183318853171155,0.8366616746579064,102,"all","NB#102","NB",102
556,541,35,19,0.9669565217391304,0.9660714285714286,0.9669565217391304,0.9669565217391304,0.9536878216123499,0.9530842745438749,0.9061707446680032,102,"all","MLP#102","MLP",102
542,545,31,33,0.9461805555555556,0.9458987783595113,0.9461805555555556,0.9461805555555556,0.9445407279029463,0.944396177237185,0.8887919347582571,103,"all","DT#103","DT",103
556,557,19,19,0.9670138888888888,0.9670138888888888,0.9670138888888888,0.9670138888888888,0.9670138888888888,0.9669852302345786,0.9339704106280193,103,"all","RF#103","RF",103
526,535,41,49,0.9288194444444444,0.927689594356261,0.9288194444444444,0.9288194444444444,0.9224137931034484,0.9218071242397915,0.8436122416937403,103,"all","NB#103","NB",103
552,560,16,23,0.9722222222222222,0.971830985915493,0.9722222222222222,0.9722222222222222,0.9663503019844694,0.9661164205039097,0.9322320737085085,103,"all","MLP#103","MLP",103
541,543,33,34,0.9427083333333334,0.9425087108013938,0.9427083333333334,0.9427083333333334,0.9418907198612316,0.9417897480451781,0.8835792324565708,104,"all","DT#104","DT",104
556,555,21,19,0.9669565217391304,0.9668989547038328,0.9669565217391304,0.9669565217391304,0.9652777777777777,0.9652476107732406,0.9304953789390732,104,"all","RF#104","RF",104
521,540,36,54,0.9375,0.9353680430879713,0.9375,0.9375,0.923076923076923,0.9218071242397915,0.84360988070328,104,"all","NB#104","NB",104
554,545,31,21,0.9634782608695652,0.9628975265017667,0.9634782608695652,0.9634782608695652,0.9551724137931035,0.9548218940052129,0.9096450838604491,104,"all","MLP#104","MLP",104
550,539,37,25,0.9565217391304348,0.9556737588652482,0.9565217391304348,0.9565217391304348,0.9466437177280551,0.946133796698523,0.8922694637174448,105,"all","DT#105","DT",105
558,549,27,17,0.9704347826086956,0.9699646643109541,0.9704347826086956,0.9704347826086956,0.9620689655172413,0.9617723718505647,0.9235458401896107,105,"all","RF#105","RF",105
439,560,16,136,0.9722222222222222,0.9648351648351648,0.9722222222222222,0.9722222222222222,0.8805031446540881,0.8679409209383145,0.7358337863139458,105,"all","NB#105","NB",105
557,550,26,18,0.9686956521739131,0.9683098591549296,0.9686956521739131,0.9686956521739131,0.9620034542314335,0.9617723718505647,0.923545609352544,105,"all","MLP#105","MLP",105
536,553,23,39,0.9600694444444444,0.9588550983899821,0.9600694444444444,0.9600694444444444,0.946917808219178,0.946133796698523,0.8922649097804295,106,"all","DT#106","DT",106
558,554,22,17,0.9704347826086956,0.9702276707530648,0.9704347826086956,0.9704347826086956,0.9662337662337662,0.9661164205039097,0.9322333013790657,106,"all","RF#106","RF",106
535,526,50,40,0.9304347826086956,0.9293286219081273,0.9304347826086956,0.9304347826086956,0.9224137931034483,0.9218071242397915,0.843616491296931,106,"all","NB#106","NB",106
546,555,21,29,0.9635416666666666,0.9629629629629629,0.9635416666666666,0.9635416666666666,0.9568965517241379,0.9565595134665508,0.9131179120520778,106,"all","MLP#106","MLP",106
544,538,38,31,0.9460869565217391,0.945518453427065,0.9460869565217391,0.9460869565217391,0.9403630077787382,0.9400521285838401,0.8801054336684243,107,"all","DT#107","DT",107
556,555,21,19,0.9669565217391304,0.9668989547038328,0.9669565217391304,0.9669565217391304,0.9652777777777777,0.9652476107732406,0.9304953789390732,107,"all","RF#107","RF",107
537,523,53,38,0.9339130434782609,0.9322638146167558,0.9339130434782609,0.9339130434782609,0.9218884120171673,0.9209383145091226,0.8418800902757335,107,"all","NB#107","NB",107
548,545,31,27,0.9530434782608695,0.9527972027972028,0.9530434782608695,0.9530434782608695,0.9497400346620449,0.9496090356211989,0.8992186037523927,107,"all","MLP#107","MLP",107
547,544,32,28,0.951304347826087,0.951048951048951,0.951304347826087,0.951304347826087,0.9480069324090121,0.947871416159861,0.8957433831921305,108,"all","DT#108","DT",108
558,549,27,17,0.9704347826086956,0.9699646643109541,0.9704347826086956,0.9704347826086956,0.9620689655172413,0.9617723718505647,0.9235458401896107,108,"all","RF#108","RF",108
512,537,39,63,0.9322916666666666,0.9292196007259528,0.9322916666666666,0.9322916666666666,0.913265306122449,0.9113814074717637,0.8227562592847567,108,"all","NB#108","NB",108
544,551,25,31,0.9565972222222222,0.9560632688927944,0.9565972222222222,0.9565972222222222,0.9516407599309155,0.9513466550825369,0.9026923553051507,108,"all","MLP#108","MLP",108
544,542,34,31,0.9460869565217391,0.9458987783595113,0.9460869565217391,0.9460869565217391,0.9436253252385083,0.9435273675065161,0.887055161283992,109,"all","DT#109","DT",109
563,550,26,12,0.9791304347826087,0.9786476868327402,0.9791304347826087,0.9791304347826087,0.9673539518900344,0.9669852302345786,0.93397180615144,109,"all","RF#109","RF",109
449,553,23,126,0.9600694444444444,0.951271186440678,0.9600694444444444,0.9600694444444444,0.8812749003984063,0.8705473501303215,0.7410542400161861,109,"all","NB#109","NB",109
558,556,20,17,0.9704347826086956,0.9703315881326352,0.9704347826086956,0.9704347826086956,0.9679098005203817,0.9678540399652477,0.9357083225770416,109,"all","MLP#109","MLP",109
533,557,19,42,0.9670138888888888,0.9655797101449275,0.9670138888888888,0.9670138888888888,0.9480851063829787,0.947002606429192,0.8940014523451146,110,"all","DT#110","DT",110
554,555,21,21,0.9635416666666666,0.9635416666666666,0.9635416666666666,0.9635416666666666,0.9635416666666666,0.9635099913119027,0.927019927536232,110,"all","RF#110","RF",110
521,529,47,54,0.9184027777777778,0.9172535211267606,0.9184027777777778,0.9184027777777778,0.912855910267472,0.9122502172024327,0.8244984472963937,110,"all","NB#110","NB",110
547,553,23,28,0.9600694444444444,0.9596491228070175,0.9600694444444444,0.9600694444444444,0.9559204840103716,0.9556907037358818,0.9113806716536206,110,"all","MLP#110","MLP",110
540,544,32,35,0.9444444444444444,0.9440559440559441,0.9444444444444444,0.9444444444444444,0.941991341991342,0.9417897480451781,0.8835788809429995,111,"all","DT#111","DT",111
555,557,19,20,0.9670138888888888,0.9668989547038328,0.9670138888888888,0.9670138888888888,0.9661751951431049,0.9661164205039097,0.9322326875493472,111,"all","RF#111","RF",111
504,543,33,71,0.9427083333333334,0.9385474860335196,0.9427083333333334,0.9427083333333334,0.9126050420168068,0.9096437880104257,0.8192770720542543,111,"all","NB#111","NB",111
557,555,21,18,0.9686956521739131,0.9685863874345549,0.9686956521739131,0.9686956521739131,0.966175195143105,0.9661164205039097,0.9322330967703952,111,"all","MLP#111","MLP",111
544,550,26,31,0.9548611111111112,0.9543859649122807,0.9548611111111112,0.9548611111111112,0.9507346585998272,0.950477845351868,0.9009548683187525,112,"all","DT#112","DT",112
554,559,17,21,0.9704861111111112,0.9702276707530648,0.9704861111111112,0.9704861111111112,0.9671280276816608,0.9669852302345786,0.9339700118962071,112,"all","RF#112","RF",112
506,538,38,69,0.9340277777777778,0.9301470588235294,0.9340277777777778,0.9340277777777778,0.9095519864750634,0.9070373588184187,0.8140658756674904,112,"all","NB#112","NB",112
536,555,21,39,0.9635416666666666,0.9622980251346499,0.9635416666666666,0.9635416666666666,0.9487179487179487,0.947871416159861,0.8957399204688534,112,"all","MLP#112","MLP",112
539,554,22,36,0.9618055555555556,0.9607843137254902,0.9618055555555556,0.9618055555555556,0.9502572898799314,0.9496090356211989,0.8992158650696119,113,"all","DT#113","DT",113
559,560,16,16,0.9722222222222222,0.9722222222222222,0.9722222222222222,0.9722222222222222,0.9722222222222222,0.9721980886185926,0.9443961352657005,113,"all","RF#113","RF",113
519,549,27,56,0.953125,0.9505494505494505,0.953125,0.953125,0.9297205757832345,0.9278887923544744,0.85577116147899,113,"all","NB#113","NB",113
555,559,17,20,0.9704861111111112,0.9702797202797203,0.9704861111111112,0.9704861111111112,0.9679653679653679,0.9678540399652477,0.9357077402222536,113,"all","MLP#113","MLP",113
530,547,29,45,0.9496527777777778,0.9481216457960644,0.9496527777777778,0.9496527777777778,0.9366438356164384,0.9357080799304952,0.8714129568347061,114,"all","DT#114","DT",114
550,558,18,25,0.96875,0.9683098591549296,0.96875,0.96875,0.9628990509059534,0.9626411815812337,0.9252815171657912,114,"all","RF#114","RF",114
518,537,39,57,0.9322916666666666,0.9299820466786356,0.9322916666666666,0.9322916666666666,0.9179487179487179,0.9165942658557776,0.8331838727501654,114,"all","NB#114","NB",114
542,554,22,33,0.9618055555555556,0.9609929078014184,0.9618055555555556,0.9618055555555556,0.9527085124677558,0.952215464813206,0.904429270413609,114,"all","MLP#114","MLP",114
543,541,35,32,0.9443478260869566,0.944153577661431,0.9443478260869566,0.9443478260869566,0.9418907198612315,0.9417897480451781,0.8835799354773455,115,"all","DT#115","DT",115
563,552,24,12,0.9791304347826087,0.9787234042553191,0.9791304347826087,0.9791304347826087,0.9690189328743546,0.9687228496959166,0.9374467853843228,115,"all","RF#115","RF",115
505,546,30,70,0.9479166666666666,0.9439252336448598,0.9479166666666666,0.9479166666666666,0.9161073825503356,0.9131190269331017,0.8262274291925841,115,"all","NB#115","NB",115
559,549,27,16,0.9721739130434782,0.9716814159292035,0.9721739130434782,0.9721739130434782,0.9629629629629629,0.9626411815812337,0.9252835475256298,115,"all","MLP#115","MLP",115
534,545,31,41,0.9461805555555556,0.9451327433628318,0.9461805555555556,0.9461805555555556,0.9380378657487091,0.9374456993918332,0.874889415601081,116,"all","DT#116","DT",116
562,556,20,13,0.9773913043478261,0.9771528998242531,0.9773913043478261,0.9773913043478261,0.9714779602420052,0.9713292788879235,0.9426591204501159,116,"all","RF#116","RF",116
512,549,27,63,0.953125,0.9499072356215214,0.953125,0.953125,0.9242424242424244,0.9218071242397915,0.8436056307408012,116,"all","NB#116","NB",116
558,554,22,17,0.9704347826086956,0.9702276707530648,0.9704347826086956,0.9704347826086956,0.9662337662337662,0.9661164205039097,0.9322333013790657,116,"all","MLP#116","MLP",116
550,543,33,25,0.9565217391304348,0.9559859154929577,0.9565217391304348,0.9565217391304348,0.9499136442141624,0.9496090356211989,0.8992192123283534,117,"all","DT#117","DT",117
564,551,25,11,0.9808695652173913,0.9804270462633452,0.9808695652173913,0.9808695652173913,0.9690721649484536,0.9687228496959166,0.9374469742487327,117,"all","RF#117","RF",117
505,539,37,70,0.9357638888888888,0.9317343173431735,0.9357638888888888,0.9357638888888888,0.909704641350211,0.9070373588184187,0.814065314244218,117,"all","NB#117","NB",117
554,552,24,21,0.9634782608695652,0.9633507853403142,0.9634782608695652,0.9634782608695652,0.960971379011275,0.9609035621198957,0.9218074193504558,117,"all","MLP#117","MLP",117
540,542,34,35,0.9409722222222222,0.9407665505226481,0.9409722222222222,0.9409722222222222,0.9401561144839549,0.9400521285838401,0.8801039856642295,118,"all","DT#118","DT",118
562,558,18,13,0.9773913043478261,0.9772329246935202,0.9773913043478261,0.9773913043478261,0.9731601731601732,0.9730668983492615,0.946134162634642,118,"all","RF#118","RF",118
523,536,40,52,0.9305555555555556,0.9289520426287744,0.9305555555555556,0.9305555555555556,0.9209621993127148,0.9200695047784535,0.840135992801802,118,"all","NB#118","NB",118
558,546,30,17,0.9704347826086956,0.9698046181172292,0.9704347826086956,0.9704347826086956,0.9595872742906276,0.9591659426585578,0.9183334264273196,118,"all","MLP#118","MLP",118
550,545,31,25,0.9565217391304348,0.956140350877193,0.9565217391304348,0.9565217391304348,0.9515570934256056,0.9513466550825369,0.9026941181088335,119,"all","DT#119","DT",119
564,559,17,11,0.9808695652173913,0.980701754385965,0.9808695652173913,0.9808695652173913,0.9757785467128028,0.9756733275412685,0.9513470590544167,119,"all","RF#119","RF",119
515,537,39,60,0.9322916666666666,0.9296028880866426,0.9322916666666666,0.9322916666666666,0.9156010230179029,0.9139878366637706,0.8279700896314647,119,"all","NB#119","NB",119
553,556,20,22,0.9652777777777778,0.9650959860383944,0.9652777777777778,0.9652777777777778,0.9636048526863085,0.9635099913119027,0.9270197071851063,119,"all","MLP#119","MLP",119
549,548,28,26,0.9547826086956521,0.9547038327526133,0.9547826086956521,0.9547826086956521,0.953125,0.9530842745438749,0.906168761567749,120,"all","DT#120","DT",120
559,548,28,16,0.9721739130434782,0.9716312056737588,0.9721739130434782,0.9721739130434782,0.9621342512908777,0.9617723718505647,0.9235460710252834,120,"all","RF#120","RF",120
510,548,28,65,0.9513888888888888,0.9479553903345725,0.9513888888888888,0.9513888888888888,0.9217830109335575,0.9192006950477846,0.8383922411125018,120,"all","NB#120","NB",120
549,541,35,26,0.9547826086956521,0.9541446208112875,0.9547826086956521,0.9547826086956521,0.9473684210526315,0.947002606429192,0.894006572978326,120,"all","MLP#120","MLP",120
548,544,32,27,0.9530434782608695,0.9527145359019265,0.9530434782608695,0.9530434782608695,0.9489177489177489,0.94874022589053,0.897481148240125,121,"all","DT#121","DT",121
563,554,22,12,0.9791304347826087,0.9787985865724381,0.9791304347826087,0.9791304347826087,0.9706896551724138,0.9704604691572546,0.9409217856010629,121,"all","RF#121","RF",121
494,541,35,81,0.9392361111111112,0.9338374291115312,0.9392361111111112,0.9392361111111112,0.9031719532554257,0.8992180712423979,0.7984219918653772,121,"all","NB#121","NB",121
561,546,30,14,0.9756521739130435,0.975,0.9756521739130435,0.9756521739130435,0.9622641509433962,0.9617723718505647,0.9235465326924471,121,"all","MLP#121","MLP",121
558,544,32,17,0.9704347826086956,0.9696969696969697,0.9704347826086956,0.9704347826086956,0.9579399141630901,0.9574283231972198,0.9148585101484719,122,"all","DT#122","DT",122
564,553,23,11,0.9808695652173913,0.9804964539007093,0.9808695652173913,0.9808695652173913,0.9707401032702239,0.9704604691572546,0.9409219639740827,122,"all","RF#122","RF",122
524,540,36,51,0.9375,0.9357142857142857,0.9375,0.9375,0.9254498714652956,0.9244135534317984,0.8488235693743065,122,"all","NB#122","NB",122
552,540,36,23,0.96,0.9591474245115453,0.96,0.96,0.9492691315563199,0.94874022589053,0.8974823863662096,122,"all","MLP#122","MLP",122
536,542,34,39,0.9409722222222222,0.9403508771929825,0.9409722222222222,0.9409722222222222,0.9369057908383751,0.9365768896611643,0.8731527260924373,123,"all","DT#123","DT",123
556,553,23,19,0.9669565217391304,0.9667832167832168,0.9669565217391304,0.9669565217391304,0.9636048526863085,0.9635099913119027,0.9270203682344914,123,"all","RF#123","RF",123
502,535,41,73,0.9288194444444444,0.9244935543278084,0.9288194444444444,0.9288194444444444,0.9037162162162162,0.9009556907037359,0.8019016619160346,123,"all","NB#123","NB",123
559,548,28,16,0.9721739130434782,0.9716312056737588,0.9721739130434782,0.9721739130434782,0.9621342512908777,0.9617723718505647,0.9235460710252834,123,"all","MLP#123","MLP",123
550,547,29,25,0.9565217391304348,0.9562937062937062,0.9565217391304348,0.9565217391304348,0.953206239168111,0.9530842745438749,0.9061690448729175,124,"all","DT#124","DT",124
555,555,21,20,0.9652173913043478,0.9652173913043478,0.9652173913043478,0.9652173913043478,0.9643788010425717,0.9643788010425717,0.9287576558610269,124,"all","RF#124","RF",124
474,555,21,101,0.9635416666666666,0.9575757575757575,0.9635416666666666,0.9635416666666666,0.900974025974026,0.894005212858384,0.7879846599830896,124,"all","NB#124","NB",124
553,553,23,22,0.9617391304347827,0.9617391304347827,0.9617391304347827,0.9617391304347827,0.9609035621198958,0.9609035621198957,0.9218071832621025,124,"all","MLP#124","MLP",124
552,548,28,23,0.96,0.9597197898423818,0.96,0.96,0.9558441558441558,0.9556907037358818,0.9113820094957013,125,"all","DT#125","DT",125
563,551,25,12,0.9791304347826087,0.9786856127886323,0.9791304347826087,0.9791304347826087,0.9681857265692176,0.9678540399652477,0.9357092931449112,125,"all","RF#125","RF",125
437,559,17,138,0.9704861111111112,0.9625550660792952,0.9704861111111112,0.9704861111111112,0.8782403770620582,0.8653344917463076,0.7306195727178426,125,"all","NB#125","NB",125
552,550,26,23,0.96,0.9598603839441536,0.96,0.96,0.9575021682567215,0.9574283231972198,0.9148569677371632,125,"all","MLP#125","MLP",125
556,543,33,19,0.9669565217391304,0.9661921708185054,0.9669565217391304,0.9669565217391304,0.9553264604810996,0.9548218940052129,0.9096456294703917,126,"all","DT#126","DT",126
563,555,21,12,0.9791304347826087,0.9788359788359788,0.9791304347826087,0.9791304347826087,0.9715271786022434,0.9713292788879235,0.9426592935784387,126,"all","RF#126","RF",126
492,554,22,83,0.9618055555555556,0.9571984435797666,0.9618055555555556,0.9618055555555556,0.9134377576257214,0.9087749782797567,0.8175330155705763,126,"all","NB#126","NB",126
553,556,20,22,0.9652777777777778,0.9650959860383944,0.9652777777777778,0.9652777777777778,0.9636048526863085,0.9635099913119027,0.9270197071851063,126,"all","MLP#126","MLP",126
550,546,30,25,0.9565217391304348,0.9562171628721541,0.9565217391304348,0.9565217391304348,0.9523809523809523,0.952215464813206,0.9044315788679133,127,"all","DT#127","DT",127
562,561,15,13,0.9773913043478261,0.9773519163763066,0.9773913043478261,0.9773913043478261,0.9756944444444444,0.9756733275412685,0.9513467652573513,127,"all","RF#127","RF",127
500,546,30,75,0.9479166666666666,0.9433962264150944,0.9479166666666666,0.9479166666666666,0.9122807017543859,0.9087749782797567,0.8175374232850964,127,"all","NB#127","NB",127
557,551,25,18,0.9686956521739131,0.968365553602812,0.9686956521739131,0.9686956521739131,0.9628349178910978,0.9626411815812337,0.9252830963440904,127,"all","MLP#127","MLP",127
548,539,37,27,0.9530434782608695,0.9522968197879859,0.9530434782608695,0.9530434782608695,0.9448275862068966,0.944396177237185,0.8887939493667064,128,"all","DT#128","DT",128
557,553,23,18,0.9686956521739131,0.968476357267951,0.9686956521739131,0.9686956521739131,0.9645021645021645,0.9643788010425717,0.9287580860651716,128,"all","RF#128","RF",128
432,561,15,143,0.9739583333333334,0.9664429530201343,0.9739583333333334,0.9739583333333334,0.8765624999999999,0.8627280625543006,0.7254028556242751,128,"all","NB#128","NB",128
553,558,18,22,0.96875,0.968476357267951,0.96875,0.96875,0.9653979238754326,0.9652476107732406,0.9304947493644284,128,"all","MLP#128","MLP",128
544,549,27,31,0.953125,0.9527145359019265,0.953125,0.953125,0.9498269896193772,0.9496090356211989,0.8992173865784213,129,"all","DT#129","DT",129
556,558,18,19,0.96875,0.9686411149825784,0.96875,0.96875,0.9679098005203817,0.9678540399652477,0.9357079343416884,129,"all","RF#129","RF",129
541,487,89,34,0.9408695652173913,0.9347408829174664,0.9408695652173913,0.9408695652173913,0.8979253112033194,0.893136403127715,0.786290389535893,129,"all","NB#129","NB",129
554,564,12,21,0.9791666666666666,0.9787985865724381,0.9791666666666666,0.9791666666666666,0.9715762273901809,0.9713292788879235,0.9426577353858974,129,"all","MLP#129","MLP",129
543,550,26,32,0.9548611111111112,0.9543057996485061,0.9548611111111112,0.9548611111111112,0.9499136442141624,0.9496090356211989,0.8992170822803346,130,"all","DT#130","DT",130
559,556,20,16,0.9721739130434782,0.972027972027972,0.9721739130434782,0.9721739130434782,0.9688041594454073,0.9687228496959166,0.9374460299152783,130,"all","RF#130","RF",130
510,545,31,65,0.9461805555555556,0.9426987060998152,0.9461805555555556,0.9461805555555556,0.9190556492411467,0.9165942658557776,0.8331798431682786,130,"all","NB#130","NB",130
554,548,28,21,0.9634782608695652,0.9630931458699473,0.9634782608695652,0.9634782608695652,0.9576490924805532,0.9574283231972198,0.9148574818804752,130,"all","MLP#130","MLP",130
548,554,22,27,0.9618055555555556,0.9614035087719298,0.9618055555555556,0.9618055555555556,0.9576490924805532,0.9574283231972198,0.91485593943191,131,"all","DT#131","DT",131
564,563,13,11,0.9808695652173913,0.980836236933798,0.9808695652173913,0.9808695652173913,0.9791666666666666,0.9791485664639444,0.958297227363444,131,"all","RF#131","RF",131
541,535,41,34,0.9408695652173913,0.9402460456942003,0.9408695652173913,0.9408695652173913,0.9351771823681937,0.9348392701998263,0.8696798192048091,131,"all","NB#131","NB",131
553,561,15,22,0.9739583333333334,0.9735915492957746,0.9739583333333334,0.9739583333333334,0.9680759275237273,0.9678540399652477,0.935707351979867,131,"all","MLP#131","MLP",131
542,556,20,33,0.9652777777777778,0.9644128113879004,0.9652777777777778,0.9652777777777778,0.9545064377682404,0.9539530842745438,0.9079042915999257,132,"all","DT#132","DT",132
561,560,16,14,0.9756521739130435,0.975609756097561,0.9756521739130435,0.9756521739130435,0.9739583333333334,0.9739357080799305,0.9478715342043049,132,"all","RF#132","RF",132
506,556,20,69,0.9652777777777778,0.9619771863117871,0.9652777777777778,0.9652777777777778,0.925895087427144,0.9226759339704604,0.8453403105000219,132,"all","NB#132","NB",132
551,560,16,24,0.9722222222222222,0.9717813051146384,0.9722222222222222,0.9722222222222222,0.9655172413793104,0.9652476107732406,0.9304943296416622,132,"all","MLP#132","MLP",132
551,548,28,24,0.9582608695652174,0.958041958041958,0.9582608695652174,0.9582608695652174,0.9549393414211439,0.9548218940052129,0.9096442654331798,133,"all","DT#133","DT",133
564,555,21,11,0.9808695652173913,0.980565371024735,0.9808695652173913,0.9808695652173913,0.9724137931034482,0.9721980886185926,0.9443969746833534,133,"all","RF#133","RF",133
530,533,43,45,0.9253472222222222,0.924956369982548,0.9253472222222222,0.9253472222222222,0.9237435008665511,0.9235447437011295,0.8470889102926036,133,"all","NB#133","NB",133
551,547,29,24,0.9582608695652174,0.957968476357268,0.9582608695652174,0.9582608695652174,0.9541125541125541,0.9539530842745438,0.9079067941818071,133,"all","MLP#133","MLP",133
532,548,28,43,0.9513888888888888,0.95,0.9513888888888888,0.9513888888888888,0.9391602399314481,0.9383145091225021,0.8766261313284569,134,"all","DT#134","DT",134
555,554,22,20,0.9652173913043478,0.9651567944250871,0.9652173913043478,0.9652173913043478,0.9635416666666666,0.9635099913119027,0.927020147886027,134,"all","RF#134","RF",134
524,543,33,51,0.9427083333333334,0.940754039497307,0.9427083333333334,0.9427083333333334,0.9282051282051283,0.9270199826238054,0.8540358886563946,134,"all","NB#134","NB",134
546,546,30,29,0.9495652173913044,0.9495652173913044,0.9495652173913044,0.9495652173913044,0.94874022589053,0.94874022589053,0.897480529165868,134,"all","MLP#134","MLP",134
553,542,34,22,0.9617391304347827,0.9609929078014184,0.9617391304347827,0.9617391304347827,0.9518072289156627,0.9513466550825369,0.9026949994867243,135,"all","DT#135","DT",135
559,552,24,16,0.9721739130434782,0.971830985915493,0.9721739130434782,0.9721739130434782,0.9654576856649396,0.9652476107732406,0.9304960085023127,135,"all","RF#135","RF",135
477,560,16,98,0.9722222222222222,0.9675456389452333,0.9722222222222222,0.9722222222222222,0.9076175040518638,0.9009556907037359,0.8018867069896939,135,"all","NB#135","NB",135
553,542,34,22,0.9617391304347827,0.9609929078014184,0.9617391304347827,0.9617391304347827,0.9518072289156627,0.9513466550825369,0.9026949994867243,135,"all","MLP#135","MLP",135
545,548,28,30,0.9513888888888888,0.9511343804537522,0.9513888888888888,0.9513888888888888,0.9497400346620452,0.9496090356211989,0.8992176908746704,136,"all","DT#136","DT",136
556,556,20,19,0.9669565217391304,0.9669565217391304,0.9669565217391304,0.9669565217391304,0.9661164205039096,0.9661164205039097,0.932232892160489,136,"all","RF#136","RF",136
538,526,50,37,0.9356521739130435,0.9342806394316163,0.9356521739130435,0.9356521739130435,0.9251934651762683,0.9244135534317984,0.8488299595569532,136,"all","NB#136","NB",136
552,552,24,23,0.96,0.96,0.96,0.96,0.9591659426585578,0.9591659426585578,0.9183319469626406,136,"all","MLP#136","MLP",136
545,555,21,30,0.9635416666666666,0.9628975265017667,0.9635416666666666,0.9635416666666666,0.9560723514211885,0.9556907037358818,0.9113801365054779,137,"all","DT#137","DT",137
557,561,15,18,0.9739583333333334,0.9737762237762237,0.9739583333333334,0.9739583333333334,0.9714285714285714,0.9713292788879235,0.9426582547928206,137,"all","RF#137","RF",137
511,555,21,64,0.9635416666666666,0.9605263157894737,0.9635416666666666,0.9635416666666666,0.9288702928870293,0.9261511728931364,0.8522926458088312,137,"all","NB#137","NB",137
554,563,13,21,0.9774305555555556,0.9770723104056437,0.9774305555555556,0.9774305555555556,0.9706896551724138,0.9704604691572546,0.940920180195413,137,"all","MLP#137","MLP",137
546,541,35,29,0.9495652173913044,0.9491228070175438,0.9495652173913044,0.9495652173913044,0.9446366782006921,0.944396177237185,0.8887932778386669,138,"all","DT#138","DT",138
559,563,13,16,0.9774305555555556,0.9772727272727273,0.9774305555555556,0.9774305555555556,0.9748917748917749,0.9748045178105995,0.9496087693633879,138,"all","RF#138","RF",138
420,565,11,155,0.9809027777777778,0.974477958236659,0.9809027777777778,0.9809027777777778,0.8719135802469137,0.8557775847089487,0.7114922326109541,138,"all","NB#138","NB",138
554,554,22,21,0.9634782608695652,0.9634782608695652,0.9634782608695652,0.9634782608695652,0.9626411815812338,0.9626411815812337,0.9252824195615648,138,"all","MLP#138","MLP",138
540,550,26,35,0.9548611111111112,0.9540636042402827,0.9548611111111112,0.9548611111111112,0.9474590869939707,0.947002606429192,0.8940036926830225,139,"all","DT#139","DT",139
558,552,24,17,0.9704347826086956,0.9701230228471002,0.9704347826086956,0.9704347826086956,0.9645635263612791,0.9643788010425717,0.9287583011652956,139,"all","RF#139","RF",139
476,556,20,99,0.9652777777777778,0.9596774193548387,0.9652777777777778,0.9652777777777778,0.9033306255077173,0.896611642050391,0.7931984641888149,139,"all","NB#139","NB",139
554,549,27,21,0.9634782608695652,0.9631578947368421,0.9634782608695652,0.9634782608695652,0.9584775086505191,0.9582971329278888,0.9165949583790002,139,"all","MLP#139","MLP",139
545,553,23,30,0.9600694444444444,0.9595070422535211,0.9600694444444444,0.9600694444444444,0.9542709232096634,0.9539530842745438,0.9079051258089985,140,"all","DT#140","DT",140
562,554,22,13,0.9773913043478261,0.9770723104056437,0.9773913043478261,0.9773913043478261,0.9698015530629852,0.9695916594265855,0.9391840992498591,140,"all","RF#140","RF",140
526,535,41,49,0.9288194444444444,0.927689594356261,0.9288194444444444,0.9288194444444444,0.9224137931034484,0.9218071242397915,0.8436122416937403,140,"all","NB#140","NB",140
555,556,20,20,0.9652777777777778,0.9652777777777778,0.9652777777777778,0.9652777777777778,0.9652777777777778,0.9652476107732406,0.9304951690821255,140,"all","MLP#140","MLP",140
533,552,24,42,0.9583333333333334,0.9569120287253142,0.9583333333333334,0.9583333333333334,0.9435897435897437,0.9426585577758471,0.8853139125157385,141,"all","DT#141","DT",141
556,560,16,19,0.9722222222222222,0.972027972027972,0.9722222222222222,0.9722222222222222,0.9696969696969696,0.9695916594265855,0.939182997507537,141,"all","RF#141","RF",141
502,549,27,73,0.953125,0.9489603024574669,0.953125,0.953125,0.9165275459098498,0.9131190269331017,0.8262258550563596,141,"all","NB#141","NB",141
549,554,22,26,0.9618055555555556,0.9614711033274956,0.9618055555555556,0.9618055555555556,0.9584775086505191,0.9582971329278888,0.9165936992373142,141,"all","MLP#141","MLP",141
538,546,30,37,0.9479166666666666,0.9471830985915493,0.9479166666666666,0.9479166666666666,0.9421915444348576,0.9417897480451781,0.8835781779094888,142,"all","DT#142","DT",142
564,555,21,11,0.9808695652173913,0.980565371024735,0.9808695652173913,0.9808695652173913,0.9724137931034482,0.9721980886185926,0.9443969746833534,142,"all","RF#142","RF",142
524,538,38,51,0.9340277777777778,0.9323843416370107,0.9340277777777778,0.9340277777777778,0.9236051502145923,0.9226759339704604,0.8453487160828941,142,"all","NB#142","NB",142
554,554,22,21,0.9634782608695652,0.9634782608695652,0.9634782608695652,0.9634782608695652,0.9626411815812338,0.9626411815812337,0.9252824195615648,142,"all","MLP#142","MLP",142
543,546,30,32,0.9479166666666666,0.9476439790575916,0.9479166666666666,0.9479166666666666,0.9462738301559792,0.946133796698523,0.8922671867970616,143,"all","DT#143","DT",143
564,551,25,11,0.9808695652173913,0.9804270462633452,0.9808695652173913,0.9808695652173913,0.9690721649484536,0.9687228496959166,0.9374469742487327,143,"all","RF#143","RF",143
483,550,26,92,0.9548611111111112,0.9489194499017681,0.9548611111111112,0.9548611111111112,0.90311986863711,0.89748045178106,0.7949403171209691,143,"all","NB#143","NB",143
559,551,25,16,0.9721739130434782,0.9717813051146384,0.9721739130434782,0.9721739130434782,0.9646246764452113,0.9643788010425717,0.9287585162641208,143,"all","MLP#143","MLP",143
541,548,28,34,0.9513888888888888,0.9507908611599297,0.9513888888888888,0.9513888888888888,0.9464594127806563,0.946133796698523,0.8922665362307026,144,"all","DT#144","DT",144
560,558,18,15,0.9739130434782609,0.9738219895287958,0.9739130434782609,0.9739130434782609,0.9713790112749351,0.9713292788879235,0.9426587741903344,144,"all","RF#144","RF",144
525,536,40,50,0.9305555555555556,0.9292035398230089,0.9305555555555556,0.9305555555555556,0.9225473321858864,0.9218071242397915,0.8436117695013512,144,"all","NB#144","NB",144
550,553,23,25,0.9600694444444444,0.9598603839441536,0.9600694444444444,0.9600694444444444,0.9584055459272096,0.9582971329278888,0.9165939510686928,144,"all","MLP#144","MLP",144
550,547,29,25,0.9565217391304348,0.9562937062937062,0.9565217391304348,0.9565217391304348,0.953206239168111,0.9530842745438749,0.9061690448729175,145,"all","DT#145","DT",145
562,552,24,13,0.9773913043478261,0.9769911504424779,0.9773913043478261,0.9773913043478261,0.9681309216192937,0.9678540399652477,0.9357090990336816,145,"all","RF#145","RF",145
528,529,47,47,0.9184027777777778,0.9184027777777778,0.9184027777777778,0.9184027777777778,0.9184027777777778,0.9183318853171155,0.836663647342995,145,"all","NB#145","NB",145
557,552,24,18,0.9686956521739131,0.968421052631579,0.9686956521739131,0.9686956521739131,0.9636678200692042,0.9635099913119027,0.9270205885816253,145,"all","MLP#145","MLP",145
548,538,38,27,0.9530434782608695,0.952212389380531,0.9530434782608695,0.9530434782608695,0.9440137812230835,0.9435273675065161,0.8870565253294406,146,"all","DT#146","DT",146
559,549,27,16,0.9721739130434782,0.9716814159292035,0.9721739130434782,0.9721739130434782,0.9629629629629629,0.9626411815812337,0.9252835475256298,146,"all","RF#146","RF",146
485,553,23,90,0.9600694444444444,0.9547244094488189,0.9600694444444444,0.9600694444444444,0.9073010664479082,0.9018245004344049,0.8036289902511274,146,"all","NB#146","NB",146
548,555,21,27,0.9635416666666666,0.9630931458699473,0.9635416666666666,0.9635416666666666,0.9585492227979275,0.9582971329278888,0.9165934474044148,146,"all","MLP#146","MLP",146
542,545,31,33,0.9461805555555556,0.9458987783595113,0.9461805555555556,0.9461805555555556,0.9445407279029463,0.944396177237185,0.8887919347582571,147,"all","DT#147","DT",147
555,560,16,20,0.9722222222222222,0.9719789842381786,0.9722222222222222,0.9722222222222222,0.9688581314878894,0.9687228496959166,0.9374452744279856,147,"all","RF#147","RF",147
517,534,42,58,0.9270833333333334,0.924865831842576,0.9270833333333334,0.9270833333333334,0.9143835616438356,0.9131190269331017,0.8262337254523057,147,"all","NB#147","NB",147
547,551,25,28,0.9565972222222222,0.9562937062937062,0.9565972222222222,0.9565972222222222,0.954112554112554,0.9539530842745438,0.9079056819399846,147,"all","MLP#147","MLP",147
553,541,35,22,0.9617391304347827,0.9609236234458259,0.9617391304347827,0.9617391304347827,0.9509888220120379,0.950477845351868,0.900957559709728,148,"all","DT#148","DT",148
555,553,23,20,0.9652173913043478,0.9650959860383944,0.9652173913043478,0.9652173913043478,0.9627059843885516,0.9626411815812337,0.9252826451571023,148,"all","RF#148","RF",148
525,544,32,50,0.9444444444444444,0.9425493716337523,0.9444444444444444,0.9444444444444444,0.9299145299145299,0.9287576020851434,0.8575112246407662,148,"all","NB#148","NB",148
557,546,30,18,0.9686956521739131,0.9680851063829787,0.9686956521739131,0.9686956521739131,0.9586919104991394,0.9582971329278888,0.9165957138457635,148,"all","MLP#148","MLP",148
539,543,33,36,0.9427083333333334,0.9423076923076923,0.9427083333333334,0.9427083333333334,0.9402597402597404,0.9400521285838401,0.8801036236577159,149,"all","DT#149","DT",149
557,554,22,18,0.9686956521739131,0.9685314685314685,0.9686956521739131,0.9686956521739131,0.9653379549393415,0.9652476107732406,0.9304955887947536,149,"all","RF#149","RF",149
548,475,101,27,0.9530434782608695,0.9462151394422311,0.9530434782608695,0.9530434782608695,0.8954248366013071,0.8887923544743701,0.7776093854249374,149,"all","NB#149","NB",149
544,551,25,31,0.9565972222222222,0.9560632688927944,0.9565972222222222,0.9565972222222222,0.9516407599309155,0.9513466550825369,0.9026923553051507,149,"all","MLP#149","MLP",149
534,542,34,41,0.9409722222222222,0.9401408450704225,0.9409722222222222,0.9409722222222222,0.9352890422778257,0.9348392701998263,0.8696770648240546,150,"all","DT#150","DT",150
553,557,19,22,0.9670138888888888,0.9667832167832168,0.9670138888888888,0.9670138888888888,0.9645021645021645,0.9643788010425717,0.9287572256516863,150,"all","RF#150","RF",150
479,550,26,96,0.9548611111111112,0.9485148514851485,0.9548611111111112,0.9548611111111112,0.9001636661211129,0.894005212858384,0.7879878610360393,150,"all","NB#150","NB",150
541,553,23,34,0.9600694444444444,0.9592198581560284,0.9600694444444444,0.9600694444444444,0.9509888220120378,0.950477845351868,0.900953971155922,150,"all","MLP#150","MLP",150
550,538,38,25,0.9565217391304348,0.955595026642984,0.9565217391304348,0.9565217391304348,0.945829750644884,0.945264986967854,0.8905320396791729,151,"all","DT#151","DT",151
566,551,25,9,0.9843478260869565,0.9839285714285714,0.9843478260869565,0.9843478260869565,0.9708404802744426,0.9704604691572546,0.940922320716891,151,"all","RF#151","RF",151
518,543,33,57,0.9427083333333334,0.9401088929219601,0.9427083333333334,0.9427083333333334,0.9234693877551022,0.9218071242397915,0.8436084640747854,151,"all","NB#151","NB",151
560,554,22,15,0.9739130434782609,0.9736379613356766,0.9739130434782609,0.9739130434782609,0.9680207433016422,0.9678540399652477,0.9357087108077058,151,"all","MLP#151","MLP",151
542,544,32,33,0.9444444444444444,0.9442508710801394,0.9444444444444444,0.9444444444444444,0.9436253252385083,0.9435273675065161,0.887054479248912,152,"all","DT#152","DT",152
551,556,20,24,0.9652777777777778,0.9649737302977233,0.9652777777777778,0.9652777777777778,0.9619377162629758,0.9617723718505647,0.9235442243008715,152,"all","RF#152","RF",152
502,550,26,73,0.9548611111111112,0.9507575757575758,0.9548611111111112,0.9548611111111112,0.9174311926605505,0.9139878366637706,0.8279633367705739,152,"all","NB#152","NB",152
551,545,31,24,0.9582608695652174,0.9578207381370826,0.9582608695652174,0.9582608695652174,0.9524632670700085,0.952215464813206,0.90443186741686,152,"all","MLP#152","MLP",152
549,545,31,26,0.9547826086956521,0.9544658493870403,0.9547826086956521,0.9547826086956521,0.9506493506493506,0.950477845351868,0.9009563635540191,153,"all","DT#153","DT",153
566,555,21,9,0.9843478260869565,0.9840425531914894,0.9843478260869565,0.9843478260869565,0.9741824440619621,0.9739357080799305,0.9478723211536022,153,"all","RF#153","RF",153
516,546,30,59,0.9479166666666666,0.945054945054945,0.9479166666666666,0.9479166666666666,0.9246401354784081,0.9226759339704604,0.8453449803810855,153,"all","NB#153","NB",153
560,548,28,15,0.9739130434782609,0.9733570159857904,0.9739130434782609,0.9739130434782609,0.9630266552020637,0.9626411815812337,0.9252837731143561,153,"all","MLP#153","MLP",153
549,553,23,26,0.9600694444444444,0.9597902097902098,0.9600694444444444,0.9600694444444444,0.9575757575757576,0.9574283231972198,0.9148561965105518,154,"all","DT#154","DT",154
563,563,13,12,0.9791304347826087,0.9791304347826087,0.9791304347826087,0.9791304347826087,0.9782797567332754,0.9782797567332754,0.9565595462567237,154,"all","RF#154","RF",154
528,546,30,47,0.9479166666666666,0.946236559139785,0.9479166666666666,0.9479166666666666,0.934131736526946,0.9331016507384883,0.8661997666002902,154,"all","NB#154","NB",154
558,556,20,17,0.9704347826086956,0.9703315881326352,0.9704347826086956,0.9704347826086956,0.9679098005203817,0.9678540399652477,0.9357083225770416,154,"all","MLP#154","MLP",154
549,545,31,26,0.9547826086956521,0.9544658493870403,0.9547826086956521,0.9547826086956521,0.9506493506493506,0.950477845351868,0.9009563635540191,155,"all","DT#155","DT",155
557,557,19,18,0.9686956521739131,0.9686956521739131,0.9686956521739131,0.9686956521739131,0.9678540399652477,0.9678540399652477,0.9357081284599512,155,"all","RF#155","RF",155
491,549,27,84,0.953125,0.9478764478764479,0.953125,0.953125,0.9081885856079404,0.9035621198957429,0.8071074956631232,155,"all","NB#155","NB",155
561,552,24,14,0.9756521739130435,0.9752650176678446,0.9756521739130435,0.9756521739130435,0.9672413793103449,0.9669852302345786,0.9339714074364819,155,"all","MLP#155","MLP",155
539,541,35,36,0.9392361111111112,0.9390243902439024,0.9392361111111112,0.9392361111111112,0.9384215091066782,0.9383145091225021,0.8766287388718883,156,"all","DT#156","DT",156
555,547,29,20,0.9652173913043478,0.9647266313932981,0.9652173913043478,0.9652173913043478,0.9577221742881795,0.9574283231972198,0.9148577389498029,156,"all","RF#156","RF",156
517,544,32,58,0.9444444444444444,0.941712204007286,0.9444444444444444,0.9444444444444444,0.9235993208828523,0.9218071242397915,0.8436079918595839,156,"all","NB#156","NB",156
547,547,29,28,0.951304347826087,0.951304347826087,0.951304347826087,0.951304347826087,0.9504778453518681,0.950477845351868,0.9009557654653301,156,"all","MLP#156","MLP",156
539,549,27,36,0.953125,0.9522968197879859,0.953125,0.953125,0.9457364341085271,0.945264986967854,0.8905284039185314,157,"all","DT#157","DT",157
563,560,16,12,0.9791304347826087,0.9790209790209791,0.9791304347826087,0.9791304347826087,0.9757365684575392,0.9756733275412685,0.9513469121563275,157,"all","RF#157","RF",157
510,551,25,65,0.9565972222222222,0.9532710280373832,0.9565972222222222,0.9565972222222222,0.9244966442953021,0.9218071242397915,0.8436046862733257,157,"all","NB#157","NB",157
551,558,18,24,0.96875,0.968365553602812,0.96875,0.96875,0.9637305699481865,0.9635099913119027,0.9270192664788631,157,"all","MLP#157","MLP",157
534,544,32,41,0.9444444444444444,0.9434628975265018,0.9444444444444444,0.9444444444444444,0.9371231696813093,0.9365768896611643,0.8731519600960763,158,"all","DT#158","DT",158
563,554,22,12,0.9791304347826087,0.9787985865724381,0.9791304347826087,0.9791304347826087,0.9706896551724138,0.9704604691572546,0.9409217856010629,158,"all","RF#158","RF",158
515,544,32,60,0.9444444444444444,0.9414990859232175,0.9444444444444444,0.9444444444444444,0.9220338983050849,0.9200695047784535,0.8401321311891203,158,"all","NB#158","NB",158
558,554,22,17,0.9704347826086956,0.9702276707530648,0.9704347826086956,0.9704347826086956,0.9662337662337662,0.9661164205039097,0.9322333013790657,158,"all","MLP#158","MLP",158
540,556,20,35,0.9652777777777778,0.9642857142857143,0.9652777777777778,0.9652777777777778,0.9528706083976007,0.952215464813206,0.9044286932826077,159,"all","DT#159","DT",159
560,557,19,15,0.9739130434782609,0.9737762237762237,0.9739130434782609,0.9739130434782609,0.9705372616984401,0.9704604691572546,0.9409212504755406,159,"all","RF#159","RF",159
551,457,119,24,0.9582608695652174,0.9501039501039501,0.9582608695652174,0.9582608695652174,0.885140562248996,0.8757602085143353,0.7515558607989494,159,"all","NB#159","NB",159
549,557,19,26,0.9670138888888888,0.9665492957746479,0.9670138888888888,0.9670138888888888,0.9611734253666955,0.9609035621198957,0.9218062388944327,159,"all","MLP#159","MLP",159
538,553,23,37,0.9600694444444444,0.9590017825311943,0.9600694444444444,0.9600694444444444,0.9485420240137221,0.947871416159861,0.8957405500720125,160,"all","DT#160","DT",160
553,556,20,22,0.9652777777777778,0.9650959860383944,0.9652777777777778,0.9652777777777778,0.9636048526863085,0.9635099913119027,0.9270197071851063,160,"all","RF#160","RF",160
527,531,45,48,0.921875,0.9213286713286714,0.921875,0.921875,0.9194805194805195,0.9192006950477846,0.8384005362343128,160,"all","NB#160","NB",160
553,551,25,22,0.9617391304347827,0.9616055846422339,0.9617391304347827,0.9617391304347827,0.9592367736339984,0.9591659426585578,0.9183321935438096,160,"all","MLP#160","MLP",160
545,554,22,30,0.9618055555555556,0.9611992945326279,0.9618055555555556,0.9618055555555556,0.9551724137931035,0.9548218940052129,0.9096426285341611,161,"all","DT#161","DT",161
558,561,15,17,0.9739583333333334,0.9738219895287958,0.9739583333333334,0.9739583333333334,0.9722703639514731,0.9721980886185926,0.9443959673791287,161,"all","RF#161","RF",161
493,555,21,82,0.9635416666666666,0.9591439688715954,0.9635416666666666,0.9635416666666666,0.9150865622423742,0.9105125977410947,0.821008577178756,161,"all","NB#161","NB",161
557,558,18,18,0.96875,0.96875,0.96875,0.96875,0.96875,0.9687228496959166,0.9374456521739131,161,"all","MLP#161","MLP",161
553,546,30,22,0.9617391304347827,0.9612676056338029,0.9617391304347827,0.9617391304347827,0.9550949913644214,0.9548218940052129,0.9096448110530067,162,"all","DT#162","DT",162
562,559,17,13,0.9773913043478261,0.9772727272727273,0.9773913043478261,0.9773913043478261,0.974003466204506,0.9739357080799305,0.9478716915960652,162,"all","RF#162","RF",162
540,515,61,35,0.9391304347826087,0.9363636363636364,0.9391304347826087,0.9391304347826087,0.9183673469387755,0.9165942658557776,0.8331949530966478,162,"all","NB#162","NB",162
560,558,18,15,0.9739130434782609,0.9738219895287958,0.9739130434782609,0.9739130434782609,0.9713790112749351,0.9713292788879235,0.9426587741903344,162,"all","MLP#162","MLP",162
547,543,33,28,0.951304347826087,0.9509632224168126,0.951304347826087,0.951304347826087,0.9471861471861474,0.947002606429192,0.8940059329262309,163,"all","DT#163","DT",163
559,552,24,16,0.9721739130434782,0.971830985915493,0.9721739130434782,0.9721739130434782,0.9654576856649396,0.9652476107732406,0.9304960085023127,163,"all","RF#163","RF",163
535,519,57,40,0.9304347826086956,0.9284436493738819,0.9304347826086956,0.9304347826086956,0.9168808911739503,0.9157254561251086,0.8314551106025359,163,"all","NB#163","NB",163
552,546,30,23,0.96,0.9595782073813708,0.96,0.96,0.9541918755401901,0.9539530842745438,0.9079070722380649,163,"all","MLP#163","MLP",163
548,549,27,27,0.953125,0.953125,0.953125,0.953125,0.953125,0.9530842745438749,0.9061684782608695,164,"all","DT#164","DT",164
561,558,18,14,0.9756521739130435,0.9755244755244755,0.9756521739130435,0.9756521739130435,0.9722703639514731,0.9721980886185926,0.944396471035803,164,"all","RF#164","RF",164
530,531,45,45,0.921875,0.921875,0.921875,0.921875,0.921875,0.9218071242397915,0.8436141304347826,164,"all","NB#164","NB",164
567,542,34,8,0.9860869565217392,0.9854545454545455,0.9860869565217392,0.9860869565217392,0.9642857142857143,0.9635099913119027,0.9270227919797834,164,"all","MLP#164","MLP",164
543,550,26,32,0.9548611111111112,0.9543057996485061,0.9548611111111112,0.9548611111111112,0.9499136442141624,0.9496090356211989,0.8992170822803346,165,"all","DT#165","DT",165
558,554,22,17,0.9704347826086956,0.9702276707530648,0.9704347826086956,0.9704347826086956,0.9662337662337662,0.9661164205039097,0.9322333013790657,165,"all","RF#165","RF",165
495,549,27,80,0.953125,0.9482758620689655,0.953125,0.953125,0.9112033195020747,0.9070373588184187,0.8140596998250161,165,"all","NB#165","NB",165
564,550,26,11,0.9808695652173913,0.9803921568627451,0.9808695652173913,0.9808695652173913,0.9682403433476395,0.9678540399652477,0.9357094872549686,165,"all","MLP#165","MLP",165
547,550,26,28,0.9548611111111112,0.9546247818499127,0.9548611111111112,0.9548611111111112,0.9532062391681109,0.9530842745438749,0.9061681949522795,166,"all","DT#166","DT",166
558,556,20,17,0.9704347826086956,0.9703315881326352,0.9704347826086956,0.9704347826086956,0.9679098005203817,0.9678540399652477,0.9357083225770416,166,"all","RF#166","RF",166
520,540,36,55,0.9375,0.935251798561151,0.9375,0.9375,0.9222886421861657,0.9209383145091226,0.8418719739847612,166,"all","NB#166","NB",166
558,547,29,17,0.9704347826086956,0.9698581560283688,0.9704347826086956,0.9704347826086956,0.9604130808950085,0.9600347523892268,0.9200708924355235,166,"all","MLP#166","MLP",166
538,548,28,37,0.9513888888888888,0.950530035335689,0.9513888888888888,0.9513888888888888,0.9440137812230835,0.9435273675065161,0.8870531151540405,167,"all","DT#167","DT",167
559,553,23,16,0.9721739130434782,0.9718804920913884,0.9721739130434782,0.9721739130434782,0.9662921348314606,0.9661164205039097,0.9322335059865007,167,"all","RF#167","RF",167
488,555,21,87,0.9635416666666666,0.9587426326129665,0.9635416666666666,0.9635416666666666,0.9113300492610837,0.9061685490877498,0.8123182563480057,167,"all","NB#167","NB",167
557,554,22,18,0.9686956521739131,0.9685314685314685,0.9686956521739131,0.9686956521739131,0.9653379549393415,0.9652476107732406,0.9304955887947536,167,"all","MLP#167","MLP",167
546,539,37,29,0.9495652173913044,0.948943661971831,0.9495652173913044,0.9495652173913044,0.9430051813471504,0.9426585577758471,0.8853184140288161,168,"all","DT#168","DT",168
563,562,14,12,0.9791304347826087,0.9790940766550522,0.9791304347826087,0.9791304347826087,0.9774305555555555,0.9774109470026064,0.9548219963103977,168,"all","RF#168","RF",168
547,455,121,28,0.951304347826087,0.9420289855072463,0.951304347826087,0.951304347826087,0.8801287208366854,0.8705473501303215,0.7411308496844495,168,"all","NB#168","NB",168
545,554,22,30,0.9618055555555556,0.9611992945326279,0.9618055555555556,0.9618055555555556,0.9551724137931035,0.9548218940052129,0.9096426285341611,168,"all","MLP#168","MLP",168
532,554,22,43,0.9618055555555556,0.9602888086642599,0.9618055555555556,0.9618055555555556,0.9445865302642796,0.9435273675065161,0.8870510689499517,169,"all","DT#169","DT",169
554,556,20,21,0.9652777777777778,0.9651567944250871,0.9652777777777778,0.9652777777777778,0.9644405897658282,0.9643788010425717,0.928757440757006,169,"all","RF#169","RF",169
488,547,29,87,0.9496527777777778,0.9439071566731141,0.9496527777777778,0.9496527777777778,0.9041322314049587,0.8992180712423979,0.7984183397700886,169,"all","NB#169","NB",169
551,551,25,24,0.9582608695652174,0.9582608695652174,0.9582608695652174,0.9582608695652174,0.9574283231972198,0.9574283231972198,0.9148567106631785,169,"all","MLP#169","MLP",169
552,546,30,23,0.96,0.9595782073813708,0.96,0.96,0.9541918755401901,0.9539530842745438,0.9079070722380649,170,"all","DT#170","DT",170
563,557,19,12,0.9791304347826087,0.9789103690685413,0.9791304347826087,0.9791304347826087,0.9732065687121868,0.9730668983492615,0.946134325271321,170,"all","RF#170","RF",170
509,538,38,66,0.9340277777777778,0.9305301645338209,0.9340277777777778,0.9340277777777778,0.9118644067796612,0.9096437880104257,0.8192798004746576,170,"all","NB#170","NB",170
561,555,21,14,0.9756521739130435,0.9753954305799648,0.9756521739130435,0.9756521739130435,0.9697493517718238,0.9695916594265855,0.9391839156289108,170,"all","MLP#170","MLP",170
543,551,25,32,0.9565972222222222,0.9559859154929577,0.9565972222222222,0.9565972222222222,0.9508196721311476,0.950477845351868,0.9009545692662816,171,"all","DT#171","DT",171
561,560,16,14,0.9756521739130435,0.975609756097561,0.9756521739130435,0.9756521739130435,0.9739583333333334,0.9739357080799305,0.9478715342043049,171,"all","RF#171","RF",171
510,548,28,65,0.9513888888888888,0.9479553903345725,0.9513888888888888,0.9513888888888888,0.9217830109335575,0.9192006950477846,0.8383922411125018,171,"all","NB#171","NB",171
552,550,26,23,0.96,0.9598603839441536,0.96,0.96,0.9575021682567215,0.9574283231972198,0.9148569677371632,171,"all","MLP#171","MLP",171
530,543,33,45,0.9427083333333334,0.9413854351687388,0.9427083333333334,0.9427083333333334,0.9329896907216495,0.9322328410078193,0.8644631243319626,172,"all","DT#172","DT",172
557,556,20,18,0.9686956521739131,0.9686411149825784,0.9686956521739131,0.9686956521739131,0.967013888888889,0.9669852302345786,0.9339706099921196,172,"all","RF#172","RF",172
524,537,39,51,0.9322916666666666,0.9307282415630551,0.9322916666666666,0.9322916666666666,0.922680412371134,0.9218071242397915,0.8436112973061106,172,"all","NB#172","NB",172
551,547,29,24,0.9582608695652174,0.957968476357268,0.9582608695652174,0.9582608695652174,0.9541125541125541,0.9539530842745438,0.9079067941818071,172,"all","MLP#172","MLP",172
546,554,22,29,0.9618055555555556,0.9612676056338029,0.9618055555555556,0.9618055555555556,0.9559965487489215,0.9556907037358818,0.9113804040803571,173,"all","DT#173","DT",173
566,555,21,9,0.9843478260869565,0.9840425531914894,0.9843478260869565,0.9843478260869565,0.9741824440619621,0.9739357080799305,0.9478723211536022,173,"all","RF#173","RF",173
514,543,33,61,0.9427083333333334,0.9396709323583181,0.9427083333333334,0.9427083333333334,0.9203389830508475,0.9183318853171155,0.8366567427367098,173,"all","NB#173","NB",173
562,548,28,13,0.9773913043478261,0.9768270944741533,0.9773913043478261,0.9773913043478261,0.9648068669527896,0.9643788010425717,0.9287591615528029,173,"all","MLP#173","MLP",173
541,547,29,34,0.9496527777777778,0.9491228070175438,0.9496527777777778,0.9496527777777778,0.9455488331892825,0.945264986967854,0.8905290649838841,174,"all","DT#174","DT",174
562,554,22,13,0.9773913043478261,0.9770723104056437,0.9773913043478261,0.9773913043478261,0.9698015530629852,0.9695916594265855,0.9391840992498591,174,"all","RF#174","RF",174
553,450,126,22,0.9617391304347827,0.9533898305084746,0.9617391304347827,0.9617391304347827,0.8819776714513556,0.8714161598609904,0.7428724958641758,174,"all","NB#174","NB",174
551,552,24,24,0.9583333333333334,0.9583333333333334,0.9583333333333334,0.9583333333333334,0.9583333333333334,0.9582971329278888,0.9165942028985506,174,"all","MLP#174","MLP",174
543,544,32,32,0.9444444444444444,0.9444444444444444,0.9444444444444444,0.9444444444444444,0.9444444444444444,0.944396177237185,0.888792270531401,175,"all","DT#175","DT",175
557,553,23,18,0.9686956521739131,0.968476357267951,0.9686956521739131,0.9686956521739131,0.9645021645021645,0.9643788010425717,0.9287580860651716,175,"all","RF#175","RF",175
469,551,25,106,0.9565972222222222,0.9493927125506073,0.9565972222222222,0.9565972222222222,0.8937550689375506,0.8861859252823632,0.7723438403548744,175,"all","NB#175","NB",175
563,542,34,12,0.9791304347826087,0.9783393501805054,0.9791304347826087,0.9791304347826087,0.9607508532423208,0.9600347523892268,0.9200720990546811,175,"all","MLP#175","MLP",175
545,547,29,30,0.9496527777777778,0.9494773519163763,0.9496527777777778,0.9496527777777778,0.9488291413703384,0.94874022589053,0.8974802196259354,176,"all","DT#176","DT",176
561,556,20,14,0.9756521739130435,0.9754385964912281,0.9756521739130435,0.9756521739130435,0.9705882352941178,0.9704604691572546,0.9409214288517919,176,"all","RF#176","RF",176
489,557,19,86,0.9670138888888888,0.9625984251968503,0.9670138888888888,0.9670138888888888,0.9138638228055783,0.9087749782797567,0.8175313626227291,176,"all","NB#176","NB",176
556,548,28,19,0.9669565217391304,0.9664902998236331,0.9669565217391304,0.9669565217391304,0.9594477998274374,0.9591659426585578,0.9183329332783825,176,"all","MLP#176","MLP",176
542,549,27,33,0.953125,0.9525483304042179,0.953125,0.953125,0.9481865284974094,0.947871416159861,0.8957418092555187,177,"all","DT#177","DT",177
566,550,26,9,0.9843478260869565,0.9838998211091234,0.9843478260869565,0.9843478260869565,0.9700085689802914,0.9695916594265855,0.9391848337225644,177,"all","RF#177","RF",177
410,559,17,165,0.9704861111111112,0.9601873536299765,0.9704861111111112,0.9704861111111112,0.8600000000000001,0.841876629018245,0.6836823444851808,177,"all","NB#177","NB",177
561,547,29,14,0.9756521739130435,0.9750445632798574,0.9756521739130435,0.9756521739130435,0.9630901287553648,0.9626411815812337,0.9252839987017201,177,"all","MLP#177","MLP",177
553,548,28,22,0.9617391304347827,0.9614035087719298,0.9617391304347827,0.9617391304347827,0.9567474048442908,0.9565595134665508,0.9131197483114584,178,"all","DT#178","DT",178
566,557,19,9,0.9843478260869565,0.9840989399293286,0.9843478260869565,0.9843478260869565,0.9758620689655173,0.9756733275412685,0.951347352847934,178,"all","RF#178","RF",178
532,544,32,43,0.9444444444444444,0.9432624113475178,0.9444444444444444,0.9444444444444444,0.9355116079105761,0.9348392701998263,0.8696762778367395,178,"all","NB#178","NB",178
559,555,21,16,0.9721739130434782,0.9719789842381786,0.9721739130434782,0.9721739130434782,0.9679653679653679,0.9678540399652477,0.9357085166929598,178,"all","MLP#178","MLP",178
545,545,31,30,0.9478260869565217,0.9478260869565217,0.9478260869565217,0.9478260869565217,0.9470026064291919,0.947002606429192,0.8940052928664057,179,"all","DT#179","DT",179
559,556,20,16,0.9721739130434782,0.972027972027972,0.9721739130434782,0.9721739130434782,0.9688041594454073,0.9687228496959166,0.9374460299152783,179,"all","RF#179","RF",179
517,551,25,58,0.9565972222222222,0.9538745387453874,0.9565972222222222,0.9565972222222222,0.929957805907173,0.9278887923544744,0.8557702904885057,179,"all","NB#179","NB",179
548,556,20,27,0.9652777777777778,0.9647887323943662,0.9652777777777778,0.9652777777777778,0.9594477998274373,0.9591659426585578,0.9183309606230743,179,"all","MLP#179","MLP",179
548,545,31,27,0.9530434782608695,0.9527972027972028,0.9530434782608695,0.9530434782608695,0.9497400346620449,0.9496090356211989,0.8992186037523927,180,"all","DT#180","DT",180
562,555,21,13,0.9773913043478261,0.977112676056338,0.9773913043478261,0.9773913043478261,0.9706390328151987,0.9704604691572546,0.9409216072269659,180,"all","RF#180","RF",180
538,519,57,37,0.9356521739130435,0.9334532374100719,0.9356521739130435,0.9356521739130435,0.9196581196581195,0.9183318853171155,0.836668578847257,180,"all","NB#180","NB",180
553,550,26,22,0.9617391304347827,0.9615384615384616,0.9617391304347827,0.9617391304347827,0.9584055459272097,0.9582971329278888,0.9165947065537043,180,"all","MLP#180","MLP",180
543,550,26,32,0.9548611111111112,0.9543057996485061,0.9548611111111112,0.9548611111111112,0.9499136442141624,0.9496090356211989,0.8992170822803346,181,"all","DT#181","DT",181
549,557,19,26,0.9670138888888888,0.9665492957746479,0.9670138888888888,0.9670138888888888,0.9611734253666955,0.9609035621198957,0.9218062388944327,181,"all","RF#181","RF",181
478,562,14,97,0.9756944444444444,0.9715447154471545,0.9756944444444444,0.9756944444444444,0.9101214574898785,0.9035621198957429,0.8070999234505531,181,"all","NB#181","NB",181
553,550,26,22,0.9617391304347827,0.9615384615384616,0.9617391304347827,0.9617391304347827,0.9584055459272097,0.9582971329278888,0.9165947065537043,181,"all","MLP#181","MLP",181
542,539,37,33,0.9426086956521739,0.9423076923076923,0.9426086956521739,0.9426086956521739,0.9393414211438474,0.9391833188531712,0.8783672803908189,182,"all","DT#182","DT",182
559,548,28,16,0.9721739130434782,0.9716312056737588,0.9721739130434782,0.9721739130434782,0.9621342512908777,0.9617723718505647,0.9235460710252834,182,"all","RF#182","RF",182
522,547,29,53,0.9496527777777778,0.9473684210526315,0.9496527777777778,0.9496527777777778,0.9302721088435374,0.9287576020851434,0.8575099339348045,182,"all","NB#182","NB",182
554,548,28,21,0.9634782608695652,0.9630931458699473,0.9634782608695652,0.9634782608695652,0.9576490924805532,0.9574283231972198,0.9148574818804752,182,"all","MLP#182","MLP",182
552,545,31,23,0.96,0.9595070422535211,0.96,0.96,0.9533678756476682,0.9530842745438749,0.9061696114781222,183,"all","DT#183","DT",183
556,559,17,19,0.9704861111111112,0.9703315881326352,0.9704861111111112,0.9704861111111112,0.9688041594454073,0.9687228496959166,0.9374454633015197,183,"all","RF#183","RF",183
523,519,57,52,0.9095652173913044,0.9089316987740805,0.9095652173913044,0.9095652173913044,0.9056277056277057,0.9052997393570807,0.8106007653927731,183,"all","NB#183","NB",183
556,558,18,19,0.96875,0.9686411149825784,0.96875,0.96875,0.9679098005203817,0.9678540399652477,0.9357079343416884,183,"all","MLP#183","MLP",183
545,543,33,30,0.9478260869565217,0.9476439790575916,0.9478260869565217,0.9478260869565217,0.9453599306157849,0.945264986967854,0.8905303870906381,184,"all","DT#184","DT",184
558,555,21,17,0.9704347826086956,0.9702797202797203,0.9704347826086956,0.9704347826086956,0.9670710571923744,0.9669852302345786,0.933970809355016,184,"all","RF#184","RF",184
501,536,40,74,0.9305555555555556,0.9260628465804066,0.9305555555555556,0.9305555555555556,0.9038785834738617,0.9009556907037359,0.801901063762331,184,"all","NB#184","NB",184
546,555,21,29,0.9635416666666666,0.9629629629629629,0.9635416666666666,0.9635416666666666,0.9568965517241379,0.9565595134665508,0.9131179120520778,184,"all","MLP#184","MLP",184
541,548,28,34,0.9513888888888888,0.9507908611599297,0.9513888888888888,0.9513888888888888,0.9464594127806563,0.946133796698523,0.8922665362307026,185,"all","DT#185","DT",185
560,559,17,15,0.9739130434782609,0.9738675958188153,0.9739130434782609,0.9739130434782609,0.9722222222222223,0.9721980886185926,0.9443963031512587,185,"all","RF#185","RF",185
519,534,42,56,0.9270833333333334,0.9251336898395722,0.9270833333333334,0.9270833333333334,0.9159519725557462,0.9148566463944396,0.8297095651176203,185,"all","NB#185","NB",185
555,560,16,20,0.9722222222222222,0.9719789842381786,0.9722222222222222,0.9722222222222222,0.9688581314878894,0.9687228496959166,0.9374452744279856,185,"all","MLP#185","MLP",185
539,547,29,36,0.9496527777777778,0.948943661971831,0.9496527777777778,0.9496527777777778,0.9439171699741156,0.9435273675065161,0.8870534561808474,186,"all","DT#186","DT",186
557,561,15,18,0.9739583333333334,0.9737762237762237,0.9739583333333334,0.9739583333333334,0.9714285714285714,0.9713292788879235,0.9426582547928206,186,"all","RF#186","RF",186
511,542,34,64,0.9409722222222222,0.9376146788990826,0.9409722222222222,0.9409722222222222,0.9170896785109983,0.9148566463944396,0.8297054516357927,186,"all","NB#186","NB",186
547,546,30,28,0.951304347826087,0.9512195121951219,0.951304347826087,0.951304347826087,0.9496527777777778,0.9496090356211989,0.8992182994616561,186,"all","MLP#186","MLP",186
548,536,40,27,0.9530434782608695,0.9520426287744227,0.9530434782608695,0.9530434782608695,0.942390369733448,0.9417897480451781,0.8835816929921364,187,"all","DT#187","DT",187
560,550,26,15,0.9739130434782609,0.9734513274336283,0.9739130434782609,0.9739130434782609,0.9646856158484065,0.9643788010425717,0.9287587313616471,187,"all","RF#187","RF",187
551,442,134,24,0.9582608695652174,0.9484978540772532,0.9582608695652174,0.9582608695652174,0.8746031746031746,0.8627280625543006,0.7255015018641227,187,"all","NB#187","NB",187
561,549,27,14,0.9756521739130435,0.9751332149200711,0.9756521739130435,0.9756521739130435,0.9647463456577816,0.9643788010425717,0.9287589464578745,187,"all","MLP#187","MLP",187
551,540,36,24,0.9582608695652174,0.9574468085106383,0.9582608695652174,0.9582608695652174,0.9483648881239243,0.947871416159861,0.8957446423072046,188,"all","DT#188","DT",188
560,547,29,15,0.9739130434782609,0.9733096085409253,0.9739130434782609,0.9739130434782609,0.9621993127147765,0.9617723718505647,0.9235463018595622,188,"all","RF#188","RF",188
464,558,18,111,0.96875,0.9626556016597511,0.96875,0.96875,0.8963855421686747,0.8879235447437012,0.7758154451032528,188,"all","NB#188","NB",188
560,547,29,15,0.9739130434782609,0.9733096085409253,0.9739130434782609,0.9739130434782609,0.9621993127147765,0.9617723718505647,0.9235463018595622,188,"all","MLP#188","MLP",188
556,550,26,19,0.9669565217391304,0.9666080843585237,0.9669565217391304,0.9669565217391304,0.9611063094209161,0.9609035621198957,0.9218078915228852,189,"all","DT#189","DT",189
566,557,19,9,0.9843478260869565,0.9840989399293286,0.9843478260869565,0.9843478260869565,0.9758620689655173,0.9756733275412685,0.951347352847934,189,"all","RF#189","RF",189
532,529,47,43,0.9252173913043479,0.9248251748251748,0.9252173913043479,0.9252173913043479,0.9220103986135182,0.9218071242397915,0.8436150747881958,189,"all","NB#189","NB",189
558,552,24,17,0.9704347826086956,0.9701230228471002,0.9704347826086956,0.9704347826086956,0.9645635263612791,0.9643788010425717,0.9287583011652956,189,"all","MLP#189","MLP",189
533,551,25,42,0.9565972222222222,0.9551971326164874,0.9565972222222222,0.9565972222222222,0.9426860564585116,0.9417897480451781,0.8835764202885642,190,"all","DT#190","DT",190
562,557,19,13,0.9773913043478261,0.9771929824561404,0.9773913043478261,0.9773913043478261,0.972318339100346,0.9721980886185926,0.9443966389193336,190,"all","RF#190","RF",190
527,539,37,48,0.9357638888888888,0.9343971631205674,0.9357638888888888,0.9357638888888888,0.9269131556319863,0.9261511728931364,0.8522997815483048,190,"all","NB#190","NB",190
546,555,21,29,0.9635416666666666,0.9629629629629629,0.9635416666666666,0.9635416666666666,0.9568965517241379,0.9565595134665508,0.9131179120520778,190,"all","MLP#190","MLP",190
538,547,29,37,0.9496527777777778,0.9488536155202821,0.9496527777777778,0.9496527777777778,0.9431034482758621,0.9426585577758471,0.8853156439087428,191,"all","DT#191","DT",191
560,555,21,15,0.9739130434782609,0.9736842105263158,0.9739130434782609,0.9739130434782609,0.9688581314878892,0.9687228496959166,0.9374462187842502,191,"all","RF#191","RF",191
524,539,37,51,0.9357638888888888,0.9340463458110517,0.9357638888888888,0.9357638888888888,0.9245283018867924,0.9235447437011295,0.8470861401056182,191,"all","NB#191","NB",191
555,553,23,20,0.9652173913043478,0.9650959860383944,0.9652173913043478,0.9652173913043478,0.9627059843885516,0.9626411815812337,0.9252826451571023,191,"all","MLP#191","MLP",191
546,553,23,29,0.9600694444444444,0.9595782073813708,0.9600694444444444,0.9600694444444444,0.9550949913644214,0.9548218940052129,0.9096429013547829,192,"all","DT#192","DT",192
558,563,13,17,0.9774305555555556,0.9772329246935202,0.9774305555555556,0.9774305555555556,0.9740484429065744,0.9739357080799305,0.9478710620233214,192,"all","RF#192","RF",192
526,544,32,49,0.9444444444444444,0.942652329749104,0.9444444444444444,0.9444444444444444,0.9307100085543198,0.9296264118158123,0.8592491051249804,192,"all","NB#192","NB",192
556,547,29,19,0.9669565217391304,0.9664310954063604,0.9669565217391304,0.9669565217391304,0.9586206896551723,0.9582971329278888,0.9165954620250297,192,"all","MLP#192","MLP",192
545,546,30,30,0.9479166666666666,0.9479166666666666,0.9479166666666666,0.9479166666666666,0.9479166666666666,0.947871416159861,0.8957427536231884,193,"all","DT#193","DT",193
560,550,26,15,0.9739130434782609,0.9734513274336283,0.9739130434782609,0.9739130434782609,0.9646856158484065,0.9643788010425717,0.9287587313616471,193,"all","RF#193","RF",193
520,536,40,55,0.9305555555555556,0.9285714285714286,0.9305555555555556,0.9305555555555556,0.9185946872322194,0.9174630755864466,0.8349222883972313,193,"all","NB#193","NB",193
557,547,29,18,0.9686956521739131,0.968141592920354,0.9686956521739131,0.9686956521739131,0.9595176571920758,0.9591659426585578,0.9183331798535955,193,"all","MLP#193","MLP",193
542,546,30,33,0.9479166666666666,0.9475524475524476,0.9479166666666666,0.9479166666666666,0.9454545454545454,0.945264986967854,0.8905293955135666,194,"all","DT#194","DT",194
560,554,22,15,0.9739130434782609,0.9736379613356766,0.9739130434782609,0.9739130434782609,0.9680207433016422,0.9678540399652477,0.9357087108077058,194,"all","RF#194","RF",194
496,557,19,79,0.9670138888888888,0.9631067961165048,0.9670138888888888,0.9670138888888888,0.9191419141914191,0.9148566463944396,0.8296977383217079,194,"all","NB#194","NB",194
551,551,25,24,0.9582608695652174,0.9582608695652174,0.9582608695652174,0.9582608695652174,0.9574283231972198,0.9574283231972198,0.9148567106631785,194,"all","MLP#194","MLP",194
541,553,23,34,0.9600694444444444,0.9592198581560284,0.9600694444444444,0.9600694444444444,0.9509888220120378,0.950477845351868,0.900953971155922,195,"all","DT#195","DT",195
558,553,23,17,0.9704347826086956,0.9701754385964912,0.9704347826086956,0.9704347826086956,0.9653979238754326,0.9652476107732406,0.9304957986491668,195,"all","RF#195","RF",195
503,540,36,72,0.9375,0.9332096474953617,0.9375,0.9375,0.9090909090909091,0.9061685490877498,0.8123267568889614,195,"all","NB#195","NB",195
553,554,22,22,0.9618055555555556,0.9618055555555556,0.9618055555555556,0.9618055555555556,0.9618055555555556,0.9617723718505647,0.9235446859903382,195,"all","MLP#195","MLP",195
539,539,37,36,0.9373913043478261,0.9373913043478261,0.9373913043478261,0.9373913043478261,0.9365768896611643,0.9365768896611643,0.8731538750696333,196,"all","DT#196","DT",196
556,553,23,19,0.9669565217391304,0.9667832167832168,0.9669565217391304,0.9669565217391304,0.9636048526863085,0.9635099913119027,0.9270203682344914,196,"all","RF#196","RF",196
525,536,40,50,0.9305555555555556,0.9292035398230089,0.9305555555555556,0.9305555555555556,0.9225473321858864,0.9218071242397915,0.8436117695013512,196,"all","NB#196","NB",196
552,555,21,23,0.9635416666666666,0.9633507853403142,0.9635416666666666,0.9635416666666666,0.9618717504332754,0.9617723718505647,0.9235444551463018,196,"all","MLP#196","MLP",196
551,535,41,24,0.9582608695652174,0.9570661896243292,0.9582608695652174,0.9582608695652174,0.9443016281062553,0.9435273675065161,0.8870575483419055,197,"all","DT#197","DT",197
563,549,27,12,0.9791304347826087,0.9786096256684492,0.9791304347826087,0.9791304347826087,0.9665236051502147,0.9661164205039097,0.9322343244038858,197,"all","RF#197","RF",197
539,512,64,36,0.9373913043478261,0.9343065693430657,0.9373913043478261,0.9373913043478261,0.9151103565365025,0.9131190269331017,0.826245267410194,197,"all","NB#197","NB",197
560,553,23,15,0.9739130434782609,0.9735915492957746,0.9739130434782609,0.9739130434782609,0.9671848013816926,0.9669852302345786,0.9339712080771971,197,"all","MLP#197","MLP",197
539,546,30,36,0.9479166666666666,0.9472759226713533,0.9479166666666666,0.9479166666666666,0.9430051813471502,0.9426585577758471,0.8853159901810704,198,"all","DT#198","DT",198
560,555,21,15,0.9739130434782609,0.9736842105263158,0.9739130434782609,0.9739130434782609,0.9688581314878892,0.9687228496959166,0.9374462187842502,198,"all","RF#198","RF",198
492,538,38,83,0.9340277777777778,0.9283018867924528,0.9340277777777778,0.9340277777777778,0.8989139515455306,0.894874022589053,0.7897336020713969,198,"all","NB#198","NB",198
564,554,22,11,0.9808695652173913,0.9805309734513274,0.9808695652173913,0.9808695652173913,0.9715762273901808,0.9713292788879235,0.9426594667057159,198,"all","MLP#198","MLP",198
548,541,35,27,0.9530434782608695,0.9524647887323944,0.9530434782608695,0.9530434782608695,0.9464594127806563,0.946133796698523,0.8922688131785849,199,"all","DT#199","DT",199
558,553,23,17,0.9704347826086956,0.9701754385964912,0.9704347826086956,0.9704347826086956,0.9653979238754326,0.9652476107732406,0.9304957986491668,199,"all","RF#199","RF",199
471,552,24,104,0.9583333333333334,0.9515151515151515,0.9583333333333334,0.9583333333333334,0.8961038961038961,0.8887923544743701,0.7775576760478319,199,"all","NB#199","NB",199
555,539,37,20,0.9652173913043478,0.964221824686941,0.9652173913043478,0.9652173913043478,0.9511568123393316,0.950477845351868,0.9009581577767479,199,"all","MLP#199","MLP",199
547,534,42,28,0.951304347826087,0.9501779359430605,0.951304347826087,0.951304347826087,0.9398625429553266,0.9391833188531712,0.878369116594758,200,"all","DT#200","DT",200
559,551,25,16,0.9721739130434782,0.9717813051146384,0.9721739130434782,0.9721739130434782,0.9646246764452113,0.9643788010425717,0.9287585162641208,200,"all","RF#200","RF",200
520,536,40,55,0.9305555555555556,0.9285714285714286,0.9305555555555556,0.9305555555555556,0.9185946872322194,0.9174630755864466,0.8349222883972313,200,"all","NB#200","NB",200
553,550,26,22,0.9617391304347827,0.9615384615384616,0.9617391304347827,0.9617391304347827,0.9584055459272097,0.9582971329278888,0.9165947065537043,200,"all","MLP#200","MLP",200
548,547,29,27,0.9530434782608695,0.9529616724738676,0.9530434782608695,0.9530434782608695,0.9513888888888888,0.9513466550825369,0.9026935305147025,201,"all","DT#201","DT",201
560,558,18,15,0.9739130434782609,0.9738219895287958,0.9739130434782609,0.9739130434782609,0.9713790112749351,0.9713292788879235,0.9426587741903344,201,"all","RF#201","RF",201
513,550,26,62,0.9548611111111112,0.9517625231910947,0.9548611111111112,0.9548611111111112,0.925925925925926,0.9235447437011295,0.8470810611687835,201,"all","NB#201","NB",201
545,546,30,30,0.9479166666666666,0.9479166666666666,0.9479166666666666,0.9479166666666666,0.9479166666666666,0.947871416159861,0.8957427536231884,201,"all","MLP#201","MLP",201
550,551,25,25,0.9565972222222222,0.9565972222222222,0.9565972222222222,0.9565972222222222,0.9565972222222222,0.9565595134665508,0.9131189613526569,202,"all","DT#202","DT",202
563,561,15,12,0.9791304347826087,0.9790575916230366,0.9791304347826087,0.9791304347826087,0.976582827406765,0.9765421372719374,0.9530844516102736,202,"all","RF#202","RF",202
536,537,39,39,0.9322916666666666,0.9322916666666666,0.9322916666666666,0.9322916666666666,0.9322916666666666,0.9322328410078193,0.864465579710145,202,"all","NB#202","NB",202
538,558,18,37,0.96875,0.9676258992805755,0.96875,0.96875,0.9530315969257045,0.952215464813206,0.9044281161446359,202,"all","MLP#202","MLP",202
554,549,27,21,0.9634782608695652,0.9631578947368421,0.9634782608695652,0.9634782608695652,0.9584775086505191,0.9582971329278888,0.9165949583790002,203,"all","DT#203","DT",203
559,554,22,16,0.9721739130434782,0.9719298245614035,0.9721739130434782,0.9721739130434782,0.9671280276816608,0.9669852302345786,0.9339710087167085,203,"all","RF#203","RF",203
511,543,33,64,0.9427083333333334,0.9393382352941176,0.9427083333333334,0.9427083333333334,0.9180050718512257,0.9157254561251086,0.8314428966331455,203,"all","NB#203","NB",203
547,550,26,28,0.9548611111111112,0.9546247818499127,0.9548611111111112,0.9548611111111112,0.9532062391681109,0.9530842745438749,0.9061681949522795,203,"all","MLP#203","MLP",203
543,555,21,32,0.9635416666666666,0.9627659574468085,0.9635416666666666,0.9635416666666666,0.9544282029234739,0.9539530842745438,0.9079045696712958,204,"all","DT#204","DT",204
557,558,18,18,0.96875,0.96875,0.96875,0.96875,0.96875,0.9687228496959166,0.9374456521739131,204,"all","RF#204","RF",204
461,556,20,114,0.9652777777777778,0.9584199584199584,0.9652777777777778,0.9652777777777778,0.8924558587479936,0.8835794960903562,0.7671257696593418,204,"all","NB#204","NB",204
558,549,27,17,0.9704347826086956,0.9699646643109541,0.9704347826086956,0.9704347826086956,0.9620689655172413,0.9617723718505647,0.9235458401896107,204,"all","MLP#204","MLP",204
553,546,30,22,0.9617391304347827,0.9612676056338029,0.9617391304347827,0.9617391304347827,0.9550949913644214,0.9548218940052129,0.9096448110530067,205,"all","DT#205","DT",205
565,552,24,10,0.9826086956521739,0.9822064056939501,0.9826086956521739,0.9826086956521739,0.9707903780068727,0.9704604691572546,0.9409221423460253,205,"all","RF#205","RF",205
531,534,42,44,0.9270833333333334,0.9267015706806283,0.9270833333333334,0.9270833333333334,0.9254766031195841,0.9252823631624674,0.850564162331408,205,"all","NB#205","NB",205
560,546,30,15,0.9739130434782609,0.9732620320855615,0.9739130434782609,0.9739130434782609,0.9613733905579399,0.9609035621198957,0.9218088358506372,205,"all","MLP#205","MLP",205
543,557,19,32,0.9670138888888888,0.9661921708185054,0.9670138888888888,0.9670138888888888,0.9562231759656652,0.9556907037358818,0.9113796013508719,206,"all","DT#206","DT",206
555,554,22,20,0.9652173913043478,0.9651567944250871,0.9652173913043478,0.9652173913043478,0.9635416666666666,0.9635099913119027,0.927020147886027,206,"all","RF#206","RF",206
497,547,29,78,0.9496527777777778,0.9448669201520913,0.9496527777777778,0.9496527777777778,0.9109075770191507,0.9070373588184187,0.8140608227359813,206,"all","NB#206","NB",206
547,554,22,28,0.9618055555555556,0.961335676625659,0.9618055555555556,0.9618055555555556,0.9568221070811744,0.9565595134665508,0.9131181743795987,206,"all","MLP#206","MLP",206
543,548,28,32,0.9513888888888888,0.9509632224168126,0.9513888888888888,0.9513888888888888,0.9480968858131488,0.947871416159861,0.8957421240466429,207,"all","DT#207","DT",207
559,550,26,16,0.9721739130434782,0.9717314487632509,0.9721739130434782,0.9721739130434782,0.9637931034482758,0.9635099913119027,0.9270210292719012,207,"all","RF#207","RF",207
516,541,35,59,0.9392361111111112,0.9364791288566243,0.9392361111111112,0.9392361111111112,0.9200680272108843,0.9183318853171155,0.8366577291447758,207,"all","NB#207","NB",207
550,549,27,25,0.9565217391304348,0.9564459930313589,0.9565217391304348,0.9565217391304348,0.954861111111111,0.9548218940052129,0.9096439926207953,207,"all","MLP#207","MLP",207
542,548,28,33,0.9513888888888888,0.9508771929824561,0.9513888888888888,0.9513888888888888,0.9472774416594641,0.947002606429192,0.8940043327621735,208,"all","DT#208","DT",208
553,558,18,22,0.96875,0.968476357267951,0.96875,0.96875,0.9653979238754326,0.9652476107732406,0.9304947493644284,208,"all","RF#208","RF",208
483,556,20,92,0.9652777777777778,0.9602385685884692,0.9652777777777778,0.9652777777777778,0.9084967320261438,0.9026933101650738,0.8053653174862001,208,"all","NB#208","NB",208
546,551,25,29,0.9565972222222222,0.9562171628721541,0.9565972222222222,0.9565972222222222,0.9532871972318339,0.9530842745438749,0.9061679116419785,208,"all","MLP#208","MLP",208
544,544,32,31,0.9460869565217391,0.9460869565217391,0.9460869565217391,0.9460869565217391,0.945264986967854,0.945264986967854,0.8905300565669436,209,"all","DT#209","DT",209
560,555,21,15,0.9739130434782609,0.9736842105263158,0.9739130434782609,0.9739130434782609,0.9688581314878892,0.9687228496959166,0.9374462187842502,209,"all","RF#209","RF",209
529,540,36,46,0.9375,0.9362831858407079,0.9375,0.9375,0.9294320137693632,0.9287576020851434,0.8575129455456755,209,"all","NB#209","NB",209
560,557,19,15,0.9739130434782609,0.9737762237762237,0.9739130434782609,0.9739130434782609,0.9705372616984401,0.9704604691572546,0.9409212504755406,209,"all","MLP#209","MLP",209
538,550,26,37,0.9548611111111112,0.9539007092198581,0.9548611111111112,0.9548611111111112,0.945829750644884,0.945264986967854,0.890528073382861,210,"all","DT#210","DT",210
563,550,26,12,0.9791304347826087,0.9786476868327402,0.9791304347826087,0.9791304347826087,0.9673539518900344,0.9669852302345786,0.93397180615144,210,"all","RF#210","RF",210
526,533,43,49,0.9253472222222222,0.9244288224956063,0.9253472222222222,0.9253472222222222,0.9205526770293609,0.9200695047784535,0.8401374408584619,210,"all","NB#210","NB",210
557,542,34,18,0.9686956521739131,0.9678571428571429,0.9686956521739131,0.9686956521739131,0.9554030874785591,0.9548218940052129,0.909645902272892,210,"all","MLP#210","MLP",210
543,542,34,32,0.9443478260869566,0.9442508710801394,0.9443478260869566,0.9443478260869566,0.9427083333333333,0.9426585577758471,0.8853173752494709,211,"all","DT#211","DT",211
561,557,19,14,0.9756521739130435,0.9754816112084063,0.9756521739130435,0.9756521739130435,0.9714285714285715,0.9713292788879235,0.9426589473207478,211,"all","RF#211","RF",211
501,547,29,74,0.9496527777777778,0.9452830188679245,0.9496527777777778,0.9496527777777778,0.913951545530493,0.9105125977410947,0.8210129009368089,211,"all","NB#211","NB",211
552,545,31,23,0.96,0.9595070422535211,0.96,0.96,0.9533678756476682,0.9530842745438749,0.9061696114781222,211,"all","MLP#211","MLP",211
547,551,25,28,0.9565972222222222,0.9562937062937062,0.9565972222222222,0.9565972222222222,0.954112554112554,0.9539530842745438,0.9079056819399846,212,"all","DT#212","DT",212
556,559,17,19,0.9704861111111112,0.9703315881326352,0.9704861111111112,0.9704861111111112,0.9688041594454073,0.9687228496959166,0.9374454633015197,212,"all","RF#212","RF",212
522,544,32,53,0.9444444444444444,0.9422382671480144,0.9444444444444444,0.9444444444444444,0.927536231884058,0.9261511728931364,0.8522975517037829,212,"all","NB#212","NB",212
557,557,19,18,0.9686956521739131,0.9686956521739131,0.9686956521739131,0.9686956521739131,0.9678540399652477,0.9678540399652477,0.9357081284599512,212,"all","MLP#212","MLP",212
554,535,41,21,0.9634782608695652,0.9622302158273381,0.9634782608695652,0.9634782608695652,0.9470085470085471,0.946133796698523,0.8922707647715951,213,"all","DT#213","DT",213
557,554,22,18,0.9686956521739131,0.9685314685314685,0.9686956521739131,0.9686956521739131,0.9653379549393415,0.9652476107732406,0.9304955887947536,213,"all","RF#213","RF",213
513,539,37,62,0.9357638888888888,0.9327272727272727,0.9357638888888888,0.9357638888888888,0.9158878504672897,0.9139878366637706,0.8279690507642951,213,"all","NB#213","NB",213
547,551,25,28,0.9565972222222222,0.9562937062937062,0.9565972222222222,0.9565972222222222,0.954112554112554,0.9539530842745438,0.9079056819399846,213,"all","MLP#213","MLP",213
551,544,32,24,0.9582608695652174,0.9577464788732394,0.9582608695652174,0.9582608695652174,0.9516407599309155,0.9513466550825369,0.9026944119032378,214,"all","DT#214","DT",214
559,547,29,16,0.9721739130434782,0.9715808170515098,0.9721739130434782,0.9721739130434782,0.9613069647463456,0.9609035621198957,0.9218085997708377,214,"all","RF#214","RF",214
524,518,58,51,0.9113043478260869,0.9103690685413005,0.9113043478260869,0.9113043478260869,0.9057908383751081,0.9052997393570807,0.8106013372443224,214,"all","NB#214","NB",214
547,547,29,28,0.951304347826087,0.951304347826087,0.951304347826087,0.951304347826087,0.9504778453518681,0.950477845351868,0.9009557654653301,214,"all","MLP#214","MLP",214
543,544,32,32,0.9444444444444444,0.9444444444444444,0.9444444444444444,0.9444444444444444,0.9444444444444444,0.944396177237185,0.888792270531401,215,"all","DT#215","DT",215
558,552,24,17,0.9704347826086956,0.9701230228471002,0.9704347826086956,0.9704347826086956,0.9645635263612791,0.9643788010425717,0.9287583011652956,215,"all","RF#215","RF",215
513,537,39,62,0.9322916666666666,0.9293478260869565,0.9322916666666666,0.9322916666666666,0.9140425531914894,0.9122502172024327,0.8244942079812555,215,"all","NB#215","NB",215
540,547,29,35,0.9496527777777778,0.9490333919156415,0.9496527777777778,0.9496527777777778,0.9447322970639033,0.944396177237185,0.8887912632058865,215,"all","MLP#215","MLP",215
549,555,21,26,0.9635416666666666,0.9631578947368421,0.9635416666666666,0.9635416666666666,0.9593777009507347,0.9591659426585578,0.9183312072101995,216,"all","DT#216","DT",216
557,557,19,18,0.9686956521739131,0.9686956521739131,0.9686956521739131,0.9686956521739131,0.9678540399652477,0.9678540399652477,0.9357081284599512,216,"all","RF#216","RF",216
480,555,21,95,0.9635416666666666,0.9580838323353293,0.9635416666666666,0.9635416666666666,0.9053833605220227,0.8992180712423979,0.7984134701038462,216,"all","NB#216","NB",216
545,559,17,30,0.9704861111111112,0.9697508896797153,0.9704861111111112,0.9704861111111112,0.959656652360515,0.9591659426585578,0.9183302208527644,216,"all","MLP#216","MLP",216
550,548,28,25,0.9565217391304348,0.956369982547993,0.9565217391304348,0.9565217391304348,0.9540329575021683,0.9539530842745438,0.9079065161238703,217,"all","DT#217","DT",217
565,559,17,10,0.9826086956521739,0.9824253075571178,0.9826086956521739,0.9826086956521739,0.9766637856525496,0.9765421372719374,0.953084734913731,217,"all","RF#217","RF",217
511,546,30,64,0.9479166666666666,0.944547134935305,0.9479166666666666,0.9479166666666666,0.9207419898819562,0.9183318853171155,0.8366552631022727,217,"all","NB#217","NB",217
559,558,18,16,0.9721739130434782,0.9721254355400697,0.9721739130434782,0.9721739130434782,0.9704861111111112,0.9704604691572546,0.9409210720982123,217,"all","MLP#217","MLP",217
540,541,35,35,0.9392361111111112,0.9392361111111112,0.9392361111111112,0.9392361111111112,0.9392361111111112,0.9391833188531712,0.8783665458937199,218,"all","DT#218","DT",218
556,556,20,19,0.9669565217391304,0.9669565217391304,0.9669565217391304,0.9669565217391304,0.9661164205039096,0.9661164205039097,0.932232892160489,218,"all","RF#218","RF",218
517,542,34,58,0.9409722222222222,0.9382940108892922,0.9409722222222222,0.9409722222222222,0.9217687074829931,0.9200695047784535,0.8401330966097805,218,"all","NB#218","NB",218
554,555,21,21,0.9635416666666666,0.9635416666666666,0.9635416666666666,0.9635416666666666,0.9635416666666666,0.9635099913119027,0.927019927536232,218,"all","MLP#218","MLP",218
536,549,27,39,0.953125,0.9520426287744227,0.953125,0.953125,0.9432989690721649,0.9426585577758471,0.8853149513578144,219,"all","DT#219","DT",219
561,557,19,14,0.9756521739130435,0.9754816112084063,0.9756521739130435,0.9756521739130435,0.9714285714285715,0.9713292788879235,0.9426589473207478,219,"all","RF#219","RF",219
513,552,24,62,0.9583333333333334,0.9553072625698324,0.9583333333333334,0.9583333333333334,0.9277310924369747,0.9252823631624674,0.8505560403525564,219,"all","NB#219","NB",219
555,553,23,20,0.9652173913043478,0.9650959860383944,0.9652173913043478,0.9652173913043478,0.9627059843885516,0.9626411815812337,0.9252826451571023,219,"all","MLP#219","MLP",219
552,553,23,23,0.9600694444444444,0.9600694444444444,0.9600694444444444,0.9600694444444444,0.9600694444444444,0.9600347523892268,0.9200694444444444,220,"all","DT#220","DT",220
565,554,22,10,0.9826086956521739,0.9822695035460993,0.9826086956521739,0.9826086956521739,0.972461273666093,0.9721980886185926,0.9443971425638426,220,"all","RF#220","RF",220
408,557,19,167,0.9670138888888888,0.955503512880562,0.9670138888888888,0.9670138888888888,0.8569230769230769,0.838401390095569,0.6767303081002397,220,"all","NB#220","NB",220
559,542,34,16,0.9721739130434782,0.9713261648745519,0.9721739130434782,0.9721739130434782,0.9571917808219178,0.9565595134665508,0.913121322186293,220,"all","MLP#220","MLP",220
545,540,36,30,0.9478260869565217,0.9473684210526315,0.9478260869565217,0.9478260869565217,0.9429065743944638,0.9426585577758471,0.8853180677711252,221,"all","DT#221","DT",221
558,554,22,17,0.9704347826086956,0.9702276707530648,0.9704347826086956,0.9704347826086956,0.9662337662337662,0.9661164205039097,0.9322333013790657,221,"all","RF#221","RF",221
527,538,38,48,0.9340277777777778,0.9327433628318584,0.9340277777777778,0.9340277777777778,0.9259896729776247,0.9252823631624674,0.8505623575235133,221,"all","NB#221","NB",221
556,547,29,19,0.9669565217391304,0.9664310954063604,0.9669565217391304,0.9669565217391304,0.9586206896551723,0.9582971329278888,0.9165954620250297,221,"all","MLP#221","MLP",221
546,536,40,29,0.9495652173913044,0.9486725663716814,0.9495652173913044,0.9495652173913044,0.9405684754521964,0.9400521285838401,0.8801061576574061,222,"all","DT#222","DT",222
564,550,26,11,0.9808695652173913,0.9803921568627451,0.9808695652173913,0.9808695652173913,0.9682403433476395,0.9678540399652477,0.9357094872549686,222,"all","RF#222","RF",222
504,545,31,71,0.9461805555555556,0.9420560747663551,0.9461805555555556,0.9461805555555556,0.9144295302013423,0.9113814074717637,0.8227519777764357,222,"all","NB#222","NB",222
546,551,25,29,0.9565972222222222,0.9562171628721541,0.9565972222222222,0.9565972222222222,0.9532871972318339,0.9530842745438749,0.9061679116419785,222,"all","MLP#222","MLP",222
547,541,35,28,0.951304347826087,0.9507908611599297,0.951304347826087,0.951304347826087,0.9455488331892826,0.945264986967854,0.8905310481320394,223,"all","DT#223","DT",223
558,553,23,17,0.9704347826086956,0.9701754385964912,0.9704347826086956,0.9704347826086956,0.9653979238754326,0.9652476107732406,0.9304957986491668,223,"all","RF#223","RF",223
501,549,27,74,0.953125,0.9488636363636364,0.953125,0.953125,0.9157631359466222,0.9122502172024327,0.8244878486245251,223,"all","NB#223","NB",223
566,540,36,9,0.9843478260869565,0.9836065573770492,0.9843478260869565,0.9843478260869565,0.961767204757859,0.9609035621198957,0.9218102522994985,223,"all","MLP#223","MLP",223
545,540,36,30,0.9478260869565217,0.9473684210526315,0.9478260869565217,0.9478260869565217,0.9429065743944638,0.9426585577758471,0.8853180677711252,224,"all","DT#224","DT",224
561,556,20,14,0.9756521739130435,0.9754385964912281,0.9756521739130435,0.9756521739130435,0.9705882352941178,0.9704604691572546,0.9409214288517919,224,"all","RF#224","RF",224
433,553,23,142,0.9600694444444444,0.9495614035087719,0.9600694444444444,0.9600694444444444,0.8701809598741149,0.8566463944396178,0.713241056288796,224,"all","NB#224","NB",224
546,551,25,29,0.9565972222222222,0.9562171628721541,0.9565972222222222,0.9565972222222222,0.9532871972318339,0.9530842745438749,0.9061679116419785,224,"all","MLP#224","MLP",224
547,539,37,28,0.951304347826087,0.9506172839506173,0.951304347826087,0.951304347826087,0.9439171699741157,0.9435273675065161,0.8870561843211672,225,"all","DT#225","DT",225
559,555,21,16,0.9721739130434782,0.9719789842381786,0.9721739130434782,0.9721739130434782,0.9679653679653679,0.9678540399652477,0.9357085166929598,225,"all","RF#225","RF",225
521,535,41,54,0.9288194444444444,0.9270462633451957,0.9288194444444444,0.9288194444444444,0.9184549356223176,0.9174630755864466,0.8349227868300556,225,"all","NB#225","NB",225
551,557,19,24,0.9670138888888888,0.9666666666666667,0.9670138888888888,0.9670138888888888,0.9628349178910977,0.9626411815812337,0.9252817427667781,225,"all","MLP#225","MLP",225
542,548,28,33,0.9513888888888888,0.9508771929824561,0.9513888888888888,0.9513888888888888,0.9472774416594641,0.947002606429192,0.8940043327621735,226,"all","DT#226","DT",226
558,562,14,17,0.9756944444444444,0.9755244755244755,0.9756944444444444,0.9756944444444444,0.9731601731601731,0.9730668983492615,0.9461335120781043,226,"all","RF#226","RF",226
495,552,24,80,0.9583333333333334,0.953757225433526,0.9583333333333334,0.9583333333333334,0.913907284768212,0.9096437880104257,0.8192721606899133,226,"all","NB#226","NB",226
554,551,25,21,0.9634782608695652,0.9632867132867133,0.9634782608695652,0.9634782608695652,0.9601386481802425,0.9600347523892268,0.9200699271139667,226,"all","MLP#226","MLP",226
545,545,31,30,0.9478260869565217,0.9478260869565217,0.9478260869565217,0.9478260869565217,0.9470026064291919,0.947002606429192,0.8940052928664057,227,"all","DT#227","DT",227
558,558,18,17,0.9704347826086956,0.9704347826086956,0.9704347826086956,0.9704347826086956,0.9695916594265855,0.9695916594265855,0.9391833647594131,227,"all","RF#227","RF",227
527,535,41,48,0.9288194444444444,0.9278169014084507,0.9288194444444444,0.9288194444444444,0.9232096635030197,0.9226759339704604,0.8453501169245448,227,"all","NB#227","NB",227
552,555,21,23,0.9635416666666666,0.9633507853403142,0.9635416666666666,0.9635416666666666,0.9618717504332754,0.9617723718505647,0.9235444551463018,227,"all","MLP#227","MLP",227
546,546,30,29,0.9495652173913044,0.9495652173913044,0.9495652173913044,0.9495652173913044,0.94874022589053,0.94874022589053,0.897480529165868,228,"all","DT#228","DT",228
559,554,22,16,0.9721739130434782,0.9719298245614035,0.9721739130434782,0.9721739130434782,0.9671280276816608,0.9669852302345786,0.9339710087167085,228,"all","RF#228","RF",228
503,541,35,72,0.9392361111111112,0.9349442379182156,0.9392361111111112,0.9392361111111112,0.9100084104289318,0.9070373588184187,0.814064191387502,228,"all","NB#228","NB",228
554,553,23,21,0.9634782608695652,0.9634146341463414,0.9634782608695652,0.9634782608695652,0.9618055555555556,0.9617723718505647,0.9235449168329806,228,"all","MLP#228","MLP",228
547,541,35,28,0.951304347826087,0.9507908611599297,0.951304347826087,0.951304347826087,0.9455488331892826,0.945264986967854,0.8905310481320394,229,"all","DT#229","DT",229
561,557,19,14,0.9756521739130435,0.9754816112084063,0.9756521739130435,0.9756521739130435,0.9714285714285715,0.9713292788879235,0.9426589473207478,229,"all","RF#229","RF",229
521,526,50,54,0.9131944444444444,0.9124343257443083,0.9131944444444444,0.9131944444444444,0.9100346020761245,0.9096437880104257,0.8192863483475141,229,"all","NB#229","NB",229
564,546,30,11,0.9808695652173913,0.9802513464991023,0.9808695652173913,0.9808695652173913,0.9649272882805817,0.9643788010425717,0.9287595917387635,229,"all","MLP#229","MLP",229
551,538,38,24,0.9582608695652174,0.9572953736654805,0.9582608695652174,0.9582608695652174,0.9467353951890034,0.946133796698523,0.8922697889839285,230,"all","DT#230","DT",230
557,549,27,18,0.9686956521739131,0.9682539682539683,0.9686956521739131,0.9686956521739131,0.9611734253666955,0.9609035621198957,0.9218081276069617,230,"all","RF#230","RF",230
523,537,39,52,0.9322916666666666,0.9306049822064056,0.9322916666666666,0.9322916666666666,0.9218884120171674,0.9209383145091226,0.8418734063319481,230,"all","NB#230","NB",230
556,540,36,19,0.9669565217391304,0.9660107334525939,0.9669565217391304,0.9669565217391304,0.9528706083976006,0.952215464813206,0.9044333101354586,230,"all","MLP#230","MLP",230
535,550,26,40,0.9548611111111112,0.9536541889483066,0.9548611111111112,0.9548611111111112,0.9433962264150944,0.9426585577758471,0.8853146050792136,231,"all","DT#231","DT",231
560,558,18,15,0.9739130434782609,0.9738219895287958,0.9739130434782609,0.9739130434782609,0.9713790112749351,0.9713292788879235,0.9426587741903344,231,"all","RF#231","RF",231
525,544,32,50,0.9444444444444444,0.9425493716337523,0.9444444444444444,0.9444444444444444,0.9299145299145299,0.9287576020851434,0.8575112246407662,231,"all","NB#231","NB",231
558,554,22,17,0.9704347826086956,0.9702276707530648,0.9704347826086956,0.9704347826086956,0.9662337662337662,0.9661164205039097,0.9322333013790657,231,"all","MLP#231","MLP",231
548,544,32,27,0.9530434782608695,0.9527145359019265,0.9530434782608695,0.9530434782608695,0.9489177489177489,0.94874022589053,0.897481148240125,232,"all","DT#232","DT",232
561,550,26,14,0.9756521739130435,0.975177304964539,0.9756521739130435,0.9756521739130435,0.9655765920826161,0.9652476107732406,0.9304964282048029,232,"all","RF#232","RF",232
500,535,41,75,0.9288194444444444,0.9242144177449169,0.9288194444444444,0.9288194444444444,0.9021922428330522,0.8992180712423979,0.7984256438283367,232,"all","NB#232","NB",232
557,545,31,18,0.9686956521739131,0.9680284191829485,0.9686956521739131,0.9686956521739131,0.9578675838349098,0.9574283231972198,0.9148582530838012,232,"all","MLP#232","MLP",232
554,541,35,21,0.9634782608695652,0.9626334519572953,0.9634782608695652,0.9634782608695652,0.9518900343642612,0.9513466550825369,0.9026952932758063,233,"all","DT#233","DT",233
557,548,28,18,0.9686956521739131,0.9681978798586572,0.9686956521739131,0.9686956521739131,0.9603448275862069,0.9600347523892268,0.9200706511073202,233,"all","RF#233","RF",233
532,513,63,43,0.9252173913043479,0.9226618705035972,0.9252173913043479,0.9252173913043479,0.9094017094017094,0.9079061685490878,0.8158177591256303,233,"all","NB#233","NB",233
550,538,38,25,0.9565217391304348,0.955595026642984,0.9565217391304348,0.9565217391304348,0.945829750644884,0.945264986967854,0.8905320396791729,233,"all","MLP#233","MLP",233
544,550,26,31,0.9548611111111112,0.9543859649122807,0.9548611111111112,0.9548611111111112,0.9507346585998272,0.950477845351868,0.9009548683187525,234,"all","DT#234","DT",234
558,555,21,17,0.9704347826086956,0.9702797202797203,0.9704347826086956,0.9704347826086956,0.9670710571923744,0.9669852302345786,0.933970809355016,234,"all","RF#234","RF",234
522,548,28,53,0.9513888888888888,0.9490909090909091,0.9513888888888888,0.9513888888888888,0.931180968564146,0.9296264118158123,0.8592474051707869,234,"all","NB#234","NB",234
551,549,27,24,0.9582608695652174,0.9581151832460733,0.9582608695652174,0.9582608695652174,0.9557675628794449,0.9556907037358818,0.9113817419305167,234,"all","MLP#234","MLP",234
542,550,26,33,0.9548611111111112,0.954225352112676,0.9548611111111112,0.9548611111111112,0.9490940465918896,0.94874022589053,0.897479290994923,235,"all","DT#235","DT",235
557,555,21,18,0.9686956521739131,0.9685863874345549,0.9686956521739131,0.9686956521739131,0.966175195143105,0.9661164205039097,0.9322330967703952,235,"all","RF#235","RF",235
514,549,27,61,0.953125,0.9500924214417745,0.953125,0.953125,0.9258010118043845,0.9235447437011295,0.8470815229042554,235,"all","NB#235","NB",235
558,546,30,17,0.9704347826086956,0.9698046181172292,0.9704347826086956,0.9704347826086956,0.9595872742906276,0.9591659426585578,0.9183334264273196,235,"all","MLP#235","MLP",235
553,536,40,22,0.9617391304347827,0.9605734767025089,0.9617391304347827,0.9617391304347827,0.9469178082191781,0.946133796698523,0.8922704395110036,236,"all","DT#236","DT",236
564,554,22,11,0.9808695652173913,0.9805309734513274,0.9808695652173913,0.9808695652173913,0.9715762273901808,0.9713292788879235,0.9426594667057159,236,"all","RF#236","RF",236
500,549,27,75,0.953125,0.9487666034155597,0.953125,0.953125,0.9149999999999999,0.9113814074717637,0.822749836944706,236,"all","NB#236","NB",236
560,537,39,15,0.9739130434782609,0.9728260869565217,0.9739130434782609,0.9739130434782609,0.9540034071550256,0.9530842745438749,0.9061718778305135,236,"all","MLP#236","MLP",236
547,545,31,28,0.951304347826087,0.9511343804537522,0.951304347826087,0.951304347826087,0.9488291413703382,0.94874022589053,0.8974808387039311,237,"all","DT#237","DT",237
559,556,20,16,0.9721739130434782,0.972027972027972,0.9721739130434782,0.9721739130434782,0.9688041594454073,0.9687228496959166,0.9374460299152783,237,"all","RF#237","RF",237
517,543,33,58,0.9427083333333334,0.94,0.9427083333333334,0.9427083333333334,0.9226847918436704,0.9209383145091226,0.841870541611625,237,"all","NB#237","NB",237
554,554,22,21,0.9634782608695652,0.9634782608695652,0.9634782608695652,0.9634782608695652,0.9626411815812338,0.9626411815812337,0.9252824195615648,237,"all","MLP#237","MLP",237
550,540,36,25,0.9565217391304348,0.9557522123893806,0.9565217391304348,0.9565217391304348,0.9474590869939706,0.947002606429192,0.8940068930014748,238,"all","DT#238","DT",238
561,553,23,14,0.9756521739130435,0.9753086419753086,0.9756521739130435,0.9756521739130435,0.9680759275237273,0.9678540399652477,0.9357089049212799,238,"all","RF#238","RF",238
516,546,30,59,0.9479166666666666,0.945054945054945,0.9479166666666666,0.9479166666666666,0.9246401354784081,0.9226759339704604,0.8453449803810855,238,"all","NB#238","NB",238
558,546,30,17,0.9704347826086956,0.9698046181172292,0.9704347826086956,0.9704347826086956,0.9595872742906276,0.9591659426585578,0.9183334264273196,238,"all","MLP#238","MLP",238
554,549,27,21,0.9634782608695652,0.9631578947368421,0.9634782608695652,0.9634782608695652,0.9584775086505191,0.9582971329278888,0.9165949583790002,239,"all","DT#239","DT",239
560,565,11,15,0.9809027777777778,0.9807355516637478,0.9809027777777778,0.9809027777777778,0.9775086505190311,0.9774109470026064,0.9548215870868786,239,"all","RF#239","RF",239
504,551,25,71,0.9565972222222222,0.9527410207939508,0.9565972222222222,0.9565972222222222,0.9198664440734557,0.9165942658557776,0.8331768208541053,239,"all","NB#239","NB",239
551,555,21,24,0.9635416666666666,0.9632867132867133,0.9635416666666666,0.9635416666666666,0.961038961038961,0.9609035621198957,0.921806711081119,239,"all","MLP#239","MLP",239
544,548,28,31,0.9513888888888888,0.951048951048951,0.9513888888888888,0.9513888888888888,0.9489177489177488,0.94874022589053,0.8974799100841339,240,"all","DT#240","DT",240
557,563,13,18,0.9774305555555556,0.9771929824561404,0.9774305555555556,0.9774305555555556,0.9732065687121868,0.9730668983492615,0.9461333494365145,240,"all","RF#240","RF",240
547,492,84,28,0.951304347826087,0.9461538461538461,0.951304347826087,0.951304347826087,0.9071310116086235,0.9026933101650738,0.8054029248735011,240,"all","NB#240","NB",240
554,545,31,21,0.9634782608695652,0.9628975265017667,0.9634782608695652,0.9634782608695652,0.9551724137931035,0.9548218940052129,0.9096450838604491,240,"all","MLP#240","MLP",240
537,543,33,38,0.9427083333333334,0.9421052631578948,0.9427083333333334,0.9427083333333334,0.9386343993085566,0.9383145091225021,0.8766279938707265,241,"all","DT#241","DT",241
551,557,19,24,0.9670138888888888,0.9666666666666667,0.9670138888888888,0.9670138888888888,0.9628349178910977,0.9626411815812337,0.9252817427667781,241,"all","RF#241","RF",241
515,538,38,60,0.9340277777777778,0.9312839059674503,0.9340277777777778,0.9340277777777778,0.9165247018739352,0.9148566463944396,0.8297075084015472,241,"all","NB#241","NB",241
545,556,20,30,0.9652777777777778,0.9646017699115044,0.9652777777777778,0.9652777777777778,0.9569707401032702,0.9565595134665508,0.9131176497229728,241,"all","MLP#241","MLP",241
541,552,24,34,0.9583333333333334,0.9575221238938053,0.9583333333333334,0.9583333333333334,0.9500860585197936,0.9496090356211989,0.8992164736786484,242,"all","DT#242","DT",242
557,563,13,18,0.9774305555555556,0.9771929824561404,0.9774305555555556,0.9774305555555556,0.9732065687121868,0.9730668983492615,0.9461333494365145,242,"all","RF#242","RF",242
515,551,25,60,0.9565972222222222,0.9537037037037037,0.9565972222222222,0.9565972222222222,0.928390901432182,0.9261511728931364,0.8522944298083384,242,"all","NB#242","NB",242
552,561,15,23,0.9739583333333334,0.9735449735449735,0.9739583333333334,0.9739583333333334,0.9672413793103448,0.9669852302345786,0.9339696131595792,242,"all","MLP#242","MLP",242
541,554,22,34,0.9618055555555556,0.9609236234458259,0.9618055555555556,0.9618055555555556,0.9518900343642612,0.9513466550825369,0.9026914738793577,243,"all","DT#243","DT",243
561,557,19,14,0.9756521739130435,0.9754816112084063,0.9756521739130435,0.9756521739130435,0.9714285714285715,0.9713292788879235,0.9426589473207478,243,"all","RF#243","RF",243
505,556,20,70,0.9652777777777778,0.9619047619047619,0.9652777777777778,0.9652777777777778,0.9251247920133111,0.9218071242397915,0.8436023250547294,243,"all","NB#243","NB",243
545,554,22,30,0.9618055555555556,0.9611992945326279,0.9618055555555556,0.9618055555555556,0.9551724137931035,0.9548218940052129,0.9096426285341611,243,"all","MLP#243","MLP",243
540,551,25,35,0.9565972222222222,0.9557522123893806,0.9565972222222222,0.9565972222222222,0.9483648881239243,0.947871416159861,0.8957411796675675,244,"all","DT#244","DT",244
553,560,16,22,0.9722222222222222,0.9718804920913884,0.9722222222222222,0.9722222222222222,0.9671848013816926,0.9669852302345786,0.9339698125284951,244,"all","RF#244","RF",244
527,519,57,48,0.9165217391304348,0.9153439153439153,0.9165217391304348,0.9165217391304348,0.9094046591889561,0.9087749782797567,0.8175522977495776,244,"all","NB#244","NB",244
543,542,34,32,0.9443478260869566,0.9442508710801394,0.9443478260869566,0.9443478260869566,0.9427083333333333,0.9426585577758471,0.8853173752494709,244,"all","MLP#244","MLP",244
550,545,31,25,0.9565217391304348,0.956140350877193,0.9565217391304348,0.9565217391304348,0.9515570934256056,0.9513466550825369,0.9026941181088335,245,"all","DT#245","DT",245
563,556,20,12,0.9791304347826087,0.9788732394366197,0.9791304347826087,0.9791304347826087,0.9723661485319517,0.9721980886185926,0.9443968068018503,245,"all","RF#245","RF",245
492,552,24,83,0.9583333333333334,0.9534883720930233,0.9583333333333334,0.9583333333333334,0.911643270024773,0.9070373588184187,0.8140580154331378,245,"all","NB#245","NB",245
553,553,23,22,0.9617391304347827,0.9617391304347827,0.9617391304347827,0.9617391304347827,0.9609035621198958,0.9609035621198957,0.9218071832621025,245,"all","MLP#245","MLP",245
541,537,39,34,0.9408695652173913,0.9404553415061296,0.9408695652173913,0.9408695652173913,0.9367965367965368,0.9365768896611643,0.8731546410428667,246,"all","DT#246","DT",246
560,550,26,15,0.9739130434782609,0.9734513274336283,0.9739130434782609,0.9739130434782609,0.9646856158484065,0.9643788010425717,0.9287587313616471,246,"all","RF#246","RF",246
529,524,52,46,0.92,0.9192982456140351,0.92,0.92,0.9152249134948098,0.9148566463944396,0.8297147066904588,246,"all","NB#246","NB",246
551,557,19,24,0.9670138888888888,0.9666666666666667,0.9670138888888888,0.9670138888888888,0.9628349178910977,0.9626411815812337,0.9252817427667781,246,"all","MLP#246","MLP",246
542,546,30,33,0.9479166666666666,0.9475524475524476,0.9479166666666666,0.9479166666666666,0.9454545454545454,0.945264986967854,0.8905293955135666,247,"all","DT#247","DT",247
566,561,15,9,0.9843478260869565,0.9842105263157894,0.9843478260869565,0.9843478260869565,0.9792387543252595,0.9791485664639444,0.9582974791895001,247,"all","RF#247","RF",247
528,540,36,47,0.9375,0.9361702127659575,0.9375,0.9375,0.9286328460877042,0.9278887923544744,0.8557750808059917,247,"all","NB#247","NB",247
556,549,27,19,0.9669565217391304,0.9665492957746479,0.9669565217391304,0.9669565217391304,0.9602763385146803,0.9600347523892268,0.9200704097776596,247,"all","MLP#247","MLP",247
544,554,22,31,0.9618055555555556,0.9611307420494699,0.9618055555555556,0.9618055555555556,0.954349698535745,0.9539530842745438,0.9079048477409868,248,"all","DT#248","DT",248
559,562,14,16,0.9756944444444444,0.9755671902268761,0.9756944444444444,0.9756944444444444,0.9740034662045061,0.9739357080799305,0.947871219417933,248,"all","RF#248","RF",248
515,529,47,60,0.9184027777777778,0.9163701067615658,0.9184027777777778,0.9184027777777778,0.9081545064377682,0.9070373588184187,0.8140709283243783,248,"all","NB#248","NB",248
549,555,21,26,0.9635416666666666,0.9631578947368421,0.9635416666666666,0.9635416666666666,0.9593777009507347,0.9591659426585578,0.9183312072101995,248,"all","MLP#248","MLP",248
555,543,33,20,0.9652173913043478,0.9644760213143873,0.9652173913043478,0.9652173913043478,0.9544282029234736,0.9539530842745438,0.9079079063967646,249,"all","DT#249","DT",249
565,559,17,10,0.9826086956521739,0.9824253075571178,0.9826086956521739,0.9826086956521739,0.9766637856525496,0.9765421372719374,0.953084734913731,249,"all","RF#249","RF",249
549,484,92,26,0.9547826086956521,0.9490196078431372,0.9547826086956521,0.9547826086956521,0.9029605263157895,0.89748045178106,0.7949811763924487,249,"all","NB#249","NB",249
555,558,18,20,0.96875,0.9685863874345549,0.96875,0.96875,0.9670710571923744,0.9669852302345786,0.9339702112627152,249,"all","MLP#249","MLP",249
540,538,38,35,0.9391304347826087,0.9389179755671903,0.9391304347826087,0.9391304347826087,0.9366869037294016,0.9365768896611643,0.8731542580574063,250,"all","DT#250","DT",250
555,548,28,20,0.9652173913043478,0.9647887323943662,0.9652173913043478,0.9652173913043478,0.9585492227979274,0.9582971329278888,0.9165952102027752,250,"all","RF#250","RF",250
479,551,25,96,0.9565972222222222,0.9503968253968254,0.9565972222222222,0.9565972222222222,0.9010629599345871,0.894874022589053,0.7897253479766099,250,"all","NB#250","NB",250
560,548,28,15,0.9739130434782609,0.9733570159857904,0.9739130434782609,0.9739130434782609,0.9630266552020637,0.9626411815812337,0.9252837731143561,250,"all","MLP#250","MLP",250
544,548,28,31,0.9513888888888888,0.951048951048951,0.9513888888888888,0.9513888888888888,0.9489177489177488,0.94874022589053,0.8974799100841339,251,"all","DT#251","DT",251
564,553,23,11,0.9808695652173913,0.9804964539007093,0.9808695652173913,0.9808695652173913,0.9707401032702239,0.9704604691572546,0.9409219639740827,251,"all","RF#251","RF",251
507,548,28,68,0.9513888888888888,0.9476635514018692,0.9513888888888888,0.9513888888888888,0.9194630872483223,0.9165942658557776,0.8331783320248809,251,"all","NB#251","NB",251
559,557,19,16,0.9721739130434782,0.9720767888307156,0.9721739130434782,0.9721739130434782,0.9696444058976583,0.9695916594265855,0.9391835483836879,251,"all","MLP#251","MLP",251
538,544,32,37,0.9444444444444444,0.9438596491228071,0.9444444444444444,0.9444444444444444,0.940363007778738,0.9400521285838401,0.880103261649016,252,"all","DT#252","DT",252
549,551,25,26,0.9565972222222222,0.9564459930313589,0.9565972222222222,0.9565972222222222,0.9557675628794449,0.9556907037358818,0.9113812067953001,252,"all","RF#252","RF",252
521,529,47,54,0.9184027777777778,0.9172535211267606,0.9184027777777778,0.9184027777777778,0.912855910267472,0.9122502172024327,0.8244984472963937,252,"all","NB#252","NB",252
553,557,19,22,0.9670138888888888,0.9667832167832168,0.9670138888888888,0.9670138888888888,0.9645021645021645,0.9643788010425717,0.9287572256516863,252,"all","MLP#252","MLP",252
553,552,24,22,0.9617391304347827,0.9616724738675958,0.9617391304347827,0.9617391304347827,0.9600694444444445,0.9600347523892268,0.9200696857799342,253,"all","DT#253","DT",253
559,556,20,16,0.9721739130434782,0.972027972027972,0.9721739130434782,0.9721739130434782,0.9688041594454073,0.9687228496959166,0.9374460299152783,253,"all","RF#253","RF",253
508,556,20,67,0.9652777777777778,0.9621212121212122,0.9652777777777778,0.9652777777777778,0.9274395329441202,0.9244135534317984,0.8488162656468681,253,"all","NB#253","NB",253
551,550,26,24,0.9582608695652174,0.9581881533101045,0.9582608695652174,0.9582608695652174,0.9565972222222223,0.9565595134665508,0.9131192236738415,253,"all","MLP#253","MLP",253
543,542,34,32,0.9443478260869566,0.9442508710801394,0.9443478260869566,0.9443478260869566,0.9427083333333333,0.9426585577758471,0.8853173752494709,254,"all","DT#254","DT",254
558,561,15,17,0.9739583333333334,0.9738219895287958,0.9739583333333334,0.9739583333333334,0.9722703639514731,0.9721980886185926,0.9443959673791287,254,"all","RF#254","RF",254
530,545,31,45,0.9461805555555556,0.9447415329768271,0.9461805555555556,0.9461805555555556,0.9348198970840481,0.9339704604691572,0.8679380300912156,254,"all","NB#254","NB",254
555,556,20,20,0.9652777777777778,0.9652777777777778,0.9652777777777778,0.9652777777777778,0.9652777777777778,0.9652476107732406,0.9304951690821255,254,"all","MLP#254","MLP",254
546,547,29,29,0.9496527777777778,0.9496527777777778,0.9496527777777778,0.9496527777777778,0.9496527777777778,0.9496090356211989,0.8992179951690821,255,"all","DT#255","DT",255
558,552,24,17,0.9704347826086956,0.9701230228471002,0.9704347826086956,0.9704347826086956,0.9645635263612791,0.9643788010425717,0.9287583011652956,255,"all","RF#255","RF",255
526,536,40,49,0.9305555555555556,0.9293286219081273,0.9305555555555556,0.9305555555555556,0.9233419465977605,0.9226759339704604,0.8453496499801476,255,"all","NB#255","NB",255
556,545,31,19,0.9669565217391304,0.9663120567375887,0.9669565217391304,0.9669565217391304,0.9569707401032701,0.9565595134665508,0.9131205352560037,255,"all","MLP#255","MLP",255
547,549,27,28,0.953125,0.9529616724738676,0.953125,0.953125,0.9522983521248916,0.952215464813206,0.9044307132106179,256,"all","DT#256","DT",256
565,556,20,10,0.9826086956521739,0.9823321554770318,0.9826086956521739,0.9826086956521739,0.9741379310344828,0.9739357080799305,0.9478721637656435,256,"all","RF#256","RF",256
500,551,25,75,0.9565972222222222,0.9523809523809523,0.9565972222222222,0.9565972222222222,0.9168053244592347,0.9131190269331017,0.826224805616366,256,"all","NB#256","NB",256
553,551,25,22,0.9617391304347827,0.9616055846422339,0.9617391304347827,0.9617391304347827,0.9592367736339984,0.9591659426585578,0.9183321935438096,256,"all","MLP#256","MLP",256
552,539,37,23,0.96,0.9590747330960854,0.96,0.96,0.9484536082474226,0.947871416159861,0.8957449570812211,257,"all","DT#257","DT",257
561,553,23,14,0.9756521739130435,0.9753086419753086,0.9756521739130435,0.9756521739130435,0.9680759275237273,0.9678540399652477,0.9357089049212799,257,"all","RF#257","RF",257
498,552,24,77,0.9583333333333334,0.9540229885057471,0.9583333333333334,0.9583333333333334,0.9161825726141078,0.9122502172024327,0.8244862587133331,257,"all","NB#257","NB",257
560,552,24,15,0.9739130434782609,0.9735449735449735,0.9739130434782609,0.9739130434782609,0.9663503019844694,0.9661164205039097,0.9322337105927003,257,"all","MLP#257","MLP",257
553,548,28,22,0.9617391304347827,0.9614035087719298,0.9617391304347827,0.9617391304347827,0.9567474048442908,0.9565595134665508,0.9131197483114584,258,"all","DT#258","DT",258
565,564,12,10,0.9826086956521739,0.9825783972125436,0.9826086956521739,0.9826086956521739,0.9809027777777779,0.9808861859252823,0.9617724584164902,258,"all","RF#258","RF",258
506,558,18,69,0.96875,0.9656488549618321,0.96875,0.96875,0.9276807980049875,0.9244135534317984,0.8488153526313167,258,"all","NB#258","NB",258
564,556,20,11,0.9808695652173913,0.9805996472663139,0.9808695652173913,0.9808695652173913,0.9732528041415013,0.9730668983492615,0.9461344879070182,258,"all","MLP#258","MLP",258
549,543,33,26,0.9547826086956521,0.9543057996485061,0.9547826086956521,0.9547826086956521,0.9490060501296457,0.94874022589053,0.8974814577744498,259,"all","DT#259","DT",259
556,559,17,19,0.9704861111111112,0.9703315881326352,0.9704861111111112,0.9704861111111112,0.9688041594454073,0.9687228496959166,0.9374454633015197,259,"all","RF#259","RF",259
508,537,39,67,0.9322916666666666,0.9287020109689214,0.9322916666666666,0.9322916666666666,0.9101694915254238,0.9079061685490878,0.8158044120222474,259,"all","NB#259","NB",259
553,554,22,22,0.9618055555555556,0.9618055555555556,0.9618055555555556,0.9618055555555556,0.9618055555555556,0.9617723718505647,0.9235446859903382,259,"all","MLP#259","MLP",259
547,557,19,28,0.9670138888888888,0.9664310954063604,0.9670138888888888,0.9670138888888888,0.9595176571920758,0.9591659426585578,0.9183307140344601,260,"all","DT#260","DT",260
564,560,16,11,0.9808695652173913,0.9807355516637478,0.9808695652173913,0.9808695652173913,0.9766233766233766,0.9765421372719374,0.95308459326243,260,"all","RF#260","RF",260
496,552,24,79,0.9583333333333334,0.9538461538461539,0.9583333333333334,0.9583333333333334,0.9146644573322287,0.9105125977410947,0.8210101986125056,260,"all","NB#260","NB",260
562,553,23,13,0.9773913043478261,0.9770318021201413,0.9773913043478261,0.9773913043478261,0.9689655172413794,0.9687228496959166,0.9374465965187724,260,"all","MLP#260","MLP",260
554,531,45,21,0.9634782608695652,0.9619565217391305,0.9634782608695652,0.9634782608695652,0.9437819420783645,0.9426585577758471,0.8853211840150719,261,"all","DT#261","DT",261
563,550,26,12,0.9791304347826087,0.9786476868327402,0.9791304347826087,0.9791304347826087,0.9673539518900344,0.9669852302345786,0.93397180615144,261,"all","RF#261","RF",261
518,537,39,57,0.9322916666666666,0.9299820466786356,0.9322916666666666,0.9322916666666666,0.9179487179487179,0.9165942658557776,0.8331838727501654,261,"all","NB#261","NB",261
562,550,26,13,0.9773913043478261,0.9769094138543517,0.9773913043478261,0.9773913043478261,0.9664660361134996,0.9661164205039097,0.9322341198013928,261,"all","MLP#261","MLP",261
550,536,40,25,0.9565217391304348,0.9554367201426025,0.9565217391304348,0.9565217391304348,0.944206008583691,0.9435273675065161,0.8870572073398096,262,"all","DT#262","DT",262
564,546,30,11,0.9808695652173913,0.9802513464991023,0.9808695652173913,0.9808695652173913,0.9649272882805817,0.9643788010425717,0.9287595917387635,262,"all","RF#262","RF",262
539,523,53,36,0.9373913043478261,0.9355992844364938,0.9373913043478261,0.9373913043478261,0.9237360754070266,0.9226759339704604,0.8453557200373782,262,"all","NB#262","NB",262
553,548,28,22,0.9617391304347827,0.9614035087719298,0.9617391304347827,0.9617391304347827,0.9567474048442908,0.9565595134665508,0.9131197483114584,262,"all","MLP#262","MLP",262
534,549,27,41,0.953125,0.9518716577540107,0.953125,0.953125,0.9416809605488851,0.9409209383145091,0.881839290081614,263,"all","DT#263","DT",263
560,560,16,15,0.9739130434782609,0.9739130434782609,0.9739130434782609,0.9739130434782609,0.9730668983492615,0.9730668983492615,0.9461338373583374,263,"all","RF#263","RF",263
551,432,144,24,0.9582608695652174,0.9473684210526315,0.9582608695652174,0.9582608695652174,0.8677165354330709,0.8540399652476107,0.7081325846766889,263,"all","NB#263","NB",263
546,556,20,29,0.9652777777777778,0.9646643109540636,0.9652777777777778,0.9652777777777778,0.9577950043066321,0.9574283231972198,0.914855425269969,263,"all","MLP#263","MLP",263
548,545,31,27,0.9530434782608695,0.9527972027972028,0.9530434782608695,0.9530434782608695,0.9497400346620449,0.9496090356211989,0.8992186037523927,264,"all","DT#264","DT",264
560,561,15,15,0.9739583333333334,0.9739583333333334,0.9739583333333334,0.9739583333333334,0.9739583333333334,0.9739357080799305,0.9478713768115942,264,"all","RF#264","RF",264
516,540,36,59,0.9375,0.9347826086956522,0.9375,0.9375,0.9191489361702128,0.9174630755864466,0.8349202946358343,264,"all","NB#264","NB",264
558,559,17,17,0.9704861111111112,0.9704861111111112,0.9704861111111112,0.9704861111111112,0.9704861111111112,0.9704604691572546,0.9409208937198068,264,"all","MLP#264","MLP",264
542,535,41,33,0.9426086956521739,0.9419014084507042,0.9426086956521739,0.9426086956521739,0.9360967184801381,0.9357080799304952,0.8714176157292786,265,"all","DT#265","DT",265
561,550,26,14,0.9756521739130435,0.975177304964539,0.9756521739130435,0.9756521739130435,0.9655765920826161,0.9652476107732406,0.9304964282048029,265,"all","RF#265","RF",265
497,538,38,78,0.9340277777777778,0.9289719626168225,0.9340277777777778,0.9340277777777778,0.9026845637583891,0.8992180712423979,0.7984238178633977,265,"all","NB#265","NB",265
562,542,34,13,0.9773913043478261,0.9765765765765766,0.9773913043478261,0.9773913043478261,0.9598633646456021,0.9591659426585578,0.9183344127073267,265,"all","MLP#265","MLP",265
555,537,39,20,0.9652173913043478,0.9640933572710951,0.9652173913043478,0.9652173913043478,0.9495295124037639,0.94874022589053,0.8974833149411475,266,"all","DT#266","DT",266
563,553,23,12,0.9791304347826087,0.9787610619469026,0.9791304347826087,0.9791304347826087,0.9698535745047374,0.9695916594265855,0.9391842828696987,266,"all","RF#266","RF",266
516,539,37,59,0.9357638888888888,0.9330922242314648,0.9357638888888888,0.9357638888888888,0.918228279386712,0.9165942658557776,0.8331828653729443,266,"all","NB#266","NB",266
557,555,21,18,0.9686956521739131,0.9685863874345549,0.9686956521739131,0.9686956521739131,0.966175195143105,0.9661164205039097,0.9322330967703952,266,"all","MLP#266","MLP",266
545,543,33,30,0.9478260869565217,0.9476439790575916,0.9478260869565217,0.9478260869565217,0.9453599306157849,0.945264986967854,0.8905303870906381,267,"all","DT#267","DT",267
555,555,21,20,0.9652173913043478,0.9652173913043478,0.9652173913043478,0.9652173913043478,0.9643788010425717,0.9643788010425717,0.9287576558610269,267,"all","RF#267","RF",267
513,542,34,62,0.9409722222222222,0.9378427787934186,0.9409722222222222,0.9409722222222222,0.9186440677966102,0.9165942658557776,0.8331813542842995,267,"all","NB#267","NB",267
555,550,26,20,0.9652173913043478,0.9649122807017544,0.9652173913043478,0.9652173913043478,0.9602076124567475,0.9600347523892268,0.9200701684465419,267,"all","MLP#267","MLP",267
536,553,23,39,0.9600694444444444,0.9588550983899821,0.9600694444444444,0.9600694444444444,0.946917808219178,0.946133796698523,0.8922649097804295,268,"all","DT#268","DT",268
560,550,26,15,0.9739130434782609,0.9734513274336283,0.9739130434782609,0.9739130434782609,0.9646856158484065,0.9643788010425717,0.9287587313616471,268,"all","RF#268","RF",268
505,529,47,70,0.9184027777777778,0.9148550724637681,0.9184027777777778,0.9184027777777778,0.9004255319148936,0.8983492615117289,0.7966913102357116,268,"all","NB#268","NB",268
550,549,27,25,0.9565217391304348,0.9564459930313589,0.9565217391304348,0.9565217391304348,0.954861111111111,0.9548218940052129,0.9096439926207953,268,"all","MLP#268","MLP",268
545,544,32,30,0.9478260869565217,0.9477351916376306,0.9478260869565217,0.9478260869565217,0.9461805555555556,0.946133796698523,0.8922678373555636,269,"all","DT#269","DT",269
562,557,19,13,0.9773913043478261,0.9771929824561404,0.9773913043478261,0.9773913043478261,0.972318339100346,0.9721980886185926,0.9443966389193336,269,"all","RF#269","RF",269
476,557,19,99,0.9670138888888888,0.9616161616161616,0.9670138888888888,0.9670138888888888,0.9042207792207793,0.89748045178106,0.794935982606595,269,"all","NB#269","NB",269
560,553,23,15,0.9739130434782609,0.9735915492957746,0.9739130434782609,0.9739130434782609,0.9671848013816926,0.9669852302345786,0.9339712080771971,269,"all","MLP#269","MLP",269
540,545,31,35,0.9461805555555556,0.9457092819614711,0.9461805555555556,0.9461805555555556,0.9429065743944637,0.9426585577758471,0.885316336451307,270,"all","DT#270","DT",270
561,559,17,14,0.9756521739130435,0.9755671902268761,0.9756521739130435,0.9756521739130435,0.9731136166522117,0.9730668983492615,0.9461339999969808,270,"all","RF#270","RF",270
516,554,22,59,0.9618055555555556,0.9591078066914498,0.9618055555555556,0.9618055555555556,0.9318755256518082,0.9296264118158123,0.8592448551625015,270,"all","NB#270","NB",270
548,562,14,27,0.9756944444444444,0.9750889679715302,0.9756944444444444,0.9756944444444444,0.9648068669527896,0.9643788010425717,0.928756150105603,270,"all","MLP#270","MLP",270
551,544,32,24,0.9582608695652174,0.9577464788732394,0.9582608695652174,0.9582608695652174,0.9516407599309155,0.9513466550825369,0.9026944119032378,271,"all","DT#271","DT",271
561,551,25,14,0.9756521739130435,0.9752212389380531,0.9756521739130435,0.9756521739130435,0.9664082687338501,0.9661164205039097,0.9322339151976643,271,"all","RF#271","RF",271
433,563,13,142,0.9774305555555556,0.9708520179372198,0.9774305555555556,0.9774305555555556,0.8790007806401249,0.8653344917463076,0.7306163186973309,271,"all","NB#271","NB",271
553,547,29,22,0.9617391304347827,0.961335676625659,0.9617391304347827,0.9617391304347827,0.9559204840103717,0.9556907037358818,0.9113822770592701,271,"all","MLP#271","MLP",271
543,541,35,32,0.9443478260869566,0.944153577661431,0.9443478260869566,0.9443478260869566,0.9418907198612315,0.9417897480451781,0.8835799354773455,272,"all","DT#272","DT",272
566,550,26,9,0.9843478260869565,0.9838998211091234,0.9843478260869565,0.9843478260869565,0.9700085689802914,0.9695916594265855,0.9391848337225644,272,"all","RF#272","RF",272
507,548,28,68,0.9513888888888888,0.9476635514018692,0.9513888888888888,0.9513888888888888,0.9194630872483223,0.9165942658557776,0.8331783320248809,272,"all","NB#272","NB",272
563,556,20,12,0.9791304347826087,0.9788732394366197,0.9791304347826087,0.9791304347826087,0.9723661485319517,0.9721980886185926,0.9443968068018503,272,"all","MLP#272","MLP",272
545,553,23,30,0.9600694444444444,0.9595070422535211,0.9600694444444444,0.9600694444444444,0.9542709232096634,0.9539530842745438,0.9079051258089985,273,"all","DT#273","DT",273
557,554,22,18,0.9686956521739131,0.9685314685314685,0.9686956521739131,0.9686956521739131,0.9653379549393415,0.9652476107732406,0.9304955887947536,273,"all","RF#273","RF",273
500,550,26,75,0.9548611111111112,0.9505703422053232,0.9548611111111112,0.9548611111111112,0.9159034138218152,0.9122502172024327,0.8244873186573284,273,"all","NB#273","NB",273
553,554,22,22,0.9618055555555556,0.9618055555555556,0.9618055555555556,0.9618055555555556,0.9618055555555556,0.9617723718505647,0.9235446859903382,273,"all","MLP#273","MLP",273
542,543,33,33,0.9427083333333334,0.9427083333333334,0.9427083333333334,0.9427083333333334,0.9427083333333334,0.9426585577758471,0.8853170289855071,274,"all","DT#274","DT",274
564,553,23,11,0.9808695652173913,0.9804964539007093,0.9808695652173913,0.9808695652173913,0.9707401032702239,0.9704604691572546,0.9409219639740827,274,"all","RF#274","RF",274
506,550,26,69,0.9548611111111112,0.9511278195488722,0.9548611111111112,0.9548611111111112,0.9205020920502093,0.9174630755864466,0.8349153100216349,274,"all","NB#274","NB",274
556,554,22,19,0.9669565217391304,0.9668411867364747,0.9669565217391304,0.9669565217391304,0.9644405897658281,0.9643788010425717,0.9287578709637487,274,"all","MLP#274","MLP",274
560,543,33,15,0.9739130434782609,0.9731182795698925,0.9739130434782609,0.9739130434782609,0.958904109589041,0.9582971329278888,0.9165964692988413,275,"all","DT#275","DT",275
562,551,25,13,0.9773913043478261,0.9769503546099291,0.9773913043478261,0.9773913043478261,0.9672977624784854,0.9669852302345786,0.9339716067945628,275,"all","RF#275","RF",275
519,543,33,56,0.9427083333333334,0.9402173913043478,0.9427083333333334,0.9427083333333334,0.9242553191489362,0.9226759339704604,0.8453463812904131,275,"all","NB#275","NB",275
554,549,27,21,0.9634782608695652,0.9631578947368421,0.9634782608695652,0.9634782608695652,0.9584775086505191,0.9582971329278888,0.9165949583790002,275,"all","MLP#275","MLP",275
541,544,32,34,0.9444444444444444,0.944153577661431,0.9444444444444444,0.9444444444444444,0.9428076256499133,0.9426585577758471,0.8853166827194526,276,"all","DT#276","DT",276
553,555,21,22,0.9635416666666666,0.9634146341463414,0.9635416666666666,0.9635416666666666,0.9627059843885516,0.9626411815812337,0.9252821939646647,276,"all","RF#276","RF",276
504,543,33,71,0.9427083333333334,0.9385474860335196,0.9427083333333334,0.9427083333333334,0.9126050420168068,0.9096437880104257,0.8192770720542543,276,"all","NB#276","NB",276
545,550,26,30,0.9548611111111112,0.9544658493870403,0.9548611111111112,0.9548611111111112,0.9515570934256056,0.9513466550825369,0.9026926491101999,276,"all","MLP#276","MLP",276
552,543,33,23,0.96,0.9593639575971732,0.96,0.96,0.9517241379310344,0.9513466550825369,0.9026947056958681,277,"all","DT#277","DT",277
567,556,20,8,0.9860869565217392,0.9858156028368794,0.9860869565217392,0.9860869565217392,0.9759036144578314,0.9756733275412685,0.9513474997433621,277,"all","RF#277","RF",277
550,525,51,25,0.9565217391304348,0.9545454545454546,0.9565217391304348,0.9565217391304348,0.9353741496598641,0.9339704604691572,0.8679460045348459,277,"all","NB#277","NB",277
566,542,34,9,0.9843478260869565,0.9836660617059891,0.9843478260869565,0.9843478260869565,0.9634042553191489,0.9626411815812337,0.9252851266181077,277,"all","MLP#277","MLP",277
545,542,34,30,0.9478260869565217,0.9475524475524476,0.9478260869565217,0.9478260869565217,0.9445407279029463,0.944396177237185,0.8887929420716059,278,"all","DT#278","DT",278
567,554,22,8,0.9860869565217392,0.9857651245551602,0.9860869565217392,0.9860869565217392,0.9742268041237112,0.9739357080799305,0.9478724785406105,278,"all","RF#278","RF",278
494,545,31,81,0.9461805555555556,0.940952380952381,0.9461805555555556,0.9461805555555556,0.9068219633943427,0.9026933101650738,0.8053717822903298,278,"all","NB#278","NB",278
561,551,25,14,0.9756521739130435,0.9752212389380531,0.9756521739130435,0.9756521739130435,0.9664082687338501,0.9661164205039097,0.9322339151976643,278,"all","MLP#278","MLP",278
539,545,31,36,0.9461805555555556,0.9456140350877194,0.9461805555555556,0.9461805555555556,0.9420916162489197,0.9417897480451781,0.8835785294273054,279,"all","DT#279","DT",279
558,550,26,17,0.9704347826086956,0.9700176366843033,0.9704347826086956,0.9704347826086956,0.9628990509059535,0.9626411815812337,0.9252833219355413,279,"all","RF#279","RF",279
549,473,103,26,0.9547826086956521,0.9478957915831663,0.9547826086956521,0.9547826086956521,0.8948655256723715,0.8879235447437012,0.7758729737032379,279,"all","NB#279","NB",279
553,546,30,22,0.9617391304347827,0.9612676056338029,0.9617391304347827,0.9617391304347827,0.9550949913644214,0.9548218940052129,0.9096448110530067,279,"all","MLP#279","MLP",279
535,539,37,40,0.9357638888888888,0.9353146853146853,0.9357638888888888,0.9357638888888888,0.9333333333333333,0.9331016507384883,0.8662025945165814,280,"all","DT#280","DT",280
559,552,24,16,0.9721739130434782,0.971830985915493,0.9721739130434782,0.9721739130434782,0.9654576856649396,0.9652476107732406,0.9304960085023127,280,"all","RF#280","RF",280
507,545,31,68,0.9461805555555556,0.9423791821561338,0.9461805555555556,0.9461805555555556,0.9167367535744324,0.9139878366637706,0.8279659340875017,280,"all","NB#280","NB",280
549,558,18,26,0.96875,0.9682539682539683,0.96875,0.96875,0.9620689655172414,0.9617723718505647,0.9235437626058286,280,"all","MLP#280","MLP",280
542,544,32,33,0.9444444444444444,0.9442508710801394,0.9444444444444444,0.9444444444444444,0.9436253252385083,0.9435273675065161,0.887054479248912,281,"all","DT#281","DT",281
558,564,12,17,0.9791666666666666,0.9789473684210527,0.9791666666666666,0.9791666666666666,0.9749351771823682,0.9748045178105995,0.9496086172148039,281,"all","RF#281","RF",281
518,542,34,57,0.9409722222222222,0.9384057971014492,0.9409722222222222,0.9409722222222222,0.9225531914893618,0.9209383145091226,0.8418710190722203,281,"all","NB#281","NB",281
555,560,16,20,0.9722222222222222,0.9719789842381786,0.9722222222222222,0.9722222222222222,0.9688581314878894,0.9687228496959166,0.9374452744279856,281,"all","MLP#281","MLP",281
545,548,28,30,0.9513888888888888,0.9511343804537522,0.9513888888888888,0.9513888888888888,0.9497400346620452,0.9496090356211989,0.8992176908746704,282,"all","DT#282","DT",282
563,554,22,12,0.9791304347826087,0.9787985865724381,0.9791304347826087,0.9791304347826087,0.9706896551724138,0.9704604691572546,0.9409217856010629,282,"all","RF#282","RF",282
540,527,49,35,0.9391304347826087,0.9377224199288257,0.9391304347826087,0.9391304347826087,0.9278350515463917,0.9270199826238054,0.8540429399137095,282,"all","NB#282","NB",282
550,548,28,25,0.9565217391304348,0.956369982547993,0.9565217391304348,0.9565217391304348,0.9540329575021683,0.9539530842745438,0.9079065161238703,282,"all","MLP#282","MLP",282
549,550,26,26,0.9548611111111112,0.9548611111111112,0.9548611111111112,0.9548611111111112,0.9548611111111112,0.9548218940052129,0.9096437198067633,283,"all","DT#283","DT",283
565,550,26,10,0.9826086956521739,0.9821428571428571,0.9826086956521739,0.9826086956521739,0.9691252144082333,0.9687228496959166,0.9374471631120022,283,"all","RF#283","RF",283
529,543,33,46,0.9427083333333334,0.9412811387900356,0.9427083333333334,0.9427083333333334,0.9321888412017167,0.9313640312771503,0.8627252648376251,283,"all","NB#283","NB",283
563,551,25,12,0.9791304347826087,0.9786856127886323,0.9791304347826087,0.9791304347826087,0.9681857265692176,0.9678540399652477,0.9357092931449112,283,"all","MLP#283","MLP",283
548,551,25,27,0.9565972222222222,0.956369982547993,0.9565972222222222,0.9565972222222222,0.9549393414211438,0.9548218940052129,0.909643446991084,284,"all","DT#284","DT",284
561,552,24,14,0.9756521739130435,0.9752650176678446,0.9756521739130435,0.9756521739130435,0.9672413793103449,0.9669852302345786,0.9339714074364819,284,"all","RF#284","RF",284
500,542,34,75,0.9409722222222222,0.9363295880149812,0.9409722222222222,0.9409722222222222,0.9086336965632859,0.9052997393570807,0.8105876118539944,284,"all","NB#284","NB",284
554,550,26,21,0.9634782608695652,0.9632224168126094,0.9634782608695652,0.9634782608695652,0.9593073593073593,0.9591659426585578,0.9183324401234895,284,"all","MLP#284","MLP",284
546,539,37,29,0.9495652173913044,0.948943661971831,0.9495652173913044,0.9495652173913044,0.9430051813471504,0.9426585577758471,0.8853184140288161,285,"all","DT#285","DT",285
557,549,27,18,0.9686956521739131,0.9682539682539683,0.9686956521739131,0.9686956521739131,0.9611734253666955,0.9609035621198957,0.9218081276069617,285,"all","RF#285","RF",285
519,536,40,56,0.9305555555555556,0.9284436493738819,0.9305555555555556,0.9305555555555556,0.9178082191780821,0.9165942658557776,0.8331843764342135,285,"all","NB#285","NB",285
546,541,35,29,0.9495652173913044,0.9491228070175438,0.9495652173913044,0.9495652173913044,0.9446366782006921,0.944396177237185,0.8887932778386669,285,"all","MLP#285","MLP",285
548,542,34,27,0.9530434782608695,0.9525483304042179,0.9530434782608695,0.9530434782608695,0.9472774416594643,0.947002606429192,0.8940062529532447,286,"all","DT#286","DT",286
560,552,24,15,0.9739130434782609,0.9735449735449735,0.9739130434782609,0.9739130434782609,0.9663503019844694,0.9661164205039097,0.9322337105927003,286,"all","RF#286","RF",286
499,544,32,76,0.9444444444444444,0.9397363465160076,0.9444444444444444,0.9444444444444444,0.9096989966555183,0.9061685490877498,0.8123244901533315,286,"all","NB#286","NB",286
560,552,24,15,0.9739130434782609,0.9735449735449735,0.9739130434782609,0.9739130434782609,0.9663503019844694,0.9661164205039097,0.9322337105927003,286,"all","MLP#286","MLP",286
540,551,25,35,0.9565972222222222,0.9557522123893806,0.9565972222222222,0.9565972222222222,0.9483648881239243,0.947871416159861,0.8957411796675675,287,"all","DT#287","DT",287
557,553,23,18,0.9686956521739131,0.968476357267951,0.9686956521739131,0.9686956521739131,0.9645021645021645,0.9643788010425717,0.9287580860651716,287,"all","RF#287","RF",287
505,535,41,70,0.9288194444444444,0.924908424908425,0.9288194444444444,0.9288194444444444,0.9060118543607112,0.9035621198957429,0.8071156496887697,287,"all","NB#287","NB",287
561,537,39,14,0.9756521739130435,0.9745916515426497,0.9756521739130435,0.9756521739130435,0.9548936170212766,0.9539530842745438,0.9079095746688304,287,"all","MLP#287","MLP",287
550,545,31,25,0.9565217391304348,0.956140350877193,0.9565217391304348,0.9565217391304348,0.9515570934256056,0.9513466550825369,0.9026941181088335,288,"all","DT#288","DT",288
566,558,18,9,0.9843478260869565,0.9841269841269841,0.9843478260869565,0.9843478260869565,0.9767040552200172,0.9765421372719374,0.953084876564177,288,"all","RF#288","RF",288
526,543,33,49,0.9427083333333334,0.9409660107334525,0.9427083333333334,0.9427083333333334,0.9297945205479453,0.9287576020851434,0.8575116548708906,288,"all","NB#288","NB",288
559,558,18,16,0.9721739130434782,0.9721254355400697,0.9721739130434782,0.9721739130434782,0.9704861111111112,0.9704604691572546,0.9409210720982123,288,"all","MLP#288","MLP",288
532,540,36,43,0.9375,0.9366197183098591,0.9375,0.9375,0.9318377911993098,0.9313640312771503,0.8627265082813375,289,"all","DT#289","DT",289
553,558,18,22,0.96875,0.968476357267951,0.96875,0.96875,0.9653979238754326,0.9652476107732406,0.9304947493644284,289,"all","RF#289","RF",289
512,544,32,63,0.9444444444444444,0.9411764705882353,0.9444444444444444,0.9444444444444444,0.9196956889264581,0.9174630755864466,0.8349183008262766,289,"all","NB#289","NB",289
554,559,17,21,0.9704861111111112,0.9702276707530648,0.9704861111111112,0.9704861111111112,0.9671280276816608,0.9669852302345786,0.9339700118962071,289,"all","MLP#289","MLP",289
543,549,27,32,0.953125,0.9526315789473684,0.953125,0.953125,0.9490060501296457,0.94874022589053,0.897479600540463,290,"all","DT#290","DT",290
562,552,24,13,0.9773913043478261,0.9769911504424779,0.9773913043478261,0.9773913043478261,0.9681309216192937,0.9678540399652477,0.9357090990336816,290,"all","RF#290","RF",290
487,549,27,88,0.953125,0.9474708171206225,0.953125,0.953125,0.9051937345424567,0.9000868809730669,0.8001552075296788,290,"all","NB#290","NB",290
557,543,33,18,0.9686956521739131,0.9679144385026738,0.9686956521739131,0.9686956521739131,0.9562231759656653,0.9556907037358818,0.911383347297389,290,"all","MLP#290","MLP",290
528,546,30,47,0.9479166666666666,0.946236559139785,0.9479166666666666,0.9479166666666666,0.934131736526946,0.9331016507384883,0.8661997666002902,291,"all","DT#291","DT",291
559,550,26,16,0.9721739130434782,0.9717314487632509,0.9721739130434782,0.9721739130434782,0.9637931034482758,0.9635099913119027,0.9270210292719012,291,"all","RF#291","RF",291
517,529,47,58,0.9184027777777778,0.9166666666666666,0.9184027777777778,0.9184027777777778,0.9097162510748066,0.9087749782797567,0.8175467889714352,291,"all","NB#291","NB",291
556,549,27,19,0.9669565217391304,0.9665492957746479,0.9669565217391304,0.9669565217391304,0.9602763385146803,0.9600347523892268,0.9200704097776596,291,"all","MLP#291","MLP",291
556,539,37,19,0.9669565217391304,0.9659498207885304,0.9669565217391304,0.9669565217391304,0.9520547945205479,0.9513466550825369,0.9026958808486483,292,"all","DT#292","DT",292
566,552,24,9,0.9843478260869565,0.983957219251337,0.9843478260869565,0.9843478260869565,0.9716738197424892,0.9713292788879235,0.942659812957134,292,"all","RF#292","RF",292
517,541,35,58,0.9392361111111112,0.9365942028985508,0.9392361111111112,0.9392361111111112,0.9208510638297874,0.9192006950477846,0.8383956568540273,292,"all","NB#292","NB",292
558,543,33,17,0.9704347826086956,0.9696428571428571,0.9704347826086956,0.9704347826086956,0.9571183533447686,0.9565595134665508,0.9131210598777806,292,"all","MLP#292","MLP",292
540,539,37,35,0.9391304347826087,0.9390243902439024,0.9391304347826087,0.9391304347826087,0.9375,0.9374456993918332,0.8748916820903319,293,"all","DT#293","DT",293
565,550,26,10,0.9826086956521739,0.9821428571428571,0.9826086956521739,0.9826086956521739,0.9691252144082333,0.9687228496959166,0.9374471631120022,293,"all","RF#293","RF",293
505,546,30,70,0.9479166666666666,0.9439252336448598,0.9479166666666666,0.9479166666666666,0.9161073825503356,0.9131190269331017,0.8262274291925841,293,"all","NB#293","NB",293
561,542,34,14,0.9756521739130435,0.9748201438848921,0.9756521739130435,0.9756521739130435,0.958974358974359,0.9582971329278888,0.9165967211134929,293,"all","MLP#293","MLP",293
537,555,21,38,0.9635416666666666,0.9623655913978495,0.9635416666666666,0.9635416666666666,0.9495295124037638,0.94874022589053,0.8974777432391834,294,"all","DT#294","DT",294
558,557,19,17,0.9704347826086956,0.9703832752613241,0.9704347826086956,0.9704347826086956,0.96875,0.9687228496959166,0.9374458410451659,294,"all","RF#294","RF",294
527,548,28,48,0.9513888888888888,0.9495495495495495,0.9513888888888888,0.9513888888888888,0.9351535836177475,0.9339704604691572,0.8679368338416014,294,"all","NB#294","NB",294
560,556,20,15,0.9739130434782609,0.9737302977232924,0.9739130434782609,0.9739130434782609,0.9696969696969697,0.9695916594265855,0.9391837320068538,294,"all","MLP#294","MLP",294
554,533,43,21,0.9634782608695652,0.9620938628158845,0.9634782608695652,0.9634782608695652,0.9453924914675768,0.944396177237185,0.8887959639021651,295,"all","DT#295","DT",295
564,551,25,11,0.9808695652173913,0.9804270462633452,0.9808695652173913,0.9808695652173913,0.9690721649484536,0.9687228496959166,0.9374469742487327,295,"all","RF#295","RF",295
539,525,51,36,0.9373913043478261,0.9358288770053476,0.9373913043478261,0.9373913043478261,0.9253218884120172,0.9244135534317984,0.848830415977899,295,"all","NB#295","NB",295
559,548,28,16,0.9721739130434782,0.9716312056737588,0.9721739130434782,0.9721739130434782,0.9621342512908777,0.9617723718505647,0.9235460710252834,295,"all","MLP#295","MLP",295
547,538,38,28,0.951304347826087,0.950530035335689,0.951304347826087,0.951304347826087,0.9431034482758621,0.9426585577758471,0.8853187602844159,296,"all","DT#296","DT",296
564,545,31,11,0.9808695652173913,0.9802158273381295,0.9808695652173913,0.9808695652173913,0.9641025641025641,0.9635099913119027,0.9270221309743064,296,"all","RF#296","RF",296
505,547,29,70,0.9496527777777778,0.9456928838951311,0.9496527777777778,0.9496527777777778,0.9170159262363791,0.9139878366637706,0.8279648951701418,296,"all","NB#296","NB",296
556,546,30,19,0.9669565217391304,0.9663716814159292,0.9669565217391304,0.9669565217391304,0.9577950043066322,0.9574283231972198,0.9148579960175782,296,"all","MLP#296","MLP",296
530,555,21,45,0.9635416666666666,0.9618874773139746,0.9635416666666666,0.9635416666666666,0.943877551020408,0.9426585577758471,0.8853128736548426,297,"all","DT#297","DT",297
562,556,20,13,0.9773913043478261,0.9771528998242531,0.9773913043478261,0.9773913043478261,0.9714779602420052,0.9713292788879235,0.9426591204501159,297,"all","RF#297","RF",297
521,549,27,54,0.953125,0.9507299270072993,0.953125,0.953125,0.931297709923664,0.9296264118158123,0.8592469801758222,297,"all","NB#297","NB",297
551,557,19,24,0.9670138888888888,0.9666666666666667,0.9670138888888888,0.9670138888888888,0.9628349178910977,0.9626411815812337,0.9252817427667781,297,"all","MLP#297","MLP",297
549,548,28,26,0.9547826086956521,0.9547038327526133,0.9547826086956521,0.9547826086956521,0.953125,0.9530842745438749,0.906168761567749,298,"all","DT#298","DT",298
566,557,19,9,0.9843478260869565,0.9840989399293286,0.9843478260869565,0.9843478260869565,0.9758620689655173,0.9756733275412685,0.951347352847934,298,"all","RF#298","RF",298
490,550,26,85,0.9548611111111112,0.9496124031007752,0.9548611111111112,0.9548611111111112,0.9083402146985962,0.9035621198957429,0.8071069132063394,298,"all","NB#298","NB",298
558,550,26,17,0.9704347826086956,0.9700176366843033,0.9704347826086956,0.9704347826086956,0.9628990509059535,0.9626411815812337,0.9252833219355413,298,"all","MLP#298","MLP",298
553,549,27,22,0.9617391304347827,0.9614711033274956,0.9617391304347827,0.9617391304347827,0.9575757575757575,0.9574283231972198,0.9148572248095954,299,"all","DT#299","DT",299
559,558,18,16,0.9721739130434782,0.9721254355400697,0.9721739130434782,0.9721739130434782,0.9704861111111112,0.9704604691572546,0.9409210720982123,299,"all","RF#299","RF",299
514,546,30,61,0.9479166666666666,0.9448529411764706,0.9479166666666666,0.9479166666666666,0.9230769230769231,0.9209383145091226,0.8418691092125388,299,"all","NB#299","NB",299
554,561,15,21,0.9739583333333334,0.9736379613356766,0.9739583333333334,0.9739583333333334,0.9689119170984456,0.9687228496959166,0.9374450855533112,299,"all","MLP#299","MLP",299
554,534,42,21,0.9634782608695652,0.9621621621621622,0.9634782608695652,0.9634782608695652,0.9461998292058071,0.945264986967854,0.890533361714076,300,"all","DT#300","DT",300
562,550,26,13,0.9773913043478261,0.9769094138543517,0.9773913043478261,0.9773913043478261,0.9664660361134996,0.9661164205039097,0.9322341198013928,300,"all","RF#300","RF",300
522,525,51,53,0.9114583333333334,0.9109947643979057,0.9114583333333334,0.9114583333333334,0.9098786828422876,0.9096437880104257,0.8192868939821677,300,"all","NB#300","NB",300
550,552,24,25,0.9583333333333334,0.9581881533101045,0.9583333333333334,0.9583333333333334,0.9575021682567216,0.9574283231972198,0.9148564535876413,300,"all","MLP#300","MLP",300
537,539,37,38,0.9357638888888888,0.9355400696864111,0.9357638888888888,0.9357638888888888,0.9349522983521248,0.9348392701998263,0.8696782452872062,301,"all","DT#301","DT",301
560,556,20,15,0.9739130434782609,0.9737302977232924,0.9739130434782609,0.9739130434782609,0.9696969696969697,0.9695916594265855,0.9391837320068538,301,"all","RF#301","RF",301
519,534,42,56,0.9270833333333334,0.9251336898395722,0.9270833333333334,0.9270833333333334,0.9159519725557462,0.9148566463944396,0.8297095651176203,301,"all","NB#301","NB",301
554,548,28,21,0.9634782608695652,0.9630931458699473,0.9634782608695652,0.9634782608695652,0.9576490924805532,0.9574283231972198,0.9148574818804752,301,"all","MLP#301","MLP",301
545,552,24,30,0.9583333333333334,0.9578207381370826,0.9583333333333334,0.9583333333333334,0.9533678756476685,0.9530842745438749,0.9061676283299668,302,"all","DT#302","DT",302
552,565,11,23,0.9809027777777778,0.9804618117229129,0.9809027777777778,0.9809027777777778,0.9707903780068728,0.9704604691572546,0.940919823426753,302,"all","RF#302","RF",302
446,558,18,129,0.96875,0.9612068965517241,0.96875,0.96875,0.8836104513064134,0.8722849695916595,0.7445269361260719,302,"all","NB#302","NB",302
546,557,19,29,0.9670138888888888,0.9663716814159292,0.9670138888888888,0.9670138888888888,0.9586919104991394,0.9582971329278888,0.9165929437340539,302,"all","MLP#302","MLP",302
561,540,36,14,0.9756521739130435,0.9747292418772563,0.9756521739130435,0.9756521739130435,0.9573378839590443,0.9565595134665508,0.9131218467985663,303,"all","DT#303","DT",303
563,556,20,12,0.9791304347826087,0.9788732394366197,0.9791304347826087,0.9791304347826087,0.9723661485319517,0.9721980886185926,0.9443968068018503,303,"all","RF#303","RF",303
507,539,37,68,0.9357638888888888,0.9319852941176471,0.9357638888888888,0.9357638888888888,0.9112426035502958,0.9087749782797567,0.8175412798606215,303,"all","NB#303","NB",303
567,547,29,8,0.9860869565217392,0.9855855855855856,0.9860869565217392,0.9860869565217392,0.9684030742954739,0.9678540399652477,0.9357100695781083,303,"all","MLP#303","MLP",303
540,538,38,35,0.9391304347826087,0.9389179755671903,0.9391304347826087,0.9391304347826087,0.9366869037294016,0.9365768896611643,0.8731542580574063,304,"all","DT#304","DT",304
564,550,26,11,0.9808695652173913,0.9803921568627451,0.9808695652173913,0.9808695652173913,0.9682403433476395,0.9678540399652477,0.9357094872549686,304,"all","RF#304","RF",304
521,547,29,54,0.9496527777777778,0.9472727272727273,0.9496527777777778,0.9496527777777778,0.9294817332200509,0.9278887923544744,0.8557720324589546,304,"all","NB#304","NB",304
556,556,20,19,0.9669565217391304,0.9669565217391304,0.9669565217391304,0.9669565217391304,0.9661164205039096,0.9661164205039097,0.932232892160489,304,"all","MLP#304","MLP",304
550,539,37,25,0.9565217391304348,0.9556737588652482,0.9565217391304348,0.9565217391304348,0.9466437177280551,0.946133796698523,0.8922694637174448,305,"all","DT#305","DT",305
569,557,19,6,0.9895652173913043,0.9893428063943162,0.9895652173913043,0.9895652173913043,0.9785038693035253,0.9782797567332754,0.956560333206021,305,"all","RF#305","RF",305
524,545,31,51,0.9461805555555556,0.9441441441441442,0.9461805555555556,0.9461805555555556,0.9300341296928327,0.9287576020851434,0.8575107944080437,305,"all","NB#305","NB",305
563,555,21,12,0.9791304347826087,0.9788359788359788,0.9791304347826087,0.9791304347826087,0.9715271786022434,0.9713292788879235,0.9426592935784387,305,"all","MLP#305","MLP",305
550,541,35,25,0.9565217391304348,0.9558303886925795,0.9565217391304348,0.9565217391304348,0.9482758620689655,0.947871416159861,0.8957443275312874,306,"all","DT#306","DT",306
564,558,18,11,0.9808695652173913,0.9806678383128296,0.9808695652173913,0.9808695652173913,0.9749351771823681,0.9748045178105995,0.9496095300925261,306,"all","RF#306","RF",306
489,559,17,86,0.9704861111111112,0.9664031620553359,0.9704861111111112,0.9704861111111112,0.9156429156429157,0.9105125977410947,0.8210064152213924,306,"all","NB#306","NB",306
563,556,20,12,0.9791304347826087,0.9788732394366197,0.9791304347826087,0.9791304347826087,0.9723661485319517,0.9721980886185926,0.9443968068018503,306,"all","MLP#306","MLP",306
551,535,41,24,0.9582608695652174,0.9570661896243292,0.9582608695652174,0.9582608695652174,0.9443016281062553,0.9435273675065161,0.8870575483419055,307,"all","DT#307","DT",307
561,549,27,14,0.9756521739130435,0.9751332149200711,0.9756521739130435,0.9756521739130435,0.9647463456577816,0.9643788010425717,0.9287589464578745,307,"all","RF#307","RF",307
522,532,44,53,0.9236111111111112,0.9222614840989399,0.9236111111111112,0.9236111111111112,0.9164513350559863,0.9157254561251086,0.8314484949221834,307,"all","NB#307","NB",307
560,548,28,15,0.9739130434782609,0.9733570159857904,0.9739130434782609,0.9739130434782609,0.9630266552020637,0.9626411815812337,0.9252837731143561,307,"all","MLP#307","MLP",307
544,554,22,31,0.9618055555555556,0.9611307420494699,0.9618055555555556,0.9618055555555556,0.954349698535745,0.9539530842745438,0.9079048477409868,308,"all","DT#308","DT",308
562,558,18,13,0.9773913043478261,0.9772329246935202,0.9773913043478261,0.9773913043478261,0.9731601731601732,0.9730668983492615,0.946134162634642,308,"all","RF#308","RF",308
484,555,21,91,0.9635416666666666,0.9584158415841584,0.9635416666666666,0.9635416666666666,0.9083469721767594,0.9026933101650738,0.8053659052134132,308,"all","NB#308","NB",308
555,547,29,20,0.9652173913043478,0.9647266313932981,0.9652173913043478,0.9652173913043478,0.9577221742881795,0.9574283231972198,0.9148577389498029,308,"all","MLP#308","MLP",308
546,546,30,29,0.9495652173913044,0.9495652173913044,0.9495652173913044,0.9495652173913044,0.94874022589053,0.94874022589053,0.897480529165868,309,"all","DT#309","DT",309
552,554,22,23,0.9618055555555556,0.9616724738675958,0.9618055555555556,0.9618055555555556,0.9609713790112748,0.9609035621198957,0.9218069471723236,309,"all","RF#309","RF",309
488,555,21,87,0.9635416666666666,0.9587426326129665,0.9635416666666666,0.9635416666666666,0.9113300492610837,0.9061685490877498,0.8123182563480057,309,"all","NB#309","NB",309
562,549,27,13,0.9773913043478261,0.9768683274021353,0.9773913043478261,0.9773913043478261,0.9656357388316151,0.9652476107732406,0.9304966380541473,309,"all","MLP#309","MLP",309
540,538,38,35,0.9391304347826087,0.9389179755671903,0.9391304347826087,0.9391304347826087,0.9366869037294016,0.9365768896611643,0.8731542580574063,310,"all","DT#310","DT",310
561,548,28,14,0.9756521739130435,0.9750889679715302,0.9756521739130435,0.9756521739130435,0.9639175257731959,0.9635099913119027,0.9270214699568549,310,"all","RF#310","RF",310
512,541,35,63,0.9392361111111112,0.9360146252285192,0.9392361111111112,0.9392361111111112,0.916949152542373,0.9148566463944396,0.829705965831889,310,"all","NB#310","NB",310
552,547,29,23,0.96,0.9596491228070175,0.96,0.96,0.9550173010380623,0.9548218940052129,0.9096445382439169,310,"all","MLP#310","MLP",310
546,546,30,29,0.9495652173913044,0.9495652173913044,0.9495652173913044,0.9495652173913044,0.94874022589053,0.94874022589053,0.897480529165868,311,"all","DT#311","DT",311
561,555,21,14,0.9756521739130435,0.9753954305799648,0.9756521739130435,0.9756521739130435,0.9697493517718238,0.9695916594265855,0.9391839156289108,311,"all","RF#311","RF",311
498,548,28,77,0.9513888888888888,0.9467680608365019,0.9513888888888888,0.9513888888888888,0.9125728559533722,0.9087749782797567,0.8175363213764304,311,"all","NB#311","NB",311
557,554,22,18,0.9686956521739131,0.9685314685314685,0.9686956521739131,0.9686956521739131,0.9653379549393415,0.9652476107732406,0.9304955887947536,311,"all","MLP#311","MLP",311
543,543,33,32,0.9443478260869566,0.9443478260869566,0.9443478260869566,0.9443478260869566,0.9435273675065161,0.9435273675065161,0.8870548202674816,312,"all","DT#312","DT",312
561,560,16,14,0.9756521739130435,0.975609756097561,0.9756521739130435,0.9756521739130435,0.9739583333333334,0.9739357080799305,0.9478715342043049,312,"all","RF#312","RF",312
511,547,29,64,0.9496527777777778,0.9462962962962963,0.9496527777777778,0.9496527777777778,0.9216512215669755,0.9192006950477846,0.8383927290844172,312,"all","NB#312","NB",312
551,546,30,24,0.9582608695652174,0.9578947368421052,0.9582608695652174,0.9582608695652174,0.953287197231834,0.9530842745438749,0.9061693281763752,312,"all","MLP#312","MLP",312
554,540,36,21,0.9634782608695652,0.9625668449197861,0.9634782608695652,0.9634782608695652,0.9510729613733906,0.950477845351868,0.9009578587441407,313,"all","DT#313","DT",313
557,550,26,18,0.9686956521739131,0.9683098591549296,0.9686956521739131,0.9686956521739131,0.9620034542314335,0.9617723718505647,0.923545609352544,313,"all","RF#313","RF",313
540,492,84,35,0.9391304347826087,0.9335863377609108,0.9391304347826087,0.9391304347826087,0.9007506255212677,0.896611642050391,0.7932384228823653,313,"all","NB#313","NB",313
557,549,27,18,0.9686956521739131,0.9682539682539683,0.9686956521739131,0.9686956521739131,0.9611734253666955,0.9609035621198957,0.9218081276069617,313,"all","MLP#313","MLP",313
534,554,22,41,0.9618055555555556,0.960431654676259,0.9618055555555556,0.9618055555555556,0.946199829205807,0.945264986967854,0.8905267512202191,314,"all","DT#314","DT",314
560,565,11,15,0.9809027777777778,0.9807355516637478,0.9809027777777778,0.9809027777777778,0.9775086505190311,0.9774109470026064,0.9548215870868786,314,"all","RF#314","RF",314
506,549,27,69,0.953125,0.949343339587242,0.953125,0.953125,0.9195979899497487,0.9165942658557776,0.833177828304331,314,"all","NB#314","NB",314
550,553,23,25,0.9600694444444444,0.9598603839441536,0.9600694444444444,0.9600694444444444,0.9584055459272096,0.9582971329278888,0.9165939510686928,314,"all","MLP#314","MLP",314
552,536,40,23,0.96,0.9588550983899821,0.96,0.96,0.9460154241645243,0.945264986967854,0.890532700700616,315,"all","DT#315","DT",315
563,547,29,12,0.9791304347826087,0.9785330948121646,0.9791304347826087,0.9791304347826087,0.9648671808054842,0.9643788010425717,0.9287593766464327,315,"all","RF#315","RF",315
534,537,39,41,0.9322916666666666,0.9319371727748691,0.9322916666666666,0.9322916666666666,0.9306759098786829,0.9304952215464813,0.8609899184478215,315,"all","NB#315","NB",315
557,543,33,18,0.9686956521739131,0.9679144385026738,0.9686956521739131,0.9686956521739131,0.9562231759656653,0.9556907037358818,0.911383347297389,315,"all","MLP#315","MLP",315
546,537,39,29,0.9495652173913044,0.9487632508833922,0.9495652173913044,0.9495652173913044,0.9413793103448276,0.9409209383145091,0.8818435712021255,316,"all","DT#316","DT",316
560,555,21,15,0.9739130434782609,0.9736842105263158,0.9739130434782609,0.9739130434782609,0.9688581314878892,0.9687228496959166,0.9374462187842502,316,"all","RF#316","RF",316
504,548,28,71,0.9513888888888888,0.9473684210526315,0.9513888888888888,0.9513888888888888,0.9171548117154812,0.9139878366637706,0.8279643757067562,316,"all","NB#316","NB",316
556,547,29,19,0.9669565217391304,0.9664310954063604,0.9669565217391304,0.9669565217391304,0.9586206896551723,0.9582971329278888,0.9165954620250297,316,"all","MLP#316","MLP",316
536,558,18,39,0.96875,0.9675090252707581,0.96875,0.96875,0.9514066496163682,0.950477845351868,0.9009524758484192,317,"all","DT#317","DT",317
561,564,12,14,0.9791666666666666,0.9790575916230366,0.9791666666666666,0.9791666666666666,0.9774696707105719,0.9774109470026064,0.954821723495542,317,"all","RF#317","RF",317
425,569,7,150,0.9878472222222222,0.9837962962962963,0.9878472222222222,0.9878472222222222,0.8787644787644787,0.8635968722849696,0.7271346320235197,317,"all","NB#317","NB",317
553,554,22,22,0.9618055555555556,0.9618055555555556,0.9618055555555556,0.9618055555555556,0.9618055555555556,0.9617723718505647,0.9235446859903382,317,"all","MLP#317","MLP",317
540,541,35,35,0.9392361111111112,0.9392361111111112,0.9392361111111112,0.9392361111111112,0.9392361111111112,0.9391833188531712,0.8783665458937199,318,"all","DT#318","DT",318
562,552,24,13,0.9773913043478261,0.9769911504424779,0.9773913043478261,0.9773913043478261,0.9681309216192937,0.9678540399652477,0.9357090990336816,318,"all","RF#318","RF",318
531,532,44,44,0.9236111111111112,0.9236111111111112,0.9236111111111112,0.9236111111111112,0.9236111111111112,0.9235447437011295,0.8470893719806764,318,"all","NB#318","NB",318
556,547,29,19,0.9669565217391304,0.9664310954063604,0.9669565217391304,0.9669565217391304,0.9586206896551723,0.9582971329278888,0.9165954620250297,318,"all","MLP#318","MLP",318
537,555,21,38,0.9635416666666666,0.9623655913978495,0.9635416666666666,0.9635416666666666,0.9495295124037638,0.94874022589053,0.8974777432391834,319,"all","DT#319","DT",319
560,564,12,15,0.9791666666666666,0.9790209790209791,0.9791666666666666,0.9791666666666666,0.9766233766233766,0.9765421372719374,0.9530840266486713,319,"all","RF#319","RF",319
497,546,30,78,0.9479166666666666,0.9430740037950665,0.9479166666666666,0.9479166666666666,0.91,0.9061685490877498,0.812323356764983,319,"all","NB#319","NB",319
558,556,20,17,0.9704347826086956,0.9703315881326352,0.9704347826086956,0.9704347826086956,0.9679098005203817,0.9678540399652477,0.9357083225770416,319,"all","MLP#319","MLP",319
547,545,31,28,0.951304347826087,0.9511343804537522,0.951304347826087,0.951304347826087,0.9488291413703382,0.94874022589053,0.8974808387039311,320,"all","DT#320","DT",320
562,554,22,13,0.9773913043478261,0.9770723104056437,0.9773913043478261,0.9773913043478261,0.9698015530629852,0.9695916594265855,0.9391840992498591,320,"all","RF#320","RF",320
503,554,22,72,0.9618055555555556,0.9580952380952381,0.9618055555555556,0.9618055555555556,0.9217970049916804,0.9183318853171155,0.8366513172793839,320,"all","NB#320","NB",320
555,546,30,20,0.9652173913043478,0.9646643109540636,0.9652173913043478,0.9652173913043478,0.9568965517241379,0.9565595134665508,0.9131202729427393,320,"all","MLP#320","MLP",320
537,551,25,38,0.9565972222222222,0.9555160142348754,0.9565972222222222,0.9565972222222222,0.9459227467811159,0.945264986967854,0.8905277428451946,321,"all","DT#321","DT",321
555,560,16,20,0.9722222222222222,0.9719789842381786,0.9722222222222222,0.9722222222222222,0.9688581314878894,0.9687228496959166,0.9374452744279856,321,"all","RF#321","RF",321
502,557,19,73,0.9670138888888888,0.963531669865643,0.9670138888888888,0.9670138888888888,0.923714759535655,0.9200695047784535,0.8401258556706012,321,"all","NB#321","NB",321
546,557,19,29,0.9670138888888888,0.9663716814159292,0.9670138888888888,0.9670138888888888,0.9586919104991394,0.9582971329278888,0.9165929437340539,321,"all","MLP#321","MLP",321
545,545,31,30,0.9478260869565217,0.9478260869565217,0.9478260869565217,0.9478260869565217,0.9470026064291919,0.947002606429192,0.8940052928664057,322,"all","DT#322","DT",322
561,555,21,14,0.9756521739130435,0.9753954305799648,0.9756521739130435,0.9756521739130435,0.9697493517718238,0.9695916594265855,0.9391839156289108,322,"all","RF#322","RF",322
531,537,39,44,0.9322916666666666,0.9315789473684211,0.9322916666666666,0.9322916666666666,0.9282627484874675,0.9278887923544744,0.8557763872009904,322,"all","NB#322","NB",322
552,548,28,23,0.96,0.9597197898423818,0.96,0.96,0.9558441558441558,0.9556907037358818,0.9113820094957013,322,"all","MLP#322","MLP",322
533,546,30,42,0.9479166666666666,0.9467140319715808,0.9479166666666666,0.9479166666666666,0.9381443298969072,0.9374456993918332,0.8748890378448885,323,"all","DT#323","DT",323
557,560,16,18,0.9722222222222222,0.9720767888307156,0.9722222222222222,0.9722222222222222,0.9705372616984402,0.9704604691572546,0.9409207153403242,323,"all","RF#323","RF",323
508,551,25,67,0.9565972222222222,0.9530956848030019,0.9565972222222222,0.9565972222222222,0.9229480737018425,0.9200695047784535,0.8401287521249837,323,"all","NB#323","NB",323
554,562,14,21,0.9756944444444444,0.9753521126760564,0.9756944444444444,0.9756944444444444,0.9698015530629854,0.9695916594265855,0.9391826302512254,323,"all","MLP#323","MLP",323
548,548,28,27,0.9530434782608695,0.9530434782608695,0.9530434782608695,0.9530434782608695,0.9522154648132058,0.952215464813206,0.9044310017647922,324,"all","DT#324","DT",324
565,559,17,10,0.9826086956521739,0.9824253075571178,0.9826086956521739,0.9826086956521739,0.9766637856525496,0.9765421372719374,0.953084734913731,324,"all","RF#324","RF",324
522,536,40,53,0.9305555555555556,0.9288256227758007,0.9305555555555556,0.9305555555555556,0.9201716738197426,0.9192006950477846,0.8383980965810018,324,"all","NB#324","NB",324
556,554,22,19,0.9669565217391304,0.9668411867364747,0.9669565217391304,0.9669565217391304,0.9644405897658281,0.9643788010425717,0.9287578709637487,324,"all","MLP#324","MLP",324
540,548,28,35,0.9513888888888888,0.9507042253521126,0.9513888888888888,0.9513888888888888,0.9456427955133736,0.945264986967854,0.8905287344522058,325,"all","DT#325","DT",325
554,554,22,21,0.9634782608695652,0.9634782608695652,0.9634782608695652,0.9634782608695652,0.9626411815812338,0.9626411815812337,0.9252824195615648,325,"all","RF#325","RF",325
513,539,37,62,0.9357638888888888,0.9327272727272727,0.9357638888888888,0.9357638888888888,0.9158878504672897,0.9139878366637706,0.8279690507642951,325,"all","NB#325","NB",325
548,553,23,27,0.9600694444444444,0.9597197898423818,0.9600694444444444,0.9600694444444444,0.9567474048442907,0.9565595134665508,0.9131184367055356,325,"all","MLP#325","MLP",325
550,541,35,25,0.9565217391304348,0.9558303886925795,0.9565217391304348,0.9565217391304348,0.9482758620689655,0.947871416159861,0.8957443275312874,326,"all","DT#326","DT",326
559,556,20,16,0.9721739130434782,0.972027972027972,0.9721739130434782,0.9721739130434782,0.9688041594454073,0.9687228496959166,0.9374460299152783,326,"all","RF#326","RF",326
416,562,14,159,0.9756944444444444,0.9674418604651163,0.9756944444444444,0.9756944444444444,0.866615265998458,0.8496959165942659,0.6993257884047687,326,"all","NB#326","NB",326
553,544,32,22,0.9617391304347827,0.9611307420494699,0.9617391304347827,0.9617391304347827,0.953448275862069,0.9530842745438749,0.9061698947781586,326,"all","MLP#326","MLP",326
545,545,31,30,0.9478260869565217,0.9478260869565217,0.9478260869565217,0.9478260869565217,0.9470026064291919,0.947002606429192,0.8940052928664057,327,"all","DT#327","DT",327
561,564,12,14,0.9791666666666666,0.9790575916230366,0.9791666666666666,0.9791666666666666,0.9774696707105719,0.9774109470026064,0.954821723495542,327,"all","RF#327","RF",327
478,552,24,97,0.9583333333333334,0.952191235059761,0.9583333333333334,0.9583333333333334,0.9012244897959184,0.894874022589053,0.7897247130193998,327,"all","NB#327","NB",327
548,558,18,27,0.96875,0.9681978798586572,0.96875,0.96875,0.9612403100775193,0.9609035621198957,0.921806002798951,327,"all","MLP#327","MLP",327
551,552,24,24,0.9583333333333334,0.9583333333333334,0.9583333333333334,0.9583333333333334,0.9583333333333334,0.9582971329278888,0.9165942028985506,328,"all","DT#328","DT",328
560,563,13,15,0.9774305555555556,0.9773123909249564,0.9774305555555556,0.9774305555555556,0.975736568457539,0.9756733275412685,0.9513464714567375,328,"all","RF#328","RF",328
507,549,27,68,0.953125,0.949438202247191,0.953125,0.953125,0.9203688181056161,0.9174630755864466,0.8349158084966007,328,"all","NB#328","NB",328
558,557,19,17,0.9704347826086956,0.9703832752613241,0.9704347826086956,0.9704347826086956,0.96875,0.9687228496959166,0.9374458410451659,328,"all","MLP#328","MLP",328
550,544,32,25,0.9565217391304348,0.9560632688927944,0.9565217391304348,0.9565217391304348,0.9507346585998271,0.950477845351868,0.9009566625956549,329,"all","DT#329","DT",329
559,552,24,16,0.9721739130434782,0.971830985915493,0.9721739130434782,0.9721739130434782,0.9654576856649396,0.9652476107732406,0.9304960085023127,329,"all","RF#329","RF",329
503,550,26,72,0.9548611111111112,0.9508506616257089,0.9548611111111112,0.9548611111111112,0.9181969949916529,0.9148566463944396,0.8297013379552325,329,"all","NB#329","NB",329
544,555,21,31,0.9635416666666666,0.9628318584070796,0.9635416666666666,0.9635416666666666,0.955249569707401,0.9548218940052129,0.9096423557118919,329,"all","MLP#329","MLP",329
537,545,31,38,0.9461805555555556,0.9454225352112676,0.9461805555555556,0.9461805555555556,0.9404659188955997,0.9400521285838401,0.8801028996381303,330,"all","DT#330","DT",330
553,556,20,22,0.9652777777777778,0.9650959860383944,0.9652777777777778,0.9652777777777778,0.9636048526863085,0.9635099913119027,0.9270197071851063,330,"all","RF#330","RF",330
493,552,24,82,0.9583333333333334,0.9535783365570599,0.9583333333333334,0.9583333333333334,0.912396694214876,0.9079061685490878,0.8157960691002534,330,"all","NB#330","NB",330
548,559,17,27,0.9704861111111112,0.9699115044247788,0.9704861111111112,0.9704861111111112,0.9621342512908778,0.9617723718505647,0.9235435317562162,330,"all","MLP#330","MLP",330
549,549,27,26,0.9547826086956521,0.9547826086956521,0.9547826086956521,0.9547826086956521,0.9539530842745438,0.9539530842745438,0.9079062380642542,331,"all","DT#331","DT",331
560,552,24,15,0.9739130434782609,0.9735449735449735,0.9739130434782609,0.9739130434782609,0.9663503019844694,0.9661164205039097,0.9322337105927003,331,"all","RF#331","RF",331
546,456,120,29,0.9495652173913044,0.9402061855670103,0.9495652173913044,0.9495652173913044,0.8799355358581789,0.8705473501303215,0.7411300681820584,331,"all","NB#331","NB",331
553,551,25,22,0.9617391304347827,0.9616055846422339,0.9617391304347827,0.9617391304347827,0.9592367736339984,0.9591659426585578,0.9183321935438096,331,"all","MLP#331","MLP",331
540,559,17,35,0.9704861111111112,0.9694793536804309,0.9704861111111112,0.9704861111111112,0.9555555555555555,0.9548218940052129,0.9096412644063396,332,"all","DT#332","DT",332
555,563,13,20,0.9774305555555556,0.977112676056338,0.9774305555555556,0.9774305555555556,0.9715271786022432,0.9713292788879235,0.942657908522584,332,"all","RF#332","RF",332
523,538,38,52,0.9340277777777778,0.9322638146167558,0.9340277777777778,0.9340277777777778,0.9228130360205832,0.9218071242397915,0.8436108251080187,332,"all","NB#332","NB",332
552,556,20,23,0.9652777777777778,0.965034965034965,0.9652777777777778,0.9652777777777778,0.9627705627705628,0.9626411815812337,0.9252819683664026,332,"all","MLP#332","MLP",332
533,547,29,42,0.9496527777777778,0.9483985765124555,0.9496527777777778,0.9496527777777778,0.9390557939914164,0.9383145091225021,0.8766265038414098,333,"all","DT#333","DT",333
557,556,20,18,0.9686956521739131,0.9686411149825784,0.9686956521739131,0.9686956521739131,0.967013888888889,0.9669852302345786,0.9339706099921196,333,"all","RF#333","RF",333
508,544,32,67,0.9444444444444444,0.9407407407407408,0.9444444444444444,0.9444444444444444,0.9165964616680707,0.9139878366637706,0.8279664535414762,333,"all","NB#333","NB",333
554,552,24,21,0.9634782608695652,0.9633507853403142,0.9634782608695652,0.9634782608695652,0.960971379011275,0.9609035621198957,0.9218074193504558,333,"all","MLP#333","MLP",333
549,548,28,26,0.9547826086956521,0.9547038327526133,0.9547826086956521,0.9547826086956521,0.953125,0.9530842745438749,0.906168761567749,334,"all","DT#334","DT",334
561,559,17,14,0.9756521739130435,0.9755671902268761,0.9756521739130435,0.9756521739130435,0.9731136166522117,0.9730668983492615,0.9461339999969808,334,"all","RF#334","RF",334
485,558,18,90,0.96875,0.9642147117296223,0.96875,0.96875,0.911764705882353,0.9061685490877498,0.8123165561474074,334,"all","NB#334","NB",334
555,556,20,20,0.9652777777777778,0.9652777777777778,0.9652777777777778,0.9652777777777778,0.9652777777777778,0.9652476107732406,0.9304951690821255,334,"all","MLP#334","MLP",334
552,546,30,23,0.96,0.9595782073813708,0.96,0.96,0.9541918755401901,0.9539530842745438,0.9079070722380649,335,"all","DT#335","DT",335
562,561,15,13,0.9773913043478261,0.9773519163763066,0.9773913043478261,0.9773913043478261,0.9756944444444444,0.9756733275412685,0.9513467652573513,335,"all","RF#335","RF",335
401,563,13,174,0.9774305555555556,0.9685990338164251,0.9774305555555556,0.9774305555555556,0.8575780654988576,0.8375325803649001,0.6749859189809116,335,"all","NB#335","NB",335
565,552,24,10,0.9826086956521739,0.9822064056939501,0.9826086956521739,0.9826086956521739,0.9707903780068727,0.9704604691572546,0.9409221423460253,335,"all","MLP#335","MLP",335
544,547,29,31,0.9496527777777778,0.9493891797556719,0.9496527777777778,0.9496527777777778,0.9480069324090121,0.947871416159861,0.8957424388358661,336,"all","DT#336","DT",336
560,553,23,15,0.9739130434782609,0.9735915492957746,0.9739130434782609,0.9739130434782609,0.9671848013816926,0.9669852302345786,0.9339712080771971,336,"all","RF#336","RF",336
522,529,47,53,0.9184027777777778,0.9173989455184535,0.9184027777777778,0.9184027777777778,0.9136442141623489,0.9131190269331017,0.8262363487591977,336,"all","NB#336","NB",336
556,548,28,19,0.9669565217391304,0.9664902998236331,0.9669565217391304,0.9669565217391304,0.9594477998274374,0.9591659426585578,0.9183329332783825,336,"all","MLP#336","MLP",336
547,551,25,28,0.9565972222222222,0.9562937062937062,0.9565972222222222,0.9565972222222222,0.954112554112554,0.9539530842745438,0.9079056819399846,337,"all","DT#337","DT",337
563,561,15,12,0.9791304347826087,0.9790575916230366,0.9791304347826087,0.9791304347826087,0.976582827406765,0.9765421372719374,0.9530844516102736,337,"all","RF#337","RF",337
538,538,38,37,0.9356521739130435,0.9356521739130435,0.9356521739130435,0.9356521739130435,0.9348392701998262,0.9348392701998263,0.869678638770171,337,"all","NB#337","NB",337
558,561,15,17,0.9739583333333334,0.9738219895287958,0.9739583333333334,0.9739583333333334,0.9722703639514731,0.9721980886185926,0.9443959673791287,337,"all","MLP#337","MLP",337
537,543,33,38,0.9427083333333334,0.9421052631578948,0.9427083333333334,0.9427083333333334,0.9386343993085566,0.9383145091225021,0.8766279938707265,338,"all","DT#338","DT",338
553,553,23,22,0.9617391304347827,0.9617391304347827,0.9617391304347827,0.9617391304347827,0.9609035621198958,0.9609035621198957,0.9218071832621025,338,"all","RF#338","RF",338
498,552,24,77,0.9583333333333334,0.9540229885057471,0.9583333333333334,0.9583333333333334,0.9161825726141078,0.9122502172024327,0.8244862587133331,338,"all","NB#338","NB",338
550,547,29,25,0.9565217391304348,0.9562937062937062,0.9565217391304348,0.9565217391304348,0.953206239168111,0.9530842745438749,0.9061690448729175,338,"all","MLP#338","MLP",338
549,538,38,26,0.9547826086956521,0.9539007092198581,0.9547826086956521,0.9547826086956521,0.9449225473321858,0.944396177237185,0.8887942851276849,339,"all","DT#339","DT",339
563,558,18,12,0.9791304347826087,0.9789473684210527,0.9791304347826087,0.9791304347826087,0.9740484429065743,0.9739357080799305,0.947871848986875,339,"all","RF#339","RF",339
494,536,40,81,0.9305555555555556,0.9250936329588015,0.9305555555555556,0.9305555555555556,0.8985750209555743,0.894874022589053,0.7897348718746179,339,"all","NB#339","NB",339
558,550,26,17,0.9704347826086956,0.9700176366843033,0.9704347826086956,0.9704347826086956,0.9628990509059535,0.9626411815812337,0.9252833219355413,339,"all","MLP#339","MLP",339
554,537,39,21,0.9634782608695652,0.9623655913978495,0.9634782608695652,0.9634782608695652,0.9486301369863014,0.947871416159861,0.8957455866235519,340,"all","DT#340","DT",340
566,550,26,9,0.9843478260869565,0.9838998211091234,0.9843478260869565,0.9843478260869565,0.9700085689802914,0.9695916594265855,0.9391848337225644,340,"all","RF#340","RF",340
536,527,49,39,0.9321739130434783,0.931095406360424,0.9321739130434783,0.9321739130434783,0.9241379310344828,0.9235447437011295,0.8470916803792214,340,"all","NB#340","NB",340
559,549,27,16,0.9721739130434782,0.9716814159292035,0.9721739130434782,0.9721739130434782,0.9629629629629629,0.9626411815812337,0.9252835475256298,340,"all","MLP#340","MLP",340
543,547,29,32,0.9496527777777778,0.9493006993006993,0.9496527777777778,0.9496527777777778,0.9471861471861472,0.947002606429192,0.8940046527988502,341,"all","DT#341","DT",341
557,557,19,18,0.9686956521739131,0.9686956521739131,0.9686956521739131,0.9686956521739131,0.9678540399652477,0.9678540399652477,0.9357081284599512,341,"all","RF#341","RF",341
506,557,19,69,0.9670138888888888,0.9638095238095238,0.9670138888888888,0.9670138888888888,0.9267886855241264,0.9235447437011295,0.8470778289424021,341,"all","NB#341","NB",341
552,559,17,23,0.9704861111111112,0.9701230228471002,0.9704861111111112,0.9704861111111112,0.9654576856649395,0.9652476107732406,0.930494539503679,341,"all","MLP#341","MLP",341
549,545,31,26,0.9547826086956521,0.9544658493870403,0.9547826086956521,0.9547826086956521,0.9506493506493506,0.950477845351868,0.9009563635540191,342,"all","DT#342","DT",342
560,560,16,15,0.9739130434782609,0.9739130434782609,0.9739130434782609,0.9739130434782609,0.9730668983492615,0.9730668983492615,0.9461338373583374,342,"all","RF#342","RF",342
503,548,28,72,0.9513888888888888,0.9472693032015066,0.9513888888888888,0.9513888888888888,0.9163879598662208,0.9131190269331017,0.8262263797716032,342,"all","NB#342","NB",342
556,550,26,19,0.9669565217391304,0.9666080843585237,0.9669565217391304,0.9669565217391304,0.9611063094209161,0.9609035621198957,0.9218078915228852,342,"all","MLP#342","MLP",342
542,546,30,33,0.9479166666666666,0.9475524475524476,0.9479166666666666,0.9479166666666666,0.9454545454545454,0.945264986967854,0.8905293955135666,343,"all","DT#343","DT",343
563,556,20,12,0.9791304347826087,0.9788732394366197,0.9791304347826087,0.9791304347826087,0.9723661485319517,0.9721980886185926,0.9443968068018503,343,"all","RF#343","RF",343
505,550,26,70,0.9548611111111112,0.9510357815442562,0.9548611111111112,0.9548611111111112,0.9197324414715718,0.9165942658557776,0.8331773245807391,343,"all","NB#343","NB",343
556,554,22,19,0.9669565217391304,0.9668411867364747,0.9669565217391304,0.9669565217391304,0.9644405897658281,0.9643788010425717,0.9287578709637487,343,"all","MLP#343","MLP",343
555,546,30,20,0.9652173913043478,0.9646643109540636,0.9652173913043478,0.9652173913043478,0.9568965517241379,0.9565595134665508,0.9131202729427393,344,"all","DT#344","DT",344
561,558,18,14,0.9756521739130435,0.9755244755244755,0.9756521739130435,0.9756521739130435,0.9722703639514731,0.9721980886185926,0.944396471035803,344,"all","RF#344","RF",344
467,563,13,108,0.9774305555555556,0.9729166666666667,0.9774305555555556,0.9774305555555556,0.9029671210906175,0.894874022589053,0.7897177282369905,344,"all","NB#344","NB",344
558,548,28,17,0.9704347826086956,0.9699115044247788,0.9704347826086956,0.9704347826086956,0.9612403100775193,0.9609035621198957,0.9218083636896125,344,"all","MLP#344","MLP",344
551,548,28,24,0.9582608695652174,0.958041958041958,0.9582608695652174,0.9582608695652174,0.9549393414211439,0.9548218940052129,0.9096442654331798,345,"all","DT#345","DT",345
560,563,13,15,0.9774305555555556,0.9773123909249564,0.9774305555555556,0.9774305555555556,0.975736568457539,0.9756733275412685,0.9513464714567375,345,"all","RF#345","RF",345
517,545,31,58,0.9461805555555556,0.9434306569343066,0.9461805555555556,0.9461805555555556,0.9245122985581,0.9226759339704604,0.8453454473536813,345,"all","NB#345","NB",345
547,559,17,28,0.9704861111111112,0.9698581560283688,0.9704861111111112,0.9704861111111112,0.9613069647463457,0.9609035621198957,0.9218057667020436,345,"all","MLP#345","MLP",345
546,545,31,29,0.9495652173913044,0.9494773519163763,0.9495652173913044,0.9495652173913044,0.9479166666666667,0.947871416159861,0.89574306840861,346,"all","DT#346","DT",346
562,554,22,13,0.9773913043478261,0.9770723104056437,0.9773913043478261,0.9773913043478261,0.9698015530629852,0.9695916594265855,0.9391840992498591,346,"all","RF#346","RF",346
538,509,67,37,0.9356521739130435,0.9322344322344323,0.9356521739130435,0.9356521739130435,0.911864406779661,0.9096437880104257,0.8192956236885407,346,"all","NB#346","NB",346
554,544,32,21,0.9634782608695652,0.9628318584070796,0.9634782608695652,0.9634782608695652,0.954349698535745,0.9539530842745438,0.9079076283455437,346,"all","MLP#346","MLP",346
553,545,31,22,0.9617391304347827,0.9611992945326279,0.9617391304347827,0.9617391304347827,0.9542709232096636,0.9539530842745438,0.9079073502926439,347,"all","DT#347","DT",347
560,556,20,15,0.9739130434782609,0.9737302977232924,0.9739130434782609,0.9739130434782609,0.9696969696969697,0.9695916594265855,0.9391837320068538,347,"all","RF#347","RF",347
522,542,34,53,0.9409722222222222,0.9388489208633094,0.9409722222222222,0.9409722222222222,0.9257045260461144,0.9244135534317984,0.8488226564469693,347,"all","NB#347","NB",347
558,545,31,17,0.9704347826086956,0.9697508896797153,0.9704347826086956,0.9704347826086956,0.9587628865979382,0.9582971329278888,0.9165959656649768,347,"all","MLP#347","MLP",347
545,550,26,30,0.9548611111111112,0.9544658493870403,0.9548611111111112,0.9548611111111112,0.9515570934256056,0.9513466550825369,0.9026926491101999,348,"all","DT#348","DT",348
565,556,20,10,0.9826086956521739,0.9823321554770318,0.9826086956521739,0.9826086956521739,0.9741379310344828,0.9739357080799305,0.9478721637656435,348,"all","RF#348","RF",348
494,552,24,81,0.9583333333333334,0.9536679536679536,0.9583333333333334,0.9583333333333334,0.913151364764268,0.9087749782797567,0.8175341175191706,348,"all","NB#348","NB",348
559,554,22,16,0.9721739130434782,0.9719298245614035,0.9721739130434782,0.9721739130434782,0.9671280276816608,0.9669852302345786,0.9339710087167085,348,"all","MLP#348","MLP",348
559,541,35,16,0.9721739130434782,0.9712746858168761,0.9721739130434782,0.9721739130434782,0.9563729683490163,0.9556907037358818,0.9113838824067546,349,"all","DT#349","DT",349
561,550,26,14,0.9756521739130435,0.975177304964539,0.9756521739130435,0.9756521739130435,0.9655765920826161,0.9652476107732406,0.9304964282048029,349,"all","RF#349","RF",349
507,530,46,68,0.9201388888888888,0.9168173598553345,0.9201388888888888,0.9201388888888888,0.9028960817717204,0.9009556907037359,0.8019046526303713,349,"all","NB#349","NB",349
549,546,30,26,0.9547826086956521,0.9545454545454546,0.9547826086956521,0.9547826086956521,0.951473136915078,0.9513466550825369,0.9026938243126551,349,"all","MLP#349","MLP",349
541,556,20,34,0.9652777777777778,0.964349376114082,0.9652777777777778,0.9652777777777778,0.9536878216123498,0.9530842745438749,0.9061664950648112,350,"all","DT#350","DT",350
559,560,16,16,0.9722222222222222,0.9722222222222222,0.9722222222222222,0.9722222222222222,0.9722222222222222,0.9721980886185926,0.9443961352657005,350,"all","RF#350","RF",350
525,540,36,50,0.9375,0.9358288770053476,0.9375,0.9375,0.9262435677530018,0.9252823631624674,0.8505614551032177,350,"all","NB#350","NB",350
554,554,22,21,0.9634782608695652,0.9634782608695652,0.9634782608695652,0.9634782608695652,0.9626411815812338,0.9626411815812337,0.9252824195615648,350,"all","MLP#350","MLP",350
550,545,31,25,0.9565217391304348,0.956140350877193,0.9565217391304348,0.9565217391304348,0.9515570934256056,0.9513466550825369,0.9026941181088335,351,"all","DT#351","DT",351
562,557,19,13,0.9773913043478261,0.9771929824561404,0.9773913043478261,0.9773913043478261,0.972318339100346,0.9721980886185926,0.9443966389193336,351,"all","RF#351","RF",351
467,553,23,108,0.9600694444444444,0.9530612244897959,0.9600694444444444,0.9600694444444444,0.8940986257073564,0.8861859252823632,0.7723424654431804,351,"all","NB#351","NB",351
552,555,21,23,0.9635416666666666,0.9633507853403142,0.9635416666666666,0.9635416666666666,0.9618717504332754,0.9617723718505647,0.9235444551463018,351,"all","MLP#351","MLP",351
543,553,23,32,0.9600694444444444,0.9593639575971732,0.9600694444444444,0.9600694444444444,0.9526270456503014,0.952215464813206,0.9044295589764958,352,"all","DT#352","DT",352
557,557,19,18,0.9686956521739131,0.9686956521739131,0.9686956521739131,0.9686956521739131,0.9678540399652477,0.9678540399652477,0.9357081284599512,352,"all","RF#352","RF",352
501,548,28,74,0.9513888888888888,0.947069943289225,0.9513888888888888,0.9513888888888888,0.9148580968280468,0.9113814074717637,0.8227503721574867,352,"all","NB#352","NB",352
555,552,24,20,0.9652173913043478,0.965034965034965,0.9652173913043478,0.9652173913043478,0.9618717504332756,0.9617723718505647,0.923545147674229,352,"all","MLP#352","MLP",352
550,540,36,25,0.9565217391304348,0.9557522123893806,0.9565217391304348,0.9565217391304348,0.9474590869939706,0.947002606429192,0.8940068930014748,353,"all","DT#353","DT",353
562,549,27,13,0.9773913043478261,0.9768683274021353,0.9773913043478261,0.9773913043478261,0.9656357388316151,0.9652476107732406,0.9304966380541473,353,"all","RF#353","RF",353
519,541,35,56,0.9392361111111112,0.9368231046931408,0.9392361111111112,0.9392361111111112,0.9224211423699915,0.9209383145091226,0.8418714965299323,353,"all","NB#353","NB",353
548,546,30,27,0.9530434782608695,0.9528795811518325,0.9530434782608695,0.9530434782608695,0.9505637467476149,0.950477845351868,0.9009560645105775,353,"all","MLP#353","MLP",353
540,542,34,35,0.9409722222222222,0.9407665505226481,0.9409722222222222,0.9409722222222222,0.9401561144839549,0.9400521285838401,0.8801039856642295,354,"all","DT#354","DT",354
557,550,26,18,0.9686956521739131,0.9683098591549296,0.9686956521739131,0.9686956521739131,0.9620034542314335,0.9617723718505647,0.923545609352544,354,"all","RF#354","RF",354
478,549,27,97,0.953125,0.9465346534653465,0.953125,0.953125,0.8985270049099836,0.8922675933970461,0.7845122522005648,354,"all","NB#354","NB",354
558,549,27,17,0.9704347826086956,0.9699646643109541,0.9704347826086956,0.9704347826086956,0.9620689655172413,0.9617723718505647,0.9235458401896107,354,"all","MLP#354","MLP",354
546,543,33,29,0.9495652173913044,0.9493006993006993,0.9495652173913044,0.9495652173913044,0.9462738301559791,0.946133796698523,0.8922681626318683,355,"all","DT#355","DT",355
563,556,20,12,0.9791304347826087,0.9788732394366197,0.9791304347826087,0.9791304347826087,0.9723661485319517,0.9721980886185926,0.9443968068018503,355,"all","RF#355","RF",355
505,545,31,70,0.9461805555555556,0.9421641791044776,0.9461805555555556,0.9461805555555556,0.9151973131821999,0.9122502172024327,0.8244899684613074,355,"all","NB#355","NB",355
553,556,20,22,0.9652777777777778,0.9650959860383944,0.9652777777777778,0.9652777777777778,0.9636048526863085,0.9635099913119027,0.9270197071851063,355,"all","MLP#355","MLP",355
546,538,38,29,0.9495652173913044,0.9488536155202821,0.9495652173913044,0.9495652173913044,0.9421915444348576,0.9417897480451781,0.8835809899925877,356,"all","DT#356","DT",356
560,554,22,15,0.9739130434782609,0.9736379613356766,0.9739130434782609,0.9739130434782609,0.9680207433016422,0.9678540399652477,0.9357087108077058,356,"all","RF#356","RF",356
431,558,18,144,0.96875,0.9599109131403119,0.96875,0.96875,0.8732394366197183,0.8592528236316247,0.7184518794335879,356,"all","NB#356","NB",356
561,550,26,14,0.9756521739130435,0.975177304964539,0.9756521739130435,0.9756521739130435,0.9655765920826161,0.9652476107732406,0.9304964282048029,356,"all","MLP#356","MLP",356
547,542,34,28,0.951304347826087,0.9508771929824561,0.951304347826087,0.951304347826087,0.9463667820069205,0.946133796698523,0.8922684879062086,357,"all","DT#357","DT",357
556,548,28,19,0.9669565217391304,0.9664902998236331,0.9669565217391304,0.9669565217391304,0.9594477998274374,0.9591659426585578,0.9183329332783825,357,"all","RF#357","RF",357
543,478,98,32,0.9443478260869566,0.9372549019607843,0.9443478260869566,0.9443478260869566,0.8930921052631579,0.8870547350130321,0.7741318045001553,357,"all","NB#357","NB",357
562,549,27,13,0.9773913043478261,0.9768683274021353,0.9773913043478261,0.9773913043478261,0.9656357388316151,0.9652476107732406,0.9304966380541473,357,"all","MLP#357","MLP",357
550,540,36,25,0.9565217391304348,0.9557522123893806,0.9565217391304348,0.9565217391304348,0.9474590869939706,0.947002606429192,0.8940068930014748,358,"all","DT#358","DT",358
561,548,28,14,0.9756521739130435,0.9750889679715302,0.9756521739130435,0.9756521739130435,0.9639175257731959,0.9635099913119027,0.9270214699568549,358,"all","RF#358","RF",358
514,552,24,61,0.9583333333333334,0.9553903345724907,0.9583333333333334,0.9583333333333334,0.928511354079058,0.9261511728931364,0.8522939838125017,358,"all","NB#358","NB",358
556,544,32,19,0.9669565217391304,0.9662522202486679,0.9669565217391304,0.9669565217391304,0.9561478933791917,0.9556907037358818,0.9113830797402829,358,"all","MLP#358","MLP",358
549,545,31,26,0.9547826086956521,0.9544658493870403,0.9547826086956521,0.9547826086956521,0.9506493506493506,0.950477845351868,0.9009563635540191,359,"all","DT#359","DT",359
565,554,22,10,0.9826086956521739,0.9822695035460993,0.9826086956521739,0.9826086956521739,0.972461273666093,0.9721980886185926,0.9443971425638426,359,"all","RF#359","RF",359
506,549,27,69,0.953125,0.949343339587242,0.953125,0.953125,0.9195979899497487,0.9165942658557776,0.833177828304331,359,"all","NB#359","NB",359
560,550,26,15,0.9739130434782609,0.9734513274336283,0.9739130434782609,0.9739130434782609,0.9646856158484065,0.9643788010425717,0.9287587313616471,359,"all","MLP#359","MLP",359
551,540,36,24,0.9582608695652174,0.9574468085106383,0.9582608695652174,0.9582608695652174,0.9483648881239243,0.947871416159861,0.8957446423072046,360,"all","DT#360","DT",360
560,548,28,15,0.9739130434782609,0.9733570159857904,0.9739130434782609,0.9739130434782609,0.9630266552020637,0.9626411815812337,0.9252837731143561,360,"all","RF#360","RF",360
521,540,36,54,0.9375,0.9353680430879713,0.9375,0.9375,0.923076923076923,0.9218071242397915,0.84360988070328,360,"all","NB#360","NB",360
555,547,29,20,0.9652173913043478,0.9647266313932981,0.9652173913043478,0.9652173913043478,0.9577221742881795,0.9574283231972198,0.9148577389498029,360,"all","MLP#360","MLP",360
550,543,33,25,0.9565217391304348,0.9559859154929577,0.9565217391304348,0.9565217391304348,0.9499136442141624,0.9496090356211989,0.8992192123283534,361,"all","DT#361","DT",361
557,561,15,18,0.9739583333333334,0.9737762237762237,0.9739583333333334,0.9739583333333334,0.9714285714285714,0.9713292788879235,0.9426582547928206,361,"all","RF#361","RF",361
485,546,30,90,0.9479166666666666,0.941747572815534,0.9479166666666666,0.9479166666666666,0.9009900990099009,0.895742832319722,0.7914666183531116,361,"all","NB#361","NB",361
554,549,27,21,0.9634782608695652,0.9631578947368421,0.9634782608695652,0.9634782608695652,0.9584775086505191,0.9582971329278888,0.9165949583790002,361,"all","MLP#361","MLP",361
543,547,29,32,0.9496527777777778,0.9493006993006993,0.9496527777777778,0.9496527777777778,0.9471861471861472,0.947002606429192,0.8940046527988502,362,"all","DT#362","DT",362
558,551,25,17,0.9704347826086956,0.9700704225352113,0.9704347826086956,0.9704347826086956,0.9637305699481865,0.9635099913119027,0.9270208089274286,362,"all","RF#362","RF",362
499,551,25,76,0.9565972222222222,0.9522900763358778,0.9565972222222222,0.9565972222222222,0.916043225270158,0.9122502172024327,0.824486788686931,362,"all","NB#362","NB",362
556,552,24,19,0.9669565217391304,0.9667250437828371,0.9669565217391304,0.9669565217391304,0.9627705627705627,0.9626411815812337,0.9252828707512775,362,"all","MLP#362","MLP",362
548,538,38,27,0.9530434782608695,0.952212389380531,0.9530434782608695,0.9530434782608695,0.9440137812230835,0.9435273675065161,0.8870565253294406,363,"all","DT#363","DT",363
565,552,24,10,0.9826086956521739,0.9822064056939501,0.9826086956521739,0.9826086956521739,0.9707903780068727,0.9704604691572546,0.9409221423460253,363,"all","RF#363","RF",363
517,540,36,58,0.9375,0.9349005424954792,0.9375,0.9375,0.9199318568994889,0.9183318853171155,0.8366582223443411,363,"all","NB#363","NB",363
557,550,26,18,0.9686956521739131,0.9683098591549296,0.9686956521739131,0.9686956521739131,0.9620034542314335,0.9617723718505647,0.923545609352544,363,"all","MLP#363","MLP",363
549,543,33,26,0.9547826086956521,0.9543057996485061,0.9547826086956521,0.9547826086956521,0.9490060501296457,0.94874022589053,0.8974814577744498,364,"all","DT#364","DT",364
564,551,25,11,0.9808695652173913,0.9804270462633452,0.9808695652173913,0.9808695652173913,0.9690721649484536,0.9687228496959166,0.9374469742487327,364,"all","RF#364","RF",364
543,523,53,32,0.9443478260869566,0.9423423423423424,0.9443478260869566,0.9443478260869566,0.9274124679760889,0.9261511728931364,0.8523069165983567,364,"all","NB#364","NB",364
555,558,18,20,0.96875,0.9685863874345549,0.96875,0.96875,0.9670710571923744,0.9669852302345786,0.9339702112627152,364,"all","MLP#364","MLP",364
539,543,33,36,0.9427083333333334,0.9423076923076923,0.9427083333333334,0.9427083333333334,0.9402597402597404,0.9400521285838401,0.8801036236577159,365,"all","DT#365","DT",365
562,560,16,13,0.9773913043478261,0.9773123909249564,0.9773913043478261,0.9773913043478261,0.9748482220294883,0.9748045178105995,0.9496092258036273,365,"all","RF#365","RF",365
516,543,33,59,0.9427083333333334,0.9398907103825137,0.9427083333333334,0.9427083333333334,0.9219015280135823,0.9200695047784535,0.8401326139009079,365,"all","NB#365","NB",365
562,557,19,13,0.9773913043478261,0.9771929824561404,0.9773913043478261,0.9773913043478261,0.972318339100346,0.9721980886185926,0.9443966389193336,365,"all","MLP#365","MLP",365
542,549,27,33,0.953125,0.9525483304042179,0.953125,0.953125,0.9481865284974094,0.947871416159861,0.8957418092555187,366,"all","DT#366","DT",366
559,560,16,16,0.9722222222222222,0.9722222222222222,0.9722222222222222,0.9722222222222222,0.9722222222222222,0.9721980886185926,0.9443961352657005,366,"all","RF#366","RF",366
476,556,20,99,0.9652777777777778,0.9596774193548387,0.9652777777777778,0.9652777777777778,0.9033306255077173,0.896611642050391,0.7931984641888149,366,"all","NB#366","NB",366
535,556,20,40,0.9652777777777778,0.963963963963964,0.9652777777777778,0.9652777777777778,0.9488054607508531,0.947871416159861,0.8957396056644223,366,"all","MLP#366","MLP",366
539,552,24,36,0.9583333333333334,0.9573712255772646,0.9583333333333334,0.9583333333333334,0.9484536082474228,0.947871416159861,0.8957408648707404,367,"all","DT#367","DT",367
555,560,16,20,0.9722222222222222,0.9719789842381786,0.9722222222222222,0.9722222222222222,0.9688581314878894,0.9687228496959166,0.9374452744279856,367,"all","RF#367","RF",367
505,537,39,70,0.9322916666666666,0.9283088235294118,0.9322916666666666,0.9322916666666666,0.9078613693998309,0.9052997393570807,0.8105904714743594,367,"all","NB#367","NB",367
553,554,22,22,0.9618055555555556,0.9618055555555556,0.9618055555555556,0.9618055555555556,0.9618055555555556,0.9617723718505647,0.9235446859903382,367,"all","MLP#367","MLP",367
545,545,31,30,0.9478260869565217,0.9478260869565217,0.9478260869565217,0.9478260869565217,0.9470026064291919,0.947002606429192,0.8940052928664057,368,"all","DT#368","DT",368
562,550,26,13,0.9773913043478261,0.9769094138543517,0.9773913043478261,0.9773913043478261,0.9664660361134996,0.9661164205039097,0.9322341198013928,368,"all","RF#368","RF",368
550,472,104,25,0.9565217391304348,0.9496981891348089,0.9565217391304348,0.9565217391304348,0.8950366151342555,0.8879235447437012,0.7758736503345767,368,"all","NB#368","NB",368
561,549,27,14,0.9756521739130435,0.9751332149200711,0.9756521739130435,0.9756521739130435,0.9647463456577816,0.9643788010425717,0.9287589464578745,368,"all","MLP#368","MLP",368
550,545,31,25,0.9565217391304348,0.956140350877193,0.9565217391304348,0.9565217391304348,0.9515570934256056,0.9513466550825369,0.9026941181088335,369,"all","DT#369","DT",369
561,550,26,14,0.9756521739130435,0.975177304964539,0.9756521739130435,0.9756521739130435,0.9655765920826161,0.9652476107732406,0.9304964282048029,369,"all","RF#369","RF",369
553,499,77,22,0.9617391304347827,0.9577735124760077,0.9617391304347827,0.9617391304347827,0.9178423236514524,0.9139878366637706,0.8279898257240114,369,"all","NB#369","NB",369
558,542,34,17,0.9704347826086956,0.9695885509838998,0.9704347826086956,0.9704347826086956,0.9562982005141388,0.9556907037358818,0.9113836148528797,369,"all","MLP#369","MLP",369
552,535,41,23,0.96,0.9587813620071685,0.96,0.96,0.9452054794520548,0.944396177237185,0.8887952923984552,370,"all","DT#370","DT",370
560,555,21,15,0.9739130434782609,0.9736842105263158,0.9739130434782609,0.9739130434782609,0.9688581314878892,0.9687228496959166,0.9374462187842502,370,"all","RF#370","RF",370
517,543,33,58,0.9427083333333334,0.94,0.9427083333333334,0.9427083333333334,0.9226847918436704,0.9209383145091226,0.841870541611625,370,"all","NB#370","NB",370
557,546,30,18,0.9686956521739131,0.9680851063829787,0.9686956521739131,0.9686956521739131,0.9586919104991394,0.9582971329278888,0.9165957138457635,370,"all","MLP#370","MLP",370
545,542,34,30,0.9478260869565217,0.9475524475524476,0.9478260869565217,0.9478260869565217,0.9445407279029463,0.944396177237185,0.8887929420716059,371,"all","DT#371","DT",371
561,557,19,14,0.9756521739130435,0.9754816112084063,0.9756521739130435,0.9756521739130435,0.9714285714285715,0.9713292788879235,0.9426589473207478,371,"all","RF#371","RF",371
496,553,23,79,0.9600694444444444,0.9556840077071291,0.9600694444444444,0.9600694444444444,0.9155629139072847,0.9113814074717637,0.8227476960612612,371,"all","NB#371","NB",371
559,554,22,16,0.9721739130434782,0.9719298245614035,0.9721739130434782,0.9721739130434782,0.9671280276816608,0.9669852302345786,0.9339710087167085,371,"all","MLP#371","MLP",371
542,533,43,33,0.9426086956521739,0.941696113074205,0.9426086956521739,0.9426086956521739,0.9344827586206897,0.9339704604691572,0.8679428148729638,372,"all","DT#372","DT",372
555,551,25,20,0.9652173913043478,0.9649737302977233,0.9652173913043478,0.9652173913043478,0.961038961038961,0.9609035621198957,0.9218076554373834,372,"all","RF#372","RF",372
502,542,34,73,0.9409722222222222,0.9365671641791045,0.9409722222222222,0.9409722222222222,0.9101595298068849,0.9070373588184187,0.8140636299540582,372,"all","NB#372","NB",372
545,548,28,30,0.9513888888888888,0.9511343804537522,0.9513888888888888,0.9513888888888888,0.9497400346620452,0.9496090356211989,0.8992176908746704,372,"all","MLP#372","MLP",372
555,545,31,20,0.9652173913043478,0.9646017699115044,0.9652173913043478,0.9652173913043478,0.9560723514211885,0.9556907037358818,0.9113828121815609,373,"all","DT#373","DT",373
561,558,18,14,0.9756521739130435,0.9755244755244755,0.9756521739130435,0.9756521739130435,0.9722703639514731,0.9721980886185926,0.944396471035803,373,"all","RF#373","RF",373
508,543,33,67,0.9427083333333334,0.9390018484288355,0.9427083333333334,0.9427083333333334,0.9156829679595279,0.9131190269331017,0.8262290033002901,373,"all","NB#373","NB",373
562,535,41,13,0.9773913043478261,0.9762773722627737,0.9773913043478261,0.9773913043478261,0.9541595925297114,0.9530842745438749,0.9061724444015048,373,"all","MLP#373","MLP",373
548,548,28,27,0.9530434782608695,0.9530434782608695,0.9530434782608695,0.9530434782608695,0.9522154648132058,0.952215464813206,0.9044310017647922,374,"all","DT#374","DT",374
553,549,27,22,0.9617391304347827,0.9614711033274956,0.9617391304347827,0.9617391304347827,0.9575757575757575,0.9574283231972198,0.9148572248095954,374,"all","RF#374","RF",374
501,540,36,74,0.9375,0.9329608938547486,0.9375,0.9375,0.907563025210084,0.9044309296264118,0.8088507492881536,374,"all","NB#374","NB",374
560,541,35,15,0.9739130434782609,0.9730215827338129,0.9739130434782609,0.9739130434782609,0.9572649572649573,0.9565595134665508,0.9131215844932217,374,"all","MLP#374","MLP",374
529,545,31,46,0.9461805555555556,0.9446428571428571,0.9461805555555556,0.9461805555555556,0.934018851756641,0.9331016507384883,0.8662001705956506,375,"all","DT#375","DT",375
552,562,14,23,0.9756944444444444,0.9752650176678446,0.9756944444444444,0.9756944444444444,0.9681309216192938,0.9678540399652477,0.9357071578569154,375,"all","RF#375","RF",375
460,565,11,115,0.9809027777777778,0.9766454352441614,0.9809027777777778,0.9809027777777778,0.8996815286624205,0.8905299739357081,0.7810254025390461,375,"all","NB#375","NB",375
545,548,28,30,0.9513888888888888,0.9511343804537522,0.9513888888888888,0.9513888888888888,0.9497400346620452,0.9496090356211989,0.8992176908746704,375,"all","MLP#375","MLP",375
548,554,22,27,0.9618055555555556,0.9614035087719298,0.9618055555555556,0.9618055555555556,0.9576490924805532,0.9574283231972198,0.91485593943191,376,"all","DT#376","DT",376
562,564,12,13,0.9791666666666666,0.9790940766550522,0.9791666666666666,0.9791666666666666,0.9783174327840415,0.9782797567332754,0.9565594150957353,376,"all","RF#376","RF",376
517,547,29,58,0.9496527777777778,0.9468864468864469,0.9496527777777778,0.9496527777777778,0.9263336155800169,0.9244135534317984,0.848820374080387,376,"all","NB#376","NB",376
561,558,18,14,0.9756521739130435,0.9755244755244755,0.9756521739130435,0.9756521739130435,0.9722703639514731,0.9721980886185926,0.944396471035803,376,"all","MLP#376","MLP",376
548,541,35,27,0.9530434782608695,0.9524647887323944,0.9530434782608695,0.9530434782608695,0.9464594127806563,0.946133796698523,0.8922688131785849,377,"all","DT#377","DT",377
557,555,21,18,0.9686956521739131,0.9685863874345549,0.9686956521739131,0.9686956521739131,0.966175195143105,0.9661164205039097,0.9322330967703952,377,"all","RF#377","RF",377
495,554,22,80,0.9618055555555556,0.9574468085106383,0.9618055555555556,0.9618055555555556,0.915702479338843,0.9113814074717637,0.8227471608323192,377,"all","NB#377","NB",377
549,554,22,26,0.9618055555555556,0.9614711033274956,0.9618055555555556,0.9618055555555556,0.9584775086505191,0.9582971329278888,0.9165936992373142,377,"all","MLP#377","MLP",377
553,545,31,22,0.9617391304347827,0.9611992945326279,0.9617391304347827,0.9617391304347827,0.9542709232096636,0.9539530842745438,0.9079073502926439,378,"all","DT#378","DT",378
560,553,23,15,0.9739130434782609,0.9735915492957746,0.9739130434782609,0.9739130434782609,0.9671848013816926,0.9669852302345786,0.9339712080771971,378,"all","RF#378","RF",378
515,550,26,60,0.9548611111111112,0.9519408502772643,0.9548611111111112,0.9548611111111112,0.927487352445194,0.9252823631624674,0.8505569428382495,378,"all","NB#378","NB",378
558,551,25,17,0.9704347826086956,0.9700704225352113,0.9704347826086956,0.9704347826086956,0.9637305699481865,0.9635099913119027,0.9270208089274286,378,"all","MLP#378","MLP",378
544,549,27,31,0.953125,0.9527145359019265,0.953125,0.953125,0.9498269896193772,0.9496090356211989,0.8992173865784213,379,"all","DT#379","DT",379
563,559,17,12,0.9791304347826087,0.978984238178634,0.9791304347826087,0.9791304347826087,0.9748917748917749,0.9748045178105995,0.9496093779485361,379,"all","RF#379","RF",379
505,553,23,70,0.9600694444444444,0.9564393939393939,0.9600694444444444,0.9600694444444444,0.9224353628023353,0.9192006950477846,0.8383898012087211,379,"all","NB#379","NB",379
562,556,20,13,0.9773913043478261,0.9771528998242531,0.9773913043478261,0.9773913043478261,0.9714779602420052,0.9713292788879235,0.9426591204501159,379,"all","MLP#379","MLP",379
545,541,35,30,0.9478260869565217,0.9474605954465849,0.9478260869565217,0.9478260869565217,0.9437229437229439,0.9435273675065161,0.8870555022984429,380,"all","DT#380","DT",380
554,559,17,21,0.9704861111111112,0.9702276707530648,0.9704861111111112,0.9704861111111112,0.9671280276816608,0.9669852302345786,0.9339700118962071,380,"all","RF#380","RF",380
527,523,53,48,0.9165217391304348,0.9159369527145359,0.9165217391304348,0.9165217391304348,0.9125541125541127,0.9122502172024327,0.8245016266483497,380,"all","NB#380","NB",380
554,561,15,21,0.9739583333333334,0.9736379613356766,0.9739583333333334,0.9739583333333334,0.9689119170984456,0.9687228496959166,0.9374450855533112,380,"all","MLP#380","MLP",380
546,550,26,29,0.9548611111111112,0.9545454545454546,0.9548611111111112,0.9548611111111112,0.9523809523809524,0.952215464813206,0.9044304246547011,381,"all","DT#381","DT",381
555,557,19,20,0.9670138888888888,0.9668989547038328,0.9670138888888888,0.9670138888888888,0.9661751951431049,0.9661164205039097,0.9322326875493472,381,"all","RF#381","RF",381
503,537,39,72,0.9322916666666666,0.9280442804428044,0.9322916666666666,0.9322916666666666,0.9063291139240506,0.9035621198957429,0.8071144848701702,381,"all","NB#381","NB",381
546,559,17,29,0.9704861111111112,0.9698046181172292,0.9704861111111112,0.9704861111111112,0.9604810996563574,0.9600347523892268,0.920067996400901,381,"all","MLP#381","MLP",381
545,546,30,30,0.9479166666666666,0.9479166666666666,0.9479166666666666,0.9479166666666666,0.9479166666666666,0.947871416159861,0.8957427536231884,382,"all","DT#382","DT",382
558,550,26,17,0.9704347826086956,0.9700176366843033,0.9704347826086956,0.9704347826086956,0.9628990509059535,0.9626411815812337,0.9252833219355413,382,"all","RF#382","RF",382
440,557,19,135,0.9670138888888888,0.9586056644880174,0.9670138888888888,0.9670138888888888,0.8785488958990535,0.8662033014769766,0.7323595315604786,382,"all","NB#382","NB",382
553,549,27,22,0.9617391304347827,0.9614711033274956,0.9617391304347827,0.9617391304347827,0.9575757575757575,0.9574283231972198,0.9148572248095954,382,"all","MLP#382","MLP",382
536,537,39,39,0.9322916666666666,0.9322916666666666,0.9322916666666666,0.9322916666666666,0.9322916666666666,0.9322328410078193,0.864465579710145,383,"all","DT#383","DT",383
561,554,22,14,0.9756521739130435,0.9753521126760564,0.9756521739130435,0.9756521739130435,0.9689119170984457,0.9687228496959166,0.9374464076520815,383,"all","RF#383","RF",383
543,518,58,32,0.9443478260869566,0.9418181818181818,0.9443478260869566,0.9443478260869566,0.923469387755102,0.9218071242397915,0.8436202685281072,383,"all","NB#383","NB",383
545,558,18,30,0.96875,0.9680284191829485,0.96875,0.96875,0.9587628865979382,0.9582971329278888,0.9165926918965922,383,"all","MLP#383","MLP",383
546,546,30,29,0.9495652173913044,0.9495652173913044,0.9495652173913044,0.9495652173913044,0.94874022589053,0.94874022589053,0.897480529165868,384,"all","DT#384","DT",384
559,563,13,16,0.9774305555555556,0.9772727272727273,0.9774305555555556,0.9774305555555556,0.9748917748917749,0.9748045178105995,0.9496087693633879,384,"all","RF#384","RF",384
442,562,14,133,0.9756944444444444,0.9692982456140351,0.9756944444444444,0.9756944444444444,0.8843430369787568,0.8722849695916595,0.7445238501482,384,"all","NB#384","NB",384
551,558,18,24,0.96875,0.968365553602812,0.96875,0.96875,0.9637305699481865,0.9635099913119027,0.9270192664788631,384,"all","MLP#384","MLP",384
545,538,38,30,0.9478260869565217,0.9471830985915493,0.9478260869565217,0.9478260869565217,0.9412780656303973,0.9409209383145091,0.8818432144539317,385,"all","DT#385","DT",385
557,552,24,18,0.9686956521739131,0.968421052631579,0.9686956521739131,0.9686956521739131,0.9636678200692042,0.9635099913119027,0.9270205885816253,385,"all","RF#385","RF",385
520,534,42,55,0.9270833333333334,0.9252669039145908,0.9270833333333334,0.9270833333333334,0.9167381974248927,0.9157254561251086,0.8314474770791093,385,"all","NB#385","NB",385
549,551,25,26,0.9565972222222222,0.9564459930313589,0.9565972222222222,0.9565972222222222,0.9557675628794449,0.9556907037358818,0.9113812067953001,385,"all","MLP#385","MLP",385
550,543,33,25,0.9565217391304348,0.9559859154929577,0.9565217391304348,0.9565217391304348,0.9499136442141624,0.9496090356211989,0.8992192123283534,386,"all","DT#386","DT",386
559,551,25,16,0.9721739130434782,0.9717813051146384,0.9721739130434782,0.9721739130434782,0.9646246764452113,0.9643788010425717,0.9287585162641208,386,"all","RF#386","RF",386
537,534,42,38,0.9339130434782609,0.9335664335664335,0.9339130434782609,0.9339130434782609,0.9306759098786829,0.9304952215464813,0.8609911775895074,386,"all","NB#386","NB",386
551,544,32,24,0.9582608695652174,0.9577464788732394,0.9582608695652174,0.9582608695652174,0.9516407599309155,0.9513466550825369,0.9026944119032378,386,"all","MLP#386","MLP",386
547,543,33,28,0.951304347826087,0.9509632224168126,0.951304347826087,0.951304347826087,0.9471861471861474,0.947002606429192,0.8940059329262309,387,"all","DT#387","DT",387
559,554,22,16,0.9721739130434782,0.9719298245614035,0.9721739130434782,0.9721739130434782,0.9671280276816608,0.9669852302345786,0.9339710087167085,387,"all","RF#387","RF",387
504,546,30,71,0.9479166666666666,0.9438202247191011,0.9479166666666666,0.9479166666666666,0.9153394803017603,0.9122502172024327,0.8244894385069125,387,"all","NB#387","NB",387
555,554,22,20,0.9652173913043478,0.9651567944250871,0.9652173913043478,0.9652173913043478,0.9635416666666666,0.9635099913119027,0.927020147886027,387,"all","MLP#387","MLP",387
539,539,37,36,0.9373913043478261,0.9373913043478261,0.9373913043478261,0.9373913043478261,0.9365768896611643,0.9365768896611643,0.8731538750696333,388,"all","DT#388","DT",388
556,554,22,19,0.9669565217391304,0.9668411867364747,0.9669565217391304,0.9669565217391304,0.9644405897658281,0.9643788010425717,0.9287578709637487,388,"all","RF#388","RF",388
490,543,33,85,0.9427083333333334,0.9369024856596558,0.9427083333333334,0.9427083333333334,0.9019933554817275,0.89748045178106,0.7949446514521067,388,"all","NB#388","NB",388
553,557,19,22,0.9670138888888888,0.9667832167832168,0.9670138888888888,0.9670138888888888,0.9645021645021645,0.9643788010425717,0.9287572256516863,388,"all","MLP#388","MLP",388
544,546,30,31,0.9479166666666666,0.9477351916376306,0.9479166666666666,0.9479166666666666,0.9470945359930616,0.947002606429192,0.8940049728335943,389,"all","DT#389","DT",389
560,560,16,15,0.9739130434782609,0.9739130434782609,0.9739130434782609,0.9739130434782609,0.9730668983492615,0.9730668983492615,0.9461338373583374,389,"all","RF#389","RF",389
514,536,40,61,0.9305555555555556,0.927797833935018,0.9305555555555556,0.9305555555555556,0.9138959931798806,0.9122502172024327,0.8244947379068479,389,"all","NB#389","NB",389
554,550,26,21,0.9634782608695652,0.9632224168126094,0.9634782608695652,0.9634782608695652,0.9593073593073593,0.9591659426585578,0.9183324401234895,389,"all","MLP#389","MLP",389
548,548,28,27,0.9530434782608695,0.9530434782608695,0.9530434782608695,0.9530434782608695,0.9522154648132058,0.952215464813206,0.9044310017647922,390,"all","DT#390","DT",390
558,564,12,17,0.9791666666666666,0.9789473684210527,0.9791666666666666,0.9791666666666666,0.9749351771823682,0.9748045178105995,0.9496086172148039,390,"all","RF#390","RF",390
537,530,46,38,0.9339130434782609,0.9330985915492958,0.9339130434782609,0.9339130434782609,0.927461139896373,0.9270199826238054,0.8540416178548568,390,"all","NB#390","NB",390
553,561,15,22,0.9739583333333334,0.9735915492957746,0.9739583333333334,0.9739583333333334,0.9680759275237273,0.9678540399652477,0.935707351979867,390,"all","MLP#390","MLP",390
552,544,32,23,0.96,0.9594356261022927,0.96,0.96,0.9525452976704055,0.952215464813206,0.9044321559640646,391,"all","DT#391","DT",391
562,553,23,13,0.9773913043478261,0.9770318021201413,0.9773913043478261,0.9773913043478261,0.9689655172413794,0.9687228496959166,0.9374465965187724,391,"all","RF#391","RF",391
478,549,27,97,0.953125,0.9465346534653465,0.953125,0.953125,0.8985270049099836,0.8922675933970461,0.7845122522005648,391,"all","NB#391","NB",391
557,549,27,18,0.9686956521739131,0.9682539682539683,0.9686956521739131,0.9686956521739131,0.9611734253666955,0.9609035621198957,0.9218081276069617,391,"all","MLP#391","MLP",391
550,542,34,25,0.9565217391304348,0.9559082892416225,0.9565217391304348,0.9565217391304348,0.9490940465918895,0.94874022589053,0.8974817673069055,392,"all","DT#392","DT",392
567,551,25,8,0.9860869565217392,0.9856887298747764,0.9860869565217392,0.9860869565217392,0.9717223650385605,0.9713292788879235,0.9426599860812751,392,"all","RF#392","RF",392
423,556,20,152,0.9652777777777778,0.9548532731376975,0.9652777777777778,0.9652777777777778,0.8660436137071652,0.8505647263249348,0.7010696576008505,392,"all","NB#392","NB",392
559,547,29,16,0.9721739130434782,0.9715808170515098,0.9721739130434782,0.9721739130434782,0.9613069647463456,0.9609035621198957,0.9218085997708377,392,"all","MLP#392","MLP",392
548,535,41,27,0.9530434782608695,0.9519572953736655,0.9530434782608695,0.9530434782608695,0.9415807560137457,0.9409209383145091,0.8818442846920505,393,"all","DT#393","DT",393
564,544,32,11,0.9808695652173913,0.9801801801801802,0.9808695652173913,0.9808695652173913,0.9632792485055508,0.9626411815812337,0.9252846754556392,393,"all","RF#393","RF",393
524,524,52,51,0.9113043478260869,0.9113043478260869,0.9113043478260869,0.9113043478260869,0.9105125977410946,0.9105125977410947,0.8210253305777016,393,"all","NB#393","NB",393
553,549,27,22,0.9617391304347827,0.9614711033274956,0.9617391304347827,0.9617391304347827,0.9575757575757575,0.9574283231972198,0.9148572248095954,393,"all","MLP#393","MLP",393
546,553,23,29,0.9600694444444444,0.9595782073813708,0.9600694444444444,0.9600694444444444,0.9550949913644214,0.9548218940052129,0.9096429013547829,394,"all","DT#394","DT",394
560,554,22,15,0.9739130434782609,0.9736379613356766,0.9739130434782609,0.9739130434782609,0.9680207433016422,0.9678540399652477,0.9357087108077058,394,"all","RF#394","RF",394
507,548,28,68,0.9513888888888888,0.9476635514018692,0.9513888888888888,0.9513888888888888,0.9194630872483223,0.9165942658557776,0.8331783320248809,394,"all","NB#394","NB",394
553,555,21,22,0.9635416666666666,0.9634146341463414,0.9635416666666666,0.9635416666666666,0.9627059843885516,0.9626411815812337,0.9252821939646647,394,"all","MLP#394","MLP",394
541,551,25,34,0.9565972222222222,0.9558303886925795,0.9565972222222222,0.9565972222222222,0.9491817398794143,0.94874022589053,0.8974789814475136,395,"all","DT#395","DT",395
559,554,22,16,0.9721739130434782,0.9719298245614035,0.9721739130434782,0.9721739130434782,0.9671280276816608,0.9669852302345786,0.9339710087167085,395,"all","RF#395","RF",395
488,552,24,87,0.9583333333333334,0.953125,0.9583333333333334,0.9583333333333334,0.908641975308642,0.9035621198957429,0.8071057482822189,395,"all","NB#395","NB",395
547,556,20,28,0.9652777777777778,0.9647266313932981,0.9652777777777778,0.9652777777777778,0.9586206896551724,0.9582971329278888,0.9165931955699947,395,"all","MLP#395","MLP",395
547,541,35,28,0.951304347826087,0.9507908611599297,0.951304347826087,0.951304347826087,0.9455488331892826,0.945264986967854,0.8905310481320394,396,"all","DT#396","DT",396
559,548,28,16,0.9721739130434782,0.9716312056737588,0.9721739130434782,0.9721739130434782,0.9621342512908777,0.9617723718505647,0.9235460710252834,396,"all","RF#396","RF",396
514,547,29,61,0.9496527777777778,0.9465930018416207,0.9496527777777778,0.9496527777777778,0.9239864864864864,0.9218071242397915,0.8436065751968694,396,"all","NB#396","NB",396
557,538,38,18,0.9686956521739131,0.9676258992805755,0.9686956521739131,0.9686956521739131,0.9521367521367521,0.9513466550825369,0.9026961746324084,396,"all","MLP#396","MLP",396
537,545,31,38,0.9461805555555556,0.9454225352112676,0.9461805555555556,0.9461805555555556,0.9404659188955997,0.9400521285838401,0.8801028996381303,397,"all","DT#397","DT",397
561,557,19,14,0.9756521739130435,0.9754816112084063,0.9756521739130435,0.9756521739130435,0.9714285714285715,0.9713292788879235,0.9426589473207478,397,"all","RF#397","RF",397
506,538,38,69,0.9340277777777778,0.9301470588235294,0.9340277777777778,0.9340277777777778,0.9095519864750634,0.9070373588184187,0.8140658756674904,397,"all","NB#397","NB",397
553,546,30,22,0.9617391304347827,0.9612676056338029,0.9617391304347827,0.9617391304347827,0.9550949913644214,0.9548218940052129,0.9096448110530067,397,"all","MLP#397","MLP",397
541,548,28,34,0.9513888888888888,0.9507908611599297,0.9513888888888888,0.9513888888888888,0.9464594127806563,0.946133796698523,0.8922665362307026,398,"all","DT#398","DT",398
558,551,25,17,0.9704347826086956,0.9700704225352113,0.9704347826086956,0.9704347826086956,0.9637305699481865,0.9635099913119027,0.9270208089274286,398,"all","RF#398","RF",398
493,556,20,82,0.9652777777777778,0.9610136452241715,0.9652777777777778,0.9652777777777778,0.9159802306425042,0.9113814074717637,0.8227460903647382,398,"all","NB#398","NB",398
555,544,32,20,0.9652173913043478,0.9645390070921985,0.9652173913043478,0.9652173913043478,0.9552495697074009,0.9548218940052129,0.909645356666244,398,"all","MLP#398","MLP",398
542,557,19,33,0.9670138888888888,0.966131907308378,0.9670138888888888,0.9670138888888888,0.9554030874785593,0.9548218940052129,0.9096418100624108,399,"all","DT#399","DT",399
561,565,11,14,0.9809027777777778,0.9807692307692307,0.9809027777777778,0.9809027777777778,0.9783549783549783,0.9782797567332754,0.956559283933955,399,"all","RF#399","RF",399
505,548,28,70,0.9513888888888888,0.9474671669793621,0.9513888888888888,0.9513888888888888,0.9179229480737019,0.9148566463944396,0.8297023663940045,399,"all","NB#399","NB",399
559,551,25,16,0.9721739130434782,0.9717813051146384,0.9721739130434782,0.9721739130434782,0.9646246764452113,0.9643788010425717,0.9287585162641208,399,"all","MLP#399","MLP",399
548,542,34,27,0.9530434782608695,0.9525483304042179,0.9530434782608695,0.9530434782608695,0.9472774416594643,0.947002606429192,0.8940062529532447,400,"all","DT#400","DT",400
559,553,23,16,0.9721739130434782,0.9718804920913884,0.9721739130434782,0.9721739130434782,0.9662921348314606,0.9661164205039097,0.9322335059865007,400,"all","RF#400","RF",400
520,536,40,55,0.9305555555555556,0.9285714285714286,0.9305555555555556,0.9305555555555556,0.9185946872322194,0.9174630755864466,0.8349222883972313,400,"all","NB#400","NB",400
537,550,26,38,0.9548611111111112,0.9538188277087034,0.9548611111111112,0.9548611111111112,0.9450171821305843,0.944396177237185,0.8887902558621231,400,"all","MLP#400","MLP",400
544,539,37,31,0.9460869565217391,0.9456140350877194,0.9460869565217391,0.9460869565217391,0.9411764705882352,0.9409209383145091,0.8818428577035835,401,"all","DT#401","DT",401
559,552,24,16,0.9721739130434782,0.971830985915493,0.9721739130434782,0.9721739130434782,0.9654576856649396,0.9652476107732406,0.9304960085023127,401,"all","RF#401","RF",401
506,544,32,69,0.9444444444444444,0.9405204460966543,0.9444444444444444,0.9444444444444444,0.9150546677880572,0.9122502172024327,0.824490498412502,401,"all","NB#401","NB",401
557,549,27,18,0.9686956521739131,0.9682539682539683,0.9686956521739131,0.9686956521739131,0.9611734253666955,0.9609035621198957,0.9218081276069617,401,"all","MLP#401","MLP",401
546,543,33,29,0.9495652173913044,0.9493006993006993,0.9495652173913044,0.9495652173913044,0.9462738301559791,0.946133796698523,0.8922681626318683,402,"all","DT#402","DT",402
560,553,23,15,0.9739130434782609,0.9735915492957746,0.9739130434782609,0.9739130434782609,0.9671848013816926,0.9669852302345786,0.9339712080771971,402,"all","RF#402","RF",402
416,564,12,159,0.9791666666666666,0.9719626168224299,0.9791666666666666,0.9791666666666666,0.8683602771362586,0.8514335360556038,0.7028008933141865,402,"all","NB#402","NB",402
552,544,32,23,0.96,0.9594356261022927,0.96,0.96,0.9525452976704055,0.952215464813206,0.9044321559640646,402,"all","MLP#402","MLP",402
548,553,23,27,0.9600694444444444,0.9597197898423818,0.9600694444444444,0.9600694444444444,0.9567474048442907,0.9565595134665508,0.9131184367055356,403,"all","DT#403","DT",403
558,554,22,17,0.9704347826086956,0.9702276707530648,0.9704347826086956,0.9704347826086956,0.9662337662337662,0.9661164205039097,0.9322333013790657,403,"all","RF#403","RF",403
515,533,43,60,0.9253472222222222,0.9229390681003584,0.9253472222222222,0.9253472222222222,0.9118905047048759,0.9105125977410947,0.8210204670107778,403,"all","NB#403","NB",403
552,557,19,23,0.9670138888888888,0.9667250437828371,0.9670138888888888,0.9670138888888888,0.9636678200692042,0.9635099913119027,0.92701948683265,403,"all","MLP#403","MLP",403
542,543,33,33,0.9427083333333334,0.9427083333333334,0.9427083333333334,0.9427083333333334,0.9427083333333334,0.9426585577758471,0.8853170289855071,404,"all","DT#404","DT",404
561,555,21,14,0.9756521739130435,0.9753954305799648,0.9756521739130435,0.9756521739130435,0.9697493517718238,0.9695916594265855,0.9391839156289108,404,"all","RF#404","RF",404
481,549,27,94,0.953125,0.9468503937007874,0.953125,0.953125,0.9007383100902377,0.894874022589053,0.7897266178795259,404,"all","NB#404","NB",404
560,548,28,15,0.9739130434782609,0.9733570159857904,0.9739130434782609,0.9739130434782609,0.9630266552020637,0.9626411815812337,0.9252837731143561,404,"all","MLP#404","MLP",404
554,545,31,21,0.9634782608695652,0.9628975265017667,0.9634782608695652,0.9634782608695652,0.9551724137931035,0.9548218940052129,0.9096450838604491,405,"all","DT#405","DT",405
561,559,17,14,0.9756521739130435,0.9755671902268761,0.9756521739130435,0.9756521739130435,0.9731136166522117,0.9730668983492615,0.9461339999969808,405,"all","RF#405","RF",405
532,524,52,43,0.9252173913043479,0.9241622574955908,0.9252173913043479,0.9252173913043479,0.9180327868852459,0.9174630755864466,0.834928269392475,405,"all","NB#405","NB",405
546,557,19,29,0.9670138888888888,0.9663716814159292,0.9670138888888888,0.9670138888888888,0.9586919104991394,0.9582971329278888,0.9165929437340539,405,"all","MLP#405","MLP",405
542,542,34,33,0.9426086956521739,0.9426086956521739,0.9426086956521739,0.9426086956521739,0.9417897480451781,0.9417897480451781,0.8835795839680195,406,"all","DT#406","DT",406
558,562,14,17,0.9756944444444444,0.9755244755244755,0.9756944444444444,0.9756944444444444,0.9731601731601731,0.9730668983492615,0.9461335120781043,406,"all","RF#406","RF",406
529,528,48,46,0.92,0.9198606271777003,0.92,0.92,0.9184027777777778,0.9183318853171155,0.836664140506822,406,"all","NB#406","NB",406
552,551,25,23,0.96,0.9599303135888502,0.96,0.96,0.9583333333333334,0.9582971329278888,0.9165944547268878,406,"all","MLP#406","MLP",406
544,539,37,31,0.9460869565217391,0.9456140350877194,0.9460869565217391,0.9460869565217391,0.9411764705882352,0.9409209383145091,0.8818428577035835,407,"all","DT#407","DT",407
560,556,20,15,0.9739130434782609,0.9737302977232924,0.9739130434782609,0.9739130434782609,0.9696969696969697,0.9695916594265855,0.9391837320068538,407,"all","RF#407","RF",407
524,536,40,51,0.9305555555555556,0.9290780141843972,0.9305555555555556,0.9305555555555556,0.9217540842648323,0.9209383145091226,0.841873883775244,407,"all","NB#407","NB",407
560,540,36,15,0.9739130434782609,0.972972972972973,0.9739130434782609,0.9739130434782609,0.9564474807856532,0.9556907037358818,0.911384149959014,407,"all","MLP#407","MLP",407
543,551,25,32,0.9565972222222222,0.9559859154929577,0.9565972222222222,0.9565972222222222,0.9508196721311476,0.950477845351868,0.9009545692662816,408,"all","DT#408","DT",408
553,560,16,22,0.9722222222222222,0.9718804920913884,0.9722222222222222,0.9722222222222222,0.9671848013816926,0.9669852302345786,0.9339698125284951,408,"all","RF#408","RF",408
508,532,44,67,0.9236111111111112,0.9202898550724637,0.9236111111111112,0.9236111111111112,0.9055319148936171,0.9035621198957429,0.8071173968902906,408,"all","NB#408","NB",408
528,550,26,47,0.9548611111111112,0.9530685920577617,0.9548611111111112,0.9548611111111112,0.937766410912191,0.9365768896611643,0.8731496620514843,408,"all","MLP#408","MLP",408
537,547,29,38,0.9496527777777778,0.9487632508833922,0.9496527777777778,0.9496527777777778,0.9422911283376398,0.9417897480451781,0.8835778263895494,409,"all","DT#409","DT",409
562,552,24,13,0.9773913043478261,0.9769911504424779,0.9773913043478261,0.9773913043478261,0.9681309216192937,0.9678540399652477,0.9357090990336816,409,"all","RF#409","RF",409
526,540,36,49,0.9375,0.9359430604982206,0.9375,0.9375,0.927038626609442,0.9261511728931364,0.8522993355847865,409,"all","NB#409","NB",409
548,555,21,27,0.9635416666666666,0.9630931458699473,0.9635416666666666,0.9635416666666666,0.9585492227979275,0.9582971329278888,0.9165934474044148,409,"all","MLP#409","MLP",409
552,538,38,23,0.96,0.9590017825311943,0.96,0.96,0.9476394849785408,0.947002606429192,0.8940075330419751,410,"all","DT#410","DT",410
563,544,32,12,0.9791304347826087,0.9784172661870504,0.9791304347826087,0.9791304347826087,0.9623931623931623,0.9617723718505647,0.9235469943540352,410,"all","RF#410","RF",410
491,544,32,84,0.9444444444444444,0.9388145315487572,0.9444444444444444,0.9444444444444444,0.9036544850498339,0.8992180712423979,0.7984201658342744,410,"all","NB#410","NB",410
554,540,36,21,0.9634782608695652,0.9625668449197861,0.9634782608695652,0.9634782608695652,0.9510729613733906,0.950477845351868,0.9009578587441407,410,"all","MLP#410","MLP",410
545,546,30,30,0.9479166666666666,0.9479166666666666,0.9479166666666666,0.9479166666666666,0.9479166666666666,0.947871416159861,0.8957427536231884,411,"all","DT#411","DT",411
565,555,21,10,0.9826086956521739,0.9823008849557522,0.9826086956521739,0.9826086956521739,0.9732988802756245,0.9730668983492615,0.9461346505417332,411,"all","RF#411","RF",411
516,548,28,59,0.9513888888888888,0.9485294117647058,0.9513888888888888,0.9513888888888888,0.9264581572273879,0.9244135534317984,0.8488199175988007,411,"all","NB#411","NB",411
560,552,24,15,0.9739130434782609,0.9735449735449735,0.9739130434782609,0.9739130434782609,0.9663503019844694,0.9661164205039097,0.9322337105927003,411,"all","MLP#411","MLP",411
549,541,35,26,0.9547826086956521,0.9541446208112875,0.9547826086956521,0.9547826086956521,0.9473684210526315,0.947002606429192,0.894006572978326,412,"all","DT#412","DT",412
563,554,22,12,0.9791304347826087,0.9787985865724381,0.9791304347826087,0.9791304347826087,0.9706896551724138,0.9704604691572546,0.9409217856010629,412,"all","RF#412","RF",412
527,547,29,48,0.9496527777777778,0.947841726618705,0.9496527777777778,0.9496527777777778,0.9342442356959862,0.9331016507384883,0.8661993626024901,412,"all","NB#412","NB",412
558,553,23,17,0.9704347826086956,0.9701754385964912,0.9704347826086956,0.9704347826086956,0.9653979238754326,0.9652476107732406,0.9304957986491668,412,"all","MLP#412","MLP",412
548,547,29,27,0.9530434782608695,0.9529616724738676,0.9530434782608695,0.9530434782608695,0.9513888888888888,0.9513466550825369,0.9026935305147025,413,"all","DT#413","DT",413
560,555,21,15,0.9739130434782609,0.9736842105263158,0.9739130434782609,0.9739130434782609,0.9688581314878892,0.9687228496959166,0.9374462187842502,413,"all","RF#413","RF",413
531,549,27,44,0.953125,0.9516129032258065,0.953125,0.953125,0.9392643284858854,0.9383145091225021,0.8766257588132546,413,"all","NB#413","NB",413
557,554,22,18,0.9686956521739131,0.9685314685314685,0.9686956521739131,0.9686956521739131,0.9653379549393415,0.9652476107732406,0.9304955887947536,413,"all","MLP#413","MLP",413
548,544,32,27,0.9530434782608695,0.9527145359019265,0.9530434782608695,0.9530434782608695,0.9489177489177489,0.94874022589053,0.897481148240125,414,"all","DT#414","DT",414
564,554,22,11,0.9808695652173913,0.9805309734513274,0.9808695652173913,0.9808695652173913,0.9715762273901808,0.9713292788879235,0.9426594667057159,414,"all","RF#414","RF",414
511,544,32,64,0.9444444444444444,0.9410681399631676,0.9444444444444444,0.9444444444444444,0.918918918918919,0.9165942658557776,0.8331803468766608,414,"all","NB#414","NB",414
556,556,20,19,0.9669565217391304,0.9669565217391304,0.9669565217391304,0.9669565217391304,0.9661164205039096,0.9661164205039097,0.932232892160489,414,"all","MLP#414","MLP",414
544,545,31,31,0.9461805555555556,0.9461805555555556,0.9461805555555556,0.9461805555555556,0.9461805555555556,0.946133796698523,0.8922675120772947,415,"all","DT#415","DT",415
560,553,23,15,0.9739130434782609,0.9735915492957746,0.9739130434782609,0.9739130434782609,0.9671848013816926,0.9669852302345786,0.9339712080771971,415,"all","RF#415","RF",415
492,552,24,83,0.9583333333333334,0.9534883720930233,0.9583333333333334,0.9583333333333334,0.911643270024773,0.9070373588184187,0.8140580154331378,415,"all","NB#415","NB",415
562,556,20,13,0.9773913043478261,0.9771528998242531,0.9773913043478261,0.9773913043478261,0.9714779602420052,0.9713292788879235,0.9426591204501159,415,"all","MLP#415","MLP",415
547,543,33,28,0.951304347826087,0.9509632224168126,0.951304347826087,0.951304347826087,0.9471861471861474,0.947002606429192,0.8940059329262309,416,"all","DT#416","DT",416
556,559,17,19,0.9704861111111112,0.9703315881326352,0.9704861111111112,0.9704861111111112,0.9688041594454073,0.9687228496959166,0.9374454633015197,416,"all","RF#416","RF",416
548,476,100,27,0.9530434782608695,0.9463220675944334,0.9530434782608695,0.9530434782608695,0.8961569910057237,0.889661164205039,0.7793464790263148,416,"all","NB#416","NB",416
549,557,19,26,0.9670138888888888,0.9665492957746479,0.9670138888888888,0.9670138888888888,0.9611734253666955,0.9609035621198957,0.9218062388944327,416,"all","MLP#416","MLP",416
540,540,36,35,0.9391304347826087,0.9391304347826087,0.9391304347826087,0.9391304347826087,0.9383145091225022,0.9383145091225021,0.8766291113690952,417,"all","DT#417","DT",417
552,553,23,23,0.9600694444444444,0.9600694444444444,0.9600694444444444,0.9600694444444444,0.9600694444444444,0.9600347523892268,0.9200694444444444,417,"all","RF#417","RF",417
502,541,35,73,0.9392361111111112,0.9348230912476723,0.9392361111111112,0.9392361111111112,0.9092436974789916,0.9061685490877498,0.8123261902101873,417,"all","NB#417","NB",417
544,551,25,31,0.9565972222222222,0.9560632688927944,0.9565972222222222,0.9565972222222222,0.9516407599309155,0.9513466550825369,0.9026923553051507,417,"all","MLP#417","MLP",417
537,549,27,38,0.953125,0.9521276595744681,0.953125,0.953125,0.9441100601891659,0.9435273675065161,0.8870527741251742,418,"all","DT#418","DT",418
561,555,21,14,0.9756521739130435,0.9753954305799648,0.9756521739130435,0.9756521739130435,0.9697493517718238,0.9695916594265855,0.9391839156289108,418,"all","RF#418","RF",418
522,541,35,53,0.9392361111111112,0.9371633752244165,0.9392361111111112,0.9392361111111112,0.9247863247863247,0.9235447437011295,0.8470852166876516,418,"all","NB#418","NB",418
550,547,29,25,0.9565217391304348,0.9562937062937062,0.9565217391304348,0.9565217391304348,0.953206239168111,0.9530842745438749,0.9061690448729175,418,"all","MLP#418","MLP",418
548,532,44,27,0.9530434782608695,0.9516994633273703,0.9530434782608695,0.9530434782608695,0.9391602399314483,0.9383145091225021,0.8766320912657736,419,"all","DT#419","DT",419
565,549,27,10,0.9826086956521739,0.9821109123434705,0.9826086956521739,0.9826086956521739,0.9682947729220224,0.9678540399652477,0.935709681363854,419,"all","RF#419","RF",419
528,539,37,47,0.9357638888888888,0.9345132743362832,0.9357638888888888,0.9357638888888888,0.927710843373494,0.9270199826238054,0.8540376515345944,419,"all","NB#419","NB",419
558,547,29,17,0.9704347826086956,0.9698581560283688,0.9704347826086956,0.9704347826086956,0.9604130808950085,0.9600347523892268,0.9200708924355235,419,"all","MLP#419","MLP",419
546,537,39,29,0.9495652173913044,0.9487632508833922,0.9495652173913044,0.9495652173913044,0.9413793103448276,0.9409209383145091,0.8818435712021255,420,"all","DT#420","DT",420
562,556,20,13,0.9773913043478261,0.9771528998242531,0.9773913043478261,0.9773913043478261,0.9714779602420052,0.9713292788879235,0.9426591204501159,420,"all","RF#420","RF",420
538,528,48,37,0.9356521739130435,0.9345132743362832,0.9356521739130435,0.9356521739130435,0.9267872523686478,0.9261511728931364,0.8523046869692683,420,"all","NB#420","NB",420
557,556,20,18,0.9686956521739131,0.9686411149825784,0.9686956521739131,0.9686956521739131,0.967013888888889,0.9669852302345786,0.9339706099921196,420,"all","MLP#420","MLP",420
554,540,36,21,0.9634782608695652,0.9625668449197861,0.9634782608695652,0.9634782608695652,0.9510729613733906,0.950477845351868,0.9009578587441407,421,"all","DT#421","DT",421
559,557,19,16,0.9721739130434782,0.9720767888307156,0.9721739130434782,0.9721739130434782,0.9696444058976583,0.9695916594265855,0.9391835483836879,421,"all","RF#421","RF",421
512,547,29,63,0.9496527777777778,0.9463955637707948,0.9496527777777778,0.9496527777777778,0.9224283305227656,0.9200695047784535,0.8401306830362669,421,"all","NB#421","NB",421
549,555,21,26,0.9635416666666666,0.9631578947368421,0.9635416666666666,0.9635416666666666,0.9593777009507347,0.9591659426585578,0.9183312072101995,421,"all","MLP#421","MLP",421
554,539,37,21,0.9634782608695652,0.9625,0.9634782608695652,0.9634782608695652,0.9502572898799313,0.9496090356211989,0.8992204294582256,422,"all","DT#422","DT",422
560,558,18,15,0.9739130434782609,0.9738219895287958,0.9739130434782609,0.9739130434782609,0.9713790112749351,0.9713292788879235,0.9426587741903344,422,"all","RF#422","RF",422
537,530,46,38,0.9339130434782609,0.9330985915492958,0.9339130434782609,0.9339130434782609,0.927461139896373,0.9270199826238054,0.8540416178548568,422,"all","NB#422","NB",422
557,549,27,18,0.9686956521739131,0.9682539682539683,0.9686956521739131,0.9686956521739131,0.9611734253666955,0.9609035621198957,0.9218081276069617,422,"all","MLP#422","MLP",422
550,540,36,25,0.9565217391304348,0.9557522123893806,0.9565217391304348,0.9565217391304348,0.9474590869939706,0.947002606429192,0.8940068930014748,423,"all","DT#423","DT",423
561,552,24,14,0.9756521739130435,0.9752650176678446,0.9756521739130435,0.9756521739130435,0.9672413793103449,0.9669852302345786,0.9339714074364819,423,"all","RF#423","RF",423
517,539,37,58,0.9357638888888888,0.9332129963898917,0.9357638888888888,0.9357638888888888,0.919011082693947,0.9174630755864466,0.8349207930806986,423,"all","NB#423","NB",423
558,545,31,17,0.9704347826086956,0.9697508896797153,0.9704347826086956,0.9704347826086956,0.9587628865979382,0.9582971329278888,0.9165959656649768,423,"all","MLP#423","MLP",423
548,555,21,27,0.9635416666666666,0.9630931458699473,0.9635416666666666,0.9635416666666666,0.9585492227979275,0.9582971329278888,0.9165934474044148,424,"all","DT#424","DT",424
562,560,16,13,0.9773913043478261,0.9773123909249564,0.9773913043478261,0.9773913043478261,0.9748482220294883,0.9748045178105995,0.9496092258036273,424,"all","RF#424","RF",424
494,541,35,81,0.9392361111111112,0.9338374291115312,0.9392361111111112,0.9392361111111112,0.9031719532554257,0.8992180712423979,0.7984219918653772,424,"all","NB#424","NB",424
552,556,20,23,0.9652777777777778,0.965034965034965,0.9652777777777778,0.9652777777777778,0.9627705627705628,0.9626411815812337,0.9252819683664026,424,"all","MLP#424","MLP",424
546,540,36,29,0.9495652173913044,0.9490333919156415,0.9495652173913044,0.9495652173913044,0.9438202247191011,0.9435273675065161,0.8870558433108345,425,"all","DT#425","DT",425
566,551,25,9,0.9843478260869565,0.9839285714285714,0.9843478260869565,0.9843478260869565,0.9708404802744426,0.9704604691572546,0.940922320716891,425,"all","RF#425","RF",425
533,525,51,42,0.9269565217391305,0.9259259259259259,0.9269565217391305,0.9269565217391305,0.919758412424504,0.9192006950477846,0.8384034637210546,425,"all","NB#425","NB",425
556,545,31,19,0.9669565217391304,0.9663120567375887,0.9669565217391304,0.9669565217391304,0.9569707401032701,0.9565595134665508,0.9131205352560037,425,"all","MLP#425","MLP",425
547,540,36,28,0.951304347826087,0.9507042253521126,0.951304347826087,0.951304347826087,0.9447322970639034,0.944396177237185,0.8887936136037005,426,"all","DT#426","DT",426
560,553,23,15,0.9739130434782609,0.9735915492957746,0.9739130434782609,0.9739130434782609,0.9671848013816926,0.9669852302345786,0.9339712080771971,426,"all","RF#426","RF",426
412,563,13,163,0.9774305555555556,0.9694117647058823,0.9774305555555556,0.9774305555555556,0.8648233486943165,0.8470894874022589,0.6941094752736882,426,"all","NB#426","NB",426
556,542,34,19,0.9669565217391304,0.966131907308378,0.9669565217391304,0.9669565217391304,0.9545064377682403,0.9539530842745438,0.9079081844463062,426,"all","MLP#426","MLP",426
542,551,25,33,0.9565972222222222,0.9559082892416225,0.9565972222222222,0.9565972222222222,0.9500000000000001,0.9496090356211989,0.8992167779804103,427,"all","DT#427","DT",427
555,557,19,20,0.9670138888888888,0.9668989547038328,0.9670138888888888,0.9670138888888888,0.9661751951431049,0.9661164205039097,0.9322326875493472,427,"all","RF#427","RF",427
493,550,26,82,0.9548611111111112,0.9499036608863198,0.9548611111111112,0.9548611111111112,0.9105960264900662,0.9061685490877498,0.8123210899472179,427,"all","NB#427","NB",427
544,560,16,31,0.9722222222222222,0.9714285714285714,0.9722222222222222,0.9722222222222222,0.959725792630677,0.9591659426585578,0.9183299742596829,427,"all","MLP#427","MLP",427
544,542,34,31,0.9460869565217391,0.9458987783595113,0.9460869565217391,0.9460869565217391,0.9436253252385083,0.9435273675065161,0.887055161283992,428,"all","DT#428","DT",428
562,552,24,13,0.9773913043478261,0.9769911504424779,0.9773913043478261,0.9773913043478261,0.9681309216192937,0.9678540399652477,0.9357090990336816,428,"all","RF#428","RF",428
501,542,34,74,0.9409722222222222,0.9364485981308411,0.9409722222222222,0.9409722222222222,0.9093959731543625,0.9061685490877498,0.8123256235279909,428,"all","NB#428","NB",428
559,548,28,16,0.9721739130434782,0.9716312056737588,0.9721739130434782,0.9721739130434782,0.9621342512908777,0.9617723718505647,0.9235460710252834,428,"all","MLP#428","MLP",428
545,552,24,30,0.9583333333333334,0.9578207381370826,0.9583333333333334,0.9583333333333334,0.9533678756476685,0.9530842745438749,0.9061676283299668,429,"all","DT#429","DT",429
562,560,16,13,0.9773913043478261,0.9773123909249564,0.9773913043478261,0.9773913043478261,0.9748482220294883,0.9748045178105995,0.9496092258036273,429,"all","RF#429","RF",429
553,475,101,22,0.9617391304347827,0.9557344064386318,0.9617391304347827,0.9617391304347827,0.8999186330349879,0.893136403127715,0.7862981317143637,429,"all","NB#429","NB",429
558,550,26,17,0.9704347826086956,0.9700176366843033,0.9704347826086956,0.9704347826086956,0.9628990509059535,0.9626411815812337,0.9252833219355413,429,"all","MLP#429","MLP",429
543,544,32,32,0.9444444444444444,0.9444444444444444,0.9444444444444444,0.9444444444444444,0.9444444444444444,0.944396177237185,0.888792270531401,430,"all","DT#430","DT",430
553,561,15,22,0.9739583333333334,0.9735915492957746,0.9739583333333334,0.9739583333333334,0.9680759275237273,0.9678540399652477,0.935707351979867,430,"all","RF#430","RF",430
506,550,26,69,0.9548611111111112,0.9511278195488722,0.9548611111111112,0.9548611111111112,0.9205020920502093,0.9174630755864466,0.8349153100216349,430,"all","NB#430","NB",430
558,555,21,17,0.9704347826086956,0.9702797202797203,0.9704347826086956,0.9704347826086956,0.9670710571923744,0.9669852302345786,0.933970809355016,430,"all","MLP#430","MLP",430
548,548,28,27,0.9530434782608695,0.9530434782608695,0.9530434782608695,0.9530434782608695,0.9522154648132058,0.952215464813206,0.9044310017647922,431,"all","DT#431","DT",431
562,553,23,13,0.9773913043478261,0.9770318021201413,0.9773913043478261,0.9773913043478261,0.9689655172413794,0.9687228496959166,0.9374465965187724,431,"all","RF#431","RF",431
493,555,21,82,0.9635416666666666,0.9591439688715954,0.9635416666666666,0.9635416666666666,0.9150865622423742,0.9105125977410947,0.821008577178756,431,"all","NB#431","NB",431
556,546,30,19,0.9669565217391304,0.9663716814159292,0.9669565217391304,0.9669565217391304,0.9577950043066322,0.9574283231972198,0.9148579960175782,431,"all","MLP#431","MLP",431
547,561,15,28,0.9739583333333334,0.9733096085409253,0.9739583333333334,0.9739583333333334,0.9630901287553647,0.9626411815812337,0.9252808403546566,432,"all","DT#432","DT",432
566,561,15,9,0.9843478260869565,0.9842105263157894,0.9843478260869565,0.9843478260869565,0.9792387543252595,0.9791485664639444,0.9582974791895001,432,"all","RF#432","RF",432
522,545,31,53,0.9461805555555556,0.9439421338155516,0.9461805555555556,0.9461805555555556,0.928449744463373,0.9270199826238054,0.8540350072013261,432,"all","NB#432","NB",432
566,557,19,9,0.9843478260869565,0.9840989399293286,0.9843478260869565,0.9843478260869565,0.9758620689655173,0.9756733275412685,0.951347352847934,432,"all","MLP#432","MLP",432
544,539,37,31,0.9460869565217391,0.9456140350877194,0.9460869565217391,0.9460869565217391,0.9411764705882352,0.9409209383145091,0.8818428577035835,433,"all","DT#433","DT",433
562,554,22,13,0.9773913043478261,0.9770723104056437,0.9773913043478261,0.9773913043478261,0.9698015530629852,0.9695916594265855,0.9391840992498591,433,"all","RF#433","RF",433
518,539,37,57,0.9357638888888888,0.9333333333333333,0.9357638888888888,0.9357638888888888,0.9197952218430033,0.9183318853171155,0.8366587155409281,433,"all","NB#433","NB",433
562,547,29,13,0.9773913043478261,0.9767857142857143,0.9773913043478261,0.9773913043478261,0.9639794168096054,0.9635099913119027,0.9270216902973359,433,"all","MLP#433","MLP",433
550,546,30,25,0.9565217391304348,0.9562171628721541,0.9565217391304348,0.9565217391304348,0.9523809523809523,0.952215464813206,0.9044315788679133,434,"all","DT#434","DT",434
560,557,19,15,0.9739130434782609,0.9737762237762237,0.9739130434782609,0.9739130434782609,0.9705372616984401,0.9704604691572546,0.9409212504755406,434,"all","RF#434","RF",434
491,551,25,84,0.9565972222222222,0.9515503875968992,0.9565972222222222,0.9565972222222222,0.9099917423616846,0.9052997393570807,0.8105824643197386,434,"all","NB#434","NB",434
546,550,26,29,0.9548611111111112,0.9545454545454546,0.9548611111111112,0.9548611111111112,0.9523809523809524,0.952215464813206,0.9044304246547011,434,"all","MLP#434","MLP",434
551,541,35,24,0.9582608695652174,0.9575221238938053,0.9582608695652174,0.9582608695652174,0.9491817398794143,0.94874022589053,0.8974820768374921,435,"all","DT#435","DT",435
561,549,27,14,0.9756521739130435,0.9751332149200711,0.9756521739130435,0.9756521739130435,0.9647463456577816,0.9643788010425717,0.9287589464578745,435,"all","RF#435","RF",435
535,518,58,40,0.9304347826086956,0.9283154121863799,0.9304347826086956,0.9304347826086956,0.916095890410959,0.9148566463944396,0.8297177914851347,435,"all","NB#435","NB",435
559,551,25,16,0.9721739130434782,0.9717813051146384,0.9721739130434782,0.9721739130434782,0.9646246764452113,0.9643788010425717,0.9287585162641208,435,"all","MLP#435","MLP",435
544,539,37,31,0.9460869565217391,0.9456140350877194,0.9460869565217391,0.9460869565217391,0.9411764705882352,0.9409209383145091,0.8818428577035835,436,"all","DT#436","DT",436
566,553,23,9,0.9843478260869565,0.9839857651245552,0.9843478260869565,0.9843478260869565,0.972508591065292,0.9721980886185926,0.944397310443318,436,"all","RF#436","RF",436
514,553,23,61,0.9600694444444444,0.957169459962756,0.9600694444444444,0.9600694444444444,0.9294117647058824,0.9270199826238054,0.8540314812745899,436,"all","NB#436","NB",436
556,550,26,19,0.9669565217391304,0.9666080843585237,0.9669565217391304,0.9669565217391304,0.9611063094209161,0.9609035621198957,0.9218078915228852,436,"all","MLP#436","MLP",436
538,552,24,37,0.9583333333333334,0.9572953736654805,0.9583333333333334,0.9583333333333334,0.9476394849785408,0.947002606429192,0.8940030525961409,437,"all","DT#437","DT",437
556,559,17,19,0.9704861111111112,0.9703315881326352,0.9704861111111112,0.9704861111111112,0.9688041594454073,0.9687228496959166,0.9374454633015197,437,"all","RF#437","RF",437
471,554,22,104,0.9618055555555556,0.9553752535496958,0.9618055555555556,0.9618055555555556,0.8978930307941654,0.8905299739357081,0.7810326761465036,437,"all","NB#437","NB",437
550,556,20,25,0.9652777777777778,0.9649122807017544,0.9652777777777778,0.9652777777777778,0.9611063094209161,0.9609035621198957,0.9218064749884887,437,"all","MLP#437","MLP",437
542,555,21,33,0.9635416666666666,0.9626998223801065,0.9635416666666666,0.9635416666666666,0.9536082474226804,0.9530842745438749,0.9061667783836663,438,"all","DT#438","DT",438
558,559,17,17,0.9704861111111112,0.9704861111111112,0.9704861111111112,0.9704861111111112,0.9704861111111112,0.9704604691572546,0.9409208937198068,438,"all","RF#438","RF",438
517,535,41,58,0.9288194444444444,0.9265232974910395,0.9288194444444444,0.9288194444444444,0.9153122326775021,0.9139878366637706,0.8279711284860872,438,"all","NB#438","NB",438
560,551,25,15,0.9739130434782609,0.9734982332155477,0.9739130434782609,0.9739130434782609,0.9655172413793104,0.9652476107732406,0.9304962183541914,438,"all","MLP#438","MLP",438
547,547,29,28,0.951304347826087,0.951304347826087,0.951304347826087,0.951304347826087,0.9504778453518681,0.950477845351868,0.9009557654653301,439,"all","DT#439","DT",439
550,560,16,25,0.9722222222222222,0.9717314487632509,0.9722222222222222,0.9722222222222222,0.9646856158484065,0.9643788010425717,0.9287565803279332,439,"all","RF#439","RF",439
483,545,31,92,0.9461805555555556,0.9396887159533074,0.9461805555555556,0.9461805555555556,0.898598516075845,0.893136403127715,0.7862529610969609,439,"all","NB#439","NB",439
552,555,21,23,0.9635416666666666,0.9633507853403142,0.9635416666666666,0.9635416666666666,0.9618717504332754,0.9617723718505647,0.9235444551463018,439,"all","MLP#439","MLP",439
540,550,26,35,0.9548611111111112,0.9540636042402827,0.9548611111111112,0.9548611111111112,0.9474590869939707,0.947002606429192,0.8940036926830225,440,"all","DT#440","DT",440
556,556,20,19,0.9669565217391304,0.9669565217391304,0.9669565217391304,0.9669565217391304,0.9661164205039096,0.9661164205039097,0.932232892160489,440,"all","RF#440","RF",440
458,558,18,117,0.96875,0.9621848739495799,0.96875,0.96875,0.8920863309352518,0.8827106863596872,0.7653861310793731,440,"all","NB#440","NB",440
547,549,27,28,0.953125,0.9529616724738676,0.953125,0.953125,0.9522983521248916,0.952215464813206,0.9044307132106179,440,"all","MLP#440","MLP",440
548,549,27,27,0.953125,0.953125,0.953125,0.953125,0.953125,0.9530842745438749,0.9061684782608695,441,"all","DT#441","DT",441
558,553,23,17,0.9704347826086956,0.9701754385964912,0.9704347826086956,0.9704347826086956,0.9653979238754326,0.9652476107732406,0.9304957986491668,441,"all","RF#441","RF",441
519,534,42,56,0.9270833333333334,0.9251336898395722,0.9270833333333334,0.9270833333333334,0.9159519725557462,0.9148566463944396,0.8297095651176203,441,"all","NB#441","NB",441
559,543,33,16,0.9721739130434782,0.9713774597495528,0.9721739130434782,0.9721739130434782,0.958011996572408,0.9574283231972198,0.9148587672115903,441,"all","MLP#441","MLP",441
536,549,27,39,0.953125,0.9520426287744227,0.953125,0.953125,0.9432989690721649,0.9426585577758471,0.8853149513578144,442,"all","DT#442","DT",442
556,555,21,19,0.9669565217391304,0.9668989547038328,0.9669565217391304,0.9669565217391304,0.9652777777777777,0.9652476107732406,0.9304953789390732,442,"all","RF#442","RF",442
510,545,31,65,0.9461805555555556,0.9426987060998152,0.9461805555555556,0.9461805555555556,0.9190556492411467,0.9165942658557776,0.8331798431682786,442,"all","NB#442","NB",442
555,556,20,20,0.9652777777777778,0.9652777777777778,0.9652777777777778,0.9652777777777778,0.9652777777777778,0.9652476107732406,0.9304951690821255,442,"all","MLP#442","MLP",442
542,546,30,33,0.9479166666666666,0.9475524475524476,0.9479166666666666,0.9479166666666666,0.9454545454545454,0.945264986967854,0.8905293955135666,443,"all","DT#443","DT",443
556,557,19,19,0.9670138888888888,0.9670138888888888,0.9670138888888888,0.9670138888888888,0.9670138888888888,0.9669852302345786,0.9339704106280193,443,"all","RF#443","RF",443
499,558,18,76,0.96875,0.965183752417795,0.96875,0.96875,0.922314049586777,0.9183318853171155,0.836649344296451,443,"all","NB#443","NB",443
565,553,23,10,0.9826086956521739,0.9822380106571936,0.9826086956521739,0.9826086956521739,0.9716251074806534,0.9713292788879235,0.9426596398319477,443,"all","MLP#443","MLP",443
549,537,39,26,0.9547826086956521,0.9538188277087034,0.9547826086956521,0.9547826086956521,0.9441100601891659,0.9435273675065161,0.8870568663356547,444,"all","DT#444","DT",444
566,550,26,9,0.9843478260869565,0.9838998211091234,0.9843478260869565,0.9843478260869565,0.9700085689802914,0.9695916594265855,0.9391848337225644,444,"all","RF#444","RF",444
498,537,39,77,0.9322916666666666,0.9273743016759777,0.9322916666666666,0.9322916666666666,0.9025210084033615,0.8992180712423979,0.7984244265220529,444,"all","NB#444","NB",444
564,534,42,11,0.9808695652173913,0.9798165137614679,0.9808695652173913,0.9808695652173913,0.9551227773073667,0.9539530842745438,0.9079104087821976,444,"all","MLP#444","MLP",444
556,544,32,19,0.9669565217391304,0.9662522202486679,0.9669565217391304,0.9669565217391304,0.9561478933791917,0.9556907037358818,0.9113830797402829,445,"all","DT#445","DT",445
558,556,20,17,0.9704347826086956,0.9703315881326352,0.9704347826086956,0.9704347826086956,0.9679098005203817,0.9678540399652477,0.9357083225770416,445,"all","RF#445","RF",445
531,540,36,44,0.9375,0.9365079365079365,0.9375,0.9375,0.9310344827586208,0.9304952215464813,0.8609886592833247,445,"all","NB#445","NB",445
561,551,25,14,0.9756521739130435,0.9752212389380531,0.9756521739130435,0.9756521739130435,0.9664082687338501,0.9661164205039097,0.9322339151976643,445,"all","MLP#445","MLP",445
544,535,41,31,0.9460869565217391,0.9452296819787986,0.9460869565217391,0.9460869565217391,0.9379310344827586,0.9374456993918332,0.8748931930375448,446,"all","DT#446","DT",446
563,547,29,12,0.9791304347826087,0.9785330948121646,0.9791304347826087,0.9791304347826087,0.9648671808054842,0.9643788010425717,0.9287593766464327,446,"all","RF#446","RF",446
518,525,51,57,0.9114583333333334,0.9103690685413005,0.9114583333333334,0.9114583333333334,0.9067357512953368,0.9061685490877498,0.8123352566599336,446,"all","NB#446","NB",446
554,547,29,21,0.9634782608695652,0.9630281690140845,0.9634782608695652,0.9634782608695652,0.9568221070811744,0.9565595134665508,0.9131200106278908,446,"all","MLP#446","MLP",446
551,538,38,24,0.9582608695652174,0.9572953736654805,0.9582608695652174,0.9582608695652174,0.9467353951890034,0.946133796698523,0.8922697889839285,447,"all","DT#447","DT",447
558,550,26,17,0.9704347826086956,0.9700176366843033,0.9704347826086956,0.9704347826086956,0.9628990509059535,0.9626411815812337,0.9252833219355413,447,"all","RF#447","RF",447
531,527,49,44,0.9234782608695652,0.9229422066549913,0.9234782608695652,0.9234782608695652,0.9194805194805195,0.9192006950477846,0.8384024879039259,447,"all","NB#447","NB",447
560,547,29,15,0.9739130434782609,0.9733096085409253,0.9739130434782609,0.9739130434782609,0.9621993127147765,0.9617723718505647,0.9235463018595622,447,"all","MLP#447","MLP",447
554,540,36,21,0.9634782608695652,0.9625668449197861,0.9634782608695652,0.9634782608695652,0.9510729613733906,0.950477845351868,0.9009578587441407,448,"all","DT#448","DT",448
556,555,21,19,0.9669565217391304,0.9668989547038328,0.9669565217391304,0.9669565217391304,0.9652777777777777,0.9652476107732406,0.9304953789390732,448,"all","RF#448","RF",448
504,549,27,71,0.953125,0.9491525423728814,0.953125,0.953125,0.9180602006688964,0.9148566463944396,0.8297018521761712,448,"all","NB#448","NB",448
546,553,23,29,0.9600694444444444,0.9595782073813708,0.9600694444444444,0.9600694444444444,0.9550949913644214,0.9548218940052129,0.9096429013547829,448,"all","MLP#448","MLP",448
536,557,19,39,0.9670138888888888,0.9657657657657658,0.9670138888888888,0.9670138888888888,0.9505119453924914,0.9496090356211989,0.8992149521422748,449,"all","DT#449","DT",449
558,558,18,17,0.9704347826086956,0.9704347826086956,0.9704347826086956,0.9704347826086956,0.9695916594265855,0.9695916594265855,0.9391833647594131,449,"all","RF#449","RF",449
509,548,28,66,0.9513888888888888,0.9478584729981379,0.9513888888888888,0.9513888888888888,0.9210084033613445,0.9183318853171155,0.836654276664422,449,"all","NB#449","NB",449
553,558,18,22,0.96875,0.968476357267951,0.96875,0.96875,0.9653979238754326,0.9652476107732406,0.9304947493644284,449,"all","MLP#449","MLP",449
534,550,26,41,0.9548611111111112,0.9535714285714286,0.9548611111111112,0.9548611111111112,0.9425878320479864,0.9417897480451781,0.8835767718169947,450,"all","DT#450","DT",450
557,554,22,18,0.9686956521739131,0.9685314685314685,0.9686956521739131,0.9686956521739131,0.9653379549393415,0.9652476107732406,0.9304955887947536,450,"all","RF#450","RF",450
522,547,29,53,0.9496527777777778,0.9473684210526315,0.9496527777777778,0.9496527777777778,0.9302721088435374,0.9287576020851434,0.8575099339348045,450,"all","NB#450","NB",450
554,545,31,21,0.9634782608695652,0.9628975265017667,0.9634782608695652,0.9634782608695652,0.9551724137931035,0.9548218940052129,0.9096450838604491,450,"all","MLP#450","MLP",450
545,548,28,30,0.9513888888888888,0.9511343804537522,0.9513888888888888,0.9513888888888888,0.9497400346620452,0.9496090356211989,0.8992176908746704,451,"all","DT#451","DT",451
561,550,26,14,0.9756521739130435,0.975177304964539,0.9756521739130435,0.9756521739130435,0.9655765920826161,0.9652476107732406,0.9304964282048029,451,"all","RF#451","RF",451
518,546,30,57,0.9479166666666666,0.9452554744525548,0.9479166666666666,0.9479166666666666,0.9262086513994912,0.9244135534317984,0.8488208305592166,451,"all","NB#451","NB",451
549,550,26,26,0.9548611111111112,0.9548611111111112,0.9548611111111112,0.9548611111111112,0.9548611111111112,0.9548218940052129,0.9096437198067633,451,"all","MLP#451","MLP",451
550,545,31,25,0.9565217391304348,0.956140350877193,0.9565217391304348,0.9565217391304348,0.9515570934256056,0.9513466550825369,0.9026941181088335,452,"all","DT#452","DT",452
560,564,12,15,0.9791666666666666,0.9790209790209791,0.9791666666666666,0.9791666666666666,0.9766233766233766,0.9765421372719374,0.9530840266486713,452,"all","RF#452","RF",452
514,547,29,61,0.9496527777777778,0.9465930018416207,0.9496527777777778,0.9496527777777778,0.9239864864864864,0.9218071242397915,0.8436065751968694,452,"all","NB#452","NB",452
555,556,20,20,0.9652777777777778,0.9652777777777778,0.9652777777777778,0.9652777777777778,0.9652777777777778,0.9652476107732406,0.9304951690821255,452,"all","MLP#452","MLP",452
541,543,33,34,0.9427083333333334,0.9425087108013938,0.9427083333333334,0.9427083333333334,0.9418907198612316,0.9417897480451781,0.8835792324565708,453,"all","DT#453","DT",453
560,549,27,15,0.9739130434782609,0.973404255319149,0.9739130434782609,0.9739130434782609,0.963855421686747,0.9635099913119027,0.9270212496150433,453,"all","RF#453","RF",453
536,526,50,39,0.9321739130434783,0.9309734513274336,0.9321739130434783,0.9321739130434783,0.9233419465977606,0.9226759339704604,0.8453543192972338,453,"all","NB#453","NB",453
556,545,31,19,0.9669565217391304,0.9663120567375887,0.9669565217391304,0.9669565217391304,0.9569707401032701,0.9565595134665508,0.9131205352560037,453,"all","MLP#453","MLP",453
543,545,31,32,0.9461805555555556,0.945993031358885,0.9461805555555556,0.9461805555555556,0.9453599306157849,0.945264986967854,0.890529726041253,454,"all","DT#454","DT",454
560,552,24,15,0.9739130434782609,0.9735449735449735,0.9739130434782609,0.9739130434782609,0.9663503019844694,0.9661164205039097,0.9322337105927003,454,"all","RF#454","RF",454
525,535,41,50,0.9288194444444444,0.9275618374558304,0.9288194444444444,0.9288194444444444,0.9216192937123169,0.9209383145091226,0.8418743612156567,454,"all","NB#454","NB",454
557,549,27,18,0.9686956521739131,0.9682539682539683,0.9686956521739131,0.9686956521739131,0.9611734253666955,0.9609035621198957,0.9218081276069617,454,"all","MLP#454","MLP",454
545,540,36,30,0.9478260869565217,0.9473684210526315,0.9478260869565217,0.9478260869565217,0.9429065743944638,0.9426585577758471,0.8853180677711252,455,"all","DT#455","DT",455
562,557,19,13,0.9773913043478261,0.9771929824561404,0.9773913043478261,0.9773913043478261,0.972318339100346,0.9721980886185926,0.9443966389193336,455,"all","RF#455","RF",455
432,563,13,143,0.9774305555555556,0.9707865168539326,0.9774305555555556,0.9774305555555556,0.8783151326053042,0.8644656820156386,0.7288779500807827,455,"all","NB#455","NB",455
550,557,19,25,0.9670138888888888,0.9666080843585237,0.9670138888888888,0.9670138888888888,0.9620034542314334,0.9617723718505647,0.923543993454047,455,"all","MLP#455","MLP",455
524,540,36,51,0.9375,0.9357142857142857,0.9375,0.9375,0.9254498714652956,0.9244135534317984,0.8488235693743065,456,"all","DT#456","DT",456
558,554,22,17,0.9704347826086956,0.9702276707530648,0.9704347826086956,0.9704347826086956,0.9662337662337662,0.9661164205039097,0.9322333013790657,456,"all","RF#456","RF",456
538,516,60,37,0.9356521739130435,0.9330922242314648,0.9356521739130435,0.9356521739130435,0.917306052855925,0.9157254561251086,0.831456637224251,456,"all","NB#456","NB",456
563,544,32,12,0.9791304347826087,0.9784172661870504,0.9791304347826087,0.9791304347826087,0.9623931623931623,0.9617723718505647,0.9235469943540352,456,"all","MLP#456","MLP",456
540,544,32,35,0.9444444444444444,0.9440559440559441,0.9444444444444444,0.9444444444444444,0.941991341991342,0.9417897480451781,0.8835788809429995,457,"all","DT#457","DT",457
564,553,23,11,0.9808695652173913,0.9804964539007093,0.9808695652173913,0.9808695652173913,0.9707401032702239,0.9704604691572546,0.9409219639740827,457,"all","RF#457","RF",457
527,542,34,48,0.9409722222222222,0.9393939393939394,0.9409722222222222,0.9409722222222222,0.9296740994854201,0.9287576020851434,0.8575120850984169,457,"all","NB#457","NB",457
562,545,31,13,0.9773913043478261,0.9767025089605734,0.9773913043478261,0.9773913043478261,0.9623287671232876,0.9617723718505647,0.9235467635239379,457,"all","MLP#457","MLP",457
545,548,28,30,0.9513888888888888,0.9511343804537522,0.9513888888888888,0.9513888888888888,0.9497400346620452,0.9496090356211989,0.8992176908746704,458,"all","DT#458","DT",458
563,555,21,12,0.9791304347826087,0.9788359788359788,0.9791304347826087,0.9791304347826087,0.9715271786022434,0.9713292788879235,0.9426592935784387,458,"all","RF#458","RF",458
509,546,30,66,0.9479166666666666,0.9443413729128015,0.9479166666666666,0.9479166666666666,0.9191919191919192,0.9165942658557776,0.8331793394568546,458,"all","NB#458","NB",458
556,550,26,19,0.9669565217391304,0.9666080843585237,0.9669565217391304,0.9669565217391304,0.9611063094209161,0.9609035621198957,0.9218078915228852,458,"all","MLP#458","MLP",458
544,549,27,31,0.953125,0.9527145359019265,0.953125,0.953125,0.9498269896193772,0.9496090356211989,0.8992173865784213,459,"all","DT#459","DT",459
560,562,14,15,0.9756944444444444,0.975609756097561,0.9756944444444444,0.9756944444444444,0.9748482220294883,0.9748045178105995,0.949608921511053,459,"all","RF#459","RF",459
500,548,28,75,0.9513888888888888,0.946969696969697,0.9513888888888888,0.9513888888888888,0.9140950792326938,0.9105125977410947,0.821012360478476,459,"all","NB#459","NB",459
548,564,12,27,0.9791666666666666,0.9785714285714285,0.9791666666666666,0.9791666666666666,0.9665809768637531,0.9661164205039097,0.9322312552367581,459,"all","MLP#459","MLP",459
535,557,19,40,0.9670138888888888,0.9657039711191335,0.9670138888888888,0.9670138888888888,0.9497016197783461,0.94874022589053,0.8974771241238022,460,"all","DT#460","DT",460
559,560,16,16,0.9722222222222222,0.9722222222222222,0.9722222222222222,0.9722222222222222,0.9722222222222222,0.9721980886185926,0.9443961352657005,460,"all","RF#460","RF",460
529,536,40,46,0.9305555555555556,0.929701230228471,0.9305555555555556,0.9305555555555556,0.92573402417962,0.9252823631624674,0.8505632599329099,460,"all","NB#460","NB",460
548,560,16,27,0.9722222222222222,0.9716312056737588,0.9722222222222222,0.9722222222222222,0.9630266552020637,0.9626411815812337,0.9252810659597306,460,"all","MLP#460","MLP",460
543,542,34,32,0.9443478260869566,0.9442508710801394,0.9443478260869566,0.9443478260869566,0.9427083333333333,0.9426585577758471,0.8853173752494709,461,"all","DT#461","DT",461
557,551,25,18,0.9686956521739131,0.968365553602812,0.9686956521739131,0.9686956521739131,0.9628349178910978,0.9626411815812337,0.9252830963440904,461,"all","RF#461","RF",461
517,537,39,58,0.9322916666666666,0.9298561151079137,0.9322916666666666,0.9322916666666666,0.9171648163962425,0.9157254561251086,0.8314459502914485,461,"all","NB#461","NB",461
547,548,28,28,0.9513888888888888,0.9513888888888888,0.9513888888888888,0.9513888888888888,0.9513888888888888,0.9513466550825369,0.9026932367149758,461,"all","MLP#461","MLP",461
546,550,26,29,0.9548611111111112,0.9545454545454546,0.9548611111111112,0.9548611111111112,0.9523809523809524,0.952215464813206,0.9044304246547011,462,"all","DT#462","DT",462
565,551,25,10,0.9826086956521739,0.982174688057041,0.9826086956521739,0.9826086956521739,0.9699570815450643,0.9695916594265855,0.9391846501060511,462,"all","RF#462","RF",462
526,530,46,49,0.9201388888888888,0.9195804195804196,0.9201388888888888,0.9201388888888888,0.9177489177489178,0.9174630755864466,0.8349252789490291,462,"all","NB#462","NB",462
552,540,36,23,0.96,0.9591474245115453,0.96,0.96,0.9492691315563199,0.94874022589053,0.8974823863662096,462,"all","MLP#462","MLP",462
555,527,49,20,0.9652173913043478,0.9634369287020109,0.9652173913043478,0.9652173913043478,0.9414758269720103,0.9400521285838401,0.8801094154996233,463,"all","DT#463","DT",463
560,547,29,15,0.9739130434782609,0.9733096085409253,0.9739130434782609,0.9739130434782609,0.9621993127147765,0.9617723718505647,0.9235463018595622,463,"all","RF#463","RF",463
516,545,31,59,0.9461805555555556,0.943327239488117,0.9461805555555556,0.9461805555555556,0.9237288135593221,0.9218071242397915,0.8436075196415308,463,"all","NB#463","NB",463
560,546,30,15,0.9739130434782609,0.9732620320855615,0.9739130434782609,0.9739130434782609,0.9613733905579399,0.9609035621198957,0.9218088358506372,463,"all","MLP#463","MLP",463
553,549,27,22,0.9617391304347827,0.9614711033274956,0.9617391304347827,0.9617391304347827,0.9575757575757575,0.9574283231972198,0.9148572248095954,464,"all","DT#464","DT",464
563,551,25,12,0.9791304347826087,0.9786856127886323,0.9791304347826087,0.9791304347826087,0.9681857265692176,0.9678540399652477,0.9357092931449112,464,"all","RF#464","RF",464
542,506,70,33,0.9426086956521739,0.9387755102040817,0.9426086956521739,0.9426086956521739,0.9132266217354674,0.9105125977410947,0.8210350569186202,464,"all","NB#464","NB",464
550,552,24,25,0.9583333333333334,0.9581881533101045,0.9583333333333334,0.9583333333333334,0.9575021682567216,0.9574283231972198,0.9148564535876413,464,"all","MLP#464","MLP",464
543,546,30,32,0.9479166666666666,0.9476439790575916,0.9479166666666666,0.9479166666666666,0.9462738301559792,0.946133796698523,0.8922671867970616,465,"all","DT#465","DT",465
565,559,17,10,0.9826086956521739,0.9824253075571178,0.9826086956521739,0.9826086956521739,0.9766637856525496,0.9765421372719374,0.953084734913731,465,"all","RF#465","RF",465
505,551,25,70,0.9565972222222222,0.9528301886792453,0.9565972222222222,0.9565972222222222,0.9206349206349206,0.9174630755864466,0.8349148115436587,465,"all","NB#465","NB",465
552,553,23,23,0.9600694444444444,0.9600694444444444,0.9600694444444444,0.9600694444444444,0.9600694444444444,0.9600347523892268,0.9200694444444444,465,"all","MLP#465","MLP",465
537,556,20,38,0.9652777777777778,0.9640933572710951,0.9652777777777778,0.9652777777777778,0.9504273504273505,0.9496090356211989,0.8992152564532248,466,"all","DT#466","DT",466
561,558,18,14,0.9756521739130435,0.9755244755244755,0.9756521739130435,0.9756521739130435,0.9722703639514731,0.9721980886185926,0.944396471035803,466,"all","RF#466","RF",466
477,560,16,98,0.9722222222222222,0.9675456389452333,0.9722222222222222,0.9722222222222222,0.9076175040518638,0.9009556907037359,0.8018867069896939,466,"all","NB#466","NB",466
551,554,22,24,0.9618055555555556,0.9616055846422339,0.9618055555555556,0.9618055555555556,0.9601386481802427,0.9600347523892268,0.9200692031074973,466,"all","MLP#466","MLP",466
546,543,33,29,0.9495652173913044,0.9493006993006993,0.9495652173913044,0.9495652173913044,0.9462738301559791,0.946133796698523,0.8922681626318683,467,"all","DT#467","DT",467
564,559,17,11,0.9808695652173913,0.980701754385965,0.9808695652173913,0.9808695652173913,0.9757785467128028,0.9756733275412685,0.9513470590544167,467,"all","RF#467","RF",467
508,543,33,67,0.9427083333333334,0.9390018484288355,0.9427083333333334,0.9427083333333334,0.9156829679595279,0.9131190269331017,0.8262290033002901,467,"all","NB#467","NB",467
549,554,22,26,0.9618055555555556,0.9614711033274956,0.9618055555555556,0.9618055555555556,0.9584775086505191,0.9582971329278888,0.9165936992373142,467,"all","MLP#467","MLP",467
549,532,44,26,0.9547826086956521,0.953405017921147,0.9547826086956521,0.9547826086956521,0.940068493150685,0.9391833188531712,0.8783698510608106,468,"all","DT#468","DT",468
559,547,29,16,0.9721739130434782,0.9715808170515098,0.9721739130434782,0.9721739130434782,0.9613069647463456,0.9609035621198957,0.9218085997708377,468,"all","RF#468","RF",468
479,554,22,96,0.9618055555555556,0.9560878243512974,0.9618055555555556,0.9618055555555556,0.9037520391517129,0.89748045178106,0.7949378402780504,468,"all","NB#468","NB",468
550,538,38,25,0.9565217391304348,0.955595026642984,0.9565217391304348,0.9565217391304348,0.945829750644884,0.945264986967854,0.8905320396791729,468,"all","MLP#468","MLP",468
542,554,22,33,0.9618055555555556,0.9609929078014184,0.9618055555555556,0.9618055555555556,0.9527085124677558,0.952215464813206,0.904429270413609,469,"all","DT#469","DT",469
558,562,14,17,0.9756944444444444,0.9755244755244755,0.9756944444444444,0.9756944444444444,0.9731601731601731,0.9730668983492615,0.9461335120781043,469,"all","RF#469","RF",469
520,536,40,55,0.9305555555555556,0.9285714285714286,0.9305555555555556,0.9305555555555556,0.9185946872322194,0.9174630755864466,0.8349222883972313,469,"all","NB#469","NB",469
555,555,21,20,0.9652173913043478,0.9652173913043478,0.9652173913043478,0.9652173913043478,0.9643788010425717,0.9643788010425717,0.9287576558610269,469,"all","MLP#469","MLP",469
536,545,31,39,0.9461805555555556,0.9453262786596119,0.9461805555555556,0.9461805555555556,0.9396551724137931,0.9391833188531712,0.8783650768729091,470,"all","DT#470","DT",470
557,557,19,18,0.9686956521739131,0.9686956521739131,0.9686956521739131,0.9686956521739131,0.9678540399652477,0.9678540399652477,0.9357081284599512,470,"all","RF#470","RF",470
546,474,102,29,0.9495652173913044,0.9423459244532804,0.9495652173913044,0.9495652173913044,0.892886345053148,0.8861859252823632,0.7723967618302934,470,"all","NB#470","NB",470
546,554,22,29,0.9618055555555556,0.9612676056338029,0.9618055555555556,0.9618055555555556,0.9559965487489215,0.9556907037358818,0.9113804040803571,470,"all","MLP#470","MLP",470
546,538,38,29,0.9495652173913044,0.9488536155202821,0.9495652173913044,0.9495652173913044,0.9421915444348576,0.9417897480451781,0.8835809899925877,471,"all","DT#471","DT",471
561,554,22,14,0.9756521739130435,0.9753521126760564,0.9756521739130435,0.9756521739130435,0.9689119170984457,0.9687228496959166,0.9374464076520815,471,"all","RF#471","RF",471
521,535,41,54,0.9288194444444444,0.9270462633451957,0.9288194444444444,0.9288194444444444,0.9184549356223176,0.9174630755864466,0.8349227868300556,471,"all","NB#471","NB",471
560,551,25,15,0.9739130434782609,0.9734982332155477,0.9739130434782609,0.9739130434782609,0.9655172413793104,0.9652476107732406,0.9304962183541914,471,"all","MLP#471","MLP",471
549,548,28,26,0.9547826086956521,0.9547038327526133,0.9547826086956521,0.9547826086956521,0.953125,0.9530842745438749,0.906168761567749,472,"all","DT#472","DT",472
564,548,28,11,0.9808695652173913,0.9803220035778175,0.9808695652173913,0.9808695652173913,0.9665809768637532,0.9661164205039097,0.9322345290051434,472,"all","RF#472","RF",472
475,548,28,100,0.9513888888888888,0.9443339960238568,0.9513888888888888,0.9513888888888888,0.8954248366013071,0.8887923544743701,0.7775603628413716,472,"all","NB#472","NB",472
551,545,31,24,0.9582608695652174,0.9578207381370826,0.9582608695652174,0.9582608695652174,0.9524632670700085,0.952215464813206,0.90443186741686,472,"all","MLP#472","MLP",472
548,541,35,27,0.9530434782608695,0.9524647887323944,0.9530434782608695,0.9530434782608695,0.9464594127806563,0.946133796698523,0.8922688131785849,473,"all","DT#473","DT",473
558,557,19,17,0.9704347826086956,0.9703832752613241,0.9704347826086956,0.9704347826086956,0.96875,0.9687228496959166,0.9374458410451659,473,"all","RF#473","RF",473
501,553,23,74,0.9600694444444444,0.9561068702290076,0.9600694444444444,0.9600694444444444,0.9193682460515378,0.9157254561251086,0.8314378069567554,473,"all","NB#473","NB",473
557,554,22,18,0.9686956521739131,0.9685314685314685,0.9686956521739131,0.9686956521739131,0.9653379549393415,0.9652476107732406,0.9304955887947536,473,"all","MLP#473","MLP",473
548,550,26,27,0.9548611111111112,0.9547038327526133,0.9548611111111112,0.9548611111111112,0.9540329575021683,0.9539530842745438,0.9079059600029589,474,"all","DT#474","DT",474
565,555,21,10,0.9826086956521739,0.9823008849557522,0.9826086956521739,0.9826086956521739,0.9732988802756245,0.9730668983492615,0.9461346505417332,474,"all","RF#474","RF",474
524,542,34,51,0.9409722222222222,0.9390681003584229,0.9409722222222222,0.9409722222222222,0.9272882805816938,0.9261511728931364,0.852298443649671,474,"all","NB#474","NB",474
560,548,28,15,0.9739130434782609,0.9733570159857904,0.9739130434782609,0.9739130434782609,0.9630266552020637,0.9626411815812337,0.9252837731143561,474,"all","MLP#474","MLP",474
550,549,27,25,0.9565217391304348,0.9564459930313589,0.9565217391304348,0.9565217391304348,0.954861111111111,0.9548218940052129,0.9096439926207953,475,"all","DT#475","DT",475
561,557,19,14,0.9756521739130435,0.9754816112084063,0.9756521739130435,0.9756521739130435,0.9714285714285715,0.9713292788879235,0.9426589473207478,475,"all","RF#475","RF",475
548,487,89,27,0.9530434782608695,0.9474708171206225,0.9530434782608695,0.9530434782608695,0.9042904290429042,0.8992180712423979,0.7984548547690283,475,"all","NB#475","NB",475
558,552,24,17,0.9704347826086956,0.9701230228471002,0.9704347826086956,0.9704347826086956,0.9645635263612791,0.9643788010425717,0.9287583011652956,475,"all","MLP#475","MLP",475
549,543,33,26,0.9547826086956521,0.9543057996485061,0.9547826086956521,0.9547826086956521,0.9490060501296457,0.94874022589053,0.8974814577744498,476,"all","DT#476","DT",476
560,559,17,15,0.9739130434782609,0.9738675958188153,0.9739130434782609,0.9739130434782609,0.9722222222222223,0.9721980886185926,0.9443963031512587,476,"all","RF#476","RF",476
521,546,30,54,0.9479166666666666,0.9455535390199638,0.9479166666666666,0.9479166666666666,0.9285714285714285,0.9270199826238054,0.8540345664697996,476,"all","NB#476","NB",476
554,555,21,21,0.9635416666666666,0.9635416666666666,0.9635416666666666,0.9635416666666666,0.9635416666666666,0.9635099913119027,0.927019927536232,476,"all","MLP#476","MLP",476
537,543,33,38,0.9427083333333334,0.9421052631578948,0.9427083333333334,0.9427083333333334,0.9386343993085566,0.9383145091225021,0.8766279938707265,477,"all","DT#477","DT",477
553,557,19,22,0.9670138888888888,0.9667832167832168,0.9670138888888888,0.9670138888888888,0.9645021645021645,0.9643788010425717,0.9287572256516863,477,"all","RF#477","RF",477
502,537,39,73,0.9322916666666666,0.9279112754158965,0.9322916666666666,0.9322916666666666,0.9055649241146712,0.9026933101650738,0.805376483696325,477,"all","NB#477","NB",477
550,552,24,25,0.9583333333333334,0.9581881533101045,0.9583333333333334,0.9583333333333334,0.9575021682567216,0.9574283231972198,0.9148564535876413,477,"all","MLP#477","MLP",477
541,543,33,34,0.9427083333333334,0.9425087108013938,0.9427083333333334,0.9427083333333334,0.9418907198612316,0.9417897480451781,0.8835792324565708,478,"all","DT#478","DT",478
556,556,20,19,0.9669565217391304,0.9669565217391304,0.9669565217391304,0.9669565217391304,0.9661164205039096,0.9661164205039097,0.932232892160489,478,"all","RF#478","RF",478
500,541,35,75,0.9392361111111112,0.9345794392523364,0.9392361111111112,0.9392361111111112,0.9077181208053692,0.9044309296264118,0.8088501721118425,478,"all","NB#478","NB",478
551,548,28,24,0.9582608695652174,0.958041958041958,0.9582608695652174,0.9582608695652174,0.9549393414211439,0.9548218940052129,0.9096442654331798,478,"all","MLP#478","MLP",478
548,551,25,27,0.9565972222222222,0.956369982547993,0.9565972222222222,0.9565972222222222,0.9549393414211438,0.9548218940052129,0.909643446991084,479,"all","DT#479","DT",479
564,557,19,11,0.9808695652173913,0.9806338028169014,0.9808695652173913,0.9808695652173913,0.9740932642487047,0.9739357080799305,0.9478720063767345,479,"all","RF#479","RF",479
526,532,44,49,0.9236111111111112,0.9228070175438596,0.9236111111111112,0.9236111111111112,0.9196197061365601,0.9192006950477846,0.8384000483095434,479,"all","NB#479","NB",479
557,554,22,18,0.9686956521739131,0.9685314685314685,0.9686956521739131,0.9686956521739131,0.9653379549393415,0.9652476107732406,0.9304955887947536,479,"all","MLP#479","MLP",479
540,552,24,35,0.9583333333333334,0.9574468085106383,0.9583333333333334,0.9583333333333334,0.9492691315563199,0.94874022589053,0.897478671898235,480,"all","DT#480","DT",480
555,558,18,20,0.96875,0.9685863874345549,0.96875,0.96875,0.9670710571923744,0.9669852302345786,0.9339702112627152,480,"all","RF#480","RF",480
481,564,12,94,0.9791666666666666,0.9756592292089249,0.9791666666666666,0.9791666666666666,0.9141004862236628,0.9079061685490878,0.8157893942184873,480,"all","NB#480","NB",480
546,559,17,29,0.9704861111111112,0.9698046181172292,0.9704861111111112,0.9704861111111112,0.9604810996563574,0.9600347523892268,0.920067996400901,480,"all","MLP#480","MLP",480
546,548,28,29,0.9513888888888888,0.9512195121951219,0.9513888888888888,0.9513888888888888,0.9505637467476149,0.950477845351868,0.9009554664182766,481,"all","DT#481","DT",481
562,557,19,13,0.9773913043478261,0.9771929824561404,0.9773913043478261,0.9773913043478261,0.972318339100346,0.9721980886185926,0.9443966389193336,481,"all","RF#481","RF",481
545,499,77,30,0.9478260869565217,0.943289224952741,0.9478260869565217,0.9478260869565217,0.9106098579782791,0.9070373588184187,0.8140877685309164,481,"all","NB#481","NB",481
563,557,19,12,0.9791304347826087,0.9789103690685413,0.9791304347826087,0.9791304347826087,0.9732065687121868,0.9730668983492615,0.946134325271321,481,"all","MLP#481","MLP",481
547,552,24,28,0.9583333333333334,0.957968476357268,0.9583333333333334,0.9583333333333334,0.9550173010380624,0.9548218940052129,0.9096431741737572,482,"all","DT#482","DT",482
560,550,26,15,0.9739130434782609,0.9734513274336283,0.9739130434782609,0.9739130434782609,0.9646856158484065,0.9643788010425717,0.9287587313616471,482,"all","RF#482","RF",482
527,539,37,48,0.9357638888888888,0.9343971631205674,0.9357638888888888,0.9357638888888888,0.9269131556319863,0.9261511728931364,0.8522997815483048,482,"all","NB#482","NB",482
548,548,28,27,0.9530434782608695,0.9530434782608695,0.9530434782608695,0.9530434782608695,0.9522154648132058,0.952215464813206,0.9044310017647922,482,"all","MLP#482","MLP",482
549,535,41,26,0.9547826086956521,0.9536541889483066,0.9547826086956521,0.9547826086956521,0.9424892703862662,0.9417897480451781,0.8835820444887268,483,"all","DT#483","DT",483
563,547,29,12,0.9791304347826087,0.9785330948121646,0.9791304347826087,0.9791304347826087,0.9648671808054842,0.9643788010425717,0.9287593766464327,483,"all","RF#483","RF",483
514,542,34,61,0.9409722222222222,0.9379562043795621,0.9409722222222222,0.9409722222222222,0.9194232400339272,0.9174630755864466,0.8349192977370756,483,"all","NB#483","NB",483
563,540,36,12,0.9791304347826087,0.9782608695652174,0.9791304347826087,0.9791304347826087,0.959114139693356,0.9582971329278888,0.916597224738234,483,"all","MLP#483","MLP",483
540,538,38,35,0.9391304347826087,0.9389179755671903,0.9391304347826087,0.9391304347826087,0.9366869037294016,0.9365768896611643,0.8731542580574063,484,"all","DT#484","DT",484
551,542,34,24,0.9582608695652174,0.9575971731448764,0.9582608695652174,0.9582608695652174,0.95,0.9496090356211989,0.8992195166135776,484,"all","RF#484","RF",484
483,547,29,92,0.9496527777777778,0.943359375,0.9496527777777778,0.9496527777777778,0.9004115226337448,0.894874022589053,0.7897278877671035,484,"all","NB#484","NB",484
548,543,33,27,0.9530434782608695,0.9526315789473684,0.9530434782608695,0.9530434782608695,0.9480968858131488,0.947871416159861,0.8957436979737503,484,"all","MLP#484","MLP",484
546,534,42,29,0.9495652173913044,0.9484902309058615,0.9495652173913044,0.9495652173913044,0.938950988822012,0.9383145091225021,0.8766313463050996,485,"all","DT#485","DT",485
563,553,23,12,0.9791304347826087,0.9787610619469026,0.9791304347826087,0.9791304347826087,0.9698535745047374,0.9695916594265855,0.9391842828696987,485,"all","RF#485","RF",485
498,550,26,77,0.9548611111111112,0.950381679389313,0.9548611111111112,0.9548611111111112,0.914380714879468,0.9105125977410947,0.8210112795520187,485,"all","NB#485","NB",485
552,546,30,23,0.96,0.9595782073813708,0.96,0.96,0.9541918755401901,0.9539530842745438,0.9079070722380649,485,"all","MLP#485","MLP",485
552,554,22,23,0.9618055555555556,0.9616724738675958,0.9618055555555556,0.9618055555555556,0.9609713790112748,0.9609035621198957,0.9218069471723236,486,"all","DT#486","DT",486
552,563,13,23,0.9774305555555556,0.9769911504424779,0.9774305555555556,0.9774305555555556,0.9690189328743546,0.9687228496959166,0.9374447078005405,486,"all","RF#486","RF",486
498,554,22,77,0.9618055555555556,0.9576923076923077,0.9618055555555556,0.9618055555555556,0.9179784589892295,0.9139878366637706,0.8279612588605635,486,"all","NB#486","NB",486
551,558,18,24,0.96875,0.968365553602812,0.96875,0.96875,0.9637305699481865,0.9635099913119027,0.9270192664788631,486,"all","MLP#486","MLP",486
551,546,30,24,0.9582608695652174,0.9578947368421052,0.9582608695652174,0.9582608695652174,0.953287197231834,0.9530842745438749,0.9061693281763752,487,"all","DT#487","DT",487
565,554,22,10,0.9826086956521739,0.9822695035460993,0.9826086956521739,0.9826086956521739,0.972461273666093,0.9721980886185926,0.9443971425638426,487,"all","RF#487","RF",487
488,553,23,87,0.9600694444444444,0.9549902152641878,0.9600694444444444,0.9600694444444444,0.9095394736842105,0.9044309296264118,0.8088432457242245,487,"all","NB#487","NB",487
557,549,27,18,0.9686956521739131,0.9682539682539683,0.9686956521739131,0.9686956521739131,0.9611734253666955,0.9609035621198957,0.9218081276069617,487,"all","MLP#487","MLP",487
543,551,25,32,0.9565972222222222,0.9559859154929577,0.9565972222222222,0.9565972222222222,0.9508196721311476,0.950477845351868,0.9009545692662816,488,"all","DT#488","DT",488
562,556,20,13,0.9773913043478261,0.9771528998242531,0.9773913043478261,0.9773913043478261,0.9714779602420052,0.9713292788879235,0.9426591204501159,488,"all","RF#488","RF",488
506,553,23,69,0.9600694444444444,0.9565217391304348,0.9600694444444444,0.9600694444444444,0.9232053422370616,0.9200695047784535,0.8401277866518508,488,"all","NB#488","NB",488
559,551,25,16,0.9721739130434782,0.9717813051146384,0.9721739130434782,0.9721739130434782,0.9646246764452113,0.9643788010425717,0.9287585162641208,488,"all","MLP#488","MLP",488
545,551,25,30,0.9565972222222222,0.956140350877193,0.9565972222222222,0.9565972222222222,0.9524632670700086,0.952215464813206,0.9044301360970419,489,"all","DT#489","DT",489
562,562,14,13,0.9773913043478261,0.9773913043478261,0.9773913043478261,0.9773913043478261,0.9765421372719374,0.9765421372719374,0.9530843099572616,489,"all","RF#489","RF",489
500,557,19,75,0.9670138888888888,0.9633911368015414,0.9670138888888888,0.9670138888888888,0.9221854304635762,0.9183318853171155,0.8366498375466525,489,"all","NB#489","NB",489
546,554,22,29,0.9618055555555556,0.9612676056338029,0.9618055555555556,0.9618055555555556,0.9559965487489215,0.9556907037358818,0.9113804040803571,489,"all","MLP#489","MLP",489
547,541,35,28,0.951304347826087,0.9507908611599297,0.951304347826087,0.951304347826087,0.9455488331892826,0.945264986967854,0.8905310481320394,490,"all","DT#490","DT",490
557,557,19,18,0.9686956521739131,0.9686956521739131,0.9686956521739131,0.9686956521739131,0.9678540399652477,0.9678540399652477,0.9357081284599512,490,"all","RF#490","RF",490
494,548,28,81,0.9513888888888888,0.946360153256705,0.9513888888888888,0.9513888888888888,0.9095435684647303,0.9052997393570807,0.8105841801955771,490,"all","NB#490","NB",490
547,547,29,28,0.951304347826087,0.951304347826087,0.951304347826087,0.951304347826087,0.9504778453518681,0.950477845351868,0.9009557654653301,490,"all","MLP#490","MLP",490
541,553,23,34,0.9600694444444444,0.9592198581560284,0.9600694444444444,0.9600694444444444,0.9509888220120378,0.950477845351868,0.900953971155922,491,"all","DT#491","DT",491
558,557,19,17,0.9704347826086956,0.9703832752613241,0.9704347826086956,0.9704347826086956,0.96875,0.9687228496959166,0.9374458410451659,491,"all","RF#491","RF",491
525,537,39,50,0.9322916666666666,0.9308510638297872,0.9322916666666666,0.9322916666666666,0.9234737747205503,0.9226759339704604,0.8453491830329307,491,"all","NB#491","NB",491
563,549,27,12,0.9791304347826087,0.9786096256684492,0.9791304347826087,0.9791304347826087,0.9665236051502147,0.9661164205039097,0.9322343244038858,491,"all","MLP#491","MLP",491
537,550,26,38,0.9548611111111112,0.9538188277087034,0.9548611111111112,0.9548611111111112,0.9450171821305843,0.944396177237185,0.8887902558621231,492,"all","DT#492","DT",492
555,555,21,20,0.9652173913043478,0.9652173913043478,0.9652173913043478,0.9652173913043478,0.9643788010425717,0.9643788010425717,0.9287576558610269,492,"all","RF#492","RF",492
530,521,55,45,0.9217391304347826,0.9204946996466431,0.9217391304347826,0.9217391304347826,0.9137931034482759,0.9131190269331017,0.8262405458854788,492,"all","NB#492","NB",492
561,549,27,14,0.9756521739130435,0.9751332149200711,0.9756521739130435,0.9756521739130435,0.9647463456577816,0.9643788010425717,0.9287589464578745,492,"all","MLP#492","MLP",492
540,543,33,35,0.9427083333333334,0.9424083769633508,0.9427083333333334,0.9427083333333334,0.9410745233968805,0.9409209383145091,0.8818414306806481,493,"all","DT#493","DT",493
564,556,20,11,0.9808695652173913,0.9805996472663139,0.9808695652173913,0.9808695652173913,0.9732528041415013,0.9730668983492615,0.9461344879070182,493,"all","RF#493","RF",493
528,531,45,47,0.921875,0.9214659685863874,0.921875,0.921875,0.9202772963604853,0.9200695047784535,0.8401384062149946,493,"all","NB#493","NB",493
563,550,26,12,0.9791304347826087,0.9786476868327402,0.9791304347826087,0.9791304347826087,0.9673539518900344,0.9669852302345786,0.93397180615144,493,"all","MLP#493","MLP",493
537,539,37,38,0.9357638888888888,0.9355400696864111,0.9357638888888888,0.9357638888888888,0.9349522983521248,0.9348392701998263,0.8696782452872062,494,"all","DT#494","DT",494
563,554,22,12,0.9791304347826087,0.9787985865724381,0.9791304347826087,0.9791304347826087,0.9706896551724138,0.9704604691572546,0.9409217856010629,494,"all","RF#494","RF",494
504,534,42,71,0.9270833333333334,0.9230769230769231,0.9270833333333334,0.9270833333333334,0.9043183742591024,0.9018245004344049,0.8036402559894682,494,"all","NB#494","NB",494
553,556,20,22,0.9652777777777778,0.9650959860383944,0.9652777777777778,0.9652777777777778,0.9636048526863085,0.9635099913119027,0.9270197071851063,494,"all","MLP#494","MLP",494
550,547,29,25,0.9565217391304348,0.9562937062937062,0.9565217391304348,0.9565217391304348,0.953206239168111,0.9530842745438749,0.9061690448729175,495,"all","DT#495","DT",495
561,558,18,14,0.9756521739130435,0.9755244755244755,0.9756521739130435,0.9756521739130435,0.9722703639514731,0.9721980886185926,0.944396471035803,495,"all","RF#495","RF",495
501,539,37,74,0.9357638888888888,0.9312267657992565,0.9357638888888888,0.9357638888888888,0.9066442388561817,0.9035621198957429,0.8071133200375021,495,"all","NB#495","NB",495
556,558,18,19,0.96875,0.9686411149825784,0.96875,0.96875,0.9679098005203817,0.9678540399652477,0.9357079343416884,495,"all","MLP#495","MLP",495
547,543,33,28,0.951304347826087,0.9509632224168126,0.951304347826087,0.951304347826087,0.9471861471861474,0.947002606429192,0.8940059329262309,496,"all","DT#496","DT",496
555,555,21,20,0.9652173913043478,0.9652173913043478,0.9652173913043478,0.9652173913043478,0.9643788010425717,0.9643788010425717,0.9287576558610269,496,"all","RF#496","RF",496
479,550,26,96,0.9548611111111112,0.9485148514851485,0.9548611111111112,0.9548611111111112,0.9001636661211129,0.894005212858384,0.7879878610360393,496,"all","NB#496","NB",496
544,554,22,31,0.9618055555555556,0.9611307420494699,0.9618055555555556,0.9618055555555556,0.954349698535745,0.9539530842745438,0.9079048477409868,496,"all","MLP#496","MLP",496
546,545,31,29,0.9495652173913044,0.9494773519163763,0.9495652173913044,0.9495652173913044,0.9479166666666667,0.947871416159861,0.89574306840861,497,"all","DT#497","DT",497
561,561,15,14,0.9756521739130435,0.9756521739130435,0.9756521739130435,0.9756521739130435,0.9748045178105995,0.9748045178105995,0.9496090736577996,497,"all","RF#497","RF",497
526,534,42,49,0.9270833333333334,0.926056338028169,0.9270833333333334,0.9270833333333334,0.9214840379637619,0.9209383145091226,0.8418748386531864,497,"all","NB#497","NB",497
556,558,18,19,0.96875,0.9686411149825784,0.96875,0.96875,0.9679098005203817,0.9678540399652477,0.9357079343416884,497,"all","MLP#497","MLP",497
535,547,29,40,0.9496527777777778,0.9485815602836879,0.9496527777777778,0.9496527777777778,0.9406706792777301,0.9400521285838401,0.8801021756098003,498,"all","DT#498","DT",498
561,560,16,14,0.9756521739130435,0.975609756097561,0.9756521739130435,0.9756521739130435,0.9739583333333334,0.9739357080799305,0.9478715342043049,498,"all","RF#498","RF",498
480,548,28,95,0.9513888888888888,0.9448818897637795,0.9513888888888888,0.9513888888888888,0.8990976210008204,0.893136403127715,0.7862510247866255,498,"all","NB#498","NB",498
550,557,19,25,0.9670138888888888,0.9666080843585237,0.9670138888888888,0.9670138888888888,0.9620034542314334,0.9617723718505647,0.923543993454047,498,"all","MLP#498","MLP",498
544,543,33,31,0.9460869565217391,0.945993031358885,0.9460869565217391,0.9460869565217391,0.9444444444444445,0.944396177237185,0.8887926063025172,499,"all","DT#499","DT",499
560,554,22,15,0.9739130434782609,0.9736379613356766,0.9739130434782609,0.9739130434782609,0.9680207433016422,0.9678540399652477,0.9357087108077058,499,"all","RF#499","RF",499
510,546,30,65,0.9479166666666666,0.9444444444444444,0.9479166666666666,0.9479166666666666,0.9199663016006739,0.9174630755864466,0.8349173039034369,499,"all","NB#499","NB",499
565,546,30,10,0.9826086956521739,0.9820143884892086,0.9826086956521739,0.9826086956521739,0.9658119658119659,0.9652476107732406,0.9304972675945774,499,"all","MLP#499","MLP",499
551,542,34,24,0.9582608695652174,0.9575971731448764,0.9582608695652174,0.9582608695652174,0.95,0.9496090356211989,0.8992195166135776,500,"all","DT#500","DT",500
560,556,20,15,0.9739130434782609,0.9737302977232924,0.9739130434782609,0.9739130434782609,0.9696969696969697,0.9695916594265855,0.9391837320068538,500,"all","RF#500","RF",500
528,545,31,47,0.9461805555555556,0.9445438282647585,0.9461805555555556,0.9461805555555556,0.9332191780821918,0.9322328410078193,0.8644623058527985,500,"all","NB#500","NB",500
555,556,20,20,0.9652777777777778,0.9652777777777778,0.9652777777777778,0.9652777777777778,0.9652777777777778,0.9652476107732406,0.9304951690821255,500,"all","MLP#500","MLP",500
536,550,26,39,0.9548611111111112,0.9537366548042705,0.9548611111111112,0.9548611111111112,0.9442060085836911,0.9435273675065161,0.8870524330942486,501,"all","DT#501","DT",501
559,553,23,16,0.9721739130434782,0.9718804920913884,0.9721739130434782,0.9721739130434782,0.9662921348314606,0.9661164205039097,0.9322335059865007,501,"all","RF#501","RF",501
502,541,35,73,0.9392361111111112,0.9348230912476723,0.9392361111111112,0.9392361111111112,0.9092436974789916,0.9061685490877498,0.8123261902101873,501,"all","NB#501","NB",501
543,545,31,32,0.9461805555555556,0.945993031358885,0.9461805555555556,0.9461805555555556,0.9453599306157849,0.945264986967854,0.890529726041253,501,"all","MLP#501","MLP",501
546,551,25,29,0.9565972222222222,0.9562171628721541,0.9565972222222222,0.9565972222222222,0.9532871972318339,0.9530842745438749,0.9061679116419785,502,"all","DT#502","DT",502
553,559,17,22,0.9704861111111112,0.9701754385964912,0.9704861111111112,0.9704861111111112,0.9662921348314607,0.9661164205039097,0.932232278323357,502,"all","RF#502","RF",502
537,524,52,38,0.9339130434782609,0.9323843416370107,0.9339130434782609,0.9339130434782609,0.922680412371134,0.9218071242397915,0.8436174356218317,502,"all","NB#502","NB",502
547,549,27,28,0.953125,0.9529616724738676,0.953125,0.953125,0.9522983521248916,0.952215464813206,0.9044307132106179,502,"all","MLP#502","MLP",502
554,551,25,21,0.9634782608695652,0.9632867132867133,0.9634782608695652,0.9634782608695652,0.9601386481802425,0.9600347523892268,0.9200699271139667,503,"all","DT#503","DT",503
559,560,16,16,0.9722222222222222,0.9722222222222222,0.9722222222222222,0.9722222222222222,0.9722222222222222,0.9721980886185926,0.9443961352657005,503,"all","RF#503","RF",503
537,537,39,38,0.9339130434782609,0.9339130434782609,0.9339130434782609,0.9339130434782609,0.9331016507384883,0.9331016507384883,0.8662034024707089,503,"all","NB#503","NB",503
550,556,20,25,0.9652777777777778,0.9649122807017544,0.9652777777777778,0.9652777777777778,0.9611063094209161,0.9609035621198957,0.9218064749884887,503,"all","MLP#503","MLP",503
546,542,34,29,0.9495652173913044,0.9492119089316988,0.9495652173913044,0.9495652173913044,0.9454545454545455,0.945264986967854,0.8905307176123368,504,"all","DT#504","DT",504
558,550,26,17,0.9704347826086956,0.9700176366843033,0.9704347826086956,0.9704347826086956,0.9628990509059535,0.9626411815812337,0.9252833219355413,504,"all","RF#504","RF",504
491,546,30,84,0.9479166666666666,0.9424184261036468,0.9479166666666666,0.9479166666666666,0.9054726368159204,0.9009556907037359,0.8018950820266145,504,"all","NB#504","NB",504
548,549,27,27,0.953125,0.953125,0.953125,0.953125,0.953125,0.9530842745438749,0.9061684782608695,504,"all","MLP#504","MLP",504
547,552,24,28,0.9583333333333334,0.957968476357268,0.9583333333333334,0.9583333333333334,0.9550173010380624,0.9548218940052129,0.9096431741737572,505,"all","DT#505","DT",505
556,557,19,19,0.9670138888888888,0.9670138888888888,0.9670138888888888,0.9670138888888888,0.9670138888888888,0.9669852302345786,0.9339704106280193,505,"all","RF#505","RF",505
518,538,38,57,0.9340277777777778,0.9316546762589928,0.9340277777777778,0.9340277777777778,0.9188727583262168,0.9174630755864466,0.8349212915225528,505,"all","NB#505","NB",505
549,557,19,26,0.9670138888888888,0.9665492957746479,0.9670138888888888,0.9670138888888888,0.9611734253666955,0.9609035621198957,0.9218062388944327,505,"all","MLP#505","MLP",505
550,552,24,25,0.9583333333333334,0.9581881533101045,0.9583333333333334,0.9583333333333334,0.9575021682567216,0.9574283231972198,0.9148564535876413,506,"all","DT#506","DT",506
566,555,21,9,0.9843478260869565,0.9840425531914894,0.9843478260869565,0.9843478260869565,0.9741824440619621,0.9739357080799305,0.9478723211536022,506,"all","RF#506","RF",506
523,539,37,52,0.9357638888888888,0.9339285714285714,0.9357638888888888,0.9357638888888888,0.9237360754070266,0.9226759339704604,0.8453482491300376,506,"all","NB#506","NB",506
560,551,25,15,0.9739130434782609,0.9734982332155477,0.9739130434782609,0.9739130434782609,0.9655172413793104,0.9652476107732406,0.9304962183541914,506,"all","MLP#506","MLP",506
555,549,27,20,0.9652173913043478,0.9648506151142355,0.9652173913043478,0.9652173913043478,0.9593777009507347,0.9591659426585578,0.9183326867016803,507,"all","DT#507","DT",507
562,553,23,13,0.9773913043478261,0.9770318021201413,0.9773913043478261,0.9773913043478261,0.9689655172413794,0.9687228496959166,0.9374465965187724,507,"all","RF#507","RF",507
543,497,79,32,0.9443478260869566,0.9395085066162571,0.9443478260869566,0.9443478260869566,0.9072681704260652,0.9035621198957429,0.8071377785694555,507,"all","NB#507","NB",507
555,550,26,20,0.9652173913043478,0.9649122807017544,0.9652173913043478,0.9652173913043478,0.9602076124567475,0.9600347523892268,0.9200701684465419,507,"all","MLP#507","MLP",507
555,547,29,20,0.9652173913043478,0.9647266313932981,0.9652173913043478,0.9652173913043478,0.9577221742881795,0.9574283231972198,0.9148577389498029,508,"all","DT#508","DT",508
558,556,20,17,0.9704347826086956,0.9703315881326352,0.9704347826086956,0.9704347826086956,0.9679098005203817,0.9678540399652477,0.9357083225770416,508,"all","RF#508","RF",508
519,543,33,56,0.9427083333333334,0.9402173913043478,0.9427083333333334,0.9427083333333334,0.9242553191489362,0.9226759339704604,0.8453463812904131,508,"all","NB#508","NB",508
554,543,33,21,0.9634782608695652,0.9627659574468085,0.9634782608695652,0.9634782608695652,0.9535283993115319,0.9530842745438749,0.9061701780764841,508,"all","MLP#508","MLP",508
554,540,36,21,0.9634782608695652,0.9625668449197861,0.9634782608695652,0.9634782608695652,0.9510729613733906,0.950477845351868,0.9009578587441407,509,"all","DT#509","DT",509
568,547,29,7,0.9878260869565217,0.9873646209386282,0.9878260869565217,0.9878260869565217,0.9692832764505119,0.9687228496959166,0.9374477296949679,509,"all","RF#509","RF",509
511,546,30,64,0.9479166666666666,0.944547134935305,0.9479166666666666,0.9479166666666666,0.9207419898819562,0.9183318853171155,0.8366552631022727,509,"all","NB#509","NB",509
553,548,28,22,0.9617391304347827,0.9614035087719298,0.9617391304347827,0.9617391304347827,0.9567474048442908,0.9565595134665508,0.9131197483114584,509,"all","MLP#509","MLP",509
536,542,34,39,0.9409722222222222,0.9403508771929825,0.9409722222222222,0.9409722222222222,0.9369057908383751,0.9365768896611643,0.8731527260924373,510,"all","DT#510","DT",510
557,557,19,18,0.9686956521739131,0.9686956521739131,0.9686956521739131,0.9686956521739131,0.9678540399652477,0.9678540399652477,0.9357081284599512,510,"all","RF#510","RF",510
439,559,17,136,0.9704861111111112,0.9627192982456141,0.9704861111111112,0.9704861111111112,0.8796223446105429,0.8670721112076455,0.7340962521950652,510,"all","NB#510","NB",510
546,558,18,29,0.96875,0.9680851063829787,0.96875,0.96875,0.9595872742906276,0.9591659426585578,0.9183304674443568,510,"all","MLP#510","MLP",510
539,546,30,36,0.9479166666666666,0.9472759226713533,0.9479166666666666,0.9479166666666666,0.9430051813471502,0.9426585577758471,0.8853159901810704,511,"all","DT#511","DT",511
557,561,15,18,0.9739583333333334,0.9737762237762237,0.9739583333333334,0.9739583333333334,0.9714285714285714,0.9713292788879235,0.9426582547928206,511,"all","RF#511","RF",511
545,468,108,30,0.9478260869565217,0.9397590361445783,0.9478260869565217,0.9478260869565217,0.8876221498371336,0.8801042571676803,0.7602365663463541,511,"all","NB#511","NB",511
560,549,27,15,0.9739130434782609,0.973404255319149,0.9739130434782609,0.9739130434782609,0.963855421686747,0.9635099913119027,0.9270212496150433,511,"all","MLP#511","MLP",511
547,533,43,28,0.951304347826087,0.9500891265597148,0.951304347826087,0.951304347826087,0.9390557939914164,0.9383145091225021,0.8766317187865611,512,"all","DT#512","DT",512
562,550,26,13,0.9773913043478261,0.9769094138543517,0.9773913043478261,0.9773913043478261,0.9664660361134996,0.9661164205039097,0.9322341198013928,512,"all","RF#512","RF",512
485,544,32,90,0.9444444444444444,0.9381044487427466,0.9444444444444444,0.9444444444444444,0.8991735537190082,0.894005212858384,0.7879917021719897,512,"all","NB#512","NB",512
559,548,28,16,0.9721739130434782,0.9716312056737588,0.9721739130434782,0.9721739130434782,0.9621342512908777,0.9617723718505647,0.9235460710252834,512,"all","MLP#512","MLP",512
545,540,36,30,0.9478260869565217,0.9473684210526315,0.9478260869565217,0.9478260869565217,0.9429065743944638,0.9426585577758471,0.8853180677711252,513,"all","DT#513","DT",513
557,554,22,18,0.9686956521739131,0.9685314685314685,0.9686956521739131,0.9686956521739131,0.9653379549393415,0.9652476107732406,0.9304955887947536,513,"all","RF#513","RF",513
503,541,35,72,0.9392361111111112,0.9349442379182156,0.9392361111111112,0.9392361111111112,0.9100084104289318,0.9070373588184187,0.814064191387502,513,"all","NB#513","NB",513
547,550,26,28,0.9548611111111112,0.9546247818499127,0.9548611111111112,0.9548611111111112,0.9532062391681109,0.9530842745438749,0.9061681949522795,513,"all","MLP#513","MLP",513
551,547,29,24,0.9582608695652174,0.957968476357268,0.9582608695652174,0.9582608695652174,0.9541125541125541,0.9539530842745438,0.9079067941818071,514,"all","DT#514","DT",514
562,561,15,13,0.9773913043478261,0.9773519163763066,0.9773913043478261,0.9773913043478261,0.9756944444444444,0.9756733275412685,0.9513467652573513,514,"all","RF#514","RF",514
515,549,27,60,0.953125,0.9501845018450185,0.953125,0.953125,0.9265822784810126,0.9244135534317984,0.8488194611144577,514,"all","NB#514","NB",514
559,545,31,16,0.9721739130434782,0.9714795008912656,0.9721739130434782,0.9721739130434782,0.959656652360515,0.9591659426585578,0.9183336729995546,514,"all","MLP#514","MLP",514
552,548,28,23,0.96,0.9597197898423818,0.96,0.96,0.9558441558441558,0.9556907037358818,0.9113820094957013,515,"all","DT#515","DT",515
562,554,22,13,0.9773913043478261,0.9770723104056437,0.9773913043478261,0.9773913043478261,0.9698015530629852,0.9695916594265855,0.9391840992498591,515,"all","RF#515","RF",515
509,548,28,66,0.9513888888888888,0.9478584729981379,0.9513888888888888,0.9513888888888888,0.9210084033613445,0.9183318853171155,0.836654276664422,515,"all","NB#515","NB",515
550,559,17,25,0.9704861111111112,0.9700176366843033,0.9704861111111112,0.9704861111111112,0.963793103448276,0.9635099913119027,0.9270190461237455,515,"all","MLP#515","MLP",515
539,547,29,36,0.9496527777777778,0.948943661971831,0.9496527777777778,0.9496527777777778,0.9439171699741156,0.9435273675065161,0.8870534561808474,516,"all","DT#516","DT",516
556,555,21,19,0.9669565217391304,0.9668989547038328,0.9669565217391304,0.9669565217391304,0.9652777777777777,0.9652476107732406,0.9304953789390732,516,"all","RF#516","RF",516
510,539,37,65,0.9357638888888888,0.9323583180987203,0.9357638888888888,0.9357638888888888,0.9135593220338982,0.9113814074717637,0.8227551889270681,516,"all","NB#516","NB",516
548,551,25,27,0.9565972222222222,0.956369982547993,0.9565972222222222,0.9565972222222222,0.9549393414211438,0.9548218940052129,0.909643446991084,516,"all","MLP#516","MLP",516
539,545,31,36,0.9461805555555556,0.9456140350877194,0.9461805555555556,0.9461805555555556,0.9420916162489197,0.9417897480451781,0.8835785294273054,517,"all","DT#517","DT",517
556,556,20,19,0.9669565217391304,0.9669565217391304,0.9669565217391304,0.9669565217391304,0.9661164205039096,0.9661164205039097,0.932232892160489,517,"all","RF#517","RF",517
537,524,52,38,0.9339130434782609,0.9323843416370107,0.9339130434782609,0.9339130434782609,0.922680412371134,0.9218071242397915,0.8436174356218317,517,"all","NB#517","NB",517
554,547,29,21,0.9634782608695652,0.9630281690140845,0.9634782608695652,0.9634782608695652,0.9568221070811744,0.9565595134665508,0.9131200106278908,517,"all","MLP#517","MLP",517
539,543,33,36,0.9427083333333334,0.9423076923076923,0.9427083333333334,0.9427083333333334,0.9402597402597404,0.9400521285838401,0.8801036236577159,518,"all","DT#518","DT",518
563,562,14,12,0.9791304347826087,0.9790940766550522,0.9791304347826087,0.9791304347826087,0.9774305555555555,0.9774109470026064,0.9548219963103977,518,"all","RF#518","RF",518
503,545,31,72,0.9461805555555556,0.9419475655430711,0.9461805555555556,0.9461805555555556,0.9136630343671417,0.9105125977410947,0.821013981843683,518,"all","NB#518","NB",518
558,554,22,17,0.9704347826086956,0.9702276707530648,0.9704347826086956,0.9704347826086956,0.9662337662337662,0.9661164205039097,0.9322333013790657,518,"all","MLP#518","MLP",518
545,543,33,30,0.9478260869565217,0.9476439790575916,0.9478260869565217,0.9478260869565217,0.9453599306157849,0.945264986967854,0.8905303870906381,519,"all","DT#519","DT",519
557,552,24,18,0.9686956521739131,0.968421052631579,0.9686956521739131,0.9686956521739131,0.9636678200692042,0.9635099913119027,0.9270205885816253,519,"all","RF#519","RF",519
505,536,40,70,0.9305555555555556,0.926605504587156,0.9305555555555556,0.9305555555555556,0.906937394247039,0.9044309296264118,0.8088530579585428,519,"all","NB#519","NB",519
546,542,34,29,0.9495652173913044,0.9492119089316988,0.9495652173913044,0.9495652173913044,0.9454545454545455,0.945264986967854,0.8905307176123368,519,"all","MLP#519","MLP",519
552,538,38,23,0.96,0.9590017825311943,0.96,0.96,0.9476394849785408,0.947002606429192,0.8940075330419751,520,"all","DT#520","DT",520
561,553,23,14,0.9756521739130435,0.9753086419753086,0.9756521739130435,0.9756521739130435,0.9680759275237273,0.9678540399652477,0.9357089049212799,520,"all","RF#520","RF",520
485,553,23,90,0.9600694444444444,0.9547244094488189,0.9600694444444444,0.9600694444444444,0.9073010664479082,0.9018245004344049,0.8036289902511274,520,"all","NB#520","NB",520
558,541,35,17,0.9704347826086956,0.9695340501792115,0.9704347826086956,0.9704347826086956,0.9554794520547946,0.9548218940052129,0.9096461750737449,520,"all","MLP#520","MLP",520
546,546,30,29,0.9495652173913044,0.9495652173913044,0.9495652173913044,0.9495652173913044,0.94874022589053,0.94874022589053,0.897480529165868,521,"all","DT#521","DT",521
561,553,23,14,0.9756521739130435,0.9753086419753086,0.9756521739130435,0.9756521739130435,0.9680759275237273,0.9678540399652477,0.9357089049212799,521,"all","RF#521","RF",521
515,545,31,60,0.9461805555555556,0.9432234432234432,0.9461805555555556,0.9461805555555556,0.9229466553767992,0.9209383145091226,0.8418695866817842,521,"all","NB#521","NB",521
558,551,25,17,0.9704347826086956,0.9700704225352113,0.9704347826086956,0.9704347826086956,0.9637305699481865,0.9635099913119027,0.9270208089274286,521,"all","MLP#521","MLP",521
543,547,29,32,0.9496527777777778,0.9493006993006993,0.9496527777777778,0.9496527777777778,0.9471861471861472,0.947002606429192,0.8940046527988502,522,"all","DT#522","DT",522
561,557,19,14,0.9756521739130435,0.9754816112084063,0.9756521739130435,0.9756521739130435,0.9714285714285715,0.9713292788879235,0.9426589473207478,522,"all","RF#522","RF",522
521,538,38,54,0.9340277777777778,0.9320214669051878,0.9340277777777778,0.9340277777777778,0.9212328767123289,0.9200695047784535,0.8401350274161211,522,"all","NB#522","NB",522
557,552,24,18,0.9686956521739131,0.968421052631579,0.9686956521739131,0.9686956521739131,0.9636678200692042,0.9635099913119027,0.9270205885816253,522,"all","MLP#522","MLP",522
543,552,24,32,0.9583333333333334,0.9576719576719577,0.9583333333333334,0.9583333333333334,0.9517241379310345,0.9513466550825369,0.9026920614983273,523,"all","DT#523","DT",523
554,556,20,21,0.9652777777777778,0.9651567944250871,0.9652777777777778,0.9652777777777778,0.9644405897658282,0.9643788010425717,0.928757440757006,523,"all","RF#523","RF",523
523,529,47,52,0.9184027777777778,0.9175438596491228,0.9184027777777778,0.9184027777777778,0.9144338807260156,0.9139878366637706,0.8279742449746751,523,"all","NB#523","NB",523
554,544,32,21,0.9634782608695652,0.9628318584070796,0.9634782608695652,0.9634782608695652,0.954349698535745,0.9539530842745438,0.9079076283455437,523,"all","MLP#523","MLP",523
551,550,26,24,0.9582608695652174,0.9581881533101045,0.9582608695652174,0.9582608695652174,0.9565972222222223,0.9565595134665508,0.9131192236738415,524,"all","DT#524","DT",524
560,560,16,15,0.9739130434782609,0.9739130434782609,0.9739130434782609,0.9739130434782609,0.9730668983492615,0.9730668983492615,0.9461338373583374,524,"all","RF#524","RF",524
512,551,25,63,0.9565972222222222,0.9534450651769087,0.9565972222222222,0.9565972222222222,0.9260504201680673,0.9235447437011295,0.8470805994305229,524,"all","NB#524","NB",524
560,557,19,15,0.9739130434782609,0.9737762237762237,0.9739130434782609,0.9739130434782609,0.9705372616984401,0.9704604691572546,0.9409212504755406,524,"all","MLP#524","MLP",524
541,552,24,34,0.9583333333333334,0.9575221238938053,0.9583333333333334,0.9583333333333334,0.9500860585197936,0.9496090356211989,0.8992164736786484,525,"all","DT#525","DT",525
556,558,18,19,0.96875,0.9686411149825784,0.96875,0.96875,0.9679098005203817,0.9678540399652477,0.9357079343416884,525,"all","RF#525","RF",525
421,572,4,154,0.9930555555555556,0.9905882352941177,0.9930555555555556,0.9930555555555556,0.8786482334869432,0.8627280625543006,0.7253937334843337,525,"all","NB#525","NB",525
556,550,26,19,0.9669565217391304,0.9666080843585237,0.9669565217391304,0.9669565217391304,0.9611063094209161,0.9609035621198957,0.9218078915228852,525,"all","MLP#525","MLP",525
548,540,36,27,0.9530434782608695,0.9523809523809523,0.9530434782608695,0.9530434782608695,0.9456427955133735,0.945264986967854,0.8905313786497465,526,"all","DT#526","DT",526
555,559,17,20,0.9704861111111112,0.9702797202797203,0.9704861111111112,0.9704861111111112,0.9679653679653679,0.9678540399652477,0.9357077402222536,526,"all","RF#526","RF",526
476,548,28,99,0.9513888888888888,0.9444444444444444,0.9513888888888888,0.9513888888888888,0.8961569910057237,0.889661164205039,0.779298505727516,526,"all","NB#526","NB",526
563,545,31,12,0.9791304347826087,0.9784560143626571,0.9791304347826087,0.9791304347826087,0.9632164242942687,0.9626411815812337,0.9252844498723617,526,"all","MLP#526","MLP",526
552,542,34,23,0.96,0.95929203539823,0.96,0.96,0.9509043927648578,0.950477845351868,0.9009572606735093,527,"all","DT#527","DT",527
561,555,21,14,0.9756521739130435,0.9753954305799648,0.9756521739130435,0.9756521739130435,0.9697493517718238,0.9695916594265855,0.9391839156289108,527,"all","RF#527","RF",527
508,547,29,67,0.9496527777777778,0.9459962756052142,0.9496527777777778,0.9496527777777778,0.9193277310924369,0.9165942658557776,0.8331788357423887,527,"all","NB#527","NB",527
559,556,20,16,0.9721739130434782,0.972027972027972,0.9721739130434782,0.9721739130434782,0.9688041594454073,0.9687228496959166,0.9374460299152783,527,"all","MLP#527","MLP",527
543,550,26,32,0.9548611111111112,0.9543057996485061,0.9548611111111112,0.9548611111111112,0.9499136442141624,0.9496090356211989,0.8992170822803346,528,"all","DT#528","DT",528
553,558,18,22,0.96875,0.968476357267951,0.96875,0.96875,0.9653979238754326,0.9652476107732406,0.9304947493644284,528,"all","RF#528","RF",528
512,551,25,63,0.9565972222222222,0.9534450651769087,0.9565972222222222,0.9565972222222222,0.9260504201680673,0.9235447437011295,0.8470805994305229,528,"all","NB#528","NB",528
551,556,20,24,0.9652777777777778,0.9649737302977233,0.9652777777777778,0.9652777777777778,0.9619377162629758,0.9617723718505647,0.9235442243008715,528,"all","MLP#528","MLP",528
537,546,30,38,0.9479166666666666,0.9470899470899471,0.9479166666666666,0.9479166666666666,0.9413793103448275,0.9409209383145091,0.8818403603908259,529,"all","DT#529","DT",529
557,557,19,18,0.9686956521739131,0.9686956521739131,0.9686956521739131,0.9686956521739131,0.9678540399652477,0.9678540399652477,0.9357081284599512,529,"all","RF#529","RF",529
493,552,24,82,0.9583333333333334,0.9535783365570599,0.9583333333333334,0.9583333333333334,0.912396694214876,0.9079061685490878,0.8157960691002534,529,"all","NB#529","NB",529
551,545,31,24,0.9582608695652174,0.9578207381370826,0.9582608695652174,0.9582608695652174,0.9524632670700085,0.952215464813206,0.90443186741686,529,"all","MLP#529","MLP",529
543,546,30,32,0.9479166666666666,0.9476439790575916,0.9479166666666666,0.9479166666666666,0.9462738301559792,0.946133796698523,0.8922671867970616,530,"all","DT#530","DT",530
561,557,19,14,0.9756521739130435,0.9754816112084063,0.9756521739130435,0.9756521739130435,0.9714285714285715,0.9713292788879235,0.9426589473207478,530,"all","RF#530","RF",530
544,478,98,31,0.9460869565217391,0.9390962671905697,0.9460869565217391,0.9460869565217391,0.8940016433853739,0.8879235447437012,0.775869590485262,530,"all","NB#530","NB",530
556,544,32,19,0.9669565217391304,0.9662522202486679,0.9669565217391304,0.9669565217391304,0.9561478933791917,0.9556907037358818,0.9113830797402829,530,"all","MLP#530","MLP",530
548,549,27,27,0.953125,0.953125,0.953125,0.953125,0.953125,0.9530842745438749,0.9061684782608695,531,"all","DT#531","DT",531
558,559,17,17,0.9704861111111112,0.9704861111111112,0.9704861111111112,0.9704861111111112,0.9704861111111112,0.9704604691572546,0.9409208937198068,531,"all","RF#531","RF",531
533,529,47,42,0.9269565217391305,0.9264448336252189,0.9269565217391305,0.9269565217391305,0.922943722943723,0.9226759339704604,0.8453529185317139,531,"all","NB#531","NB",531
553,566,10,22,0.9826388888888888,0.9822380106571936,0.9826388888888888,0.9826388888888888,0.972508591065292,0.9721980886185926,0.9443951279310616,531,"all","MLP#531","MLP",531
541,554,22,34,0.9618055555555556,0.9609236234458259,0.9618055555555556,0.9618055555555556,0.9518900343642612,0.9513466550825369,0.9026914738793577,532,"all","DT#532","DT",532
553,559,17,22,0.9704861111111112,0.9701754385964912,0.9704861111111112,0.9704861111111112,0.9662921348314607,0.9661164205039097,0.932232278323357,532,"all","RF#532","RF",532
531,517,59,44,0.9234782608695652,0.9215686274509803,0.9234782608695652,0.9234782608695652,0.9115879828326181,0.9105125977410947,0.8210291131692368,532,"all","NB#532","NB",532
556,548,28,19,0.9669565217391304,0.9664902998236331,0.9669565217391304,0.9669565217391304,0.9594477998274374,0.9591659426585578,0.9183329332783825,532,"all","MLP#532","MLP",532
546,537,39,29,0.9495652173913044,0.9487632508833922,0.9495652173913044,0.9495652173913044,0.9413793103448276,0.9409209383145091,0.8818435712021255,533,"all","DT#533","DT",533
557,546,30,18,0.9686956521739131,0.9680851063829787,0.9686956521739131,0.9686956521739131,0.9586919104991394,0.9582971329278888,0.9165957138457635,533,"all","RF#533","RF",533
516,541,35,59,0.9392361111111112,0.9364791288566243,0.9392361111111112,0.9392361111111112,0.9200680272108843,0.9183318853171155,0.8366577291447758,533,"all","NB#533","NB",533
550,550,26,25,0.9565217391304348,0.9565217391304348,0.9565217391304348,0.9565217391304348,0.9556907037358819,0.9556907037358818,0.9113814743637163,533,"all","MLP#533","MLP",533
541,546,30,34,0.9479166666666666,0.9474605954465849,0.9479166666666666,0.9479166666666666,0.9446366782006921,0.944396177237185,0.8887915989830857,534,"all","DT#534","DT",534
561,552,24,14,0.9756521739130435,0.9752650176678446,0.9756521739130435,0.9756521739130435,0.9672413793103449,0.9669852302345786,0.9339714074364819,534,"all","RF#534","RF",534
513,537,39,62,0.9322916666666666,0.9293478260869565,0.9322916666666666,0.9322916666666666,0.9140425531914894,0.9122502172024327,0.8244942079812555,534,"all","NB#534","NB",534
549,542,34,26,0.9547826086956521,0.954225352112676,0.9547826086956521,0.9547826086956521,0.9481865284974094,0.947871416159861,0.8957440127534693,534,"all","MLP#534","MLP",534
542,547,29,33,0.9496527777777778,0.9492119089316988,0.9496527777777778,0.9496527777777778,0.9463667820069204,0.946133796698523,0.8922668615148642,535,"all","DT#535","DT",535
556,555,21,19,0.9669565217391304,0.9668989547038328,0.9669565217391304,0.9669565217391304,0.9652777777777777,0.9652476107732406,0.9304953789390732,535,"all","RF#535","RF",535
504,543,33,71,0.9427083333333334,0.9385474860335196,0.9427083333333334,0.9427083333333334,0.9126050420168068,0.9096437880104257,0.8192770720542543,535,"all","NB#535","NB",535
557,550,26,18,0.9686956521739131,0.9683098591549296,0.9686956521739131,0.9686956521739131,0.9620034542314335,0.9617723718505647,0.923545609352544,535,"all","MLP#535","MLP",535
535,550,26,40,0.9548611111111112,0.9536541889483066,0.9548611111111112,0.9548611111111112,0.9433962264150944,0.9426585577758471,0.8853146050792136,536,"all","DT#536","DT",536
554,558,18,21,0.96875,0.9685314685314685,0.96875,0.96875,0.9662337662337663,0.9661164205039097,0.9322324829369699,536,"all","RF#536","RF",536
552,490,86,23,0.96,0.9551656920077972,0.96,0.96,0.9101401483924154,0.9052997393570807,0.8106173476858329,536,"all","NB#536","NB",536
545,551,25,30,0.9565972222222222,0.956140350877193,0.9565972222222222,0.9565972222222222,0.9524632670700086,0.952215464813206,0.9044301360970419,536,"all","MLP#536","MLP",536
539,547,29,36,0.9496527777777778,0.948943661971831,0.9496527777777778,0.9496527777777778,0.9439171699741156,0.9435273675065161,0.8870534561808474,537,"all","DT#537","DT",537
560,553,23,15,0.9739130434782609,0.9735915492957746,0.9739130434782609,0.9739130434782609,0.9671848013816926,0.9669852302345786,0.9339712080771971,537,"all","RF#537","RF",537
511,542,34,64,0.9409722222222222,0.9376146788990826,0.9409722222222222,0.9409722222222222,0.9170896785109983,0.9148566463944396,0.8297054516357927,537,"all","NB#537","NB",537
562,541,35,13,0.9773913043478261,0.9765342960288809,0.9773913043478261,0.9773913043478261,0.9590443686006827,0.9582971329278888,0.9165969729266238,537,"all","MLP#537","MLP",537
544,538,38,31,0.9460869565217391,0.945518453427065,0.9460869565217391,0.9460869565217391,0.9403630077787382,0.9400521285838401,0.8801054336684243,538,"all","DT#538","DT",538
560,555,21,15,0.9739130434782609,0.9736842105263158,0.9739130434782609,0.9739130434782609,0.9688581314878892,0.9687228496959166,0.9374462187842502,538,"all","RF#538","RF",538
517,549,27,58,0.953125,0.9503676470588235,0.953125,0.953125,0.9281487743026204,0.9261511728931364,0.8522953217919318,538,"all","NB#538","NB",538
556,551,25,19,0.9669565217391304,0.9666666666666667,0.9669565217391304,0.9669565217391304,0.9619377162629758,0.9617723718505647,0.9235453785140836,538,"all","MLP#538","MLP",538
555,545,31,20,0.9652173913043478,0.9646017699115044,0.9652173913043478,0.9652173913043478,0.9560723514211885,0.9556907037358818,0.9113828121815609,539,"all","DT#539","DT",539
563,554,22,12,0.9791304347826087,0.9787985865724381,0.9791304347826087,0.9791304347826087,0.9706896551724138,0.9704604691572546,0.9409217856010629,539,"all","RF#539","RF",539
544,489,87,31,0.9460869565217391,0.9403846153846154,0.9460869565217391,0.9460869565217391,0.9021558872305141,0.89748045178106,0.794978081563153,539,"all","NB#539","NB",539
558,547,29,17,0.9704347826086956,0.9698581560283688,0.9704347826086956,0.9704347826086956,0.9604130808950085,0.9600347523892268,0.9200708924355235,539,"all","MLP#539","MLP",539
533,547,29,42,0.9496527777777778,0.9483985765124555,0.9496527777777778,0.9496527777777778,0.9390557939914164,0.9383145091225021,0.8766265038414098,540,"all","DT#540","DT",540
558,560,16,17,0.9722222222222222,0.9721254355400697,0.9722222222222222,0.9722222222222222,0.971379011274935,0.9713292788879235,0.9426584279263707,540,"all","RF#540","RF",540
503,557,19,72,0.9670138888888888,0.9636015325670498,0.9670138888888888,0.9670138888888888,0.9244813278008299,0.9209383145091226,0.8418638568605279,540,"all","NB#540","NB",540
555,557,19,20,0.9670138888888888,0.9668989547038328,0.9670138888888888,0.9670138888888888,0.9661751951431049,0.9661164205039097,0.9322326875493472,540,"all","MLP#540","MLP",540
544,537,39,31,0.9460869565217391,0.9454225352112676,0.9460869565217391,0.9460869565217391,0.9395509499136442,0.9391833188531712,0.8783680148790475,541,"all","DT#541","DT",541
560,554,22,15,0.9739130434782609,0.9736379613356766,0.9739130434782609,0.9739130434782609,0.9680207433016422,0.9678540399652477,0.9357087108077058,541,"all","RF#541","RF",541
501,541,35,74,0.9392361111111112,0.9347014925373134,0.9392361111111112,0.9392361111111112,0.90848026868178,0.9052997393570807,0.8105881837849751,541,"all","NB#541","NB",541
554,556,20,21,0.9652777777777778,0.9651567944250871,0.9652777777777778,0.9652777777777778,0.9644405897658282,0.9643788010425717,0.928757440757006,541,"all","MLP#541","MLP",541
539,546,30,36,0.9479166666666666,0.9472759226713533,0.9479166666666666,0.9479166666666666,0.9430051813471502,0.9426585577758471,0.8853159901810704,542,"all","DT#542","DT",542
562,553,23,13,0.9773913043478261,0.9770318021201413,0.9773913043478261,0.9773913043478261,0.9689655172413794,0.9687228496959166,0.9374465965187724,542,"all","RF#542","RF",542
519,535,41,56,0.9288194444444444,0.9267857142857143,0.9288194444444444,0.9288194444444444,0.9168808911739503,0.9157254561251086,0.8314469681529624,542,"all","NB#542","NB",542
550,553,23,25,0.9600694444444444,0.9598603839441536,0.9600694444444444,0.9600694444444444,0.9584055459272096,0.9582971329278888,0.9165939510686928,542,"all","MLP#542","MLP",542
552,548,28,23,0.96,0.9597197898423818,0.96,0.96,0.9558441558441558,0.9556907037358818,0.9113820094957013,543,"all","DT#543","DT",543
566,554,22,9,0.9843478260869565,0.9840142095914742,0.9843478260869565,0.9843478260869565,0.9733447979363714,0.9730668983492615,0.9461348131754661,543,"all","RF#543","RF",543
504,545,31,71,0.9461805555555556,0.9420560747663551,0.9461805555555556,0.9461805555555556,0.9144295302013423,0.9113814074717637,0.8227519777764357,543,"all","NB#543","NB",543
557,550,26,18,0.9686956521739131,0.9683098591549296,0.9686956521739131,0.9686956521739131,0.9620034542314335,0.9617723718505647,0.923545609352544,543,"all","MLP#543","MLP",543
551,542,34,24,0.9582608695652174,0.9575971731448764,0.9582608695652174,0.9582608695652174,0.95,0.9496090356211989,0.8992195166135776,544,"all","DT#544","DT",544
561,557,19,14,0.9756521739130435,0.9754816112084063,0.9756521739130435,0.9756521739130435,0.9714285714285715,0.9713292788879235,0.9426589473207478,544,"all","RF#544","RF",544
517,548,28,58,0.9513888888888888,0.9486238532110092,0.9513888888888888,0.9513888888888888,0.9272419627749576,0.9252823631624674,0.8505578453130425,544,"all","NB#544","NB",544
554,552,24,21,0.9634782608695652,0.9633507853403142,0.9634782608695652,0.9634782608695652,0.960971379011275,0.9609035621198957,0.9218074193504558,544,"all","MLP#544","MLP",544
543,541,35,32,0.9443478260869566,0.944153577661431,0.9443478260869566,0.9443478260869566,0.9418907198612315,0.9417897480451781,0.8835799354773455,545,"all","DT#545","DT",545
561,551,25,14,0.9756521739130435,0.9752212389380531,0.9756521739130435,0.9756521739130435,0.9664082687338501,0.9661164205039097,0.9322339151976643,545,"all","RF#545","RF",545
491,549,27,84,0.953125,0.9478764478764479,0.953125,0.953125,0.9081885856079404,0.9035621198957429,0.8071074956631232,545,"all","NB#545","NB",545
550,545,31,25,0.9565217391304348,0.956140350877193,0.9565217391304348,0.9565217391304348,0.9515570934256056,0.9513466550825369,0.9026941181088335,545,"all","MLP#545","MLP",545
551,543,33,24,0.9582608695652174,0.9576719576719577,0.9582608695652174,0.9582608695652174,0.9508196721311475,0.950477845351868,0.9009569616354851,546,"all","DT#546","DT",546
553,555,21,22,0.9635416666666666,0.9634146341463414,0.9635416666666666,0.9635416666666666,0.9627059843885516,0.9626411815812337,0.9252821939646647,546,"all","RF#546","RF",546
490,554,22,85,0.9618055555555556,0.95703125,0.9618055555555556,0.9618055555555556,0.9119341563786009,0.9070373588184187,0.814056892488265,546,"all","NB#546","NB",546
550,549,27,25,0.9565217391304348,0.9564459930313589,0.9565217391304348,0.9565217391304348,0.954861111111111,0.9548218940052129,0.9096439926207953,546,"all","MLP#546","MLP",546
542,552,24,33,0.9583333333333334,0.9575971731448764,0.9583333333333334,0.9583333333333334,0.9509043927648579,0.950477845351868,0.9009542702120047,547,"all","DT#547","DT",547
563,557,19,12,0.9791304347826087,0.9789103690685413,0.9791304347826087,0.9791304347826087,0.9732065687121868,0.9730668983492615,0.946134325271321,547,"all","RF#547","RF",547
515,544,32,60,0.9444444444444444,0.9414990859232175,0.9444444444444444,0.9444444444444444,0.9220338983050849,0.9200695047784535,0.8401321311891203,547,"all","NB#547","NB",547
557,552,24,18,0.9686956521739131,0.968421052631579,0.9686956521739131,0.9686956521739131,0.9636678200692042,0.9635099913119027,0.9270205885816253,547,"all","MLP#547","MLP",547
544,550,26,31,0.9548611111111112,0.9543859649122807,0.9548611111111112,0.9548611111111112,0.9507346585998272,0.950477845351868,0.9009548683187525,548,"all","DT#548","DT",548
556,555,21,19,0.9669565217391304,0.9668989547038328,0.9669565217391304,0.9669565217391304,0.9652777777777777,0.9652476107732406,0.9304953789390732,548,"all","RF#548","RF",548
509,548,28,66,0.9513888888888888,0.9478584729981379,0.9513888888888888,0.9513888888888888,0.9210084033613445,0.9183318853171155,0.836654276664422,548,"all","NB#548","NB",548
553,549,27,22,0.9617391304347827,0.9614711033274956,0.9617391304347827,0.9617391304347827,0.9575757575757575,0.9574283231972198,0.9148572248095954,548,"all","MLP#548","MLP",548
549,541,35,26,0.9547826086956521,0.9541446208112875,0.9547826086956521,0.9547826086956521,0.9473684210526315,0.947002606429192,0.894006572978326,549,"all","DT#549","DT",549
562,549,27,13,0.9773913043478261,0.9768683274021353,0.9773913043478261,0.9773913043478261,0.9656357388316151,0.9652476107732406,0.9304966380541473,549,"all","RF#549","RF",549
502,551,25,73,0.9565972222222222,0.952561669829222,0.9565972222222222,0.9565972222222222,0.9183333333333334,0.9148566463944396,0.8297008237311883,549,"all","NB#549","NB",549
563,542,34,12,0.9791304347826087,0.9783393501805054,0.9791304347826087,0.9791304347826087,0.9607508532423208,0.9600347523892268,0.9200720990546811,549,"all","MLP#549","MLP",549
554,545,31,21,0.9634782608695652,0.9628975265017667,0.9634782608695652,0.9634782608695652,0.9551724137931035,0.9548218940052129,0.9096450838604491,550,"all","DT#550","DT",550
562,557,19,13,0.9773913043478261,0.9771929824561404,0.9773913043478261,0.9773913043478261,0.972318339100346,0.9721980886185926,0.9443966389193336,550,"all","RF#550","RF",550
505,546,30,70,0.9479166666666666,0.9439252336448598,0.9479166666666666,0.9479166666666666,0.9161073825503356,0.9131190269331017,0.8262274291925841,550,"all","NB#550","NB",550
551,545,31,24,0.9582608695652174,0.9578207381370826,0.9582608695652174,0.9582608695652174,0.9524632670700085,0.952215464813206,0.90443186741686,550,"all","MLP#550","MLP",550
544,555,21,31,0.9635416666666666,0.9628318584070796,0.9635416666666666,0.9635416666666666,0.955249569707401,0.9548218940052129,0.9096423557118919,551,"all","DT#551","DT",551
565,556,20,10,0.9826086956521739,0.9823321554770318,0.9826086956521739,0.9826086956521739,0.9741379310344828,0.9739357080799305,0.9478721637656435,551,"all","RF#551","RF",551
535,537,39,40,0.9322916666666666,0.9320557491289199,0.9322916666666666,0.9322916666666666,0.9314830875975715,0.9313640312771503,0.8627277517025237,551,"all","NB#551","NB",551
550,553,23,25,0.9600694444444444,0.9598603839441536,0.9600694444444444,0.9600694444444444,0.9584055459272096,0.9582971329278888,0.9165939510686928,551,"all","MLP#551","MLP",551
548,551,25,27,0.9565972222222222,0.956369982547993,0.9565972222222222,0.9565972222222222,0.9549393414211438,0.9548218940052129,0.909643446991084,552,"all","DT#552","DT",552
557,558,18,18,0.96875,0.96875,0.96875,0.96875,0.96875,0.9687228496959166,0.9374456521739131,552,"all","RF#552","RF",552
536,541,35,39,0.9392361111111112,0.9387040280210157,0.9392361111111112,0.9392361111111112,0.9359861591695502,0.9357080799304952,0.8714152863241927,552,"all","NB#552","NB",552
560,553,23,15,0.9739130434782609,0.9735915492957746,0.9739130434782609,0.9739130434782609,0.9671848013816926,0.9669852302345786,0.9339712080771971,552,"all","MLP#552","MLP",552
544,548,28,31,0.9513888888888888,0.951048951048951,0.9513888888888888,0.9513888888888888,0.9489177489177488,0.94874022589053,0.8974799100841339,553,"all","DT#553","DT",553
556,561,15,19,0.9739583333333334,0.9737302977232924,0.9739583333333334,0.9739583333333334,0.9705882352941176,0.9704604691572546,0.9409205369597643,553,"all","RF#553","RF",553
537,528,48,38,0.9339130434782609,0.9328621908127208,0.9339130434782609,0.9339130434782609,0.9258620689655173,0.9252823631624674,0.8505668694615116,553,"all","NB#553","NB",553
559,561,15,16,0.9739583333333334,0.9738675958188153,0.9739583333333334,0.9739583333333334,0.9731136166522117,0.9730668983492615,0.9461336747187119,553,"all","MLP#553","MLP",553
541,553,23,34,0.9600694444444444,0.9592198581560284,0.9600694444444444,0.9600694444444444,0.9509888220120378,0.950477845351868,0.900953971155922,554,"all","DT#554","DT",554
564,555,21,11,0.9808695652173913,0.980565371024735,0.9808695652173913,0.9808695652173913,0.9724137931034482,0.9721980886185926,0.9443969746833534,554,"all","RF#554","RF",554
515,553,23,60,0.9600694444444444,0.9572490706319703,0.9600694444444444,0.9600694444444444,0.930193439865433,0.9278887923544744,0.8557694194875016,554,"all","NB#554","NB",554
551,558,18,24,0.96875,0.968365553602812,0.96875,0.96875,0.9637305699481865,0.9635099913119027,0.9270192664788631,554,"all","MLP#554","MLP",554
549,543,33,26,0.9547826086956521,0.9543057996485061,0.9547826086956521,0.9547826086956521,0.9490060501296457,0.94874022589053,0.8974814577744498,555,"all","DT#555","DT",555
556,549,27,19,0.9669565217391304,0.9665492957746479,0.9669565217391304,0.9669565217391304,0.9602763385146803,0.9600347523892268,0.9200704097776596,555,"all","RF#555","RF",555
480,561,15,95,0.9739583333333334,0.9696969696969697,0.9739583333333334,0.9739583333333334,0.9107142857142858,0.9044309296264118,0.8088386278536055,555,"all","NB#555","NB",555
552,549,27,23,0.96,0.9597902097902098,0.96,0.96,0.9566724436741767,0.9565595134665508,0.913119485993442,555,"all","MLP#555","MLP",555
545,540,36,30,0.9478260869565217,0.9473684210526315,0.9478260869565217,0.9478260869565217,0.9429065743944638,0.9426585577758471,0.8853180677711252,556,"all","DT#556","DT",556
563,553,23,12,0.9791304347826087,0.9787610619469026,0.9791304347826087,0.9791304347826087,0.9698535745047374,0.9695916594265855,0.9391842828696987,556,"all","RF#556","RF",556
531,527,49,44,0.9234782608695652,0.9229422066549913,0.9234782608695652,0.9234782608695652,0.9194805194805195,0.9192006950477846,0.8384024879039259,556,"all","NB#556","NB",556
560,554,22,15,0.9739130434782609,0.9736379613356766,0.9739130434782609,0.9739130434782609,0.9680207433016422,0.9678540399652477,0.9357087108077058,556,"all","MLP#556","MLP",556
545,547,29,30,0.9496527777777778,0.9494773519163763,0.9496527777777778,0.9496527777777778,0.9488291413703384,0.94874022589053,0.8974802196259354,557,"all","DT#557","DT",557
555,555,21,20,0.9652173913043478,0.9652173913043478,0.9652173913043478,0.9652173913043478,0.9643788010425717,0.9643788010425717,0.9287576558610269,557,"all","RF#557","RF",557
539,481,95,36,0.9373913043478261,0.9303675048355899,0.9373913043478261,0.9373913043478261,0.8916459884201821,0.8861859252823632,0.7723919518038097,557,"all","NB#557","NB",557
543,552,24,32,0.9583333333333334,0.9576719576719577,0.9583333333333334,0.9583333333333334,0.9517241379310345,0.9513466550825369,0.9026920614983273,557,"all","MLP#557","MLP",557
531,541,35,44,0.9392361111111112,0.9381625441696113,0.9392361111111112,0.9392361111111112,0.9319552110249786,0.9313640312771503,0.8627260938026029,558,"all","DT#558","DT",558
557,552,24,18,0.9686956521739131,0.968421052631579,0.9686956521739131,0.9686956521739131,0.9636678200692042,0.9635099913119027,0.9270205885816253,558,"all","RF#558","RF",558
505,543,33,70,0.9427083333333334,0.9386617100371747,0.9427083333333334,0.9427083333333334,0.9133725820016821,0.9105125977410947,0.821015062737502,558,"all","NB#558","NB",558
551,553,23,24,0.9600694444444444,0.9599303135888502,0.9600694444444444,0.9600694444444444,0.9592367736339982,0.9591659426585578,0.9183317003799826,558,"all","MLP#558","MLP",558
552,536,40,23,0.96,0.9588550983899821,0.96,0.96,0.9460154241645243,0.945264986967854,0.890532700700616,559,"all","DT#559","DT",559
559,553,23,16,0.9721739130434782,0.9718804920913884,0.9721739130434782,0.9721739130434782,0.9662921348314606,0.9661164205039097,0.9322335059865007,559,"all","RF#559","RF",559
505,544,32,70,0.9444444444444444,0.9404096834264432,0.9444444444444444,0.9444444444444444,0.9142857142857143,0.9113814074717637,0.8227525129762878,559,"all","NB#559","NB",559
554,551,25,21,0.9634782608695652,0.9632867132867133,0.9634782608695652,0.9634782608695652,0.9601386481802425,0.9600347523892268,0.9200699271139667,559,"all","MLP#559","MLP",559
539,547,29,36,0.9496527777777778,0.948943661971831,0.9496527777777778,0.9496527777777778,0.9439171699741156,0.9435273675065161,0.8870534561808474,560,"all","DT#560","DT",560
559,553,23,16,0.9721739130434782,0.9718804920913884,0.9721739130434782,0.9721739130434782,0.9662921348314606,0.9661164205039097,0.9322335059865007,560,"all","RF#560","RF",560
504,540,36,71,0.9375,0.9333333333333333,0.9375,0.9375,0.9098567818028643,0.9070373588184187,0.8140647528175552,560,"all","NB#560","NB",560
561,550,26,14,0.9756521739130435,0.975177304964539,0.9756521739130435,0.9756521739130435,0.9655765920826161,0.9652476107732406,0.9304964282048029,560,"all","MLP#560","MLP",560
547,548,28,28,0.9513888888888888,0.9513888888888888,0.9513888888888888,0.9513888888888888,0.9513888888888888,0.9513466550825369,0.9026932367149758,561,"all","DT#561","DT",561
566,557,19,9,0.9843478260869565,0.9840989399293286,0.9843478260869565,0.9843478260869565,0.9758620689655173,0.9756733275412685,0.951347352847934,561,"all","RF#561","RF",561
534,534,42,41,0.928695652173913,0.928695652173913,0.928695652173913,0.928695652173913,0.9278887923544743,0.9278887923544744,0.8557776935723227,561,"all","NB#561","NB",561
560,547,29,15,0.9739130434782609,0.9733096085409253,0.9739130434782609,0.9739130434782609,0.9621993127147765,0.9617723718505647,0.9235463018595622,561,"all","MLP#561","MLP",561
537,546,30,38,0.9479166666666666,0.9470899470899471,0.9479166666666666,0.9479166666666666,0.9413793103448275,0.9409209383145091,0.8818403603908259,562,"all","DT#562","DT",562
559,554,22,16,0.9721739130434782,0.9719298245614035,0.9721739130434782,0.9721739130434782,0.9671280276816608,0.9669852302345786,0.9339710087167085,562,"all","RF#562","RF",562
481,552,24,94,0.9583333333333334,0.9524752475247524,0.9583333333333334,0.9583333333333334,0.9034369885433715,0.89748045178106,0.794939078706989,562,"all","NB#562","NB",562
558,547,29,17,0.9704347826086956,0.9698581560283688,0.9704347826086956,0.9704347826086956,0.9604130808950085,0.9600347523892268,0.9200708924355235,562,"all","MLP#562","MLP",562
548,537,39,27,0.9530434782608695,0.9521276595744681,0.9530434782608695,0.9530434782608695,0.9432013769363167,0.9426585577758471,0.885319106537925,563,"all","DT#563","DT",563
569,556,20,6,0.9895652173913043,0.9893238434163701,0.9895652173913043,0.9895652173913043,0.9776632302405498,0.9774109470026064,0.9548228147351958,563,"all","RF#563","RF",563
480,552,24,95,0.9583333333333334,0.9523809523809523,0.9583333333333334,0.9583333333333334,0.9026982829108748,0.896611642050391,0.7932009620596412,563,"all","NB#563","NB",563
555,554,22,20,0.9652173913043478,0.9651567944250871,0.9652173913043478,0.9652173913043478,0.9635416666666666,0.9635099913119027,0.927020147886027,563,"all","MLP#563","MLP",563
535,547,29,40,0.9496527777777778,0.9485815602836879,0.9496527777777778,0.9496527777777778,0.9406706792777301,0.9400521285838401,0.8801021756098003,564,"all","DT#564","DT",564
552,558,18,23,0.96875,0.968421052631579,0.96875,0.96875,0.9645635263612792,0.9643788010425717,0.9287570105450675,564,"all","RF#564","RF",564
477,552,24,98,0.9583333333333334,0.9520958083832335,0.9583333333333334,0.9583333333333334,0.9004893964110929,0.894005212858384,0.7879865806264588,564,"all","NB#564","NB",564
545,547,29,30,0.9496527777777778,0.9494773519163763,0.9496527777777778,0.9496527777777778,0.9488291413703384,0.94874022589053,0.8974802196259354,564,"all","MLP#564","MLP",564
533,560,16,42,0.9722222222222222,0.970856102003643,0.9722222222222222,0.9722222222222222,0.9507640067911715,0.9496090356211989,0.8992140391983984,565,"all","DT#565","DT",565
551,569,7,24,0.9878472222222222,0.9874551971326165,0.9878472222222222,0.9878472222222222,0.9734816082121471,0.9730668983492615,0.9461323735663506,565,"all","RF#565","RF",565
492,558,18,83,0.96875,0.9647058823529412,0.96875,0.96875,0.9170090386195563,0.9122502172024327,0.8244830788045325,565,"all","NB#565","NB",565
552,563,13,23,0.9774305555555556,0.9769911504424779,0.9774305555555556,0.9774305555555556,0.9690189328743546,0.9687228496959166,0.9374447078005405,565,"all","MLP#565","MLP",565
543,542,34,32,0.9443478260869566,0.9442508710801394,0.9443478260869566,0.9443478260869566,0.9427083333333333,0.9426585577758471,0.8853173752494709,566,"all","DT#566","DT",566
561,562,14,14,0.9756944444444444,0.9756944444444444,0.9756944444444444,0.9756944444444444,0.9756944444444444,0.9756733275412685,0.9513466183574879,566,"all","RF#566","RF",566
489,553,23,86,0.9600694444444444,0.955078125,0.9600694444444444,0.9600694444444444,0.9102880658436213,0.9052997393570807,0.8105813203852419,566,"all","NB#566","NB",566
552,555,21,23,0.9635416666666666,0.9633507853403142,0.9635416666666666,0.9635416666666666,0.9618717504332754,0.9617723718505647,0.9235444551463018,566,"all","MLP#566","MLP",566
545,543,33,30,0.9478260869565217,0.9476439790575916,0.9478260869565217,0.9478260869565217,0.9453599306157849,0.945264986967854,0.8905303870906381,567,"all","DT#567","DT",567
559,551,25,16,0.9721739130434782,0.9717813051146384,0.9721739130434782,0.9721739130434782,0.9646246764452113,0.9643788010425717,0.9287585162641208,567,"all","RF#567","RF",567
532,525,51,43,0.9252173913043479,0.9242957746478874,0.9252173913043479,0.9252173913043479,0.918825561312608,0.9183318853171155,0.836665619980435,567,"all","NB#567","NB",567
550,546,30,25,0.9565217391304348,0.9562171628721541,0.9565217391304348,0.9565217391304348,0.9523809523809523,0.952215464813206,0.9044315788679133,567,"all","MLP#567","MLP",567
533,541,35,42,0.9392361111111112,0.9383802816901409,0.9392361111111112,0.9392361111111112,0.9335634167385678,0.9331016507384883,0.8662017865526961,568,"all","DT#568","DT",568
560,551,25,15,0.9739130434782609,0.9734982332155477,0.9739130434782609,0.9739130434782609,0.9655172413793104,0.9652476107732406,0.9304962183541914,568,"all","RF#568","RF",568
487,557,19,88,0.9670138888888888,0.9624505928853755,0.9670138888888888,0.9670138888888888,0.9123669123669123,0.9070373588184187,0.814055208045524,568,"all","NB#568","NB",568
558,548,28,17,0.9704347826086956,0.9699115044247788,0.9704347826086956,0.9704347826086956,0.9612403100775193,0.9609035621198957,0.9218083636896125,568,"all","MLP#568","MLP",568
540,543,33,35,0.9427083333333334,0.9424083769633508,0.9427083333333334,0.9427083333333334,0.9410745233968805,0.9409209383145091,0.8818414306806481,569,"all","DT#569","DT",569
555,562,14,20,0.9756944444444444,0.9753954305799648,0.9756944444444444,0.9756944444444444,0.9706390328151987,0.9704604691572546,0.9409203585781273,569,"all","RF#569","RF",569
383,564,12,192,0.9791666666666666,0.9696202531645569,0.9791666666666666,0.9791666666666666,0.846846846846847,0.8227628149435273,0.6454290115067499,569,"all","NB#569","NB",569
547,557,19,28,0.9670138888888888,0.9664310954063604,0.9670138888888888,0.9670138888888888,0.9595176571920758,0.9591659426585578,0.9183307140344601,569,"all","MLP#569","MLP",569
549,537,39,26,0.9547826086956521,0.9538188277087034,0.9547826086956521,0.9547826086956521,0.9441100601891659,0.9435273675065161,0.8870568663356547,570,"all","DT#570","DT",570
559,552,24,16,0.9721739130434782,0.971830985915493,0.9721739130434782,0.9721739130434782,0.9654576856649396,0.9652476107732406,0.9304960085023127,570,"all","RF#570","RF",570
469,550,26,106,0.9548611111111112,0.9474747474747475,0.9548611111111112,0.9548611111111112,0.8928571428571429,0.8853171155516942,0.7706063534243267,570,"all","NB#570","NB",570
556,551,25,19,0.9669565217391304,0.9666666666666667,0.9669565217391304,0.9669565217391304,0.9619377162629758,0.9617723718505647,0.9235453785140836,570,"all","MLP#570","MLP",570
542,547,29,33,0.9496527777777778,0.9492119089316988,0.9496527777777778,0.9496527777777778,0.9463667820069204,0.946133796698523,0.8922668615148642,571,"all","DT#571","DT",571
561,556,20,14,0.9756521739130435,0.9754385964912281,0.9756521739130435,0.9756521739130435,0.9705882352941178,0.9704604691572546,0.9409214288517919,571,"all","RF#571","RF",571
504,549,27,71,0.953125,0.9491525423728814,0.953125,0.953125,0.9180602006688964,0.9148566463944396,0.8297018521761712,571,"all","NB#571","NB",571
558,550,26,17,0.9704347826086956,0.9700176366843033,0.9704347826086956,0.9704347826086956,0.9628990509059535,0.9626411815812337,0.9252833219355413,571,"all","MLP#571","MLP",571
538,550,26,37,0.9548611111111112,0.9539007092198581,0.9548611111111112,0.9548611111111112,0.945829750644884,0.945264986967854,0.890528073382861,572,"all","DT#572","DT",572
558,559,17,17,0.9704861111111112,0.9704861111111112,0.9704861111111112,0.9704861111111112,0.9704861111111112,0.9704604691572546,0.9409208937198068,572,"all","RF#572","RF",572
509,551,25,66,0.9565972222222222,0.9531835205992509,0.9565972222222222,0.9565972222222222,0.9237217099748534,0.9209383145091226,0.8418667218230598,572,"all","NB#572","NB",572
551,551,25,24,0.9582608695652174,0.9582608695652174,0.9582608695652174,0.9582608695652174,0.9574283231972198,0.9574283231972198,0.9148567106631785,572,"all","MLP#572","MLP",572
544,541,35,31,0.9460869565217391,0.9458041958041958,0.9460869565217391,0.9460869565217391,0.9428076256499134,0.9426585577758471,0.8853177215113435,573,"all","DT#573","DT",573
561,551,25,14,0.9756521739130435,0.9752212389380531,0.9756521739130435,0.9756521739130435,0.9664082687338501,0.9661164205039097,0.9322339151976643,573,"all","RF#573","RF",573
519,546,30,56,0.9479166666666666,0.9453551912568307,0.9479166666666666,0.9479166666666666,0.9269949066213922,0.9252823631624674,0.8505587477769356,573,"all","NB#573","NB",573
556,538,38,19,0.9669565217391304,0.9658886894075404,0.9669565217391304,0.9669565217391304,0.951240376390077,0.950477845351868,0.9009584568075494,573,"all","MLP#573","MLP",573
542,545,31,33,0.9461805555555556,0.9458987783595113,0.9461805555555556,0.9461805555555556,0.9445407279029463,0.944396177237185,0.8887919347582571,574,"all","DT#574","DT",574
554,559,17,21,0.9704861111111112,0.9702276707530648,0.9704861111111112,0.9704861111111112,0.9671280276816608,0.9669852302345786,0.9339700118962071,574,"all","RF#574","RF",574
510,548,28,65,0.9513888888888888,0.9479553903345725,0.9513888888888888,0.9513888888888888,0.9217830109335575,0.9192006950477846,0.8383922411125018,574,"all","NB#574","NB",574
550,549,27,25,0.9565217391304348,0.9564459930313589,0.9565217391304348,0.9565217391304348,0.954861111111111,0.9548218940052129,0.9096439926207953,574,"all","MLP#574","MLP",574
542,557,19,33,0.9670138888888888,0.966131907308378,0.9670138888888888,0.9670138888888888,0.9554030874785593,0.9548218940052129,0.9096418100624108,575,"all","DT#575","DT",575
554,563,13,21,0.9774305555555556,0.9770723104056437,0.9774305555555556,0.9774305555555556,0.9706896551724138,0.9704604691572546,0.940920180195413,575,"all","RF#575","RF",575
507,547,29,68,0.9496527777777778,0.9458955223880597,0.9496527777777778,0.9496527777777778,0.9185558354324097,0.9157254561251086,0.8314408607994733,575,"all","NB#575","NB",575
555,557,19,20,0.9670138888888888,0.9668989547038328,0.9670138888888888,0.9670138888888888,0.9661751951431049,0.9661164205039097,0.9322326875493472,575,"all","MLP#575","MLP",575
544,546,30,31,0.9479166666666666,0.9477351916376306,0.9479166666666666,0.9479166666666666,0.9470945359930616,0.947002606429192,0.8940049728335943,576,"all","DT#576","DT",576
554,558,18,21,0.96875,0.9685314685314685,0.96875,0.96875,0.9662337662337663,0.9661164205039097,0.9322324829369699,576,"all","RF#576","RF",576
499,555,21,76,0.9635416666666666,0.9596153846153846,0.9635416666666666,0.9635416666666666,0.91963545981773,0.9157254561251086,0.8314367889845926,576,"all","NB#576","NB",576
549,538,38,26,0.9547826086956521,0.9539007092198581,0.9547826086956521,0.9547826086956521,0.9449225473321858,0.944396177237185,0.8887942851276849,576,"all","MLP#576","MLP",576
547,529,47,28,0.951304347826087,0.9497307001795332,0.951304347826087,0.951304347826087,0.9358426005132592,0.9348392701998263,0.8696821800099334,577,"all","DT#577","DT",577
559,549,27,16,0.9721739130434782,0.9716814159292035,0.9721739130434782,0.9721739130434782,0.9629629629629629,0.9626411815812337,0.9252835475256298,577,"all","RF#577","RF",577
525,531,45,50,0.921875,0.9210526315789473,0.921875,0.921875,0.9178910976663786,0.9174630755864466,0.834924780531254,577,"all","NB#577","NB",577
554,547,29,21,0.9634782608695652,0.9630281690140845,0.9634782608695652,0.9634782608695652,0.9568221070811744,0.9565595134665508,0.9131200106278908,577,"all","MLP#577","MLP",577
550,539,37,25,0.9565217391304348,0.9556737588652482,0.9565217391304348,0.9565217391304348,0.9466437177280551,0.946133796698523,0.8922694637174448,578,"all","DT#578","DT",578
565,555,21,10,0.9826086956521739,0.9823008849557522,0.9826086956521739,0.9826086956521739,0.9732988802756245,0.9730668983492615,0.9461346505417332,578,"all","RF#578","RF",578
535,533,43,40,0.9304347826086956,0.9301919720767888,0.9304347826086956,0.9304347826086956,0.9280138768430181,0.9278887923544744,0.8557781290241743,578,"all","NB#578","NB",578
560,553,23,15,0.9739130434782609,0.9735915492957746,0.9739130434782609,0.9739130434782609,0.9671848013816926,0.9669852302345786,0.9339712080771971,578,"all","MLP#578","MLP",578
550,539,37,25,0.9565217391304348,0.9556737588652482,0.9565217391304348,0.9565217391304348,0.9466437177280551,0.946133796698523,0.8922694637174448,579,"all","DT#579","DT",579
563,555,21,12,0.9791304347826087,0.9788359788359788,0.9791304347826087,0.9791304347826087,0.9715271786022434,0.9713292788879235,0.9426592935784387,579,"all","RF#579","RF",579
505,537,39,70,0.9322916666666666,0.9283088235294118,0.9322916666666666,0.9322916666666666,0.9078613693998309,0.9052997393570807,0.8105904714743594,579,"all","NB#579","NB",579
557,542,34,18,0.9686956521739131,0.9678571428571429,0.9686956521739131,0.9686956521739131,0.9554030874785591,0.9548218940052129,0.909645902272892,579,"all","MLP#579","MLP",579
543,555,21,32,0.9635416666666666,0.9627659574468085,0.9635416666666666,0.9635416666666666,0.9544282029234739,0.9539530842745438,0.9079045696712958,580,"all","DT#580","DT",580
556,554,22,19,0.9669565217391304,0.9668411867364747,0.9669565217391304,0.9669565217391304,0.9644405897658281,0.9643788010425717,0.9287578709637487,580,"all","RF#580","RF",580
495,545,31,80,0.9461805555555556,0.94106463878327,0.9461805555555556,0.9461805555555556,0.9075770191507077,0.9035621198957429,0.8071098254550836,580,"all","NB#580","NB",580
555,554,22,20,0.9652173913043478,0.9651567944250871,0.9652173913043478,0.9652173913043478,0.9635416666666666,0.9635099913119027,0.927020147886027,580,"all","MLP#580","MLP",580
545,544,32,30,0.9478260869565217,0.9477351916376306,0.9478260869565217,0.9478260869565217,0.9461805555555556,0.946133796698523,0.8922678373555636,581,"all","DT#581","DT",581
560,559,17,15,0.9739130434782609,0.9738675958188153,0.9739130434782609,0.9739130434782609,0.9722222222222223,0.9721980886185926,0.9443963031512587,581,"all","RF#581","RF",581
523,543,33,52,0.9427083333333334,0.9406474820143885,0.9427083333333334,0.9427083333333334,0.9274124679760888,0.9261511728931364,0.8522979976780736,581,"all","NB#581","NB",581
546,543,33,29,0.9495652173913044,0.9493006993006993,0.9495652173913044,0.9495652173913044,0.9462738301559791,0.946133796698523,0.8922681626318683,581,"all","MLP#581","MLP",581
542,554,22,33,0.9618055555555556,0.9609929078014184,0.9618055555555556,0.9618055555555556,0.9527085124677558,0.952215464813206,0.904429270413609,582,"all","DT#582","DT",582
558,560,16,17,0.9722222222222222,0.9721254355400697,0.9722222222222222,0.9722222222222222,0.971379011274935,0.9713292788879235,0.9426584279263707,582,"all","RF#582","RF",582
466,564,12,109,0.9791666666666666,0.9748953974895398,0.9791666666666666,0.9791666666666666,0.9031224979983987,0.894874022589053,0.7897170932337616,582,"all","NB#582","NB",582
559,551,25,16,0.9721739130434782,0.9717813051146384,0.9721739130434782,0.9721739130434782,0.9646246764452113,0.9643788010425717,0.9287585162641208,582,"all","MLP#582","MLP",582
541,545,31,34,0.9461805555555556,0.9458041958041958,0.9461805555555556,0.9461805555555556,0.9437229437229436,0.9435273675065161,0.8870541382282832,583,"all","DT#583","DT",583
561,563,13,14,0.9774305555555556,0.9773519163763066,0.9774305555555556,0.9774305555555556,0.9765828274067649,0.9765421372719374,0.953084168303394,583,"all","RF#583","RF",583
503,547,29,72,0.9496527777777778,0.9454887218045113,0.9496527777777778,0.9496527777777778,0.915481171548117,0.9122502172024327,0.8244889085493171,583,"all","NB#583","NB",583
561,559,17,14,0.9756521739130435,0.9755671902268761,0.9756521739130435,0.9756521739130435,0.9731136166522117,0.9730668983492615,0.9461339999969808,583,"all","MLP#583","MLP",583
548,546,30,27,0.9530434782608695,0.9528795811518325,0.9530434782608695,0.9530434782608695,0.9505637467476149,0.950477845351868,0.9009560645105775,584,"all","DT#584","DT",584
562,557,19,13,0.9773913043478261,0.9771929824561404,0.9773913043478261,0.9773913043478261,0.972318339100346,0.9721980886185926,0.9443966389193336,584,"all","RF#584","RF",584
406,558,18,169,0.96875,0.9575471698113207,0.96875,0.96875,0.8564850345356868,0.8375325803649001,0.6749908267132151,584,"all","NB#584","NB",584
559,545,31,16,0.9721739130434782,0.9714795008912656,0.9721739130434782,0.9721739130434782,0.959656652360515,0.9591659426585578,0.9183336729995546,584,"all","MLP#584","MLP",584
545,540,36,30,0.9478260869565217,0.9473684210526315,0.9478260869565217,0.9478260869565217,0.9429065743944638,0.9426585577758471,0.8853180677711252,585,"all","DT#585","DT",585
555,553,23,20,0.9652173913043478,0.9650959860383944,0.9652173913043478,0.9652173913043478,0.9627059843885516,0.9626411815812337,0.9252826451571023,585,"all","RF#585","RF",585
479,553,23,96,0.9600694444444444,0.954183266932271,0.9600694444444444,0.9600694444444444,0.9028571428571429,0.896611642050391,0.7932003375975916,585,"all","NB#585","NB",585
551,553,23,24,0.9600694444444444,0.9599303135888502,0.9600694444444444,0.9600694444444444,0.9592367736339982,0.9591659426585578,0.9183317003799826,585,"all","MLP#585","MLP",585
535,546,30,40,0.9479166666666666,0.9469026548672567,0.9479166666666666,0.9479166666666666,0.9397590361445782,0.9391833188531712,0.8783647096121621,586,"all","DT#586","DT",586
558,550,26,17,0.9704347826086956,0.9700176366843033,0.9704347826086956,0.9704347826086956,0.9628990509059535,0.9626411815812337,0.9252833219355413,586,"all","RF#586","RF",586
500,553,23,75,0.9600694444444444,0.9560229445506692,0.9600694444444444,0.9600694444444444,0.9186046511627907,0.9148566463944396,0.8296997952737836,586,"all","NB#586","NB",586
553,556,20,22,0.9652777777777778,0.9650959860383944,0.9652777777777778,0.9652777777777778,0.9636048526863085,0.9635099913119027,0.9270197071851063,586,"all","MLP#586","MLP",586
547,548,28,28,0.9513888888888888,0.9513888888888888,0.9513888888888888,0.9513888888888888,0.9513888888888888,0.9513466550825369,0.9026932367149758,587,"all","DT#587","DT",587
556,551,25,19,0.9669565217391304,0.9666666666666667,0.9669565217391304,0.9669565217391304,0.9619377162629758,0.9617723718505647,0.9235453785140836,587,"all","RF#587","RF",587
497,555,21,78,0.9635416666666666,0.9594594594594594,0.9635416666666666,0.9635416666666666,0.9181141439205954,0.9139878366637706,0.8279607393752179,587,"all","NB#587","NB",587
550,552,24,25,0.9583333333333334,0.9581881533101045,0.9583333333333334,0.9583333333333334,0.9575021682567216,0.9574283231972198,0.9148564535876413,587,"all","MLP#587","MLP",587
542,543,33,33,0.9427083333333334,0.9427083333333334,0.9427083333333334,0.9427083333333334,0.9427083333333334,0.9426585577758471,0.8853170289855071,588,"all","DT#588","DT",588
560,554,22,15,0.9739130434782609,0.9736379613356766,0.9739130434782609,0.9739130434782609,0.9680207433016422,0.9678540399652477,0.9357087108077058,588,"all","RF#588","RF",588
482,557,19,93,0.9670138888888888,0.9620758483033932,0.9670138888888888,0.9670138888888888,0.9086460032626427,0.9026933101650738,0.8053647297554376,588,"all","NB#588","NB",588
557,557,19,18,0.9686956521739131,0.9686956521739131,0.9686956521739131,0.9686956521739131,0.9678540399652477,0.9678540399652477,0.9357081284599512,588,"all","MLP#588","MLP",588
533,543,33,42,0.9427083333333334,0.941696113074205,0.9427083333333334,0.9427083333333334,0.9354005167958657,0.9348392701998263,0.8696766713315852,589,"all","DT#589","DT",589
559,554,22,16,0.9721739130434782,0.9719298245614035,0.9721739130434782,0.9721739130434782,0.9671280276816608,0.9669852302345786,0.9339710087167085,589,"all","RF#589","RF",589
520,528,48,55,0.9166666666666666,0.9154929577464789,0.9166666666666666,0.9166666666666666,0.911130284728214,0.9105125977410947,0.821023169025035,589,"all","NB#589","NB",589
547,554,22,28,0.9618055555555556,0.961335676625659,0.9618055555555556,0.9618055555555556,0.9568221070811744,0.9565595134665508,0.9131181743795987,589,"all","MLP#589","MLP",589
552,541,35,23,0.96,0.9592198581560284,0.96,0.96,0.9500860585197934,0.9496090356211989,0.8992198208969643,590,"all","DT#590","DT",590
564,553,23,11,0.9808695652173913,0.9804964539007093,0.9808695652173913,0.9808695652173913,0.9707401032702239,0.9704604691572546,0.9409219639740827,590,"all","RF#590","RF",590
506,543,33,69,0.9427083333333334,0.9387755102040817,0.9427083333333334,0.9427083333333334,0.9141414141414141,0.9113814074717637,0.822753048172908,590,"all","NB#590","NB",590
546,554,22,29,0.9618055555555556,0.9612676056338029,0.9618055555555556,0.9618055555555556,0.9559965487489215,0.9556907037358818,0.9113804040803571,590,"all","MLP#590","MLP",590
550,549,27,25,0.9565217391304348,0.9564459930313589,0.9565217391304348,0.9565217391304348,0.954861111111111,0.9548218940052129,0.9096439926207953,591,"all","DT#591","DT",591
560,560,16,15,0.9739130434782609,0.9739130434782609,0.9739130434782609,0.9739130434782609,0.9730668983492615,0.9730668983492615,0.9461338373583374,591,"all","RF#591","RF",591
519,547,29,56,0.9496527777777778,0.9470802919708029,0.9496527777777778,0.9496527777777778,0.9279050042408822,0.9261511728931364,0.852296213764752,591,"all","NB#591","NB",591
552,553,23,23,0.9600694444444444,0.9600694444444444,0.9600694444444444,0.9600694444444444,0.9600694444444444,0.9600347523892268,0.9200694444444444,591,"all","MLP#591","MLP",591
547,544,32,28,0.951304347826087,0.951048951048951,0.951304347826087,0.951304347826087,0.9480069324090121,0.947871416159861,0.8957433831921305,592,"all","DT#592","DT",592
554,557,19,21,0.9670138888888888,0.9668411867364747,0.9670138888888888,0.9670138888888888,0.9653379549393414,0.9652476107732406,0.9304949592239106,592,"all","RF#592","RF",592
496,553,23,79,0.9600694444444444,0.9556840077071291,0.9600694444444444,0.9600694444444444,0.9155629139072847,0.9113814074717637,0.8227476960612612,592,"all","NB#592","NB",592
549,551,25,26,0.9565972222222222,0.9564459930313589,0.9565972222222222,0.9565972222222222,0.9557675628794449,0.9556907037358818,0.9113812067953001,592,"all","MLP#592","MLP",592
539,550,26,36,0.9548611111111112,0.9539823008849557,0.9548611111111112,0.9548611111111112,0.9466437177280551,0.946133796698523,0.8922658856564865,593,"all","DT#593","DT",593
559,566,10,16,0.9826388888888888,0.9824253075571178,0.9826388888888888,0.9826388888888888,0.9775474956822107,0.9774109470026064,0.9548214506773914,593,"all","RF#593","RF",593
495,560,16,80,0.9722222222222222,0.9686888454011742,0.9722222222222222,0.9722222222222222,0.9210526315789473,0.9165942658557776,0.8331722871775051,593,"all","NB#593","NB",593
553,561,15,22,0.9739583333333334,0.9735915492957746,0.9739583333333334,0.9739583333333334,0.9680759275237273,0.9678540399652477,0.935707351979867,593,"all","MLP#593","MLP",593
556,550,26,19,0.9669565217391304,0.9666080843585237,0.9669565217391304,0.9669565217391304,0.9611063094209161,0.9609035621198957,0.9218078915228852,594,"all","DT#594","DT",594
562,561,15,13,0.9773913043478261,0.9773519163763066,0.9773913043478261,0.9773913043478261,0.9756944444444444,0.9756733275412685,0.9513467652573513,594,"all","RF#594","RF",594
523,541,35,52,0.9392361111111112,0.9372759856630825,0.9392361111111112,0.9392361111111112,0.9255774165953807,0.9244135534317984,0.8488231129120162,594,"all","NB#594","NB",594
558,552,24,17,0.9704347826086956,0.9701230228471002,0.9704347826086956,0.9704347826086956,0.9645635263612791,0.9643788010425717,0.9287583011652956,594,"all","MLP#594","MLP",594
545,537,39,30,0.9478260869565217,0.9470899470899471,0.9478260869565217,0.9478260869565217,0.9404659188955997,0.9400521285838401,0.8801057956640082,595,"all","DT#595","DT",595
561,544,32,14,0.9756521739130435,0.974910394265233,0.9756521739130435,0.9756521739130435,0.9606164383561645,0.9600347523892268,0.9200716164113897,595,"all","RF#595","RF",595
432,568,8,143,0.9861111111111112,0.9818181818181818,0.9861111111111112,0.9861111111111112,0.8826728826728827,0.8688097306689835,0.7375657780495722,595,"all","NB#595","NB",595
558,550,26,17,0.9704347826086956,0.9700176366843033,0.9704347826086956,0.9704347826086956,0.9628990509059535,0.9626411815812337,0.9252833219355413,595,"all","MLP#595","MLP",595
533,549,27,42,0.953125,0.9517857142857142,0.953125,0.953125,0.9408740359897172,0.9400521285838401,0.8801014515727258,596,"all","DT#596","DT",596
555,555,21,20,0.9652173913043478,0.9652173913043478,0.9652173913043478,0.9652173913043478,0.9643788010425717,0.9643788010425717,0.9287576558610269,596,"all","RF#596","RF",596
487,552,24,88,0.9583333333333334,0.9530332681017613,0.9583333333333334,0.9583333333333334,0.9078947368421054,0.9026933101650738,0.8053676683737558,596,"all","NB#596","NB",596
549,555,21,26,0.9635416666666666,0.9631578947368421,0.9635416666666666,0.9635416666666666,0.9593777009507347,0.9591659426585578,0.9183312072101995,596,"all","MLP#596","MLP",596
549,544,32,26,0.9547826086956521,0.9543859649122807,0.9547826086956521,0.9547826086956521,0.9498269896193772,0.9496090356211989,0.8992189080412918,597,"all","DT#597","DT",597
558,551,25,17,0.9704347826086956,0.9700704225352113,0.9704347826086956,0.9704347826086956,0.9637305699481865,0.9635099913119027,0.9270208089274286,597,"all","RF#597","RF",597
499,551,25,76,0.9565972222222222,0.9522900763358778,0.9565972222222222,0.9565972222222222,0.916043225270158,0.9122502172024327,0.824486788686931,597,"all","NB#597","NB",597
548,546,30,27,0.9530434782608695,0.9528795811518325,0.9530434782608695,0.9530434782608695,0.9505637467476149,0.950477845351868,0.9009560645105775,597,"all","MLP#597","MLP",597
554,537,39,21,0.9634782608695652,0.9623655913978495,0.9634782608695652,0.9634782608695652,0.9486301369863014,0.947871416159861,0.8957455866235519,598,"all","DT#598","DT",598
562,553,23,13,0.9773913043478261,0.9770318021201413,0.9773913043478261,0.9773913043478261,0.9689655172413794,0.9687228496959166,0.9374465965187724,598,"all","RF#598","RF",598
498,548,28,77,0.9513888888888888,0.9467680608365019,0.9513888888888888,0.9513888888888888,0.9125728559533722,0.9087749782797567,0.8175363213764304,598,"all","NB#598","NB",598
556,541,35,19,0.9669565217391304,0.9660714285714286,0.9669565217391304,0.9669565217391304,0.9536878216123499,0.9530842745438749,0.9061707446680032,598,"all","MLP#598","MLP",598
534,544,32,41,0.9444444444444444,0.9434628975265018,0.9444444444444444,0.9444444444444444,0.9371231696813093,0.9365768896611643,0.8731519600960763,599,"all","DT#599","DT",599
557,554,22,18,0.9686956521739131,0.9685314685314685,0.9686956521739131,0.9686956521739131,0.9653379549393415,0.9652476107732406,0.9304955887947536,599,"all","RF#599","RF",599
511,542,34,64,0.9409722222222222,0.9376146788990826,0.9409722222222222,0.9409722222222222,0.9170896785109983,0.9148566463944396,0.8297054516357927,599,"all","NB#599","NB",599
553,547,29,22,0.9617391304347827,0.961335676625659,0.9617391304347827,0.9617391304347827,0.9559204840103717,0.9556907037358818,0.9113822770592701,599,"all","MLP#599","MLP",599
554,543,33,21,0.9634782608695652,0.9627659574468085,0.9634782608695652,0.9634782608695652,0.9535283993115319,0.9530842745438749,0.9061701780764841,600,"all","DT#600","DT",600
566,553,23,9,0.9843478260869565,0.9839857651245552,0.9843478260869565,0.9843478260869565,0.972508591065292,0.9721980886185926,0.944397310443318,600,"all","RF#600","RF",600
537,518,58,38,0.9339130434782609,0.9316546762589928,0.9339130434782609,0.9339130434782609,0.917948717948718,0.9165942658557776,0.833193442226986,600,"all","NB#600","NB",600
564,546,30,11,0.9808695652173913,0.9802513464991023,0.9808695652173913,0.9808695652173913,0.9649272882805817,0.9643788010425717,0.9287595917387635,600,"all","MLP#600","MLP",600
547,551,25,28,0.9565972222222222,0.9562937062937062,0.9565972222222222,0.9565972222222222,0.954112554112554,0.9539530842745438,0.9079056819399846,601,"all","DT#601","DT",601
559,562,14,16,0.9756944444444444,0.9755671902268761,0.9756944444444444,0.9756944444444444,0.9740034662045061,0.9739357080799305,0.947871219417933,601,"all","RF#601","RF",601
487,553,23,88,0.9600694444444444,0.9549019607843138,0.9600694444444444,0.9600694444444444,0.9087921117502054,0.9035621198957429,0.8071051658148822,601,"all","NB#601","NB",601
555,550,26,20,0.9652173913043478,0.9649122807017544,0.9652173913043478,0.9652173913043478,0.9602076124567475,0.9600347523892268,0.9200701684465419,601,"all","MLP#601","MLP",601
544,547,29,31,0.9496527777777778,0.9493891797556719,0.9496527777777778,0.9496527777777778,0.9480069324090121,0.947871416159861,0.8957424388358661,602,"all","DT#602","DT",602
559,552,24,16,0.9721739130434782,0.971830985915493,0.9721739130434782,0.9721739130434782,0.9654576856649396,0.9652476107732406,0.9304960085023127,602,"all","RF#602","RF",602
511,550,26,64,0.9548611111111112,0.9515828677839852,0.9548611111111112,0.9548611111111112,0.9243697478991597,0.9218071242397915,0.8436051585084894,602,"all","NB#602","NB",602
558,538,38,17,0.9704347826086956,0.9693693693693693,0.9704347826086956,0.9704347826086956,0.9530315969257046,0.952215464813206,0.9044338872107015,602,"all","MLP#602","MLP",602
547,532,44,28,0.951304347826087,0.95,0.951304347826087,0.951304347826087,0.9382504288164665,0.9374456993918332,0.8748943262240043,603,"all","DT#603","DT",603
564,550,26,11,0.9808695652173913,0.9803921568627451,0.9808695652173913,0.9808695652173913,0.9682403433476395,0.9678540399652477,0.9357094872549686,603,"all","RF#603","RF",603
524,545,31,51,0.9461805555555556,0.9441441441441442,0.9461805555555556,0.9461805555555556,0.9300341296928327,0.9287576020851434,0.8575107944080437,603,"all","NB#603","NB",603
562,547,29,13,0.9773913043478261,0.9767857142857143,0.9773913043478261,0.9773913043478261,0.9639794168096054,0.9635099913119027,0.9270216902973359,603,"all","MLP#603","MLP",603
539,551,25,36,0.9565972222222222,0.9556737588652482,0.9565972222222222,0.9565972222222222,0.9475494411006018,0.947002606429192,0.8940033726405481,604,"all","DT#604","DT",604
562,558,18,13,0.9773913043478261,0.9772329246935202,0.9773913043478261,0.9773913043478261,0.9731601731601732,0.9730668983492615,0.946134162634642,604,"all","RF#604","RF",604
497,558,18,78,0.96875,0.9650485436893204,0.96875,0.96875,0.9207920792079208,0.9165942658557776,0.8331732946824895,604,"all","NB#604","NB",604
566,543,33,9,0.9843478260869565,0.9836956521739131,0.9843478260869565,0.9843478260869565,0.9642248722316865,0.9635099913119027,0.9270225716459549,604,"all","MLP#604","MLP",604
549,549,27,26,0.9547826086956521,0.9547826086956521,0.9547826086956521,0.9547826086956521,0.9539530842745438,0.9539530842745438,0.9079062380642542,605,"all","DT#605","DT",605
564,558,18,11,0.9808695652173913,0.9806678383128296,0.9808695652173913,0.9808695652173913,0.9749351771823681,0.9748045178105995,0.9496095300925261,605,"all","RF#605","RF",605
504,551,25,71,0.9565972222222222,0.9527410207939508,0.9565972222222222,0.9565972222222222,0.9198664440734557,0.9165942658557776,0.8331768208541053,605,"all","NB#605","NB",605
556,550,26,19,0.9669565217391304,0.9666080843585237,0.9669565217391304,0.9669565217391304,0.9611063094209161,0.9609035621198957,0.9218078915228852,605,"all","MLP#605","MLP",605
549,541,35,26,0.9547826086956521,0.9541446208112875,0.9547826086956521,0.9547826086956521,0.9473684210526315,0.947002606429192,0.894006572978326,606,"all","DT#606","DT",606
563,551,25,12,0.9791304347826087,0.9786856127886323,0.9791304347826087,0.9791304347826087,0.9681857265692176,0.9678540399652477,0.9357092931449112,606,"all","RF#606","RF",606
526,522,54,49,0.9147826086956522,0.9141856392294221,0.9147826086956522,0.9147826086956522,0.9108225108225109,0.9105125977410947,0.8210264113344555,606,"all","NB#606","NB",606
560,538,38,15,0.9739130434782609,0.972875226039783,0.9739130434782609,0.9739130434782609,0.9548167092924128,0.9539530842745438,0.9079092966276836,606,"all","MLP#606","MLP",606
543,542,34,32,0.9443478260869566,0.9442508710801394,0.9443478260869566,0.9443478260869566,0.9427083333333333,0.9426585577758471,0.8853173752494709,607,"all","DT#607","DT",607
555,554,22,20,0.9652173913043478,0.9651567944250871,0.9652173913043478,0.9652173913043478,0.9635416666666666,0.9635099913119027,0.927020147886027,607,"all","RF#607","RF",607
522,533,43,53,0.9253472222222222,0.9238938053097345,0.9253472222222222,0.9253472222222222,0.9173838209982788,0.9165942658557776,0.8331858874681081,607,"all","NB#607","NB",607
552,548,28,23,0.96,0.9597197898423818,0.96,0.96,0.9558441558441558,0.9556907037358818,0.9113820094957013,607,"all","MLP#607","MLP",607
552,552,24,23,0.96,0.96,0.96,0.96,0.9591659426585578,0.9591659426585578,0.9183319469626406,608,"all","DT#608","DT",608
565,561,15,10,0.9826086956521739,0.9824868651488616,0.9826086956521739,0.9826086956521739,0.9783549783549784,0.9782797567332754,0.956559808576324,608,"all","RF#608","RF",608
530,542,34,45,0.9409722222222222,0.9397163120567376,0.9409722222222222,0.9409722222222222,0.9320722269991402,0.9313640312771503,0.8627256793213656,608,"all","NB#608","NB",608
555,558,18,20,0.96875,0.9685863874345549,0.96875,0.96875,0.9670710571923744,0.9669852302345786,0.9339702112627152,608,"all","MLP#608","MLP",608
548,541,35,27,0.9530434782608695,0.9524647887323944,0.9530434782608695,0.9530434782608695,0.9464594127806563,0.946133796698523,0.8922688131785849,609,"all","DT#609","DT",609
560,551,25,15,0.9739130434782609,0.9734982332155477,0.9739130434782609,0.9739130434782609,0.9655172413793104,0.9652476107732406,0.9304962183541914,609,"all","RF#609","RF",609
514,543,33,61,0.9427083333333334,0.9396709323583181,0.9427083333333334,0.9427083333333334,0.9203389830508475,0.9183318853171155,0.8366567427367098,609,"all","NB#609","NB",609
549,549,27,26,0.9547826086956521,0.9547826086956521,0.9547826086956521,0.9547826086956521,0.9539530842745438,0.9539530842745438,0.9079062380642542,609,"all","MLP#609","MLP",609
548,550,26,27,0.9548611111111112,0.9547038327526133,0.9548611111111112,0.9548611111111112,0.9540329575021683,0.9539530842745438,0.9079059600029589,610,"all","DT#610","DT",610
562,555,21,13,0.9773913043478261,0.977112676056338,0.9773913043478261,0.9773913043478261,0.9706390328151987,0.9704604691572546,0.9409216072269659,610,"all","RF#610","RF",610
509,551,25,66,0.9565972222222222,0.9531835205992509,0.9565972222222222,0.9565972222222222,0.9237217099748534,0.9209383145091226,0.8418667218230598,610,"all","NB#610","NB",610
557,556,20,18,0.9686956521739131,0.9686411149825784,0.9686956521739131,0.9686956521739131,0.967013888888889,0.9669852302345786,0.9339706099921196,610,"all","MLP#610","MLP",610
552,545,31,23,0.96,0.9595070422535211,0.96,0.96,0.9533678756476682,0.9530842745438749,0.9061696114781222,611,"all","DT#611","DT",611
558,549,27,17,0.9704347826086956,0.9699646643109541,0.9704347826086956,0.9704347826086956,0.9620689655172413,0.9617723718505647,0.9235458401896107,611,"all","RF#611","RF",611
533,526,50,42,0.9269565217391305,0.926056338028169,0.9269565217391305,0.9269565217391305,0.920552677029361,0.9200695047784535,0.8401408195553194,611,"all","NB#611","NB",611
556,548,28,19,0.9669565217391304,0.9664902998236331,0.9669565217391304,0.9669565217391304,0.9594477998274374,0.9591659426585578,0.9183329332783825,611,"all","MLP#611","MLP",611
554,544,32,21,0.9634782608695652,0.9628318584070796,0.9634782608695652,0.9634782608695652,0.954349698535745,0.9539530842745438,0.9079076283455437,612,"all","DT#612","DT",612
560,558,18,15,0.9739130434782609,0.9738219895287958,0.9739130434782609,0.9739130434782609,0.9713790112749351,0.9713292788879235,0.9426587741903344,612,"all","RF#612","RF",612
430,567,9,145,0.984375,0.979498861047836,0.984375,0.984375,0.8804347826086957,0.8662033014769766,0.7323514489689912,612,"all","NB#612","NB",612
550,555,21,25,0.9635416666666666,0.9632224168126094,0.9635416666666666,0.9635416666666666,0.9602076124567475,0.9600347523892268,0.9200689617690928,612,"all","MLP#612","MLP",612
550,540,36,25,0.9565217391304348,0.9557522123893806,0.9565217391304348,0.9565217391304348,0.9474590869939706,0.947002606429192,0.8940068930014748,613,"all","DT#613","DT",613
558,556,20,17,0.9704347826086956,0.9703315881326352,0.9704347826086956,0.9704347826086956,0.9679098005203817,0.9678540399652477,0.9357083225770416,613,"all","RF#613","RF",613
434,562,14,141,0.9756944444444444,0.96875,0.9756944444444444,0.9756944444444444,0.8788115715402659,0.8653344917463076,0.7306171322098289,613,"all","NB#613","NB",613
551,558,18,24,0.96875,0.968365553602812,0.96875,0.96875,0.9637305699481865,0.9635099913119027,0.9270192664788631,613,"all","MLP#613","MLP",613
540,545,31,35,0.9461805555555556,0.9457092819614711,0.9461805555555556,0.9461805555555556,0.9429065743944637,0.9426585577758471,0.885316336451307,614,"all","DT#614","DT",614
564,557,19,11,0.9808695652173913,0.9806338028169014,0.9808695652173913,0.9808695652173913,0.9740932642487047,0.9739357080799305,0.9478720063767345,614,"all","RF#614","RF",614
476,555,21,99,0.9635416666666666,0.9577464788732394,0.9635416666666666,0.9635416666666666,0.9024390243902438,0.895742832319722,0.7914609510177829,614,"all","NB#614","NB",614
549,550,26,26,0.9548611111111112,0.9548611111111112,0.9548611111111112,0.9548611111111112,0.9548611111111112,0.9548218940052129,0.9096437198067633,614,"all","MLP#614","MLP",614
547,552,24,28,0.9583333333333334,0.957968476357268,0.9583333333333334,0.9583333333333334,0.9550173010380624,0.9548218940052129,0.9096431741737572,615,"all","DT#615","DT",615
562,562,14,13,0.9773913043478261,0.9773913043478261,0.9773913043478261,0.9773913043478261,0.9765421372719374,0.9765421372719374,0.9530843099572616,615,"all","RF#615","RF",615
551,446,130,24,0.9582608695652174,0.948936170212766,0.9582608695652174,0.9582608695652174,0.8773885350318472,0.8662033014769766,0.7324492155542742,615,"all","NB#615","NB",615
552,564,12,23,0.9791666666666666,0.9787234042553191,0.9791666666666666,0.9791666666666666,0.9699054170249355,0.9695916594265855,0.9391822629904784,615,"all","MLP#615","MLP",615
537,549,27,38,0.953125,0.9521276595744681,0.953125,0.953125,0.9441100601891659,0.9435273675065161,0.8870527741251742,616,"all","DT#616","DT",616
556,561,15,19,0.9739583333333334,0.9737302977232924,0.9739583333333334,0.9739583333333334,0.9705882352941176,0.9704604691572546,0.9409205369597643,616,"all","RF#616","RF",616
552,480,96,23,0.96,0.9542743538767395,0.96,0.96,0.9026982829108748,0.896611642050391,0.7932459134183582,616,"all","NB#616","NB",616
554,553,23,21,0.9634782608695652,0.9634146341463414,0.9634782608695652,0.9634782608695652,0.9618055555555556,0.9617723718505647,0.9235449168329806,616,"all","MLP#616","MLP",616
546,547,29,29,0.9496527777777778,0.9496527777777778,0.9496527777777778,0.9496527777777778,0.9496527777777778,0.9496090356211989,0.8992179951690821,617,"all","DT#617","DT",617
557,556,20,18,0.9686956521739131,0.9686411149825784,0.9686956521739131,0.9686956521739131,0.967013888888889,0.9669852302345786,0.9339706099921196,617,"all","RF#617","RF",617
531,537,39,44,0.9322916666666666,0.9315789473684211,0.9322916666666666,0.9322916666666666,0.9282627484874675,0.9278887923544744,0.8557763872009904,617,"all","NB#617","NB",617
561,554,22,14,0.9756521739130435,0.9753521126760564,0.9756521739130435,0.9756521739130435,0.9689119170984457,0.9687228496959166,0.9374464076520815,617,"all","MLP#617","MLP",617
531,550,26,44,0.9548611111111112,0.9533213644524237,0.9548611111111112,0.9548611111111112,0.9401709401709402,0.9391833188531712,0.8783632405469955,618,"all","DT#618","DT",618
556,561,15,19,0.9739583333333334,0.9737302977232924,0.9739583333333334,0.9739583333333334,0.9705882352941176,0.9704604691572546,0.9409205369597643,618,"all","RF#618","RF",618
490,551,25,85,0.9565972222222222,0.9514563106796117,0.9565972222222222,0.9565972222222222,0.9092409240924092,0.9044309296264118,0.8088444001570191,618,"all","NB#618","NB",618
554,549,27,21,0.9634782608695652,0.9631578947368421,0.9634782608695652,0.9634782608695652,0.9584775086505191,0.9582971329278888,0.9165949583790002,618,"all","MLP#618","MLP",618
542,547,29,33,0.9496527777777778,0.9492119089316988,0.9496527777777778,0.9496527777777778,0.9463667820069204,0.946133796698523,0.8922668615148642,619,"all","DT#619","DT",619
559,559,17,16,0.9721739130434782,0.9721739130434782,0.9721739130434782,0.9721739130434782,0.9713292788879235,0.9713292788879235,0.9426586010588753,619,"all","RF#619","RF",619
537,514,62,38,0.9339130434782609,0.9311594202898551,0.9339130434782609,0.9339130434782609,0.9148211243611583,0.9131190269331017,0.8262442182046544,619,"all","NB#619","NB",619
549,556,20,26,0.9652777777777778,0.9648506151142355,0.9652777777777778,0.9652777777777778,0.9602763385146805,0.9600347523892268,0.9200687204292309,619,"all","MLP#619","MLP",619
542,545,31,33,0.9461805555555556,0.9458987783595113,0.9461805555555556,0.9461805555555556,0.9445407279029463,0.944396177237185,0.8887919347582571,620,"all","DT#620","DT",620
556,556,20,19,0.9669565217391304,0.9669565217391304,0.9669565217391304,0.9669565217391304,0.9661164205039096,0.9661164205039097,0.932232892160489,620,"all","RF#620","RF",620
499,552,24,76,0.9583333333333334,0.9541108986615678,0.9583333333333334,0.9583333333333334,0.9169435215946845,0.9131190269331017,0.8262242808916159,620,"all","NB#620","NB",620
554,555,21,21,0.9635416666666666,0.9635416666666666,0.9635416666666666,0.9635416666666666,0.9635416666666666,0.9635099913119027,0.927019927536232,620,"all","MLP#620","MLP",620
552,545,31,23,0.96,0.9595070422535211,0.96,0.96,0.9533678756476682,0.9530842745438749,0.9061696114781222,621,"all","DT#621","DT",621
567,554,22,8,0.9860869565217392,0.9857651245551602,0.9860869565217392,0.9860869565217392,0.9742268041237112,0.9739357080799305,0.9478724785406105,621,"all","RF#621","RF",621
510,550,26,65,0.9548611111111112,0.9514925373134329,0.9548611111111112,0.9548611111111112,0.9235936188077246,0.9209383145091226,0.8418671993067226,621,"all","NB#621","NB",621
560,557,19,15,0.9739130434782609,0.9737762237762237,0.9739130434782609,0.9739130434782609,0.9705372616984401,0.9704604691572546,0.9409212504755406,621,"all","MLP#621","MLP",621
551,537,39,24,0.9582608695652174,0.9572192513368984,0.9582608695652174,0.9582608695652174,0.9459227467811158,0.945264986967854,0.8905323701908923,622,"all","DT#622","DT",622
563,562,14,12,0.9791304347826087,0.9790940766550522,0.9791304347826087,0.9791304347826087,0.9774305555555555,0.9774109470026064,0.9548219963103977,622,"all","RF#622","RF",622
439,564,12,136,0.9791666666666666,0.9733924611973392,0.9791666666666666,0.9791666666666666,0.884012539184953,0.8714161598609904,0.7427839752610693,622,"all","NB#622","NB",622
560,548,28,15,0.9739130434782609,0.9733570159857904,0.9739130434782609,0.9739130434782609,0.9630266552020637,0.9626411815812337,0.9252837731143561,622,"all","MLP#622","MLP",622
543,547,29,32,0.9496527777777778,0.9493006993006993,0.9496527777777778,0.9496527777777778,0.9471861471861472,0.947002606429192,0.8940046527988502,623,"all","DT#623","DT",623
555,551,25,20,0.9652173913043478,0.9649737302977233,0.9652173913043478,0.9652173913043478,0.961038961038961,0.9609035621198957,0.9218076554373834,623,"all","RF#623","RF",623
532,516,60,43,0.9252173913043479,0.9230769230769231,0.9252173913043479,0.9252173913043479,0.9117395029991432,0.9105125977410947,0.8210296535264041,623,"all","NB#623","NB",623
554,552,24,21,0.9634782608695652,0.9633507853403142,0.9634782608695652,0.9634782608695652,0.960971379011275,0.9609035621198957,0.9218074193504558,623,"all","MLP#623","MLP",623
547,550,26,28,0.9548611111111112,0.9546247818499127,0.9548611111111112,0.9548611111111112,0.9532062391681109,0.9530842745438749,0.9061681949522795,624,"all","DT#624","DT",624
562,550,26,13,0.9773913043478261,0.9769094138543517,0.9773913043478261,0.9773913043478261,0.9664660361134996,0.9661164205039097,0.9322341198013928,624,"all","RF#624","RF",624
412,556,20,163,0.9652777777777778,0.9537037037037037,0.9652777777777778,0.9652777777777778,0.8586872586872587,0.8410078192875761,0.6819467366898351,624,"all","NB#624","NB",624
558,553,23,17,0.9704347826086956,0.9701754385964912,0.9704347826086956,0.9704347826086956,0.9653979238754326,0.9652476107732406,0.9304957986491668,624,"all","MLP#624","MLP",624
538,538,38,37,0.9356521739130435,0.9356521739130435,0.9356521739130435,0.9356521739130435,0.9348392701998262,0.9348392701998263,0.869678638770171,625,"all","DT#625","DT",625
562,547,29,13,0.9773913043478261,0.9767857142857143,0.9773913043478261,0.9773913043478261,0.9639794168096054,0.9635099913119027,0.9270216902973359,625,"all","RF#625","RF",625
505,541,35,70,0.9392361111111112,0.9351851851851852,0.9392361111111112,0.9392361111111112,0.911541701769166,0.9087749782797567,0.8175401779985355,625,"all","NB#625","NB",625
553,540,36,22,0.9617391304347827,0.9608540925266904,0.9617391304347827,0.9617391304347827,0.950171821305842,0.9496090356211989,0.8992201251785137,625,"all","MLP#625","MLP",625
550,542,34,25,0.9565217391304348,0.9559082892416225,0.9565217391304348,0.9565217391304348,0.9490940465918895,0.94874022589053,0.8974817673069055,626,"all","DT#626","DT",626
563,548,28,12,0.9791304347826087,0.9785714285714285,0.9791304347826087,0.9791304347826087,0.9656946826758148,0.9652476107732406,0.9304968479022245,626,"all","RF#626","RF",626
503,543,33,72,0.9427083333333334,0.9384328358208955,0.9427083333333334,0.9427083333333334,0.9118387909319899,0.9087749782797567,0.8175390761231413,626,"all","NB#626","NB",626
549,545,31,26,0.9547826086956521,0.9544658493870403,0.9547826086956521,0.9547826086956521,0.9506493506493506,0.950477845351868,0.9009563635540191,626,"all","MLP#626","MLP",626
544,550,26,31,0.9548611111111112,0.9543859649122807,0.9548611111111112,0.9548611111111112,0.9507346585998272,0.950477845351868,0.9009548683187525,627,"all","DT#627","DT",627
558,556,20,17,0.9704347826086956,0.9703315881326352,0.9704347826086956,0.9704347826086956,0.9679098005203817,0.9678540399652477,0.9357083225770416,627,"all","RF#627","RF",627
493,554,22,82,0.9618055555555556,0.9572815533980582,0.9618055555555556,0.9618055555555556,0.9141914191419143,0.9096437880104257,0.8192710692393633,627,"all","NB#627","NB",627
554,547,29,21,0.9634782608695652,0.9630281690140845,0.9634782608695652,0.9634782608695652,0.9568221070811744,0.9565595134665508,0.9131200106278908,627,"all","MLP#627","MLP",627
550,547,29,25,0.9565217391304348,0.9562937062937062,0.9565217391304348,0.9565217391304348,0.953206239168111,0.9530842745438749,0.9061690448729175,628,"all","DT#628","DT",628
556,562,14,19,0.9756944444444444,0.9754385964912281,0.9756944444444444,0.9756944444444444,0.9714779602420052,0.9713292788879235,0.9426580816582251,628,"all","RF#628","RF",628
520,530,46,55,0.9201388888888888,0.9187279151943463,0.9201388888888888,0.9201388888888888,0.9130060292850991,0.9122502172024327,0.8244979173932013,628,"all","NB#628","NB",628
548,552,24,27,0.9583333333333334,0.958041958041958,0.9583333333333334,0.9583333333333334,0.9558441558441558,0.9556907037358818,0.9113809392252682,628,"all","MLP#628","MLP",628
541,551,25,34,0.9565972222222222,0.9558303886925795,0.9565972222222222,0.9565972222222222,0.9491817398794143,0.94874022589053,0.8974789814475136,629,"all","DT#629","DT",629
553,555,21,22,0.9635416666666666,0.9634146341463414,0.9635416666666666,0.9635416666666666,0.9627059843885516,0.9626411815812337,0.9252821939646647,629,"all","RF#629","RF",629
529,518,58,46,0.92,0.9184397163120568,0.92,0.92,0.9104991394148021,0.9096437880104257,0.8192907133324878,629,"all","NB#629","NB",629
544,553,23,31,0.9600694444444444,0.9594356261022927,0.9600694444444444,0.9600694444444444,0.9534482758620689,0.9530842745438749,0.9061673450162442,629,"all","MLP#629","MLP",629
544,547,29,31,0.9496527777777778,0.9493891797556719,0.9496527777777778,0.9496527777777778,0.9480069324090121,0.947871416159861,0.8957424388358661,630,"all","DT#630","DT",630
556,558,18,19,0.96875,0.9686411149825784,0.96875,0.96875,0.9679098005203817,0.9678540399652477,0.9357079343416884,630,"all","RF#630","RF",630
504,552,24,71,0.9583333333333334,0.9545454545454546,0.9583333333333334,0.9583333333333334,0.9207673060884071,0.9174630755864466,0.834914313062672,630,"all","NB#630","NB",630
551,548,28,24,0.9582608695652174,0.958041958041958,0.9582608695652174,0.9582608695652174,0.9549393414211439,0.9548218940052129,0.9096442654331798,630,"all","MLP#630","MLP",630
548,549,27,27,0.953125,0.953125,0.953125,0.953125,0.953125,0.9530842745438749,0.9061684782608695,631,"all","DT#631","DT",631
563,556,20,12,0.9791304347826087,0.9788732394366197,0.9791304347826087,0.9791304347826087,0.9723661485319517,0.9721980886185926,0.9443968068018503,631,"all","RF#631","RF",631
501,544,32,74,0.9444444444444444,0.9399624765478424,0.9444444444444444,0.9444444444444444,0.9112227805695142,0.9079061685490878,0.8158005187526988,631,"all","NB#631","NB",631
560,557,19,15,0.9739130434782609,0.9737762237762237,0.9739130434782609,0.9739130434782609,0.9705372616984401,0.9704604691572546,0.9409212504755406,631,"all","MLP#631","MLP",631
548,548,28,27,0.9530434782608695,0.9530434782608695,0.9530434782608695,0.9530434782608695,0.9522154648132058,0.952215464813206,0.9044310017647922,632,"all","DT#632","DT",632
555,560,16,20,0.9722222222222222,0.9719789842381786,0.9722222222222222,0.9722222222222222,0.9688581314878894,0.9687228496959166,0.9374452744279856,632,"all","RF#632","RF",632
503,551,25,72,0.9565972222222222,0.9526515151515151,0.9565972222222222,0.9565972222222222,0.9190992493744787,0.9157254561251086,0.831438824916623,632,"all","NB#632","NB",632
557,561,15,18,0.9739583333333334,0.9737762237762237,0.9739583333333334,0.9739583333333334,0.9714285714285714,0.9713292788879235,0.9426582547928206,632,"all","MLP#632","MLP",632
550,545,31,25,0.9565217391304348,0.956140350877193,0.9565217391304348,0.9565217391304348,0.9515570934256056,0.9513466550825369,0.9026941181088335,633,"all","DT#633","DT",633
560,557,19,15,0.9739130434782609,0.9737762237762237,0.9739130434782609,0.9739130434782609,0.9705372616984401,0.9704604691572546,0.9409212504755406,633,"all","RF#633","RF",633
514,545,31,61,0.9461805555555556,0.9431192660550459,0.9461805555555556,0.9461805555555556,0.922165820642978,0.9200695047784535,0.8401316484744176,633,"all","NB#633","NB",633
558,545,31,17,0.9704347826086956,0.9697508896797153,0.9704347826086956,0.9704347826086956,0.9587628865979382,0.9582971329278888,0.9165959656649768,633,"all","MLP#633","MLP",633
546,542,34,29,0.9495652173913044,0.9492119089316988,0.9495652173913044,0.9495652173913044,0.9454545454545455,0.945264986967854,0.8905307176123368,634,"all","DT#634","DT",634
556,558,18,19,0.96875,0.9686411149825784,0.96875,0.96875,0.9679098005203817,0.9678540399652477,0.9357079343416884,634,"all","RF#634","RF",634
498,557,19,77,0.9670138888888888,0.9632495164410058,0.9670138888888888,0.9670138888888888,0.9206611570247933,0.9165942658557776,0.8331737984304183,634,"all","NB#634","NB",634
546,557,19,29,0.9670138888888888,0.9663716814159292,0.9670138888888888,0.9670138888888888,0.9586919104991394,0.9582971329278888,0.9165929437340539,634,"all","MLP#634","MLP",634
555,543,33,20,0.9652173913043478,0.9644760213143873,0.9652173913043478,0.9652173913043478,0.9544282029234736,0.9539530842745438,0.9079079063967646,635,"all","DT#635","DT",635
563,555,21,12,0.9791304347826087,0.9788359788359788,0.9791304347826087,0.9791304347826087,0.9715271786022434,0.9713292788879235,0.9426592935784387,635,"all","RF#635","RF",635
541,501,75,34,0.9408695652173913,0.9364485981308411,0.9408695652173913,0.9408695652173913,0.90848026868178,0.9052997393570807,0.8106110581923522,635,"all","NB#635","NB",635
564,552,24,11,0.9808695652173913,0.9804618117229129,0.9808695652173913,0.9808695652173913,0.9699054170249355,0.9695916594265855,0.9391844664884293,635,"all","MLP#635","MLP",635
559,545,31,16,0.9721739130434782,0.9714795008912656,0.9721739130434782,0.9721739130434782,0.959656652360515,0.9591659426585578,0.9183336729995546,636,"all","DT#636","DT",636
564,552,24,11,0.9808695652173913,0.9804618117229129,0.9808695652173913,0.9808695652173913,0.9699054170249355,0.9695916594265855,0.9391844664884293,636,"all","RF#636","RF",636
519,538,38,56,0.9340277777777778,0.9317773788150808,0.9340277777777778,0.9340277777777778,0.9196581196581197,0.9183318853171155,0.8366592087345368,636,"all","NB#636","NB",636
558,552,24,17,0.9704347826086956,0.9701230228471002,0.9704347826086956,0.9704347826086956,0.9645635263612791,0.9643788010425717,0.9287583011652956,636,"all","MLP#636","MLP",636
546,551,25,29,0.9565972222222222,0.9562171628721541,0.9565972222222222,0.9565972222222222,0.9532871972318339,0.9530842745438749,0.9061679116419785,637,"all","DT#637","DT",637
562,554,22,13,0.9773913043478261,0.9770723104056437,0.9773913043478261,0.9773913043478261,0.9698015530629852,0.9695916594265855,0.9391840992498591,637,"all","RF#637","RF",637
520,541,35,55,0.9392361111111112,0.9369369369369369,0.9392361111111112,0.9392361111111112,0.9232081911262799,0.9218071242397915,0.8436094084966334,637,"all","NB#637","NB",637
557,539,37,18,0.9686956521739131,0.9676840215439856,0.9686956521739131,0.9686956521739131,0.9529512403763901,0.952215464813206,0.9044335986739512,637,"all","MLP#637","MLP",637
533,551,25,42,0.9565972222222222,0.9551971326164874,0.9565972222222222,0.9565972222222222,0.9426860564585116,0.9417897480451781,0.8835764202885642,638,"all","DT#638","DT",638
556,563,13,19,0.9774305555555556,0.9771528998242531,0.9774305555555556,0.9774305555555556,0.9723661485319517,0.9721980886185926,0.9443956316029434,638,"all","RF#638","RF",638
517,536,40,58,0.9305555555555556,0.9281867145421903,0.9305555555555556,0.9305555555555556,0.9162393162393162,0.9148566463944396,0.8297085367657938,638,"all","NB#638","NB",638
539,556,20,36,0.9652777777777778,0.964221824686941,0.9652777777777778,0.9652777777777778,0.952054794520548,0.9513466550825369,0.9026908862532911,638,"all","MLP#638","MLP",638
529,554,22,46,0.9618055555555556,0.9600725952813067,0.9618055555555556,0.9618055555555556,0.9421768707482994,0.9409209383145091,0.8818375061898377,639,"all","DT#639","DT",639
553,563,13,22,0.9774305555555556,0.9770318021201413,0.9774305555555556,0.9774305555555556,0.9698535745047374,0.9695916594265855,0.9391824466214063,639,"all","RF#639","RF",639
528,524,52,47,0.9182608695652174,0.9176882661996497,0.9182608695652174,0.9182608695652174,0.9142857142857143,0.9139878366637706,0.8279768419622435,639,"all","NB#639","NB",639
547,558,18,28,0.96875,0.968141592920354,0.96875,0.96875,0.9604130808950085,0.9600347523892268,0.920068237745135,639,"all","MLP#639","MLP",639
545,546,30,30,0.9479166666666666,0.9479166666666666,0.9479166666666666,0.9479166666666666,0.9479166666666666,0.947871416159861,0.8957427536231884,640,"all","DT#640","DT",640
561,557,19,14,0.9756521739130435,0.9754816112084063,0.9756521739130435,0.9756521739130435,0.9714285714285715,0.9713292788879235,0.9426589473207478,640,"all","RF#640","RF",640
519,535,41,56,0.9288194444444444,0.9267857142857143,0.9288194444444444,0.9288194444444444,0.9168808911739503,0.9157254561251086,0.8314469681529624,640,"all","NB#640","NB",640
556,545,31,19,0.9669565217391304,0.9663120567375887,0.9669565217391304,0.9669565217391304,0.9569707401032701,0.9565595134665508,0.9131205352560037,640,"all","MLP#640","MLP",640
531,550,26,44,0.9548611111111112,0.9533213644524237,0.9548611111111112,0.9548611111111112,0.9401709401709402,0.9391833188531712,0.8783632405469955,641,"all","DT#641","DT",641
553,559,17,22,0.9704861111111112,0.9701754385964912,0.9704861111111112,0.9704861111111112,0.9662921348314607,0.9661164205039097,0.932232278323357,641,"all","RF#641","RF",641
510,547,29,65,0.9496527777777778,0.9461966604823747,0.9496527777777778,0.9496527777777778,0.9208754208754208,0.9183318853171155,0.8366547698848367,641,"all","NB#641","NB",641
558,551,25,17,0.9704347826086956,0.9700704225352113,0.9704347826086956,0.9704347826086956,0.9637305699481865,0.9635099913119027,0.9270208089274286,641,"all","MLP#641","MLP",641
555,552,24,20,0.9652173913043478,0.965034965034965,0.9652173913043478,0.9652173913043478,0.9618717504332756,0.9617723718505647,0.923545147674229,642,"all","DT#642","DT",642
561,557,19,14,0.9756521739130435,0.9754816112084063,0.9756521739130435,0.9756521739130435,0.9714285714285715,0.9713292788879235,0.9426589473207478,642,"all","RF#642","RF",642
520,537,39,55,0.9322916666666666,0.9302325581395349,0.9322916666666666,0.9322916666666666,0.9195205479452055,0.9183318853171155,0.8366597019251673,642,"all","NB#642","NB",642
551,556,20,24,0.9652777777777778,0.9649737302977233,0.9652777777777778,0.9652777777777778,0.9619377162629758,0.9617723718505647,0.9235442243008715,642,"all","MLP#642","MLP",642
555,539,37,20,0.9652173913043478,0.964221824686941,0.9652173913043478,0.9652173913043478,0.9511568123393316,0.950477845351868,0.9009581577767479,643,"all","DT#643","DT",643
560,556,20,15,0.9739130434782609,0.9737302977232924,0.9739130434782609,0.9739130434782609,0.9696969696969697,0.9695916594265855,0.9391837320068538,643,"all","RF#643","RF",643
504,537,39,71,0.9322916666666666,0.9281767955801105,0.9322916666666666,0.9322916666666666,0.9070945945945945,0.9044309296264118,0.8088524807961737,643,"all","NB#643","NB",643
554,541,35,21,0.9634782608695652,0.9626334519572953,0.9634782608695652,0.9634782608695652,0.9518900343642612,0.9513466550825369,0.9026952932758063,643,"all","MLP#643","MLP",643
549,551,25,26,0.9565972222222222,0.9564459930313589,0.9565972222222222,0.9565972222222222,0.9557675628794449,0.9556907037358818,0.9113812067953001,644,"all","DT#644","DT",644
560,560,16,15,0.9739130434782609,0.9739130434782609,0.9739130434782609,0.9739130434782609,0.9730668983492615,0.9730668983492615,0.9461338373583374,644,"all","RF#644","RF",644
515,543,33,60,0.9427083333333334,0.9397810218978102,0.9427083333333334,0.9427083333333334,0.921119592875318,0.9192006950477846,0.8383946809426109,644,"all","NB#644","NB",644
546,558,18,29,0.96875,0.9680851063829787,0.96875,0.96875,0.9595872742906276,0.9591659426585578,0.9183304674443568,644,"all","MLP#644","MLP",644
556,551,25,19,0.9669565217391304,0.9666666666666667,0.9669565217391304,0.9669565217391304,0.9619377162629758,0.9617723718505647,0.9235453785140836,645,"all","DT#645","DT",645
566,555,21,9,0.9843478260869565,0.9840425531914894,0.9843478260869565,0.9843478260869565,0.9741824440619621,0.9739357080799305,0.9478723211536022,645,"all","RF#645","RF",645
530,540,36,45,0.9375,0.9363957597173145,0.9375,0.9375,0.9302325581395349,0.9296264118158123,0.8592508050381118,645,"all","NB#645","NB",645
560,550,26,15,0.9739130434782609,0.9734513274336283,0.9739130434782609,0.9739130434782609,0.9646856158484065,0.9643788010425717,0.9287587313616471,645,"all","MLP#645","MLP",645
542,545,31,33,0.9461805555555556,0.9458987783595113,0.9461805555555556,0.9461805555555556,0.9445407279029463,0.944396177237185,0.8887919347582571,646,"all","DT#646","DT",646
558,553,23,17,0.9704347826086956,0.9701754385964912,0.9704347826086956,0.9704347826086956,0.9653979238754326,0.9652476107732406,0.9304957986491668,646,"all","RF#646","RF",646
486,554,22,89,0.9618055555555556,0.9566929133858267,0.9618055555555556,0.9618055555555556,0.9089417555373257,0.9035621198957429,0.8071045833440279,646,"all","NB#646","NB",646
562,550,26,13,0.9773913043478261,0.9769094138543517,0.9773913043478261,0.9773913043478261,0.9664660361134996,0.9661164205039097,0.9322341198013928,646,"all","MLP#646","MLP",646
559,539,37,16,0.9721739130434782,0.9711711711711711,0.9721739130434782,0.9721739130434782,0.954739538855679,0.9539530842745438,0.9079090185848576,647,"all","DT#647","DT",647
563,554,22,12,0.9791304347826087,0.9787985865724381,0.9791304347826087,0.9791304347826087,0.9706896551724138,0.9704604691572546,0.9409217856010629,647,"all","RF#647","RF",647
542,494,82,33,0.9426086956521739,0.937381404174573,0.9426086956521739,0.9426086956521739,0.9040867389491243,0.9000868809730669,0.8001883918611092,647,"all","NB#647","NB",647
563,548,28,12,0.9791304347826087,0.9785714285714285,0.9791304347826087,0.9791304347826087,0.9656946826758148,0.9652476107732406,0.9304968479022245,647,"all","MLP#647","MLP",647
540,547,29,35,0.9496527777777778,0.9490333919156415,0.9496527777777778,0.9496527777777778,0.9447322970639033,0.944396177237185,0.8887912632058865,648,"all","DT#648","DT",648
565,557,19,10,0.9826086956521739,0.982363315696649,0.9826086956521739,0.9826086956521739,0.9749784296807592,0.9748045178105995,0.9496096822355977,648,"all","RF#648","RF",648
463,562,14,112,0.9756944444444444,0.9706498951781971,0.9756944444444444,0.9756944444444444,0.8992,0.8905299739357081,0.7810273862980937,648,"all","NB#648","NB",648
550,554,22,25,0.9618055555555556,0.9615384615384616,0.9618055555555556,0.9618055555555556,0.9593073593073593,0.9591659426585578,0.9183314537958355,648,"all","MLP#648","MLP",648
554,544,32,21,0.9634782608695652,0.9628318584070796,0.9634782608695652,0.9634782608695652,0.954349698535745,0.9539530842745438,0.9079076283455437,649,"all","DT#649","DT",649
559,551,25,16,0.9721739130434782,0.9717813051146384,0.9721739130434782,0.9721739130434782,0.9646246764452113,0.9643788010425717,0.9287585162641208,649,"all","RF#649","RF",649
491,549,27,84,0.953125,0.9478764478764479,0.953125,0.953125,0.9081885856079404,0.9035621198957429,0.8071074956631232,649,"all","NB#649","NB",649
552,552,24,23,0.96,0.96,0.96,0.96,0.9591659426585578,0.9591659426585578,0.9183319469626406,649,"all","MLP#649","MLP",649
543,546,30,32,0.9479166666666666,0.9476439790575916,0.9479166666666666,0.9479166666666666,0.9462738301559792,0.946133796698523,0.8922671867970616,650,"all","DT#650","DT",650
554,556,20,21,0.9652777777777778,0.9651567944250871,0.9652777777777778,0.9652777777777778,0.9644405897658282,0.9643788010425717,0.928757440757006,650,"all","RF#650","RF",650
543,499,77,32,0.9443478260869566,0.9397363465160076,0.9443478260869566,0.9443478260869566,0.9087866108786611,0.9052997393570807,0.8106122017676939,650,"all","NB#650","NB",650
548,554,22,27,0.9618055555555556,0.9614035087719298,0.9618055555555556,0.9618055555555556,0.9576490924805532,0.9574283231972198,0.91485593943191,650,"all","MLP#650","MLP",650
548,546,30,27,0.9530434782608695,0.9528795811518325,0.9530434782608695,0.9530434782608695,0.9505637467476149,0.950477845351868,0.9009560645105775,651,"all","DT#651","DT",651
567,556,20,8,0.9860869565217392,0.9858156028368794,0.9860869565217392,0.9860869565217392,0.9759036144578314,0.9756733275412685,0.9513474997433621,651,"all","RF#651","RF",651
553,447,129,22,0.9617391304347827,0.9530916844349681,0.9617391304347827,0.9617391304347827,0.8798727128082736,0.8688097306689835,0.7376616398015418,651,"all","NB#651","NB",651
564,548,28,11,0.9808695652173913,0.9803220035778175,0.9808695652173913,0.9808695652173913,0.9665809768637532,0.9661164205039097,0.9322345290051434,651,"all","MLP#651","MLP",651
546,541,35,29,0.9495652173913044,0.9491228070175438,0.9495652173913044,0.9495652173913044,0.9446366782006921,0.944396177237185,0.8887932778386669,652,"all","DT#652","DT",652
561,557,19,14,0.9756521739130435,0.9754816112084063,0.9756521739130435,0.9756521739130435,0.9714285714285715,0.9713292788879235,0.9426589473207478,652,"all","RF#652","RF",652
531,534,42,44,0.9270833333333334,0.9267015706806283,0.9270833333333334,0.9270833333333334,0.9254766031195841,0.9252823631624674,0.850564162331408,652,"all","NB#652","NB",652
556,554,22,19,0.9669565217391304,0.9668411867364747,0.9669565217391304,0.9669565217391304,0.9644405897658281,0.9643788010425717,0.9287578709637487,652,"all","MLP#652","MLP",652
539,556,20,36,0.9652777777777778,0.964221824686941,0.9652777777777778,0.9652777777777778,0.952054794520548,0.9513466550825369,0.9026908862532911,653,"all","DT#653","DT",653
559,560,16,16,0.9722222222222222,0.9722222222222222,0.9722222222222222,0.9722222222222222,0.9722222222222222,0.9721980886185926,0.9443961352657005,653,"all","RF#653","RF",653
513,547,29,62,0.9496527777777778,0.9464944649446494,0.9496527777777778,0.9496527777777778,0.9232067510548524,0.9209383145091226,0.8418686317404099,653,"all","NB#653","NB",653
544,549,27,31,0.953125,0.9527145359019265,0.953125,0.953125,0.9498269896193772,0.9496090356211989,0.8992173865784213,653,"all","MLP#653","MLP",653
547,547,29,28,0.951304347826087,0.951304347826087,0.951304347826087,0.951304347826087,0.9504778453518681,0.950477845351868,0.9009557654653301,654,"all","DT#654","DT",654
562,559,17,13,0.9773913043478261,0.9772727272727273,0.9773913043478261,0.9773913043478261,0.974003466204506,0.9739357080799305,0.9478716915960652,654,"all","RF#654","RF",654
518,539,37,57,0.9357638888888888,0.9333333333333333,0.9357638888888888,0.9357638888888888,0.9197952218430033,0.9183318853171155,0.8366587155409281,654,"all","NB#654","NB",654
554,552,24,21,0.9634782608695652,0.9633507853403142,0.9634782608695652,0.9634782608695652,0.960971379011275,0.9609035621198957,0.9218074193504558,654,"all","MLP#654","MLP",654
548,541,35,27,0.9530434782608695,0.9524647887323944,0.9530434782608695,0.9530434782608695,0.9464594127806563,0.946133796698523,0.8922688131785849,655,"all","DT#655","DT",655
558,553,23,17,0.9704347826086956,0.9701754385964912,0.9704347826086956,0.9704347826086956,0.9653979238754326,0.9652476107732406,0.9304957986491668,655,"all","RF#655","RF",655
484,550,26,91,0.9548611111111112,0.9490196078431372,0.9548611111111112,0.9548611111111112,0.903861955628595,0.8983492615117289,0.796678418021092,655,"all","NB#655","NB",655
553,550,26,22,0.9617391304347827,0.9615384615384616,0.9617391304347827,0.9617391304347827,0.9584055459272097,0.9582971329278888,0.9165947065537043,655,"all","MLP#655","MLP",655
548,540,36,27,0.9530434782608695,0.9523809523809523,0.9530434782608695,0.9530434782608695,0.9456427955133735,0.945264986967854,0.8905313786497465,656,"all","DT#656","DT",656
560,555,21,15,0.9739130434782609,0.9736842105263158,0.9739130434782609,0.9739130434782609,0.9688581314878892,0.9687228496959166,0.9374462187842502,656,"all","RF#656","RF",656
501,551,25,74,0.9565972222222222,0.9524714828897338,0.9565972222222222,0.9565972222222222,0.9175686927560367,0.9139878366637706,0.8279628172977771,656,"all","NB#656","NB",656
559,554,22,16,0.9721739130434782,0.9719298245614035,0.9721739130434782,0.9721739130434782,0.9671280276816608,0.9669852302345786,0.9339710087167085,656,"all","MLP#656","MLP",656
554,541,35,21,0.9634782608695652,0.9626334519572953,0.9634782608695652,0.9634782608695652,0.9518900343642612,0.9513466550825369,0.9026952932758063,657,"all","DT#657","DT",657
560,554,22,15,0.9739130434782609,0.9736379613356766,0.9739130434782609,0.9739130434782609,0.9680207433016422,0.9678540399652477,0.9357087108077058,657,"all","RF#657","RF",657
504,545,31,71,0.9461805555555556,0.9420560747663551,0.9461805555555556,0.9461805555555556,0.9144295302013423,0.9113814074717637,0.8227519777764357,657,"all","NB#657","NB",657
564,555,21,11,0.9808695652173913,0.980565371024735,0.9808695652173913,0.9808695652173913,0.9724137931034482,0.9721980886185926,0.9443969746833534,657,"all","MLP#657","MLP",657
548,548,28,27,0.9530434782608695,0.9530434782608695,0.9530434782608695,0.9530434782608695,0.9522154648132058,0.952215464813206,0.9044310017647922,658,"all","DT#658","DT",658
564,555,21,11,0.9808695652173913,0.980565371024735,0.9808695652173913,0.9808695652173913,0.9724137931034482,0.9721980886185926,0.9443969746833534,658,"all","RF#658","RF",658
554,483,93,21,0.9634782608695652,0.9583333333333334,0.9634782608695652,0.9634782608695652,0.9067103109656303,0.9009556907037359,0.8019327609317829,658,"all","NB#658","NB",658
559,554,22,16,0.9721739130434782,0.9719298245614035,0.9721739130434782,0.9721739130434782,0.9671280276816608,0.9669852302345786,0.9339710087167085,658,"all","MLP#658","MLP",658
539,541,35,36,0.9392361111111112,0.9390243902439024,0.9392361111111112,0.9392361111111112,0.9384215091066782,0.9383145091225021,0.8766287388718883,659,"all","DT#659","DT",659
553,557,19,22,0.9670138888888888,0.9667832167832168,0.9670138888888888,0.9670138888888888,0.9645021645021645,0.9643788010425717,0.9287572256516863,659,"all","RF#659","RF",659
467,554,22,108,0.9618055555555556,0.9550102249488752,0.9618055555555556,0.9618055555555556,0.8949919224555735,0.8870547350130321,0.7740799681118019,659,"all","NB#659","NB",659
549,555,21,26,0.9635416666666666,0.9631578947368421,0.9635416666666666,0.9635416666666666,0.9593777009507347,0.9591659426585578,0.9183312072101995,659,"all","MLP#659","MLP",659
544,537,39,31,0.9460869565217391,0.9454225352112676,0.9460869565217391,0.9460869565217391,0.9395509499136442,0.9391833188531712,0.8783680148790475,660,"all","DT#660","DT",660
564,553,23,11,0.9808695652173913,0.9804964539007093,0.9808695652173913,0.9808695652173913,0.9707401032702239,0.9704604691572546,0.9409219639740827,660,"all","RF#660","RF",660
530,544,32,45,0.9444444444444444,0.9430604982206405,0.9444444444444444,0.9444444444444444,0.9339055793991415,0.9331016507384883,0.8662005745885714,660,"all","NB#660","NB",660
556,547,29,19,0.9669565217391304,0.9664310954063604,0.9669565217391304,0.9669565217391304,0.9586206896551723,0.9582971329278888,0.9165954620250297,660,"all","MLP#660","MLP",660
541,551,25,34,0.9565972222222222,0.9558303886925795,0.9565972222222222,0.9565972222222222,0.9491817398794143,0.94874022589053,0.8974789814475136,661,"all","DT#661","DT",661
551,561,15,24,0.9739583333333334,0.9734982332155477,0.9739583333333334,0.9739583333333334,0.9664082687338502,0.9661164205039097,0.9322318690924243,661,"all","RF#661","RF",661
499,548,28,76,0.9513888888888888,0.9468690702087287,0.9513888888888888,0.9513888888888888,0.9133333333333333,0.9096437880104257,0.819274343551465,661,"all","NB#661","NB",661
551,549,27,24,0.9582608695652174,0.9581151832460733,0.9582608695652174,0.9582608695652174,0.9557675628794449,0.9556907037358818,0.9113817419305167,661,"all","MLP#661","MLP",661
546,545,31,29,0.9495652173913044,0.9494773519163763,0.9495652173913044,0.9495652173913044,0.9479166666666667,0.947871416159861,0.89574306840861,662,"all","DT#662","DT",662
561,556,20,14,0.9756521739130435,0.9754385964912281,0.9756521739130435,0.9756521739130435,0.9705882352941178,0.9704604691572546,0.9409214288517919,662,"all","RF#662","RF",662
513,547,29,62,0.9496527777777778,0.9464944649446494,0.9496527777777778,0.9496527777777778,0.9232067510548524,0.9209383145091226,0.8418686317404099,662,"all","NB#662","NB",662
557,552,24,18,0.9686956521739131,0.968421052631579,0.9686956521739131,0.9686956521739131,0.9636678200692042,0.9635099913119027,0.9270205885816253,662,"all","MLP#662","MLP",662
532,538,38,43,0.9340277777777778,0.9333333333333333,0.9340277777777778,0.9340277777777778,0.9299913569576491,0.9296264118158123,0.8592516549792796,663,"all","DT#663","DT",663
550,550,26,25,0.9565217391304348,0.9565217391304348,0.9565217391304348,0.9565217391304348,0.9556907037358819,0.9556907037358818,0.9113814743637163,663,"all","RF#663","RF",663
523,529,47,52,0.9184027777777778,0.9175438596491228,0.9184027777777778,0.9184027777777778,0.9144338807260156,0.9139878366637706,0.8279742449746751,663,"all","NB#663","NB",663
550,549,27,25,0.9565217391304348,0.9564459930313589,0.9565217391304348,0.9565217391304348,0.954861111111111,0.9548218940052129,0.9096439926207953,663,"all","MLP#663","MLP",663
542,542,34,33,0.9426086956521739,0.9426086956521739,0.9426086956521739,0.9426086956521739,0.9417897480451781,0.9417897480451781,0.8835795839680195,664,"all","DT#664","DT",664
559,556,20,16,0.9721739130434782,0.972027972027972,0.9721739130434782,0.9721739130434782,0.9688041594454073,0.9687228496959166,0.9374460299152783,664,"all","RF#664","RF",664
520,525,51,55,0.9114583333333334,0.9106830122591943,0.9114583333333334,0.9114583333333334,0.9083044982698962,0.9079061685490878,0.8158110858157357,664,"all","NB#664","NB",664
548,541,35,27,0.9530434782608695,0.9524647887323944,0.9530434782608695,0.9530434782608695,0.9464594127806563,0.946133796698523,0.8922688131785849,664,"all","MLP#664","MLP",664
548,548,28,27,0.9530434782608695,0.9530434782608695,0.9530434782608695,0.9530434782608695,0.9522154648132058,0.952215464813206,0.9044310017647922,665,"all","DT#665","DT",665
565,553,23,10,0.9826086956521739,0.9822380106571936,0.9826086956521739,0.9826086956521739,0.9716251074806534,0.9713292788879235,0.9426596398319477,665,"all","RF#665","RF",665
515,546,30,60,0.9479166666666666,0.944954128440367,0.9479166666666666,0.9479166666666666,0.9238578680203046,0.9218071242397915,0.843607047420626,665,"all","NB#665","NB",665
558,553,23,17,0.9704347826086956,0.9701754385964912,0.9704347826086956,0.9704347826086956,0.9653979238754326,0.9652476107732406,0.9304957986491668,665,"all","MLP#665","MLP",665
542,546,30,33,0.9479166666666666,0.9475524475524476,0.9479166666666666,0.9479166666666666,0.9454545454545454,0.945264986967854,0.8905293955135666,666,"all","DT#666","DT",666
560,556,20,15,0.9739130434782609,0.9737302977232924,0.9739130434782609,0.9739130434782609,0.9696969696969697,0.9695916594265855,0.9391837320068538,666,"all","RF#666","RF",666
525,546,30,50,0.9479166666666666,0.9459459459459459,0.9479166666666666,0.9479166666666666,0.931740614334471,0.9304952215464813,0.8609861408858963,666,"all","NB#666","NB",666
556,549,27,19,0.9669565217391304,0.9665492957746479,0.9669565217391304,0.9669565217391304,0.9602763385146803,0.9600347523892268,0.9200704097776596,666,"all","MLP#666","MLP",666
537,555,21,38,0.9635416666666666,0.9623655913978495,0.9635416666666666,0.9635416666666666,0.9495295124037638,0.94874022589053,0.8974777432391834,667,"all","DT#667","DT",667
556,558,18,19,0.96875,0.9686411149825784,0.96875,0.96875,0.9679098005203817,0.9678540399652477,0.9357079343416884,667,"all","RF#667","RF",667
531,528,48,44,0.9234782608695652,0.9230769230769231,0.9234782608695652,0.9234782608695652,0.9202772963604854,0.9200695047784535,0.8401398542279334,667,"all","NB#667","NB",667
551,553,23,24,0.9600694444444444,0.9599303135888502,0.9600694444444444,0.9600694444444444,0.9592367736339982,0.9591659426585578,0.9183317003799826,667,"all","MLP#667","MLP",667
555,544,32,20,0.9652173913043478,0.9645390070921985,0.9652173913043478,0.9652173913043478,0.9552495697074009,0.9548218940052129,0.909645356666244,668,"all","DT#668","DT",668
567,551,25,8,0.9860869565217392,0.9856887298747764,0.9860869565217392,0.9860869565217392,0.9717223650385605,0.9713292788879235,0.9426599860812751,668,"all","RF#668","RF",668
511,538,38,64,0.9340277777777778,0.930783242258652,0.9340277777777778,0.9340277777777778,0.9134125636672324,0.9113814074717637,0.8227557241075283,668,"all","NB#668","NB",668
568,541,35,7,0.9878260869565217,0.9872262773722628,0.9878260869565217,0.9878260869565217,0.9643463497453311,0.9635099913119027,0.9270230123122816,668,"all","MLP#668","MLP",668
549,550,26,26,0.9548611111111112,0.9548611111111112,0.9548611111111112,0.9548611111111112,0.9548611111111112,0.9548218940052129,0.9096437198067633,669,"all","DT#669","DT",669
564,554,22,11,0.9808695652173913,0.9805309734513274,0.9808695652173913,0.9808695652173913,0.9715762273901808,0.9713292788879235,0.9426594667057159,669,"all","RF#669","RF",669
522,549,27,53,0.953125,0.9508196721311475,0.953125,0.953125,0.932088285229202,0.9304952215464813,0.8609848816529635,669,"all","NB#669","NB",669
559,554,22,16,0.9721739130434782,0.9719298245614035,0.9721739130434782,0.9721739130434782,0.9671280276816608,0.9669852302345786,0.9339710087167085,669,"all","MLP#669","MLP",669
548,546,30,27,0.9530434782608695,0.9528795811518325,0.9530434782608695,0.9530434782608695,0.9505637467476149,0.950477845351868,0.9009560645105775,670,"all","DT#670","DT",670
564,553,23,11,0.9808695652173913,0.9804964539007093,0.9808695652173913,0.9808695652173913,0.9707401032702239,0.9704604691572546,0.9409219639740827,670,"all","RF#670","RF",670
541,525,51,34,0.9408695652173913,0.9391771019677997,0.9408695652173913,0.9408695652173913,0.9271636675235646,0.9261511728931364,0.8523060247547996,670,"all","NB#670","NB",670
556,550,26,19,0.9669565217391304,0.9666080843585237,0.9669565217391304,0.9669565217391304,0.9611063094209161,0.9609035621198957,0.9218078915228852,670,"all","MLP#670","MLP",670
548,539,37,27,0.9530434782608695,0.9522968197879859,0.9530434782608695,0.9530434782608695,0.9448275862068966,0.944396177237185,0.8887939493667064,671,"all","DT#671","DT",671
563,559,17,12,0.9791304347826087,0.978984238178634,0.9791304347826087,0.9791304347826087,0.9748917748917749,0.9748045178105995,0.9496093779485361,671,"all","RF#671","RF",671
491,549,27,84,0.953125,0.9478764478764479,0.953125,0.953125,0.9081885856079404,0.9035621198957429,0.8071074956631232,671,"all","NB#671","NB",671
558,551,25,17,0.9704347826086956,0.9700704225352113,0.9704347826086956,0.9704347826086956,0.9637305699481865,0.9635099913119027,0.9270208089274286,671,"all","MLP#671","MLP",671
550,538,38,25,0.9565217391304348,0.955595026642984,0.9565217391304348,0.9565217391304348,0.945829750644884,0.945264986967854,0.8905320396791729,672,"all","DT#672","DT",672
559,554,22,16,0.9721739130434782,0.9719298245614035,0.9721739130434782,0.9721739130434782,0.9671280276816608,0.9669852302345786,0.9339710087167085,672,"all","RF#672","RF",672
516,547,29,59,0.9496527777777778,0.9467889908256881,0.9496527777777778,0.9496527777777778,0.9255499153976311,0.9235447437011295,0.8470824463668343,672,"all","NB#672","NB",672
551,554,22,24,0.9618055555555556,0.9616055846422339,0.9618055555555556,0.9618055555555556,0.9601386481802427,0.9600347523892268,0.9200692031074973,672,"all","MLP#672","MLP",672
544,537,39,31,0.9460869565217391,0.9454225352112676,0.9460869565217391,0.9460869565217391,0.9395509499136442,0.9391833188531712,0.8783680148790475,673,"all","DT#673","DT",673
562,547,29,13,0.9773913043478261,0.9767857142857143,0.9773913043478261,0.9773913043478261,0.9639794168096054,0.9635099913119027,0.9270216902973359,673,"all","RF#673","RF",673
519,551,25,56,0.9565972222222222,0.9540441176470589,0.9565972222222222,0.9565972222222222,0.9315300084530854,0.9296264118158123,0.8592461301781936,673,"all","NB#673","NB",673
551,549,27,24,0.9582608695652174,0.9581151832460733,0.9582608695652174,0.9582608695652174,0.9557675628794449,0.9556907037358818,0.9113817419305167,673,"all","MLP#673","MLP",673
547,551,25,28,0.9565972222222222,0.9562937062937062,0.9565972222222222,0.9565972222222222,0.954112554112554,0.9539530842745438,0.9079056819399846,674,"all","DT#674","DT",674
557,552,24,18,0.9686956521739131,0.968421052631579,0.9686956521739131,0.9686956521739131,0.9636678200692042,0.9635099913119027,0.9270205885816253,674,"all","RF#674","RF",674
550,436,140,25,0.9565217391304348,0.9457700650759219,0.9565217391304348,0.9565217391304348,0.8695652173913043,0.8566463944396178,0.7133423394187303,674,"all","NB#674","NB",674
551,555,21,24,0.9635416666666666,0.9632867132867133,0.9635416666666666,0.9635416666666666,0.961038961038961,0.9609035621198957,0.921806711081119,674,"all","MLP#674","MLP",674
543,555,21,32,0.9635416666666666,0.9627659574468085,0.9635416666666666,0.9635416666666666,0.9544282029234739,0.9539530842745438,0.9079045696712958,675,"all","DT#675","DT",675
551,557,19,24,0.9670138888888888,0.9666666666666667,0.9670138888888888,0.9670138888888888,0.9628349178910977,0.9626411815812337,0.9252817427667781,675,"all","RF#675","RF",675
494,545,31,81,0.9461805555555556,0.940952380952381,0.9461805555555556,0.9461805555555556,0.9068219633943427,0.9026933101650738,0.8053717822903298,675,"all","NB#675","NB",675
548,546,30,27,0.9530434782608695,0.9528795811518325,0.9530434782608695,0.9530434782608695,0.9505637467476149,0.950477845351868,0.9009560645105775,675,"all","MLP#675","MLP",675
539,554,22,36,0.9618055555555556,0.9607843137254902,0.9618055555555556,0.9618055555555556,0.9502572898799314,0.9496090356211989,0.8992158650696119,676,"all","DT#676","DT",676
556,559,17,19,0.9704861111111112,0.9703315881326352,0.9704861111111112,0.9704861111111112,0.9688041594454073,0.9687228496959166,0.9374454633015197,676,"all","RF#676","RF",676
511,547,29,64,0.9496527777777778,0.9462962962962963,0.9496527777777778,0.9496527777777778,0.9216512215669755,0.9192006950477846,0.8383927290844172,676,"all","NB#676","NB",676
560,561,15,15,0.9739583333333334,0.9739583333333334,0.9739583333333334,0.9739583333333334,0.9739583333333334,0.9739357080799305,0.9478713768115942,676,"all","MLP#676","MLP",676
531,539,37,44,0.9357638888888888,0.9348591549295775,0.9357638888888888,0.9357638888888888,0.9301121656600518,0.9296264118158123,0.8592512300099788,677,"all","DT#677","DT",677
552,555,21,23,0.9635416666666666,0.9633507853403142,0.9635416666666666,0.9635416666666666,0.9618717504332754,0.9617723718505647,0.9235444551463018,677,"all","RF#677","RF",677
524,539,37,51,0.9357638888888888,0.9340463458110517,0.9357638888888888,0.9357638888888888,0.9245283018867924,0.9235447437011295,0.8470861401056182,677,"all","NB#677","NB",677
564,553,23,11,0.9808695652173913,0.9804964539007093,0.9808695652173913,0.9808695652173913,0.9707401032702239,0.9704604691572546,0.9409219639740827,677,"all","MLP#677","MLP",677
543,554,22,32,0.9618055555555556,0.9610619469026549,0.9618055555555556,0.9618055555555556,0.9535283993115319,0.9530842745438749,0.9061670617008107,678,"all","DT#678","DT",678
560,552,24,15,0.9739130434782609,0.9735449735449735,0.9739130434782609,0.9739130434782609,0.9663503019844694,0.9661164205039097,0.9322337105927003,678,"all","RF#678","RF",678
454,561,15,121,0.9739583333333334,0.9680170575692963,0.9739583333333334,0.9739583333333334,0.891891891891892,0.8818418766290183,0.7636457524905857,678,"all","NB#678","NB",678
549,552,24,26,0.9583333333333334,0.9581151832460733,0.9583333333333334,0.9583333333333334,0.9566724436741767,0.9565595134665508,0.9131186990298883,678,"all","MLP#678","MLP",678
548,547,29,27,0.9530434782608695,0.9529616724738676,0.9530434782608695,0.9530434782608695,0.9513888888888888,0.9513466550825369,0.9026935305147025,679,"all","DT#679","DT",679
563,558,18,12,0.9791304347826087,0.9789473684210527,0.9791304347826087,0.9791304347826087,0.9740484429065743,0.9739357080799305,0.947871848986875,679,"all","RF#679","RF",679
488,560,16,87,0.9722222222222222,0.9682539682539683,0.9722222222222222,0.9722222222222222,0.9157808667211774,0.9105125977410947,0.8210058747238911,679,"all","NB#679","NB",679
565,549,27,10,0.9826086956521739,0.9821109123434705,0.9826086956521739,0.9826086956521739,0.9682947729220224,0.9678540399652477,0.935709681363854,679,"all","MLP#679","MLP",679
544,545,31,31,0.9461805555555556,0.9461805555555556,0.9461805555555556,0.9461805555555556,0.9461805555555556,0.946133796698523,0.8922675120772947,680,"all","DT#680","DT",680
561,552,24,14,0.9756521739130435,0.9752650176678446,0.9756521739130435,0.9756521739130435,0.9672413793103449,0.9669852302345786,0.9339714074364819,680,"all","RF#680","RF",680
510,543,33,65,0.9427083333333334,0.9392265193370166,0.9427083333333334,0.9427083333333334,0.9172297297297297,0.9148566463944396,0.8297049374365911,680,"all","NB#680","NB",680
561,551,25,14,0.9756521739130435,0.9752212389380531,0.9756521739130435,0.9756521739130435,0.9664082687338501,0.9661164205039097,0.9322339151976643,680,"all","MLP#680","MLP",680
543,551,25,32,0.9565972222222222,0.9559859154929577,0.9565972222222222,0.9565972222222222,0.9508196721311476,0.950477845351868,0.9009545692662816,681,"all","DT#681","DT",681
558,563,13,17,0.9774305555555556,0.9772329246935202,0.9774305555555556,0.9774305555555556,0.9740484429065744,0.9739357080799305,0.9478710620233214,681,"all","RF#681","RF",681
454,563,13,121,0.9774305555555556,0.9721627408993576,0.9774305555555556,0.9774305555555556,0.8936507936507936,0.8835794960903562,0.767120846998001,681,"all","NB#681","NB",681
550,563,13,25,0.9774305555555556,0.9769094138543517,0.9774305555555556,0.9774305555555556,0.9673539518900344,0.9669852302345786,0.9339692144181355,681,"all","MLP#681","MLP",681
545,546,30,30,0.9479166666666666,0.9479166666666666,0.9479166666666666,0.9479166666666666,0.9479166666666666,0.947871416159861,0.8957427536231884,682,"all","DT#682","DT",682
556,551,25,19,0.9669565217391304,0.9666666666666667,0.9669565217391304,0.9669565217391304,0.9619377162629758,0.9617723718505647,0.9235453785140836,682,"all","RF#682","RF",682
526,533,43,49,0.9253472222222222,0.9244288224956063,0.9253472222222222,0.9253472222222222,0.9205526770293609,0.9200695047784535,0.8401374408584619,682,"all","NB#682","NB",682
561,544,32,14,0.9756521739130435,0.974910394265233,0.9756521739130435,0.9756521739130435,0.9606164383561645,0.9600347523892268,0.9200716164113897,682,"all","MLP#682","MLP",682
543,544,32,32,0.9444444444444444,0.9444444444444444,0.9444444444444444,0.9444444444444444,0.9444444444444444,0.944396177237185,0.888792270531401,683,"all","DT#683","DT",683
562,560,16,13,0.9773913043478261,0.9773123909249564,0.9773913043478261,0.9773913043478261,0.9748482220294883,0.9748045178105995,0.9496092258036273,683,"all","RF#683","RF",683
434,557,19,141,0.9670138888888888,0.9580573951434879,0.9670138888888888,0.9670138888888888,0.8744113029827315,0.8609904430929627,0.7219294616460158,683,"all","NB#683","NB",683
561,553,23,14,0.9756521739130435,0.9753086419753086,0.9756521739130435,0.9756521739130435,0.9680759275237273,0.9678540399652477,0.9357089049212799,683,"all","MLP#683","MLP",683
532,546,30,43,0.9479166666666666,0.9466192170818505,0.9479166666666666,0.9479166666666666,0.9373390557939913,0.9365768896611643,0.8731511940904638,684,"all","DT#684","DT",684
551,554,22,24,0.9618055555555556,0.9616055846422339,0.9618055555555556,0.9618055555555556,0.9601386481802427,0.9600347523892268,0.9200692031074973,684,"all","RF#684","RF",684
502,546,30,73,0.9479166666666666,0.943609022556391,0.9479166666666666,0.9479166666666666,0.9138075313807531,0.9105125977410947,0.8210134413918778,684,"all","NB#684","NB",684
556,554,22,19,0.9669565217391304,0.9668411867364747,0.9669565217391304,0.9669565217391304,0.9644405897658281,0.9643788010425717,0.9287578709637487,684,"all","MLP#684","MLP",684
538,546,30,37,0.9479166666666666,0.9471830985915493,0.9479166666666666,0.9479166666666666,0.9421915444348576,0.9417897480451781,0.8835781779094888,685,"all","DT#685","DT",685
561,549,27,14,0.9756521739130435,0.9751332149200711,0.9756521739130435,0.9756521739130435,0.9647463456577816,0.9643788010425717,0.9287589464578745,685,"all","RF#685","RF",685
455,559,17,120,0.9704861111111112,0.9639830508474576,0.9704861111111112,0.9704861111111112,0.8908366533864541,0.8809730668983493,0.7619089320954195,685,"all","NB#685","NB",685
552,548,28,23,0.96,0.9597197898423818,0.96,0.96,0.9558441558441558,0.9556907037358818,0.9113820094957013,685,"all","MLP#685","MLP",685
543,540,36,32,0.9443478260869566,0.9440559440559441,0.9443478260869566,0.9443478260869566,0.9410745233968806,0.9409209383145091,0.8818425009510811,686,"all","DT#686","DT",686
557,556,20,18,0.9686956521739131,0.9686411149825784,0.9686956521739131,0.9686956521739131,0.967013888888889,0.9669852302345786,0.9339706099921196,686,"all","RF#686","RF",686
526,547,29,49,0.9496527777777778,0.9477477477477477,0.9496527777777778,0.9496527777777778,0.9334470989761092,0.9322328410078193,0.864461487363749,686,"all","NB#686","NB",686
552,553,23,23,0.9600694444444444,0.9600694444444444,0.9600694444444444,0.9600694444444444,0.9600694444444444,0.9600347523892268,0.9200694444444444,686,"all","MLP#686","MLP",686
547,540,36,28,0.951304347826087,0.9507042253521126,0.951304347826087,0.951304347826087,0.9447322970639034,0.944396177237185,0.8887936136037005,687,"all","DT#687","DT",687
564,549,27,11,0.9808695652173913,0.9803571428571428,0.9808695652173913,0.9808695652173913,0.967409948542024,0.9669852302345786,0.9339720055071133,687,"all","RF#687","RF",687
506,540,36,69,0.9375,0.933579335793358,0.9375,0.9375,0.9113924050632912,0.9087749782797567,0.8175407289312421,687,"all","NB#687","NB",687
553,544,32,22,0.9617391304347827,0.9611307420494699,0.9617391304347827,0.9617391304347827,0.953448275862069,0.9530842745438749,0.9061698947781586,687,"all","MLP#687","MLP",687
550,546,30,25,0.9565217391304348,0.9562171628721541,0.9565217391304348,0.9565217391304348,0.9523809523809523,0.952215464813206,0.9044315788679133,688,"all","DT#688","DT",688
564,553,23,11,0.9808695652173913,0.9804964539007093,0.9808695652173913,0.9808695652173913,0.9707401032702239,0.9704604691572546,0.9409219639740827,688,"all","RF#688","RF",688
510,545,31,65,0.9461805555555556,0.9426987060998152,0.9461805555555556,0.9461805555555556,0.9190556492411467,0.9165942658557776,0.8331798431682786,688,"all","NB#688","NB",688
551,545,31,24,0.9582608695652174,0.9578207381370826,0.9582608695652174,0.9582608695652174,0.9524632670700085,0.952215464813206,0.90443186741686,688,"all","MLP#688","MLP",688
549,547,29,26,0.9547826086956521,0.9546247818499127,0.9547826086956521,0.9547826086956521,0.9522983521248916,0.952215464813206,0.904431290317224,689,"all","DT#689","DT",689
561,558,18,14,0.9756521739130435,0.9755244755244755,0.9756521739130435,0.9756521739130435,0.9722703639514731,0.9721980886185926,0.944396471035803,689,"all","RF#689","RF",689
500,553,23,75,0.9600694444444444,0.9560229445506692,0.9600694444444444,0.9600694444444444,0.9186046511627907,0.9148566463944396,0.8296997952737836,689,"all","NB#689","NB",689
561,547,29,14,0.9756521739130435,0.9750445632798574,0.9756521739130435,0.9756521739130435,0.9630901287553648,0.9626411815812337,0.9252839987017201,689,"all","MLP#689","MLP",689
549,548,28,26,0.9547826086956521,0.9547038327526133,0.9547826086956521,0.9547826086956521,0.953125,0.9530842745438749,0.906168761567749,690,"all","DT#690","DT",690
566,555,21,9,0.9843478260869565,0.9840425531914894,0.9843478260869565,0.9843478260869565,0.9741824440619621,0.9739357080799305,0.9478723211536022,690,"all","RF#690","RF",690
450,560,16,125,0.9722222222222222,0.9656652360515021,0.9722222222222222,0.9722222222222222,0.8881839809674861,0.8774978279756733,0.7549551481146506,690,"all","NB#690","NB",690
553,553,23,22,0.9617391304347827,0.9617391304347827,0.9617391304347827,0.9617391304347827,0.9609035621198958,0.9609035621198957,0.9218071832621025,690,"all","MLP#690","MLP",690
544,546,30,31,0.9479166666666666,0.9477351916376306,0.9479166666666666,0.9479166666666666,0.9470945359930616,0.947002606429192,0.8940049728335943,691,"all","DT#691","DT",691
562,555,21,13,0.9773913043478261,0.977112676056338,0.9773913043478261,0.9773913043478261,0.9706390328151987,0.9704604691572546,0.9409216072269659,691,"all","RF#691","RF",691
512,550,26,63,0.9548611111111112,0.9516728624535316,0.9548611111111112,0.9548611111111112,0.925147182506308,0.9226759339704604,0.8453431124625016,691,"all","NB#691","NB",691
557,552,24,18,0.9686956521739131,0.968421052631579,0.9686956521739131,0.9686956521739131,0.9636678200692042,0.9635099913119027,0.9270205885816253,691,"all","MLP#691","MLP",691
545,549,27,30,0.953125,0.9527972027972028,0.953125,0.953125,0.9506493506493506,0.950477845351868,0.9009551673694175,692,"all","DT#692","DT",692
558,563,13,17,0.9774305555555556,0.9772329246935202,0.9774305555555556,0.9774305555555556,0.9740484429065744,0.9739357080799305,0.9478710620233214,692,"all","RF#692","RF",692
501,549,27,74,0.953125,0.9488636363636364,0.953125,0.953125,0.9157631359466222,0.9122502172024327,0.8244878486245251,692,"all","NB#692","NB",692
565,551,25,10,0.9826086956521739,0.982174688057041,0.9826086956521739,0.9826086956521739,0.9699570815450643,0.9695916594265855,0.9391846501060511,692,"all","MLP#692","MLP",692
546,544,32,29,0.9495652173913044,0.9493891797556719,0.9495652173913044,0.9495652173913044,0.9470945359930616,0.947002606429192,0.8940056128972846,693,"all","DT#693","DT",693
559,556,20,16,0.9721739130434782,0.972027972027972,0.9721739130434782,0.9721739130434782,0.9688041594454073,0.9687228496959166,0.9374460299152783,693,"all","RF#693","RF",693
532,540,36,43,0.9375,0.9366197183098591,0.9375,0.9375,0.9318377911993098,0.9313640312771503,0.8627265082813375,693,"all","NB#693","NB",693
559,551,25,16,0.9721739130434782,0.9717813051146384,0.9721739130434782,0.9721739130434782,0.9646246764452113,0.9643788010425717,0.9287585162641208,693,"all","MLP#693","MLP",693
545,558,18,30,0.96875,0.9680284191829485,0.96875,0.96875,0.9587628865979382,0.9582971329278888,0.9165926918965922,694,"all","DT#694","DT",694
561,566,10,14,0.9826388888888888,0.9824868651488616,0.9826388888888888,0.9826388888888888,0.9792387543252595,0.9791485664639444,0.9582968496186572,694,"all","RF#694","RF",694
527,553,23,48,0.9600694444444444,0.9581818181818181,0.9600694444444444,0.9600694444444444,0.939677145284622,0.9383145091225021,0.876624268729949,694,"all","NB#694","NB",694
556,550,26,19,0.9669565217391304,0.9666080843585237,0.9669565217391304,0.9669565217391304,0.9611063094209161,0.9609035621198957,0.9218078915228852,694,"all","MLP#694","MLP",694
548,548,28,27,0.9530434782608695,0.9530434782608695,0.9530434782608695,0.9530434782608695,0.9522154648132058,0.952215464813206,0.9044310017647922,695,"all","DT#695","DT",695
562,559,17,13,0.9773913043478261,0.9772727272727273,0.9773913043478261,0.9773913043478261,0.974003466204506,0.9739357080799305,0.9478716915960652,695,"all","RF#695","RF",695
521,541,35,54,0.9392361111111112,0.9370503597122302,0.9392361111111112,0.9392361111111112,0.9239965841161402,0.9226759339704604,0.8453473152158651,695,"all","NB#695","NB",695
548,558,18,27,0.96875,0.9681978798586572,0.96875,0.96875,0.9612403100775193,0.9609035621198957,0.921806002798951,695,"all","MLP#695","MLP",695
539,552,24,36,0.9583333333333334,0.9573712255772646,0.9583333333333334,0.9583333333333334,0.9484536082474228,0.947871416159861,0.8957408648707404,696,"all","DT#696","DT",696
560,557,19,15,0.9739130434782609,0.9737762237762237,0.9739130434782609,0.9739130434782609,0.9705372616984401,0.9704604691572546,0.9409212504755406,696,"all","RF#696","RF",696
523,535,41,52,0.9288194444444444,0.9273049645390071,0.9288194444444444,0.9288194444444444,0.9200343938091142,0.9192006950477846,0.838398584517557,696,"all","NB#696","NB",696
555,552,24,20,0.9652173913043478,0.965034965034965,0.9652173913043478,0.9652173913043478,0.9618717504332756,0.9617723718505647,0.923545147674229,696,"all","MLP#696","MLP",696
550,537,39,25,0.9565217391304348,0.9555160142348754,0.9565217391304348,0.9565217391304348,0.9450171821305843,0.944396177237185,0.8887946208866359,697,"all","DT#697","DT",697
563,556,20,12,0.9791304347826087,0.9788732394366197,0.9791304347826087,0.9791304347826087,0.9723661485319517,0.9721980886185926,0.9443968068018503,697,"all","RF#697","RF",697
527,528,48,48,0.9166666666666666,0.9166666666666666,0.9166666666666666,0.9166666666666666,0.9166666666666666,0.9165942658557776,0.8331884057971015,697,"all","NB#697","NB",697
549,555,21,26,0.9635416666666666,0.9631578947368421,0.9635416666666666,0.9635416666666666,0.9593777009507347,0.9591659426585578,0.9183312072101995,697,"all","MLP#697","MLP",697
540,552,24,35,0.9583333333333334,0.9574468085106383,0.9583333333333334,0.9583333333333334,0.9492691315563199,0.94874022589053,0.897478671898235,698,"all","DT#698","DT",698
560,553,23,15,0.9739130434782609,0.9735915492957746,0.9739130434782609,0.9739130434782609,0.9671848013816926,0.9669852302345786,0.9339712080771971,698,"all","RF#698","RF",698
480,548,28,95,0.9513888888888888,0.9448818897637795,0.9513888888888888,0.9513888888888888,0.8990976210008204,0.893136403127715,0.7862510247866255,698,"all","NB#698","NB",698
544,554,22,31,0.9618055555555556,0.9611307420494699,0.9618055555555556,0.9618055555555556,0.954349698535745,0.9539530842745438,0.9079048477409868,698,"all","MLP#698","MLP",698
536,551,25,39,0.9565972222222222,0.9554367201426025,0.9565972222222222,0.9565972222222222,0.9451114922813036,0.944396177237185,0.8887899200768132,699,"all","DT#699","DT",699
560,555,21,15,0.9739130434782609,0.9736842105263158,0.9739130434782609,0.9739130434782609,0.9688581314878892,0.9687228496959166,0.9374462187842502,699,"all","RF#699","RF",699
416,562,14,159,0.9756944444444444,0.9674418604651163,0.9756944444444444,0.9756944444444444,0.866615265998458,0.8496959165942659,0.6993257884047687,699,"all","NB#699","NB",699
553,555,21,22,0.9635416666666666,0.9634146341463414,0.9635416666666666,0.9635416666666666,0.9627059843885516,0.9626411815812337,0.9252821939646647,699,"all","MLP#699","MLP",699
548,547,29,27,0.9530434782608695,0.9529616724738676,0.9530434782608695,0.9530434782608695,0.9513888888888888,0.9513466550825369,0.9026935305147025,700,"all","DT#700","DT",700
561,557,19,14,0.9756521739130435,0.9754816112084063,0.9756521739130435,0.9756521739130435,0.9714285714285715,0.9713292788879235,0.9426589473207478,700,"all","RF#700","RF",700
529,529,47,46,0.92,0.92,0.92,0.92,0.9192006950477846,0.9192006950477846,0.8384015120750121,700,"all","NB#700","NB",700
550,552,24,25,0.9583333333333334,0.9581881533101045,0.9583333333333334,0.9583333333333334,0.9575021682567216,0.9574283231972198,0.9148564535876413,700,"all","MLP#700","MLP",700
537,543,33,38,0.9427083333333334,0.9421052631578948,0.9427083333333334,0.9427083333333334,0.9386343993085566,0.9383145091225021,0.8766279938707265,701,"all","DT#701","DT",701
556,559,17,19,0.9704861111111112,0.9703315881326352,0.9704861111111112,0.9704861111111112,0.9688041594454073,0.9687228496959166,0.9374454633015197,701,"all","RF#701","RF",701
509,540,36,66,0.9375,0.9339449541284404,0.9375,0.9375,0.9137055837563451,0.9113814074717637,0.822754653743376,701,"all","NB#701","NB",701
552,552,24,23,0.96,0.96,0.96,0.96,0.9591659426585578,0.9591659426585578,0.9183319469626406,701,"all","MLP#701","MLP",701
538,543,33,37,0.9427083333333334,0.9422066549912435,0.9427083333333334,0.9427083333333334,0.939446366782007,0.9391833188531712,0.87836581138775,702,"all","DT#702","DT",702
561,555,21,14,0.9756521739130435,0.9753954305799648,0.9756521739130435,0.9756521739130435,0.9697493517718238,0.9695916594265855,0.9391839156289108,702,"all","RF#702","RF",702
496,547,29,79,0.9496527777777778,0.9447619047619048,0.9496527777777778,0.9496527777777778,0.9101497504159733,0.9061685490877498,0.8123227900656753,702,"all","NB#702","NB",702
555,558,18,20,0.96875,0.9685863874345549,0.96875,0.96875,0.9670710571923744,0.9669852302345786,0.9339702112627152,702,"all","MLP#702","MLP",702
543,543,33,32,0.9443478260869566,0.9443478260869566,0.9443478260869566,0.9443478260869566,0.9435273675065161,0.9435273675065161,0.8870548202674816,703,"all","DT#703","DT",703
561,560,16,14,0.9756521739130435,0.975609756097561,0.9756521739130435,0.9756521739130435,0.9739583333333334,0.9739357080799305,0.9478715342043049,703,"all","RF#703","RF",703
491,556,20,84,0.9652777777777778,0.9608610567514677,0.9652777777777778,0.9652777777777778,0.9144736842105263,0.9096437880104257,0.8192699777756304,703,"all","NB#703","NB",703
554,551,25,21,0.9634782608695652,0.9632867132867133,0.9634782608695652,0.9634782608695652,0.9601386481802425,0.9600347523892268,0.9200699271139667,703,"all","MLP#703","MLP",703
546,546,30,29,0.9495652173913044,0.9495652173913044,0.9495652173913044,0.9495652173913044,0.94874022589053,0.94874022589053,0.897480529165868,704,"all","DT#704","DT",704
565,546,30,10,0.9826086956521739,0.9820143884892086,0.9826086956521739,0.9826086956521739,0.9658119658119659,0.9652476107732406,0.9304972675945774,704,"all","RF#704","RF",704
491,549,27,84,0.953125,0.9478764478764479,0.953125,0.953125,0.9081885856079404,0.9035621198957429,0.8071074956631232,704,"all","NB#704","NB",704
554,545,31,21,0.9634782608695652,0.9628975265017667,0.9634782608695652,0.9634782608695652,0.9551724137931035,0.9548218940052129,0.9096450838604491,704,"all","MLP#704","MLP",704
544,540,36,31,0.9460869565217391,0.9457092819614711,0.9460869565217391,0.9460869565217391,0.941991341991342,0.9417897480451781,0.8835802869845487,705,"all","DT#705","DT",705
560,557,19,15,0.9739130434782609,0.9737762237762237,0.9739130434782609,0.9739130434782609,0.9705372616984401,0.9704604691572546,0.9409212504755406,705,"all","RF#705","RF",705
517,533,43,58,0.9253472222222222,0.9232142857142858,0.9253472222222222,0.9253472222222222,0.9134532990574121,0.9122502172024327,0.8244963276644248,705,"all","NB#705","NB",705
550,549,27,25,0.9565217391304348,0.9564459930313589,0.9565217391304348,0.9565217391304348,0.954861111111111,0.9548218940052129,0.9096439926207953,705,"all","MLP#705","MLP",705
532,556,20,43,0.9652777777777778,0.9637681159420289,0.9652777777777778,0.9652777777777778,0.9463829787234042,0.945264986967854,0.8905260901269215,706,"all","DT#706","DT",706
554,566,10,21,0.9826388888888888,0.9822695035460993,0.9826388888888888,0.9826388888888888,0.9733447979363714,0.9730668983492615,0.9461328615058523,706,"all","RF#706","RF",706
520,536,40,55,0.9305555555555556,0.9285714285714286,0.9305555555555556,0.9305555555555556,0.9185946872322194,0.9174630755864466,0.8349222883972313,706,"all","NB#706","NB",706
541,560,16,34,0.9722222222222222,0.9712746858168761,0.9722222222222222,0.9722222222222222,0.9572649572649573,0.9565595134665508,0.913116600390711,706,"all","MLP#706","MLP",706
541,542,34,34,0.9409722222222222,0.9409722222222222,0.9409722222222222,0.9409722222222222,0.9409722222222222,0.9409209383145091,0.8818417874396134,707,"all","DT#707","DT",707
557,556,20,18,0.9686956521739131,0.9686411149825784,0.9686956521739131,0.9686956521739131,0.967013888888889,0.9669852302345786,0.9339706099921196,707,"all","RF#707","RF",707
499,544,32,76,0.9444444444444444,0.9397363465160076,0.9444444444444444,0.9444444444444444,0.9096989966555183,0.9061685490877498,0.8123244901533315,707,"all","NB#707","NB",707
552,549,27,23,0.96,0.9597902097902098,0.96,0.96,0.9566724436741767,0.9565595134665508,0.913119485993442,707,"all","MLP#707","MLP",707
533,555,21,42,0.9635416666666666,0.9620938628158845,0.9635416666666666,0.9635416666666666,0.9462915601023018,0.945264986967854,0.8905264206745683,708,"all","DT#708","DT",708
557,556,20,18,0.9686956521739131,0.9686411149825784,0.9686956521739131,0.9686956521739131,0.967013888888889,0.9669852302345786,0.9339706099921196,708,"all","RF#708","RF",708
544,526,50,31,0.9460869565217391,0.9443447037701975,0.9460869565217391,0.9460869565217391,0.93071000855432,0.9296264118158123,0.8592567544107279,708,"all","NB#708","NB",708
550,555,21,25,0.9635416666666666,0.9632224168126094,0.9635416666666666,0.9635416666666666,0.9602076124567475,0.9600347523892268,0.9200689617690928,708,"all","MLP#708","MLP",708
557,543,33,18,0.9686956521739131,0.9679144385026738,0.9686956521739131,0.9686956521739131,0.9562231759656653,0.9556907037358818,0.911383347297389,709,"all","DT#709","DT",709
567,550,26,8,0.9860869565217392,0.985663082437276,0.9860869565217392,0.9860869565217392,0.970890410958904,0.9704604691572546,0.9409224990866794,709,"all","RF#709","RF",709
520,545,31,55,0.9461805555555556,0.9437386569872959,0.9461805555555556,0.9461805555555556,0.9268707482993197,0.9252823631624674,0.8505591990047948,709,"all","NB#709","NB",709
555,544,32,20,0.9652173913043478,0.9645390070921985,0.9652173913043478,0.9652173913043478,0.9552495697074009,0.9548218940052129,0.909645356666244,709,"all","MLP#709","MLP",709
546,545,31,29,0.9495652173913044,0.9494773519163763,0.9495652173913044,0.9495652173913044,0.9479166666666667,0.947871416159861,0.89574306840861,710,"all","DT#710","DT",710
560,554,22,15,0.9739130434782609,0.9736379613356766,0.9739130434782609,0.9739130434782609,0.9680207433016422,0.9678540399652477,0.9357087108077058,710,"all","RF#710","RF",710
513,542,34,62,0.9409722222222222,0.9378427787934186,0.9409722222222222,0.9409722222222222,0.9186440677966102,0.9165942658557776,0.8331813542842995,710,"all","NB#710","NB",710
553,550,26,22,0.9617391304347827,0.9615384615384616,0.9617391304347827,0.9617391304347827,0.9584055459272097,0.9582971329278888,0.9165947065537043,710,"all","MLP#710","MLP",710
538,546,30,37,0.9479166666666666,0.9471830985915493,0.9479166666666666,0.9479166666666666,0.9421915444348576,0.9417897480451781,0.8835781779094888,711,"all","DT#711","DT",711
554,553,23,21,0.9634782608695652,0.9634146341463414,0.9634782608695652,0.9634782608695652,0.9618055555555556,0.9617723718505647,0.9235449168329806,711,"all","RF#711","RF",711
509,539,37,66,0.9357638888888888,0.9322344322344323,0.9357638888888888,0.9357638888888888,0.9127857747671464,0.9105125977410947,0.8210172244859755,711,"all","NB#711","NB",711
554,549,27,21,0.9634782608695652,0.9631578947368421,0.9634782608695652,0.9634782608695652,0.9584775086505191,0.9582971329278888,0.9165949583790002,711,"all","MLP#711","MLP",711
546,548,28,29,0.9513888888888888,0.9512195121951219,0.9513888888888888,0.9513888888888888,0.9505637467476149,0.950477845351868,0.9009554664182766,712,"all","DT#712","DT",712
556,560,16,19,0.9722222222222222,0.972027972027972,0.9722222222222222,0.9722222222222222,0.9696969696969696,0.9695916594265855,0.939182997507537,712,"all","RF#712","RF",712
506,544,32,69,0.9444444444444444,0.9405204460966543,0.9444444444444444,0.9444444444444444,0.9150546677880572,0.9122502172024327,0.824490498412502,712,"all","NB#712","NB",712
549,544,32,26,0.9547826086956521,0.9543859649122807,0.9547826086956521,0.9547826086956521,0.9498269896193772,0.9496090356211989,0.8992189080412918,712,"all","MLP#712","MLP",712
542,540,36,33,0.9426086956521739,0.9424083769633508,0.9426086956521739,0.9426086956521739,0.940156114483955,0.9400521285838401,0.8801047096706991,713,"all","DT#713","DT",713
555,548,28,20,0.9652173913043478,0.9647887323943662,0.9652173913043478,0.9652173913043478,0.9585492227979274,0.9582971329278888,0.9165952102027752,713,"all","RF#713","RF",713
489,547,29,86,0.9496527777777778,0.944015444015444,0.9496527777777778,0.9496527777777778,0.9048800661703887,0.9000868809730669,0.8001564144257582,713,"all","NB#713","NB",713
554,544,32,21,0.9634782608695652,0.9628318584070796,0.9634782608695652,0.9634782608695652,0.954349698535745,0.9539530842745438,0.9079076283455437,713,"all","MLP#713","MLP",713
553,550,26,22,0.9617391304347827,0.9615384615384616,0.9617391304347827,0.9617391304347827,0.9584055459272097,0.9582971329278888,0.9165947065537043,714,"all","DT#714","DT",714
565,555,21,10,0.9826086956521739,0.9823008849557522,0.9826086956521739,0.9826086956521739,0.9732988802756245,0.9730668983492615,0.9461346505417332,714,"all","RF#714","RF",714
526,548,28,49,0.9513888888888888,0.9494584837545126,0.9513888888888888,0.9513888888888888,0.9343563512361467,0.9331016507384883,0.8661989586022504,714,"all","NB#714","NB",714
551,554,22,24,0.9618055555555556,0.9616055846422339,0.9618055555555556,0.9618055555555556,0.9601386481802427,0.9600347523892268,0.9200692031074973,714,"all","MLP#714","MLP",714
541,553,23,34,0.9600694444444444,0.9592198581560284,0.9600694444444444,0.9600694444444444,0.9509888220120378,0.950477845351868,0.900953971155922,715,"all","DT#715","DT",715
555,552,24,20,0.9652173913043478,0.965034965034965,0.9652173913043478,0.9652173913043478,0.9618717504332756,0.9617723718505647,0.923545147674229,715,"all","RF#715","RF",715
521,537,39,54,0.9322916666666666,0.9303571428571429,0.9322916666666666,0.9322916666666666,0.9203084832904885,0.9192006950477846,0.8383976086415001,715,"all","NB#715","NB",715
553,550,26,22,0.9617391304347827,0.9615384615384616,0.9617391304347827,0.9617391304347827,0.9584055459272097,0.9582971329278888,0.9165947065537043,715,"all","MLP#715","MLP",715
546,540,36,29,0.9495652173913044,0.9490333919156415,0.9495652173913044,0.9495652173913044,0.9438202247191011,0.9435273675065161,0.8870558433108345,716,"all","DT#716","DT",716
561,554,22,14,0.9756521739130435,0.9753521126760564,0.9756521739130435,0.9756521739130435,0.9689119170984457,0.9687228496959166,0.9374464076520815,716,"all","RF#716","RF",716
499,548,28,76,0.9513888888888888,0.9468690702087287,0.9513888888888888,0.9513888888888888,0.9133333333333333,0.9096437880104257,0.819274343551465,716,"all","NB#716","NB",716
548,546,30,27,0.9530434782608695,0.9528795811518325,0.9530434782608695,0.9530434782608695,0.9505637467476149,0.950477845351868,0.9009560645105775,716,"all","MLP#716","MLP",716
553,544,32,22,0.9617391304347827,0.9611307420494699,0.9617391304347827,0.9617391304347827,0.953448275862069,0.9530842745438749,0.9061698947781586,717,"all","DT#717","DT",717
561,560,16,14,0.9756521739130435,0.975609756097561,0.9756521739130435,0.9756521739130435,0.9739583333333334,0.9739357080799305,0.9478715342043049,717,"all","RF#717","RF",717
519,540,36,56,0.9375,0.9351351351351351,0.9375,0.9375,0.9215017064846417,0.9200695047784535,0.8401340620187807,717,"all","NB#717","NB",717
557,553,23,18,0.9686956521739131,0.968476357267951,0.9686956521739131,0.9686956521739131,0.9645021645021645,0.9643788010425717,0.9287580860651716,717,"all","MLP#717","MLP",717
542,553,23,33,0.9600694444444444,0.95929203539823,0.9600694444444444,0.9600694444444444,0.9518072289156626,0.9513466550825369,0.9026917676897296,718,"all","DT#718","DT",718
554,555,21,21,0.9635416666666666,0.9635416666666666,0.9635416666666666,0.9635416666666666,0.9635416666666666,0.9635099913119027,0.927019927536232,718,"all","RF#718","RF",718
505,545,31,70,0.9461805555555556,0.9421641791044776,0.9461805555555556,0.9461805555555556,0.9151973131821999,0.9122502172024327,0.8244899684613074,718,"all","NB#718","NB",718
560,556,20,15,0.9739130434782609,0.9737302977232924,0.9739130434782609,0.9739130434782609,0.9696969696969697,0.9695916594265855,0.9391837320068538,718,"all","MLP#718","MLP",718
554,546,30,21,0.9634782608695652,0.9629629629629629,0.9634782608695652,0.9634782608695652,0.9559965487489216,0.9556907037358818,0.9113825446212234,719,"all","DT#719","DT",719
566,554,22,9,0.9843478260869565,0.9840142095914742,0.9843478260869565,0.9843478260869565,0.9733447979363714,0.9730668983492615,0.9461348131754661,719,"all","RF#719","RF",719
532,527,49,43,0.9252173913043479,0.9245614035087719,0.9252173913043479,0.9252173913043479,0.9204152249134948,0.9200695047784535,0.8401403368930837,719,"all","NB#719","NB",719
566,545,31,9,0.9843478260869565,0.983754512635379,0.9843478260869565,0.9843478260869565,0.9658703071672354,0.9652476107732406,0.9304974774388531,719,"all","MLP#719","MLP",719
546,550,26,29,0.9548611111111112,0.9545454545454546,0.9548611111111112,0.9548611111111112,0.9523809523809524,0.952215464813206,0.9044304246547011,720,"all","DT#720","DT",720
558,559,17,17,0.9704861111111112,0.9704861111111112,0.9704861111111112,0.9704861111111112,0.9704861111111112,0.9704604691572546,0.9409208937198068,720,"all","RF#720","RF",720
512,547,29,63,0.9496527777777778,0.9463955637707948,0.9496527777777778,0.9496527777777778,0.9224283305227656,0.9200695047784535,0.8401306830362669,720,"all","NB#720","NB",720
546,554,22,29,0.9618055555555556,0.9612676056338029,0.9618055555555556,0.9618055555555556,0.9559965487489215,0.9556907037358818,0.9113804040803571,720,"all","MLP#720","MLP",720
537,545,31,38,0.9461805555555556,0.9454225352112676,0.9461805555555556,0.9461805555555556,0.9404659188955997,0.9400521285838401,0.8801028996381303,721,"all","DT#721","DT",721
561,552,24,14,0.9756521739130435,0.9752650176678446,0.9756521739130435,0.9756521739130435,0.9672413793103449,0.9669852302345786,0.9339714074364819,721,"all","RF#721","RF",721
532,534,42,43,0.9270833333333334,0.926829268292683,0.9270833333333334,0.9270833333333334,0.9262792714657415,0.9261511728931364,0.8523020113255002,721,"all","NB#721","NB",721
549,554,22,26,0.9618055555555556,0.9614711033274956,0.9618055555555556,0.9618055555555556,0.9584775086505191,0.9582971329278888,0.9165936992373142,721,"all","MLP#721","MLP",721
543,549,27,32,0.953125,0.9526315789473684,0.953125,0.953125,0.9490060501296457,0.94874022589053,0.897479600540463,722,"all","DT#722","DT",722
559,549,27,16,0.9721739130434782,0.9716814159292035,0.9721739130434782,0.9721739130434782,0.9629629629629629,0.9626411815812337,0.9252835475256298,722,"all","RF#722","RF",722
516,540,36,59,0.9375,0.9347826086956522,0.9375,0.9375,0.9191489361702128,0.9174630755864466,0.8349202946358343,722,"all","NB#722","NB",722
560,543,33,15,0.9739130434782609,0.9731182795698925,0.9739130434782609,0.9739130434782609,0.958904109589041,0.9582971329278888,0.9165964692988413,722,"all","MLP#722","MLP",722
531,557,19,44,0.9670138888888888,0.9654545454545455,0.9670138888888888,0.9670138888888888,0.9464740866610024,0.945264986967854,0.8905257595772786,723,"all","DT#723","DT",723
556,561,15,19,0.9739583333333334,0.9737302977232924,0.9739583333333334,0.9739583333333334,0.9705882352941176,0.9704604691572546,0.9409205369597643,723,"all","RF#723","RF",723
479,552,24,96,0.9583333333333334,0.952286282306163,0.9583333333333334,0.9583333333333334,0.9019607843137256,0.895742832319722,0.7914628401637859,723,"all","NB#723","NB",723
553,553,23,22,0.9617391304347827,0.9617391304347827,0.9617391304347827,0.9617391304347827,0.9609035621198958,0.9609035621198957,0.9218071832621025,723,"all","MLP#723","MLP",723
548,542,34,27,0.9530434782608695,0.9525483304042179,0.9530434782608695,0.9530434782608695,0.9472774416594643,0.947002606429192,0.8940062529532447,724,"all","DT#724","DT",724
561,561,15,14,0.9756521739130435,0.9756521739130435,0.9756521739130435,0.9756521739130435,0.9748045178105995,0.9748045178105995,0.9496090736577996,724,"all","RF#724","RF",724
495,543,33,80,0.9427083333333334,0.9375,0.9427083333333334,0.9427083333333334,0.9057547956630525,0.9018245004344049,0.803634919748231,724,"all","NB#724","NB",724
557,560,16,18,0.9722222222222222,0.9720767888307156,0.9722222222222222,0.9722222222222222,0.9705372616984402,0.9704604691572546,0.9409207153403242,724,"all","MLP#724","MLP",724
540,552,24,35,0.9583333333333334,0.9574468085106383,0.9583333333333334,0.9583333333333334,0.9492691315563199,0.94874022589053,0.897478671898235,725,"all","DT#725","DT",725
561,553,23,14,0.9756521739130435,0.9753086419753086,0.9756521739130435,0.9756521739130435,0.9680759275237273,0.9678540399652477,0.9357089049212799,725,"all","RF#725","RF",725
531,521,55,44,0.9234782608695652,0.9221238938053097,0.9234782608695652,0.9234782608695652,0.9147286821705426,0.9139878366637706,0.8279784001171477,725,"all","NB#725","NB",725
552,553,23,23,0.9600694444444444,0.9600694444444444,0.9600694444444444,0.9600694444444444,0.9600694444444444,0.9600347523892268,0.9200694444444444,725,"all","MLP#725","MLP",725
548,536,40,27,0.9530434782608695,0.9520426287744227,0.9530434782608695,0.9530434782608695,0.942390369733448,0.9417897480451781,0.8835816929921364,726,"all","DT#726","DT",726
564,556,20,11,0.9808695652173913,0.9805996472663139,0.9808695652173913,0.9808695652173913,0.9732528041415013,0.9730668983492615,0.9461344879070182,726,"all","RF#726","RF",726
548,489,87,27,0.9530434782608695,0.9476744186046512,0.9530434782608695,0.9530434782608695,0.9057851239669422,0.9009556907037359,0.8019291730821485,726,"all","NB#726","NB",726
563,549,27,12,0.9791304347826087,0.9786096256684492,0.9791304347826087,0.9791304347826087,0.9665236051502147,0.9661164205039097,0.9322343244038858,726,"all","MLP#726","MLP",726
527,543,33,48,0.9427083333333334,0.9410714285714286,0.9427083333333334,0.9427083333333334,0.9305912596401028,0.9296264118158123,0.8592495301071128,727,"all","DT#727","DT",727
557,554,22,18,0.9686956521739131,0.9685314685314685,0.9686956521739131,0.9686956521739131,0.9653379549393415,0.9652476107732406,0.9304955887947536,727,"all","RF#727","RF",727
463,556,20,112,0.9652777777777778,0.9585921325051759,0.9652777777777778,0.9652777777777778,0.8938906752411576,0.8853171155516942,0.7706021971650653,727,"all","NB#727","NB",727
548,550,26,27,0.9548611111111112,0.9547038327526133,0.9548611111111112,0.9548611111111112,0.9540329575021683,0.9539530842745438,0.9079059600029589,727,"all","MLP#727","MLP",727
542,540,36,33,0.9426086956521739,0.9424083769633508,0.9426086956521739,0.9426086956521739,0.940156114483955,0.9400521285838401,0.8801047096706991,728,"all","DT#728","DT",728
563,548,28,12,0.9791304347826087,0.9785714285714285,0.9791304347826087,0.9791304347826087,0.9656946826758148,0.9652476107732406,0.9304968479022245,728,"all","RF#728","RF",728
536,528,48,39,0.9321739130434783,0.9312169312169312,0.9321739130434783,0.9321739130434783,0.9249352890422777,0.9244135534317984,0.8488290467067929,728,"all","NB#728","NB",728
552,549,27,23,0.96,0.9597902097902098,0.96,0.96,0.9566724436741767,0.9565595134665508,0.913119485993442,728,"all","MLP#728","MLP",728
552,535,41,23,0.96,0.9587813620071685,0.96,0.96,0.9452054794520548,0.944396177237185,0.8887952923984552,729,"all","DT#729","DT",729
565,552,24,10,0.9826086956521739,0.9822064056939501,0.9826086956521739,0.9826086956521739,0.9707903780068727,0.9704604691572546,0.9409221423460253,729,"all","RF#729","RF",729
537,512,64,38,0.9339130434782609,0.9309090909090909,0.9339130434782609,0.9339130434782609,0.9132653061224489,0.9113814074717637,0.8227696376651882,729,"all","NB#729","NB",729
556,552,24,19,0.9669565217391304,0.9667250437828371,0.9669565217391304,0.9669565217391304,0.9627705627705627,0.9626411815812337,0.9252828707512775,729,"all","MLP#729","MLP",729
547,541,35,28,0.951304347826087,0.9507908611599297,0.951304347826087,0.951304347826087,0.9455488331892826,0.945264986967854,0.8905310481320394,730,"all","DT#730","DT",730
561,551,25,14,0.9756521739130435,0.9752212389380531,0.9756521739130435,0.9756521739130435,0.9664082687338501,0.9661164205039097,0.9322339151976643,730,"all","RF#730","RF",730
517,530,46,58,0.9201388888888888,0.9182948490230906,0.9201388888888888,0.9201388888888888,0.9106529209621993,0.9096437880104257,0.81928416577595,730,"all","NB#730","NB",730
559,548,28,16,0.9721739130434782,0.9716312056737588,0.9721739130434782,0.9721739130434782,0.9621342512908777,0.9617723718505647,0.9235460710252834,730,"all","MLP#730","MLP",730
554,539,37,21,0.9634782608695652,0.9625,0.9634782608695652,0.9634782608695652,0.9502572898799313,0.9496090356211989,0.8992204294582256,731,"all","DT#731","DT",731
567,547,29,8,0.9860869565217392,0.9855855855855856,0.9860869565217392,0.9860869565217392,0.9684030742954739,0.9678540399652477,0.9357100695781083,731,"all","RF#731","RF",731
491,546,30,84,0.9479166666666666,0.9424184261036468,0.9479166666666666,0.9479166666666666,0.9054726368159204,0.9009556907037359,0.8018950820266145,731,"all","NB#731","NB",731
563,540,36,12,0.9791304347826087,0.9782608695652174,0.9791304347826087,0.9791304347826087,0.959114139693356,0.9582971329278888,0.916597224738234,731,"all","MLP#731","MLP",731
547,557,19,28,0.9670138888888888,0.9664310954063604,0.9670138888888888,0.9670138888888888,0.9595176571920758,0.9591659426585578,0.9183307140344601,732,"all","DT#732","DT",732
556,556,20,19,0.9669565217391304,0.9669565217391304,0.9669565217391304,0.9669565217391304,0.9661164205039096,0.9661164205039097,0.932232892160489,732,"all","RF#732","RF",732
523,539,37,52,0.9357638888888888,0.9339285714285714,0.9357638888888888,0.9357638888888888,0.9237360754070266,0.9226759339704604,0.8453482491300376,732,"all","NB#732","NB",732
556,551,25,19,0.9669565217391304,0.9666666666666667,0.9669565217391304,0.9669565217391304,0.9619377162629758,0.9617723718505647,0.9235453785140836,732,"all","MLP#732","MLP",732
547,549,27,28,0.953125,0.9529616724738676,0.953125,0.953125,0.9522983521248916,0.952215464813206,0.9044307132106179,733,"all","DT#733","DT",733
560,553,23,15,0.9739130434782609,0.9735915492957746,0.9739130434782609,0.9739130434782609,0.9671848013816926,0.9669852302345786,0.9339712080771971,733,"all","RF#733","RF",733
498,550,26,77,0.9548611111111112,0.950381679389313,0.9548611111111112,0.9548611111111112,0.914380714879468,0.9105125977410947,0.8210112795520187,733,"all","NB#733","NB",733
545,548,28,30,0.9513888888888888,0.9511343804537522,0.9513888888888888,0.9513888888888888,0.9497400346620452,0.9496090356211989,0.8992176908746704,733,"all","MLP#733","MLP",733
551,549,27,24,0.9582608695652174,0.9581151832460733,0.9582608695652174,0.9582608695652174,0.9557675628794449,0.9556907037358818,0.9113817419305167,734,"all","DT#734","DT",734
561,556,20,14,0.9756521739130435,0.9754385964912281,0.9756521739130435,0.9756521739130435,0.9705882352941178,0.9704604691572546,0.9409214288517919,734,"all","RF#734","RF",734
552,483,93,23,0.96,0.9545454545454546,0.96,0.96,0.9049180327868851,0.8992180712423979,0.7984572886319381,734,"all","NB#734","NB",734
560,550,26,15,0.9739130434782609,0.9734513274336283,0.9739130434782609,0.9739130434782609,0.9646856158484065,0.9643788010425717,0.9287587313616471,734,"all","MLP#734","MLP",734
549,546,30,26,0.9547826086956521,0.9545454545454546,0.9547826086956521,0.9547826086956521,0.951473136915078,0.9513466550825369,0.9026938243126551,735,"all","DT#735","DT",735
560,553,23,15,0.9739130434782609,0.9735915492957746,0.9739130434782609,0.9739130434782609,0.9671848013816926,0.9669852302345786,0.9339712080771971,735,"all","RF#735","RF",735
486,547,29,89,0.9496527777777778,0.9436893203883495,0.9496527777777778,0.9496527777777778,0.9026402640264026,0.89748045178106,0.7949421747138932,735,"all","NB#735","NB",735
554,542,34,21,0.9634782608695652,0.9626998223801065,0.9634782608695652,0.9634782608695652,0.9527085124677559,0.952215464813206,0.9044327330532463,735,"all","MLP#735","MLP",735
546,543,33,29,0.9495652173913044,0.9493006993006993,0.9495652173913044,0.9495652173913044,0.9462738301559791,0.946133796698523,0.8922681626318683,736,"all","DT#736","DT",736
560,547,29,15,0.9739130434782609,0.9733096085409253,0.9739130434782609,0.9739130434782609,0.9621993127147765,0.9617723718505647,0.9235463018595622,736,"all","RF#736","RF",736
531,532,44,44,0.9236111111111112,0.9236111111111112,0.9236111111111112,0.9236111111111112,0.9236111111111112,0.9235447437011295,0.8470893719806764,736,"all","NB#736","NB",736
551,553,23,24,0.9600694444444444,0.9599303135888502,0.9600694444444444,0.9600694444444444,0.9592367736339982,0.9591659426585578,0.9183317003799826,736,"all","MLP#736","MLP",736
544,546,30,31,0.9479166666666666,0.9477351916376306,0.9479166666666666,0.9479166666666666,0.9470945359930616,0.947002606429192,0.8940049728335943,737,"all","DT#737","DT",737
561,553,23,14,0.9756521739130435,0.9753086419753086,0.9756521739130435,0.9756521739130435,0.9680759275237273,0.9678540399652477,0.9357089049212799,737,"all","RF#737","RF",737
525,531,45,50,0.921875,0.9210526315789473,0.921875,0.921875,0.9178910976663786,0.9174630755864466,0.834924780531254,737,"all","NB#737","NB",737
548,547,29,27,0.9530434782608695,0.9529616724738676,0.9530434782608695,0.9530434782608695,0.9513888888888888,0.9513466550825369,0.9026935305147025,737,"all","MLP#737","MLP",737
535,543,33,40,0.9427083333333334,0.9419014084507042,0.9427083333333334,0.9427083333333334,0.9370146678170836,0.9365768896611643,0.8731523430954132,738,"all","DT#738","DT",738
557,556,20,18,0.9686956521739131,0.9686411149825784,0.9686956521739131,0.9686956521739131,0.967013888888889,0.9669852302345786,0.9339706099921196,738,"all","RF#738","RF",738
507,542,34,68,0.9409722222222222,0.9371534195933456,0.9409722222222222,0.9409722222222222,0.9139966273187183,0.9113814074717637,0.8227535833662959,738,"all","NB#738","NB",738
546,555,21,29,0.9635416666666666,0.9629629629629629,0.9635416666666666,0.9635416666666666,0.9568965517241379,0.9565595134665508,0.9131179120520778,738,"all","MLP#738","MLP",738
551,543,33,24,0.9582608695652174,0.9576719576719577,0.9582608695652174,0.9582608695652174,0.9508196721311475,0.950477845351868,0.9009569616354851,739,"all","DT#739","DT",739
564,554,22,11,0.9808695652173913,0.9805309734513274,0.9808695652173913,0.9808695652173913,0.9715762273901808,0.9713292788879235,0.9426594667057159,739,"all","RF#739","RF",739
519,537,39,56,0.9322916666666666,0.9301075268817204,0.9322916666666666,0.9322916666666666,0.9187339606501282,0.9174630755864466,0.834921789961397,739,"all","NB#739","NB",739
559,547,29,16,0.9721739130434782,0.9715808170515098,0.9721739130434782,0.9721739130434782,0.9613069647463456,0.9609035621198957,0.9218085997708377,739,"all","MLP#739","MLP",739
543,544,32,32,0.9444444444444444,0.9444444444444444,0.9444444444444444,0.9444444444444444,0.9444444444444444,0.944396177237185,0.888792270531401,740,"all","DT#740","DT",740
554,550,26,21,0.9634782608695652,0.9632224168126094,0.9634782608695652,0.9634782608695652,0.9593073593073593,0.9591659426585578,0.9183324401234895,740,"all","RF#740","RF",740
495,543,33,80,0.9427083333333334,0.9375,0.9427083333333334,0.9427083333333334,0.9057547956630525,0.9018245004344049,0.803634919748231,740,"all","NB#740","NB",740
553,550,26,22,0.9617391304347827,0.9615384615384616,0.9617391304347827,0.9617391304347827,0.9584055459272097,0.9582971329278888,0.9165947065537043,740,"all","MLP#740","MLP",740
545,554,22,30,0.9618055555555556,0.9611992945326279,0.9618055555555556,0.9618055555555556,0.9551724137931035,0.9548218940052129,0.9096426285341611,741,"all","DT#741","DT",741
561,561,15,14,0.9756521739130435,0.9756521739130435,0.9756521739130435,0.9756521739130435,0.9748045178105995,0.9748045178105995,0.9496090736577996,741,"all","RF#741","RF",741
480,544,32,95,0.9444444444444444,0.9375,0.9444444444444444,0.9444444444444444,0.8954732510288065,0.889661164205039,0.7793011714580341,741,"all","NB#741","NB",741
544,550,26,31,0.9548611111111112,0.9543859649122807,0.9548611111111112,0.9548611111111112,0.9507346585998272,0.950477845351868,0.9009548683187525,741,"all","MLP#741","MLP",741
540,553,23,35,0.9600694444444444,0.9591474245115453,0.9600694444444444,0.9600694444444444,0.950171821305842,0.9496090356211989,0.899216169375049,742,"all","DT#742","DT",742
555,558,18,20,0.96875,0.9685863874345549,0.96875,0.96875,0.9670710571923744,0.9669852302345786,0.9339702112627152,742,"all","RF#742","RF",742
492,555,21,83,0.9635416666666666,0.9590643274853801,0.9635416666666666,0.9635416666666666,0.914332784184514,0.9096437880104257,0.8192705235091448,742,"all","NB#742","NB",742
551,558,18,24,0.96875,0.968365553602812,0.96875,0.96875,0.9637305699481865,0.9635099913119027,0.9270192664788631,742,"all","MLP#742","MLP",742
537,549,27,38,0.953125,0.9521276595744681,0.953125,0.953125,0.9441100601891659,0.9435273675065161,0.8870527741251742,743,"all","DT#743","DT",743
560,562,14,15,0.9756944444444444,0.975609756097561,0.9756944444444444,0.9756944444444444,0.9748482220294883,0.9748045178105995,0.949608921511053,743,"all","RF#743","RF",743
486,549,27,89,0.953125,0.9473684210526315,0.953125,0.953125,0.9044481054365733,0.8992180712423979,0.7984171223755847,743,"all","NB#743","NB",743
559,556,20,16,0.9721739130434782,0.972027972027972,0.9721739130434782,0.9721739130434782,0.9688041594454073,0.9687228496959166,0.9374460299152783,743,"all","MLP#743","MLP",743
545,545,31,30,0.9478260869565217,0.9478260869565217,0.9478260869565217,0.9478260869565217,0.9470026064291919,0.947002606429192,0.8940052928664057,744,"all","DT#744","DT",744
562,552,24,13,0.9773913043478261,0.9769911504424779,0.9773913043478261,0.9773913043478261,0.9681309216192937,0.9678540399652477,0.9357090990336816,744,"all","RF#744","RF",744
540,537,39,35,0.9391304347826087,0.9388111888111889,0.9391304347826087,0.9391304347826087,0.9358752166377816,0.9357080799304952,0.8714168392702942,744,"all","NB#744","NB",744
557,551,25,18,0.9686956521739131,0.968365553602812,0.9686956521739131,0.9686956521739131,0.9628349178910978,0.9626411815812337,0.9252830963440904,744,"all","MLP#744","MLP",744
532,552,24,43,0.9583333333333334,0.9568345323741008,0.9583333333333334,0.9583333333333334,0.9427839453458583,0.9417897480451781,0.8835760687580109,745,"all","DT#745","DT",745
555,554,22,20,0.9652173913043478,0.9651567944250871,0.9652173913043478,0.9652173913043478,0.9635416666666666,0.9635099913119027,0.927020147886027,745,"all","RF#745","RF",745
499,542,34,76,0.9409722222222222,0.9362101313320825,0.9409722222222222,0.9409722222222222,0.9078726968174204,0.9044309296264118,0.8088495949320458,745,"all","NB#745","NB",745
557,549,27,18,0.9686956521739131,0.9682539682539683,0.9686956521739131,0.9686956521739131,0.9611734253666955,0.9609035621198957,0.9218081276069617,745,"all","MLP#745","MLP",745
546,542,34,29,0.9495652173913044,0.9492119089316988,0.9495652173913044,0.9495652173913044,0.9454545454545455,0.945264986967854,0.8905307176123368,746,"all","DT#746","DT",746
557,556,20,18,0.9686956521739131,0.9686411149825784,0.9686956521739131,0.9686956521739131,0.967013888888889,0.9669852302345786,0.9339706099921196,746,"all","RF#746","RF",746
526,531,45,49,0.921875,0.9211908931698775,0.921875,0.921875,0.9186851211072664,0.9183318853171155,0.836662661006407,746,"all","NB#746","NB",746
553,560,16,22,0.9722222222222222,0.9718804920913884,0.9722222222222222,0.9722222222222222,0.9671848013816926,0.9669852302345786,0.9339698125284951,746,"all","MLP#746","MLP",746
545,556,20,30,0.9652777777777778,0.9646017699115044,0.9652777777777778,0.9652777777777778,0.9569707401032702,0.9565595134665508,0.9131176497229728,747,"all","DT#747","DT",747
555,566,10,20,0.9826388888888888,0.9823008849557522,0.9826388888888888,0.9826388888888888,0.9741824440619622,0.9739357080799305,0.9478705898337837,747,"all","RF#747","RF",747
498,554,22,77,0.9618055555555556,0.9576923076923077,0.9618055555555556,0.9618055555555556,0.9179784589892295,0.9139878366637706,0.8279612588605635,747,"all","NB#747","NB",747
558,555,21,17,0.9704347826086956,0.9702797202797203,0.9704347826086956,0.9704347826086956,0.9670710571923744,0.9669852302345786,0.933970809355016,747,"all","MLP#747","MLP",747
554,551,25,21,0.9634782608695652,0.9632867132867133,0.9634782608695652,0.9634782608695652,0.9601386481802425,0.9600347523892268,0.9200699271139667,748,"all","DT#748","DT",748
562,558,18,13,0.9773913043478261,0.9772329246935202,0.9773913043478261,0.9773913043478261,0.9731601731601732,0.9730668983492615,0.946134162634642,748,"all","RF#748","RF",748
534,532,44,41,0.928695652173913,0.9284467713787086,0.928695652173913,0.928695652173913,0.9262792714657416,0.9261511728931364,0.8523029032175279,748,"all","NB#748","NB",748
544,554,22,31,0.9618055555555556,0.9611307420494699,0.9618055555555556,0.9618055555555556,0.954349698535745,0.9539530842745438,0.9079048477409868,748,"all","MLP#748","MLP",748
551,542,34,24,0.9582608695652174,0.9575971731448764,0.9582608695652174,0.9582608695652174,0.95,0.9496090356211989,0.8992195166135776,749,"all","DT#749","DT",749
558,555,21,17,0.9704347826086956,0.9702797202797203,0.9704347826086956,0.9704347826086956,0.9670710571923744,0.9669852302345786,0.933970809355016,749,"all","RF#749","RF",749
511,548,28,64,0.9513888888888888,0.948051948051948,0.9513888888888888,0.9513888888888888,0.9225589225589226,0.9200695047784535,0.8401302003128189,749,"all","NB#749","NB",749
554,550,26,21,0.9634782608695652,0.9632224168126094,0.9634782608695652,0.9634782608695652,0.9593073593073593,0.9591659426585578,0.9183324401234895,749,"all","MLP#749","MLP",749
559,553,23,16,0.9721739130434782,0.9718804920913884,0.9721739130434782,0.9721739130434782,0.9662921348314606,0.9661164205039097,0.9322335059865007,750,"all","DT#750","DT",750
566,562,14,9,0.9843478260869565,0.9842381786339754,0.9843478260869565,0.9843478260869565,0.98008658008658,0.9800173761946134,0.9600350238902182,750,"all","RF#750","RF",750
503,551,25,72,0.9565972222222222,0.9526515151515151,0.9565972222222222,0.9565972222222222,0.9190992493744787,0.9157254561251086,0.831438824916623,750,"all","NB#750","NB",750
558,558,18,17,0.9704347826086956,0.9704347826086956,0.9704347826086956,0.9704347826086956,0.9695916594265855,0.9695916594265855,0.9391833647594131,750,"all","MLP#750","MLP",750
541,554,22,34,0.9618055555555556,0.9609236234458259,0.9618055555555556,0.9618055555555556,0.9518900343642612,0.9513466550825369,0.9026914738793577,751,"all","DT#751","DT",751
556,563,13,19,0.9774305555555556,0.9771528998242531,0.9774305555555556,0.9774305555555556,0.9723661485319517,0.9721980886185926,0.9443956316029434,751,"all","RF#751","RF",751
511,549,27,64,0.953125,0.949814126394052,0.953125,0.953125,0.9234650967199328,0.9209383145091226,0.8418676767875019,751,"all","NB#751","NB",751
554,560,16,21,0.9722222222222222,0.9719298245614035,0.9722222222222222,0.9722222222222222,0.9680207433016421,0.9678540399652477,0.9357075461016464,751,"all","MLP#751","MLP",751
551,554,22,24,0.9618055555555556,0.9616055846422339,0.9618055555555556,0.9618055555555556,0.9601386481802427,0.9600347523892268,0.9200692031074973,752,"all","DT#752","DT",752
557,561,15,18,0.9739583333333334,0.9737762237762237,0.9739583333333334,0.9739583333333334,0.9714285714285714,0.9713292788879235,0.9426582547928206,752,"all","RF#752","RF",752
526,528,48,49,0.9166666666666666,0.9163763066202091,0.9166666666666666,0.9166666666666666,0.9158716392020815,0.9157254561251086,0.8314505305714531,752,"all","NB#752","NB",752
559,556,20,16,0.9721739130434782,0.972027972027972,0.9721739130434782,0.9721739130434782,0.9688041594454073,0.9687228496959166,0.9374460299152783,752,"all","MLP#752","MLP",752
540,554,22,35,0.9618055555555556,0.9608540925266904,0.9618055555555556,0.9618055555555556,0.9510729613733906,0.950477845351868,0.9009536720980333,753,"all","DT#753","DT",753
552,555,21,23,0.9635416666666666,0.9633507853403142,0.9635416666666666,0.9635416666666666,0.9618717504332754,0.9617723718505647,0.9235444551463018,753,"all","RF#753","RF",753
516,544,32,59,0.9444444444444444,0.9416058394160584,0.9444444444444444,0.9444444444444444,0.922815945716709,0.9209383145091226,0.8418700641481462,753,"all","NB#753","NB",753
555,556,20,20,0.9652777777777778,0.9652777777777778,0.9652777777777778,0.9652777777777778,0.9652777777777778,0.9652476107732406,0.9304951690821255,753,"all","MLP#753","MLP",753
533,556,20,42,0.9652777777777778,0.9638336347197106,0.9652777777777778,0.9652777777777778,0.9471890971039183,0.946133796698523,0.8922639338866931,754,"all","DT#754","DT",754
558,566,10,17,0.9826388888888888,0.9823943661971831,0.9826388888888888,0.9826388888888888,0.9767040552200172,0.9765421372719374,0.9530837433366596,754,"all","RF#754","RF",754
504,553,23,71,0.9600694444444444,0.9563567362428842,0.9600694444444444,0.9600694444444444,0.9216666666666666,0.9183318853171155,0.8366518105176702,754,"all","NB#754","NB",754
552,563,13,23,0.9774305555555556,0.9769911504424779,0.9774305555555556,0.9774305555555556,0.9690189328743546,0.9687228496959166,0.9374447078005405,754,"all","MLP#754","MLP",754
543,541,35,32,0.9443478260869566,0.944153577661431,0.9443478260869566,0.9443478260869566,0.9418907198612315,0.9417897480451781,0.8835799354773455,755,"all","DT#755","DT",755
561,552,24,14,0.9756521739130435,0.9752650176678446,0.9756521739130435,0.9756521739130435,0.9672413793103449,0.9669852302345786,0.9339714074364819,755,"all","RF#755","RF",755
515,538,38,60,0.9340277777777778,0.9312839059674503,0.9340277777777778,0.9340277777777778,0.9165247018739352,0.9148566463944396,0.8297075084015472,755,"all","NB#755","NB",755
554,552,24,21,0.9634782608695652,0.9633507853403142,0.9634782608695652,0.9634782608695652,0.960971379011275,0.9609035621198957,0.9218074193504558,755,"all","MLP#755","MLP",755
551,544,32,24,0.9582608695652174,0.9577464788732394,0.9582608695652174,0.9582608695652174,0.9516407599309155,0.9513466550825369,0.9026944119032378,756,"all","DT#756","DT",756
560,560,16,15,0.9739130434782609,0.9739130434782609,0.9739130434782609,0.9739130434782609,0.9730668983492615,0.9730668983492615,0.9461338373583374,756,"all","RF#756","RF",756
520,546,30,55,0.9479166666666666,0.9454545454545454,0.9479166666666666,0.9479166666666666,0.9277824978759558,0.9261511728931364,0.8522966597471221,756,"all","NB#756","NB",756
551,547,29,24,0.9582608695652174,0.957968476357268,0.9582608695652174,0.9582608695652174,0.9541125541125541,0.9539530842745438,0.9079067941818071,756,"all","MLP#756","MLP",756
538,548,28,37,0.9513888888888888,0.950530035335689,0.9513888888888888,0.9513888888888888,0.9440137812230835,0.9435273675065161,0.8870531151540405,757,"all","DT#757","DT",757
559,551,25,16,0.9721739130434782,0.9717813051146384,0.9721739130434782,0.9721739130434782,0.9646246764452113,0.9643788010425717,0.9287585162641208,757,"all","RF#757","RF",757
515,528,48,60,0.9166666666666666,0.9147424511545293,0.9166666666666666,0.9166666666666666,0.9072164948453607,0.9061685490877498,0.8123335567673328,757,"all","NB#757","NB",757
553,547,29,22,0.9617391304347827,0.961335676625659,0.9617391304347827,0.9617391304347827,0.9559204840103717,0.9556907037358818,0.9113822770592701,757,"all","MLP#757","MLP",757
553,539,37,22,0.9617391304347827,0.9607843137254902,0.9617391304347827,0.9617391304347827,0.9493562231759657,0.94874022589053,0.8974826958930578,758,"all","DT#758","DT",758
565,558,18,10,0.9826086956521739,0.9823943661971831,0.9826086956521739,0.9826086956521739,0.9758203799654578,0.9756733275412685,0.9513472059516189,758,"all","RF#758","RF",758
513,544,32,62,0.9444444444444444,0.9412844036697248,0.9444444444444444,0.9444444444444444,0.9204737732656514,0.9183318853171155,0.8366562495282093,758,"all","NB#758","NB",758
553,554,22,22,0.9618055555555556,0.9618055555555556,0.9618055555555556,0.9618055555555556,0.9618055555555556,0.9617723718505647,0.9235446859903382,758,"all","MLP#758","MLP",758
550,546,30,25,0.9565217391304348,0.9562171628721541,0.9565217391304348,0.9565217391304348,0.9523809523809523,0.952215464813206,0.9044315788679133,759,"all","DT#759","DT",759
560,554,22,15,0.9739130434782609,0.9736379613356766,0.9739130434782609,0.9739130434782609,0.9680207433016422,0.9678540399652477,0.9357087108077058,759,"all","RF#759","RF",759
517,544,32,58,0.9444444444444444,0.941712204007286,0.9444444444444444,0.9444444444444444,0.9235993208828523,0.9218071242397915,0.8436079918595839,759,"all","NB#759","NB",759
541,554,22,34,0.9618055555555556,0.9609236234458259,0.9618055555555556,0.9618055555555556,0.9518900343642612,0.9513466550825369,0.9026914738793577,759,"all","MLP#759","MLP",759
546,553,23,29,0.9600694444444444,0.9595782073813708,0.9600694444444444,0.9600694444444444,0.9550949913644214,0.9548218940052129,0.9096429013547829,760,"all","DT#760","DT",760
557,560,16,18,0.9722222222222222,0.9720767888307156,0.9722222222222222,0.9722222222222222,0.9705372616984402,0.9704604691572546,0.9409207153403242,760,"all","RF#760","RF",760
512,549,27,63,0.953125,0.9499072356215214,0.953125,0.953125,0.9242424242424244,0.9218071242397915,0.8436056307408012,760,"all","NB#760","NB",760
561,555,21,14,0.9756521739130435,0.9753954305799648,0.9756521739130435,0.9756521739130435,0.9697493517718238,0.9695916594265855,0.9391839156289108,760,"all","MLP#760","MLP",760
542,544,32,33,0.9444444444444444,0.9442508710801394,0.9444444444444444,0.9444444444444444,0.9436253252385083,0.9435273675065161,0.887054479248912,761,"all","DT#761","DT",761
550,552,24,25,0.9583333333333334,0.9581881533101045,0.9583333333333334,0.9583333333333334,0.9575021682567216,0.9574283231972198,0.9148564535876413,761,"all","RF#761","RF",761
488,547,29,87,0.9496527777777778,0.9439071566731141,0.9496527777777778,0.9496527777777778,0.9041322314049587,0.8992180712423979,0.7984183397700886,761,"all","NB#761","NB",761
539,556,20,36,0.9652777777777778,0.964221824686941,0.9652777777777778,0.9652777777777778,0.952054794520548,0.9513466550825369,0.9026908862532911,761,"all","MLP#761","MLP",761
552,536,40,23,0.96,0.9588550983899821,0.96,0.96,0.9460154241645243,0.945264986967854,0.890532700700616,762,"all","DT#762","DT",762
562,557,19,13,0.9773913043478261,0.9771929824561404,0.9773913043478261,0.9773913043478261,0.972318339100346,0.9721980886185926,0.9443966389193336,762,"all","RF#762","RF",762
530,527,49,45,0.9217391304347826,0.9213286713286714,0.9217391304347826,0.9217391304347826,0.9185441941074524,0.9183318853171155,0.836664633667671,762,"all","NB#762","NB",762
559,551,25,16,0.9721739130434782,0.9717813051146384,0.9721739130434782,0.9721739130434782,0.9646246764452113,0.9643788010425717,0.9287585162641208,762,"all","MLP#762","MLP",762
543,531,45,32,0.9443478260869566,0.9431616341030196,0.9443478260869566,0.9443478260869566,0.9337919174548581,0.9331016507384883,0.8662058262745448,763,"all","DT#763","DT",763
554,552,24,21,0.9634782608695652,0.9633507853403142,0.9634782608695652,0.9634782608695652,0.960971379011275,0.9609035621198957,0.9218074193504558,763,"all","RF#763","RF",763
493,537,39,82,0.9322916666666666,0.9266917293233082,0.9322916666666666,0.9322916666666666,0.8987447698744769,0.894874022589053,0.7897342369749244,763,"all","NB#763","NB",763
550,545,31,25,0.9565217391304348,0.956140350877193,0.9565217391304348,0.9565217391304348,0.9515570934256056,0.9513466550825369,0.9026941181088335,763,"all","MLP#763","MLP",763
539,536,40,36,0.9373913043478261,0.9370629370629371,0.9373913043478261,0.9373913043478261,0.9341421143847486,0.9339704604691572,0.8679416187100318,764,"all","DT#764","DT",764
563,555,21,12,0.9791304347826087,0.9788359788359788,0.9791304347826087,0.9791304347826087,0.9715271786022434,0.9713292788879235,0.9426592935784387,764,"all","RF#764","RF",764
525,534,42,50,0.9270833333333334,0.9259259259259259,0.9270833333333334,0.9270833333333334,0.9206896551724139,0.9200695047784535,0.8401369581758233,764,"all","NB#764","NB",764
568,551,25,7,0.9878260869565217,0.9874551971326165,0.9878260869565217,0.9878260869565217,0.9726027397260274,0.9721980886185926,0.9443976461992277,764,"all","MLP#764","MLP",764
550,550,26,25,0.9565217391304348,0.9565217391304348,0.9565217391304348,0.9565217391304348,0.9556907037358819,0.9556907037358818,0.9113814743637163,765,"all","DT#765","DT",765
560,556,20,15,0.9739130434782609,0.9737302977232924,0.9739130434782609,0.9739130434782609,0.9696969696969697,0.9695916594265855,0.9391837320068538,765,"all","RF#765","RF",765
537,537,39,38,0.9339130434782609,0.9339130434782609,0.9339130434782609,0.9339130434782609,0.9331016507384883,0.9331016507384883,0.8662034024707089,765,"all","NB#765","NB",765
562,547,29,13,0.9773913043478261,0.9767857142857143,0.9773913043478261,0.9773913043478261,0.9639794168096054,0.9635099913119027,0.9270216902973359,765,"all","MLP#765","MLP",765
547,551,25,28,0.9565972222222222,0.9562937062937062,0.9565972222222222,0.9565972222222222,0.954112554112554,0.9539530842745438,0.9079056819399846,766,"all","DT#766","DT",766
554,555,21,21,0.9635416666666666,0.9635416666666666,0.9635416666666666,0.9635416666666666,0.9635416666666666,0.9635099913119027,0.927019927536232,766,"all","RF#766","RF",766
514,533,43,61,0.9253472222222222,0.9228007181328546,0.9253472222222222,0.9253472222222222,0.9111111111111111,0.9096437880104257,0.8192825288126789,766,"all","NB#766","NB",766
554,552,24,21,0.9634782608695652,0.9633507853403142,0.9634782608695652,0.9634782608695652,0.960971379011275,0.9609035621198957,0.9218074193504558,766,"all","MLP#766","MLP",766
534,546,30,41,0.9479166666666666,0.9468085106382979,0.9479166666666666,0.9479166666666666,0.938950988822012,0.9383145091225021,0.8766268763521132,767,"all","DT#767","DT",767
550,551,25,25,0.9565972222222222,0.9565972222222222,0.9565972222222222,0.9565972222222222,0.9565972222222222,0.9565595134665508,0.9131189613526569,767,"all","RF#767","RF",767
482,554,22,93,0.9618055555555556,0.9563492063492064,0.9618055555555556,0.9618055555555556,0.9059689288634506,0.9000868809730669,0.8001521902257035,767,"all","NB#767","NB",767
542,552,24,33,0.9583333333333334,0.9575971731448764,0.9583333333333334,0.9583333333333334,0.9509043927648579,0.950477845351868,0.9009542702120047,767,"all","MLP#767","MLP",767
543,547,29,32,0.9496527777777778,0.9493006993006993,0.9496527777777778,0.9496527777777778,0.9471861471861472,0.947002606429192,0.8940046527988502,768,"all","DT#768","DT",768
554,559,17,21,0.9704861111111112,0.9702276707530648,0.9704861111111112,0.9704861111111112,0.9671280276816608,0.9669852302345786,0.9339700118962071,768,"all","RF#768","RF",768
516,546,30,59,0.9479166666666666,0.945054945054945,0.9479166666666666,0.9479166666666666,0.9246401354784081,0.9226759339704604,0.8453449803810855,768,"all","NB#768","NB",768
555,549,27,20,0.9652173913043478,0.9648506151142355,0.9652173913043478,0.9652173913043478,0.9593777009507347,0.9591659426585578,0.9183326867016803,768,"all","MLP#768","MLP",768
549,552,24,26,0.9583333333333334,0.9581151832460733,0.9583333333333334,0.9583333333333334,0.9566724436741767,0.9565595134665508,0.9131186990298883,769,"all","DT#769","DT",769
559,561,15,16,0.9739583333333334,0.9738675958188153,0.9739583333333334,0.9739583333333334,0.9731136166522117,0.9730668983492615,0.9461336747187119,769,"all","RF#769","RF",769
475,553,23,100,0.9600694444444444,0.9538152610441767,0.9600694444444444,0.9600694444444444,0.8999186330349879,0.893136403127715,0.7862477975247727,769,"all","NB#769","NB",769
557,551,25,18,0.9686956521739131,0.968365553602812,0.9686956521739131,0.9686956521739131,0.9628349178910978,0.9626411815812337,0.9252830963440904,769,"all","MLP#769","MLP",769
542,546,30,33,0.9479166666666666,0.9475524475524476,0.9479166666666666,0.9479166666666666,0.9454545454545454,0.945264986967854,0.8905293955135666,770,"all","DT#770","DT",770
556,547,29,19,0.9669565217391304,0.9664310954063604,0.9669565217391304,0.9669565217391304,0.9586206896551723,0.9582971329278888,0.9165954620250297,770,"all","RF#770","RF",770
523,537,39,52,0.9322916666666666,0.9306049822064056,0.9322916666666666,0.9322916666666666,0.9218884120171674,0.9209383145091226,0.8418734063319481,770,"all","NB#770","NB",770
556,546,30,19,0.9669565217391304,0.9663716814159292,0.9669565217391304,0.9669565217391304,0.9577950043066322,0.9574283231972198,0.9148579960175782,770,"all","MLP#770","MLP",770
552,540,36,23,0.96,0.9591474245115453,0.96,0.96,0.9492691315563199,0.94874022589053,0.8974823863662096,771,"all","DT#771","DT",771
566,554,22,9,0.9843478260869565,0.9840142095914742,0.9843478260869565,0.9843478260869565,0.9733447979363714,0.9730668983492615,0.9461348131754661,771,"all","RF#771","RF",771
526,544,32,49,0.9444444444444444,0.942652329749104,0.9444444444444444,0.9444444444444444,0.9307100085543198,0.9296264118158123,0.8592491051249804,771,"all","NB#771","NB",771
558,551,25,17,0.9704347826086956,0.9700704225352113,0.9704347826086956,0.9704347826086956,0.9637305699481865,0.9635099913119027,0.9270208089274286,771,"all","MLP#771","MLP",771
542,553,23,33,0.9600694444444444,0.95929203539823,0.9600694444444444,0.9600694444444444,0.9518072289156626,0.9513466550825369,0.9026917676897296,772,"all","DT#772","DT",772
556,555,21,19,0.9669565217391304,0.9668989547038328,0.9669565217391304,0.9669565217391304,0.9652777777777777,0.9652476107732406,0.9304953789390732,772,"all","RF#772","RF",772
475,554,22,100,0.9618055555555556,0.9557344064386318,0.9618055555555556,0.9618055555555556,0.9008130081300812,0.894005212858384,0.7879853002014126,772,"all","NB#772","NB",772
548,557,19,27,0.9670138888888888,0.9664902998236331,0.9670138888888888,0.9670138888888888,0.9603448275862069,0.9600347523892268,0.9200684790879117,772,"all","MLP#772","MLP",772
545,541,35,30,0.9478260869565217,0.9474605954465849,0.9478260869565217,0.9478260869565217,0.9437229437229439,0.9435273675065161,0.8870555022984429,773,"all","DT#773","DT",773
565,553,23,10,0.9826086956521739,0.9822380106571936,0.9826086956521739,0.9826086956521739,0.9716251074806534,0.9713292788879235,0.9426596398319477,773,"all","RF#773","RF",773
542,503,73,33,0.9426086956521739,0.9384328358208955,0.9426086956521739,0.9426086956521739,0.910924369747899,0.9079061685490878,0.8158233198478354,773,"all","NB#773","NB",773
562,546,30,13,0.9773913043478261,0.9767441860465116,0.9773913043478261,0.9773913043478261,0.963153384747215,0.9626411815812337,0.9252842242877221,773,"all","MLP#773","MLP",773
555,547,29,20,0.9652173913043478,0.9647266313932981,0.9652173913043478,0.9652173913043478,0.9577221742881795,0.9574283231972198,0.9148577389498029,774,"all","DT#774","DT",774
562,551,25,13,0.9773913043478261,0.9769503546099291,0.9773913043478261,0.9773913043478261,0.9672977624784854,0.9669852302345786,0.9339716067945628,774,"all","RF#774","RF",774
531,536,40,44,0.9305555555555556,0.9299474605954466,0.9305555555555556,0.9305555555555556,0.9273356401384083,0.9270199826238054,0.8540389736652999,774,"all","NB#774","NB",774
552,554,22,23,0.9618055555555556,0.9616724738675958,0.9618055555555556,0.9618055555555556,0.9609713790112748,0.9609035621198957,0.9218069471723236,774,"all","MLP#774","MLP",774
540,543,33,35,0.9427083333333334,0.9424083769633508,0.9427083333333334,0.9427083333333334,0.9410745233968805,0.9409209383145091,0.8818414306806481,775,"all","DT#775","DT",775
558,554,22,17,0.9704347826086956,0.9702276707530648,0.9704347826086956,0.9704347826086956,0.9662337662337662,0.9661164205039097,0.9322333013790657,775,"all","RF#775","RF",775
509,540,36,66,0.9375,0.9339449541284404,0.9375,0.9375,0.9137055837563451,0.9113814074717637,0.822754653743376,775,"all","NB#775","NB",775
553,553,23,22,0.9617391304347827,0.9617391304347827,0.9617391304347827,0.9617391304347827,0.9609035621198958,0.9609035621198957,0.9218071832621025,775,"all","MLP#775","MLP",775
547,541,35,28,0.951304347826087,0.9507908611599297,0.951304347826087,0.951304347826087,0.9455488331892826,0.945264986967854,0.8905310481320394,776,"all","DT#776","DT",776
553,547,29,22,0.9617391304347827,0.961335676625659,0.9617391304347827,0.9617391304347827,0.9559204840103717,0.9556907037358818,0.9113822770592701,776,"all","RF#776","RF",776
529,522,54,46,0.92,0.9190140845070423,0.92,0.92,0.913644214162349,0.9131190269331017,0.826240021255782,776,"all","NB#776","NB",776
555,544,32,20,0.9652173913043478,0.9645390070921985,0.9652173913043478,0.9652173913043478,0.9552495697074009,0.9548218940052129,0.909645356666244,776,"all","MLP#776","MLP",776
547,546,30,28,0.951304347826087,0.9512195121951219,0.951304347826087,0.951304347826087,0.9496527777777778,0.9496090356211989,0.8992182994616561,777,"all","DT#777","DT",777
557,561,15,18,0.9739583333333334,0.9737762237762237,0.9739583333333334,0.9739583333333334,0.9714285714285714,0.9713292788879235,0.9426582547928206,777,"all","RF#777","RF",777
485,545,31,90,0.9461805555555556,0.939922480620155,0.9461805555555556,0.9461805555555556,0.9000825763831545,0.894874022589053,0.7897291576393429,777,"all","NB#777","NB",777
549,551,25,26,0.9565972222222222,0.9564459930313589,0.9565972222222222,0.9565972222222222,0.9557675628794449,0.9556907037358818,0.9113812067953001,777,"all","MLP#777","MLP",777
543,542,34,32,0.9443478260869566,0.9442508710801394,0.9443478260869566,0.9443478260869566,0.9427083333333333,0.9426585577758471,0.8853173752494709,778,"all","DT#778","DT",778
562,560,16,13,0.9773913043478261,0.9773123909249564,0.9773913043478261,0.9773913043478261,0.9748482220294883,0.9748045178105995,0.9496092258036273,778,"all","RF#778","RF",778
512,547,29,63,0.9496527777777778,0.9463955637707948,0.9496527777777778,0.9496527777777778,0.9224283305227656,0.9200695047784535,0.8401306830362669,778,"all","NB#778","NB",778
545,555,21,30,0.9635416666666666,0.9628975265017667,0.9635416666666666,0.9635416666666666,0.9560723514211885,0.9556907037358818,0.9113801365054779,778,"all","MLP#778","MLP",778
554,537,39,21,0.9634782608695652,0.9623655913978495,0.9634782608695652,0.9634782608695652,0.9486301369863014,0.947871416159861,0.8957455866235519,779,"all","DT#779","DT",779
556,549,27,19,0.9669565217391304,0.9665492957746479,0.9669565217391304,0.9669565217391304,0.9602763385146803,0.9600347523892268,0.9200704097776596,779,"all","RF#779","RF",779
545,471,105,30,0.9478260869565217,0.9401197604790419,0.9478260869565217,0.9478260869565217,0.8897959183673468,0.8827106863596872,0.7654477527453866,779,"all","NB#779","NB",779
553,547,29,22,0.9617391304347827,0.961335676625659,0.9617391304347827,0.9617391304347827,0.9559204840103717,0.9556907037358818,0.9113822770592701,779,"all","MLP#779","MLP",779
542,546,30,33,0.9479166666666666,0.9475524475524476,0.9479166666666666,0.9479166666666666,0.9454545454545454,0.945264986967854,0.8905293955135666,780,"all","DT#780","DT",780
564,553,23,11,0.9808695652173913,0.9804964539007093,0.9808695652173913,0.9808695652173913,0.9707401032702239,0.9704604691572546,0.9409219639740827,780,"all","RF#780","RF",780
487,552,24,88,0.9583333333333334,0.9530332681017613,0.9583333333333334,0.9583333333333334,0.9078947368421054,0.9026933101650738,0.8053676683737558,780,"all","NB#780","NB",780
554,544,32,21,0.9634782608695652,0.9628318584070796,0.9634782608695652,0.9634782608695652,0.954349698535745,0.9539530842745438,0.9079076283455437,780,"all","MLP#780","MLP",780
552,551,25,23,0.96,0.9599303135888502,0.96,0.96,0.9583333333333334,0.9582971329278888,0.9165944547268878,781,"all","DT#781","DT",781
563,558,18,12,0.9791304347826087,0.9789473684210527,0.9791304347826087,0.9791304347826087,0.9740484429065743,0.9739357080799305,0.947871848986875,781,"all","RF#781","RF",781
507,542,34,68,0.9409722222222222,0.9371534195933456,0.9409722222222222,0.9409722222222222,0.9139966273187183,0.9113814074717637,0.8227535833662959,781,"all","NB#781","NB",781
553,553,23,22,0.9617391304347827,0.9617391304347827,0.9617391304347827,0.9617391304347827,0.9609035621198958,0.9609035621198957,0.9218071832621025,781,"all","MLP#781","MLP",781
548,539,37,27,0.9530434782608695,0.9522968197879859,0.9530434782608695,0.9530434782608695,0.9448275862068966,0.944396177237185,0.8887939493667064,782,"all","DT#782","DT",782
556,555,21,19,0.9669565217391304,0.9668989547038328,0.9669565217391304,0.9669565217391304,0.9652777777777777,0.9652476107732406,0.9304953789390732,782,"all","RF#782","RF",782
500,530,46,75,0.9201388888888888,0.9157509157509157,0.9201388888888888,0.9201388888888888,0.8975444538526671,0.894874022589053,0.7897386811922624,782,"all","NB#782","NB",782
554,540,36,21,0.9634782608695652,0.9625668449197861,0.9634782608695652,0.9634782608695652,0.9510729613733906,0.950477845351868,0.9009578587441407,782,"all","MLP#782","MLP",782
545,552,24,30,0.9583333333333334,0.9578207381370826,0.9583333333333334,0.9583333333333334,0.9533678756476685,0.9530842745438749,0.9061676283299668,783,"all","DT#783","DT",783
568,562,14,7,0.9878260869565217,0.9876977152899824,0.9878260869565217,0.9878260869565217,0.9818496110630942,0.9817549956559514,0.9635103493773465,783,"all","RF#783","RF",783
489,553,23,86,0.9600694444444444,0.955078125,0.9600694444444444,0.9600694444444444,0.9102880658436213,0.9052997393570807,0.8105813203852419,783,"all","NB#783","NB",783
565,554,22,10,0.9826086956521739,0.9822695035460993,0.9826086956521739,0.9826086956521739,0.972461273666093,0.9721980886185926,0.9443971425638426,783,"all","MLP#783","MLP",783
549,544,32,26,0.9547826086956521,0.9543859649122807,0.9547826086956521,0.9547826086956521,0.9498269896193772,0.9496090356211989,0.8992189080412918,784,"all","DT#784","DT",784
564,553,23,11,0.9808695652173913,0.9804964539007093,0.9808695652173913,0.9808695652173913,0.9707401032702239,0.9704604691572546,0.9409219639740827,784,"all","RF#784","RF",784
503,548,28,72,0.9513888888888888,0.9472693032015066,0.9513888888888888,0.9513888888888888,0.9163879598662208,0.9131190269331017,0.8262263797716032,784,"all","NB#784","NB",784
556,545,31,19,0.9669565217391304,0.9663120567375887,0.9669565217391304,0.9669565217391304,0.9569707401032701,0.9565595134665508,0.9131205352560037,784,"all","MLP#784","MLP",784
552,542,34,23,0.96,0.95929203539823,0.96,0.96,0.9509043927648578,0.950477845351868,0.9009572606735093,785,"all","DT#785","DT",785
564,555,21,11,0.9808695652173913,0.980565371024735,0.9808695652173913,0.9808695652173913,0.9724137931034482,0.9721980886185926,0.9443969746833534,785,"all","RF#785","RF",785
510,542,34,65,0.9409722222222222,0.9375,0.9409722222222222,0.9409722222222222,0.9163144547759934,0.9139878366637706,0.8279674924400144,785,"all","NB#785","NB",785
553,544,32,22,0.9617391304347827,0.9611307420494699,0.9617391304347827,0.9617391304347827,0.953448275862069,0.9530842745438749,0.9061698947781586,785,"all","MLP#785","MLP",785
543,543,33,32,0.9443478260869566,0.9443478260869566,0.9443478260869566,0.9443478260869566,0.9435273675065161,0.9435273675065161,0.8870548202674816,786,"all","DT#786","DT",786
555,556,20,20,0.9652777777777778,0.9652777777777778,0.9652777777777778,0.9652777777777778,0.9652777777777778,0.9652476107732406,0.9304951690821255,786,"all","RF#786","RF",786
557,434,142,18,0.9686956521739131,0.9601769911504425,0.9686956521739131,0.9686956521739131,0.8744113029827314,0.8609904430929627,0.7220327112678183,786,"all","NB#786","NB",786
544,555,21,31,0.9635416666666666,0.9628318584070796,0.9635416666666666,0.9635416666666666,0.955249569707401,0.9548218940052129,0.9096423557118919,786,"all","MLP#786","MLP",786
555,535,41,20,0.9652173913043478,0.963963963963964,0.9652173913043478,0.9652173913043478,0.9479077711357814,0.947002606429192,0.8940084930882324,787,"all","DT#787","DT",787
566,550,26,9,0.9843478260869565,0.9838998211091234,0.9843478260869565,0.9843478260869565,0.9700085689802914,0.9695916594265855,0.9391848337225644,787,"all","RF#787","RF",787
526,540,36,49,0.9375,0.9359430604982206,0.9375,0.9375,0.927038626609442,0.9261511728931364,0.8522993355847865,787,"all","NB#787","NB",787
564,542,34,11,0.9808695652173913,0.9801084990958409,0.9808695652173913,0.9808695652173913,0.9616368286445013,0.9609035621198957,0.9218097801555803,787,"all","MLP#787","MLP",787
540,548,28,35,0.9513888888888888,0.9507042253521126,0.9513888888888888,0.9513888888888888,0.9456427955133736,0.945264986967854,0.8905287344522058,788,"all","DT#788","DT",788
554,559,17,21,0.9704861111111112,0.9702276707530648,0.9704861111111112,0.9704861111111112,0.9671280276816608,0.9669852302345786,0.9339700118962071,788,"all","RF#788","RF",788
513,555,21,62,0.9635416666666666,0.9606741573033708,0.9635416666666666,0.9635416666666666,0.9304274937133276,0.9278887923544744,0.8557685484759776,788,"all","NB#788","NB",788
555,556,20,20,0.9652777777777778,0.9652777777777778,0.9652777777777778,0.9652777777777778,0.9652777777777778,0.9652476107732406,0.9304951690821255,788,"all","MLP#788","MLP",788
551,547,29,24,0.9582608695652174,0.957968476357268,0.9582608695652174,0.9582608695652174,0.9541125541125541,0.9539530842745438,0.9079067941818071,789,"all","DT#789","DT",789
561,566,10,14,0.9826388888888888,0.9824868651488616,0.9826388888888888,0.9826388888888888,0.9792387543252595,0.9791485664639444,0.9582968496186572,789,"all","RF#789","RF",789
529,541,35,46,0.9392361111111112,0.9379432624113475,0.9392361111111112,0.9392361111111112,0.9303525365434221,0.9296264118158123,0.8592503800636785,789,"all","NB#789","NB",789
548,566,10,27,0.9826388888888888,0.982078853046595,0.9826388888888888,0.9826388888888888,0.9683490162532078,0.9678540399652477,0.9357063813533862,789,"all","MLP#789","MLP",789
535,549,27,40,0.953125,0.9519572953736655,0.953125,0.953125,0.9424892703862662,0.9417897480451781,0.8835771233433024,790,"all","DT#790","DT",790
551,556,20,24,0.9652777777777778,0.9649737302977233,0.9652777777777778,0.9652777777777778,0.9619377162629758,0.9617723718505647,0.9235442243008715,790,"all","RF#790","RF",790
516,546,30,59,0.9479166666666666,0.945054945054945,0.9479166666666666,0.9479166666666666,0.9246401354784081,0.9226759339704604,0.8453449803810855,790,"all","NB#790","NB",790
557,553,23,18,0.9686956521739131,0.968476357267951,0.9686956521739131,0.9686956521739131,0.9645021645021645,0.9643788010425717,0.9287580860651716,790,"all","MLP#790","MLP",790
552,536,40,23,0.96,0.9588550983899821,0.96,0.96,0.9460154241645243,0.945264986967854,0.890532700700616,791,"all","DT#791","DT",791
564,551,25,11,0.9808695652173913,0.9804270462633452,0.9808695652173913,0.9808695652173913,0.9690721649484536,0.9687228496959166,0.9374469742487327,791,"all","RF#791","RF",791
511,543,33,64,0.9427083333333334,0.9393382352941176,0.9427083333333334,0.9427083333333334,0.9180050718512257,0.9157254561251086,0.8314428966331455,791,"all","NB#791","NB",791
563,534,42,12,0.9791304347826087,0.978021978021978,0.9791304347826087,0.9791304347826087,0.9542372881355933,0.9530842745438749,0.9061727276844347,791,"all","MLP#791","MLP",791
545,543,33,30,0.9478260869565217,0.9476439790575916,0.9478260869565217,0.9478260869565217,0.9453599306157849,0.945264986967854,0.8905303870906381,792,"all","DT#792","DT",792
560,554,22,15,0.9739130434782609,0.9736379613356766,0.9739130434782609,0.9739130434782609,0.9680207433016422,0.9678540399652477,0.9357087108077058,792,"all","RF#792","RF",792
529,531,45,46,0.921875,0.921602787456446,0.921875,0.921875,0.9210754553339116,0.9209383145091226,0.8418762709484768,792,"all","NB#792","NB",792
556,556,20,19,0.9669565217391304,0.9669565217391304,0.9669565217391304,0.9669565217391304,0.9661164205039096,0.9661164205039097,0.932232892160489,792,"all","MLP#792","MLP",792
550,545,31,25,0.9565217391304348,0.956140350877193,0.9565217391304348,0.9565217391304348,0.9515570934256056,0.9513466550825369,0.9026941181088335,793,"all","DT#793","DT",793
563,559,17,12,0.9791304347826087,0.978984238178634,0.9791304347826087,0.9791304347826087,0.9748917748917749,0.9748045178105995,0.9496093779485361,793,"all","RF#793","RF",793
523,544,32,52,0.9444444444444444,0.9423423423423424,0.9444444444444444,0.9444444444444444,0.9283276450511946,0.9270199826238054,0.854035447930191,793,"all","NB#793","NB",793
558,557,19,17,0.9704347826086956,0.9703832752613241,0.9704347826086956,0.9704347826086956,0.96875,0.9687228496959166,0.9374458410451659,793,"all","MLP#793","MLP",793
548,544,32,27,0.9530434782608695,0.9527145359019265,0.9530434782608695,0.9530434782608695,0.9489177489177489,0.94874022589053,0.897481148240125,794,"all","DT#794","DT",794
560,556,20,15,0.9739130434782609,0.9737302977232924,0.9739130434782609,0.9739130434782609,0.9696969696969697,0.9695916594265855,0.9391837320068538,794,"all","RF#794","RF",794
508,542,34,67,0.9409722222222222,0.9372693726937269,0.9409722222222222,0.9409722222222222,0.9147679324894514,0.9122502172024327,0.8244915583052901,794,"all","NB#794","NB",794
554,552,24,21,0.9634782608695652,0.9633507853403142,0.9634782608695652,0.9634782608695652,0.960971379011275,0.9609035621198957,0.9218074193504558,794,"all","MLP#794","MLP",794
544,560,16,31,0.9722222222222222,0.9714285714285714,0.9722222222222222,0.9722222222222222,0.959725792630677,0.9591659426585578,0.9183299742596829,795,"all","DT#795","DT",795
558,556,20,17,0.9704347826086956,0.9703315881326352,0.9704347826086956,0.9704347826086956,0.9679098005203817,0.9678540399652477,0.9357083225770416,795,"all","RF#795","RF",795
500,544,32,75,0.9444444444444444,0.9398496240601504,0.9444444444444444,0.9444444444444444,0.9104602510460251,0.9070373588184187,0.8140625070769992,795,"all","NB#795","NB",795
546,550,26,29,0.9548611111111112,0.9545454545454546,0.9548611111111112,0.9548611111111112,0.9523809523809524,0.952215464813206,0.9044304246547011,795,"all","MLP#795","MLP",795
543,541,35,32,0.9443478260869566,0.944153577661431,0.9443478260869566,0.9443478260869566,0.9418907198612315,0.9417897480451781,0.8835799354773455,796,"all","DT#796","DT",796
561,555,21,14,0.9756521739130435,0.9753954305799648,0.9756521739130435,0.9756521739130435,0.9697493517718238,0.9695916594265855,0.9391839156289108,796,"all","RF#796","RF",796
534,536,40,41,0.9305555555555556,0.9303135888501742,0.9305555555555556,0.9305555555555556,0.9297484822202949,0.9296264118158123,0.8592525049101825,796,"all","NB#796","NB",796
558,555,21,17,0.9704347826086956,0.9702797202797203,0.9704347826086956,0.9704347826086956,0.9670710571923744,0.9669852302345786,0.933970809355016,796,"all","MLP#796","MLP",796
545,542,34,30,0.9478260869565217,0.9475524475524476,0.9478260869565217,0.9478260869565217,0.9445407279029463,0.944396177237185,0.8887929420716059,797,"all","DT#797","DT",797
561,555,21,14,0.9756521739130435,0.9753954305799648,0.9756521739130435,0.9756521739130435,0.9697493517718238,0.9695916594265855,0.9391839156289108,797,"all","RF#797","RF",797
531,529,47,44,0.9234782608695652,0.9232111692844677,0.9234782608695652,0.9234782608695652,0.9210754553339114,0.9209383145091226,0.8418772257975887,797,"all","NB#797","NB",797
553,544,32,22,0.9617391304347827,0.9611307420494699,0.9617391304347827,0.9617391304347827,0.953448275862069,0.9530842745438749,0.9061698947781586,797,"all","MLP#797","MLP",797
547,539,37,28,0.951304347826087,0.9506172839506173,0.951304347826087,0.951304347826087,0.9439171699741157,0.9435273675065161,0.8870561843211672,798,"all","DT#798","DT",798
562,546,30,13,0.9773913043478261,0.9767441860465116,0.9773913043478261,0.9773913043478261,0.963153384747215,0.9626411815812337,0.9252842242877221,798,"all","RF#798","RF",798
506,542,34,69,0.9409722222222222,0.937037037037037,0.9409722222222222,0.9409722222222222,0.9132266217354675,0.9105125977410947,0.8210156031795158,798,"all","NB#798","NB",798
556,549,27,19,0.9669565217391304,0.9665492957746479,0.9669565217391304,0.9669565217391304,0.9602763385146803,0.9600347523892268,0.9200704097776596,798,"all","MLP#798","MLP",798
536,543,33,39,0.9427083333333334,0.9420035149384886,0.9427083333333334,0.9427083333333334,0.9378238341968913,0.9374456993918332,0.8748901711066224,799,"all","DT#799","DT",799
559,555,21,16,0.9721739130434782,0.9719789842381786,0.9721739130434782,0.9721739130434782,0.9679653679653679,0.9678540399652477,0.9357085166929598,799,"all","RF#799","RF",799
535,534,42,40,0.9304347826086956,0.9303135888501742,0.9304347826086956,0.9304347826086956,0.9288194444444443,0.9287576020851434,0.8575155268251001,799,"all","NB#799","NB",799
547,551,25,28,0.9565972222222222,0.9562937062937062,0.9565972222222222,0.9565972222222222,0.954112554112554,0.9539530842745438,0.9079056819399846,799,"all","MLP#799","MLP",799
541,546,30,34,0.9479166666666666,0.9474605954465849,0.9479166666666666,0.9479166666666666,0.9446366782006921,0.944396177237185,0.8887915989830857,800,"all","DT#800","DT",800
563,553,23,12,0.9791304347826087,0.9787610619469026,0.9791304347826087,0.9791304347826087,0.9698535745047374,0.9695916594265855,0.9391842828696987,800,"all","RF#800","RF",800
518,541,35,57,0.9392361111111112,0.9367088607594937,0.9392361111111112,0.9392361111111112,0.9216354344122657,0.9200695047784535,0.8401335793157382,800,"all","NB#800","NB",800
561,549,27,14,0.9756521739130435,0.9751332149200711,0.9756521739130435,0.9756521739130435,0.9647463456577816,0.9643788010425717,0.9287589464578745,800,"all","MLP#800","MLP",800
539,544,32,36,0.9444444444444444,0.9439579684763573,0.9444444444444444,0.9444444444444444,0.9411764705882353,0.9409209383145091,0.8818410739195284,801,"all","DT#801","DT",801
562,555,21,13,0.9773913043478261,0.977112676056338,0.9773913043478261,0.9773913043478261,0.9706390328151987,0.9704604691572546,0.9409216072269659,801,"all","RF#801","RF",801
519,543,33,56,0.9427083333333334,0.9402173913043478,0.9427083333333334,0.9427083333333334,0.9242553191489362,0.9226759339704604,0.8453463812904131,801,"all","NB#801","NB",801
558,540,36,17,0.9704347826086956,0.9694793536804309,0.9704347826086956,0.9704347826086956,0.9546621043627032,0.9539530842745438,0.9079087405403528,801,"all","MLP#801","MLP",801
545,536,40,30,0.9478260869565217,0.9469964664310954,0.9478260869565217,0.9478260869565217,0.939655172413793,0.9391833188531712,0.8783683821198353,802,"all","DT#802","DT",802
558,556,20,17,0.9704347826086956,0.9703315881326352,0.9704347826086956,0.9704347826086956,0.9679098005203817,0.9678540399652477,0.9357083225770416,802,"all","RF#802","RF",802
511,548,28,64,0.9513888888888888,0.948051948051948,0.9513888888888888,0.9513888888888888,0.9225589225589226,0.9200695047784535,0.8401302003128189,802,"all","NB#802","NB",802
556,550,26,19,0.9669565217391304,0.9666080843585237,0.9669565217391304,0.9669565217391304,0.9611063094209161,0.9609035621198957,0.9218078915228852,802,"all","MLP#802","MLP",802
545,552,24,30,0.9583333333333334,0.9578207381370826,0.9583333333333334,0.9583333333333334,0.9533678756476685,0.9530842745438749,0.9061676283299668,803,"all","DT#803","DT",803
559,562,14,16,0.9756944444444444,0.9755671902268761,0.9756944444444444,0.9756944444444444,0.9740034662045061,0.9739357080799305,0.947871219417933,803,"all","RF#803","RF",803
526,537,39,49,0.9322916666666666,0.9309734513274336,0.9322916666666666,0.9322916666666666,0.9242685025817556,0.9235447437011295,0.8470870635124323,803,"all","NB#803","NB",803
559,552,24,16,0.9721739130434782,0.971830985915493,0.9721739130434782,0.9721739130434782,0.9654576856649396,0.9652476107732406,0.9304960085023127,803,"all","MLP#803","MLP",803
550,542,34,25,0.9565217391304348,0.9559082892416225,0.9565217391304348,0.9565217391304348,0.9490940465918895,0.94874022589053,0.8974817673069055,804,"all","DT#804","DT",804
567,554,22,8,0.9860869565217392,0.9857651245551602,0.9860869565217392,0.9860869565217392,0.9742268041237112,0.9739357080799305,0.9478724785406105,804,"all","RF#804","RF",804
534,536,40,41,0.9305555555555556,0.9303135888501742,0.9305555555555556,0.9305555555555556,0.9297484822202949,0.9296264118158123,0.8592525049101825,804,"all","NB#804","NB",804
557,556,20,18,0.9686956521739131,0.9686411149825784,0.9686956521739131,0.9686956521739131,0.967013888888889,0.9669852302345786,0.9339706099921196,804,"all","MLP#804","MLP",804
537,551,25,38,0.9565972222222222,0.9555160142348754,0.9565972222222222,0.9565972222222222,0.9459227467811159,0.945264986967854,0.8905277428451946,805,"all","DT#805","DT",805
557,558,18,18,0.96875,0.96875,0.96875,0.96875,0.96875,0.9687228496959166,0.9374456521739131,805,"all","RF#805","RF",805
514,552,24,61,0.9583333333333334,0.9553903345724907,0.9583333333333334,0.9583333333333334,0.928511354079058,0.9261511728931364,0.8522939838125017,805,"all","NB#805","NB",805
551,548,28,24,0.9582608695652174,0.958041958041958,0.9582608695652174,0.9582608695652174,0.9549393414211439,0.9548218940052129,0.9096442654331798,805,"all","MLP#805","MLP",805
551,546,30,24,0.9582608695652174,0.9578947368421052,0.9582608695652174,0.9582608695652174,0.953287197231834,0.9530842745438749,0.9061693281763752,806,"all","DT#806","DT",806
563,555,21,12,0.9791304347826087,0.9788359788359788,0.9791304347826087,0.9791304347826087,0.9715271786022434,0.9713292788879235,0.9426592935784387,806,"all","RF#806","RF",806
485,555,21,90,0.9635416666666666,0.958498023715415,0.9635416666666666,0.9635416666666666,0.909090909090909,0.9035621198957429,0.8071040008696558,806,"all","NB#806","NB",806
551,553,23,24,0.9600694444444444,0.9599303135888502,0.9600694444444444,0.9600694444444444,0.9592367736339982,0.9591659426585578,0.9183317003799826,806,"all","MLP#806","MLP",806
534,547,29,41,0.9496527777777778,0.9484902309058615,0.9496527777777778,0.9496527777777778,0.9398625429553265,0.9391833188531712,0.8783643423491972,807,"all","DT#807","DT",807
545,559,17,30,0.9704861111111112,0.9697508896797153,0.9704861111111112,0.9704861111111112,0.959656652360515,0.9591659426585578,0.9183302208527644,807,"all","RF#807","RF",807
479,552,24,96,0.9583333333333334,0.952286282306163,0.9583333333333334,0.9583333333333334,0.9019607843137256,0.895742832319722,0.7914628401637859,807,"all","NB#807","NB",807
549,553,23,26,0.9600694444444444,0.9597902097902098,0.9600694444444444,0.9600694444444444,0.9575757575757576,0.9574283231972198,0.9148561965105518,807,"all","MLP#807","MLP",807
541,551,25,34,0.9565972222222222,0.9558303886925795,0.9565972222222222,0.9565972222222222,0.9491817398794143,0.94874022589053,0.8974789814475136,808,"all","DT#808","DT",808
560,562,14,15,0.9756944444444444,0.975609756097561,0.9756944444444444,0.9756944444444444,0.9748482220294883,0.9748045178105995,0.949608921511053,808,"all","RF#808","RF",808
509,541,35,66,0.9392361111111112,0.9356617647058824,0.9392361111111112,0.9392361111111112,0.9146238377007608,0.9122502172024327,0.8244920882468837,808,"all","NB#808","NB",808
563,548,28,12,0.9791304347826087,0.9785714285714285,0.9791304347826087,0.9791304347826087,0.9656946826758148,0.9652476107732406,0.9304968479022245,808,"all","MLP#808","MLP",808
539,548,28,36,0.9513888888888888,0.9506172839506173,0.9513888888888888,0.9513888888888888,0.9448275862068966,0.944396177237185,0.8887909274266598,809,"all","DT#809","DT",809
561,561,15,14,0.9756521739130435,0.9756521739130435,0.9756521739130435,0.9756521739130435,0.9748045178105995,0.9748045178105995,0.9496090736577996,809,"all","RF#809","RF",809
551,436,140,24,0.9582608695652174,0.9478260869565217,0.9582608695652174,0.9582608695652174,0.8704581358609795,0.8575152041702867,0.7150800886318217,809,"all","NB#809","NB",809
554,560,16,21,0.9722222222222222,0.9719298245614035,0.9722222222222222,0.9722222222222222,0.9680207433016421,0.9678540399652477,0.9357075461016464,809,"all","MLP#809","MLP",809
539,543,33,36,0.9427083333333334,0.9423076923076923,0.9427083333333334,0.9427083333333334,0.9402597402597404,0.9400521285838401,0.8801036236577159,810,"all","DT#810","DT",810
563,554,22,12,0.9791304347826087,0.9787985865724381,0.9791304347826087,0.9791304347826087,0.9706896551724138,0.9704604691572546,0.9409217856010629,810,"all","RF#810","RF",810
528,528,48,47,0.9182608695652174,0.9182608695652174,0.9182608695652174,0.9182608695652174,0.9174630755864466,0.9174630755864466,0.83492627577555,810,"all","NB#810","NB",810
556,548,28,19,0.9669565217391304,0.9664902998236331,0.9669565217391304,0.9669565217391304,0.9594477998274374,0.9591659426585578,0.9183329332783825,810,"all","MLP#810","MLP",810
539,550,26,36,0.9548611111111112,0.9539823008849557,0.9548611111111112,0.9548611111111112,0.9466437177280551,0.946133796698523,0.8922658856564865,811,"all","DT#811","DT",811
565,557,19,10,0.9826086956521739,0.982363315696649,0.9826086956521739,0.9826086956521739,0.9749784296807592,0.9748045178105995,0.9496096822355977,811,"all","RF#811","RF",811
537,533,43,38,0.9339130434782609,0.9334500875656743,0.9339130434782609,0.9339130434782609,0.9298701298701298,0.9296264118158123,0.8592537797872901,811,"all","NB#811","NB",811
555,550,26,20,0.9652173913043478,0.9649122807017544,0.9652173913043478,0.9652173913043478,0.9602076124567475,0.9600347523892268,0.9200701684465419,811,"all","MLP#811","MLP",811
540,558,18,35,0.96875,0.967741935483871,0.96875,0.96875,0.9546621043627032,0.9539530842745438,0.9079037354521478,812,"all","DT#812","DT",812
561,561,15,14,0.9756521739130435,0.9756521739130435,0.9756521739130435,0.9756521739130435,0.9748045178105995,0.9748045178105995,0.9496090736577996,812,"all","RF#812","RF",812
490,563,13,85,0.9774305555555556,0.974155069582505,0.9774305555555556,0.9774305555555556,0.9199346405228758,0.9148566463944396,0.8296946528004252,812,"all","NB#812","NB",812
558,563,13,17,0.9774305555555556,0.9772329246935202,0.9774305555555556,0.9774305555555556,0.9740484429065744,0.9739357080799305,0.9478710620233214,812,"all","MLP#812","MLP",812
543,549,27,32,0.953125,0.9526315789473684,0.953125,0.953125,0.9490060501296457,0.94874022589053,0.897479600540463,813,"all","DT#813","DT",813
559,553,23,16,0.9721739130434782,0.9718804920913884,0.9721739130434782,0.9721739130434782,0.9662921348314606,0.9661164205039097,0.9322335059865007,813,"all","RF#813","RF",813
528,533,43,47,0.9253472222222222,0.9246935201401051,0.9253472222222222,0.9253472222222222,0.9221453287197233,0.9218071242397915,0.8436131860699643,813,"all","NB#813","NB",813
560,549,27,15,0.9739130434782609,0.973404255319149,0.9739130434782609,0.9739130434782609,0.963855421686747,0.9635099913119027,0.9270212496150433,813,"all","MLP#813","MLP",813
543,547,29,32,0.9496527777777778,0.9493006993006993,0.9496527777777778,0.9496527777777778,0.9471861471861472,0.947002606429192,0.8940046527988502,814,"all","DT#814","DT",814
559,559,17,16,0.9721739130434782,0.9721739130434782,0.9721739130434782,0.9721739130434782,0.9713292788879235,0.9713292788879235,0.9426586010588753,814,"all","RF#814","RF",814
510,544,32,65,0.9444444444444444,0.940959409594096,0.9444444444444444,0.9444444444444444,0.9181434599156119,0.9157254561251086,0.8314423876793379,814,"all","NB#814","NB",814
555,551,25,20,0.9652173913043478,0.9649737302977233,0.9652173913043478,0.9652173913043478,0.961038961038961,0.9609035621198957,0.9218076554373834,814,"all","MLP#814","MLP",814
532,554,22,43,0.9618055555555556,0.9602888086642599,0.9618055555555556,0.9618055555555556,0.9445865302642796,0.9435273675065161,0.8870510689499517,815,"all","DT#815","DT",815
554,557,19,21,0.9670138888888888,0.9668411867364747,0.9670138888888888,0.9670138888888888,0.9653379549393414,0.9652476107732406,0.9304949592239106,815,"all","RF#815","RF",815
520,542,34,55,0.9409722222222222,0.9386281588447654,0.9409722222222222,0.9409722222222222,0.9241261722080135,0.9226759339704604,0.8453468482545491,815,"all","NB#815","NB",815
548,552,24,27,0.9583333333333334,0.958041958041958,0.9583333333333334,0.9583333333333334,0.9558441558441558,0.9556907037358818,0.9113809392252682,815,"all","MLP#815","MLP",815
546,545,31,29,0.9495652173913044,0.9494773519163763,0.9495652173913044,0.9495652173913044,0.9479166666666667,0.947871416159861,0.89574306840861,816,"all","DT#816","DT",816
559,550,26,16,0.9721739130434782,0.9717314487632509,0.9721739130434782,0.9721739130434782,0.9637931034482758,0.9635099913119027,0.9270210292719012,816,"all","RF#816","RF",816
504,539,37,71,0.9357638888888888,0.9316081330868762,0.9357638888888888,0.9357638888888888,0.90893760539629,0.9061685490877498,0.8123273235643135,816,"all","NB#816","NB",816
553,548,28,22,0.9617391304347827,0.9614035087719298,0.9617391304347827,0.9617391304347827,0.9567474048442908,0.9565595134665508,0.9131197483114584,816,"all","MLP#816","MLP",816
543,546,30,32,0.9479166666666666,0.9476439790575916,0.9479166666666666,0.9479166666666666,0.9462738301559792,0.946133796698523,0.8922671867970616,817,"all","DT#817","DT",817
561,561,15,14,0.9756521739130435,0.9756521739130435,0.9756521739130435,0.9756521739130435,0.9748045178105995,0.9748045178105995,0.9496090736577996,817,"all","RF#817","RF",817
521,531,45,54,0.921875,0.9204946996466431,0.921875,0.921875,0.9147286821705427,0.9139878366637706,0.8279732061576922,817,"all","NB#817","NB",817
548,557,19,27,0.9670138888888888,0.9664902998236331,0.9670138888888888,0.9670138888888888,0.9603448275862069,0.9600347523892268,0.9200684790879117,817,"all","MLP#817","MLP",817
534,535,41,41,0.9288194444444444,0.9288194444444444,0.9288194444444444,0.9288194444444444,0.9288194444444444,0.9287576020851434,0.8575150966183575,818,"all","DT#818","DT",818
558,555,21,17,0.9704347826086956,0.9702797202797203,0.9704347826086956,0.9704347826086956,0.9670710571923744,0.9669852302345786,0.933970809355016,818,"all","RF#818","RF",818
499,542,34,76,0.9409722222222222,0.9362101313320825,0.9409722222222222,0.9409722222222222,0.9078726968174204,0.9044309296264118,0.8088495949320458,818,"all","NB#818","NB",818
552,551,25,23,0.96,0.9599303135888502,0.96,0.96,0.9583333333333334,0.9582971329278888,0.9165944547268878,818,"all","MLP#818","MLP",818
556,538,38,19,0.9669565217391304,0.9658886894075404,0.9669565217391304,0.9669565217391304,0.951240376390077,0.950477845351868,0.9009584568075494,819,"all","DT#819","DT",819
561,551,25,14,0.9756521739130435,0.9752212389380531,0.9756521739130435,0.9756521739130435,0.9664082687338501,0.9661164205039097,0.9322339151976643,819,"all","RF#819","RF",819
518,547,29,57,0.9496527777777778,0.946983546617916,0.9496527777777778,0.9496527777777778,0.9271186440677966,0.9252823631624674,0.8505582965463515,819,"all","NB#819","NB",819
562,546,30,13,0.9773913043478261,0.9767441860465116,0.9773913043478261,0.9773913043478261,0.963153384747215,0.9626411815812337,0.9252842242877221,819,"all","MLP#819","MLP",819
546,538,38,29,0.9495652173913044,0.9488536155202821,0.9495652173913044,0.9495652173913044,0.9421915444348576,0.9417897480451781,0.8835809899925877,820,"all","DT#820","DT",820
566,555,21,9,0.9843478260869565,0.9840425531914894,0.9843478260869565,0.9843478260869565,0.9741824440619621,0.9739357080799305,0.9478723211536022,820,"all","RF#820","RF",820
536,533,43,39,0.9321739130434783,0.9318181818181818,0.9321739130434783,0.9321739130434783,0.9289428076256501,0.9287576020851434,0.857515957029245,820,"all","NB#820","NB",820
560,559,17,15,0.9739130434782609,0.9738675958188153,0.9739130434782609,0.9739130434782609,0.9722222222222223,0.9721980886185926,0.9443963031512587,820,"all","MLP#820","MLP",820
549,553,23,26,0.9600694444444444,0.9597902097902098,0.9600694444444444,0.9600694444444444,0.9575757575757576,0.9574283231972198,0.9148561965105518,821,"all","DT#821","DT",821
560,550,26,15,0.9739130434782609,0.9734513274336283,0.9739130434782609,0.9739130434782609,0.9646856158484065,0.9643788010425717,0.9287587313616471,821,"all","RF#821","RF",821
523,530,46,52,0.9201388888888888,0.9191564147627417,0.9201388888888888,0.9201388888888888,0.915371329879102,0.9148566463944396,0.8297116217840138,821,"all","NB#821","NB",821
544,545,31,31,0.9461805555555556,0.9461805555555556,0.9461805555555556,0.9461805555555556,0.9461805555555556,0.946133796698523,0.8922675120772947,821,"all","MLP#821","MLP",821
555,552,24,20,0.9652173913043478,0.965034965034965,0.9652173913043478,0.9652173913043478,0.9618717504332756,0.9617723718505647,0.923545147674229,822,"all","DT#822","DT",822
565,553,23,10,0.9826086956521739,0.9822380106571936,0.9826086956521739,0.9826086956521739,0.9716251074806534,0.9713292788879235,0.9426596398319477,822,"all","RF#822","RF",822
530,535,41,45,0.9288194444444444,0.9281961471103327,0.9288194444444444,0.9288194444444444,0.92560553633218,0.9252823631624674,0.8505637111335212,822,"all","NB#822","NB",822
561,551,25,14,0.9756521739130435,0.9752212389380531,0.9756521739130435,0.9756521739130435,0.9664082687338501,0.9661164205039097,0.9322339151976643,822,"all","MLP#822","MLP",822
544,552,24,31,0.9583333333333334,0.9577464788732394,0.9583333333333334,0.9583333333333334,0.9525452976704055,0.952215464813206,0.9044298475376401,823,"all","DT#823","DT",823
561,554,22,14,0.9756521739130435,0.9753521126760564,0.9756521739130435,0.9756521739130435,0.9689119170984457,0.9687228496959166,0.9374464076520815,823,"all","RF#823","RF",823
529,530,46,46,0.9201388888888888,0.9201388888888888,0.9201388888888888,0.9201388888888888,0.9201388888888888,0.9200695047784535,0.8401388888888889,823,"all","NB#823","NB",823
553,551,25,22,0.9617391304347827,0.9616055846422339,0.9617391304347827,0.9617391304347827,0.9592367736339984,0.9591659426585578,0.9183321935438096,823,"all","MLP#823","MLP",823
531,544,32,44,0.9444444444444444,0.9431616341030196,0.9444444444444444,0.9444444444444444,0.9347079037800687,0.9339704604691572,0.867938428836271,824,"all","DT#824","DT",824
558,557,19,17,0.9704347826086956,0.9703832752613241,0.9704347826086956,0.9704347826086956,0.96875,0.9687228496959166,0.9374458410451659,824,"all","RF#824","RF",824
477,550,26,98,0.9548611111111112,0.94831013916501,0.9548611111111112,0.9548611111111112,0.8986928104575164,0.8922675933970461,0.7845116015025788,824,"all","NB#824","NB",824
549,556,20,26,0.9652777777777778,0.9648506151142355,0.9652777777777778,0.9652777777777778,0.9602763385146805,0.9600347523892268,0.9200687204292309,824,"all","MLP#824","MLP",824
554,558,18,21,0.96875,0.9685314685314685,0.96875,0.96875,0.9662337662337663,0.9661164205039097,0.9322324829369699,825,"all","DT#825","DT",825
564,566,10,11,0.9826388888888888,0.9825783972125436,0.9826388888888888,0.9826388888888888,0.9817866435385949,0.9817549956559514,0.9635099086804177,825,"all","RF#825","RF",825
501,560,16,74,0.9722222222222222,0.9690522243713733,0.9722222222222222,0.9722222222222222,0.9256198347107438,0.9218071242397915,0.843600436028517,825,"all","NB#825","NB",825
557,560,16,18,0.9722222222222222,0.9720767888307156,0.9722222222222222,0.9722222222222222,0.9705372616984402,0.9704604691572546,0.9409207153403242,825,"all","MLP#825","MLP",825
543,545,31,32,0.9461805555555556,0.945993031358885,0.9461805555555556,0.9461805555555556,0.9453599306157849,0.945264986967854,0.890529726041253,826,"all","DT#826","DT",826
558,560,16,17,0.9722222222222222,0.9721254355400697,0.9722222222222222,0.9722222222222222,0.971379011274935,0.9713292788879235,0.9426584279263707,826,"all","RF#826","RF",826
514,536,40,61,0.9305555555555556,0.927797833935018,0.9305555555555556,0.9305555555555556,0.9138959931798806,0.9122502172024327,0.8244947379068479,826,"all","NB#826","NB",826
554,562,14,21,0.9756944444444444,0.9753521126760564,0.9756944444444444,0.9756944444444444,0.9698015530629854,0.9695916594265855,0.9391826302512254,826,"all","MLP#826","MLP",826
547,543,33,28,0.951304347826087,0.9509632224168126,0.951304347826087,0.951304347826087,0.9471861471861474,0.947002606429192,0.8940059329262309,827,"all","DT#827","DT",827
557,554,22,18,0.9686956521739131,0.9685314685314685,0.9686956521739131,0.9686956521739131,0.9653379549393415,0.9652476107732406,0.9304955887947536,827,"all","RF#827","RF",827
515,552,24,60,0.9583333333333334,0.9554730983302412,0.9583333333333334,0.9583333333333334,0.9292929292929293,0.9270199826238054,0.8540319220247476,827,"all","NB#827","NB",827
550,548,28,25,0.9565217391304348,0.956369982547993,0.9565217391304348,0.9565217391304348,0.9540329575021683,0.9539530842745438,0.9079065161238703,827,"all","MLP#827","MLP",827
549,537,39,26,0.9547826086956521,0.9538188277087034,0.9547826086956521,0.9547826086956521,0.9441100601891659,0.9435273675065161,0.8870568663356547,828,"all","DT#828","DT",828
563,551,25,12,0.9791304347826087,0.9786856127886323,0.9791304347826087,0.9791304347826087,0.9681857265692176,0.9678540399652477,0.9357092931449112,828,"all","RF#828","RF",828
508,538,38,67,0.9340277777777778,0.9304029304029304,0.9340277777777778,0.9340277777777778,0.9110922946655376,0.9087749782797567,0.817541830786674,828,"all","NB#828","NB",828
558,545,31,17,0.9704347826086956,0.9697508896797153,0.9704347826086956,0.9704347826086956,0.9587628865979382,0.9582971329278888,0.9165959656649768,828,"all","MLP#828","MLP",828
545,553,23,30,0.9600694444444444,0.9595070422535211,0.9600694444444444,0.9600694444444444,0.9542709232096634,0.9539530842745438,0.9079051258089985,829,"all","DT#829","DT",829
561,561,15,14,0.9756521739130435,0.9756521739130435,0.9756521739130435,0.9756521739130435,0.9748045178105995,0.9748045178105995,0.9496090736577996,829,"all","RF#829","RF",829
511,548,28,64,0.9513888888888888,0.948051948051948,0.9513888888888888,0.9513888888888888,0.9225589225589226,0.9200695047784535,0.8401302003128189,829,"all","NB#829","NB",829
557,554,22,18,0.9686956521739131,0.9685314685314685,0.9686956521739131,0.9686956521739131,0.9653379549393415,0.9652476107732406,0.9304955887947536,829,"all","MLP#829","MLP",829
547,547,29,28,0.951304347826087,0.951304347826087,0.951304347826087,0.951304347826087,0.9504778453518681,0.950477845351868,0.9009557654653301,830,"all","DT#830","DT",830
561,549,27,14,0.9756521739130435,0.9751332149200711,0.9756521739130435,0.9756521739130435,0.9647463456577816,0.9643788010425717,0.9287589464578745,830,"all","RF#830","RF",830
550,474,102,25,0.9565217391304348,0.9498997995991983,0.9565217391304348,0.9565217391304348,0.8964955175224124,0.889661164205039,0.7793478113202419,830,"all","NB#830","NB",830
550,551,25,25,0.9565972222222222,0.9565972222222222,0.9565972222222222,0.9565972222222222,0.9565972222222222,0.9565595134665508,0.9131189613526569,830,"all","MLP#830","MLP",830
548,546,30,27,0.9530434782608695,0.9528795811518325,0.9530434782608695,0.9530434782608695,0.9505637467476149,0.950477845351868,0.9009560645105775,831,"all","DT#831","DT",831
565,556,20,10,0.9826086956521739,0.9823321554770318,0.9826086956521739,0.9826086956521739,0.9741379310344828,0.9739357080799305,0.9478721637656435,831,"all","RF#831","RF",831
549,509,67,26,0.9547826086956521,0.9514018691588785,0.9547826086956521,0.9547826086956521,0.9219143576826196,0.9192006950477846,0.838411269833842,831,"all","NB#831","NB",831
557,550,26,18,0.9686956521739131,0.9683098591549296,0.9686956521739131,0.9686956521739131,0.9620034542314335,0.9617723718505647,0.923545609352544,831,"all","MLP#831","MLP",831
530,551,25,45,0.9565972222222222,0.954954954954955,0.9565972222222222,0.9565972222222222,0.940273037542662,0.9391833188531712,0.8783628732751594,832,"all","DT#832","DT",832
560,554,22,15,0.9739130434782609,0.9736379613356766,0.9739130434782609,0.9739130434782609,0.9680207433016422,0.9678540399652477,0.9357087108077058,832,"all","RF#832","RF",832
517,548,28,58,0.9513888888888888,0.9486238532110092,0.9513888888888888,0.9513888888888888,0.9272419627749576,0.9252823631624674,0.8505578453130425,832,"all","NB#832","NB",832
549,552,24,26,0.9583333333333334,0.9581151832460733,0.9583333333333334,0.9583333333333334,0.9566724436741767,0.9565595134665508,0.9131186990298883,832,"all","MLP#832","MLP",832
552,545,31,23,0.96,0.9595070422535211,0.96,0.96,0.9533678756476682,0.9530842745438749,0.9061696114781222,833,"all","DT#833","DT",833
561,560,16,14,0.9756521739130435,0.975609756097561,0.9756521739130435,0.9756521739130435,0.9739583333333334,0.9739357080799305,0.9478715342043049,833,"all","RF#833","RF",833
372,563,13,203,0.9774305555555556,0.9662337662337662,0.9774305555555556,0.9774305555555556,0.8390461997019375,0.8123370981754996,0.6245662252155662,833,"all","NB#833","NB",833
549,562,14,26,0.9756944444444444,0.9751332149200711,0.9756944444444444,0.9756944444444444,0.965635738831615,0.9652476107732406,0.9304939099138269,833,"all","MLP#833","MLP",833
543,552,24,32,0.9583333333333334,0.9576719576719577,0.9583333333333334,0.9583333333333334,0.9517241379310345,0.9513466550825369,0.9026920614983273,834,"all","DT#834","DT",834
560,562,14,15,0.9756944444444444,0.975609756097561,0.9756944444444444,0.9756944444444444,0.9748482220294883,0.9748045178105995,0.949608921511053,834,"all","RF#834","RF",834
431,557,19,144,0.9670138888888888,0.9577777777777777,0.9670138888888888,0.9670138888888888,0.8723570869224746,0.8583840139009556,0.7167143558189573,834,"all","NB#834","NB",834
552,554,22,23,0.9618055555555556,0.9616724738675958,0.9618055555555556,0.9618055555555556,0.9609713790112748,0.9609035621198957,0.9218069471723236,834,"all","MLP#834","MLP",834
558,529,47,17,0.9704347826086956,0.9688644688644689,0.9704347826086956,0.9704347826086956,0.9457627118644067,0.944396177237185,0.8887973068852559,835,"all","DT#835","DT",835
564,553,23,11,0.9808695652173913,0.9804964539007093,0.9808695652173913,0.9808695652173913,0.9707401032702239,0.9704604691572546,0.9409219639740827,835,"all","RF#835","RF",835
453,559,17,122,0.9704861111111112,0.9638297872340426,0.9704861111111112,0.9704861111111112,0.8894192521877486,0.8792354474370113,0.7584324205980719,835,"all","NB#835","NB",835
562,545,31,13,0.9773913043478261,0.9767025089605734,0.9773913043478261,0.9773913043478261,0.9623287671232876,0.9617723718505647,0.9235467635239379,835,"all","MLP#835","MLP",835
547,541,35,28,0.951304347826087,0.9507908611599297,0.951304347826087,0.951304347826087,0.9455488331892826,0.945264986967854,0.8905310481320394,836,"all","DT#836","DT",836
559,546,30,16,0.9721739130434782,0.9715302491103203,0.9721739130434782,0.9721739130434782,0.9604810996563574,0.9600347523892268,0.9200711337622695,836,"all","RF#836","RF",836
508,536,40,67,0.9305555555555556,0.927007299270073,0.9305555555555556,0.9305555555555556,0.909245122985581,0.9070373588184187,0.8140669985038641,836,"all","NB#836","NB",836
552,551,25,23,0.96,0.9599303135888502,0.96,0.96,0.9583333333333334,0.9582971329278888,0.9165944547268878,836,"all","MLP#836","MLP",836
543,551,25,32,0.9565972222222222,0.9559859154929577,0.9565972222222222,0.9565972222222222,0.9508196721311476,0.950477845351868,0.9009545692662816,837,"all","DT#837","DT",837
556,555,21,19,0.9669565217391304,0.9668989547038328,0.9669565217391304,0.9669565217391304,0.9652777777777777,0.9652476107732406,0.9304953789390732,837,"all","RF#837","RF",837
497,549,27,78,0.953125,0.9484732824427481,0.953125,0.953125,0.912718204488778,0.9087749782797567,0.8175357704171063,837,"all","NB#837","NB",837
546,553,23,29,0.9600694444444444,0.9595782073813708,0.9600694444444444,0.9600694444444444,0.9550949913644214,0.9548218940052129,0.9096429013547829,837,"all","MLP#837","MLP",837
545,548,28,30,0.9513888888888888,0.9511343804537522,0.9513888888888888,0.9513888888888888,0.9497400346620452,0.9496090356211989,0.8992176908746704,838,"all","DT#838","DT",838
565,556,20,10,0.9826086956521739,0.9823321554770318,0.9826086956521739,0.9826086956521739,0.9741379310344828,0.9739357080799305,0.9478721637656435,838,"all","RF#838","RF",838
510,543,33,65,0.9427083333333334,0.9392265193370166,0.9427083333333334,0.9427083333333334,0.9172297297297297,0.9148566463944396,0.8297049374365911,838,"all","NB#838","NB",838
563,549,27,12,0.9791304347826087,0.9786096256684492,0.9791304347826087,0.9791304347826087,0.9665236051502147,0.9661164205039097,0.9322343244038858,838,"all","MLP#838","MLP",838
538,546,30,37,0.9479166666666666,0.9471830985915493,0.9479166666666666,0.9479166666666666,0.9421915444348576,0.9417897480451781,0.8835781779094888,839,"all","DT#839","DT",839
558,551,25,17,0.9704347826086956,0.9700704225352113,0.9704347826086956,0.9704347826086956,0.9637305699481865,0.9635099913119027,0.9270208089274286,839,"all","RF#839","RF",839
515,537,39,60,0.9322916666666666,0.9296028880866426,0.9322916666666666,0.9322916666666666,0.9156010230179029,0.9139878366637706,0.8279700896314647,839,"all","NB#839","NB",839
558,541,35,17,0.9704347826086956,0.9695340501792115,0.9704347826086956,0.9704347826086956,0.9554794520547946,0.9548218940052129,0.9096461750737449,839,"all","MLP#839","MLP",839
551,547,29,24,0.9582608695652174,0.957968476357268,0.9582608695652174,0.9582608695652174,0.9541125541125541,0.9539530842745438,0.9079067941818071,840,"all","DT#840","DT",840
564,555,21,11,0.9808695652173913,0.980565371024735,0.9808695652173913,0.9808695652173913,0.9724137931034482,0.9721980886185926,0.9443969746833534,840,"all","RF#840","RF",840
531,540,36,44,0.9375,0.9365079365079365,0.9375,0.9375,0.9310344827586208,0.9304952215464813,0.8609886592833247,840,"all","NB#840","NB",840
556,550,26,19,0.9669565217391304,0.9666080843585237,0.9669565217391304,0.9669565217391304,0.9611063094209161,0.9609035621198957,0.9218078915228852,840,"all","MLP#840","MLP",840
548,549,27,27,0.953125,0.953125,0.953125,0.953125,0.953125,0.9530842745438749,0.9061684782608695,841,"all","DT#841","DT",841
561,562,14,14,0.9756944444444444,0.9756944444444444,0.9756944444444444,0.9756944444444444,0.9756944444444444,0.9756733275412685,0.9513466183574879,841,"all","RF#841","RF",841
524,531,45,51,0.921875,0.9209138840070299,0.921875,0.921875,0.917098445595855,0.9165942658557776,0.8331868948088299,841,"all","NB#841","NB",841
551,550,26,24,0.9582608695652174,0.9581881533101045,0.9582608695652174,0.9582608695652174,0.9565972222222223,0.9565595134665508,0.9131192236738415,841,"all","MLP#841","MLP",841
545,547,29,30,0.9496527777777778,0.9494773519163763,0.9496527777777778,0.9496527777777778,0.9488291413703384,0.94874022589053,0.8974802196259354,842,"all","DT#842","DT",842
559,546,30,16,0.9721739130434782,0.9715302491103203,0.9721739130434782,0.9721739130434782,0.9604810996563574,0.9600347523892268,0.9200711337622695,842,"all","RF#842","RF",842
516,543,33,59,0.9427083333333334,0.9398907103825137,0.9427083333333334,0.9427083333333334,0.9219015280135823,0.9200695047784535,0.8401326139009079,842,"all","NB#842","NB",842
543,547,29,32,0.9496527777777778,0.9493006993006993,0.9496527777777778,0.9496527777777778,0.9471861471861472,0.947002606429192,0.8940046527988502,842,"all","MLP#842","MLP",842
538,561,15,37,0.9739583333333334,0.972875226039783,0.9739583333333334,0.9739583333333334,0.9557069846678025,0.9548218940052129,0.9096407187436781,843,"all","DT#843","DT",843
559,556,20,16,0.9721739130434782,0.972027972027972,0.9721739130434782,0.9721739130434782,0.9688041594454073,0.9687228496959166,0.9374460299152783,843,"all","RF#843","RF",843
504,551,25,71,0.9565972222222222,0.9527410207939508,0.9565972222222222,0.9565972222222222,0.9198664440734557,0.9165942658557776,0.8331768208541053,843,"all","NB#843","NB",843
556,554,22,19,0.9669565217391304,0.9668411867364747,0.9669565217391304,0.9669565217391304,0.9644405897658281,0.9643788010425717,0.9287578709637487,843,"all","MLP#843","MLP",843
548,550,26,27,0.9548611111111112,0.9547038327526133,0.9548611111111112,0.9548611111111112,0.9540329575021683,0.9539530842745438,0.9079059600029589,844,"all","DT#844","DT",844
560,554,22,15,0.9739130434782609,0.9736379613356766,0.9739130434782609,0.9739130434782609,0.9680207433016422,0.9678540399652477,0.9357087108077058,844,"all","RF#844","RF",844
504,555,21,71,0.9635416666666666,0.96,0.9635416666666666,0.9635416666666666,0.9234608985024959,0.9200695047784535,0.8401268211670566,844,"all","NB#844","NB",844
557,553,23,18,0.9686956521739131,0.968476357267951,0.9686956521739131,0.9686956521739131,0.9645021645021645,0.9643788010425717,0.9287580860651716,844,"all","MLP#844","MLP",844
544,541,35,31,0.9460869565217391,0.9458041958041958,0.9460869565217391,0.9460869565217391,0.9428076256499134,0.9426585577758471,0.8853177215113435,845,"all","DT#845","DT",845
554,557,19,21,0.9670138888888888,0.9668411867364747,0.9670138888888888,0.9670138888888888,0.9653379549393414,0.9652476107732406,0.9304949592239106,845,"all","RF#845","RF",845
503,542,34,72,0.9409722222222222,0.9366852886405959,0.9409722222222222,0.9409722222222222,0.9109243697478991,0.9079061685490878,0.8158016311322208,845,"all","NB#845","NB",845
543,554,22,32,0.9618055555555556,0.9610619469026549,0.9618055555555556,0.9618055555555556,0.9535283993115319,0.9530842745438749,0.9061670617008107,845,"all","MLP#845","MLP",845
541,543,33,34,0.9427083333333334,0.9425087108013938,0.9427083333333334,0.9427083333333334,0.9418907198612316,0.9417897480451781,0.8835792324565708,846,"all","DT#846","DT",846
553,554,22,22,0.9618055555555556,0.9618055555555556,0.9618055555555556,0.9618055555555556,0.9618055555555556,0.9617723718505647,0.9235446859903382,846,"all","RF#846","RF",846
544,475,101,31,0.9460869565217391,0.9387351778656127,0.9460869565217391,0.9460869565217391,0.8918032786885246,0.8853171155516942,0.7706582939604814,846,"all","NB#846","NB",846
556,560,16,19,0.9722222222222222,0.972027972027972,0.9722222222222222,0.9722222222222222,0.9696969696969696,0.9695916594265855,0.939182997507537,846,"all","MLP#846","MLP",846
547,542,34,28,0.951304347826087,0.9508771929824561,0.951304347826087,0.951304347826087,0.9463667820069205,0.946133796698523,0.8922684879062086,847,"all","DT#847","DT",847
563,553,23,12,0.9791304347826087,0.9787610619469026,0.9791304347826087,0.9791304347826087,0.9698535745047374,0.9695916594265855,0.9391842828696987,847,"all","RF#847","RF",847
514,540,36,61,0.9375,0.9345454545454546,0.9375,0.9375,0.9175870858113848,0.9157254561251086,0.8314444234761276,847,"all","NB#847","NB",847
557,553,23,18,0.9686956521739131,0.968476357267951,0.9686956521739131,0.9686956521739131,0.9645021645021645,0.9643788010425717,0.9287580860651716,847,"all","MLP#847","MLP",847
544,539,37,31,0.9460869565217391,0.9456140350877194,0.9460869565217391,0.9460869565217391,0.9411764705882352,0.9409209383145091,0.8818428577035835,848,"all","DT#848","DT",848
556,551,25,19,0.9669565217391304,0.9666666666666667,0.9669565217391304,0.9669565217391304,0.9619377162629758,0.9617723718505647,0.9235453785140836,848,"all","RF#848","RF",848
538,513,63,37,0.9356521739130435,0.9327272727272727,0.9356521739130435,0.9356521739130435,0.9149659863945578,0.9131190269331017,0.8262447428090081,848,"all","NB#848","NB",848
551,550,26,24,0.9582608695652174,0.9581881533101045,0.9582608695652174,0.9582608695652174,0.9565972222222223,0.9565595134665508,0.9131192236738415,848,"all","MLP#848","MLP",848
549,542,34,26,0.9547826086956521,0.954225352112676,0.9547826086956521,0.9547826086956521,0.9481865284974094,0.947871416159861,0.8957440127534693,849,"all","DT#849","DT",849
565,559,17,10,0.9826086956521739,0.9824253075571178,0.9826086956521739,0.9826086956521739,0.9766637856525496,0.9765421372719374,0.953084734913731,849,"all","RF#849","RF",849
510,548,28,65,0.9513888888888888,0.9479553903345725,0.9513888888888888,0.9513888888888888,0.9217830109335575,0.9192006950477846,0.8383922411125018,849,"all","NB#849","NB",849
560,551,25,15,0.9739130434782609,0.9734982332155477,0.9739130434782609,0.9739130434782609,0.9655172413793104,0.9652476107732406,0.9304962183541914,849,"all","MLP#849","MLP",849
546,541,35,29,0.9495652173913044,0.9491228070175438,0.9495652173913044,0.9495652173913044,0.9446366782006921,0.944396177237185,0.8887932778386669,850,"all","DT#850","DT",850
558,556,20,17,0.9704347826086956,0.9703315881326352,0.9704347826086956,0.9704347826086956,0.9679098005203817,0.9678540399652477,0.9357083225770416,850,"all","RF#850","RF",850
503,535,41,72,0.9288194444444444,0.9246323529411765,0.9288194444444444,0.9288194444444444,0.9044801352493661,0.9018245004344049,0.8036396630880974,850,"all","NB#850","NB",850
553,556,20,22,0.9652777777777778,0.9650959860383944,0.9652777777777778,0.9652777777777778,0.9636048526863085,0.9635099913119027,0.9270197071851063,850,"all","MLP#850","MLP",850
540,550,26,35,0.9548611111111112,0.9540636042402827,0.9548611111111112,0.9548611111111112,0.9474590869939707,0.947002606429192,0.8940036926830225,851,"all","DT#851","DT",851
559,557,19,16,0.9721739130434782,0.9720767888307156,0.9721739130434782,0.9721739130434782,0.9696444058976583,0.9695916594265855,0.9391835483836879,851,"all","RF#851","RF",851
532,546,30,43,0.9479166666666666,0.9466192170818505,0.9479166666666666,0.9479166666666666,0.9373390557939913,0.9365768896611643,0.8731511940904638,851,"all","NB#851","NB",851
545,552,24,30,0.9583333333333334,0.9578207381370826,0.9583333333333334,0.9583333333333334,0.9533678756476685,0.9530842745438749,0.9061676283299668,851,"all","MLP#851","MLP",851
549,547,29,26,0.9547826086956521,0.9546247818499127,0.9547826086956521,0.9547826086956521,0.9522983521248916,0.952215464813206,0.904431290317224,852,"all","DT#852","DT",852
561,556,20,14,0.9756521739130435,0.9754385964912281,0.9756521739130435,0.9756521739130435,0.9705882352941178,0.9704604691572546,0.9409214288517919,852,"all","RF#852","RF",852
524,538,38,51,0.9340277777777778,0.9323843416370107,0.9340277777777778,0.9340277777777778,0.9236051502145923,0.9226759339704604,0.8453487160828941,852,"all","NB#852","NB",852
556,551,25,19,0.9669565217391304,0.9666666666666667,0.9669565217391304,0.9669565217391304,0.9619377162629758,0.9617723718505647,0.9235453785140836,852,"all","MLP#852","MLP",852
537,539,37,38,0.9357638888888888,0.9355400696864111,0.9357638888888888,0.9357638888888888,0.9349522983521248,0.9348392701998263,0.8696782452872062,853,"all","DT#853","DT",853
552,550,26,23,0.96,0.9598603839441536,0.96,0.96,0.9575021682567215,0.9574283231972198,0.9148569677371632,853,"all","RF#853","RF",853
531,509,67,44,0.9234782608695652,0.9204339963833634,0.9234782608695652,0.9234782608695652,0.9053708439897699,0.9035621198957429,0.8071307910504317,853,"all","NB#853","NB",853
550,545,31,25,0.9565217391304348,0.956140350877193,0.9565217391304348,0.9565217391304348,0.9515570934256056,0.9513466550825369,0.9026941181088335,853,"all","MLP#853","MLP",853
551,540,36,24,0.9582608695652174,0.9574468085106383,0.9582608695652174,0.9582608695652174,0.9483648881239243,0.947871416159861,0.8957446423072046,854,"all","DT#854","DT",854
560,552,24,15,0.9739130434782609,0.9735449735449735,0.9739130434782609,0.9739130434782609,0.9663503019844694,0.9661164205039097,0.9322337105927003,854,"all","RF#854","RF",854
456,557,19,119,0.9670138888888888,0.96,0.9670138888888888,0.9670138888888888,0.8897763578274761,0.8801042571676803,0.7601721274346972,854,"all","NB#854","NB",854
555,549,27,20,0.9652173913043478,0.9648506151142355,0.9652173913043478,0.9652173913043478,0.9593777009507347,0.9591659426585578,0.9183326867016803,854,"all","MLP#854","MLP",854
529,552,24,46,0.9583333333333334,0.9566003616636528,0.9583333333333334,0.9583333333333334,0.940374787052811,0.9391833188531712,0.8783625060011052,855,"all","DT#855","DT",855
558,567,9,17,0.984375,0.9841269841269841,0.984375,0.984375,0.9775862068965518,0.9774109470026064,0.9548213142670805,855,"all","RF#855","RF",855
533,538,38,42,0.9340277777777778,0.9334500875656743,0.9340277777777778,0.9340277777777778,0.9307958477508651,0.9304952215464813,0.8609894987288571,855,"all","NB#855","NB",855
557,564,12,18,0.9791666666666666,0.9789103690685413,0.9791666666666666,0.9791666666666666,0.9740932642487047,0.9739357080799305,0.9478709046277592,855,"all","MLP#855","MLP",855
558,544,32,17,0.9704347826086956,0.9696969696969697,0.9704347826086956,0.9704347826086956,0.9579399141630901,0.9574283231972198,0.9148585101484719,856,"all","DT#856","DT",856
566,554,22,9,0.9843478260869565,0.9840142095914742,0.9843478260869565,0.9843478260869565,0.9733447979363714,0.9730668983492615,0.9461348131754661,856,"all","RF#856","RF",856
488,559,17,87,0.9704861111111112,0.9663366336633663,0.9704861111111112,0.9704861111111112,0.9148936170212766,0.9096437880104257,0.8192683405553122,856,"all","NB#856","NB",856
561,556,20,14,0.9756521739130435,0.9754385964912281,0.9756521739130435,0.9756521739130435,0.9705882352941178,0.9704604691572546,0.9409214288517919,856,"all","MLP#856","MLP",856
545,542,34,30,0.9478260869565217,0.9475524475524476,0.9478260869565217,0.9478260869565217,0.9445407279029463,0.944396177237185,0.8887929420716059,857,"all","DT#857","DT",857
562,551,25,13,0.9773913043478261,0.9769503546099291,0.9773913043478261,0.9773913043478261,0.9672977624784854,0.9669852302345786,0.9339716067945628,857,"all","RF#857","RF",857
503,544,32,72,0.9444444444444444,0.9401869158878504,0.9444444444444444,0.9444444444444444,0.912751677852349,0.9096437880104257,0.8192765263602874,857,"all","NB#857","NB",857
553,545,31,22,0.9617391304347827,0.9611992945326279,0.9617391304347827,0.9617391304347827,0.9542709232096636,0.9539530842745438,0.9079073502926439,857,"all","MLP#857","MLP",857
551,547,29,24,0.9582608695652174,0.957968476357268,0.9582608695652174,0.9582608695652174,0.9541125541125541,0.9539530842745438,0.9079067941818071,858,"all","DT#858","DT",858
558,556,20,17,0.9704347826086956,0.9703315881326352,0.9704347826086956,0.9704347826086956,0.9679098005203817,0.9678540399652477,0.9357083225770416,858,"all","RF#858","RF",858
490,549,27,85,0.953125,0.9477756286266924,0.953125,0.953125,0.9074380165289256,0.9026933101650738,0.8053694315021545,858,"all","NB#858","NB",858
553,553,23,22,0.9617391304347827,0.9617391304347827,0.9617391304347827,0.9617391304347827,0.9609035621198958,0.9609035621198957,0.9218071832621025,858,"all","MLP#858","MLP",858
540,544,32,35,0.9444444444444444,0.9440559440559441,0.9444444444444444,0.9444444444444444,0.941991341991342,0.9417897480451781,0.8835788809429995,859,"all","DT#859","DT",859
555,559,17,20,0.9704861111111112,0.9702797202797203,0.9704861111111112,0.9704861111111112,0.9679653679653679,0.9678540399652477,0.9357077402222536,859,"all","RF#859","RF",859
536,522,54,39,0.9321739130434783,0.93048128342246,0.9321739130434783,0.9321739130434783,0.9201716738197425,0.9192006950477846,0.8384049274246507,859,"all","NB#859","NB",859
556,554,22,19,0.9669565217391304,0.9668411867364747,0.9669565217391304,0.9669565217391304,0.9644405897658281,0.9643788010425717,0.9287578709637487,859,"all","MLP#859","MLP",859
557,542,34,18,0.9686956521739131,0.9678571428571429,0.9686956521739131,0.9686956521739131,0.9554030874785591,0.9548218940052129,0.909645902272892,860,"all","DT#860","DT",860
552,553,23,23,0.9600694444444444,0.9600694444444444,0.9600694444444444,0.9600694444444444,0.9600694444444444,0.9600347523892268,0.9200694444444444,860,"all","RF#860","RF",860
497,544,32,78,0.9444444444444444,0.9395085066162571,0.9444444444444444,0.9444444444444444,0.9081803005008348,0.9044309296264118,0.8088484405619956,860,"all","NB#860","NB",860
557,555,21,18,0.9686956521739131,0.9685863874345549,0.9686956521739131,0.9686956521739131,0.966175195143105,0.9661164205039097,0.9322330967703952,860,"all","MLP#860","MLP",860
557,530,46,18,0.9686956521739131,0.9671532846715328,0.9686956521739131,0.9686956521739131,0.9456706281833617,0.944396177237185,0.8887969711425242,861,"all","DT#861","DT",861
564,549,27,11,0.9808695652173913,0.9803571428571428,0.9808695652173913,0.9808695652173913,0.967409948542024,0.9669852302345786,0.9339720055071133,861,"all","RF#861","RF",861
516,532,44,59,0.9236111111111112,0.9214285714285714,0.9236111111111112,0.9236111111111112,0.9117395029991432,0.9105125977410947,0.821021007420156,861,"all","NB#861","NB",861
552,543,33,23,0.96,0.9593639575971732,0.96,0.96,0.9517241379310344,0.9513466550825369,0.9026947056958681,861,"all","MLP#861","MLP",861
554,543,33,21,0.9634782608695652,0.9627659574468085,0.9634782608695652,0.9634782608695652,0.9535283993115319,0.9530842745438749,0.9061701780764841,862,"all","DT#862","DT",862
561,556,20,14,0.9756521739130435,0.9754385964912281,0.9756521739130435,0.9756521739130435,0.9705882352941178,0.9704604691572546,0.9409214288517919,862,"all","RF#862","RF",862
527,538,38,48,0.9340277777777778,0.9327433628318584,0.9340277777777778,0.9340277777777778,0.9259896729776247,0.9252823631624674,0.8505623575235133,862,"all","NB#862","NB",862
559,548,28,16,0.9721739130434782,0.9716312056737588,0.9721739130434782,0.9721739130434782,0.9621342512908777,0.9617723718505647,0.9235460710252834,862,"all","MLP#862","MLP",862
548,546,30,27,0.9530434782608695,0.9528795811518325,0.9530434782608695,0.9530434782608695,0.9505637467476149,0.950477845351868,0.9009560645105775,863,"all","DT#863","DT",863
555,552,24,20,0.9652173913043478,0.965034965034965,0.9652173913043478,0.9652173913043478,0.9618717504332756,0.9617723718505647,0.923545147674229,863,"all","RF#863","RF",863
407,558,18,168,0.96875,0.9576470588235294,0.96875,0.96875,0.8571428571428572,0.838401390095569,0.6767293318233295,863,"all","NB#863","NB",863
552,545,31,23,0.96,0.9595070422535211,0.96,0.96,0.9533678756476682,0.9530842745438749,0.9061696114781222,863,"all","MLP#863","MLP",863
544,540,36,31,0.9460869565217391,0.9457092819614711,0.9460869565217391,0.9460869565217391,0.941991341991342,0.9417897480451781,0.8835802869845487,864,"all","DT#864","DT",864
559,554,22,16,0.9721739130434782,0.9719298245614035,0.9721739130434782,0.9721739130434782,0.9671280276816608,0.9669852302345786,0.9339710087167085,864,"all","RF#864","RF",864
502,543,33,73,0.9427083333333334,0.9383177570093458,0.9427083333333334,0.9427083333333334,0.9110738255033557,0.9079061685490878,0.8158010749441392,864,"all","NB#864","NB",864
547,543,33,28,0.951304347826087,0.9509632224168126,0.951304347826087,0.951304347826087,0.9471861471861474,0.947002606429192,0.8940059329262309,864,"all","MLP#864","MLP",864
537,549,27,38,0.953125,0.9521276595744681,0.953125,0.953125,0.9441100601891659,0.9435273675065161,0.8870527741251742,865,"all","DT#865","DT",865
560,557,19,15,0.9739130434782609,0.9737762237762237,0.9739130434782609,0.9739130434782609,0.9705372616984401,0.9704604691572546,0.9409212504755406,865,"all","RF#865","RF",865
487,552,24,88,0.9583333333333334,0.9530332681017613,0.9583333333333334,0.9583333333333334,0.9078947368421054,0.9026933101650738,0.8053676683737558,865,"all","NB#865","NB",865
555,550,26,20,0.9652173913043478,0.9649122807017544,0.9652173913043478,0.9652173913043478,0.9602076124567475,0.9600347523892268,0.9200701684465419,865,"all","MLP#865","MLP",865
537,549,27,38,0.953125,0.9521276595744681,0.953125,0.953125,0.9441100601891659,0.9435273675065161,0.8870527741251742,866,"all","DT#866","DT",866
558,558,18,17,0.9704347826086956,0.9704347826086956,0.9704347826086956,0.9704347826086956,0.9695916594265855,0.9695916594265855,0.9391833647594131,866,"all","RF#866","RF",866
533,541,35,42,0.9392361111111112,0.9383802816901409,0.9392361111111112,0.9392361111111112,0.9335634167385678,0.9331016507384883,0.8662017865526961,866,"all","NB#866","NB",866
559,555,21,16,0.9721739130434782,0.9719789842381786,0.9721739130434782,0.9721739130434782,0.9679653679653679,0.9678540399652477,0.9357085166929598,866,"all","MLP#866","MLP",866
544,555,21,31,0.9635416666666666,0.9628318584070796,0.9635416666666666,0.9635416666666666,0.955249569707401,0.9548218940052129,0.9096423557118919,867,"all","DT#867","DT",867
559,560,16,16,0.9722222222222222,0.9722222222222222,0.9722222222222222,0.9722222222222222,0.9722222222222222,0.9721980886185926,0.9443961352657005,867,"all","RF#867","RF",867
555,459,117,20,0.9652173913043478,0.9582463465553236,0.9652173913043478,0.9652173913043478,0.8901363271852446,0.8809730668983493,0.761980808969701,867,"all","NB#867","NB",867
565,554,22,10,0.9826086956521739,0.9822695035460993,0.9826086956521739,0.9826086956521739,0.972461273666093,0.9721980886185926,0.9443971425638426,867,"all","MLP#867","MLP",867
539,553,23,36,0.9600694444444444,0.9590747330960854,0.9600694444444444,0.9600694444444444,0.9493562231759656,0.94874022589053,0.8974783623470871,868,"all","DT#868","DT",868
555,556,20,20,0.9652777777777778,0.9652777777777778,0.9652777777777778,0.9652777777777778,0.9652777777777778,0.9652476107732406,0.9304951690821255,868,"all","RF#868","RF",868
511,530,46,64,0.9201388888888888,0.9174147217235189,0.9201388888888888,0.9201388888888888,0.905982905982906,0.9044309296264118,0.8088565208595644,868,"all","NB#868","NB",868
553,555,21,22,0.9635416666666666,0.9634146341463414,0.9635416666666666,0.9635416666666666,0.9627059843885516,0.9626411815812337,0.9252821939646647,868,"all","MLP#868","MLP",868
548,550,26,27,0.9548611111111112,0.9547038327526133,0.9548611111111112,0.9548611111111112,0.9540329575021683,0.9539530842745438,0.9079059600029589,869,"all","DT#869","DT",869
560,558,18,15,0.9739130434782609,0.9738219895287958,0.9739130434782609,0.9739130434782609,0.9713790112749351,0.9713292788879235,0.9426587741903344,869,"all","RF#869","RF",869
451,562,14,124,0.9756944444444444,0.9698924731182795,0.9756944444444444,0.9756944444444444,0.8906497622820919,0.8801042571676803,0.7601685062434885,869,"all","NB#869","NB",869
560,553,23,15,0.9739130434782609,0.9735915492957746,0.9739130434782609,0.9739130434782609,0.9671848013816926,0.9669852302345786,0.9339712080771971,869,"all","MLP#869","MLP",869
544,548,28,31,0.9513888888888888,0.951048951048951,0.9513888888888888,0.9513888888888888,0.9489177489177488,0.94874022589053,0.8974799100841339,870,"all","DT#870","DT",870
556,555,21,19,0.9669565217391304,0.9668989547038328,0.9669565217391304,0.9669565217391304,0.9652777777777777,0.9652476107732406,0.9304953789390732,870,"all","RF#870","RF",870
511,548,28,64,0.9513888888888888,0.948051948051948,0.9513888888888888,0.9513888888888888,0.9225589225589226,0.9200695047784535,0.8401302003128189,870,"all","NB#870","NB",870
545,551,25,30,0.9565972222222222,0.956140350877193,0.9565972222222222,0.9565972222222222,0.9524632670700086,0.952215464813206,0.9044301360970419,870,"all","MLP#870","MLP",870
554,548,28,21,0.9634782608695652,0.9630931458699473,0.9634782608695652,0.9634782608695652,0.9576490924805532,0.9574283231972198,0.9148574818804752,871,"all","DT#871","DT",871
566,558,18,9,0.9843478260869565,0.9841269841269841,0.9843478260869565,0.9843478260869565,0.9767040552200172,0.9765421372719374,0.953084876564177,871,"all","RF#871","RF",871
529,538,38,46,0.9340277777777778,0.9329805996472663,0.9340277777777778,0.9340277777777778,0.9275862068965518,0.9270199826238054,0.8540380922474908,871,"all","NB#871","NB",871
548,550,26,27,0.9548611111111112,0.9547038327526133,0.9548611111111112,0.9548611111111112,0.9540329575021683,0.9539530842745438,0.9079059600029589,871,"all","MLP#871","MLP",871
544,547,29,31,0.9496527777777778,0.9493891797556719,0.9496527777777778,0.9496527777777778,0.9480069324090121,0.947871416159861,0.8957424388358661,872,"all","DT#872","DT",872
558,556,20,17,0.9704347826086956,0.9703315881326352,0.9704347826086956,0.9704347826086956,0.9679098005203817,0.9678540399652477,0.9357083225770416,872,"all","RF#872","RF",872
488,557,19,87,0.9670138888888888,0.9625246548323472,0.9670138888888888,0.9670138888888888,0.9131147540983607,0.9079061685490878,0.815793287958305,872,"all","NB#872","NB",872
553,555,21,22,0.9635416666666666,0.9634146341463414,0.9635416666666666,0.9635416666666666,0.9627059843885516,0.9626411815812337,0.9252821939646647,872,"all","MLP#872","MLP",872
547,544,32,28,0.951304347826087,0.951048951048951,0.951304347826087,0.951304347826087,0.9480069324090121,0.947871416159861,0.8957433831921305,873,"all","DT#873","DT",873
564,548,28,11,0.9808695652173913,0.9803220035778175,0.9808695652173913,0.9808695652173913,0.9665809768637532,0.9661164205039097,0.9322345290051434,873,"all","RF#873","RF",873
504,548,28,71,0.9513888888888888,0.9473684210526315,0.9513888888888888,0.9513888888888888,0.9171548117154812,0.9139878366637706,0.8279643757067562,873,"all","NB#873","NB",873
557,552,24,18,0.9686956521739131,0.968421052631579,0.9686956521739131,0.9686956521739131,0.9636678200692042,0.9635099913119027,0.9270205885816253,873,"all","MLP#873","MLP",873
525,538,38,50,0.9340277777777778,0.9325044404973357,0.9340277777777778,0.9340277777777778,0.9243986254295532,0.9235447437011295,0.8470866018104193,874,"all","DT#874","DT",874
556,550,26,19,0.9669565217391304,0.9666080843585237,0.9669565217391304,0.9669565217391304,0.9611063094209161,0.9609035621198957,0.9218078915228852,874,"all","RF#874","RF",874
491,540,36,84,0.9375,0.9316888045540797,0.9375,0.9375,0.9,0.895742832319722,0.7914703964055366,874,"all","NB#874","NB",874
553,557,19,22,0.9670138888888888,0.9667832167832168,0.9670138888888888,0.9670138888888888,0.9645021645021645,0.9643788010425717,0.9287572256516863,874,"all","MLP#874","MLP",874
545,550,26,30,0.9548611111111112,0.9544658493870403,0.9548611111111112,0.9548611111111112,0.9515570934256056,0.9513466550825369,0.9026926491101999,875,"all","DT#875","DT",875
564,557,19,11,0.9808695652173913,0.9806338028169014,0.9808695652173913,0.9808695652173913,0.9740932642487047,0.9739357080799305,0.9478720063767345,875,"all","RF#875","RF",875
528,536,40,47,0.9305555555555556,0.9295774647887324,0.9305555555555556,0.9305555555555556,0.9249352890422778,0.9244135534317984,0.8488253951959033,875,"all","NB#875","NB",875
549,551,25,26,0.9565972222222222,0.9564459930313589,0.9565972222222222,0.9565972222222222,0.9557675628794449,0.9556907037358818,0.9113812067953001,875,"all","MLP#875","MLP",875
540,549,27,35,0.953125,0.9523809523809523,0.953125,0.953125,0.9465517241379311,0.946133796698523,0.8922662109445767,876,"all","DT#876","DT",876
554,557,19,21,0.9670138888888888,0.9668411867364747,0.9670138888888888,0.9670138888888888,0.9653379549393414,0.9652476107732406,0.9304949592239106,876,"all","RF#876","RF",876
548,434,142,27,0.9530434782608695,0.9414316702819957,0.9530434782608695,0.9530434782608695,0.866403162055336,0.8531711555169418,0.7063930627985782,876,"all","NB#876","NB",876
557,544,32,18,0.9686956521739131,0.9679715302491103,0.9686956521739131,0.9686956521739131,0.9570446735395189,0.9565595134665508,0.9131207975676842,876,"all","MLP#876","MLP",876
543,544,32,32,0.9444444444444444,0.9444444444444444,0.9444444444444444,0.9444444444444444,0.9444444444444444,0.944396177237185,0.888792270531401,877,"all","DT#877","DT",877
556,550,26,19,0.9669565217391304,0.9666080843585237,0.9669565217391304,0.9669565217391304,0.9611063094209161,0.9609035621198957,0.9218078915228852,877,"all","RF#877","RF",877
532,527,49,43,0.9252173913043479,0.9245614035087719,0.9252173913043479,0.9252173913043479,0.9204152249134948,0.9200695047784535,0.8401403368930837,877,"all","NB#877","NB",877
552,551,25,23,0.96,0.9599303135888502,0.96,0.96,0.9583333333333334,0.9582971329278888,0.9165944547268878,877,"all","MLP#877","MLP",877
533,552,24,42,0.9583333333333334,0.9569120287253142,0.9583333333333334,0.9583333333333334,0.9435897435897437,0.9426585577758471,0.8853139125157385,878,"all","DT#878","DT",878
558,557,19,17,0.9704347826086956,0.9703832752613241,0.9704347826086956,0.9704347826086956,0.96875,0.9687228496959166,0.9374458410451659,878,"all","RF#878","RF",878
532,534,42,43,0.9270833333333334,0.926829268292683,0.9270833333333334,0.9270833333333334,0.9262792714657415,0.9261511728931364,0.8523020113255002,878,"all","NB#878","NB",878
547,548,28,28,0.9513888888888888,0.9513888888888888,0.9513888888888888,0.9513888888888888,0.9513888888888888,0.9513466550825369,0.9026932367149758,878,"all","MLP#878","MLP",878
543,543,33,32,0.9443478260869566,0.9443478260869566,0.9443478260869566,0.9443478260869566,0.9435273675065161,0.9435273675065161,0.8870548202674816,879,"all","DT#879","DT",879
557,551,25,18,0.9686956521739131,0.968365553602812,0.9686956521739131,0.9686956521739131,0.9628349178910978,0.9626411815812337,0.9252830963440904,879,"all","RF#879","RF",879
507,548,28,68,0.9513888888888888,0.9476635514018692,0.9513888888888888,0.9513888888888888,0.9194630872483223,0.9165942658557776,0.8331783320248809,879,"all","NB#879","NB",879
553,548,28,22,0.9617391304347827,0.9614035087719298,0.9617391304347827,0.9617391304347827,0.9567474048442908,0.9565595134665508,0.9131197483114584,879,"all","MLP#879","MLP",879
554,540,36,21,0.9634782608695652,0.9625668449197861,0.9634782608695652,0.9634782608695652,0.9510729613733906,0.950477845351868,0.9009578587441407,880,"all","DT#880","DT",880
563,549,27,12,0.9791304347826087,0.9786096256684492,0.9791304347826087,0.9791304347826087,0.9665236051502147,0.9661164205039097,0.9322343244038858,880,"all","RF#880","RF",880
527,536,40,48,0.9305555555555556,0.9294532627865961,0.9305555555555556,0.9305555555555556,0.9241379310344828,0.9235447437011295,0.8470875252116572,880,"all","NB#880","NB",880
557,549,27,18,0.9686956521739131,0.9682539682539683,0.9686956521739131,0.9686956521739131,0.9611734253666955,0.9609035621198957,0.9218081276069617,880,"all","MLP#880","MLP",880
553,534,42,22,0.9617391304347827,0.960431654676259,0.9617391304347827,0.9617391304347827,0.9452991452991453,0.944396177237185,0.888795628151324,881,"all","DT#881","DT",881
559,548,28,16,0.9721739130434782,0.9716312056737588,0.9721739130434782,0.9721739130434782,0.9621342512908777,0.9617723718505647,0.9235460710252834,881,"all","RF#881","RF",881
512,543,33,63,0.9427083333333334,0.9394495412844037,0.9427083333333334,0.9427083333333334,0.9187817258883249,0.9165942658557776,0.8331808505820011,881,"all","NB#881","NB",881
555,545,31,20,0.9652173913043478,0.9646017699115044,0.9652173913043478,0.9652173913043478,0.9560723514211885,0.9556907037358818,0.9113828121815609,881,"all","MLP#881","MLP",881
548,554,22,27,0.9618055555555556,0.9614035087719298,0.9618055555555556,0.9618055555555556,0.9576490924805532,0.9574283231972198,0.91485593943191,882,"all","DT#882","DT",882
557,557,19,18,0.9686956521739131,0.9686956521739131,0.9686956521739131,0.9686956521739131,0.9678540399652477,0.9678540399652477,0.9357081284599512,882,"all","RF#882","RF",882
509,548,28,66,0.9513888888888888,0.9478584729981379,0.9513888888888888,0.9513888888888888,0.9210084033613445,0.9183318853171155,0.836654276664422,882,"all","NB#882","NB",882
558,552,24,17,0.9704347826086956,0.9701230228471002,0.9704347826086956,0.9704347826086956,0.9645635263612791,0.9643788010425717,0.9287583011652956,882,"all","MLP#882","MLP",882
543,540,36,32,0.9443478260869566,0.9440559440559441,0.9443478260869566,0.9443478260869566,0.9410745233968806,0.9409209383145091,0.8818425009510811,883,"all","DT#883","DT",883
558,552,24,17,0.9704347826086956,0.9701230228471002,0.9704347826086956,0.9704347826086956,0.9645635263612791,0.9643788010425717,0.9287583011652956,883,"all","RF#883","RF",883
535,526,50,40,0.9304347826086956,0.9293286219081273,0.9304347826086956,0.9304347826086956,0.9224137931034483,0.9218071242397915,0.843616491296931,883,"all","NB#883","NB",883
556,550,26,19,0.9669565217391304,0.9666080843585237,0.9669565217391304,0.9669565217391304,0.9611063094209161,0.9609035621198957,0.9218078915228852,883,"all","MLP#883","MLP",883
532,554,22,43,0.9618055555555556,0.9602888086642599,0.9618055555555556,0.9618055555555556,0.9445865302642796,0.9435273675065161,0.8870510689499517,884,"all","DT#884","DT",884
563,559,17,12,0.9791304347826087,0.978984238178634,0.9791304347826087,0.9791304347826087,0.9748917748917749,0.9748045178105995,0.9496093779485361,884,"all","RF#884","RF",884
511,556,20,64,0.9652777777777778,0.9623352165725048,0.9652777777777778,0.9652777777777778,0.9297658862876254,0.9270199826238054,0.8540301590081466,884,"all","NB#884","NB",884
558,552,24,17,0.9704347826086956,0.9701230228471002,0.9704347826086956,0.9704347826086956,0.9645635263612791,0.9643788010425717,0.9287583011652956,884,"all","MLP#884","MLP",884
551,544,32,24,0.9582608695652174,0.9577464788732394,0.9582608695652174,0.9582608695652174,0.9516407599309155,0.9513466550825369,0.9026944119032378,885,"all","DT#885","DT",885
556,559,17,19,0.9704861111111112,0.9703315881326352,0.9704861111111112,0.9704861111111112,0.9688041594454073,0.9687228496959166,0.9374454633015197,885,"all","RF#885","RF",885
490,559,17,85,0.9704861111111112,0.9664694280078896,0.9704861111111112,0.9704861111111112,0.916393442622951,0.9113814074717637,0.8227444846391235,885,"all","NB#885","NB",885
557,556,20,18,0.9686956521739131,0.9686411149825784,0.9686956521739131,0.9686956521739131,0.967013888888889,0.9669852302345786,0.9339706099921196,885,"all","MLP#885","MLP",885
537,548,28,38,0.9513888888888888,0.9504424778761061,0.9513888888888888,0.9513888888888888,0.9432013769363167,0.9426585577758471,0.8853152976343241,886,"all","DT#886","DT",886
553,558,18,22,0.96875,0.968476357267951,0.96875,0.96875,0.9653979238754326,0.9652476107732406,0.9304947493644284,886,"all","RF#886","RF",886
520,530,46,55,0.9201388888888888,0.9187279151943463,0.9201388888888888,0.9201388888888888,0.9130060292850991,0.9122502172024327,0.8244979173932013,886,"all","NB#886","NB",886
554,551,25,21,0.9634782608695652,0.9632867132867133,0.9634782608695652,0.9634782608695652,0.9601386481802425,0.9600347523892268,0.9200699271139667,886,"all","MLP#886","MLP",886
548,541,35,27,0.9530434782608695,0.9524647887323944,0.9530434782608695,0.9530434782608695,0.9464594127806563,0.946133796698523,0.8922688131785849,887,"all","DT#887","DT",887
560,551,25,15,0.9739130434782609,0.9734982332155477,0.9739130434782609,0.9739130434782609,0.9655172413793104,0.9652476107732406,0.9304962183541914,887,"all","RF#887","RF",887
498,539,37,77,0.9357638888888888,0.930841121495327,0.9357638888888888,0.9357638888888888,0.9043624161073824,0.9009556907037359,0.801899269279546,887,"all","NB#887","NB",887
554,542,34,21,0.9634782608695652,0.9626998223801065,0.9634782608695652,0.9634782608695652,0.9527085124677559,0.952215464813206,0.9044327330532463,887,"all","MLP#887","MLP",887
553,547,29,22,0.9617391304347827,0.961335676625659,0.9617391304347827,0.9617391304347827,0.9559204840103717,0.9556907037358818,0.9113822770592701,888,"all","DT#888","DT",888
565,564,12,10,0.9826086956521739,0.9825783972125436,0.9826086956521739,0.9826086956521739,0.9809027777777779,0.9808861859252823,0.9617724584164902,888,"all","RF#888","RF",888
473,550,26,102,0.9548611111111112,0.9478957915831663,0.9548611111111112,0.9548611111111112,0.8957654723127036,0.8887923544743701,0.777559019452715,888,"all","NB#888","NB",888
555,554,22,20,0.9652173913043478,0.9651567944250871,0.9652173913043478,0.9652173913043478,0.9635416666666666,0.9635099913119027,0.927020147886027,888,"all","MLP#888","MLP",888
539,548,28,36,0.9513888888888888,0.9506172839506173,0.9513888888888888,0.9513888888888888,0.9448275862068966,0.944396177237185,0.8887909274266598,889,"all","DT#889","DT",889
555,557,19,20,0.9670138888888888,0.9668989547038328,0.9670138888888888,0.9670138888888888,0.9661751951431049,0.9661164205039097,0.9322326875493472,889,"all","RF#889","RF",889
466,560,16,109,0.9722222222222222,0.966804979253112,0.9722222222222222,0.9722222222222222,0.8995983935742972,0.891398783666377,0.7827669041698185,889,"all","NB#889","NB",889
554,559,17,21,0.9704861111111112,0.9702276707530648,0.9704861111111112,0.9704861111111112,0.9671280276816608,0.9669852302345786,0.9339700118962071,889,"all","MLP#889","MLP",889
540,550,26,35,0.9548611111111112,0.9540636042402827,0.9548611111111112,0.9548611111111112,0.9474590869939707,0.947002606429192,0.8940036926830225,890,"all","DT#890","DT",890
560,555,21,15,0.9739130434782609,0.9736842105263158,0.9739130434782609,0.9739130434782609,0.9688581314878892,0.9687228496959166,0.9374462187842502,890,"all","RF#890","RF",890
519,529,47,56,0.9184027777777778,0.9169611307420494,0.9184027777777778,0.9184027777777778,0.9112833763996554,0.9105125977410947,0.8210226286287102,890,"all","NB#890","NB",890
539,557,19,36,0.9670138888888888,0.9659498207885304,0.9670138888888888,0.9670138888888888,0.95295124037639,0.952215464813206,0.904428404714493,890,"all","MLP#890","MLP",890
547,541,35,28,0.951304347826087,0.9507908611599297,0.951304347826087,0.951304347826087,0.9455488331892826,0.945264986967854,0.8905310481320394,891,"all","DT#891","DT",891
556,562,14,19,0.9756944444444444,0.9754385964912281,0.9756944444444444,0.9756944444444444,0.9714779602420052,0.9713292788879235,0.9426580816582251,891,"all","RF#891","RF",891
510,547,29,65,0.9496527777777778,0.9461966604823747,0.9496527777777778,0.9496527777777778,0.9208754208754208,0.9183318853171155,0.8366547698848367,891,"all","NB#891","NB",891
550,551,25,25,0.9565972222222222,0.9565972222222222,0.9565972222222222,0.9565972222222222,0.9565972222222222,0.9565595134665508,0.9131189613526569,891,"all","MLP#891","MLP",891
551,555,21,24,0.9635416666666666,0.9632867132867133,0.9635416666666666,0.9635416666666666,0.961038961038961,0.9609035621198957,0.921806711081119,892,"all","DT#892","DT",892
560,556,20,15,0.9739130434782609,0.9737302977232924,0.9739130434782609,0.9739130434782609,0.9696969696969697,0.9695916594265855,0.9391837320068538,892,"all","RF#892","RF",892
549,454,122,26,0.9547826086956521,0.9458333333333333,0.9547826086956521,0.9547826086956521,0.8812199036918139,0.8714161598609904,0.7428693909095301,892,"all","NB#892","NB",892
559,552,24,16,0.9721739130434782,0.971830985915493,0.9721739130434782,0.9721739130434782,0.9654576856649396,0.9652476107732406,0.9304960085023127,892,"all","MLP#892","MLP",892
541,546,30,34,0.9479166666666666,0.9474605954465849,0.9479166666666666,0.9479166666666666,0.9446366782006921,0.944396177237185,0.8887915989830857,893,"all","DT#893","DT",893
560,556,20,15,0.9739130434782609,0.9737302977232924,0.9739130434782609,0.9739130434782609,0.9696969696969697,0.9695916594265855,0.9391837320068538,893,"all","RF#893","RF",893
528,539,37,47,0.9357638888888888,0.9345132743362832,0.9357638888888888,0.9357638888888888,0.927710843373494,0.9270199826238054,0.8540376515345944,893,"all","NB#893","NB",893
551,553,23,24,0.9600694444444444,0.9599303135888502,0.9600694444444444,0.9600694444444444,0.9592367736339982,0.9591659426585578,0.9183317003799826,893,"all","MLP#893","MLP",893
544,541,35,31,0.9460869565217391,0.9458041958041958,0.9460869565217391,0.9460869565217391,0.9428076256499134,0.9426585577758471,0.8853177215113435,894,"all","DT#894","DT",894
560,553,23,15,0.9739130434782609,0.9735915492957746,0.9739130434782609,0.9739130434782609,0.9671848013816926,0.9669852302345786,0.9339712080771971,894,"all","RF#894","RF",894
499,558,18,76,0.96875,0.965183752417795,0.96875,0.96875,0.922314049586777,0.9183318853171155,0.836649344296451,894,"all","NB#894","NB",894
556,554,22,19,0.9669565217391304,0.9668411867364747,0.9669565217391304,0.9669565217391304,0.9644405897658281,0.9643788010425717,0.9287578709637487,894,"all","MLP#894","MLP",894
538,559,17,37,0.9704861111111112,0.9693693693693693,0.9704861111111112,0.9704861111111112,0.9539249146757679,0.9530842745438749,0.90616564509798,895,"all","DT#895","DT",895
555,557,19,20,0.9670138888888888,0.9668989547038328,0.9670138888888888,0.9670138888888888,0.9661751951431049,0.9661164205039097,0.9322326875493472,895,"all","RF#895","RF",895
513,540,36,62,0.9375,0.9344262295081968,0.9375,0.9375,0.9168081494057725,0.9148566463944396,0.8297064800248802,895,"all","NB#895","NB",895
558,555,21,17,0.9704347826086956,0.9702797202797203,0.9704347826086956,0.9704347826086956,0.9670710571923744,0.9669852302345786,0.933970809355016,895,"all","MLP#895","MLP",895
548,542,34,27,0.9530434782608695,0.9525483304042179,0.9530434782608695,0.9530434782608695,0.9472774416594643,0.947002606429192,0.8940062529532447,896,"all","DT#896","DT",896
565,549,27,10,0.9826086956521739,0.9821109123434705,0.9826086956521739,0.9826086956521739,0.9682947729220224,0.9678540399652477,0.935709681363854,896,"all","RF#896","RF",896
541,517,59,34,0.9408695652173913,0.9382940108892922,0.9408695652173913,0.9408695652173913,0.9208510638297872,0.9192006950477846,0.8384073668717213,896,"all","NB#896","NB",896
558,548,28,17,0.9704347826086956,0.9699115044247788,0.9704347826086956,0.9704347826086956,0.9612403100775193,0.9609035621198957,0.9218083636896125,896,"all","MLP#896","MLP",896
540,557,19,35,0.9670138888888888,0.9660107334525939,0.9670138888888888,0.9670138888888888,0.9537671232876712,0.9530842745438749,0.906166211744245,897,"all","DT#897","DT",897
556,561,15,19,0.9739583333333334,0.9737302977232924,0.9739583333333334,0.9739583333333334,0.9705882352941176,0.9704604691572546,0.9409205369597643,897,"all","RF#897","RF",897
502,557,19,73,0.9670138888888888,0.963531669865643,0.9670138888888888,0.9670138888888888,0.923714759535655,0.9200695047784535,0.8401258556706012,897,"all","NB#897","NB",897
556,557,19,19,0.9670138888888888,0.9670138888888888,0.9670138888888888,0.9670138888888888,0.9670138888888888,0.9669852302345786,0.9339704106280193,897,"all","MLP#897","MLP",897
538,548,28,37,0.9513888888888888,0.950530035335689,0.9513888888888888,0.9513888888888888,0.9440137812230835,0.9435273675065161,0.8870531151540405,898,"all","DT#898","DT",898
554,555,21,21,0.9635416666666666,0.9635416666666666,0.9635416666666666,0.9635416666666666,0.9635416666666666,0.9635099913119027,0.927019927536232,898,"all","RF#898","RF",898
515,540,36,60,0.9375,0.9346642468239564,0.9375,0.9375,0.9183673469387755,0.9165942658557776,0.8331823616797711,898,"all","NB#898","NB",898
540,558,18,35,0.96875,0.967741935483871,0.96875,0.96875,0.9546621043627032,0.9539530842745438,0.9079037354521478,898,"all","MLP#898","MLP",898
544,556,20,31,0.9652777777777778,0.9645390070921985,0.9652777777777778,0.9652777777777778,0.9561478933791917,0.9556907037358818,0.9113798689289828,899,"all","DT#899","DT",899
552,562,14,23,0.9756944444444444,0.9752650176678446,0.9756944444444444,0.9756944444444444,0.9681309216192938,0.9678540399652477,0.9357071578569154,899,"all","RF#899","RF",899
512,546,30,63,0.9479166666666666,0.9446494464944649,0.9479166666666666,0.9479166666666666,0.9215189873417722,0.9192006950477846,0.8383932170533859,899,"all","NB#899","NB",899
546,555,21,29,0.9635416666666666,0.9629629629629629,0.9635416666666666,0.9635416666666666,0.9568965517241379,0.9565595134665508,0.9131179120520778,899,"all","MLP#899","MLP",899
548,547,29,27,0.9530434782608695,0.9529616724738676,0.9530434782608695,0.9530434782608695,0.9513888888888888,0.9513466550825369,0.9026935305147025,900,"all","DT#900","DT",900
556,558,18,19,0.96875,0.9686411149825784,0.96875,0.96875,0.9679098005203817,0.9678540399652477,0.9357079343416884,900,"all","RF#900","RF",900
540,529,47,35,0.9391304347826087,0.9379432624113475,0.9391304347826087,0.9391304347826087,0.9294320137693631,0.9287576020851434,0.8575176778198462,900,"all","NB#900","NB",900
551,545,31,24,0.9582608695652174,0.9578207381370826,0.9582608695652174,0.9582608695652174,0.9524632670700085,0.952215464813206,0.90443186741686,900,"all","MLP#900","MLP",900
550,540,36,25,0.9565217391304348,0.9557522123893806,0.9565217391304348,0.9565217391304348,0.9474590869939706,0.947002606429192,0.8940068930014748,901,"all","DT#901","DT",901
566,556,20,9,0.9843478260869565,0.984070796460177,0.9843478260869565,0.9843478260869565,0.975021533161068,0.9748045178105995,0.9496098343777505,901,"all","RF#901","RF",901
507,556,20,68,0.9652777777777778,0.9620493358633776,0.9652777777777778,0.9652777777777778,0.9266666666666667,0.9235447437011295,0.8470782906973936,901,"all","NB#901","NB",901
557,552,24,18,0.9686956521739131,0.968421052631579,0.9686956521739131,0.9686956521739131,0.9636678200692042,0.9635099913119027,0.9270205885816253,901,"all","MLP#901","MLP",901
545,544,32,30,0.9478260869565217,0.9477351916376306,0.9478260869565217,0.9478260869565217,0.9461805555555556,0.946133796698523,0.8922678373555636,902,"all","DT#902","DT",902
560,551,25,15,0.9739130434782609,0.9734982332155477,0.9739130434782609,0.9739130434782609,0.9655172413793104,0.9652476107732406,0.9304962183541914,902,"all","RF#902","RF",902
480,552,24,95,0.9583333333333334,0.9523809523809523,0.9583333333333334,0.9583333333333334,0.9026982829108748,0.896611642050391,0.7932009620596412,902,"all","NB#902","NB",902
545,546,30,30,0.9479166666666666,0.9479166666666666,0.9479166666666666,0.9479166666666666,0.9479166666666666,0.947871416159861,0.8957427536231884,902,"all","MLP#902","MLP",902
547,547,29,28,0.951304347826087,0.951304347826087,0.951304347826087,0.951304347826087,0.9504778453518681,0.950477845351868,0.9009557654653301,903,"all","DT#903","DT",903
559,554,22,16,0.9721739130434782,0.9719298245614035,0.9721739130434782,0.9721739130434782,0.9671280276816608,0.9669852302345786,0.9339710087167085,903,"all","RF#903","RF",903
477,554,22,98,0.9618055555555556,0.9559118236472945,0.9618055555555556,0.9618055555555556,0.9022801302931597,0.895742832319722,0.7914615807369202,903,"all","NB#903","NB",903
551,549,27,24,0.9582608695652174,0.9581151832460733,0.9582608695652174,0.9582608695652174,0.9557675628794449,0.9556907037358818,0.9113817419305167,903,"all","MLP#903","MLP",903
543,544,32,32,0.9444444444444444,0.9444444444444444,0.9444444444444444,0.9444444444444444,0.9444444444444444,0.944396177237185,0.888792270531401,904,"all","DT#904","DT",904
560,557,19,15,0.9739130434782609,0.9737762237762237,0.9739130434782609,0.9739130434782609,0.9705372616984401,0.9704604691572546,0.9409212504755406,904,"all","RF#904","RF",904
493,556,20,82,0.9652777777777778,0.9610136452241715,0.9652777777777778,0.9652777777777778,0.9159802306425042,0.9113814074717637,0.8227460903647382,904,"all","NB#904","NB",904
553,554,22,22,0.9618055555555556,0.9618055555555556,0.9618055555555556,0.9618055555555556,0.9618055555555556,0.9617723718505647,0.9235446859903382,904,"all","MLP#904","MLP",904
536,556,20,39,0.9652777777777778,0.9640287769784173,0.9652777777777778,0.9652777777777778,0.9496157130657558,0.94874022589053,0.8974774336824275,905,"all","DT#905","DT",905
556,563,13,19,0.9774305555555556,0.9771528998242531,0.9774305555555556,0.9774305555555556,0.9723661485319517,0.9721980886185926,0.9443956316029434,905,"all","RF#905","RF",905
512,540,36,63,0.9375,0.9343065693430657,0.9375,0.9375,0.9160305343511451,0.9139878366637706,0.827968531326005,905,"all","NB#905","NB",905
547,550,26,28,0.9548611111111112,0.9546247818499127,0.9548611111111112,0.9548611111111112,0.9532062391681109,0.9530842745438749,0.9061681949522795,905,"all","MLP#905","MLP",905
538,539,37,37,0.9357638888888888,0.9357638888888888,0.9357638888888888,0.9357638888888888,0.9357638888888888,0.9357080799304952,0.8714160628019323,906,"all","DT#906","DT",906
557,548,28,18,0.9686956521739131,0.9681978798586572,0.9686956521739131,0.9686956521739131,0.9603448275862069,0.9600347523892268,0.9200706511073202,906,"all","RF#906","RF",906
512,540,36,63,0.9375,0.9343065693430657,0.9375,0.9375,0.9160305343511451,0.9139878366637706,0.827968531326005,906,"all","NB#906","NB",906
541,551,25,34,0.9565972222222222,0.9558303886925795,0.9565972222222222,0.9565972222222222,0.9491817398794143,0.94874022589053,0.8974789814475136,906,"all","MLP#906","MLP",906
541,545,31,34,0.9461805555555556,0.9458041958041958,0.9461805555555556,0.9461805555555556,0.9437229437229436,0.9435273675065161,0.8870541382282832,907,"all","DT#907","DT",907
548,557,19,27,0.9670138888888888,0.9664902998236331,0.9670138888888888,0.9670138888888888,0.9603448275862069,0.9600347523892268,0.9200684790879117,907,"all","RF#907","RF",907
496,551,25,79,0.9565972222222222,0.9520153550863724,0.9565972222222222,0.9565972222222222,0.9137645107794361,0.9096437880104257,0.8192727064102446,907,"all","NB#907","NB",907
553,546,30,22,0.9617391304347827,0.9612676056338029,0.9617391304347827,0.9617391304347827,0.9550949913644214,0.9548218940052129,0.9096448110530067,907,"all","MLP#907","MLP",907
545,544,32,30,0.9478260869565217,0.9477351916376306,0.9478260869565217,0.9478260869565217,0.9461805555555556,0.946133796698523,0.8922678373555636,908,"all","DT#908","DT",908
564,554,22,11,0.9808695652173913,0.9805309734513274,0.9808695652173913,0.9808695652173913,0.9715762273901808,0.9713292788879235,0.9426594667057159,908,"all","RF#908","RF",908
546,481,95,29,0.9495652173913044,0.9431372549019608,0.9495652173913044,0.9495652173913044,0.8980263157894737,0.8922675933970461,0.7845564904463022,908,"all","NB#908","NB",908
556,552,24,19,0.9669565217391304,0.9667250437828371,0.9669565217391304,0.9669565217391304,0.9627705627705627,0.9626411815812337,0.9252828707512775,908,"all","MLP#908","MLP",908
538,541,35,37,0.9392361111111112,0.9389179755671903,0.9392361111111112,0.9392361111111112,0.9376083188908145,0.9374456993918332,0.8748909266030392,909,"all","DT#909","DT",909
557,551,25,18,0.9686956521739131,0.968365553602812,0.9686956521739131,0.9686956521739131,0.9628349178910978,0.9626411815812337,0.9252830963440904,909,"all","RF#909","RF",909
548,460,116,27,0.9530434782608695,0.944558521560575,0.9530434782608695,0.9530434782608695,0.8845843422114609,0.8757602085143353,0.7515536107014608,909,"all","NB#909","NB",909
549,555,21,26,0.9635416666666666,0.9631578947368421,0.9635416666666666,0.9635416666666666,0.9593777009507347,0.9591659426585578,0.9183312072101995,909,"all","MLP#909","MLP",909
546,547,29,29,0.9496527777777778,0.9496527777777778,0.9496527777777778,0.9496527777777778,0.9496527777777778,0.9496090356211989,0.8992179951690821,910,"all","DT#910","DT",910
563,551,25,12,0.9791304347826087,0.9786856127886323,0.9791304347826087,0.9791304347826087,0.9681857265692176,0.9678540399652477,0.9357092931449112,910,"all","RF#910","RF",910
546,483,93,29,0.9495652173913044,0.943359375,0.9495652173913044,0.9495652173913044,0.899505766062603,0.894005212858384,0.7880307458216596,910,"all","NB#910","NB",910
562,546,30,13,0.9773913043478261,0.9767441860465116,0.9773913043478261,0.9773913043478261,0.963153384747215,0.9626411815812337,0.9252842242877221,910,"all","MLP#910","MLP",910
556,540,36,19,0.9669565217391304,0.9660107334525939,0.9669565217391304,0.9669565217391304,0.9528706083976006,0.952215464813206,0.9044333101354586,911,"all","DT#911","DT",911
560,553,23,15,0.9739130434782609,0.9735915492957746,0.9739130434782609,0.9739130434782609,0.9671848013816926,0.9669852302345786,0.9339712080771971,911,"all","RF#911","RF",911
530,539,37,45,0.9357638888888888,0.9347442680776014,0.9357638888888888,0.9357638888888888,0.9293103448275862,0.9287576020851434,0.8575133757654078,911,"all","NB#911","NB",911
552,548,28,23,0.96,0.9597197898423818,0.96,0.96,0.9558441558441558,0.9556907037358818,0.9113820094957013,911,"all","MLP#911","MLP",911
539,542,34,36,0.9409722222222222,0.9406631762652705,0.9409722222222222,0.9409722222222222,0.9393414211438474,0.9391833188531712,0.8783661786418439,912,"all","DT#912","DT",912
554,555,21,21,0.9635416666666666,0.9635416666666666,0.9635416666666666,0.9635416666666666,0.9635416666666666,0.9635099913119027,0.927019927536232,912,"all","RF#912","RF",912
432,563,13,143,0.9774305555555556,0.9707865168539326,0.9774305555555556,0.9774305555555556,0.8783151326053042,0.8644656820156386,0.7288779500807827,912,"all","NB#912","NB",912
550,544,32,25,0.9565217391304348,0.9560632688927944,0.9565217391304348,0.9565217391304348,0.9507346585998271,0.950477845351868,0.9009566625956549,912,"all","MLP#912","MLP",912
547,539,37,28,0.951304347826087,0.9506172839506173,0.951304347826087,0.951304347826087,0.9439171699741157,0.9435273675065161,0.8870561843211672,913,"all","DT#913","DT",913
559,548,28,16,0.9721739130434782,0.9716312056737588,0.9721739130434782,0.9721739130434782,0.9621342512908777,0.9617723718505647,0.9235460710252834,913,"all","RF#913","RF",913
484,546,30,91,0.9479166666666666,0.9416342412451362,0.9479166666666666,0.9479166666666666,0.9002473206924979,0.894874022589053,0.7897285227051405,913,"all","NB#913","NB",913
562,541,35,13,0.9773913043478261,0.9765342960288809,0.9773913043478261,0.9773913043478261,0.9590443686006827,0.9582971329278888,0.9165969729266238,913,"all","MLP#913","MLP",913
552,547,29,23,0.96,0.9596491228070175,0.96,0.96,0.9550173010380623,0.9548218940052129,0.9096445382439169,914,"all","DT#914","DT",914
564,552,24,11,0.9808695652173913,0.9804618117229129,0.9808695652173913,0.9808695652173913,0.9699054170249355,0.9695916594265855,0.9391844664884293,914,"all","RF#914","RF",914
480,556,20,95,0.9652777777777778,0.96,0.9652777777777778,0.9652777777777778,0.906275468622657,0.9000868809730669,0.8001509832786019,914,"all","NB#914","NB",914
554,545,31,21,0.9634782608695652,0.9628975265017667,0.9634782608695652,0.9634782608695652,0.9551724137931035,0.9548218940052129,0.9096450838604491,914,"all","MLP#914","MLP",914
542,548,28,33,0.9513888888888888,0.9508771929824561,0.9513888888888888,0.9513888888888888,0.9472774416594641,0.947002606429192,0.8940043327621735,915,"all","DT#915","DT",915
568,560,16,7,0.9878260869565217,0.9876543209876543,0.9878260869565217,0.9878260869565217,0.9801553062985333,0.9800173761946134,0.9600352652213361,915,"all","RF#915","RF",915
521,552,24,54,0.9583333333333334,0.9559633027522936,0.9583333333333334,0.9583333333333334,0.934010152284264,0.9322328410078193,0.8644594410978759,915,"all","NB#915","NB",915
551,552,24,24,0.9583333333333334,0.9583333333333334,0.9583333333333334,0.9583333333333334,0.9583333333333334,0.9582971329278888,0.9165942028985506,915,"all","MLP#915","MLP",915
550,539,37,25,0.9565217391304348,0.9556737588652482,0.9565217391304348,0.9565217391304348,0.9466437177280551,0.946133796698523,0.8922694637174448,916,"all","DT#916","DT",916
565,551,25,10,0.9826086956521739,0.982174688057041,0.9826086956521739,0.9826086956521739,0.9699570815450643,0.9695916594265855,0.9391846501060511,916,"all","RF#916","RF",916
549,448,128,26,0.9547826086956521,0.9451476793248945,0.9547826086956521,0.9547826086956521,0.8769968051118211,0.8662033014769766,0.7324476001581882,916,"all","NB#916","NB",916
556,546,30,19,0.9669565217391304,0.9663716814159292,0.9669565217391304,0.9669565217391304,0.9577950043066322,0.9574283231972198,0.9148579960175782,916,"all","MLP#916","MLP",916
542,537,39,33,0.9426086956521739,0.9421052631578948,0.9426086956521739,0.9426086956521739,0.9377162629757786,0.9374456993918332,0.8748924375685003,917,"all","DT#917","DT",917
563,555,21,12,0.9791304347826087,0.9788359788359788,0.9791304347826087,0.9791304347826087,0.9715271786022434,0.9713292788879235,0.9426592935784387,917,"all","RF#917","RF",917
540,509,67,35,0.9391304347826087,0.9356617647058824,0.9391304347826087,0.9391304347826087,0.9137055837563451,0.9113814074717637,0.8227712429351238,917,"all","NB#917","NB",917
553,546,30,22,0.9617391304347827,0.9612676056338029,0.9617391304347827,0.9617391304347827,0.9550949913644214,0.9548218940052129,0.9096448110530067,917,"all","MLP#917","MLP",917
532,555,21,43,0.9635416666666666,0.9620253164556962,0.9635416666666666,0.9635416666666666,0.9454855195911415,0.944396177237185,0.8887885769152961,918,"all","DT#918","DT",918
557,561,15,18,0.9739583333333334,0.9737762237762237,0.9739583333333334,0.9739583333333334,0.9714285714285714,0.9713292788879235,0.9426582547928206,918,"all","RF#918","RF",918
534,530,46,41,0.928695652173913,0.9281961471103327,0.928695652173913,0.928695652173913,0.9246753246753245,0.9244135534317984,0.8488281338456081,918,"all","NB#918","NB",918
556,540,36,19,0.9669565217391304,0.9660107334525939,0.9669565217391304,0.9669565217391304,0.9528706083976006,0.952215464813206,0.9044333101354586,918,"all","MLP#918","MLP",918
551,533,43,24,0.9582608695652174,0.9569120287253142,0.9582608695652174,0.9582608695652174,0.9426860564585116,0.9417897480451781,0.8835827474755404,919,"all","DT#919","DT",919
560,549,27,15,0.9739130434782609,0.973404255319149,0.9739130434782609,0.9739130434782609,0.963855421686747,0.9635099913119027,0.9270212496150433,919,"all","RF#919","RF",919
532,526,50,43,0.9252173913043479,0.9244288224956063,0.9252173913043479,0.9252173913043479,0.9196197061365601,0.9192006950477846,0.8384029758139633,919,"all","NB#919","NB",919
551,548,28,24,0.9582608695652174,0.958041958041958,0.9582608695652174,0.9582608695652174,0.9549393414211439,0.9548218940052129,0.9096442654331798,919,"all","MLP#919","MLP",919
540,547,29,35,0.9496527777777778,0.9490333919156415,0.9496527777777778,0.9496527777777778,0.9447322970639033,0.944396177237185,0.8887912632058865,920,"all","DT#920","DT",920
553,556,20,22,0.9652777777777778,0.9650959860383944,0.9652777777777778,0.9652777777777778,0.9636048526863085,0.9635099913119027,0.9270197071851063,920,"all","RF#920","RF",920
506,543,33,69,0.9427083333333334,0.9387755102040817,0.9427083333333334,0.9427083333333334,0.9141414141414141,0.9113814074717637,0.822753048172908,920,"all","NB#920","NB",920
547,554,22,28,0.9618055555555556,0.961335676625659,0.9618055555555556,0.9618055555555556,0.9568221070811744,0.9565595134665508,0.9131181743795987,920,"all","MLP#920","MLP",920
536,545,31,39,0.9461805555555556,0.9453262786596119,0.9461805555555556,0.9461805555555556,0.9396551724137931,0.9391833188531712,0.8783650768729091,921,"all","DT#921","DT",921
560,560,16,15,0.9739130434782609,0.9739130434782609,0.9739130434782609,0.9739130434782609,0.9730668983492615,0.9730668983492615,0.9461338373583374,921,"all","RF#921","RF",921
521,547,29,54,0.9496527777777778,0.9472727272727273,0.9496527777777778,0.9496527777777778,0.9294817332200509,0.9278887923544744,0.8557720324589546,921,"all","NB#921","NB",921
556,550,26,19,0.9669565217391304,0.9666080843585237,0.9669565217391304,0.9669565217391304,0.9611063094209161,0.9609035621198957,0.9218078915228852,921,"all","MLP#921","MLP",921
539,542,34,36,0.9409722222222222,0.9406631762652705,0.9409722222222222,0.9409722222222222,0.9393414211438474,0.9391833188531712,0.8783661786418439,922,"all","DT#922","DT",922
555,548,28,20,0.9652173913043478,0.9647887323943662,0.9652173913043478,0.9652173913043478,0.9585492227979274,0.9582971329278888,0.9165952102027752,922,"all","RF#922","RF",922
531,519,57,44,0.9234782608695652,0.9218472468916519,0.9234782608695652,0.9234782608695652,0.9131556319862425,0.9122502172024327,0.824503746152325,922,"all","NB#922","NB",922
544,536,40,31,0.9460869565217391,0.9453262786596119,0.9460869565217391,0.9460869565217391,0.9387402933563416,0.9383145091225021,0.8766306013354286,922,"all","MLP#922","MLP",922
537,556,20,38,0.9652777777777778,0.9640933572710951,0.9652777777777778,0.9652777777777778,0.9504273504273505,0.9496090356211989,0.8992152564532248,923,"all","DT#923","DT",923
556,554,22,19,0.9669565217391304,0.9668411867364747,0.9669565217391304,0.9669565217391304,0.9644405897658281,0.9643788010425717,0.9287578709637487,923,"all","RF#923","RF",923
552,497,79,23,0.96,0.9557692307692308,0.96,0.96,0.9154228855721392,0.9113814074717637,0.8227776637240813,923,"all","NB#923","NB",923
557,556,20,18,0.9686956521739131,0.9686411149825784,0.9686956521739131,0.9686956521739131,0.967013888888889,0.9669852302345786,0.9339706099921196,923,"all","MLP#923","MLP",923
553,539,37,22,0.9617391304347827,0.9607843137254902,0.9617391304347827,0.9617391304347827,0.9493562231759657,0.94874022589053,0.8974826958930578,924,"all","DT#924","DT",924
561,549,27,14,0.9756521739130435,0.9751332149200711,0.9756521739130435,0.9756521739130435,0.9647463456577816,0.9643788010425717,0.9287589464578745,924,"all","RF#924","RF",924
513,546,30,62,0.9479166666666666,0.9447513812154696,0.9479166666666666,0.9479166666666666,0.9222972972972971,0.9200695047784535,0.8401311657567998,924,"all","NB#924","NB",924
560,548,28,15,0.9739130434782609,0.9733570159857904,0.9739130434782609,0.9739130434782609,0.9630266552020637,0.9626411815812337,0.9252837731143561,924,"all","MLP#924","MLP",924
551,544,32,24,0.9582608695652174,0.9577464788732394,0.9582608695652174,0.9582608695652174,0.9516407599309155,0.9513466550825369,0.9026944119032378,925,"all","DT#925","DT",925
560,552,24,15,0.9739130434782609,0.9735449735449735,0.9739130434782609,0.9739130434782609,0.9663503019844694,0.9661164205039097,0.9322337105927003,925,"all","RF#925","RF",925
512,546,30,63,0.9479166666666666,0.9446494464944649,0.9479166666666666,0.9479166666666666,0.9215189873417722,0.9192006950477846,0.8383932170533859,925,"all","NB#925","NB",925
557,550,26,18,0.9686956521739131,0.9683098591549296,0.9686956521739131,0.9686956521739131,0.9620034542314335,0.9617723718505647,0.923545609352544,925,"all","MLP#925","MLP",925
547,542,34,28,0.951304347826087,0.9508771929824561,0.951304347826087,0.951304347826087,0.9463667820069205,0.946133796698523,0.8922684879062086,926,"all","DT#926","DT",926
559,555,21,16,0.9721739130434782,0.9719789842381786,0.9721739130434782,0.9721739130434782,0.9679653679653679,0.9678540399652477,0.9357085166929598,926,"all","RF#926","RF",926
493,549,27,82,0.953125,0.948076923076923,0.953125,0.953125,0.9096934548467275,0.9052997393570807,0.8105836082404184,926,"all","NB#926","NB",926
559,548,28,16,0.9721739130434782,0.9716312056737588,0.9721739130434782,0.9721739130434782,0.9621342512908777,0.9617723718505647,0.9235460710252834,926,"all","MLP#926","MLP",926
531,550,26,44,0.9548611111111112,0.9533213644524237,0.9548611111111112,0.9548611111111112,0.9401709401709402,0.9391833188531712,0.8783632405469955,927,"all","DT#927","DT",927
556,557,19,19,0.9670138888888888,0.9670138888888888,0.9670138888888888,0.9670138888888888,0.9670138888888888,0.9669852302345786,0.9339704106280193,927,"all","RF#927","RF",927
512,552,24,63,0.9583333333333334,0.9552238805970149,0.9583333333333334,0.9583333333333334,0.9269521410579346,0.9244135534317984,0.8488180916448885,927,"all","NB#927","NB",927
540,553,23,35,0.9600694444444444,0.9591474245115453,0.9600694444444444,0.9600694444444444,0.950171821305842,0.9496090356211989,0.899216169375049,927,"all","MLP#927","MLP",927
548,540,36,27,0.9530434782608695,0.9523809523809523,0.9530434782608695,0.9530434782608695,0.9456427955133735,0.945264986967854,0.8905313786497465,928,"all","DT#928","DT",928
564,554,22,11,0.9808695652173913,0.9805309734513274,0.9808695652173913,0.9808695652173913,0.9715762273901808,0.9713292788879235,0.9426594667057159,928,"all","RF#928","RF",928
497,559,17,78,0.9704861111111112,0.9669260700389105,0.9704861111111112,0.9704861111111112,0.921681780708986,0.9174630755864466,0.8349108236114738,928,"all","NB#928","NB",928
558,549,27,17,0.9704347826086956,0.9699646643109541,0.9704347826086956,0.9704347826086956,0.9620689655172413,0.9617723718505647,0.9235458401896107,928,"all","MLP#928","MLP",928
551,543,33,24,0.9582608695652174,0.9576719576719577,0.9582608695652174,0.9582608695652174,0.9508196721311475,0.950477845351868,0.9009569616354851,929,"all","DT#929","DT",929
564,554,22,11,0.9808695652173913,0.9805309734513274,0.9808695652173913,0.9808695652173913,0.9715762273901808,0.9713292788879235,0.9426594667057159,929,"all","RF#929","RF",929
555,468,108,20,0.9652173913043478,0.9590163934426229,0.9652173913043478,0.9652173913043478,0.8966074313408724,0.8887923544743701,0.7776140850853147,929,"all","NB#929","NB",929
563,552,24,12,0.9791304347826087,0.9787234042553191,0.9791304347826087,0.9791304347826087,0.9690189328743546,0.9687228496959166,0.9374467853843228,929,"all","MLP#929","MLP",929
543,539,37,32,0.9443478260869566,0.9439579684763573,0.9443478260869566,0.9443478260869566,0.9402597402597402,0.9400521285838401,0.8801050716706547,930,"all","DT#930","DT",930
562,551,25,13,0.9773913043478261,0.9769503546099291,0.9773913043478261,0.9773913043478261,0.9672977624784854,0.9669852302345786,0.9339716067945628,930,"all","RF#930","RF",930
528,539,37,47,0.9357638888888888,0.9345132743362832,0.9357638888888888,0.9357638888888888,0.927710843373494,0.9270199826238054,0.8540376515345944,930,"all","NB#930","NB",930
546,553,23,29,0.9600694444444444,0.9595782073813708,0.9600694444444444,0.9600694444444444,0.9550949913644214,0.9548218940052129,0.9096429013547829,930,"all","MLP#930","MLP",930
546,551,25,29,0.9565972222222222,0.9562171628721541,0.9565972222222222,0.9565972222222222,0.9532871972318339,0.9530842745438749,0.9061679116419785,931,"all","DT#931","DT",931
561,556,20,14,0.9756521739130435,0.9754385964912281,0.9756521739130435,0.9756521739130435,0.9705882352941178,0.9704604691572546,0.9409214288517919,931,"all","RF#931","RF",931
535,533,43,40,0.9304347826086956,0.9301919720767888,0.9304347826086956,0.9304347826086956,0.9280138768430181,0.9278887923544744,0.8557781290241743,931,"all","NB#931","NB",931
551,555,21,24,0.9635416666666666,0.9632867132867133,0.9635416666666666,0.9635416666666666,0.961038961038961,0.9609035621198957,0.921806711081119,931,"all","MLP#931","MLP",931
544,551,25,31,0.9565972222222222,0.9560632688927944,0.9565972222222222,0.9565972222222222,0.9516407599309155,0.9513466550825369,0.9026923553051507,932,"all","DT#932","DT",932
554,558,18,21,0.96875,0.9685314685314685,0.96875,0.96875,0.9662337662337663,0.9661164205039097,0.9322324829369699,932,"all","RF#932","RF",932
485,547,29,90,0.9496527777777778,0.943579766536965,0.9496527777777778,0.9496527777777778,0.9018961253091509,0.896611642050391,0.79320408431332,932,"all","NB#932","NB",932
543,561,15,32,0.9739583333333334,0.9731182795698925,0.9739583333333334,0.9739583333333334,0.9597946963216424,0.9591659426585578,0.9183297276651122,932,"all","MLP#932","MLP",932
544,540,36,31,0.9460869565217391,0.9457092819614711,0.9460869565217391,0.9460869565217391,0.941991341991342,0.9417897480451781,0.8835802869845487,933,"all","DT#933","DT",933
559,547,29,16,0.9721739130434782,0.9715808170515098,0.9721739130434782,0.9721739130434782,0.9613069647463456,0.9609035621198957,0.9218085997708377,933,"all","RF#933","RF",933
491,540,36,84,0.9375,0.9316888045540797,0.9375,0.9375,0.9,0.895742832319722,0.7914703964055366,933,"all","NB#933","NB",933
559,549,27,16,0.9721739130434782,0.9716814159292035,0.9721739130434782,0.9721739130434782,0.9629629629629629,0.9626411815812337,0.9252835475256298,933,"all","MLP#933","MLP",933
538,546,30,37,0.9479166666666666,0.9471830985915493,0.9479166666666666,0.9479166666666666,0.9421915444348576,0.9417897480451781,0.8835781779094888,934,"all","DT#934","DT",934
567,557,19,8,0.9860869565217392,0.9858407079646018,0.9860869565217392,0.9860869565217392,0.9767441860465117,0.9765421372719374,0.9530850182137675,934,"all","RF#934","RF",934
461,566,10,114,0.9826388888888888,0.9787685774946921,0.9826388888888888,0.9826388888888888,0.9012738853503184,0.8922675933970461,0.7845011898003311,934,"all","NB#934","NB",934
563,549,27,12,0.9791304347826087,0.9786096256684492,0.9791304347826087,0.9791304347826087,0.9665236051502147,0.9661164205039097,0.9322343244038858,934,"all","MLP#934","MLP",934
545,556,20,30,0.9652777777777778,0.9646017699115044,0.9652777777777778,0.9652777777777778,0.9569707401032702,0.9565595134665508,0.9131176497229728,935,"all","DT#935","DT",935
555,559,17,20,0.9704861111111112,0.9702797202797203,0.9704861111111112,0.9704861111111112,0.9679653679653679,0.9678540399652477,0.9357077402222536,935,"all","RF#935","RF",935
504,554,22,71,0.9618055555555556,0.9581749049429658,0.9618055555555556,0.9618055555555556,0.9225645295587012,0.9192006950477846,0.8383893132191241,935,"all","NB#935","NB",935
558,552,24,17,0.9704347826086956,0.9701230228471002,0.9704347826086956,0.9704347826086956,0.9645635263612791,0.9643788010425717,0.9287583011652956,935,"all","MLP#935","MLP",935
542,537,39,33,0.9426086956521739,0.9421052631578948,0.9426086956521739,0.9426086956521739,0.9377162629757786,0.9374456993918332,0.8748924375685003,936,"all","DT#936","DT",936
559,553,23,16,0.9721739130434782,0.9718804920913884,0.9721739130434782,0.9721739130434782,0.9662921348314606,0.9661164205039097,0.9322335059865007,936,"all","RF#936","RF",936
501,546,30,74,0.9479166666666666,0.943502824858757,0.9479166666666666,0.9479166666666666,0.9130434782608695,0.9096437880104257,0.8192754349624672,936,"all","NB#936","NB",936
558,551,25,17,0.9704347826086956,0.9700704225352113,0.9704347826086956,0.9704347826086956,0.9637305699481865,0.9635099913119027,0.9270208089274286,936,"all","MLP#936","MLP",936
550,543,33,25,0.9565217391304348,0.9559859154929577,0.9565217391304348,0.9565217391304348,0.9499136442141624,0.9496090356211989,0.8992192123283534,937,"all","DT#937","DT",937
564,552,24,11,0.9808695652173913,0.9804618117229129,0.9808695652173913,0.9808695652173913,0.9699054170249355,0.9695916594265855,0.9391844664884293,937,"all","RF#937","RF",937
524,534,42,51,0.9270833333333334,0.9257950530035336,0.9270833333333334,0.9270833333333334,0.9198966408268734,0.9192006950477846,0.8383990724511656,937,"all","NB#937","NB",937
563,546,30,12,0.9791304347826087,0.978494623655914,0.9791304347826087,0.9791304347826087,0.964041095890411,0.9635099913119027,0.9270219106364863,937,"all","MLP#937","MLP",937
540,545,31,35,0.9461805555555556,0.9457092819614711,0.9461805555555556,0.9461805555555556,0.9429065743944637,0.9426585577758471,0.885316336451307,938,"all","DT#938","DT",938
557,555,21,18,0.9686956521739131,0.9685863874345549,0.9686956521739131,0.9686956521739131,0.966175195143105,0.9661164205039097,0.9322330967703952,938,"all","RF#938","RF",938
496,550,26,79,0.9548611111111112,0.9501915708812261,0.9548611111111112,0.9548611111111112,0.9128630705394192,0.9087749782797567,0.8175352194544551,938,"all","NB#938","NB",938
554,555,21,21,0.9635416666666666,0.9635416666666666,0.9635416666666666,0.9635416666666666,0.9635416666666666,0.9635099913119027,0.927019927536232,938,"all","MLP#938","MLP",938
550,548,28,25,0.9565217391304348,0.956369982547993,0.9565217391304348,0.9565217391304348,0.9540329575021683,0.9539530842745438,0.9079065161238703,939,"all","DT#939","DT",939
560,554,22,15,0.9739130434782609,0.9736379613356766,0.9739130434782609,0.9739130434782609,0.9680207433016422,0.9678540399652477,0.9357087108077058,939,"all","RF#939","RF",939
531,518,58,44,0.9234782608695652,0.9217081850533808,0.9234782608695652,0.9234782608695652,0.9123711340206185,0.9113814074717637,0.8227664270380758,939,"all","NB#939","NB",939
551,553,23,24,0.9600694444444444,0.9599303135888502,0.9600694444444444,0.9600694444444444,0.9592367736339982,0.9591659426585578,0.9183317003799826,939,"all","MLP#939","MLP",939
549,554,22,26,0.9618055555555556,0.9614711033274956,0.9618055555555556,0.9618055555555556,0.9584775086505191,0.9582971329278888,0.9165936992373142,940,"all","DT#940","DT",940
562,558,18,13,0.9773913043478261,0.9772329246935202,0.9773913043478261,0.9773913043478261,0.9731601731601732,0.9730668983492615,0.946134162634642,940,"all","RF#940","RF",940
497,551,25,78,0.9565972222222222,0.9521072796934866,0.9565972222222222,0.9565972222222222,0.9145228215767635,0.9105125977410947,0.8210107390838941,940,"all","NB#940","NB",940
558,547,29,17,0.9704347826086956,0.9698581560283688,0.9704347826086956,0.9704347826086956,0.9604130808950085,0.9600347523892268,0.9200708924355235,940,"all","MLP#940","MLP",940
541,547,29,34,0.9496527777777778,0.9491228070175438,0.9496527777777778,0.9496527777777778,0.9455488331892825,0.945264986967854,0.8905290649838841,941,"all","DT#941","DT",941
561,556,20,14,0.9756521739130435,0.9754385964912281,0.9756521739130435,0.9756521739130435,0.9705882352941178,0.9704604691572546,0.9409214288517919,941,"all","RF#941","RF",941
444,561,15,131,0.9739583333333334,0.9673202614379085,0.9739583333333334,0.9739583333333334,0.8848580441640378,0.8731537793223284,0.7462629325183758,941,"all","NB#941","NB",941
554,550,26,21,0.9634782608695652,0.9632224168126094,0.9634782608695652,0.9634782608695652,0.9593073593073593,0.9591659426585578,0.9183324401234895,941,"all","MLP#941","MLP",941
547,552,24,28,0.9583333333333334,0.957968476357268,0.9583333333333334,0.9583333333333334,0.9550173010380624,0.9548218940052129,0.9096431741737572,942,"all","DT#942","DT",942
561,562,14,14,0.9756944444444444,0.9756944444444444,0.9756944444444444,0.9756944444444444,0.9756944444444444,0.9756733275412685,0.9513466183574879,942,"all","RF#942","RF",942
533,533,43,42,0.9269565217391305,0.9269565217391305,0.9269565217391305,0.9269565217391305,0.9261511728931364,0.9261511728931364,0.8523024572728606,942,"all","NB#942","NB",942
555,553,23,20,0.9652173913043478,0.9650959860383944,0.9652173913043478,0.9652173913043478,0.9627059843885516,0.9626411815812337,0.9252826451571023,942,"all","MLP#942","MLP",942
545,546,30,30,0.9479166666666666,0.9479166666666666,0.9479166666666666,0.9479166666666666,0.9479166666666666,0.947871416159861,0.8957427536231884,943,"all","DT#943","DT",943
559,554,22,16,0.9721739130434782,0.9719298245614035,0.9721739130434782,0.9721739130434782,0.9671280276816608,0.9669852302345786,0.9339710087167085,943,"all","RF#943","RF",943
520,539,37,55,0.9357638888888888,0.933572710951526,0.9357638888888888,0.9357638888888888,0.9213675213675213,0.9200695047784535,0.8401345447189084,943,"all","NB#943","NB",943
553,544,32,22,0.9617391304347827,0.9611307420494699,0.9617391304347827,0.9617391304347827,0.953448275862069,0.9530842745438749,0.9061698947781586,943,"all","MLP#943","MLP",943
543,547,29,32,0.9496527777777778,0.9493006993006993,0.9496527777777778,0.9496527777777778,0.9471861471861472,0.947002606429192,0.8940046527988502,944,"all","DT#944","DT",944
558,559,17,17,0.9704861111111112,0.9704861111111112,0.9704861111111112,0.9704861111111112,0.9704861111111112,0.9704604691572546,0.9409208937198068,944,"all","RF#944","RF",944
516,538,38,59,0.9340277777777778,0.9314079422382672,0.9340277777777778,0.9340277777777778,0.9173060528559249,0.9157254561251086,0.8314454413560816,944,"all","NB#944","NB",944
555,538,38,20,0.9652173913043478,0.96415770609319,0.9652173913043478,0.9652173913043478,0.9503424657534246,0.9496090356211989,0.8992207337361,944,"all","MLP#944","MLP",944
535,551,25,40,0.9565972222222222,0.9553571428571429,0.9565972222222222,0.9565972222222222,0.9443016281062553,0.9435273675065161,0.8870520920612636,945,"all","DT#945","DT",945
554,556,20,21,0.9652777777777778,0.9651567944250871,0.9652777777777778,0.9652777777777778,0.9644405897658282,0.9643788010425717,0.928757440757006,945,"all","RF#945","RF",945
533,533,43,42,0.9269565217391305,0.9269565217391305,0.9269565217391305,0.9269565217391305,0.9261511728931364,0.9261511728931364,0.8523024572728606,945,"all","NB#945","NB",945
552,542,34,23,0.96,0.95929203539823,0.96,0.96,0.9509043927648578,0.950477845351868,0.9009572606735093,945,"all","MLP#945","MLP",945
548,550,26,27,0.9548611111111112,0.9547038327526133,0.9548611111111112,0.9548611111111112,0.9540329575021683,0.9539530842745438,0.9079059600029589,946,"all","DT#946","DT",946
564,551,25,11,0.9808695652173913,0.9804270462633452,0.9808695652173913,0.9808695652173913,0.9690721649484536,0.9687228496959166,0.9374469742487327,946,"all","RF#946","RF",946
519,550,26,56,0.9548611111111112,0.9522935779816514,0.9548611111111112,0.9548611111111112,0.9306260575296109,0.9287576020851434,0.8575086432054592,946,"all","NB#946","NB",946
555,559,17,20,0.9704861111111112,0.9702797202797203,0.9704861111111112,0.9704861111111112,0.9679653679653679,0.9678540399652477,0.9357077402222536,946,"all","MLP#946","MLP",946
546,538,38,29,0.9495652173913044,0.9488536155202821,0.9495652173913044,0.9495652173913044,0.9421915444348576,0.9417897480451781,0.8835809899925877,947,"all","DT#947","DT",947
562,556,20,13,0.9773913043478261,0.9771528998242531,0.9773913043478261,0.9773913043478261,0.9714779602420052,0.9713292788879235,0.9426591204501159,947,"all","RF#947","RF",947
547,488,88,28,0.951304347826087,0.9457364341085271,0.951304347826087,0.951304347826087,0.9041322314049587,0.8992180712423979,0.7984542462941159,947,"all","NB#947","NB",947
553,540,36,22,0.9617391304347827,0.9608540925266904,0.9617391304347827,0.9617391304347827,0.950171821305842,0.9496090356211989,0.8992201251785137,947,"all","MLP#947","MLP",947
541,540,36,34,0.9408695652173913,0.9407665505226481,0.9408695652173913,0.9408695652173913,0.939236111111111,0.9391833188531712,0.8783669131433782,948,"all","DT#948","DT",948
557,559,17,18,0.9704861111111112,0.9703832752613241,0.9704861111111112,0.9704861111111112,0.9696444058976583,0.9695916594265855,0.9391831811340294,948,"all","RF#948","RF",948
526,523,53,49,0.9147826086956522,0.9143356643356644,0.9147826086956522,0.9147826086956522,0.9116117850953206,0.9113814074717637,0.8227637514266217,948,"all","NB#948","NB",948
551,553,23,24,0.9600694444444444,0.9599303135888502,0.9600694444444444,0.9600694444444444,0.9592367736339982,0.9591659426585578,0.9183317003799826,948,"all","MLP#948","MLP",948
538,535,41,37,0.9356521739130435,0.9353146853146853,0.9356521739130435,0.9356521739130435,0.9324090121317158,0.9322328410078193,0.8644663981497697,949,"all","DT#949","DT",949
559,556,20,16,0.9721739130434782,0.972027972027972,0.9721739130434782,0.9721739130434782,0.9688041594454073,0.9687228496959166,0.9374460299152783,949,"all","RF#949","RF",949
490,554,22,85,0.9618055555555556,0.95703125,0.9618055555555556,0.9618055555555556,0.9119341563786009,0.9070373588184187,0.814056892488265,949,"all","NB#949","NB",949
543,555,21,32,0.9635416666666666,0.9627659574468085,0.9635416666666666,0.9635416666666666,0.9544282029234739,0.9539530842745438,0.9079045696712958,949,"all","MLP#949","MLP",949
548,549,27,27,0.953125,0.953125,0.953125,0.953125,0.953125,0.9530842745438749,0.9061684782608695,950,"all","DT#950","DT",950
562,554,22,13,0.9773913043478261,0.9770723104056437,0.9773913043478261,0.9773913043478261,0.9698015530629852,0.9695916594265855,0.9391840992498591,950,"all","RF#950","RF",950
515,546,30,60,0.9479166666666666,0.944954128440367,0.9479166666666666,0.9479166666666666,0.9238578680203046,0.9218071242397915,0.843607047420626,950,"all","NB#950","NB",950
550,554,22,25,0.9618055555555556,0.9615384615384616,0.9618055555555556,0.9618055555555556,0.9593073593073593,0.9591659426585578,0.9183314537958355,950,"all","MLP#950","MLP",950
552,535,41,23,0.96,0.9587813620071685,0.96,0.96,0.9452054794520548,0.944396177237185,0.8887952923984552,951,"all","DT#951","DT",951
568,552,24,7,0.9878260869565217,0.9874776386404294,0.9878260869565217,0.9878260869565217,0.9734361610968294,0.9730668983492615,0.9461351384399858,951,"all","RF#951","RF",951
516,548,28,59,0.9513888888888888,0.9485294117647058,0.9513888888888888,0.9513888888888888,0.9264581572273879,0.9244135534317984,0.8488199175988007,951,"all","NB#951","NB",951
561,544,32,14,0.9756521739130435,0.974910394265233,0.9756521739130435,0.9756521739130435,0.9606164383561645,0.9600347523892268,0.9200716164113897,951,"all","MLP#951","MLP",951
538,545,31,37,0.9461805555555556,0.945518453427065,0.9461805555555556,0.9461805555555556,0.9412780656303973,0.9409209383145091,0.8818407171562543,952,"all","DT#952","DT",952
560,557,19,15,0.9739130434782609,0.9737762237762237,0.9739130434782609,0.9739130434782609,0.9705372616984401,0.9704604691572546,0.9409212504755406,952,"all","RF#952","RF",952
521,535,41,54,0.9288194444444444,0.9270462633451957,0.9288194444444444,0.9288194444444444,0.9184549356223176,0.9174630755864466,0.8349227868300556,952,"all","NB#952","NB",952
548,548,28,27,0.9530434782608695,0.9530434782608695,0.9530434782608695,0.9530434782608695,0.9522154648132058,0.952215464813206,0.9044310017647922,952,"all","MLP#952","MLP",952
536,554,22,39,0.9618055555555556,0.9605734767025089,0.9618055555555556,0.9618055555555556,0.9478186484174509,0.947002606429192,0.8940024125015286,953,"all","DT#953","DT",953
552,560,16,23,0.9722222222222222,0.971830985915493,0.9722222222222222,0.9722222222222222,0.9663503019844694,0.9661164205039097,0.9322320737085085,953,"all","RF#953","RF",953
509,549,27,66,0.953125,0.9496268656716418,0.953125,0.953125,0.9219143576826196,0.9192006950477846,0.8383917531376395,953,"all","NB#953","NB",953
550,556,20,25,0.9652777777777778,0.9649122807017544,0.9652777777777778,0.9652777777777778,0.9611063094209161,0.9609035621198957,0.9218064749884887,953,"all","MLP#953","MLP",953
548,542,34,27,0.9530434782608695,0.9525483304042179,0.9530434782608695,0.9530434782608695,0.9472774416594643,0.947002606429192,0.8940062529532447,954,"all","DT#954","DT",954
563,551,25,12,0.9791304347826087,0.9786856127886323,0.9791304347826087,0.9791304347826087,0.9681857265692176,0.9678540399652477,0.9357092931449112,954,"all","RF#954","RF",954
445,561,15,130,0.9739583333333334,0.967391304347826,0.9739583333333334,0.9739583333333334,0.8855564325177584,0.8740225890529973,0.7480012381376596,954,"all","NB#954","NB",954
558,543,33,17,0.9704347826086956,0.9696428571428571,0.9704347826086956,0.9704347826086956,0.9571183533447686,0.9565595134665508,0.9131210598777806,954,"all","MLP#954","MLP",954
542,547,29,33,0.9496527777777778,0.9492119089316988,0.9496527777777778,0.9496527777777778,0.9463667820069204,0.946133796698523,0.8922668615148642,955,"all","DT#955","DT",955
559,552,24,16,0.9721739130434782,0.971830985915493,0.9721739130434782,0.9721739130434782,0.9654576856649396,0.9652476107732406,0.9304960085023127,955,"all","RF#955","RF",955
520,530,46,55,0.9201388888888888,0.9187279151943463,0.9201388888888888,0.9201388888888888,0.9130060292850991,0.9122502172024327,0.8244979173932013,955,"all","NB#955","NB",955
559,547,29,16,0.9721739130434782,0.9715808170515098,0.9721739130434782,0.9721739130434782,0.9613069647463456,0.9609035621198957,0.9218085997708377,955,"all","MLP#955","MLP",955
541,540,36,34,0.9408695652173913,0.9407665505226481,0.9408695652173913,0.9408695652173913,0.939236111111111,0.9391833188531712,0.8783669131433782,956,"all","DT#956","DT",956
562,553,23,13,0.9773913043478261,0.9770318021201413,0.9773913043478261,0.9773913043478261,0.9689655172413794,0.9687228496959166,0.9374465965187724,956,"all","RF#956","RF",956
510,552,24,65,0.9583333333333334,0.9550561797752809,0.9583333333333334,0.9583333333333334,0.9253981559094719,0.9226759339704604,0.8453421784862891,956,"all","NB#956","NB",956
560,545,31,15,0.9739130434782609,0.9732142857142857,0.9739130434782609,0.9739130434782609,0.9605488850771869,0.9600347523892268,0.9200713750875582,956,"all","MLP#956","MLP",956
551,552,24,24,0.9583333333333334,0.9583333333333334,0.9583333333333334,0.9583333333333334,0.9583333333333334,0.9582971329278888,0.9165942028985506,957,"all","DT#957","DT",957
558,558,18,17,0.9704347826086956,0.9704347826086956,0.9704347826086956,0.9704347826086956,0.9695916594265855,0.9695916594265855,0.9391833647594131,957,"all","RF#957","RF",957
516,547,29,59,0.9496527777777778,0.9467889908256881,0.9496527777777778,0.9496527777777778,0.9255499153976311,0.9235447437011295,0.8470824463668343,957,"all","NB#957","NB",957
556,561,15,19,0.9739583333333334,0.9737302977232924,0.9739583333333334,0.9739583333333334,0.9705882352941176,0.9704604691572546,0.9409205369597643,957,"all","MLP#957","MLP",957
541,552,24,34,0.9583333333333334,0.9575221238938053,0.9583333333333334,0.9583333333333334,0.9500860585197936,0.9496090356211989,0.8992164736786484,958,"all","DT#958","DT",958
559,556,20,16,0.9721739130434782,0.972027972027972,0.9721739130434782,0.9721739130434782,0.9688041594454073,0.9687228496959166,0.9374460299152783,958,"all","RF#958","RF",958
529,537,39,46,0.9322916666666666,0.9313380281690141,0.9322916666666666,0.9322916666666666,0.9266609145815357,0.9261511728931364,0.8523006734672619,958,"all","NB#958","NB",958
557,551,25,18,0.9686956521739131,0.968365553602812,0.9686956521739131,0.9686956521739131,0.9628349178910978,0.9626411815812337,0.9252830963440904,958,"all","MLP#958","MLP",958
532,541,35,43,0.9392361111111112,0.9382716049382716,0.9392361111111112,0.9392361111111112,0.9327586206896552,0.9322328410078193,0.8644639428012416,959,"all","DT#959","DT",959
565,554,22,10,0.9826086956521739,0.9822695035460993,0.9826086956521739,0.9826086956521739,0.972461273666093,0.9721980886185926,0.9443971425638426,959,"all","RF#959","RF",959
406,560,16,169,0.9722222222222222,0.9620853080568721,0.9722222222222222,0.9722222222222222,0.8582375478927203,0.8392701998262381,0.678465889615204,959,"all","NB#959","NB",959
562,551,25,13,0.9773913043478261,0.9769503546099291,0.9773913043478261,0.9773913043478261,0.9672977624784854,0.9669852302345786,0.9339716067945628,959,"all","MLP#959","MLP",959
550,544,32,25,0.9565217391304348,0.9560632688927944,0.9565217391304348,0.9565217391304348,0.9507346585998271,0.950477845351868,0.9009566625956549,960,"all","DT#960","DT",960
563,552,24,12,0.9791304347826087,0.9787234042553191,0.9791304347826087,0.9791304347826087,0.9690189328743546,0.9687228496959166,0.9374467853843228,960,"all","RF#960","RF",960
501,542,34,74,0.9409722222222222,0.9364485981308411,0.9409722222222222,0.9409722222222222,0.9093959731543625,0.9061685490877498,0.8123256235279909,960,"all","NB#960","NB",960
550,552,24,25,0.9583333333333334,0.9581881533101045,0.9583333333333334,0.9583333333333334,0.9575021682567216,0.9574283231972198,0.9148564535876413,960,"all","MLP#960","MLP",960
540,551,25,35,0.9565972222222222,0.9557522123893806,0.9565972222222222,0.9565972222222222,0.9483648881239243,0.947871416159861,0.8957411796675675,961,"all","DT#961","DT",961
559,567,9,16,0.984375,0.9841549295774648,0.984375,0.984375,0.9784296807592753,0.9782797567332754,0.9565590216080181,961,"all","RF#961","RF",961
504,547,29,71,0.9496527777777778,0.9455909943714822,0.9496527777777778,0.9496527777777778,0.9162479061976551,0.9131190269331017,0.8262269044836781,961,"all","NB#961","NB",961
561,559,17,14,0.9756521739130435,0.9755671902268761,0.9756521739130435,0.9756521739130435,0.9731136166522117,0.9730668983492615,0.9461339999969808,961,"all","MLP#961","MLP",961
549,547,29,26,0.9547826086956521,0.9546247818499127,0.9547826086956521,0.9547826086956521,0.9522983521248916,0.952215464813206,0.904431290317224,962,"all","DT#962","DT",962
559,558,18,16,0.9721739130434782,0.9721254355400697,0.9721739130434782,0.9721739130434782,0.9704861111111112,0.9704604691572546,0.9409210720982123,962,"all","RF#962","RF",962
506,544,32,69,0.9444444444444444,0.9405204460966543,0.9444444444444444,0.9444444444444444,0.9150546677880572,0.9122502172024327,0.824490498412502,962,"all","NB#962","NB",962
551,555,21,24,0.9635416666666666,0.9632867132867133,0.9635416666666666,0.9635416666666666,0.961038961038961,0.9609035621198957,0.921806711081119,962,"all","MLP#962","MLP",962
541,528,48,34,0.9408695652173913,0.9395017793594306,0.9408695652173913,0.9408695652173913,0.929553264604811,0.9287576020851434,0.8575181080110021,963,"all","DT#963","DT",963
562,549,27,13,0.9773913043478261,0.9768683274021353,0.9773913043478261,0.9773913043478261,0.9656357388316151,0.9652476107732406,0.9304966380541473,963,"all","RF#963","RF",963
511,537,39,64,0.9322916666666666,0.9290909090909091,0.9322916666666666,0.9322916666666666,0.9124893797790994,0.9105125977410947,0.8210183053406304,963,"all","NB#963","NB",963
559,550,26,16,0.9721739130434782,0.9717314487632509,0.9721739130434782,0.9721739130434782,0.9637931034482758,0.9635099913119027,0.9270210292719012,963,"all","MLP#963","MLP",963
545,549,27,30,0.953125,0.9527972027972028,0.953125,0.953125,0.9506493506493506,0.950477845351868,0.9009551673694175,964,"all","DT#964","DT",964
558,565,11,17,0.9809027777777778,0.9806678383128296,0.9809027777777778,0.9809027777777778,0.9758203799654577,0.9756733275412685,0.9513461776525753,964,"all","RF#964","RF",964
478,564,12,97,0.9791666666666666,0.9755102040816327,0.9791666666666666,0.9791666666666666,0.9118835893290218,0.9052997393570807,0.810575028498524,964,"all","NB#964","NB",964
555,557,19,20,0.9670138888888888,0.9668989547038328,0.9670138888888888,0.9670138888888888,0.9661751951431049,0.9661164205039097,0.9322326875493472,964,"all","MLP#964","MLP",964
545,557,19,30,0.9670138888888888,0.9663120567375887,0.9670138888888888,0.9670138888888888,0.9578675838349097,0.9574283231972198,0.9148551681866698,965,"all","DT#965","DT",965
562,559,17,13,0.9773913043478261,0.9772727272727273,0.9773913043478261,0.9773913043478261,0.974003466204506,0.9739357080799305,0.9478716915960652,965,"all","RF#965","RF",965
494,551,25,81,0.9565972222222222,0.9518304431599229,0.9565972222222222,0.9565972222222222,0.912251655629139,0.9079061685490878,0.8157966253185657,965,"all","NB#965","NB",965
557,548,28,18,0.9686956521739131,0.9681978798586572,0.9686956521739131,0.9686956521739131,0.9603448275862069,0.9600347523892268,0.9200706511073202,965,"all","MLP#965","MLP",965
546,545,31,29,0.9495652173913044,0.9494773519163763,0.9495652173913044,0.9495652173913044,0.9479166666666667,0.947871416159861,0.89574306840861,966,"all","DT#966","DT",966
563,551,25,12,0.9791304347826087,0.9786856127886323,0.9791304347826087,0.9791304347826087,0.9681857265692176,0.9678540399652477,0.9357092931449112,966,"all","RF#966","RF",966
512,547,29,63,0.9496527777777778,0.9463955637707948,0.9496527777777778,0.9496527777777778,0.9224283305227656,0.9200695047784535,0.8401306830362669,966,"all","NB#966","NB",966
558,553,23,17,0.9704347826086956,0.9701754385964912,0.9704347826086956,0.9704347826086956,0.9653979238754326,0.9652476107732406,0.9304957986491668,966,"all","MLP#966","MLP",966
555,542,34,20,0.9652173913043478,0.9644128113879004,0.9652173913043478,0.9652173913043478,0.9536082474226805,0.9530842745438749,0.906170461373099,967,"all","DT#967","DT",967
563,556,20,12,0.9791304347826087,0.9788732394366197,0.9791304347826087,0.9791304347826087,0.9723661485319517,0.9721980886185926,0.9443968068018503,967,"all","RF#967","RF",967
544,516,60,31,0.9460869565217391,0.943327239488117,0.9460869565217391,0.9460869565217391,0.9228159457167092,0.9209383145091226,0.8418834320357352,967,"all","NB#967","NB",967
549,542,34,26,0.9547826086956521,0.954225352112676,0.9547826086956521,0.9547826086956521,0.9481865284974094,0.947871416159861,0.8957440127534693,967,"all","MLP#967","MLP",967
545,550,26,30,0.9548611111111112,0.9544658493870403,0.9548611111111112,0.9548611111111112,0.9515570934256056,0.9513466550825369,0.9026926491101999,968,"all","DT#968","DT",968
551,559,17,24,0.9704861111111112,0.9700704225352113,0.9704861111111112,0.9704861111111112,0.9646246764452114,0.9643788010425717,0.9287567954371498,968,"all","RF#968","RF",968
525,530,46,50,0.9201388888888888,0.9194395796847635,0.9201388888888888,0.9201388888888888,0.9169550173010381,0.9165942658557776,0.8331873984746285,968,"all","NB#968","NB",968
544,551,25,31,0.9565972222222222,0.9560632688927944,0.9565972222222222,0.9565972222222222,0.9516407599309155,0.9513466550825369,0.9026923553051507,968,"all","MLP#968","MLP",968
554,541,35,21,0.9634782608695652,0.9626334519572953,0.9634782608695652,0.9634782608695652,0.9518900343642612,0.9513466550825369,0.9026952932758063,969,"all","DT#969","DT",969
561,552,24,14,0.9756521739130435,0.9752650176678446,0.9756521739130435,0.9756521739130435,0.9672413793103449,0.9669852302345786,0.9339714074364819,969,"all","RF#969","RF",969
433,562,14,142,0.9756944444444444,0.9686800894854586,0.9756944444444444,0.9756944444444444,0.878125,0.8644656820156386,0.7288787688442211,969,"all","NB#969","NB",969
553,545,31,22,0.9617391304347827,0.9611992945326279,0.9617391304347827,0.9617391304347827,0.9542709232096636,0.9539530842745438,0.9079073502926439,969,"all","MLP#969","MLP",969
554,554,22,21,0.9634782608695652,0.9634782608695652,0.9634782608695652,0.9634782608695652,0.9626411815812338,0.9626411815812337,0.9252824195615648,970,"all","DT#970","DT",970
564,555,21,11,0.9808695652173913,0.980565371024735,0.9808695652173913,0.9808695652173913,0.9724137931034482,0.9721980886185926,0.9443969746833534,970,"all","RF#970","RF",970
524,534,42,51,0.9270833333333334,0.9257950530035336,0.9270833333333334,0.9270833333333334,0.9198966408268734,0.9192006950477846,0.8383990724511656,970,"all","NB#970","NB",970
550,546,30,25,0.9565217391304348,0.9562171628721541,0.9565217391304348,0.9565217391304348,0.9523809523809523,0.952215464813206,0.9044315788679133,970,"all","MLP#970","MLP",970
537,543,33,38,0.9427083333333334,0.9421052631578948,0.9427083333333334,0.9427083333333334,0.9386343993085566,0.9383145091225021,0.8766279938707265,971,"all","DT#971","DT",971
557,561,15,18,0.9739583333333334,0.9737762237762237,0.9739583333333334,0.9739583333333334,0.9714285714285714,0.9713292788879235,0.9426582547928206,971,"all","RF#971","RF",971
500,547,29,75,0.9496527777777778,0.945179584120983,0.9496527777777778,0.9496527777777778,0.9131886477462436,0.9096437880104257,0.8192748892586139,971,"all","NB#971","NB",971
557,551,25,18,0.9686956521739131,0.968365553602812,0.9686956521739131,0.9686956521739131,0.9628349178910978,0.9626411815812337,0.9252830963440904,971,"all","MLP#971","MLP",971
549,544,32,26,0.9547826086956521,0.9543859649122807,0.9547826086956521,0.9547826086956521,0.9498269896193772,0.9496090356211989,0.8992189080412918,972,"all","DT#972","DT",972
562,552,24,13,0.9773913043478261,0.9769911504424779,0.9773913043478261,0.9773913043478261,0.9681309216192937,0.9678540399652477,0.9357090990336816,972,"all","RF#972","RF",972
528,532,44,47,0.9236111111111112,0.9230769230769231,0.9236111111111112,0.9236111111111112,0.9212121212121213,0.9209383145091226,0.8418757935195964,972,"all","NB#972","NB",972
555,557,19,20,0.9670138888888888,0.9668989547038328,0.9670138888888888,0.9670138888888888,0.9661751951431049,0.9661164205039097,0.9322326875493472,972,"all","MLP#972","MLP",972
539,535,41,36,0.9373913043478261,0.9369527145359019,0.9373913043478261,0.9373913043478261,0.9333333333333333,0.9331016507384883,0.8662042104150784,973,"all","DT#973","DT",973
563,551,25,12,0.9791304347826087,0.9786856127886323,0.9791304347826087,0.9791304347826087,0.9681857265692176,0.9678540399652477,0.9357092931449112,973,"all","RF#973","RF",973
436,562,14,139,0.9756944444444444,0.9688888888888889,0.9756944444444444,0.9756944444444444,0.8801879404855129,0.8670721112076455,0.7340938431920274,973,"all","NB#973","NB",973
557,548,28,18,0.9686956521739131,0.9681978798586572,0.9686956521739131,0.9686956521739131,0.9603448275862069,0.9600347523892268,0.9200706511073202,973,"all","MLP#973","MLP",973
547,531,45,28,0.951304347826087,0.9499105545617174,0.951304347826087,0.951304347826087,0.9374464438731792,0.9365768896611643,0.8731569389070631,974,"all","DT#974","DT",974
560,550,26,15,0.9739130434782609,0.9734513274336283,0.9739130434782609,0.9739130434782609,0.9646856158484065,0.9643788010425717,0.9287587313616471,974,"all","RF#974","RF",974
506,546,30,69,0.9479166666666666,0.9440298507462687,0.9479166666666666,0.9479166666666666,0.9168765743073047,0.9139878366637706,0.8279654146303903,974,"all","NB#974","NB",974
550,546,30,25,0.9565217391304348,0.9562171628721541,0.9565217391304348,0.9565217391304348,0.9523809523809523,0.952215464813206,0.9044315788679133,974,"all","MLP#974","MLP",974
550,540,36,25,0.9565217391304348,0.9557522123893806,0.9565217391304348,0.9565217391304348,0.9474590869939706,0.947002606429192,0.8940068930014748,975,"all","DT#975","DT",975
565,555,21,10,0.9826086956521739,0.9823008849557522,0.9826086956521739,0.9826086956521739,0.9732988802756245,0.9730668983492615,0.9461346505417332,975,"all","RF#975","RF",975
527,528,48,48,0.9166666666666666,0.9166666666666666,0.9166666666666666,0.9166666666666666,0.9166666666666666,0.9165942658557776,0.8331884057971015,975,"all","NB#975","NB",975
560,554,22,15,0.9739130434782609,0.9736379613356766,0.9739130434782609,0.9739130434782609,0.9680207433016422,0.9678540399652477,0.9357087108077058,975,"all","MLP#975","MLP",975
549,544,32,26,0.9547826086956521,0.9543859649122807,0.9547826086956521,0.9547826086956521,0.9498269896193772,0.9496090356211989,0.8992189080412918,976,"all","DT#976","DT",976
563,550,26,12,0.9791304347826087,0.9786476868327402,0.9791304347826087,0.9791304347826087,0.9673539518900344,0.9669852302345786,0.93397180615144,976,"all","RF#976","RF",976
549,474,102,26,0.9547826086956521,0.948,0.9547826086956521,0.9547826086956521,0.8955954323001631,0.8887923544743701,0.7776100568171527,976,"all","NB#976","NB",976
558,540,36,17,0.9704347826086956,0.9694793536804309,0.9704347826086956,0.9704347826086956,0.9546621043627032,0.9539530842745438,0.9079087405403528,976,"all","MLP#976","MLP",976
540,548,28,35,0.9513888888888888,0.9507042253521126,0.9513888888888888,0.9513888888888888,0.9456427955133736,0.945264986967854,0.8905287344522058,977,"all","DT#977","DT",977
565,557,19,10,0.9826086956521739,0.982363315696649,0.9826086956521739,0.9826086956521739,0.9749784296807592,0.9748045178105995,0.9496096822355977,977,"all","RF#977","RF",977
526,545,31,49,0.9461805555555556,0.9443447037701975,0.9461805555555556,0.9461805555555556,0.9316239316239316,0.9304952215464813,0.8609865606251378,977,"all","NB#977","NB",977
558,550,26,17,0.9704347826086956,0.9700176366843033,0.9704347826086956,0.9704347826086956,0.9628990509059535,0.9626411815812337,0.9252833219355413,977,"all","MLP#977","MLP",977
541,557,19,34,0.9670138888888888,0.9660714285714286,0.9670138888888888,0.9670138888888888,0.9545844044558697,0.9539530842745438,0.9079040135268763,978,"all","DT#978","DT",978
562,562,14,13,0.9773913043478261,0.9773913043478261,0.9773913043478261,0.9773913043478261,0.9765421372719374,0.9765421372719374,0.9530843099572616,978,"all","RF#978","RF",978
499,559,17,76,0.9704861111111112,0.9670542635658915,0.9704861111111112,0.9704861111111112,0.9232039636663915,0.9192006950477846,0.8383868732269331,978,"all","NB#978","NB",978
553,548,28,22,0.9617391304347827,0.9614035087719298,0.9617391304347827,0.9617391304347827,0.9567474048442908,0.9565595134665508,0.9131197483114584,978,"all","MLP#978","MLP",978
529,548,28,46,0.9513888888888888,0.9497307001795332,0.9513888888888888,0.9513888888888888,0.9367521367521368,0.9357080799304952,0.8714125685782524,979,"all","DT#979","DT",979
559,557,19,16,0.9721739130434782,0.9720767888307156,0.9721739130434782,0.9721739130434782,0.9696444058976583,0.9695916594265855,0.9391835483836879,979,"all","RF#979","RF",979
540,525,51,35,0.9391304347826087,0.9375,0.9391304347826087,0.9391304347826087,0.9262435677530018,0.9252823631624674,0.8505682229897827,979,"all","NB#979","NB",979
543,560,16,32,0.9722222222222222,0.9713774597495528,0.9722222222222222,0.9722222222222222,0.9589041095890412,0.9582971329278888,0.9165921882171066,979,"all","MLP#979","MLP",979
542,545,31,33,0.9461805555555556,0.9458987783595113,0.9461805555555556,0.9461805555555556,0.9445407279029463,0.944396177237185,0.8887919347582571,980,"all","DT#980","DT",980
557,557,19,18,0.9686956521739131,0.9686956521739131,0.9686956521739131,0.9686956521739131,0.9678540399652477,0.9678540399652477,0.9357081284599512,980,"all","RF#980","RF",980
505,546,30,70,0.9479166666666666,0.9439252336448598,0.9479166666666666,0.9479166666666666,0.9161073825503356,0.9131190269331017,0.8262274291925841,980,"all","NB#980","NB",980
547,550,26,28,0.9548611111111112,0.9546247818499127,0.9548611111111112,0.9548611111111112,0.9532062391681109,0.9530842745438749,0.9061681949522795,980,"all","MLP#980","MLP",980
554,536,40,21,0.9634782608695652,0.9622980251346499,0.9634782608695652,0.9634782608695652,0.9478186484174509,0.947002606429192,0.8940081730747457,981,"all","DT#981","DT",981
563,554,22,12,0.9791304347826087,0.9787985865724381,0.9791304347826087,0.9791304347826087,0.9706896551724138,0.9704604691572546,0.9409217856010629,981,"all","RF#981","RF",981
521,535,41,54,0.9288194444444444,0.9270462633451957,0.9288194444444444,0.9288194444444444,0.9184549356223176,0.9174630755864466,0.8349227868300556,981,"all","NB#981","NB",981
560,550,26,15,0.9739130434782609,0.9734513274336283,0.9739130434782609,0.9739130434782609,0.9646856158484065,0.9643788010425717,0.9287587313616471,981,"all","MLP#981","MLP",981
550,546,30,25,0.9565217391304348,0.9562171628721541,0.9565217391304348,0.9565217391304348,0.9523809523809523,0.952215464813206,0.9044315788679133,982,"all","DT#982","DT",982
558,551,25,17,0.9704347826086956,0.9700704225352113,0.9704347826086956,0.9704347826086956,0.9637305699481865,0.9635099913119027,0.9270208089274286,982,"all","RF#982","RF",982
555,455,121,20,0.9652173913043478,0.9578947368421052,0.9652173913043478,0.9652173913043478,0.8872901678657074,0.8774978279756733,0.7550328225919659,982,"all","NB#982","NB",982
554,544,32,21,0.9634782608695652,0.9628318584070796,0.9634782608695652,0.9634782608695652,0.954349698535745,0.9539530842745438,0.9079076283455437,982,"all","MLP#982","MLP",982
531,547,29,44,0.9496527777777778,0.9482142857142857,0.9496527777777778,0.9496527777777778,0.937446443873179,0.9365768896611643,0.8731508110841883,983,"all","DT#983","DT",983
552,555,21,23,0.9635416666666666,0.9633507853403142,0.9635416666666666,0.9635416666666666,0.9618717504332754,0.9617723718505647,0.9235444551463018,983,"all","RF#983","RF",983
526,534,42,49,0.9270833333333334,0.926056338028169,0.9270833333333334,0.9270833333333334,0.9214840379637619,0.9209383145091226,0.8418748386531864,983,"all","NB#983","NB",983
553,560,16,22,0.9722222222222222,0.9718804920913884,0.9722222222222222,0.9722222222222222,0.9671848013816926,0.9669852302345786,0.9339698125284951,983,"all","MLP#983","MLP",983
551,554,22,24,0.9618055555555556,0.9616055846422339,0.9618055555555556,0.9618055555555556,0.9601386481802427,0.9600347523892268,0.9200692031074973,984,"all","DT#984","DT",984
561,558,18,14,0.9756521739130435,0.9755244755244755,0.9756521739130435,0.9756521739130435,0.9722703639514731,0.9721980886185926,0.944396471035803,984,"all","RF#984","RF",984
517,551,25,58,0.9565972222222222,0.9538745387453874,0.9565972222222222,0.9565972222222222,0.929957805907173,0.9278887923544744,0.8557702904885057,984,"all","NB#984","NB",984
555,548,28,20,0.9652173913043478,0.9647887323943662,0.9652173913043478,0.9652173913043478,0.9585492227979274,0.9582971329278888,0.9165952102027752,984,"all","MLP#984","MLP",984
546,541,35,29,0.9495652173913044,0.9491228070175438,0.9495652173913044,0.9495652173913044,0.9446366782006921,0.944396177237185,0.8887932778386669,985,"all","DT#985","DT",985
562,551,25,13,0.9773913043478261,0.9769503546099291,0.9773913043478261,0.9773913043478261,0.9672977624784854,0.9669852302345786,0.9339716067945628,985,"all","RF#985","RF",985
492,547,29,83,0.9496527777777778,0.944337811900192,0.9496527777777778,0.9496527777777778,0.9071310116086236,0.9026933101650738,0.8053706069033405,985,"all","NB#985","NB",985
550,550,26,25,0.9565217391304348,0.9565217391304348,0.9565217391304348,0.9565217391304348,0.9556907037358819,0.9556907037358818,0.9113814743637163,985,"all","MLP#985","MLP",985
547,548,28,28,0.9513888888888888,0.9513888888888888,0.9513888888888888,0.9513888888888888,0.9513888888888888,0.9513466550825369,0.9026932367149758,986,"all","DT#986","DT",986
564,557,19,11,0.9808695652173913,0.9806338028169014,0.9808695652173913,0.9808695652173913,0.9740932642487047,0.9739357080799305,0.9478720063767345,986,"all","RF#986","RF",986
516,545,31,59,0.9461805555555556,0.943327239488117,0.9461805555555556,0.9461805555555556,0.9237288135593221,0.9218071242397915,0.8436075196415308,986,"all","NB#986","NB",986
560,541,35,15,0.9739130434782609,0.9730215827338129,0.9739130434782609,0.9739130434782609,0.9572649572649573,0.9565595134665508,0.9131215844932217,986,"all","MLP#986","MLP",986
535,538,38,40,0.9340277777777778,0.9336823734729494,0.9340277777777778,0.9340277777777778,0.9324090121317158,0.9322328410078193,0.864465170486626,987,"all","DT#987","DT",987
561,553,23,14,0.9756521739130435,0.9753086419753086,0.9756521739130435,0.9756521739130435,0.9680759275237273,0.9678540399652477,0.9357089049212799,987,"all","RF#987","RF",987
502,539,37,73,0.9357638888888888,0.9313543599257885,0.9357638888888888,0.9357638888888888,0.9074074074074073,0.9044309296264118,0.8088513264609791,987,"all","NB#987","NB",987
561,546,30,14,0.9756521739130435,0.975,0.9756521739130435,0.9756521739130435,0.9622641509433962,0.9617723718505647,0.9235465326924471,987,"all","MLP#987","MLP",987
544,553,23,31,0.9600694444444444,0.9594356261022927,0.9600694444444444,0.9600694444444444,0.9534482758620689,0.9530842745438749,0.9061673450162442,988,"all","DT#988","DT",988
562,557,19,13,0.9773913043478261,0.9771929824561404,0.9773913043478261,0.9773913043478261,0.972318339100346,0.9721980886185926,0.9443966389193336,988,"all","RF#988","RF",988
505,555,21,70,0.9635416666666666,0.9600760456273765,0.9635416666666666,0.9635416666666666,0.9242298084929226,0.9209383145091226,0.8418648118595731,988,"all","NB#988","NB",988
560,555,21,15,0.9739130434782609,0.9736842105263158,0.9739130434782609,0.9739130434782609,0.9688581314878892,0.9687228496959166,0.9374462187842502,988,"all","MLP#988","MLP",988
553,547,29,22,0.9617391304347827,0.961335676625659,0.9617391304347827,0.9617391304347827,0.9559204840103717,0.9556907037358818,0.9113822770592701,989,"all","DT#989","DT",989
556,551,25,19,0.9669565217391304,0.9666666666666667,0.9669565217391304,0.9669565217391304,0.9619377162629758,0.9617723718505647,0.9235453785140836,989,"all","RF#989","RF",989
491,553,23,84,0.9600694444444444,0.9552529182879378,0.9600694444444444,0.9600694444444444,0.9117889530090684,0.9070373588184187,0.8140574539623968,989,"all","NB#989","NB",989
559,545,31,16,0.9721739130434782,0.9714795008912656,0.9721739130434782,0.9721739130434782,0.959656652360515,0.9591659426585578,0.9183336729995546,989,"all","MLP#989","MLP",989
538,551,25,37,0.9565972222222222,0.955595026642984,0.9565972222222222,0.9565972222222222,0.9467353951890034,0.946133796698523,0.8922655603664318,990,"all","DT#990","DT",990
558,560,16,17,0.9722222222222222,0.9721254355400697,0.9722222222222222,0.9722222222222222,0.971379011274935,0.9713292788879235,0.9426584279263707,990,"all","RF#990","RF",990
478,556,20,97,0.9652777777777778,0.9598393574297188,0.9652777777777778,0.9652777777777778,0.90480065093572,0.8983492615117289,0.7966747342308812,990,"all","NB#990","NB",990
555,554,22,20,0.9652173913043478,0.9651567944250871,0.9652173913043478,0.9652173913043478,0.9635416666666666,0.9635099913119027,0.927020147886027,990,"all","MLP#990","MLP",990
547,541,35,28,0.951304347826087,0.9507908611599297,0.951304347826087,0.951304347826087,0.9455488331892826,0.945264986967854,0.8905310481320394,991,"all","DT#991","DT",991
561,555,21,14,0.9756521739130435,0.9753954305799648,0.9756521739130435,0.9756521739130435,0.9697493517718238,0.9695916594265855,0.9391839156289108,991,"all","RF#991","RF",991
480,552,24,95,0.9583333333333334,0.9523809523809523,0.9583333333333334,0.9583333333333334,0.9026982829108748,0.896611642050391,0.7932009620596412,991,"all","NB#991","NB",991
554,544,32,21,0.9634782608695652,0.9628318584070796,0.9634782608695652,0.9634782608695652,0.954349698535745,0.9539530842745438,0.9079076283455437,991,"all","MLP#991","MLP",991
544,552,24,31,0.9583333333333334,0.9577464788732394,0.9583333333333334,0.9583333333333334,0.9525452976704055,0.952215464813206,0.9044298475376401,992,"all","DT#992","DT",992
557,554,22,18,0.9686956521739131,0.9685314685314685,0.9686956521739131,0.9686956521739131,0.9653379549393415,0.9652476107732406,0.9304955887947536,992,"all","RF#992","RF",992
518,547,29,57,0.9496527777777778,0.946983546617916,0.9496527777777778,0.9496527777777778,0.9271186440677966,0.9252823631624674,0.8505582965463515,992,"all","NB#992","NB",992
551,555,21,24,0.9635416666666666,0.9632867132867133,0.9635416666666666,0.9635416666666666,0.961038961038961,0.9609035621198957,0.921806711081119,992,"all","MLP#992","MLP",992
547,544,32,28,0.951304347826087,0.951048951048951,0.951304347826087,0.951304347826087,0.9480069324090121,0.947871416159861,0.8957433831921305,993,"all","DT#993","DT",993
558,561,15,17,0.9739583333333334,0.9738219895287958,0.9739583333333334,0.9739583333333334,0.9722703639514731,0.9721980886185926,0.9443959673791287,993,"all","RF#993","RF",993
478,555,21,97,0.9635416666666666,0.9579158316633266,0.9635416666666666,0.9635416666666666,0.9039087947882736,0.89748045178106,0.7949372210579716,993,"all","NB#993","NB",993
553,552,24,22,0.9617391304347827,0.9616724738675958,0.9617391304347827,0.9617391304347827,0.9600694444444445,0.9600347523892268,0.9200696857799342,993,"all","MLP#993","MLP",993
535,549,27,40,0.953125,0.9519572953736655,0.953125,0.953125,0.9424892703862662,0.9417897480451781,0.8835771233433024,994,"all","DT#994","DT",994
552,555,21,23,0.9635416666666666,0.9633507853403142,0.9635416666666666,0.9635416666666666,0.9618717504332754,0.9617723718505647,0.9235444551463018,994,"all","RF#994","RF",994
480,551,25,95,0.9565972222222222,0.9504950495049505,0.9565972222222222,0.9565972222222222,0.9018003273322422,0.895742832319722,0.7914634698715142,994,"all","NB#994","NB",994
548,555,21,27,0.9635416666666666,0.9630931458699473,0.9635416666666666,0.9635416666666666,0.9585492227979275,0.9582971329278888,0.9165934474044148,994,"all","MLP#994","MLP",994
548,545,31,27,0.9530434782608695,0.9527972027972028,0.9530434782608695,0.9530434782608695,0.9497400346620449,0.9496090356211989,0.8992186037523927,995,"all","DT#995","DT",995
558,561,15,17,0.9739583333333334,0.9738219895287958,0.9739583333333334,0.9739583333333334,0.9722703639514731,0.9721980886185926,0.9443959673791287,995,"all","RF#995","RF",995
518,545,31,57,0.9461805555555556,0.9435336976320583,0.9461805555555556,0.9461805555555556,0.9252971137521222,0.9235447437011295,0.8470833698182598,995,"all","NB#995","NB",995
558,553,23,17,0.9704347826086956,0.9701754385964912,0.9704347826086956,0.9704347826086956,0.9653979238754326,0.9652476107732406,0.9304957986491668,995,"all","MLP#995","MLP",995
543,551,25,32,0.9565972222222222,0.9559859154929577,0.9565972222222222,0.9565972222222222,0.9508196721311476,0.950477845351868,0.9009545692662816,996,"all","DT#996","DT",996
563,559,17,12,0.9791304347826087,0.978984238178634,0.9791304347826087,0.9791304347826087,0.9748917748917749,0.9748045178105995,0.9496093779485361,996,"all","RF#996","RF",996
517,535,41,58,0.9288194444444444,0.9265232974910395,0.9288194444444444,0.9288194444444444,0.9153122326775021,0.9139878366637706,0.8279711284860872,996,"all","NB#996","NB",996
553,560,16,22,0.9722222222222222,0.9718804920913884,0.9722222222222222,0.9722222222222222,0.9671848013816926,0.9669852302345786,0.9339698125284951,996,"all","MLP#996","MLP",996
552,536,40,23,0.96,0.9588550983899821,0.96,0.96,0.9460154241645243,0.945264986967854,0.890532700700616,997,"all","DT#997","DT",997
554,559,17,21,0.9704861111111112,0.9702276707530648,0.9704861111111112,0.9704861111111112,0.9671280276816608,0.9669852302345786,0.9339700118962071,997,"all","RF#997","RF",997
523,535,41,52,0.9288194444444444,0.9273049645390071,0.9288194444444444,0.9288194444444444,0.9200343938091142,0.9192006950477846,0.838398584517557,997,"all","NB#997","NB",997
542,553,23,33,0.9600694444444444,0.95929203539823,0.9600694444444444,0.9600694444444444,0.9518072289156626,0.9513466550825369,0.9026917676897296,997,"all","MLP#997","MLP",997
545,542,34,30,0.9478260869565217,0.9475524475524476,0.9478260869565217,0.9478260869565217,0.9445407279029463,0.944396177237185,0.8887929420716059,998,"all","DT#998","DT",998
559,556,20,16,0.9721739130434782,0.972027972027972,0.9721739130434782,0.9721739130434782,0.9688041594454073,0.9687228496959166,0.9374460299152783,998,"all","RF#998","RF",998
359,564,12,216,0.9791666666666666,0.967654986522911,0.9791666666666666,0.9791666666666666,0.831858407079646,0.8019113814074718,0.6037004149828751,998,"all","NB#998","NB",998
556,546,30,19,0.9669565217391304,0.9663716814159292,0.9669565217391304,0.9669565217391304,0.9577950043066322,0.9574283231972198,0.9148579960175782,998,"all","MLP#998","MLP",998
544,542,34,31,0.9460869565217391,0.9458987783595113,0.9460869565217391,0.9460869565217391,0.9436253252385083,0.9435273675065161,0.887055161283992,999,"all","DT#999","DT",999
558,555,21,17,0.9704347826086956,0.9702797202797203,0.9704347826086956,0.9704347826086956,0.9670710571923744,0.9669852302345786,0.933970809355016,999,"all","RF#999","RF",999
511,544,32,64,0.9444444444444444,0.9410681399631676,0.9444444444444444,0.9444444444444444,0.918918918918919,0.9165942658557776,0.8331803468766608,999,"all","NB#999","NB",999
548,553,23,27,0.9600694444444444,0.9597197898423818,0.9600694444444444,0.9600694444444444,0.9567474048442907,0.9565595134665508,0.9131184367055356,999,"all","MLP#999","MLP",999
