"TruePositives","TrueNegatives","FalsePositives","FalseNegatives","Recall","Precision","Sensitivity","Specificity","F-measure","Accuracy","Cohen's kappa","Iteration","Species","learner","learner_Arr[0]","learner_Arr[1]"
343,356,220,232,0.6180555555555556,0.6092362344582594,0.6180555555555556,0.6180555555555556,0.6116838487972508,0.6072980017376195,0.2145811820262444,0,"all","DT#0","DT",0
325,395,181,250,0.6857638888888888,0.642292490118577,0.6857638888888888,0.6857638888888888,0.6470106470106469,0.6255430060816681,0.2510074268001951,0,"all","RF#0","RF",0
335,331,245,240,0.5826086956521739,0.5796847635726795,0.5826086956521739,0.5826086956521739,0.58008658008658,0.578627280625543,0.1572602863806886,0,"all","NB#0","NB",0
340,453,123,235,0.7864583333333334,0.734341252699784,0.7864583333333334,0.7864583333333334,0.716772151898734,0.6889661164205039,0.37782656487811944,0,"all","MLP#0","MLP",0
343,330,246,232,0.5965217391304348,0.5871886120996441,0.5965217391304348,0.5965217391304348,0.5893470790378007,0.5847089487402259,0.16943482474706156,1,"all","DT#1","DT",1
349,398,178,226,0.6909722222222222,0.6622390891840607,0.6909722222222222,0.6909722222222222,0.6633333333333332,0.6490008688097306,0.29795033456530656,1,"all","RF#1","RF",1
523,87,489,52,0.9095652173913044,0.6258992805755396,0.9095652173913044,0.9095652173913044,0.6591052299936989,0.5299739357080799,0.060566926710488425,1,"all","NB#1","NB",1
349,441,135,226,0.765625,0.7210743801652892,0.765625,0.765625,0.7095736122284795,0.6863596872284969,0.3726327137333178,1,"all","MLP#1","MLP",1
363,369,207,212,0.640625,0.6368421052631579,0.640625,0.640625,0.6378565254969749,0.635968722849696,0.2719314004483729,2,"all","DT#2","DT",2
330,396,180,245,0.6875,0.6470588235294118,0.6875,0.6875,0.6507806080525883,0.630755864465682,0.26143869793986413,2,"all","RF#2","RF",2
158,484,92,417,0.8402777777777778,0.632,0.8402777777777778,0.8402777777777778,0.6553825321597834,0.5577758470894874,0.11511686742438529,2,"all","NB#2","NB",2
335,395,181,240,0.6857638888888888,0.6492248062015504,0.6857638888888888,0.6857638888888888,0.652353426919901,0.634231103388358,0.26839649062944926,2,"all","MLP#2","MLP",2
338,353,223,237,0.6128472222222222,0.6024955436720143,0.6128472222222222,0.6128472222222222,0.6054888507718696,0.6003475238922676,0.20067755055209513,3,"all","DT#3","DT",3
344,386,190,231,0.6701388888888888,0.6441947565543071,0.6701388888888888,0.6701388888888888,0.6471081307627828,0.634231103388358,0.2684163723901993,3,"all","RF#3","RF",3
531,64,512,44,0.9234782608695652,0.5925925925925926,0.9234782608695652,0.9234782608695652,0.6563658838071693,0.5169417897480452,0.034564951091318394,3,"all","NB#3","NB",3
366,437,139,209,0.7586805555555556,0.7247524752475247,0.7586805555555556,0.7586805555555556,0.7152209492635024,0.6976542137271937,0.39524406262739115,3,"all","MLP#3","MLP",3
355,345,231,220,0.6173913043478261,0.6106194690265486,0.6173913043478261,0.6173913043478261,0.6115417743324719,0.6081668114682884,0.2163460449781177,4,"all","DT#4","DT",4
344,400,176,231,0.6944444444444444,0.6615384615384615,0.6944444444444444,0.6944444444444444,0.6628003314001657,0.6463944396177237,0.2927296197600948,4,"all","RF#4","RF",4
561,15,561,14,0.9756521739130435,0.5172413793103449,0.9756521739130435,0.9756521739130435,0.6611667648791986,0.5004344048653345,0.0016924429856383582,4,"all","NB#4","NB",4
332,474,102,243,0.8229166666666666,0.7649769585253456,0.8229166666666666,0.8229166666666666,0.7331786542923433,0.7002606429192006,0.40039319963941583,4,"all","MLP#4","MLP",4
346,361,215,229,0.6267361111111112,0.6167557932263814,0.6267361111111112,0.6267361111111112,0.6192109777015438,0.6142484795829714,0.22848007053289177,5,"all","DT#5","DT",5
358,403,173,217,0.6996527777777778,0.6741996233521658,0.6996527777777778,0.6996527777777778,0.6739130434782609,0.6611642050390965,0.3222828811092525,5,"all","RF#5","RF",5
145,493,83,430,0.8559027777777778,0.6359649122807017,0.8559027777777778,0.8559027777777778,0.657771847898599,0.5543006081668115,0.10813333675702695,5,"all","NB#5","NB",5
333,461,115,242,0.8003472222222222,0.7433035714285714,0.8003472222222222,0.8003472222222222,0.7208756841282251,0.6898349261511729,0.3795504270897349,5,"all","MLP#5","MLP",5
361,343,233,214,0.6278260869565218,0.6157989228007181,0.6278260869565218,0.6278260869565218,0.6176218990590248,0.6116420503909644,0.22330579285920252,6,"all","DT#6","DT",6
338,401,175,237,0.6961805555555556,0.6588693957115009,0.6961805555555556,0.6961805555555556,0.6606260296540363,0.6420503909643788,0.2840332277477661,6,"all","RF#6","RF",6
13,563,13,562,0.9774305555555556,0.5004444444444445,0.9774305555555556,0.9774305555555556,0.6619635508524397,0.5004344048653345,0.000039283766285850924,6,"all","NB#6","NB",6
355,406,170,220,0.7048611111111112,0.6761904761904762,0.7048611111111112,0.7048611111111112,0.6755407653910149,0.6611642050390965,0.32227674190382727,6,"all","MLP#6","MLP",6
348,369,207,227,0.640625,0.6270270270270271,0.640625,0.640625,0.6296928327645052,0.6229365768896612,0.2458498143059875,7,"all","DT#7","DT",7
340,414,162,235,0.71875,0.6772908366533864,0.71875,0.71875,0.6759183673469388,0.6550825369244135,0.3100885212289397,7,"all","RF#7","RF",7
335,340,236,240,0.5902777777777778,0.5866900175131349,0.5902777777777778,0.5902777777777778,0.5882352941176471,0.5864465682015638,0.17288751743669944,7,"all","NB#7","NB",7
341,444,132,234,0.7708333333333334,0.7209302325581395,0.7708333333333334,0.7708333333333334,0.7081339712918661,0.682015638575152,0.3639328519790185,7,"all","MLP#7","MLP",7
346,356,220,229,0.6180555555555556,0.6113074204946997,0.6180555555555556,0.6180555555555556,0.6132644272179156,0.6099044309296264,0.21979767237175624,8,"all","DT#8","DT",8
364,421,155,211,0.7309027777777778,0.7013487475915221,0.7309027777777778,0.7309027777777778,0.6970198675496688,0.682015638575152,0.36397702704334906,8,"all","RF#8","RF",8
535,67,509,40,0.9304347826086956,0.6261682242990654,0.9304347826086956,0.9304347826086956,0.6609017912291537,0.5230234578627281,0.04672114701396498,8,"all","NB#8","NB",8
357,460,116,218,0.7986111111111112,0.7547568710359408,0.7986111111111112,0.7986111111111112,0.733652312599681,0.7098175499565595,0.4195452802212902,8,"all","MLP#8","MLP",8
351,314,262,224,0.6104347826086957,0.5836431226765799,0.6104347826086957,0.6104347826086957,0.5909090909090909,0.577758470894874,0.1555647471914353,9,"all","DT#9","DT",9
352,384,192,223,0.6666666666666666,0.6470588235294118,0.6666666666666666,0.6666666666666666,0.6491969568892646,0.6394439617723718,0.2788536299253136,9,"all","RF#9","RF",9
424,207,369,151,0.7373913043478261,0.5782122905027933,0.7373913043478261,0.7373913043478261,0.6198830409356725,0.5482189400521286,0.09673446842675563,9,"all","NB#9","NB",9
350,417,159,225,0.7239583333333334,0.68762278978389,0.7239583333333334,0.7239583333333334,0.6847290640394089,0.6663770634231103,0.33268713368179786,9,"all","MLP#9","MLP",9
348,332,244,227,0.6052173913043478,0.59391771019678,0.6052173913043478,0.6052173913043478,0.596401028277635,0.5907906168549087,0.18160161952365347,10,"all","DT#10","DT",10
327,393,183,248,0.6822916666666666,0.6411764705882353,0.6822916666666666,0.6822916666666666,0.6458504519309778,0.6255430060816681,0.2510119501460741,10,"all","RF#10","RF",10
427,206,370,148,0.7426086956521739,0.5819209039548022,0.7426086956521739,0.7426086956521739,0.6224489795918368,0.5499565595134666,0.10021399832785507,10,"all","NB#10","NB",10
347,456,120,228,0.7916666666666666,0.7430406852248393,0.7916666666666666,0.7916666666666666,0.7238095238095237,0.6976542137271937,0.39520936384555455,10,"all","MLP#10","MLP",10
334,333,243,241,0.5808695652173913,0.5801393728222997,0.5808695652173913,0.5808695652173913,0.579861111111111,0.579496090356212,0.15899408516278624,11,"all","DT#11","DT",11
342,378,198,233,0.65625,0.6333333333333333,0.65625,0.65625,0.636899747262005,0.6255430060816681,0.25104587349875057,11,"all","RF#11","RF",11
13,573,3,562,0.9947916666666666,0.8125,0.9947916666666666,0.9947916666666666,0.6697837521917008,0.5091225021720244,0.01741505890387583,11,"all","NB#11","NB",11
360,418,158,215,0.7256944444444444,0.694980694980695,0.7256944444444444,0.7256944444444444,0.6914805624483044,0.6759339704604691,0.35181167461572016,11,"all","MLP#11","MLP",11
349,336,240,226,0.6069565217391304,0.597864768683274,0.6069565217391304,0.6069565217391304,0.5996563573883161,0.5951346655082537,0.1902858333308172,12,"all","DT#12","DT",12
333,397,179,242,0.6892361111111112,0.650390625,0.6892361111111112,0.6892361111111112,0.6534979423868313,0.634231103388358,0.26839207231364093,12,"all","RF#12","RF",12
54,550,26,521,0.9548611111111112,0.675,0.9548611111111112,0.9548611111111112,0.6678809957498482,0.5247610773240661,0.048810629924233934,12,"all","NB#12","NB",12
338,438,138,237,0.7604166666666666,0.7100840336134454,0.7604166666666666,0.7604166666666666,0.7002398081534771,0.6741963509991312,0.3482948085538146,12,"all","MLP#12","MLP",12
362,339,237,213,0.6295652173913043,0.6141304347826086,0.6295652173913043,0.6295652173913043,0.616695059625213,0.6090356211989574,0.2180989819209449,13,"all","DT#13","DT",13
345,378,198,230,0.65625,0.6353591160220995,0.65625,0.65625,0.6385135135135136,0.6281494352736751,0.25626237982511224,13,"all","RF#13","RF",13
547,37,539,28,0.951304347826087,0.5692307692307692,0.951304347826087,0.951304347826087,0.658639373871162,0.5073848827106864,0.015528479690335509,13,"all","NB#13","NB",13
355,433,143,220,0.7517361111111112,0.7128514056224899,0.7517361111111112,0.7517361111111112,0.7046379170056956,0.684622067767159,0.3691703292804266,13,"all","MLP#13","MLP",13
347,346,230,228,0.6034782608695652,0.6027874564459931,0.6034782608695652,0.6034782608695652,0.6024305555555556,0.6020851433536055,0.2041720888523886,14,"all","DT#14","DT",14
346,415,161,229,0.7204861111111112,0.6824457593688363,0.7204861111111112,0.7204861111111112,0.6803278688524591,0.6611642050390965,0.3222583236201785,14,"all","RF#14","RF",14
164,492,84,411,0.8541666666666666,0.6612903225806451,0.8541666666666666,0.8541666666666666,0.665314401622718,0.5699391833188532,0.13945290020888945,14,"all","NB#14","NB",14
344,467,109,231,0.8107638888888888,0.7593818984547461,0.8107638888888888,0.8107638888888888,0.7331240188383047,0.7046046915725456,0.40910010599778324,14,"all","MLP#14","MLP",14
389,342,234,186,0.6765217391304348,0.6477272727272727,0.6765217391304348,0.6765217391304348,0.649415692821369,0.6350999131190269,0.27025215564089555,15,"all","DT#15","DT",15
325,422,154,250,0.7326388888888888,0.6784968684759917,0.7326388888888888,0.7326388888888888,0.6762820512820512,0.6490008688097306,0.29789945402715357,15,"all","RF#15","RF",15
554,24,552,21,0.9634782608695652,0.5333333333333333,0.9634782608695652,0.9634782608695652,0.6591314693634741,0.5021720243266724,0.005140806509274654,15,"all","NB#15","NB",15
299,461,115,276,0.8003472222222222,0.7222222222222222,0.8003472222222222,0.8003472222222222,0.7022086824067022,0.6602953953084274,0.32042510332372437,15,"all","MLP#15","MLP",15
340,335,241,235,0.591304347826087,0.5877192982456141,0.591304347826087,0.591304347826087,0.588235294117647,0.5864465682015638,0.17290000392508514,16,"all","DT#16","DT",16
358,403,173,217,0.6996527777777778,0.6741996233521658,0.6996527777777778,0.6996527777777778,0.6739130434782609,0.6611642050390965,0.3222828811092525,16,"all","RF#16","RF",16
399,233,343,176,0.6939130434782609,0.5696821515892421,0.6939130434782609,0.6939130434782609,0.6059225512528474,0.5490877497827976,0.09840212386068131,16,"all","NB#16","NB",16
328,439,137,247,0.7621527777777778,0.7053763440860215,0.7621527777777778,0.7621527777777778,0.6957210776545166,0.6663770634231103,0.33264279998188107,16,"all","MLP#16","MLP",16
370,348,228,205,0.6434782608695652,0.6292947558770343,0.6434782608695652,0.6434782608695652,0.6308610400682011,0.6238053866203301,0.24763632905258423,17,"all","DT#17","DT",17
350,386,190,225,0.6701388888888888,0.6481481481481481,0.6701388888888888,0.6701388888888888,0.6503791069924179,0.6394439617723718,0.27884927494659273,17,"all","RF#17","RF",17
149,505,71,426,0.8767361111111112,0.6772727272727272,0.8767361111111112,0.8767361111111112,0.670205706702057,0.5682015638575152,0.13593939988973555,17,"all","NB#17","NB",17
334,465,111,241,0.8072916666666666,0.750561797752809,0.8072916666666666,0.8072916666666666,0.7254290171606864,0.6941789748045178,0.3882374258233047,17,"all","MLP#17","MLP",17
357,352,224,218,0.6208695652173913,0.6175438596491228,0.6208695652173913,0.6208695652173913,0.6176470588235294,0.6159860990443093,0.2319785750732935,18,"all","DT#18","DT",18
360,401,175,215,0.6961805555555556,0.6728971962616822,0.6961805555555556,0.6961805555555556,0.6728187919463088,0.6611642050390965,0.32228697385107813,18,"all","RF#18","RF",18
320,331,245,255,0.5746527777777778,0.5663716814159292,0.5746527777777778,0.5746527777777778,0.5697074010327022,0.5655951346655083,0.13117649722972882,18,"all","NB#18","NB",18
356,452,124,219,0.7847222222222222,0.7416666666666667,0.7847222222222222,0.7847222222222222,0.7249398556535687,0.7019982623805386,0.403910585002378,18,"all","MLP#18","MLP",18
353,337,239,222,0.6139130434782609,0.6028622540250447,0.6139130434782609,0.6139130434782609,0.6049700085689803,0.5994787141615986,0.1989773813172065,19,"all","DT#19","DT",19
336,416,160,239,0.7222222222222222,0.6774193548387096,0.7222222222222222,0.7222222222222222,0.6758732737611698,0.6533449174630755,0.30660661522132016,19,"all","RF#19","RF",19
507,111,465,68,0.8817391304347826,0.6201117318435754,0.8817391304347826,0.8817391304347826,0.6554621848739496,0.5369244135534318,0.07440287146743267,19,"all","NB#19","NB",19
341,445,131,234,0.7725694444444444,0.722457627118644,0.7725694444444444,0.7725694444444444,0.7091633466135459,0.6828844483058211,0.36566978258998617,19,"all","MLP#19","MLP",19
360,348,228,215,0.6260869565217392,0.6181172291296625,0.6260869565217392,0.6260869565217392,0.6190885640584695,0.6151172893136403,0.2302491044106925,20,"all","DT#20","DT",20
345,385,191,230,0.6684027777777778,0.6436567164179104,0.6684027777777778,0.6684027777777778,0.6465155331654073,0.634231103388358,0.26841858140802377,20,"all","RF#20","RF",20
530,70,506,45,0.9217391304347826,0.6086956521739131,0.9217391304347826,0.9217391304347826,0.6579764121663563,0.5212858384013901,0.043236817371967926,20,"all","NB#20","NB",20
361,418,158,214,0.7256944444444444,0.6955684007707129,0.7256944444444444,0.7256944444444444,0.6920529801324503,0.6768027801911382,0.35355042092930566,20,"all","MLP#20","MLP",20
351,330,246,224,0.6104347826086957,0.5956678700361011,0.6104347826086957,0.6104347826086957,0.5989761092150172,0.5916594265855778,0.183345359906525,21,"all","DT#21","DT",21
338,390,186,237,0.6770833333333334,0.6450381679389313,0.6770833333333334,0.6770833333333334,0.6483790523690773,0.63249348392702,0.26492981796605714,21,"all","RF#21","RF",21
310,353,223,265,0.6128472222222222,0.5816135084427767,0.6128472222222222,0.6128472222222222,0.5912897822445562,0.5760208514335361,0.1519872938803489,21,"all","NB#21","NB",21
330,448,128,245,0.7777777777777778,0.7205240174672489,0.7777777777777778,0.7777777777777778,0.7060677698975572,0.6759339704604691,0.3517529515328038,21,"all","MLP#21","MLP",21
359,327,249,216,0.6243478260869565,0.6022099447513812,0.6243478260869565,0.6243478260869565,0.6069315300084531,0.5960034752389227,0.19204659188174508,22,"all","DT#22","DT",22
350,383,193,225,0.6649305555555556,0.6445672191528545,0.6649305555555556,0.6649305555555556,0.6469594594594595,0.6368375325803649,0.2736394270254601,22,"all","RF#22","RF",22
524,60,516,51,0.9113043478260869,0.5405405405405406,0.9113043478260869,0.9113043478260869,0.6489164086687306,0.5073848827106864,0.015460161571360752,22,"all","NB#22","NB",22
345,438,138,230,0.7604166666666666,0.7142857142857143,0.7604166666666666,0.7604166666666666,0.7041800643086816,0.680278019113814,0.3604667314904847,22,"all","MLP#22","MLP",22
348,334,242,227,0.6052173913043478,0.5953654188948306,0.6052173913043478,0.6052173913043478,0.5974248927038628,0.5925282363162467,0.18507431142108802,23,"all","DT#23","DT",23
335,398,178,240,0.6909722222222222,0.6530214424951267,0.6909722222222222,0.6909722222222222,0.655683690280066,0.6368375325803649,0.2736065271809861,23,"all","RF#23","RF",23
471,126,450,104,0.8191304347826087,0.5478260869565217,0.8191304347826087,0.8191304347826087,0.6296791443850268,0.5186794092093832,0.03786065853283154,23,"all","NB#23","NB",23
375,426,150,200,0.7395833333333334,0.7142857142857143,0.7395833333333334,0.7395833333333334,0.7088186356073211,0.6959165942658557,0.3917868196572808,23,"all","MLP#23","MLP",23
371,322,254,204,0.6452173913043479,0.6121673003802282,0.6452173913043479,0.6452173913043479,0.6183333333333334,0.6020851433536055,0.20422975318891967,24,"all","DT#24","DT",24
330,406,170,245,0.7048611111111112,0.66,0.7048611111111112,0.7048611111111112,0.6617766911165445,0.6394439617723718,0.2788057222662591,24,"all","RF#24","RF",24
538,64,512,37,0.9356521739130435,0.6336633663366337,0.9356521739130435,0.9356521739130435,0.6621538461538462,0.5230234578627281,0.04672977559871775,24,"all","NB#24","NB",24
344,448,128,231,0.7777777777777778,0.7288135593220338,0.7777777777777778,0.7777777777777778,0.7139442231075697,0.6880973066898349,0.37609712862960276,24,"all","MLP#24","MLP",24
380,324,252,195,0.6608695652173913,0.6242774566473989,0.6608695652173913,0.6608695652173913,0.6296603148301574,0.6116420503909644,0.22335034575829074,25,"all","DT#25","DT",25
347,408,168,228,0.7083333333333334,0.6737864077669903,0.7083333333333334,0.7083333333333334,0.6732673267326733,0.6559513466550826,0.3118398405652687,25,"all","RF#25","RF",25
413,206,370,162,0.7182608695652174,0.5597826086956522,0.7182608695652174,0.7182608695652174,0.6082474226804123,0.5377932232841007,0.07587593267814445,25,"all","NB#25","NB",25
363,456,120,212,0.7916666666666666,0.7515527950310559,0.7916666666666666,0.7916666666666666,0.7331189710610932,0.7115551694178974,0.4230297686272851,25,"all","MLP#25","MLP",25
366,342,234,209,0.6365217391304347,0.6206896551724138,0.6365217391304347,0.6365217391304347,0.6229787234042553,0.6151172893136403,0.23026304864701655,26,"all","DT#26","DT",26
372,401,175,203,0.6961805555555556,0.680073126142596,0.6961805555555556,0.6961805555555556,0.6796610169491526,0.6715899218071243,0.3431515824944292,26,"all","RF#26","RF",26
539,41,535,36,0.9373913043478261,0.5324675324675324,0.9373913043478261,0.9373913043478261,0.6537295330503337,0.5039096437880104,0.008565407399920648,26,"all","NB#26","NB",26
352,433,143,223,0.7517361111111112,0.7111111111111111,0.7517361111111112,0.7517361111111112,0.7029220779220778,0.682015638575152,0.3639539799492692,26,"all","MLP#26","MLP",26
331,331,245,244,0.5756521739130435,0.5756521739130435,0.5756521739130435,0.5756521739130435,0.575152041702867,0.575152041702867,0.1503047247815145,27,"all","DT#27","DT",27
315,403,173,260,0.6996527777777778,0.6454918032786885,0.6996527777777778,0.6996527777777778,0.6505246166263116,0.6238053866203301,0.2475113730215169,27,"all","RF#27","RF",27
318,311,265,257,0.5530434782608695,0.5475352112676056,0.5530434782608695,0.5530434782608695,0.5492227979274611,0.5464813205907906,0.09297291095518166,27,"all","NB#27","NB",27
338,443,133,237,0.7690972222222222,0.7176220806794055,0.7690972222222222,0.7690972222222222,0.7054140127388535,0.6785403996524761,0.3569793566622781,27,"all","MLP#27","MLP",27
367,331,245,208,0.6382608695652174,0.614100185528757,0.6382608695652174,0.6382608695652174,0.6183656276326873,0.6064291920069504,0.21290175518577606,28,"all","DT#28","DT",28
354,398,178,221,0.6909722222222222,0.6654135338345865,0.6909722222222222,0.6909722222222222,0.6661087866108786,0.6533449174630755,0.30664430209086624,28,"all","RF#28","RF",28
540,48,528,35,0.9391304347826087,0.5783132530120482,0.9391304347826087,0.9391304347826087,0.657334144856969,0.5108601216333623,0.02244706159214217,28,"all","NB#28","NB",28
374,429,147,201,0.7447916666666666,0.7178502879078695,0.7447916666666666,0.7447916666666666,0.7114427860696516,0.6976542137271937,0.39525867144966514,28,"all","MLP#28","MLP",28
361,323,253,214,0.6278260869565218,0.6014897579143389,0.6278260869565218,0.6278260869565218,0.607232968881413,0.5942658557775847,0.18857887292263895,29,"all","DT#29","DT",29
351,388,188,224,0.6736111111111112,0.6512059369202227,0.6736111111111112,0.6736111111111112,0.6531986531986532,0.6420503909643788,0.28406133183566734,29,"all","RF#29","RF",29
556,32,544,19,0.9669565217391304,0.6274509803921569,0.9669565217391304,0.9669565217391304,0.6638805970149254,0.5108601216333623,0.0224942489723573,29,"all","NB#29","NB",29
349,436,140,226,0.7569444444444444,0.7137014314928425,0.7569444444444444,0.7569444444444444,0.704361873990307,0.682015638575152,0.36394821791476556,29,"all","MLP#29","MLP",29
338,355,221,237,0.6163194444444444,0.6046511627906976,0.6163194444444444,0.6163194444444444,0.6078767123287672,0.6020851433536055,0.2041504625715596,30,"all","DT#30","DT",30
340,399,177,235,0.6927083333333334,0.6576402321083172,0.6927083333333334,0.6927083333333334,0.659504132231405,0.6420503909643788,0.28403755159721106,30,"all","RF#30","RF",30
535,51,525,40,0.9304347826086956,0.5604395604395604,0.9304347826086956,0.9304347826086956,0.6544342507645261,0.5091225021720244,0.018962565150818206,30,"all","NB#30","NB",30
354,443,133,221,0.7690972222222222,0.7268993839835729,0.7690972222222222,0.7690972222222222,0.7145161290322581,0.6924413553431799,0.38480051697689316,30,"all","MLP#30","MLP",30
339,334,242,236,0.5895652173913043,0.5859649122807018,0.5895652173913043,0.5895652173913043,0.5865051903114187,0.5847089487402259,0.16942479385754367,31,"all","DT#31","DT",31
339,403,173,236,0.6996527777777778,0.662109375,0.6996527777777778,0.6996527777777778,0.6633744855967079,0.6446568201563857,0.2892455049317793,31,"all","RF#31","RF",31
531,77,499,44,0.9234782608695652,0.6363636363636364,0.9234782608695652,0.9234782608695652,0.6616822429906543,0.5282363162467419,0.05711958120554259,31,"all","NB#31","NB",31
355,457,119,220,0.7934027777777778,0.7489451476793249,0.7934027777777778,0.7934027777777778,0.7294493216280926,0.7054735013032146,0.4108567278525259,31,"all","MLP#31","MLP",31
340,339,237,235,0.591304347826087,0.5905923344947736,0.591304347826087,0.591304347826087,0.5902777777777778,0.5899218071242398,0.17984547148106433,32,"all","DT#32","DT",32
343,389,187,232,0.6753472222222222,0.6471698113207547,0.6753472222222222,0.6753472222222222,0.6499582289055974,0.635968722849696,0.2718874319662418,32,"all","RF#32","RF",32
345,284,292,230,0.6,0.5525291828793775,0.6,0.6,0.5693069306930693,0.5464813205907906,0.09304684646062712,32,"all","NB#32","NB",32
384,425,151,191,0.7378472222222222,0.7177570093457943,0.7378472222222222,0.7378472222222222,0.7130872483221476,0.7028670721112077,0.4056978078386378,32,"all","MLP#32","MLP",32
355,365,211,220,0.6336805555555556,0.627208480565371,0.6336805555555556,0.6336805555555556,0.6287683031869078,0.6255430060816681,0.2510752712521758,33,"all","DT#33","DT",33
342,384,192,233,0.6666666666666666,0.6404494382022472,0.6666666666666666,0.6666666666666666,0.6437552388935457,0.630755864465682,0.26146545906374025,33,"all","RF#33","RF",33
437,160,416,138,0.76,0.5369127516778524,0.76,0.76,0.612044817927171,0.5186794092093832,0.03776192962494607,33,"all","NB#33","NB",33
341,451,125,234,0.7829861111111112,0.7317596566523605,0.7829861111111112,0.7829861111111112,0.7153053132434577,0.6880973066898349,0.3760914764053868,33,"all","MLP#33","MLP",33
345,379,197,230,0.6579861111111112,0.6365313653136532,0.6579861111111112,0.6579861111111112,0.639662447257384,0.629018245004344,0.25799896432038427,34,"all","DT#34","DT",34
359,403,173,216,0.6996527777777778,0.674812030075188,0.6996527777777778,0.6996527777777778,0.6744769874476988,0.6620330147697654,0.3240216378780626,34,"all","RF#34","RF",34
462,167,409,113,0.8034782608695652,0.5964285714285714,0.8034782608695652,0.8034782608695652,0.6390041493775933,0.5464813205907906,0.0933670944143316,34,"all","NB#34","NB",34
352,446,130,223,0.7743055555555556,0.7302904564315352,0.7743055555555556,0.7743055555555556,0.7164658634538152,0.6933101650738488,0.38653373737556757,34,"all","MLP#34","MLP",34
339,344,232,236,0.5972222222222222,0.5936952714535902,0.5972222222222222,0.5972222222222222,0.5951557093425606,0.5933970460469157,0.1867885675638137,35,"all","DT#35","DT",35
338,388,188,237,0.6736111111111112,0.6425855513307985,0.6736111111111112,0.6736111111111112,0.6461282264779351,0.630755864465682,0.261456538904599,35,"all","RF#35","RF",35
120,507,69,455,0.8802083333333334,0.6349206349206349,0.8802083333333334,0.8802083333333334,0.659297789336801,0.5447437011294527,0.08895582268652939,35,"all","NB#35","NB",35
341,413,163,234,0.7170138888888888,0.6765873015873016,0.7170138888888888,0.7170138888888888,0.6753883892068684,0.6550825369244135,0.3100906045182983,35,"all","MLP#35","MLP",35
348,349,227,227,0.6059027777777778,0.6059027777777778,0.6059027777777778,0.6059027777777778,0.6059027777777778,0.6055603822762815,0.21112016908212553,36,"all","DT#36","DT",36
348,376,200,227,0.6527777777777778,0.635036496350365,0.6527777777777778,0.6527777777777778,0.6378286683630194,0.629018245004344,0.25800568561822407,36,"all","RF#36","RF",36
401,236,340,174,0.697391304347826,0.5756097560975609,0.697391304347826,0.697391304347826,0.6094224924012158,0.5534317984361424,0.1070866902316146,36,"all","NB#36","NB",36
360,427,149,215,0.7413194444444444,0.7072691552062869,0.7413194444444444,0.7413194444444444,0.7011494252873562,0.68375325803649,0.36744301213587094,36,"all","MLP#36","MLP",36
334,363,213,241,0.6302083333333334,0.6106032906764168,0.6302083333333334,0.6302083333333334,0.6152542372881358,0.6055603822762815,0.21108682130283285,37,"all","DT#37","DT",37
335,403,173,240,0.6996527777777778,0.6594488188976378,0.6996527777777778,0.6996527777777778,0.6611977030352748,0.6411815812337098,0.28229002631606764,37,"all","RF#37","RF",37
560,13,563,15,0.9739130434782609,0.4986642920747996,0.9739130434782609,0.9739130434782609,0.6595995288574794,0.49782797567332754,-0.003514604463698463,37,"all","NB#37","NB",37
316,425,151,259,0.7378472222222222,0.6766595289079229,0.7378472222222222,0.7378472222222222,0.6746031746031746,0.6437880104257168,0.28745930797895797,37,"all","MLP#37","MLP",37
365,331,245,210,0.6347826086956522,0.6118299445471349,0.6347826086956522,0.6347826086956522,0.6160337552742616,0.6046915725456126,0.20942432087676532,38,"all","DT#38","DT",38
361,382,194,214,0.6631944444444444,0.6504504504504505,0.6631944444444444,0.6631944444444444,0.651877133105802,0.6455256298870548,0.2910293185180712,38,"all","RF#38","RF",38
536,68,508,39,0.9321739130434783,0.6355140186915887,0.9321739130434783,0.9321739130434783,0.6621371216800495,0.5247610773240661,0.05019392972065368,38,"all","NB#38","NB",38
361,434,142,214,0.7534722222222222,0.7176938369781312,0.7534722222222222,0.7534722222222222,0.7091503267973857,0.6907037358818419,0.38133975915256485,38,"all","MLP#38","MLP",38
331,363,213,244,0.6302083333333334,0.6084558823529411,0.6302083333333334,0.6302083333333334,0.613693998309383,0.6029539530842746,0.2058701418695623,39,"all","DT#39","DT",39
334,387,189,241,0.671875,0.638623326959847,0.671875,0.671875,0.6428571428571429,0.6264118158123371,0.2527644078339482,39,"all","RF#39","RF",39
275,387,189,300,0.671875,0.5926724137931034,0.671875,0.671875,0.6128266033254157,0.575152041702867,0.15016103241938186,39,"all","NB#39","NB",39
377,420,156,198,0.7291666666666666,0.7073170731707317,0.7291666666666666,0.7291666666666666,0.7035175879396984,0.6924413553431799,0.38484324187222024,39,"all","MLP#39","MLP",39
334,354,222,241,0.6145833333333334,0.6007194244604317,0.6145833333333334,0.6145833333333334,0.6046114432109309,0.5977410947002606,0.1954585049993886,40,"all","DT#40","DT",40
342,406,170,233,0.7048611111111112,0.66796875,0.7048611111111112,0.7048611111111112,0.6683127572016462,0.6498696785403997,0.2996722212408487,40,"all","RF#40","RF",40
387,256,320,188,0.6730434782608695,0.5765765765765766,0.6730434782608695,0.6730434782608695,0.6037441497659907,0.5586446568201564,0.11746451492154356,40,"all","NB#40","NB",40
341,465,111,234,0.8072916666666666,0.754424778761062,0.8072916666666666,0.8072916666666666,0.7294117647058824,0.7002606429192006,0.4004094963285754,40,"all","MLP#40","MLP",40
338,349,227,237,0.6059027777777778,0.5982300884955752,0.6059027777777778,0.6059027777777778,0.6006884681583476,0.5968722849695917,0.19373178942918834,41,"all","DT#41","DT",41
338,397,179,237,0.6892361111111112,0.6537717601547389,0.6892361111111112,0.6892361111111112,0.656198347107438,0.6385751520417029,0.2770864598651453,41,"all","RF#41","RF",41
388,238,338,187,0.6747826086956522,0.56,0.6747826086956522,0.6747826086956522,0.5964642582628746,0.5438748913987836,0.08795700255527501,41,"all","NB#41","NB",41
335,435,141,240,0.7552083333333334,0.7037815126050421,0.7552083333333334,0.7552083333333334,0.6954436450839329,0.6689834926151172,0.3378675254906755,41,"all","MLP#41","MLP",41
331,344,232,244,0.5972222222222222,0.5879218472468917,0.5972222222222222,0.5972222222222222,0.5910652920962199,0.5864465682015638,0.17287752797454042,42,"all","DT#42","DT",42
330,406,170,245,0.7048611111111112,0.66,0.7048611111111112,0.7048611111111112,0.6617766911165445,0.6394439617723718,0.2788057222662591,42,"all","RF#42","RF",42
532,66,510,43,0.9252173913043479,0.6055045871559633,0.9252173913043479,0.9252173913043479,0.6580086580086579,0.5195482189400521,0.03977268441482228,42,"all","NB#42","NB",42
318,464,112,257,0.8055555555555556,0.7395348837209302,0.8055555555555556,0.8055555555555556,0.7154973014649191,0.6794092093831451,0.3586775486783792,42,"all","MLP#42","MLP",42
365,348,228,210,0.6347826086956522,0.6236559139784946,0.6347826086956522,0.6347826086956522,0.625,0.6194613379669852,0.23894278235192873,43,"all","DT#43","DT",43
347,399,177,228,0.6927083333333334,0.6622137404580153,0.6927083333333334,0.6927083333333334,0.6633416458852869,0.6481320590790617,0.2962094001802675,43,"all","RF#43","RF",43
159,496,80,416,0.8611111111111112,0.6652719665271967,0.8611111111111112,0.8611111111111112,0.6666666666666667,0.5690703735881842,0.1377026994369125,43,"all","NB#43","NB",43
349,423,153,226,0.734375,0.6952191235059761,0.734375,0.734375,0.6906122448979592,0.6707211120764552,0.34136914243266536,43,"all","MLP#43","MLP",43
354,346,230,221,0.6156521739130435,0.6102292768959435,0.6156521739130435,0.6156521739130435,0.6108714408973253,0.6081668114682884,0.21634367890532874,44,"all","DT#44","DT",44
357,382,194,218,0.6631944444444444,0.647912885662432,0.6631944444444444,0.6631944444444444,0.6496598639455783,0.6420503909643788,0.2840743022090172,44,"all","RF#44","RF",44
553,39,537,22,0.9617391304347827,0.639344262295082,0.9617391304347827,0.9617391304347827,0.6642642642642643,0.5143353605560382,0.02942458686256906,44,"all","NB#44","NB",44
340,441,135,235,0.765625,0.7157894736842105,0.765625,0.765625,0.7044728434504793,0.6785403996524761,0.3569832402234638,44,"all","MLP#44","MLP",44
360,332,244,215,0.6260869565217392,0.6069469835466179,0.6260869565217392,0.6260869565217392,0.6106870229007635,0.6012163336229366,0.20246698136705973,45,"all","DT#45","DT",45
335,394,182,240,0.6840277777777778,0.6479690522243714,0.6840277777777778,0.6840277777777778,0.6512396694214876,0.6333622936576889,0.26665982226704626,45,"all","RF#45","RF",45
432,193,383,143,0.7513043478260869,0.5744047619047619,0.7513043478260869,0.7513043478260869,0.6215827338129497,0.5430060816681147,0.08634250875286746,45,"all","NB#45","NB",45
343,457,119,232,0.7934027777777778,0.7424242424242424,0.7934027777777778,0.7934027777777778,0.7225296442687748,0.6950477845351868,0.3899910461778655,45,"all","MLP#45","MLP",45
325,344,232,250,0.5972222222222222,0.5834829443447038,0.5972222222222222,0.5972222222222222,0.588034188034188,0.58123370981755,0.16244402776645497,46,"all","DT#46","DT",46
335,396,180,240,0.6875,0.6504854368932039,0.6875,0.6875,0.6534653465346534,0.6350999131190269,0.2701331642358909,46,"all","RF#46","RF",46
465,135,441,110,0.808695652173913,0.5510204081632653,0.808695652173913,0.808695652173913,0.6279540850776503,0.5212858384013901,0.04304914060154126,46,"all","NB#46","NB",46
334,449,127,241,0.7795138888888888,0.7245119305856833,0.7795138888888888,0.7795138888888888,0.7093206951026856,0.680278019113814,0.3604454872970287,46,"all","MLP#46","MLP",46
328,336,240,247,0.5833333333333334,0.5774647887323944,0.5833333333333334,0.5833333333333334,0.5798101811906817,0.576889661164205,0.15376974092419451,47,"all","DT#47","DT",47
322,406,170,253,0.7048611111111112,0.6544715447154471,0.7048611111111112,0.7048611111111112,0.6574898785425102,0.63249348392702,0.2648943028791349,47,"all","RF#47","RF",47
341,333,243,234,0.5930434782608696,0.5873015873015873,0.5930434782608696,0.5930434782608696,0.5884383088869715,0.5855777584708949,0.17116615263379562,47,"all","NB#47","NB",47
336,422,154,239,0.7326388888888888,0.6857142857142857,0.7326388888888888,0.7326388888888888,0.6822958771220695,0.6585577758470895,0.3170273963295411,47,"all","MLP#47","MLP",47
353,334,242,222,0.6139130434782609,0.6007194244604317,0.6139130434782609,0.6139130434782609,0.6034188034188035,0.5968722849695917,0.1937683040970984,48,"all","DT#48","DT",48
341,384,192,234,0.6666666666666666,0.6397748592870544,0.6666666666666666,0.6666666666666666,0.64321608040201,0.629887054735013,0.25972661310046846,48,"all","RF#48","RF",48
527,96,480,48,0.9165217391304348,0.6666666666666666,0.9165217391304348,0.9165217391304348,0.6662452591656132,0.5412684622067767,0.08313418784850461,48,"all","NB#48","NB",48
353,428,148,222,0.7430555555555556,0.7045908183632734,0.7430555555555556,0.7430555555555556,0.698205546492659,0.6785403996524761,0.35700848222778514,48,"all","MLP#48","MLP",48
375,348,228,200,0.6521739130434783,0.635036496350365,0.6521739130434783,0.6521739130434783,0.6366723259762309,0.6281494352736751,0.2563297445156304,49,"all","DT#49","DT",49
345,394,182,230,0.6840277777777778,0.6546489563567363,0.6840277777777778,0.6840277777777778,0.6566666666666667,0.6420503909643788,0.2840483609923424,49,"all","RF#49","RF",49
524,71,505,51,0.9113043478260869,0.5819672131147541,0.9113043478260869,0.9113043478260869,0.6533665835411472,0.5169417897480452,0.034544560340587935,49,"all","NB#49","NB",49
381,403,173,194,0.6996527777777778,0.6877256317689531,0.6996527777777778,0.6996527777777778,0.6871270247229326,0.6811468288444831,0.3622729585328037,49,"all","MLP#49","MLP",49
355,351,225,220,0.6173913043478261,0.6147110332749562,0.6173913043478261,0.6173913043478261,0.6147186147186148,0.6133796698523023,0.2267645926585698,50,"all","DT#50","DT",50
344,376,200,231,0.6527777777777778,0.6323529411764706,0.6527777777777778,0.6527777777777778,0.6356720202874049,0.6255430060816681,0.2510503963802655,50,"all","RF#50","RF",50
516,81,495,59,0.8973913043478261,0.5785714285714286,0.8973913043478261,0.8973913043478261,0.6506935687263555,0.5186794092093832,0.037991297998298236,50,"all","NB#50","NB",50
349,419,157,226,0.7274305555555556,0.6897233201581028,0.7274305555555556,0.7274305555555556,0.6863226863226864,0.6672458731537794,0.3344219129106143,50,"all","MLP#50","MLP",50
340,356,220,235,0.6180555555555556,0.6071428571428571,0.6180555555555556,0.6180555555555556,0.6101113967437874,0.6046915725456126,0.20936464442884437,51,"all","DT#51","DT",51
345,403,173,230,0.6996527777777778,0.666023166023166,0.6996527777777778,0.6996527777777778,0.6666666666666666,0.6498696785403997,0.29967856533548337,51,"all","RF#51","RF",51
529,111,465,46,0.92,0.7070063694267515,0.92,0.92,0.674314850223072,0.5560382276281495,0.11263708493570648,51,"all","NB#51","NB",51
356,449,127,219,0.7795138888888888,0.7370600414078675,0.7795138888888888,0.7795138888888888,0.7218649517684887,0.6993918331885317,0.3986996986296406,51,"all","MLP#51","MLP",51
317,315,261,258,0.551304347826087,0.5497382198952879,0.551304347826087,0.551304347826087,0.5498699045967043,0.5490877497827976,0.09817890317525751,52,"all","DT#52","DT",52
335,388,188,240,0.6736111111111112,0.6405353728489483,0.6736111111111112,0.6736111111111112,0.6445182724252491,0.6281494352736751,0.2562399222161159,52,"all","RF#52","RF",52
558,37,539,17,0.9704347826086956,0.6851851851851852,0.9704347826086956,0.9704347826086956,0.6674641148325359,0.5169417897480452,0.0346435930622306,52,"all","NB#52","NB",52
358,461,115,217,0.8003472222222222,0.7568710359408034,0.8003472222222222,0.8003472222222222,0.7352472089314195,0.7115551694178974,0.423021056986432,52,"all","MLP#52","MLP",52
348,334,242,227,0.6052173913043478,0.5953654188948306,0.6052173913043478,0.6052173913043478,0.5974248927038628,0.5925282363162467,0.18507431142108802,53,"all","DT#53","DT",53
326,407,169,249,0.7065972222222222,0.6585858585858586,0.7065972222222222,0.7065972222222222,0.6607142857142857,0.6368375325803649,0.27358678584370094,53,"all","RF#53","RF",53
400,184,392,175,0.6956521739130435,0.5125348189415042,0.6956521739130435,0.6956521739130435,0.5852231163130943,0.5073848827106864,0.015091674375997115,53,"all","NB#53","NB",53
344,443,133,231,0.7690972222222222,0.7211740041928721,0.7690972222222222,0.7690972222222222,0.7088,0.68375325803649,0.36741244930560374,53,"all","MLP#53","MLP",53
366,328,248,209,0.6365217391304347,0.6108007448789572,0.6365217391304347,0.6365217391304347,0.6156433978132885,0.6029539530842746,0.20595405765662958,54,"all","DT#54","DT",54
349,380,196,226,0.6597222222222222,0.6403669724770642,0.6597222222222222,0.6597222222222222,0.6429780033840948,0.6333622936576889,0.26669082235004593,54,"all","RF#54","RF",54
517,104,472,58,0.8991304347826087,0.6419753086419753,0.8991304347826087,0.8991304347826087,0.6611253196930945,0.5395308427454387,0.07963621770210047,54,"all","NB#54","NB",54
375,396,180,200,0.6875,0.6756756756756757,0.6875,0.6875,0.6757679180887372,0.6698523023457863,0.3396841692080075,54,"all","MLP#54","MLP",54
351,331,245,224,0.6104347826086957,0.5963963963963964,0.6104347826086957,0.6104347826086957,0.5994876174210078,0.5925282363162467,0.1850816927603443,55,"all","DT#55","DT",55
323,400,176,252,0.6944444444444444,0.6472945891783567,0.6944444444444444,0.6944444444444444,0.6514657980456026,0.6281494352736751,0.25621297129501563,55,"all","RF#55","RF",55
481,127,449,94,0.8365217391304348,0.5746606334841629,0.8365217391304348,0.8365217391304348,0.639202657807309,0.5282363162467419,0.05697731439219618,55,"all","NB#55","NB",55
304,460,116,271,0.7986111111111112,0.7238095238095238,0.7986111111111112,0.7986111111111112,0.703902065799541,0.6637706342311034,0.32738337020287056,55,"all","MLP#55","MLP",55
352,361,215,223,0.6267361111111112,0.6208112874779541,0.6267361111111112,0.6267361111111112,0.6224137931034482,0.6194613379669852,0.23891290957620254,56,"all","DT#56","DT",56
337,384,192,238,0.6666666666666666,0.6370510396975425,0.6666666666666666,0.6666666666666666,0.6410684474123539,0.6264118158123371,0.2527711767423462,56,"all","RF#56","RF",56
8,566,10,567,0.9826388888888888,0.499558693733451,0.9826388888888888,0.9826388888888888,0.6623756582796957,0.49869678540399653,-0.0034509694897429397,56,"all","NB#56","NB",56
321,449,127,254,0.7795138888888888,0.7165178571428571,0.7795138888888888,0.7795138888888888,0.7021110242376856,0.6689834926151172,0.3378395314319018,56,"all","MLP#56","MLP",56
370,335,241,205,0.6434782608695652,0.6203703703703703,0.6434782608695652,0.6434782608695652,0.6239460370994941,0.6125108601216334,0.22506325139334227,57,"all","DT#57","DT",57
346,408,168,229,0.7083333333333334,0.6731517509727627,0.7083333333333334,0.7083333333333334,0.6727122835943942,0.6550825369244135,0.31010102077636975,57,"all","RF#57","RF",57
545,46,530,30,0.9478260869565217,0.6052631578947368,0.9478260869565217,0.9478260869565217,0.6606060606060606,0.5134665508253693,0.02766631467793048,57,"all","NB#57","NB",57
368,418,158,207,0.7256944444444444,0.6996197718631179,0.7256944444444444,0.7256944444444444,0.6960865945045795,0.6828844483058211,0.36572149811806753,57,"all","MLP#57","MLP",57
344,324,252,231,0.5982608695652174,0.5837837837837838,0.5982608695652174,0.5982608695652174,0.5875320239111871,0.580364900086881,0.16075577314125022,58,"all","DT#58","DT",58
337,392,184,238,0.6805555555555556,0.6468330134357005,0.6805555555555556,0.6805555555555556,0.6500829187396352,0.6333622936576889,0.2666642510108008,58,"all","RF#58","RF",58
208,428,148,367,0.7430555555555556,0.5842696629213483,0.7430555555555556,0.7430555555555556,0.62436177972283,0.5525629887054735,0.10482934424273731,58,"all","NB#58","NB",58
343,467,109,232,0.8107638888888888,0.7588495575221239,0.8107638888888888,0.8107638888888888,0.732549019607843,0.7037358818418766,0.4073612702841862,58,"all","MLP#58","MLP",58
330,327,249,245,0.5739130434782609,0.5716783216783217,0.5739130434782609,0.5739130434782609,0.5719237435008666,0.5708079930495221,0.14162052161520755,59,"all","DT#59","DT",59
342,388,188,233,0.6736111111111112,0.6452830188679245,0.6736111111111112,0.6736111111111112,0.6482873851294904,0.634231103388358,0.2684119543145293,59,"all","RF#59","RF",59
482,167,409,93,0.8382608695652174,0.6423076923076924,0.8382608695652174,0.8382608695652174,0.6575716234652114,0.5638575152041703,0.12813030015874055,59,"all","NB#59","NB",59
345,437,139,230,0.7586805555555556,0.7128099173553719,0.7586805555555556,0.7586805555555556,0.7031375703942075,0.6794092093831451,0.3587298375833637,59,"all","MLP#59","MLP",59
369,378,198,206,0.65625,0.6507936507936508,0.65625,0.65625,0.6517241379310346,0.6490008688097306,0.29799272938078947,60,"all","DT#60","DT",60
335,406,170,240,0.7048611111111112,0.6633663366336634,0.7048611111111112,0.7048611111111112,0.6644844517184942,0.6437880104257168,0.2875001887276735,60,"all","RF#60","RF",60
520,86,490,55,0.9043478260869565,0.6099290780141844,0.9043478260869565,0.9043478260869565,0.6561514195583595,0.526498696785404,0.0536181704345726,60,"all","NB#60","NB",60
351,415,161,224,0.7204861111111112,0.685546875,0.7204861111111112,0.7204861111111112,0.683127572016461,0.6655082536924414,0.33095237016805645,60,"all","MLP#60","MLP",60
354,352,224,221,0.6156521739130435,0.6143106457242583,0.6156521739130435,0.6156521739130435,0.614050303555941,0.6133796698523023,0.2267622580211744,61,"all","DT#61","DT",61
370,396,180,205,0.6875,0.6727272727272727,0.6875,0.6875,0.6728971962616823,0.6655082536924414,0.330990752972259,61,"all","RF#61","RF",61
463,175,401,112,0.8052173913043478,0.6097560975609756,0.8052173913043478,0.8052173913043478,0.6435024322446143,0.5543006081668115,0.10898928456636524,61,"all","NB#61","NB",61
383,420,156,192,0.7291666666666666,0.7105751391465677,0.7291666666666666,0.7291666666666666,0.7070707070707071,0.6976542137271937,0.3952751055310977,61,"all","MLP#61","MLP",61
333,327,249,242,0.5791304347826087,0.5746924428822495,0.5791304347826087,0.5791304347826087,0.5756266205704408,0.573414422241529,0.14683721639415023,62,"all","DT#62","DT",62
334,381,195,241,0.6614583333333334,0.6313799621928167,0.6614583333333334,0.6614583333333334,0.6360601001669448,0.6211989574283232,0.24234472804572788,62,"all","RF#62","RF",62
478,146,430,97,0.831304347826087,0.6008230452674898,0.831304347826087,0.831304347826087,0.6446392447741065,0.5421372719374457,0.08473397280654493,62,"all","NB#62","NB",62
335,432,144,240,0.75,0.6993736951983298,0.75,0.75,0.6923076923076924,0.6663770634231103,0.33265690679808657,62,"all","MLP#62","MLP",62
350,360,216,225,0.625,0.6183745583038869,0.625,0.625,0.6201550387596899,0.6168549087749783,0.23369882742972045,63,"all","DT#63","DT",63
355,400,176,220,0.6944444444444444,0.6685499058380414,0.6944444444444444,0.6944444444444444,0.668896321070234,0.6559513466550826,0.3118564638955488,63,"all","RF#63","RF",63
136,506,70,439,0.8784722222222222,0.6601941747572816,0.8784722222222222,0.8784722222222222,0.6653517422748192,0.5577758470894874,0.11505805619374301,63,"all","NB#63","NB",63
365,437,139,210,0.7586805555555556,0.7242063492063492,0.7586805555555556,0.7586805555555556,0.714636140637776,0.6967854039965248,0.3935053425110482,63,"all","MLP#63","MLP",63
344,331,245,231,0.5982608695652174,0.5889679715302492,0.5982608695652174,0.5982608695652174,0.5910652920962199,0.5864465682015638,0.17290999284435402,64,"all","DT#64","DT",64
362,390,186,213,0.6770833333333334,0.6605839416058394,0.6770833333333334,0.6770833333333334,0.6615776081424937,0.6533449174630755,0.30666105049571757,64,"all","RF#64","RF",64
286,376,200,289,0.6527777777777778,0.588477366255144,0.6527777777777778,0.6527777777777778,0.6059629331184528,0.575152041702867,0.15018926154027337,64,"all","NB#64","NB",64
357,438,138,218,0.7604166666666666,0.7212121212121212,0.7604166666666666,0.7604166666666666,0.7110389610389609,0.6907037358818419,0.38133228650803236,64,"all","MLP#64","MLP",64
369,347,229,206,0.6417391304347826,0.6274864376130199,0.6417391304347826,0.6417391304347826,0.6291560102301791,0.6220677671589921,0.24416120817061,65,"all","DT#65","DT",65
365,388,188,210,0.6736111111111112,0.6600361663652803,0.6736111111111112,0.6736111111111112,0.6609880749574106,0.6542137271937446,0.30840396269199777,65,"all","RF#65","RF",65
486,153,423,89,0.8452173913043478,0.6322314049586777,0.8452173913043478,0.8452173913043478,0.6549865229110512,0.5551694178974804,0.11078652973892991,65,"all","NB#65","NB",65
367,421,155,208,0.7309027777777778,0.7030651340996169,0.7309027777777778,0.7309027777777778,0.6987551867219917,0.684622067767159,0.3691931872568305,65,"all","MLP#65","MLP",65
357,339,237,218,0.6208695652173913,0.6086175942549371,0.6208695652173913,0.6208695652173913,0.6107784431137725,0.6046915725456126,0.20940522539359543,66,"all","DT#66","DT",66
329,408,168,246,0.7083333333333334,0.6619718309859155,0.7083333333333334,0.7083333333333334,0.6634146341463415,0.6403127715030409,0.28054028101135114,66,"all","RF#66","RF",66
509,111,465,66,0.8852173913043478,0.6271186440677966,0.8852173913043478,0.8852173913043478,0.657198192382182,0.5386620330147698,0.07787881393906755,66,"all","NB#66","NB",66
366,425,151,209,0.7378472222222222,0.7079303675048356,0.7378472222222222,0.7378472222222222,0.7024793388429753,0.687228496959166,0.37440174411406807,66,"all","MLP#66","MLP",66
348,329,247,227,0.6052173913043478,0.591726618705036,0.6052173913043478,0.6052173913043478,0.5948717948717949,0.5881841876629018,0.17639262099574274,67,"all","DT#67","DT",67
334,384,192,241,0.6666666666666666,0.6349809885931559,0.6666666666666666,0.6666666666666666,0.6394671107410491,0.6238053866203301,0.24755454434280327,67,"all","RF#67","RF",67
518,82,494,57,0.9008695652173913,0.5899280575539568,0.9008695652173913,0.9008695652173913,0.6528040327662257,0.5212858384013901,0.043202174893676726,67,"all","NB#67","NB",67
323,451,125,252,0.7829861111111112,0.7209821428571429,0.7829861111111112,0.7829861111111112,0.7052384675527755,0.6724587315377932,0.3447913473748741,67,"all","MLP#67","MLP",67
352,348,228,223,0.6121739130434782,0.6094570928196147,0.6121739130434782,0.6121739130434782,0.6095238095238095,0.6081668114682884,0.21633894671688766,68,"all","DT#68","DT",68
357,383,193,218,0.6649305555555556,0.649090909090909,0.6649305555555556,0.6649305555555556,0.6508071367884452,0.6429192006950478,0.28581090771843753,68,"all","RF#68","RF",68
523,73,503,52,0.9095652173913044,0.584,0.9095652173913044,0.9095652173913044,0.6533416614615865,0.5178105994787141,0.036276629287728165,68,"all","NB#68","NB",68
365,432,144,210,0.75,0.7170923379174853,0.75,0.75,0.70935960591133,0.6924413553431799,0.38482095136290745,68,"all","MLP#68","MLP",68
349,346,230,226,0.6069565217391304,0.6048951048951049,0.6069565217391304,0.6069565217391304,0.6048526863084922,0.6038227628149435,0.2076497122601916,69,"all","DT#69","DT",69
357,391,185,218,0.6788194444444444,0.6586715867158671,0.6788194444444444,0.6788194444444444,0.659915611814346,0.6498696785403997,0.299703940564672,69,"all","RF#69","RF",69
12,558,18,563,0.96875,0.4977698483496878,0.96875,0.96875,0.6576311137301121,0.4952215464813206,-0.010388982481057121,69,"all","NB#69","NB",69
375,453,123,200,0.7864583333333334,0.7530120481927711,0.7864583333333334,0.7864583333333334,0.7371847030105778,0.7193744569939183,0.43868324065448433,69,"all","MLP#69","MLP",69
367,326,250,208,0.6382608695652174,0.6104868913857678,0.6382608695652174,0.6382608695652174,0.615771812080537,0.6020851433536055,0.20422014304648556,70,"all","DT#70","DT",70
351,403,173,224,0.6996527777777778,0.6698473282442748,0.6996527777777778,0.6996527777777778,0.6699916874480465,0.6550825369244135,0.3101114367199165,70,"all","RF#70","RF",70
240,434,142,335,0.7534722222222222,0.6282722513089005,0.7534722222222222,0.7534722222222222,0.645353159851301,0.5855777584708949,0.1709133246854835,70,"all","NB#70","NB",70
341,435,141,234,0.7552083333333334,0.7074688796680498,0.7552083333333334,0.7552083333333334,0.6987951807228915,0.6741963509991312,0.34830071250945577,70,"all","MLP#70","MLP",70
366,328,248,209,0.6365217391304347,0.6108007448789572,0.6365217391304347,0.6365217391304347,0.6156433978132885,0.6029539530842746,0.20595405765662958,71,"all","DT#71","DT",71
360,372,204,215,0.6458333333333334,0.6382978723404256,0.6458333333333334,0.6458333333333334,0.6397248495270851,0.635968722849696,0.2719248055145845,71,"all","RF#71","RF",71
414,224,352,161,0.72,0.5818181818181818,0.72,0.72,0.6174496644295301,0.5543006081668115,0.10885750032825682,71,"all","NB#71","NB",71
362,450,126,213,0.78125,0.7418032786885246,0.78125,0.78125,0.7263922518159807,0.7054735013032146,0.41086918118774657,71,"all","MLP#71","MLP",71
355,354,222,220,0.6173913043478261,0.6167247386759582,0.6173913043478261,0.6173913043478261,0.6163194444444444,0.6159860990443093,0.23197393727675947,72,"all","DT#72","DT",72
351,398,178,224,0.6909722222222222,0.6635160680529301,0.6909722222222222,0.6909722222222222,0.664440734557596,0.6507384882710686,0.30142793732656553,72,"all","RF#72","RF",72
544,68,508,31,0.9460869565217391,0.6868686868686869,0.9460869565217391,0.9460869565217391,0.6687154271665642,0.5317115551694179,0.064096355734171,72,"all","NB#72","NB",72
349,454,122,226,0.7881944444444444,0.7409766454352441,0.7881944444444444,0.7881944444444444,0.7229299363057323,0.6976542137271937,0.3952130165364128,72,"all","MLP#72","MLP",72
340,349,227,235,0.6059027777777778,0.599647266313933,0.6059027777777778,0.6059027777777778,0.6017241379310345,0.5986099044309297,0.19720950736120002,73,"all","DT#73","DT",73
340,401,175,235,0.6961805555555556,0.6601941747572816,0.6961805555555556,0.6961805555555556,0.6617161716171618,0.6437880104257168,0.28751094603979827,73,"all","RF#73","RF",73
508,116,460,67,0.8834782608695653,0.6338797814207651,0.8834782608695653,0.8834782608695653,0.6584575502268308,0.5421372719374457,0.08481682818014062,73,"all","NB#73","NB",73
312,463,113,263,0.8038194444444444,0.7341176470588235,0.8038194444444444,0.8038194444444444,0.7112135176651304,0.6733275412684622,0.3465066062665157,73,"all","MLP#73","MLP",73
328,365,211,247,0.6336805555555556,0.608534322820037,0.6336805555555556,0.6336805555555556,0.6144781144781145,0.6020851433536055,0.2041264319920768,74,"all","DT#74","DT",74
363,394,182,212,0.6840277777777778,0.6660550458715596,0.6840277777777778,0.6840277777777778,0.6666666666666667,0.6576889661164205,0.3153464075969623,74,"all","RF#74","RF",74
492,112,464,83,0.8556521739130435,0.5743589743589743,0.8556521739130435,0.8556521739130435,0.6427171783148269,0.5247610773240661,0.050067820290563614,74,"all","NB#74","NB",74
320,432,144,255,0.75,0.6896551724137931,0.75,0.75,0.684085510688836,0.6533449174630755,0.306573112342195,74,"all","MLP#74","MLP",74
331,362,214,244,0.6284722222222222,0.6073394495412844,0.6284722222222222,0.6284722222222222,0.6125211505922166,0.6020851433536055,0.20413364131829628,75,"all","DT#75","DT",75
341,402,174,234,0.6979166666666666,0.6621359223300971,0.6979166666666666,0.6979166666666666,0.6633663366336633,0.6455256298870548,0.29098650240057977,75,"all","RF#75","RF",75
197,437,139,378,0.7586805555555556,0.5863095238095238,0.7586805555555556,0.7586805555555556,0.6283249460819554,0.5508253692441355,0.10132581049019784,75,"all","NB#75","NB",75
371,430,146,204,0.7465277777777778,0.7176015473887815,0.7465277777777778,0.7465277777777778,0.7107438016528925,0.6959165942658557,0.39177947344423264,75,"all","MLP#75","MLP",75
344,328,248,231,0.5982608695652174,0.5867620751341681,0.5982608695652174,0.5982608695652174,0.5895458440445586,0.5838401390095569,0.1677010100888111,76,"all","DT#76","DT",76
351,391,185,224,0.6788194444444444,0.6548507462686567,0.6788194444444444,0.6788194444444444,0.6565910999160369,0.6446568201563857,0.2892712584225217,76,"all","RF#76","RF",76
545,37,539,30,0.9478260869565217,0.5522388059701493,0.9478260869565217,0.9478260869565217,0.6570223025919228,0.5056472632493484,0.01205293637588269,76,"all","NB#76","NB",76
392,431,145,183,0.7482638888888888,0.7299813780260708,0.7482638888888888,0.7482638888888888,0.7243697478991596,0.7150304083405734,0.4300276887864944,76,"all","MLP#76","MLP",76
364,341,235,211,0.6330434782608696,0.6177536231884058,0.6330434782608696,0.6330434782608696,0.6201022146507666,0.6125108601216334,0.22504921319275883,77,"all","DT#77","DT",77
335,387,189,240,0.671875,0.6393129770992366,0.671875,0.671875,0.6433915211970075,0.6272806255430061,0.2545032905613204,77,"all","RF#77","RF",77
524,87,489,51,0.9113043478260869,0.6304347826086957,0.9113043478260869,0.9113043478260869,0.6599496221662469,0.5308427454387489,0.06230481656151271,77,"all","NB#77","NB",77
311,446,130,264,0.7743055555555556,0.7052154195011338,0.7743055555555556,0.7743055555555556,0.6936236391912909,0.6576889661164205,0.31523889192560084,77,"all","MLP#77","MLP",77
351,352,224,224,0.6111111111111112,0.6111111111111112,0.6111111111111112,0.6111111111111112,0.6111111111111112,0.6107732406602954,0.22154589371980662,78,"all","DT#78","DT",78
339,399,177,236,0.6927083333333334,0.6569767441860465,0.6927083333333334,0.6927083333333334,0.6589595375722542,0.6411815812337098,0.2822986950830464,78,"all","RF#78","RF",78
201,461,115,374,0.8003472222222222,0.6360759493670886,0.8003472222222222,0.8003472222222222,0.6534372785258682,0.575152041702867,0.14997107866753445,78,"all","NB#78","NB",78
311,443,133,264,0.7690972222222222,0.7004504504504504,0.7690972222222222,0.7690972222222222,0.6905689789555728,0.6550825369244135,0.3100281003640514,78,"all","MLP#78","MLP",78
354,337,239,221,0.6156521739130435,0.6039426523297491,0.6156521739130435,0.6156521739130435,0.6061643835616438,0.6003475238922676,0.20071616411389787,79,"all","DT#79","DT",79
331,395,181,244,0.6857638888888888,0.646484375,0.6857638888888888,0.6857638888888888,0.6502057613168724,0.630755864465682,0.2614409281075947,79,"all","RF#79","RF",79
483,169,407,92,0.84,0.6475095785440613,0.84,0.84,0.6593856655290102,0.5664639443961772,0.13333936911040178,79,"all","NB#79","NB",79
343,455,121,232,0.7899305555555556,0.7392241379310345,0.7899305555555556,0.7899305555555556,0.7205067300079175,0.6933101650738488,0.38651706430274396,79,"all","MLP#79","MLP",79
364,318,258,211,0.6330434782608696,0.6011342155009451,0.6330434782608696,0.6330434782608696,0.6081871345029239,0.5925282363162467,0.18511367701868991,80,"all","DT#80","DT",80
333,386,190,242,0.6701388888888888,0.6367112810707457,0.6701388888888888,0.6701388888888888,0.6411960132890365,0.6246741963509991,0.24928889345178049,80,"all","RF#80","RF",80
395,243,333,180,0.6869565217391305,0.574468085106383,0.6869565217391305,0.6869565217391305,0.6062931696085956,0.5543006081668115,0.1088063898284364,80,"all","NB#80","NB",80
341,446,130,234,0.7743055555555556,0.7239915074309978,0.7743055555555556,0.7743055555555556,0.7101910828025477,0.68375325803649,0.367406718446133,80,"all","MLP#80","MLP",80
360,340,236,215,0.6260869565217392,0.6126126126126126,0.6260869565217392,0.6260869565217392,0.614859094790777,0.6081668114682884,0.21635787512775115,81,"all","DT#81","DT",81
337,396,180,238,0.6875,0.6518375241779497,0.6875,0.6875,0.6545454545454544,0.6368375325803649,0.27361091399911225,81,"all","RF#81","RF",81
517,105,471,58,0.8991304347826087,0.6441717791411042,0.8991304347826087,0.8991304347826087,0.6615483045425463,0.5403996524761078,0.08137136718803047,81,"all","NB#81","NB",81
367,437,139,208,0.7586805555555556,0.7252964426877471,0.7586805555555556,0.7586805555555556,0.7158067158067158,0.6985230234578628,0.3969827774934286,81,"all","MLP#81","MLP",81
330,346,230,245,0.6006944444444444,0.5892857142857143,0.6006944444444444,0.6006944444444444,0.5929734361610969,0.5873153779322329,0.17461144198615616,82,"all","DT#82","DT",82
338,410,166,237,0.7118055555555556,0.6706349206349206,0.7118055555555556,0.7118055555555556,0.670482420278005,0.6498696785403997,0.2996637622692046,82,"all","RF#82","RF",82
436,180,396,139,0.7582608695652174,0.5642633228840125,0.7582608695652174,0.7582608695652174,0.6197583511016347,0.5351867940920938,0.0707334261918307,82,"all","NB#82","NB",82
388,430,146,187,0.7465277777777778,0.7265917602996255,0.7465277777777778,0.7465277777777778,0.7208717518860017,0.7106863596872285,0.4213364655722953,82,"all","MLP#82","MLP",82
340,329,247,235,0.591304347826087,0.5833333333333334,0.591304347826087,0.591304347826087,0.5851979345955249,0.58123370981755,0.16248195986787672,83,"all","DT#83","DT",83
353,385,191,222,0.6684027777777778,0.6488970588235294,0.6684027777777778,0.6684027777777778,0.6508875739644971,0.6411815812337098,0.2823290341184447,83,"all","RF#83","RF",83
416,241,335,159,0.7234782608695652,0.6025,0.7234782608695652,0.7234782608695652,0.6274509803921567,0.5708079930495221,0.1418433508005118,83,"all","NB#83","NB",83
376,426,150,199,0.7395833333333334,0.714828897338403,0.7395833333333334,0.7395833333333334,0.7094088259783513,0.6967854039965248,0.39352548724165903,83,"all","MLP#83","MLP",83
394,327,249,181,0.6852173913043478,0.6437007874015748,0.6852173913043478,0.6852173913043478,0.6469622331691298,0.6264118158123371,0.2528997627055194,84,"all","DT#84","DT",84
338,388,188,237,0.6736111111111112,0.6425855513307985,0.6736111111111112,0.6736111111111112,0.6461282264779351,0.630755864465682,0.261456538904599,84,"all","RF#84","RF",84
509,110,466,66,0.8852173913043478,0.625,0.8852173913043478,0.8852173913043478,0.6567741935483871,0.5377932232841007,0.07614363307181646,84,"all","NB#84","NB",84
341,413,163,234,0.7170138888888888,0.6765873015873016,0.7170138888888888,0.7170138888888888,0.6753883892068684,0.6550825369244135,0.3100906045182983,84,"all","MLP#84","MLP",84
350,347,229,225,0.6086956521739131,0.6066433566433567,0.6086956521739131,0.6086956521739131,0.6065857885615251,0.6055603822762815,0.21112493282045397,85,"all","DT#85","DT",85
325,394,182,250,0.6840277777777778,0.6410256410256411,0.6840277777777778,0.6840277777777778,0.6459016393442624,0.6246741963509991,0.24927075847158214,85,"all","RF#85","RF",85
514,90,486,61,0.8939130434782608,0.5960264900662252,0.8939130434782608,0.8939130434782608,0.6526984126984128,0.5247610773240661,0.05013087919134017,85,"all","NB#85","NB",85
343,442,134,232,0.7673611111111112,0.7190775681341719,0.7673611111111112,0.7673611111111112,0.7071999999999999,0.682015638575152,0.36393669353255753,85,"all","MLP#85","MLP",85
369,348,228,206,0.6417391304347826,0.628158844765343,0.6417391304347826,0.6417391304347826,0.6296928327645052,0.6229365768896612,0.24589763021155714,86,"all","DT#86","DT",86
344,401,175,231,0.6961805555555556,0.6628131021194605,0.6961805555555556,0.6961805555555556,0.6639072847682119,0.6472632493483927,0.2944663196163928,86,"all","RF#86","RF",86
518,83,493,57,0.9008695652173913,0.5928571428571429,0.9008695652173913,0.9008695652173913,0.6532156368221942,0.522154648132059,0.044937209204086566,86,"all","NB#86","NB",86
347,445,131,228,0.7725694444444444,0.7259414225941423,0.7725694444444444,0.7725694444444444,0.7125700560448358,0.6880973066898349,0.3761027807514084,86,"all","MLP#86","MLP",86
331,344,232,244,0.5972222222222222,0.5879218472468917,0.5972222222222222,0.5972222222222222,0.5910652920962199,0.5864465682015638,0.17287752797454042,87,"all","DT#87","DT",87
336,388,188,239,0.6736111111111112,0.6412213740458015,0.6736111111111112,0.6736111111111112,0.6450540315876975,0.629018245004344,0.2579787996962325,87,"all","RF#87","RF",87
168,477,99,407,0.828125,0.6292134831460674,0.828125,0.828125,0.6534246575342466,0.5603822762814944,0.12035487515330208,87,"all","NB#87","NB",87
361,441,135,214,0.765625,0.7278225806451613,0.765625,0.765625,0.7164906580016247,0.6967854039965248,0.39349801682265856,87,"all","MLP#87","MLP",87
341,351,225,234,0.609375,0.6024734982332155,0.609375,0.609375,0.6046511627906976,0.6012163336229366,0.2024212285493009,88,"all","DT#88","DT",88
350,395,181,225,0.6857638888888888,0.6591337099811676,0.6857638888888888,0.6857638888888888,0.6605351170568561,0.6472632493483927,0.2944791018727091,88,"all","RF#88","RF",88
534,66,510,41,0.928695652173913,0.616822429906542,0.928695652173913,0.928695652173913,0.6596664607782582,0.5212858384013901,0.04324836430727628,88,"all","NB#88","NB",88
362,416,160,213,0.7222222222222222,0.6934865900383141,0.7222222222222222,0.7222222222222222,0.6904564315352697,0.6759339704604691,0.35181558910963573,88,"all","MLP#88","MLP",88
349,359,217,226,0.6232638888888888,0.6166077738515902,0.6232638888888888,0.6232638888888888,0.6184323858742463,0.6151172893136403,0.23022353866522935,89,"all","DT#89","DT",89
353,400,176,222,0.6944444444444444,0.667296786389414,0.6944444444444444,0.6944444444444444,0.667779632721202,0.6542137271937446,0.30837890312431127,89,"all","RF#89","RF",89
273,375,201,302,0.6510416666666666,0.5759493670886076,0.6510416666666666,0.6510416666666666,0.5985634477254589,0.5629887054735013,0.125843463450798,89,"all","NB#89","NB",89
337,428,148,238,0.7430555555555556,0.6948453608247422,0.7430555555555556,0.7430555555555556,0.6892109500805152,0.6646394439617723,0.3291872386042789,89,"all","MLP#89","MLP",89
351,329,247,224,0.6104347826086957,0.5949367088607594,0.6104347826086957,0.6104347826086957,0.5984654731457801,0.5907906168549087,0.18160903229507427,90,"all","DT#90","DT",90
355,364,212,220,0.6319444444444444,0.6261022927689595,0.6319444444444444,0.6319444444444444,0.6275862068965518,0.6246741963509991,0.2493387601299531,90,"all","RF#90","RF",90
531,73,503,44,0.9234782608695652,0.6239316239316239,0.9234782608695652,0.9234782608695652,0.6600372902423866,0.5247610773240661,0.05017960078991179,90,"all","NB#90","NB",90
350,422,154,225,0.7326388888888888,0.6944444444444444,0.7326388888888888,0.7326388888888888,0.6901062959934586,0.6707211120764552,0.34137113126557944,90,"all","MLP#90","MLP",90
361,354,222,214,0.6278260869565218,0.6232394366197183,0.6278260869565218,0.6278260869565218,0.6234887737478412,0.6211989574283232,0.24240649267520928,91,"all","DT#91","DT",91
341,394,182,234,0.6840277777777778,0.6520076481835564,0.6840277777777778,0.6840277777777778,0.6544850498338871,0.6385751520417029,0.2770930085091221,91,"all","RF#91","RF",91
539,55,521,36,0.9373913043478261,0.6043956043956044,0.9373913043478261,0.9373913043478261,0.6593272171253823,0.5160729800173762,0.03285336068850571,91,"all","NB#91","NB",91
360,428,148,215,0.7430555555555556,0.7086614173228346,0.7430555555555556,0.7430555555555556,0.7022149302707137,0.684622067767159,0.3691798536385775,91,"all","MLP#91","MLP",91
334,348,228,241,0.6041666666666666,0.594306049822064,0.6041666666666666,0.6041666666666666,0.5974248927038627,0.5925282363162467,0.18503986340311634,92,"all","DT#92","DT",92
351,401,175,224,0.6961805555555556,0.6673003802281369,0.6961805555555556,0.6961805555555556,0.6677768526228143,0.6533449174630755,0.30663802123043526,92,"all","RF#92","RF",92
11,566,10,564,0.9826388888888888,0.5238095238095238,0.9826388888888888,0.9826388888888888,0.6635404454865181,0.5013032145960035,0.001770804688703916,92,"all","NB#92","NB",92
383,404,172,192,0.7013888888888888,0.69009009009009,0.7013888888888888,0.7013888888888888,0.6894197952218429,0.68375325803649,0.3674869410308282,92,"all","MLP#92","MLP",92
345,352,224,230,0.6111111111111112,0.6063268892794376,0.6111111111111112,0.6111111111111112,0.6079447322970638,0.6055603822762815,0.21111302336675755,93,"all","DT#93","DT",93
350,384,192,225,0.6666666666666666,0.6457564575645757,0.6666666666666666,0.6666666666666666,0.6481012658227848,0.6377063423110338,0.2753760377555041,93,"all","RF#93","RF",93
537,64,512,38,0.9339130434782609,0.6274509803921569,0.9339130434782609,0.9339130434782609,0.6613300492610837,0.522154648132059,0.04499195925620846,93,"all","NB#93","NB",93
348,428,148,227,0.7430555555555556,0.7016129032258065,0.7430555555555556,0.7430555555555556,0.695369618196588,0.6741963509991312,0.3483144879899627,93,"all","MLP#93","MLP",93
325,341,235,250,0.5920138888888888,0.5803571428571429,0.5920138888888888,0.5920138888888888,0.5844044558697514,0.578627280625543,0.15723484076481206,94,"all","DT#94","DT",94
328,407,169,247,0.7065972222222222,0.6599597585513078,0.7065972222222222,0.7065972222222222,0.6617886178861788,0.6385751520417029,0.2770646301949808,94,"all","RF#94","RF",94
539,50,526,36,0.9373913043478261,0.5813953488372093,0.9373913043478261,0.9373913043478261,0.6573170731707317,0.5117289313640313,0.024178973887070288,94,"all","NB#94","NB",94
315,466,110,260,0.8090277777777778,0.7411764705882353,0.8090277777777778,0.8090277777777778,0.7158218125960061,0.6785403996524761,0.35693469233673103,94,"all","MLP#94","MLP",94
337,361,215,238,0.6267361111111112,0.6105072463768116,0.6267361111111112,0.6267361111111112,0.614468085106383,0.6064291920069504,0.21283045757929378,95,"all","DT#95","DT",95
353,395,181,222,0.6857638888888888,0.6610486891385767,0.6857638888888888,0.6857638888888888,0.6621961441743505,0.6498696785403997,0.2996954823592644,95,"all","RF#95","RF",95
550,44,532,25,0.9565217391304348,0.6376811594202898,0.9565217391304348,0.9565217391304348,0.663850331925166,0.5160729800173762,0.03288545753778439,95,"all","NB#95","NB",95
370,444,132,205,0.7708333333333334,0.7370517928286853,0.7708333333333334,0.7708333333333334,0.7248979591836734,0.7072111207645526,0.414357258574692,95,"all","MLP#95","MLP",95
334,340,236,241,0.5902777777777778,0.5859649122807018,0.5902777777777778,0.5902777777777778,0.5877268798617113,0.5855777584708949,0.1711486348779805,96,"all","DT#96","DT",96
331,392,184,244,0.6805555555555556,0.6427184466019418,0.6805555555555556,0.6805555555555556,0.6468646864686468,0.6281494352736751,0.25623093879276504,96,"all","RF#96","RF",96
488,138,438,87,0.8486956521739131,0.6133333333333333,0.8486956521739131,0.8486956521739131,0.6502331778814124,0.5438748913987836,0.08823223201473857,96,"all","NB#96","NB",96
326,469,107,249,0.8142361111111112,0.7528868360277137,0.8142361111111112,0.8142361111111112,0.7248840803709429,0.6907037358818419,0.3812743673915603,96,"all","MLP#96","MLP",96
353,349,227,222,0.6139130434782609,0.6112084063047285,0.6139130434782609,0.6139130434782609,0.6112554112554114,0.6099044309296264,0.2198141620307818,97,"all","DT#97","DT",97
342,390,186,233,0.6770833333333334,0.6477272727272727,0.6770833333333334,0.6770833333333334,0.6505421184320267,0.635968722849696,0.2718852334027325,97,"all","RF#97","RF",97
18,561,15,557,0.9739583333333334,0.5454545454545454,0.9739583333333334,0.9739583333333334,0.6623376623376623,0.5030408340573415,0.005266990804674304,97,"all","NB#97","NB",97
340,436,140,235,0.7569444444444444,0.7083333333333334,0.7569444444444444,0.7569444444444444,0.6992782678428228,0.6741963509991312,0.34829874453612764,97,"all","MLP#97","MLP",97
333,327,249,242,0.5791304347826087,0.5746924428822495,0.5791304347826087,0.5791304347826087,0.5756266205704408,0.573414422241529,0.14683721639415023,98,"all","DT#98","DT",98
354,393,183,221,0.6822916666666666,0.659217877094972,0.6822916666666666,0.6822916666666666,0.6605042016806723,0.6490008688097306,0.2979609337492186,98,"all","RF#98","RF",98
512,96,480,63,0.8904347826086957,0.6037735849056604,0.8904347826086957,0.8904347826086957,0.6534779834077856,0.5282363162467419,0.05706552487338124,98,"all","NB#98","NB",98
346,442,134,229,0.7673611111111112,0.7208333333333333,0.7673611111111112,0.7673611111111112,0.7089013632718524,0.684622067767159,0.3691531847109714,98,"all","MLP#98","MLP",98
336,344,232,239,0.5972222222222222,0.5915492957746479,0.5972222222222222,0.5972222222222222,0.5936151855047455,0.5907906168549087,0.18157196709506282,99,"all","DT#99","DT",99
343,384,192,232,0.6666666666666666,0.6411214953271028,0.6666666666666666,0.6666666666666666,0.6442953020134228,0.631624674196351,0.2632042997765568,99,"all","RF#99","RF",99
547,42,534,28,0.951304347826087,0.6,0.951304347826087,0.951304347826087,0.6606280193236715,0.5117289313640313,0.024202526451714147,99,"all","NB#99","NB",99
365,439,137,210,0.7621527777777778,0.7270916334661355,0.7621527777777778,0.7621527777777778,0.7167346938775511,0.6985230234578628,0.39697913568373333,99,"all","MLP#99","MLP",99
353,337,239,222,0.6139130434782609,0.6028622540250447,0.6139130434782609,0.6139130434782609,0.6049700085689803,0.5994787141615986,0.1989773813172065,100,"all","DT#100","DT",100
348,381,195,227,0.6614583333333334,0.6408839779005525,0.6614583333333334,0.6614583333333334,0.6435810810810811,0.6333622936576889,0.26668860814532086,100,"all","RF#100","RF",100
199,446,130,376,0.7743055555555556,0.6048632218844985,0.7743055555555556,0.7743055555555556,0.6380543633762519,0.5603822762814944,0.12043723967536259,100,"all","NB#100","NB",100
347,440,136,228,0.7638888888888888,0.7184265010351967,0.7638888888888888,0.7638888888888888,0.7073954983922828,0.68375325803649,0.3674181800612404,100,"all","MLP#100","MLP",100
352,366,210,223,0.6354166666666666,0.6263345195729537,0.6354166666666666,0.6354166666666666,0.6283261802575106,0.6238053866203301,0.2475954389201479,101,"all","DT#101","DT",101
333,410,166,242,0.7118055555555556,0.6673346693386774,0.7118055555555556,0.7118055555555556,0.6677524429967427,0.6455256298870548,0.29096937450552895,101,"all","RF#101","RF",101
550,35,541,25,0.9565217391304348,0.5833333333333334,0.9565217391304348,0.9565217391304348,0.6602641056422569,0.5082536924413553,0.017272173246685764,101,"all","NB#101","NB",101
333,451,125,242,0.7829861111111112,0.7270742358078602,0.7829861111111112,0.7829861111111112,0.710795902285264,0.6811468288444831,0.36218051799608325,101,"all","MLP#101","MLP",101
355,332,244,220,0.6173913043478261,0.6014492753623188,0.6173913043478261,0.6173913043478261,0.6047700170357752,0.5968722849695917,0.19377317246959663,102,"all","DT#102","DT",102
348,397,179,227,0.6892361111111112,0.6603415559772297,0.6892361111111112,0.6892361111111112,0.6616666666666666,0.6472632493483927,0.2944748411720657,102,"all","RF#102","RF",102
514,104,472,61,0.8939130434782608,0.6303030303030303,0.8939130434782608,0.8939130434782608,0.6585522101217168,0.5369244135534318,0.07442242207808865,102,"all","NB#102","NB",102
376,416,160,199,0.7222222222222222,0.7014925373134329,0.7222222222222222,0.7222222222222222,0.6985726280436607,0.6880973066898349,0.3761574126495974,102,"all","MLP#102","MLP",102
364,360,216,211,0.6330434782608696,0.6304728546409807,0.6330434782608696,0.6330434782608696,0.6303030303030304,0.629018245004344,0.2580415304836164,103,"all","DT#103","DT",103
350,394,182,225,0.6840277777777778,0.6578947368421053,0.6840277777777778,0.6840277777777778,0.6594142259414226,0.6463944396177237,0.29274243346110923,103,"all","RF#103","RF",103
536,81,495,39,0.9321739130434783,0.675,0.9321739130434783,0.9321739130434783,0.6674968866749689,0.5360556038227628,0.072748832325573,103,"all","NB#103","NB",103
337,427,149,238,0.7413194444444444,0.6934156378600823,0.7413194444444444,0.7413194444444444,0.6881547139403706,0.6637706342311034,0.32745039716990965,103,"all","MLP#103","MLP",103
374,324,252,201,0.6504347826086957,0.6171428571428571,0.6504347826086957,0.6504347826086957,0.6228143213988343,0.6064291920069504,0.21291838943559596,104,"all","DT#104","DT",104
362,381,195,213,0.6614583333333334,0.6499102333931778,0.6614583333333334,0.6614583333333334,0.6512820512820512,0.6455256298870548,0.29103145918820256,104,"all","RF#104","RF",104
496,97,479,79,0.8626086956521739,0.5511363636363636,0.8626086956521739,0.8626086956521739,0.64,0.5152041702867072,0.030992757996378958,104,"all","NB#104","NB",104
358,434,142,217,0.7534722222222222,0.716,0.7534722222222222,0.7534722222222222,0.7074164629176853,0.6880973066898349,0.37612350432189645,104,"all","MLP#104","MLP",104
366,360,216,209,0.6365217391304347,0.632688927943761,0.6365217391304347,0.6365217391304347,0.6326707000864304,0.630755864465682,0.2615189754939182,105,"all","DT#105","DT",105
340,395,181,235,0.6857638888888888,0.6525911708253359,0.6857638888888888,0.6857638888888888,0.6550580431177445,0.6385751520417029,0.27709082564097914,105,"all","RF#105","RF",105
176,459,117,399,0.796875,0.6006825938566553,0.796875,0.796875,0.6401673640167365,0.5516941789748045,0.10300580863229815,105,"all","NB#105","NB",105
357,439,137,218,0.7621527777777778,0.7226720647773279,0.7621527777777778,0.7621527777777778,0.7120843471208436,0.6915725456125109,0.3830691856945068,105,"all","MLP#105","MLP",105
357,369,207,218,0.640625,0.6329787234042553,0.640625,0.640625,0.6345657781599313,0.630755864465682,0.2614989077415235,106,"all","DT#106","DT",106
327,404,172,248,0.7013888888888888,0.655310621242485,0.7013888888888888,0.7013888888888888,0.6579804560260586,0.6350999131190269,0.27011553257922094,106,"all","RF#106","RF",106
302,369,207,273,0.640625,0.593320235756385,0.640625,0.640625,0.6059113300492611,0.582971329278888,0.16585891710224746,106,"all","NB#106","NB",106
398,395,181,177,0.6921739130434783,0.6905594405594405,0.6921739130434783,0.6921739130434783,0.6897746967071058,0.6889661164205039,0.3779355197130451,106,"all","MLP#106","MLP",106
366,352,224,209,0.6365217391304347,0.6274509803921569,0.6365217391304347,0.6365217391304347,0.6283261802575107,0.6238053866203301,0.24762724274057804,107,"all","DT#107","DT",107
334,407,169,241,0.7065972222222222,0.6640159045725647,0.7065972222222222,0.7065972222222222,0.6650326797385622,0.6437880104257168,0.28749803722626854,107,"all","RF#107","RF",107
32,561,15,543,0.9739583333333334,0.6808510638297872,0.9739583333333334,0.9739583333333334,0.6678571428571428,0.5152041702867072,0.029634128653274278,107,"all","NB#107","NB",107
330,444,132,245,0.7708333333333334,0.7142857142857143,0.7708333333333334,0.7708333333333334,0.7019762845849803,0.6724587315377932,0.3448051977465963,107,"all","MLP#107","MLP",107
353,326,250,222,0.6139130434782609,0.5948905109489051,0.6139130434782609,0.6139130434782609,0.5993208828522919,0.5899218071242398,0.17987766217611578,108,"all","DT#108","DT",108
337,390,186,238,0.6770833333333334,0.6443594646271511,0.6770833333333334,0.6770833333333334,0.6478405315614618,0.631624674196351,0.2631909509804514,108,"all","RF#108","RF",108
310,335,241,265,0.5815972222222222,0.5626134301270418,0.5815972222222222,0.5815972222222222,0.5697278911564627,0.5603822762814944,0.12073203135379315,108,"all","NB#108","NB",108
337,448,128,238,0.7777777777777778,0.7247311827956989,0.7777777777777778,0.7777777777777778,0.7099841521394612,0.682015638575152,0.3639251687327304,108,"all","MLP#108","MLP",108
348,347,229,227,0.6052173913043478,0.6045296167247387,0.6052173913043478,0.6052173913043478,0.6041666666666666,0.6038227628149435,0.20764731990543497,109,"all","DT#109","DT",109
329,401,175,246,0.6961805555555556,0.6527777777777778,0.6961805555555556,0.6961805555555556,0.6557645134914145,0.634231103388358,0.26838323552192345,109,"all","RF#109","RF",109
565,17,559,10,0.9826086956521739,0.6296296296296297,0.9826086956521739,0.9826086956521739,0.6650971159505591,0.5056472632493484,0.012112545610597563,109,"all","NB#109","NB",109
356,442,134,219,0.7673611111111112,0.726530612244898,0.7673611111111112,0.7673611111111112,0.7146321746160066,0.6933101650738488,0.3865411473392569,109,"all","MLP#109","MLP",109
361,332,244,214,0.6278260869565218,0.608058608058608,0.6278260869565218,0.6278260869565218,0.611864406779661,0.6020851433536055,0.20420572739761172,110,"all","DT#110","DT",110
335,400,176,240,0.6944444444444444,0.6555772994129159,0.6944444444444444,0.6944444444444444,0.6578947368421053,0.6385751520417029,0.277079911102522,110,"all","RF#110","RF",110
542,55,521,33,0.9426086956521739,0.625,0.9426086956521739,0.9426086956521739,0.6617826617826618,0.5186794092093832,0.03806676240933609,110,"all","NB#110","NB",110
341,436,140,234,0.7569444444444444,0.7089397089397089,0.7569444444444444,0.7569444444444444,0.6998394863563402,0.6750651607298002,0.35003759591487915,110,"all","MLP#110","MLP",110
345,360,216,230,0.625,0.6149732620320856,0.625,0.625,0.6174957118353345,0.6125108601216334,0.22500475553529214,111,"all","DT#111","DT",111
346,391,185,229,0.6788194444444444,0.6516007532956686,0.6788194444444444,0.6788194444444444,0.6538461538461539,0.6403127715030409,0.2805772122544374,111,"all","RF#111","RF",111
440,165,411,135,0.7652173913043478,0.55,0.7652173913043478,0.7652173913043478,0.6171107994389902,0.525629887054735,0.05165420205349216,111,"all","NB#111","NB",111
372,435,141,203,0.7552083333333334,0.7251461988304093,0.7552083333333334,0.7552083333333334,0.7166392092257001,0.7011294526498697,0.40220250083794074,111,"all","MLP#111","MLP",111
351,349,227,224,0.6104347826086957,0.6090750436300174,0.6104347826086957,0.6104347826086957,0.608846487424111,0.6081668114682884,0.21633658060123526,112,"all","DT#112","DT",112
356,404,172,219,0.7013888888888888,0.6742424242424242,0.7013888888888888,0.7013888888888888,0.6738949124270224,0.6602953953084274,0.3205420674474184,112,"all","RF#112","RF",112
483,141,435,92,0.84,0.6051502145922747,0.84,0.84,0.6470194239785666,0.5421372719374457,0.08474778307730135,112,"all","NB#112","NB",112
371,437,139,204,0.7586805555555556,0.7274509803921568,0.7586805555555556,0.7586805555555556,0.7181594083812655,0.7019982623805386,0.4039375844549962,112,"all","MLP#112","MLP",112
342,324,252,233,0.5947826086956521,0.5816876122082585,0.5947826086956521,0.5947826086956521,0.5851154833190761,0.578627280625543,0.15727809739756868,113,"all","DT#113","DT",113
350,394,182,225,0.6840277777777778,0.6578947368421053,0.6840277777777778,0.6840277777777778,0.6594142259414226,0.6463944396177237,0.29274243346110923,113,"all","RF#113","RF",113
518,105,471,57,0.9008695652173913,0.6481481481481481,0.9008695652173913,0.9008695652173913,0.6624040920716112,0.5412684622067767,0.08310928857869637,113,"all","NB#113","NB",113
324,440,136,251,0.7638888888888888,0.7043478260869566,0.7638888888888888,0.7638888888888888,0.6945540647198105,0.6637706342311034,0.3274239942018919,113,"all","MLP#113","MLP",113
329,346,230,246,0.6006944444444444,0.5885509838998211,0.6006944444444444,0.6006944444444444,0.5924657534246575,0.5864465682015638,0.17287253315297463,114,"all","DT#114","DT",114
331,380,196,244,0.6597222222222222,0.6280834914611005,0.6597222222222222,0.6597222222222222,0.6333333333333333,0.6177237185056472,0.23539145348696758,114,"all","RF#114","RF",114
443,197,379,132,0.7704347826086957,0.5987841945288754,0.7704347826086957,0.7704347826086957,0.6342161775232641,0.5560382276281495,0.11240675653854917,114,"all","NB#114","NB",114
337,444,132,238,0.7708333333333334,0.7185501066098081,0.7708333333333334,0.7708333333333334,0.7058823529411765,0.6785403996524761,0.3569774148640936,114,"all","MLP#114","MLP",114
343,341,235,232,0.5965217391304348,0.5951134380453752,0.5965217391304348,0.5965217391304348,0.5949696444058976,0.5942658557775847,0.18853477414806405,115,"all","DT#115","DT",115
347,375,201,228,0.6510416666666666,0.6332116788321168,0.6510416666666666,0.6510416666666666,0.6361323155216285,0.6272806255430061,0.254530302412689,115,"all","RF#115","RF",115
559,15,561,16,0.9721739130434782,0.49910714285714286,0.9721739130434782,0.9721739130434782,0.6595870206489676,0.49869678540399653,-0.0017829533370037026,115,"all","NB#115","NB",115
366,434,142,209,0.7534722222222222,0.7204724409448819,0.7534722222222222,0.7534722222222222,0.7120590648072189,0.6950477845351868,0.39003341219598,115,"all","MLP#115","MLP",115
335,361,215,240,0.6267361111111112,0.6090909090909091,0.6267361111111112,0.6267361111111112,0.6134239592183518,0.6046915725456126,0.2093527080581243,116,"all","DT#116","DT",116
341,401,175,234,0.6961805555555556,0.6608527131782945,0.6961805555555556,0.6961805555555556,0.662262592898431,0.6446568201563857,0.28924979730984485,116,"all","RF#116","RF",116
501,95,481,74,0.871304347826087,0.5621301775147929,0.871304347826087,0.871304347826087,0.6435452793834298,0.5178105994787141,0.03621265315544329,116,"all","NB#116","NB",116
363,432,144,212,0.75,0.7159763313609467,0.75,0.75,0.7081967213114755,0.6907037358818419,0.3813434954071372,116,"all","MLP#116","MLP",116
329,353,223,246,0.6128472222222222,0.5960144927536232,0.6128472222222222,0.6128472222222222,0.6008510638297873,0.5925282363162467,0.18502755983375013,117,"all","DT#117","DT",117
327,399,177,248,0.6927083333333334,0.6488095238095238,0.6927083333333334,0.6927083333333334,0.652493867538839,0.630755864465682,0.26143200735586086,117,"all","RF#117","RF",117
367,272,304,208,0.6382608695652174,0.5666666666666667,0.6382608695652174,0.6382608695652174,0.5890850722311397,0.5551694178974804,0.11046708206540105,117,"all","NB#117","NB",117
384,409,167,191,0.7100694444444444,0.6969147005444646,0.7100694444444444,0.7100694444444444,0.6955782312925171,0.6889661164205039,0.377909223764146,117,"all","MLP#117","MLP",117
356,356,220,219,0.6191304347826087,0.6191304347826087,0.6191304347826087,0.6191304347826087,0.6185925282363163,0.6185925282363163,0.23718563226806733,118,"all","DT#118","DT",118
359,381,195,216,0.6614583333333334,0.648014440433213,0.6614583333333334,0.6614583333333334,0.6496163682864451,0.6429192006950478,0.2858152205912325,118,"all","RF#118","RF",118
22,552,24,553,0.9583333333333334,0.4995475113122172,0.9583333333333334,0.9583333333333334,0.6567519333729922,0.49869678540399653,-0.0034085191827410476,118,"all","NB#118","NB",118
357,445,131,218,0.7725694444444444,0.7315573770491803,0.7725694444444444,0.7725694444444444,0.7183212267958029,0.6967854039965248,0.3934906909572966,118,"all","MLP#118","MLP",118
339,335,241,236,0.5895652173913043,0.5866900175131349,0.5895652173913043,0.5895652173913043,0.587012987012987,0.5855777584708949,0.17116114763626483,119,"all","DT#119","DT",119
346,404,172,229,0.7013888888888888,0.667953667953668,0.7013888888888888,0.7013888888888888,0.6683209263854425,0.6516072980017377,0.30315410595416586,119,"all","RF#119","RF",119
541,59,517,34,0.9408695652173913,0.6344086021505376,0.9408695652173913,0.9408695652173913,0.6625842008573177,0.5212858384013901,0.04326857077342451,119,"all","NB#119","NB",119
371,428,148,204,0.7430555555555556,0.7148362235067437,0.7430555555555556,0.7430555555555556,0.7086092715231788,0.6941789748045178,0.38830577464278393,119,"all","MLP#119","MLP",119
370,347,229,205,0.6434782608695652,0.6286231884057971,0.6434782608695652,0.6434782608695652,0.6303236797274275,0.6229365768896612,0.24589990700820036,120,"all","DT#120","DT",120
346,394,182,229,0.6840277777777778,0.6553030303030303,0.6840277777777778,0.6840277777777778,0.6572143452877398,0.6429192006950478,0.28578718598692854,120,"all","RF#120","RF",120
211,457,119,364,0.7934027777777778,0.6393939393939394,0.7934027777777778,0.7934027777777778,0.6542591267000716,0.580364900086881,0.16041863309950097,120,"all","NB#120","NB",120
355,463,113,220,0.8038194444444444,0.7585470085470085,0.8038194444444444,0.8038194444444444,0.7355043685464655,0.7106863596872285,0.4212787995645431,120,"all","MLP#120","MLP",120
352,350,226,223,0.6121739130434782,0.6108202443280978,0.6121739130434782,0.6121739130434782,0.6105810928013877,0.6099044309296264,0.2198118064078817,121,"all","DT#121","DT",121
332,390,186,243,0.6770833333333334,0.640926640926641,0.6770833333333334,0.6770833333333334,0.6451612903225806,0.6272806255430061,0.25449653729261135,121,"all","RF#121","RF",121
209,459,117,366,0.796875,0.6411042944785276,0.796875,0.796875,0.6552462526766595,0.580364900086881,0.16041356125717568,121,"all","NB#121","NB",121
315,445,131,260,0.7725694444444444,0.7062780269058296,0.7725694444444444,0.7725694444444444,0.6947697111631538,0.6602953953084274,0.3204579394235893,121,"all","MLP#121","MLP",121
351,352,224,224,0.6111111111111112,0.6111111111111112,0.6111111111111112,0.6111111111111112,0.6111111111111112,0.6107732406602954,0.22154589371980662,122,"all","DT#122","DT",122
336,403,173,239,0.6996527777777778,0.6601178781925344,0.6996527777777778,0.6996527777777778,0.6617405582922825,0.6420503909643788,0.28402890384609564,122,"all","RF#122","RF",122
526,82,494,49,0.9147826086956522,0.6259541984732825,0.9147826086956522,0.9147826086956522,0.6595611285266458,0.5282363162467419,0.05710535645588326,122,"all","NB#122","NB",122
321,451,125,254,0.7829861111111112,0.7197309417040358,0.7829861111111112,0.7829861111111112,0.7041373926619828,0.6707211120764552,0.3413134502341186,122,"all","MLP#122","MLP",122
347,342,234,228,0.6034782608695652,0.6,0.6034782608695652,0.6034782608695652,0.6003460207612458,0.5986099044309297,0.19722647439787688,123,"all","DT#123","DT",123
356,400,176,219,0.6944444444444444,0.6691729323308271,0.6944444444444444,0.6944444444444444,0.6694560669456067,0.6568201563857515,0.3135952364057449,123,"all","RF#123","RF",123
306,350,226,269,0.6076388888888888,0.575187969924812,0.6076388888888888,0.6076388888888888,0.5857740585774058,0.5699391833188532,0.13982187853378156,123,"all","NB#123","NB",123
361,421,155,214,0.7309027777777778,0.6996124031007752,0.7309027777777778,0.7309027777777778,0.6952931461601982,0.6794092093831451,0.35876081957783074,123,"all","MLP#123","MLP",123
324,345,231,251,0.5989583333333334,0.5837837837837838,0.5989583333333334,0.5989583333333334,0.5887372013651877,0.58123370981755,0.16244149883752523,124,"all","DT#124","DT",124
327,405,171,248,0.703125,0.6566265060240963,0.703125,0.703125,0.6590724165988608,0.635968722849696,0.27185225335674607,124,"all","RF#124","RF",124
516,93,483,59,0.8973913043478261,0.6118421052631579,0.8973913043478261,0.8973913043478261,0.6556543837357052,0.529105125977411,0.05881199232375408,124,"all","NB#124","NB",124
334,441,135,241,0.765625,0.7121535181236673,0.765625,0.765625,0.7011128775834659,0.6733275412684622,0.3465500215916193,124,"all","MLP#124","MLP",124
366,355,221,209,0.6365217391304347,0.6294326241134752,0.6365217391304347,0.6365217391304347,0.629948364888124,0.6264118158123371,0.2528366032016327,125,"all","DT#125","DT",125
357,407,169,218,0.7065972222222222,0.6787072243346007,0.7065972222222222,0.7065972222222222,0.6777685262281432,0.6637706342311034,0.32749101307312906,125,"all","RF#125","RF",125
559,20,556,16,0.9721739130434782,0.5555555555555556,0.9721739130434782,0.9721739130434782,0.6615384615384616,0.5030408340573415,0.006890517995595409,125,"all","NB#125","NB",125
370,442,134,205,0.7673611111111112,0.7341269841269841,0.7673611111111112,0.7673611111111112,0.722812755519215,0.7054735013032146,0.4108834129262044,125,"all","MLP#125","MLP",125
328,351,225,247,0.609375,0.593128390596745,0.609375,0.609375,0.5979557069846679,0.5899218071242398,0.17981575475030884,126,"all","DT#126","DT",126
352,422,154,223,0.7326388888888888,0.6956521739130435,0.7326388888888888,0.7326388888888888,0.6912366912366912,0.6724587315377932,0.3448487236744166,126,"all","RF#126","RF",126
383,261,315,192,0.6660869565217391,0.5761589403973509,0.6660869565217391,0.6660869565217391,0.6017282010997643,0.5595134665508253,0.11918982435326772,126,"all","NB#126","NB",126
376,426,150,199,0.7395833333333334,0.714828897338403,0.7395833333333334,0.7395833333333334,0.7094088259783513,0.6967854039965248,0.39352548724165903,126,"all","MLP#126","MLP",126
356,348,228,219,0.6191304347826087,0.6137566137566137,0.6191304347826087,0.6191304347826087,0.6143226919758411,0.6116420503909644,0.2232940675624878,127,"all","DT#127","DT",127
348,402,174,227,0.6979166666666666,0.6666666666666666,0.6979166666666666,0.6979166666666666,0.6672199170124481,0.6516072980017377,0.3031583142974906,127,"all","RF#127","RF",127
429,233,343,146,0.7460869565217392,0.6147757255936676,0.7460869565217392,0.7460869565217392,0.6369710467706013,0.575152041702867,0.15055606952642403,127,"all","NB#127","NB",127
385,406,170,190,0.7048611111111112,0.6936936936936937,0.7048611111111112,0.7048611111111112,0.6928327645051193,0.687228496959166,0.37443763398653346,127,"all","MLP#127","MLP",127
340,360,216,235,0.625,0.6115107913669064,0.625,0.625,0.614859094790777,0.6081668114682884,0.2163105523860136,128,"all","DT#128","DT",128
344,390,186,231,0.6770833333333334,0.6490566037735849,0.6770833333333334,0.6770833333333334,0.6516290726817043,0.6377063423110338,0.2753629096179541,128,"all","RF#128","RF",128
408,233,343,167,0.7095652173913043,0.5825,0.7095652173913043,0.7095652173913043,0.6153846153846153,0.5569070373588184,0.11404880345801831,128,"all","NB#128","NB",128
380,424,152,195,0.7361111111111112,0.7142857142857143,0.7361111111111112,0.7361111111111112,0.709623430962343,0.6985230234578628,0.3970064481842873,128,"all","MLP#128","MLP",128
343,343,233,232,0.5965217391304348,0.5965217391304348,0.5965217391304348,0.5965217391304348,0.5960034752389228,0.5960034752389227,0.19200756037505995,129,"all","DT#129","DT",129
339,388,188,236,0.6736111111111112,0.6432637571157496,0.6736111111111112,0.6736111111111112,0.6466666666666667,0.631624674196351,0.2631954006328962,129,"all","RF#129","RF",129
545,41,535,30,0.9478260869565217,0.5774647887323944,0.9478260869565217,0.9478260869565217,0.6586102719033232,0.5091225021720244,0.018992163281314863,129,"all","NB#129","NB",129
299,435,141,276,0.7552083333333334,0.6795454545454546,0.7552083333333334,0.7552083333333334,0.675990675990676,0.6377063423110338,0.2752644334216665,129,"all","MLP#129","MLP",129
333,350,226,242,0.6076388888888888,0.5957066189624329,0.6076388888888888,0.6076388888888888,0.5993150684931506,0.5933970460469157,0.18677383511679016,130,"all","DT#130","DT",130
357,395,181,218,0.6857638888888888,0.6635687732342007,0.6857638888888888,0.6857638888888888,0.6644238856181665,0.6533449174630755,0.30665058283750746,130,"all","RF#130","RF",130
14,570,6,561,0.9895833333333334,0.7,0.9895833333333334,0.9895833333333334,0.6678383128295254,0.5073848827106864,0.013942841601885796,130,"all","NB#130","NB",130
339,428,148,236,0.7430555555555556,0.6960985626283368,0.7430555555555556,0.7430555555555556,0.6903225806451613,0.6663770634231103,0.3326649675681552,130,"all","MLP#130","MLP",130
367,356,220,208,0.6382608695652174,0.6312056737588653,0.6382608695652174,0.6382608695652174,0.631669535283993,0.6281494352736751,0.2563117817913926,131,"all","DT#131","DT",131
327,406,170,248,0.7048611111111112,0.6579476861167002,0.7048611111111112,0.7048611111111112,0.6601626016260164,0.6368375325803649,0.2735889793786105,131,"all","RF#131","RF",131
544,38,538,31,0.9460869565217391,0.5507246376811594,0.9460869565217391,0.9460869565217391,0.6566083283041643,0.5056472632493484,0.012049955725312889,131,"all","NB#131","NB",131
364,429,147,211,0.7447916666666666,0.7123287671232876,0.7447916666666666,0.7447916666666666,0.7055921052631579,0.6889661164205039,0.3778716542661125,131,"all","MLP#131","MLP",131
352,341,235,223,0.6121739130434782,0.6046099290780141,0.6121739130434782,0.6121739130434782,0.6058519793459552,0.6020851433536055,0.2041841029449948,132,"all","DT#132","DT",132
354,387,189,221,0.671875,0.6519337016574586,0.671875,0.671875,0.6537162162162163,0.6437880104257168,0.2875410647857384,132,"all","RF#132","RF",132
547,45,531,28,0.951304347826087,0.6164383561643836,0.951304347826087,0.951304347826087,0.661826981246219,0.5143353605560382,0.02940701731625898,132,"all","NB#132","NB",132
384,417,159,191,0.7239583333333334,0.7071823204419889,0.7239583333333334,0.7239583333333334,0.7043918918918918,0.6959165942658557,0.39180334798782535,132,"all","MLP#132","MLP",132
353,351,225,222,0.6139130434782609,0.612565445026178,0.6139130434782609,0.6139130434782609,0.6123156981786643,0.6116420503909644,0.22328703221452817,133,"all","DT#133","DT",133
342,402,174,233,0.6979166666666666,0.6627906976744186,0.6979166666666666,0.6979166666666666,0.6639141205615193,0.6463944396177237,0.29272534842324416,133,"all","RF#133","RF",133
452,166,410,123,0.7860869565217391,0.5743944636678201,0.7860869565217391,0.7860869565217391,0.6290883785664578,0.5369244135534318,0.07424923078316001,133,"all","NB#133","NB",133
354,456,120,221,0.7916666666666666,0.7468354430379747,0.7916666666666666,0.7916666666666666,0.727853152434158,0.7037358818418766,0.4073809563354316,133,"all","MLP#133","MLP",133
328,346,230,247,0.6006944444444444,0.5878136200716846,0.6006944444444444,0.6006944444444444,0.5919589392643285,0.5855777584708949,0.17113361906932997,134,"all","DT#134","DT",134
323,392,184,252,0.6805555555555556,0.6370808678500987,0.6805555555555556,0.6805555555555556,0.6426229508196722,0.6211989574283232,0.2423195617907636,134,"all","RF#134","RF",134
512,84,492,63,0.8904347826086957,0.5714285714285714,0.8904347826086957,0.8904347826086957,0.6485117162761241,0.5178105994787141,0.03624464228330369,134,"all","NB#134","NB",134
284,463,113,291,0.8038194444444444,0.7153652392947103,0.8038194444444444,0.8038194444444444,0.6962406015037594,0.6490008688097306,0.2978125160444684,134,"all","MLP#134","MLP",134
356,342,234,219,0.6191304347826087,0.6096256684491979,0.6191304347826087,0.6191304347826087,0.6111587982832619,0.6064291920069504,0.2128756142297502,135,"all","DT#135","DT",135
335,388,188,240,0.6736111111111112,0.6405353728489483,0.6736111111111112,0.6736111111111112,0.6445182724252491,0.6281494352736751,0.2562399222161159,135,"all","RF#135","RF",135
542,61,515,33,0.9426086956521739,0.648936170212766,0.9426086956521739,0.9426086956521739,0.6642156862745098,0.523892267593397,0.048476199383902296,135,"all","NB#135","NB",135
358,451,125,217,0.7829861111111112,0.7412008281573499,0.7829861111111112,0.7829861111111112,0.7250803858520901,0.7028670721112077,0.4056511472003963,135,"all","MLP#135","MLP",135
373,335,241,202,0.648695652173913,0.6238361266294227,0.648695652173913,0.648695652173913,0.6274179983179141,0.6151172893136403,0.23027931628421633,136,"all","DT#136","DT",136
336,387,189,239,0.671875,0.64,0.671875,0.671875,0.6439267886855241,0.6281494352736751,0.25624216803804634,136,"all","RF#136","RF",136
476,142,434,99,0.8278260869565217,0.5892116182572614,0.8278260869565217,0.8278260869565217,0.641077441077441,0.5369244135534318,0.07431628026285007,136,"all","NB#136","NB",136
353,428,148,222,0.7430555555555556,0.7045908183632734,0.7430555555555556,0.7430555555555556,0.698205546492659,0.6785403996524761,0.35700848222778514,136,"all","MLP#136","MLP",136
328,332,244,247,0.5763888888888888,0.5734265734265734,0.5763888888888888,0.5763888888888888,0.5748917748917749,0.573414422241529,0.14682433646287663,137,"all","DT#137","DT",137
345,400,176,230,0.6944444444444444,0.6621880998080614,0.6944444444444444,0.6944444444444444,0.6633499170812603,0.6472632493483927,0.2944684500246095,137,"all","RF#137","RF",137
13,566,10,562,0.9826388888888888,0.5652173913043478,0.9826388888888888,0.9826388888888888,0.6643192488262911,0.5030408340573415,0.0052519611753756015,137,"all","NB#137","NB",137
324,427,149,251,0.7413194444444444,0.6849894291754757,0.7413194444444444,0.7413194444444444,0.6810207336523126,0.6524761077324066,0.30484464697160496,137,"all","MLP#137","MLP",137
362,326,250,213,0.6295652173913043,0.6048237476808905,0.6295652173913043,0.6295652173913043,0.6099410278011794,0.5977410947002606,0.19552651799340906,138,"all","DT#138","DT",138
352,371,205,223,0.6440972222222222,0.6319569120287253,0.6440972222222222,0.6440972222222222,0.6341880341880342,0.6281494352736751,0.256278099344487,138,"all","RF#138","RF",138
554,16,560,21,0.9634782608695652,0.49730700179533216,0.9634782608695652,0.9634782608695652,0.6560094730609829,0.4952215464813206,-0.00873685210856503,138,"all","NB#138","NB",138
354,424,152,221,0.7361111111111112,0.6996047430830039,0.7361111111111112,0.7361111111111112,0.6945126945126945,0.6759339704604691,0.3517999308502847,138,"all","MLP#138","MLP",138
352,351,225,223,0.6121739130434782,0.6114982578397212,0.6121739130434782,0.6121739130434782,0.611111111111111,0.6107732406602954,0.2215482441176203,139,"all","DT#139","DT",139
346,407,169,229,0.7065972222222222,0.6718446601941748,0.7065972222222222,0.7065972222222222,0.6716171617161717,0.6542137271937446,0.3083642842044872,139,"all","RF#139","RF",139
495,111,465,80,0.8608695652173913,0.581151832460733,0.8608695652173913,0.8608695652173913,0.6449511400651466,0.526498696785404,0.053546776103864616,139,"all","NB#139","NB",139
345,437,139,230,0.7586805555555556,0.7128099173553719,0.7586805555555556,0.7586805555555556,0.7031375703942075,0.6794092093831451,0.3587298375833637,139,"all","MLP#139","MLP",139
371,351,225,204,0.6452173913043479,0.6324324324324324,0.6452173913043479,0.6452173913043479,0.6336464560204953,0.6272806255430061,0.25458432024347066,140,"all","DT#140","DT",140
355,395,181,220,0.6857638888888888,0.6623134328358209,0.6857638888888888,0.6857638888888888,0.6633081444164567,0.6516072980017377,0.303173043098854,140,"all","RF#140","RF",140
334,309,267,241,0.5808695652173913,0.5618181818181818,0.5808695652173913,0.5808695652173913,0.5680272108843536,0.5586446568201564,0.11732329346976124,140,"all","NB#140","NB",140
370,430,146,205,0.7465277777777778,0.7170542635658915,0.7465277777777778,0.7465277777777778,0.7101568951279935,0.6950477845351868,0.39004077959842437,140,"all","MLP#140","MLP",140
353,343,233,222,0.6139130434782609,0.6070796460176991,0.6139130434782609,0.6139130434782609,0.6080964685615848,0.6046915725456126,0.2093956773060834,141,"all","DT#141","DT",141
347,414,162,228,0.71875,0.6817288801571709,0.71875,0.71875,0.6798029556650246,0.6611642050390965,0.322260370145576,141,"all","RF#141","RF",141
442,176,400,133,0.768695652173913,0.56957928802589,0.768695652173913,0.768695652173913,0.6238532110091743,0.5369244135534318,0.07422129063315358,141,"all","NB#141","NB",141
360,434,142,215,0.7534722222222222,0.7171314741035857,0.7534722222222222,0.7534722222222222,0.7085714285714286,0.6898349261511729,0.3796010127927746,141,"all","MLP#141","MLP",141
351,336,240,224,0.6104347826086957,0.6,0.6104347826086957,0.6104347826086957,0.6020583190394512,0.5968722849695917,0.19376343566580517,142,"all","DT#142","DT",142
341,387,189,234,0.671875,0.6433962264150943,0.671875,0.671875,0.6466165413533834,0.63249348392702,0.26493647666281683,142,"all","RF#142","RF",142
475,134,442,100,0.8260869565217391,0.5726495726495726,0.8260869565217391,0.8260869565217391,0.6367292225201072,0.529105125977411,0.05869554064779362,142,"all","NB#142","NB",142
350,436,140,225,0.7569444444444444,0.7142857142857143,0.7569444444444444,0.7569444444444444,0.7049312853678255,0.6828844483058211,0.36568702203634224,142,"all","MLP#142","MLP",142
368,368,208,207,0.64,0.64,0.64,0.64,0.6394439617723717,0.6394439617723718,0.27888846786161253,143,"all","DT#143","DT",143
346,404,172,229,0.7013888888888888,0.667953667953668,0.7013888888888888,0.7013888888888888,0.6683209263854425,0.6516072980017377,0.30315410595416586,143,"all","RF#143","RF",143
469,161,415,106,0.8156521739130435,0.602996254681648,0.8156521739130435,0.8156521739130435,0.6429061000685401,0.5473501303214596,0.09512168991216358,143,"all","NB#143","NB",143
338,443,133,237,0.7690972222222222,0.7176220806794055,0.7690972222222222,0.7690972222222222,0.7054140127388535,0.6785403996524761,0.3569793566622781,143,"all","MLP#143","MLP",143
359,331,245,216,0.6243478260869565,0.6051188299817185,0.6243478260869565,0.6243478260869565,0.6089906700593725,0.5994787141615986,0.1989918919612517,144,"all","DT#144","DT",144
355,382,194,220,0.6631944444444444,0.6466302367941712,0.6631944444444444,0.6631944444444444,0.6485568760611206,0.6403127715030409,0.2805967625540859,144,"all","RF#144","RF",144
23,559,17,552,0.9704861111111112,0.575,0.9704861111111112,0.9704861111111112,0.6627148784825133,0.5056472632493484,0.010494587264774391,144,"all","NB#144","NB",144
366,427,149,209,0.7413194444444444,0.7106796116504854,0.7413194444444444,0.7413194444444444,0.7046204620462047,0.6889661164205039,0.3778754114201165,144,"all","MLP#144","MLP",144
358,337,239,217,0.6226086956521739,0.6083032490974729,0.6226086956521739,0.6226086956521739,0.6109215017064846,0.6038227628149435,0.2076712428029263,145,"all","DT#145","DT",145
330,383,193,245,0.6649305555555556,0.6309751434034416,0.6649305555555556,0.6649305555555556,0.6362126245847176,0.6194613379669852,0.2388623503052775,145,"all","RF#145","RF",145
486,120,456,89,0.8452173913043478,0.5741626794258373,0.8452173913043478,0.8452173913043478,0.6407382992748846,0.526498696785404,0.05352107150778473,145,"all","NB#145","NB",145
338,433,143,237,0.7517361111111112,0.7027027027027027,0.7517361111111112,0.7517361111111112,0.695024077046549,0.6698523023457863,0.3396103915712677,145,"all","MLP#145","MLP",145
328,374,202,247,0.6493055555555556,0.6188679245283019,0.6493055555555556,0.6493055555555556,0.6248955722639933,0.6099044309296264,0.219755267190555,146,"all","DT#146","DT",146
324,406,170,251,0.7048611111111112,0.6558704453441295,0.7048611111111112,0.7048611111111112,0.6585563665855637,0.634231103388358,0.26837218923207706,146,"all","RF#146","RF",146
562,23,553,13,0.9773913043478261,0.6388888888888888,0.9773913043478261,0.9773913043478261,0.6650887573964497,0.5082536924413553,0.017307750324312865,146,"all","NB#146","NB",146
312,467,109,263,0.8107638888888888,0.7410926365795725,0.8107638888888888,0.8107638888888888,0.7151607963246553,0.6768027801911382,0.35345475850363767,146,"all","MLP#146","MLP",146
351,347,229,224,0.6104347826086957,0.6077057793345009,0.6104347826086957,0.6104347826086957,0.6077922077922078,0.6064291920069504,0.21286373140299356,147,"all","DT#147","DT",147
312,403,173,263,0.6996527777777778,0.643298969072165,0.6996527777777778,0.6996527777777778,0.6489533011272142,0.6211989574283232,0.24229439386390064,147,"all","RF#147","RF",147
9,567,9,566,0.984375,0.500441306266549,0.984375,0.984375,0.6635459332943243,0.5004344048653345,0.00002719678231861006,147,"all","NB#147","NB",147
322,430,146,253,0.7465277777777778,0.688034188034188,0.7465277777777778,0.7465277777777778,0.6830818109610802,0.6533449174630755,0.3065773003791372,147,"all","MLP#147","MLP",147
358,348,228,217,0.6226086956521739,0.6159292035398231,0.6226086956521739,0.6226086956521739,0.6167097329888028,0.6133796698523023,0.2267715964861693,148,"all","DT#148","DT",148
360,359,217,215,0.6260869565217392,0.6254355400696864,0.6260869565217392,0.6260869565217392,0.625,0.6246741963509991,0.24935009254199095,148,"all","RF#148","RF",148
544,62,514,31,0.9460869565217391,0.6666666666666666,0.9460869565217391,0.9460869565217391,0.6662584200857318,0.526498696785404,0.053686698859376256,148,"all","NB#148","NB",148
364,424,152,211,0.7361111111111112,0.7054263565891473,0.7361111111111112,0.7361111111111112,0.7002477291494633,0.684622067767159,0.36918747291802856,148,"all","MLP#148","MLP",148
369,360,216,206,0.6417391304347826,0.6360424028268551,0.6417391304347826,0.6417391304347826,0.6362068965517241,0.6333622936576889,0.2667351036367204,149,"all","DT#149","DT",149
345,400,176,230,0.6944444444444444,0.6621880998080614,0.6944444444444444,0.6944444444444444,0.6633499170812603,0.6472632493483927,0.2944684500246095,149,"all","RF#149","RF",149
201,451,125,374,0.7829861111111112,0.6165644171779141,0.7829861111111112,0.7829861111111112,0.6438258386866523,0.5664639443961772,0.13260117405244426,149,"all","NB#149","NB",149
372,430,146,203,0.7465277777777778,0.7181467181467182,0.7465277777777778,0.7465277777777778,0.7113316790736145,0.6967854039965248,0.3935181620399099,149,"all","MLP#149","MLP",149
353,344,232,222,0.6139130434782609,0.607773851590106,0.6139130434782609,0.6139130434782609,0.6086206896551725,0.6055603822762815,0.21113207832007375,150,"all","DT#150","DT",150
357,400,176,218,0.6944444444444444,0.6697936210131332,0.6944444444444444,0.6944444444444444,0.6700167504187604,0.6576889661164205,0.31533400366569136,150,"all","RF#150","RF",150
552,33,543,23,0.96,0.5892857142857143,0.96,0.96,0.6610778443113772,0.5082536924413553,0.017278102938514332,150,"all","NB#150","NB",150
364,428,148,211,0.7430555555555556,0.7109375,0.7430555555555556,0.7430555555555556,0.7045267489711934,0.6880973066898349,0.3761348075073565,150,"all","MLP#150","MLP",150
349,357,219,226,0.6197916666666666,0.6144366197183099,0.6197916666666666,0.6197916666666666,0.6160483175150993,0.6133796698523023,0.22675058462272385,151,"all","DT#151","DT",151
349,408,168,226,0.7083333333333334,0.6750483558994197,0.7083333333333334,0.7083333333333334,0.6743801652892562,0.6576889661164205,0.31531746439150765,151,"all","RF#151","RF",151
403,248,328,172,0.7008695652173913,0.5904761904761905,0.7008695652173913,0.7008695652173913,0.6171516079632466,0.5655951346655083,0.13139417649225119,151,"all","NB#151","NB",151
344,471,105,231,0.8177083333333334,0.7661469933184856,0.8177083333333334,0.8177083333333334,0.7370892018779343,0.7080799304952216,0.4160483425289231,151,"all","MLP#151","MLP",151
333,360,216,242,0.625,0.6065573770491803,0.625,0.625,0.6112054329371817,0.6020851433536055,0.20413844746321558,152,"all","DT#152","DT",152
324,414,162,251,0.71875,0.6666666666666666,0.71875,0.71875,0.6672038678485093,0.6411815812337098,0.2822661861270612,152,"all","RF#152","RF",152
302,353,223,273,0.6128472222222222,0.5752380952380952,0.6128472222222222,0.6128472222222222,0.5873544093178037,0.5690703735881842,0.1380750358571753,152,"all","NB#152","NB",152
358,414,162,217,0.71875,0.6884615384615385,0.71875,0.71875,0.6859983429991715,0.6707211120764552,0.3413870414965011,152,"all","MLP#152","MLP",152
341,353,223,234,0.6128472222222222,0.6046099290780141,0.6128472222222222,0.6128472222222222,0.6070507308684437,0.6029539530842746,0.20589411961853246,153,"all","DT#153","DT",153
350,400,176,225,0.6944444444444444,0.6653992395437263,0.6944444444444444,0.6944444444444444,0.6661115736885929,0.6516072980017377,0.3031625225899865,153,"all","RF#153","RF",153
524,80,496,51,0.9113043478260869,0.6106870229007634,0.9113043478260869,0.9113043478260869,0.6570532915360501,0.5247610773240661,0.05015953956053078,153,"all","NB#153","NB",153
341,457,119,234,0.7934027777777778,0.741304347826087,0.7934027777777778,0.7934027777777778,0.7213891081294396,0.6933101650738488,0.3865133590523716,153,"all","MLP#153","MLP",153
331,336,240,244,0.5833333333333334,0.5796847635726795,0.5833333333333334,0.5833333333333334,0.5813148788927337,0.579496090356212,0.15898646730958518,154,"all","DT#154","DT",154
354,384,192,221,0.6666666666666666,0.6483516483516484,0.6666666666666666,0.6666666666666666,0.6502963590177815,0.6411815812337098,0.28233120109425097,154,"all","RF#154","RF",154
202,470,106,373,0.8159722222222222,0.6558441558441559,0.8159722222222222,0.8159722222222222,0.6624383368569415,0.5838401390095569,0.167344023028606,154,"all","NB#154","NB",154
363,454,122,212,0.7881944444444444,0.7484536082474227,0.7881944444444444,0.7881944444444444,0.7310789049919484,0.7098175499565595,0.41955579713427255,154,"all","MLP#154","MLP",154
364,326,250,211,0.6330434782608696,0.6070763500931099,0.6330434782608696,0.6330434782608696,0.6122792262405382,0.5994787141615986,0.19900398376303324,155,"all","DT#155","DT",155
351,387,189,224,0.671875,0.65,0.671875,0.671875,0.6520640269587195,0.6411815812337098,0.28232470012757305,155,"all","RF#155","RF",155
12,564,12,563,0.9791666666666666,0.5004436557231589,0.9791666666666666,0.9791666666666666,0.6623605402231356,0.5004344048653345,0.000036262047687659464,155,"all","NB#155","NB",155
409,380,196,166,0.711304347826087,0.6959706959706959,0.711304347826087,0.711304347826087,0.6932203389830508,0.685490877497828,0.37100976706972816,155,"all","MLP#155","MLP",155
349,356,220,226,0.6180555555555556,0.6133567662565905,0.6180555555555556,0.6180555555555556,0.614853195164076,0.6125108601216334,0.2250141154660217,156,"all","DT#156","DT",156
328,388,188,247,0.6736111111111112,0.6356589147286822,0.6736111111111112,0.6736111111111112,0.6407927332782823,0.6220677671589921,0.24406763283565408,156,"all","RF#156","RF",156
429,192,384,146,0.7460869565217392,0.5680473372781065,0.7460869565217392,0.7460869565217392,0.6181556195965417,0.5395308427454387,0.07939176443246528,156,"all","NB#156","NB",156
360,418,158,215,0.7256944444444444,0.694980694980695,0.7256944444444444,0.7256944444444444,0.6914805624483044,0.6759339704604691,0.35181167461572016,156,"all","MLP#156","MLP",156
346,341,235,229,0.6017391304347826,0.5982456140350877,0.6017391304347826,0.6017391304347826,0.5986159169550173,0.5968722849695917,0.19375126433033518,157,"all","DT#157","DT",157
343,407,169,232,0.7065972222222222,0.669921875,0.7065972222222222,0.7065972222222222,0.6699588477366255,0.6516072980017377,0.3031477933438718,157,"all","RF#157","RF",157
481,152,424,94,0.8365217391304348,0.6178861788617886,0.8365217391304348,0.8365217391304348,0.65,0.5499565595134666,0.10036062951729961,157,"all","NB#157","NB",157
362,438,138,213,0.7604166666666666,0.724,0.7604166666666666,0.7604166666666666,0.7139364303178485,0.6950477845351868,0.3900260446155589,157,"all","MLP#157","MLP",157
342,364,212,233,0.6319444444444444,0.6173285198555957,0.6319444444444444,0.6319444444444444,0.6206308610400683,0.6133796698523023,0.2267342412727455,158,"all","DT#158","DT",158
339,396,180,236,0.6875,0.653179190751445,0.6875,0.6875,0.6556291390728477,0.6385751520417029,0.2770886427596537,158,"all","RF#158","RF",158
105,510,66,470,0.8854166666666666,0.6140350877192983,0.8854166666666666,0.8854166666666666,0.6555269922879177,0.5343179843614249,0.06806687653701825,158,"all","NB#158","NB",158
368,413,163,207,0.7170138888888888,0.6930320150659134,0.7170138888888888,0.7170138888888888,0.6906354515050167,0.6785403996524761,0.35703760515493194,158,"all","MLP#158","MLP",158
342,357,219,233,0.6197916666666666,0.6096256684491979,0.6197916666666666,0.6197916666666666,0.6123499142367067,0.6072980017376195,0.21457881054249345,159,"all","DT#159","DT",159
337,380,196,238,0.6597222222222222,0.6322701688555347,0.6597222222222222,0.6597222222222222,0.6365159128978224,0.6229365768896612,0.24582476545916274,159,"all","RF#159","RF",159
515,73,503,60,0.8956521739130435,0.5488721804511278,0.8956521739130435,0.8956521739130435,0.6465787821720026,0.5108601216333623,0.02237332218941723,159,"all","NB#159","NB",159
383,427,149,192,0.7413194444444444,0.7199248120300752,0.7413194444444444,0.7413194444444444,0.7146443514644351,0.7037358818418766,0.4074328496566051,159,"all","MLP#159","MLP",159
338,341,235,237,0.5920138888888888,0.5899653979238755,0.5920138888888888,0.5920138888888888,0.5909878682842288,0.5899218071242398,0.17984051884214633,160,"all","DT#160","DT",160
352,369,207,223,0.640625,0.629695885509839,0.640625,0.640625,0.6318493150684932,0.6264118158123371,0.25280501944491407,160,"all","RF#160","RF",160
479,143,433,96,0.8330434782608696,0.5983263598326359,0.8330434782608696,0.8330434782608696,0.644250168123739,0.5403996524761078,0.08126602257003913,160,"all","NB#160","NB",160
359,419,157,216,0.7274305555555556,0.6957364341085271,0.7274305555555556,0.7274305555555556,0.6919900908340214,0.6759339704604691,0.35180971735103206,160,"all","MLP#160","MLP",160
334,358,218,241,0.6215277777777778,0.605072463768116,0.6215277777777778,0.6215277777777778,0.6093617021276596,0.6012163336229366,0.20240437092471497,161,"all","DT#161","DT",161
338,398,178,237,0.6909722222222222,0.6550387596899225,0.6909722222222222,0.6909722222222222,0.6573080099091659,0.6394439617723718,0.278823143969647,161,"all","RF#161","RF",161
161,486,90,414,0.84375,0.6414342629482072,0.84375,0.84375,0.6585365853658537,0.5621198957428323,0.12381055951280523,161,"all","NB#161","NB",161
350,429,147,225,0.7447916666666666,0.704225352112676,0.7447916666666666,0.7447916666666666,0.697560975609756,0.6768027801911382,0.35352894815512703,161,"all","MLP#161","MLP",161
325,360,216,250,0.625,0.600739371534196,0.625,0.625,0.6070826306913996,0.5951346655082537,0.19022715537935223,162,"all","DT#162","DT",162
344,411,165,231,0.7135416666666666,0.6758349705304518,0.7135416666666666,0.7135416666666666,0.6748768472906403,0.6559513466550826,0.3118336066093542,162,"all","RF#162","RF",162
438,175,401,137,0.7617391304347826,0.5608974358974359,0.7617391304347826,0.7617391304347826,0.6195190947666195,0.5325803649000869,0.0655324568710538,162,"all","NB#162","NB",162
352,418,158,223,0.7256944444444444,0.6901960784313725,0.7256944444444444,0.7256944444444444,0.6869350862777321,0.6689834926151172,0.3379015150943252,162,"all","MLP#162","MLP",162
343,346,230,232,0.6006944444444444,0.5986159169550173,0.6006944444444444,0.6006944444444444,0.5996533795493935,0.5986099044309297,0.1972167790361687,163,"all","DT#163","DT",163
347,389,187,228,0.6753472222222222,0.649812734082397,0.6753472222222222,0.6753472222222222,0.6521374685666388,0.6394439617723718,0.27884274237988754,163,"all","RF#163","RF",163
512,103,473,63,0.8904347826086957,0.6204819277108434,0.8904347826086957,0.8904347826086957,0.6564102564102564,0.5343179843614249,0.06921138787887936,163,"all","NB#163","NB",163
329,491,85,246,0.8524305555555556,0.7946859903381642,0.8524305555555556,0.8524305555555556,0.7479055597867479,0.7124239791485665,0.42470769616407367,163,"all","MLP#163","MLP",163
360,329,247,215,0.6260869565217392,0.6047794117647058,0.6260869565217392,0.6260869565217392,0.6091370558375635,0.5986099044309297,0.19725798270614942,164,"all","DT#164","DT",164
343,390,186,232,0.6770833333333334,0.6483931947069943,0.6770833333333334,0.6770833333333334,0.651085141903172,0.6368375325803649,0.27362407413558315,164,"all","RF#164","RF",164
12,561,15,563,0.9739583333333334,0.4991103202846975,0.9739583333333334,0.9739583333333334,0.66,0.49782797567332754,-0.005176383844122218,164,"all","NB#164","NB",164
332,452,124,243,0.7847222222222222,0.7280701754385965,0.7847222222222222,0.7847222222222222,0.7112509834775768,0.6811468288444831,0.3621785918665945,164,"all","MLP#164","MLP",164
355,343,233,220,0.6173913043478261,0.6092362344582594,0.6173913043478261,0.6173913043478261,0.6104901117798796,0.6064291920069504,0.21287323769310088,165,"all","DT#165","DT",165
336,381,195,239,0.6614583333333334,0.632768361581921,0.6614583333333334,0.6614583333333334,0.637123745819398,0.6229365768896612,0.24582248820875796,165,"all","RF#165","RF",165
143,497,79,432,0.8628472222222222,0.6441441441441441,0.8628472222222222,0.8628472222222222,0.6604651162790698,0.5560382276281495,0.11160234847374893,165,"all","NB#165","NB",165
358,422,154,217,0.7326388888888888,0.69921875,0.7326388888888888,0.7326388888888888,0.6946502057613169,0.6776715899218071,0.3552813748892179,165,"all","MLP#165","MLP",165
348,367,209,227,0.6371527777777778,0.6247755834829444,0.6371527777777778,0.6371527777777778,0.6273504273504273,0.6211989574283232,0.24237675540700077,166,"all","DT#166","DT",166
331,415,161,244,0.7204861111111112,0.6727642276422764,0.7204861111111112,0.7204861111111112,0.6720647773279352,0.6481320590790617,0.29617539637363977,166,"all","RF#166","RF",166
272,389,187,303,0.6753472222222222,0.5925925925925926,0.6753472222222222,0.6753472222222222,0.6135646687697162,0.5742832319721981,0.1484166913287955,166,"all","NB#166","NB",166
330,467,109,245,0.8107638888888888,0.7517084282460137,0.8107638888888888,0.8107638888888888,0.7251552795031057,0.6924413553431799,0.3847559281494993,166,"all","MLP#166","MLP",166
343,354,222,232,0.6145833333333334,0.6070796460176991,0.6145833333333334,0.6145833333333334,0.6092943201376937,0.6055603822762815,0.21110825948459377,167,"all","DT#167","DT",167
344,388,188,231,0.6736111111111112,0.6466165413533834,0.6736111111111112,0.6736111111111112,0.6493723849372386,0.635968722849696,0.27188963051647375,167,"all","RF#167","RF",167
531,52,524,44,0.9234782608695652,0.5416666666666666,0.9234782608695652,0.9234782608695652,0.6515337423312884,0.5065160729800173,0.013746077721457785,167,"all","NB#167","NB",167
368,432,144,207,0.75,0.71875,0.75,0.75,0.7111111111111111,0.6950477845351868,0.3900370959194488,167,"all","MLP#167","MLP",167
366,321,255,209,0.6365217391304347,0.6056603773584905,0.6365217391304347,0.6365217391304347,0.6120401337792641,0.5968722849695917,0.19379994746741616,168,"all","DT#168","DT",168
339,409,167,236,0.7100694444444444,0.6699604743083004,0.7100694444444444,0.7100694444444444,0.6699426699426699,0.6498696785403997,0.29966587703127295,168,"all","RF#168","RF",168
490,128,448,85,0.8521739130434782,0.6009389671361502,0.8521739130434782,0.8521739130434782,0.6477197620621281,0.5369244135534318,0.07435538797428334,168,"all","NB#168","NB",168
379,403,173,196,0.6996527777777778,0.6865942028985508,0.6996527777777778,0.6996527777777778,0.6859574468085107,0.6794092093831451,0.3587956707433983,168,"all","MLP#168","MLP",168
343,344,232,232,0.5972222222222222,0.5972222222222222,0.5972222222222222,0.5972222222222222,0.5972222222222222,0.5968722849695917,0.1937439613526569,169,"all","DT#169","DT",169
358,394,182,217,0.6840277777777778,0.662962962962963,0.6840277777777778,0.6840277777777778,0.6638584667228307,0.6533449174630755,0.3066526763944349,169,"all","RF#169","RF",169
503,90,486,72,0.8747826086956522,0.5555555555555556,0.8747826086956522,0.8747826086956522,0.6432225063938619,0.5152041702867072,0.0310132254297586,169,"all","NB#169","NB",169
362,423,153,213,0.734375,0.7029126213592233,0.734375,0.734375,0.6980198019801981,0.682015638575152,0.36397318597699063,169,"all","MLP#169","MLP",169
352,323,253,223,0.6121739130434782,0.5915750915750916,0.6121739130434782,0.6121739130434782,0.5966101694915253,0.5864465682015638,0.1729299699590899,170,"all","DT#170","DT",170
344,406,170,231,0.7048611111111112,0.669260700389105,0.7048611111111112,0.7048611111111112,0.6694146743610883,0.6516072980017377,0.3031498975600109,170,"all","RF#170","RF",170
14,563,13,561,0.9774305555555556,0.5185185185185185,0.9774305555555556,0.9774305555555556,0.6623529411764707,0.5013032145960035,0.0017798541063561231,170,"all","NB#170","NB",170
339,439,137,236,0.7621527777777778,0.7121848739495799,0.7621527777777778,0.7621527777777778,0.7018385291766587,0.6759339704604691,0.3517705695748608,170,"all","MLP#170","MLP",170
328,333,243,247,0.578125,0.574430823117338,0.578125,0.578125,0.5761245674740484,0.5742832319721981,0.14856067971424952,171,"all","DT#171","DT",171
313,402,174,262,0.6979166666666666,0.6427104722792608,0.6979166666666666,0.6979166666666666,0.6483870967741936,0.6211989574283232,0.24229668192634296,171,"all","RF#171","RF",171
218,423,153,357,0.734375,0.5876010781671159,0.734375,0.734375,0.6238938053097345,0.5569070373588184,0.11354040193537858,171,"all","NB#171","NB",171
338,431,145,237,0.7482638888888888,0.6997929606625258,0.7482638888888888,0.7482638888888888,0.6929260450160771,0.6681146828844483,0.3361366614928402,171,"all","MLP#171","MLP",171
352,337,239,223,0.6121739130434782,0.6017857142857143,0.6121739130434782,0.6121739130434782,0.6037735849056604,0.5986099044309297,0.19723859327069398,172,"all","DT#172","DT",172
358,384,192,217,0.6666666666666666,0.6509090909090909,0.6666666666666666,0.6666666666666666,0.6525063721325403,0.6446568201563857,0.28928628043026977,172,"all","RF#172","RF",172
141,492,84,434,0.8541666666666666,0.6266666666666667,0.8541666666666666,0.8541666666666666,0.6551264980026631,0.5499565595134666,0.09943659844422635,172,"all","NB#172","NB",172
370,412,164,205,0.7152777777777778,0.6928838951310862,0.7152777777777778,0.7152777777777778,0.6906957250628668,0.6794092093831451,0.3587782456341651,172,"all","MLP#172","MLP",172
374,355,221,201,0.6504347826086957,0.6384892086330936,0.6504347826086957,0.6504347826086957,0.6393162393162393,0.6333622936576889,0.266746173122792,173,"all","DT#173","DT",173
346,394,182,229,0.6840277777777778,0.6553030303030303,0.6840277777777778,0.6840277777777778,0.6572143452877398,0.6429192006950478,0.28578718598692854,173,"all","RF#173","RF",173
414,223,353,161,0.72,0.5807291666666666,0.72,0.72,0.6169895678092399,0.5534317984361424,0.10712172800154535,173,"all","NB#173","NB",173
339,462,114,236,0.8020833333333334,0.7483443708609272,0.8020833333333334,0.8020833333333334,0.7252747252747255,0.6959165942658557,0.3917206973506592,173,"all","MLP#173","MLP",173
343,347,229,232,0.6024305555555556,0.5996503496503497,0.6024305555555556,0.6024305555555556,0.600865800865801,0.5994787141615986,0.19895319574213063,174,"all","DT#174","DT",174
331,423,153,244,0.734375,0.6838842975206612,0.734375,0.734375,0.6806114239742558,0.6550825369244135,0.310069771058524,174,"all","RF#174","RF",174
467,150,426,108,0.8121739130434783,0.5813953488372093,0.8121739130434783,0.8121739130434783,0.6362397820163489,0.5360556038227628,0.07255574769358923,174,"all","NB#174","NB",174
343,428,148,232,0.7430555555555556,0.6985743380855397,0.7430555555555556,0.7430555555555556,0.6925566343042071,0.6698523023457863,0.3396203624855809,174,"all","MLP#174","MLP",174
347,347,229,228,0.6034782608695652,0.6034782608695652,0.6034782608695652,0.6034782608695652,0.6029539530842746,0.6029539530842746,0.20590850557290835,175,"all","DT#175","DT",175
347,367,209,228,0.6371527777777778,0.6241007194244604,0.6371527777777778,0.6371527777777778,0.6268146883005979,0.6203301476976543,0.24063794100374278,175,"all","RF#175","RF",175
15,561,15,560,0.9739583333333334,0.5004460303300624,0.9739583333333334,0.9739583333333334,0.6611667648791986,0.5004344048653345,0.000045327148695656335,175,"all","NB#175","NB",175
399,401,175,176,0.6961805555555556,0.6951219512195121,0.6961805555555556,0.6961805555555556,0.6955767562879445,0.6950477845351868,0.39009418794412437,175,"all","MLP#175","MLP",175
360,346,230,215,0.6260869565217392,0.6167557932263814,0.6260869565217392,0.6260869565217392,0.6180257510729614,0.6133796698523023,0.2267762656340813,176,"all","DT#176","DT",176
362,393,183,213,0.6822916666666666,0.6642201834862386,0.6822916666666666,0.6822916666666666,0.6649746192893401,0.6559513466550826,0.3118710086507542,176,"all","RF#176","RF",176
529,82,494,46,0.92,0.640625,0.92,0.92,0.6620775969962454,0.5308427454387489,0.06231896302017953,176,"all","NB#176","NB",176
378,398,178,197,0.6909722222222222,0.6798561151079137,0.6909722222222222,0.6909722222222222,0.6797608881298036,0.6741963509991312,0.3483735191679715,176,"all","MLP#176","MLP",176
356,346,230,219,0.6191304347826087,0.6123893805309735,0.6191304347826087,0.6191304347826087,0.6132644272179156,0.6099044309296264,0.21982122881413496,177,"all","DT#177","DT",177
341,418,158,234,0.7256944444444444,0.6833667334669339,0.7256944444444444,0.7256944444444444,0.6807817589576548,0.6594265855777585,0.31877449707393957,177,"all","RF#177","RF",177
4,573,3,571,0.9947916666666666,0.5714285714285714,0.9947916666666666,0.9947916666666666,0.6662790697674419,0.5013032145960035,0.0017496887427623478,177,"all","NB#177","NB",177
329,444,132,246,0.7708333333333334,0.7136659436008677,0.7708333333333334,0.7708333333333334,0.7014218009478673,0.6715899218071243,0.3430662885822742,177,"all","MLP#177","MLP",177
333,340,236,242,0.5902777777777778,0.5852372583479789,0.5902777777777778,0.5902777777777778,0.5872193436960277,0.5847089487402259,0.16940974706896508,178,"all","DT#178","DT",178
327,404,172,248,0.7013888888888888,0.655310621242485,0.7013888888888888,0.7013888888888888,0.6579804560260586,0.6350999131190269,0.27011553257922094,178,"all","RF#178","RF",178
562,22,554,13,0.9773913043478261,0.6285714285714286,0.9773913043478261,0.9773913043478261,0.664695446481372,0.5073848827106864,0.015573029877470411,178,"all","NB#178","NB",178
371,415,161,204,0.7204861111111112,0.6973684210526315,0.7204861111111112,0.7204861111111112,0.694560669456067,0.6828844483058211,0.36572724376733395,178,"all","MLP#178","MLP",178
372,319,257,203,0.6469565217391304,0.6111111111111112,0.6469565217391304,0.6469565217391304,0.6179401993355482,0.6003475238922676,0.2007595999118431,179,"all","DT#179","DT",179
361,392,184,214,0.6805555555555556,0.6623853211009174,0.6805555555555556,0.6805555555555556,0.6632825719120135,0.6542137271937446,0.3083956097045458,179,"all","RF#179","RF",179
407,219,357,168,0.7078260869565217,0.5658914728682171,0.7078260869565217,0.7078260869565217,0.6079163554891709,0.5438748913987836,0.08800930893811992,179,"all","NB#179","NB",179
311,456,120,264,0.7916666666666666,0.7215777262180975,0.7916666666666666,0.7916666666666666,0.7037037037037038,0.6663770634231103,0.3326085380879901,179,"all","MLP#179","MLP",179
336,356,220,239,0.6180555555555556,0.60431654676259,0.6180555555555556,0.6180555555555556,0.6080273270708797,0.6012163336229366,0.202409187461597,180,"all","DT#180","DT",180
361,390,186,214,0.6770833333333334,0.659963436928702,0.6770833333333334,0.6770833333333334,0.6610169491525424,0.6524761077324066,0.3049223095179144,180,"all","RF#180","RF",180
473,151,425,102,0.8226086956521739,0.5968379446640316,0.8226086956521739,0.8226086956521739,0.6422267481330618,0.5421372719374457,0.08472016211901495,180,"all","NB#180","NB",180
361,442,134,214,0.7673611111111112,0.7292929292929293,0.7673611111111112,0.7673611111111112,0.7175324675324676,0.6976542137271937,0.3952349317550428,180,"all","MLP#180","MLP",180
369,346,230,206,0.6417391304347826,0.6268115942028986,0.6417391304347826,0.6417391304347826,0.6286201022146507,0.6211989574283232,0.2424247913722934,181,"all","DT#181","DT",181
351,399,177,224,0.6927083333333334,0.6647727272727273,0.6927083333333334,0.6927083333333334,0.6655546288573811,0.6516072980017377,0.3031646267171736,181,"all","RF#181","RF",181
516,93,483,59,0.8973913043478261,0.6118421052631579,0.8973913043478261,0.8973913043478261,0.6556543837357052,0.529105125977411,0.05881199232375408,181,"all","NB#181","NB",181
363,439,137,212,0.7621527777777778,0.726,0.7621527777777778,0.7621527777777778,0.7155664221678891,0.6967854039965248,0.39350167968897454,181,"all","MLP#181","MLP",181
351,343,233,224,0.6104347826086957,0.6049382716049383,0.6104347826086957,0.6104347826086957,0.6056945642795514,0.6029539530842746,0.2059180959195904,182,"all","DT#182","DT",182
335,399,177,240,0.6927083333333334,0.654296875,0.6927083333333334,0.6927083333333334,0.6567901234567902,0.6377063423110338,0.27534321651968696,182,"all","RF#182","RF",182
521,80,496,54,0.9060869565217391,0.5970149253731343,0.9060869565217391,0.9060869565217391,0.6545226130653267,0.522154648132059,0.04494585436650052,182,"all","NB#182","NB",182
328,454,122,247,0.7881944444444444,0.7288888888888889,0.7881944444444444,0.7881944444444444,0.7110415035238842,0.6794092093831451,0.35869691593371333,182,"all","MLP#182","MLP",182
350,353,223,225,0.6128472222222222,0.6108202443280978,0.6128472222222222,0.6128472222222222,0.6117850953206239,0.6107732406602954,0.22154354330779982,183,"all","DT#183","DT",183
344,380,196,231,0.6597222222222222,0.6370370370370371,0.6597222222222222,0.6597222222222222,0.6402695871946082,0.629018245004344,0.25799672386071104,183,"all","RF#183","RF",183
430,194,382,145,0.7478260869565218,0.5722713864306784,0.7478260869565218,0.7478260869565218,0.6200432588320116,0.5421372719374457,0.08460137299909297,183,"all","NB#183","NB",183
348,418,158,227,0.7256944444444444,0.6877470355731226,0.7256944444444444,0.7256944444444444,0.6846846846846847,0.6655082536924414,0.3309463093226801,183,"all","MLP#183","MLP",183
371,353,223,204,0.6452173913043479,0.6337522441651705,0.6452173913043479,0.6452173913043479,0.6347305389221558,0.629018245004344,0.25805721152322014,184,"all","DT#184","DT",184
351,390,186,224,0.6770833333333334,0.6536312849162011,0.6770833333333334,0.6770833333333334,0.6554621848739496,0.6437880104257168,0.287534610983118,184,"all","RF#184","RF",184
401,222,354,174,0.697391304347826,0.5606060606060606,0.697391304347826,0.697391304347826,0.6030075187969924,0.5412684622067767,0.08278547496151407,184,"all","NB#184","NB",184
353,422,154,222,0.7326388888888888,0.6962524654832347,0.7326388888888888,0.7326388888888888,0.6918032786885245,0.6733275412684622,0.3465875120030438,184,"all","MLP#184","MLP",184
323,360,216,252,0.625,0.5992578849721707,0.625,0.625,0.6060606060606061,0.5933970460469157,0.1867492798521658,185,"all","DT#185","DT",185
334,393,183,241,0.6822916666666666,0.6460348162475822,0.6822916666666666,0.6822916666666666,0.6495867768595042,0.631624674196351,0.2631842764010135,185,"all","RF#185","RF",185
535,76,500,40,0.9304347826086956,0.6551724137931034,0.9304347826086956,0.9304347826086956,0.6645962732919254,0.5308427454387489,0.06233593820716275,185,"all","NB#185","NB",185
347,444,132,228,0.7708333333333334,0.7244258872651357,0.7708333333333334,0.7708333333333334,0.7115384615384616,0.687228496959166,0.37436585012320633,185,"all","MLP#185","MLP",185
347,334,242,228,0.6034782608695652,0.594306049822064,0.6034782608695652,0.6034782608695652,0.5962199312714777,0.5916594265855778,0.18333549713623204,186,"all","DT#186","DT",186
327,396,180,248,0.6875,0.6449704142011834,0.6875,0.6875,0.6491803278688525,0.6281494352736751,0.2562219551524009,186,"all","RF#186","RF",186
177,458,118,398,0.7951388888888888,0.6,0.7951388888888888,0.7951388888888888,0.6396648044692737,0.5516941789748045,0.10300851809339698,186,"all","NB#186","NB",186
347,433,143,228,0.7517361111111112,0.7081632653061225,0.7517361111111112,0.7517361111111112,0.7000808407437349,0.6776715899218071,0.35525995938488475,186,"all","MLP#186","MLP",186
327,342,234,248,0.59375,0.5828877005347594,0.59375,0.59375,0.5866209262435678,0.58123370981755,0.16244908557849957,187,"all","DT#187","DT",187
340,398,178,235,0.6909722222222222,0.6563706563706564,0.6909722222222222,0.6909722222222222,0.6583953680727874,0.6411815812337098,0.282300862242071,187,"all","RF#187","RF",187
440,205,371,135,0.7652173913043478,0.6029411764705882,0.7652173913043478,0.7652173913043478,0.6349206349206349,0.5603822762814944,0.12107703173386304,187,"all","NB#187","NB",187
357,451,125,218,0.7829861111111112,0.7406639004149378,0.7829861111111112,0.7829861111111112,0.7244979919678715,0.7019982623805386,0.4039123850419821,187,"all","MLP#187","MLP",187
324,324,252,251,0.5634782608695652,0.5634782608695652,0.5634782608695652,0.5634782608695652,0.5629887054735013,0.5629887054735013,0.12597807068527983,188,"all","DT#188","DT",188
338,400,176,237,0.6944444444444444,0.6575875486381323,0.6944444444444444,0.6944444444444444,0.6595218466611708,0.6411815812337098,0.28229652791093385,188,"all","RF#188","RF",188
531,50,526,44,0.9234782608695652,0.5319148936170213,0.9234782608695652,0.9234782608695652,0.6507352941176471,0.5047784535186794,0.010276338775226972,188,"all","NB#188","NB",188
359,435,141,216,0.7552083333333334,0.718,0.7552083333333334,0.7552083333333334,0.7090464547677262,0.6898349261511729,0.3795991393953121,188,"all","MLP#188","MLP",188
353,339,237,222,0.6139130434782609,0.6042780748663101,0.6139130434782609,0.6139130434782609,0.6060085836909872,0.6012163336229366,0.20245012567650195,189,"all","DT#189","DT",189
363,375,201,212,0.6510416666666666,0.6436170212765957,0.6510416666666666,0.6510416666666666,0.6448839208942391,0.6411815812337098,0.2823507032876453,189,"all","RF#189","RF",189
529,78,498,46,0.92,0.6290322580645161,0.92,0.92,0.6604244694132335,0.527367506516073,0.055378877939570255,189,"all","NB#189","NB",189
355,440,136,220,0.7638888888888888,0.7230142566191446,0.7638888888888888,0.7638888888888888,0.7119741100323624,0.6907037358818419,0.3813285501180705,189,"all","MLP#189","MLP",189
336,357,219,239,0.6197916666666666,0.6054054054054054,0.6197916666666666,0.6197916666666666,0.6092150170648464,0.6020851433536055,0.20414565657175626,190,"all","DT#190","DT",190
340,397,179,235,0.6892361111111112,0.6551059730250481,0.6892361111111112,0.6892361111111112,0.6572847682119206,0.6403127715030409,0.2805641781310016,190,"all","RF#190","RF",190
395,261,315,180,0.6869565217391305,0.5918367346938775,0.6869565217391305,0.6869565217391305,0.6147859922178989,0.5699391833188532,0.1400529783332201,190,"all","NB#190","NB",190
366,431,145,209,0.7482638888888888,0.7162426614481409,0.7482638888888888,0.7482638888888888,0.7088815789473685,0.6924413553431799,0.3848228089670499,190,"all","MLP#190","MLP",190
355,335,241,220,0.6173913043478261,0.6036036036036037,0.6173913043478261,0.6173913043478261,0.6063193851409052,0.5994787141615986,0.19898221825696955,191,"all","DT#191","DT",191
344,399,177,231,0.6927083333333334,0.6602687140115163,0.6927083333333334,0.6927083333333334,0.6616915422885572,0.6455256298870548,0.2909929251478834,191,"all","RF#191","RF",191
543,36,540,32,0.9443478260869566,0.5294117647058824,0.9443478260869566,0.9443478260869566,0.6550060313630881,0.5030408340573415,0.006842578457342542,191,"all","NB#191","NB",191
341,459,117,234,0.796875,0.7445414847161572,0.796875,0.796875,0.7234042553191489,0.6950477845351868,0.3899873618981613,191,"all","MLP#191","MLP",191
343,331,245,232,0.5965217391304348,0.5879218472468917,0.5965217391304348,0.5965217391304348,0.589853826311264,0.5855777584708949,0.17117115757088114,192,"all","DT#192","DT",192
348,393,183,227,0.6822916666666666,0.655367231638418,0.6822916666666666,0.6822916666666666,0.657190635451505,0.6437880104257168,0.2875281570635731,192,"all","RF#192","RF",192
533,67,509,42,0.9269565217391305,0.6146788990825688,0.9269565217391305,0.9269565217391305,0.6592455163883735,0.5212858384013901,0.04324547759957885,192,"all","NB#192","NB",192
343,432,144,232,0.75,0.704312114989733,0.75,0.75,0.696774193548387,0.6733275412684622,0.3465677807438186,192,"all","MLP#192","MLP",192
346,363,213,229,0.6302083333333334,0.6189624329159212,0.6302083333333334,0.6302083333333334,0.6215753424657535,0.6159860990443093,0.2319530664991909,193,"all","DT#193","DT",193
338,393,183,237,0.6822916666666666,0.6487523992322457,0.6822916666666666,0.6822916666666666,0.6517412935323383,0.6350999131190269,0.27013977588752697,193,"all","RF#193","RF",193
458,173,403,117,0.7965217391304348,0.596551724137931,0.7965217391304348,0.7965217391304348,0.6378830083565459,0.5482189400521286,0.09682715494215954,193,"all","NB#193","NB",193
380,445,131,195,0.7725694444444444,0.7436399217221135,0.7725694444444444,0.7725694444444444,0.7319078947368421,0.7167680278019114,0.43348089187361094,193,"all","MLP#193","MLP",193
351,346,230,224,0.6104347826086957,0.6070175438596491,0.6104347826086957,0.6104347826086957,0.6072664359861591,0.6055603822762815,0.2111273146680435,194,"all","DT#194","DT",194
355,404,172,220,0.7013888888888888,0.6736242884250474,0.7013888888888888,0.7013888888888888,0.6733333333333335,0.6594265855777585,0.318803294924753,194,"all","RF#194","RF",194
492,125,451,83,0.8556521739130435,0.6009615384615384,0.8556521739130435,0.8556521739130435,0.6482213438735177,0.5360556038227628,0.07262571518238671,194,"all","NB#194","NB",194
337,453,123,238,0.7864583333333334,0.7326086956521739,0.7864583333333334,0.7864583333333334,0.7150749802683504,0.6863596872284969,0.3726099790875529,194,"all","MLP#194","MLP",194
337,365,211,238,0.6336805555555556,0.614963503649635,0.6336805555555556,0.6336805555555556,0.6191687871077185,0.6099044309296264,0.21977647035733647,195,"all","DT#195","DT",195
322,398,178,253,0.6909722222222222,0.644,0.6909722222222222,0.6909722222222222,0.6487367563162184,0.6255430060816681,0.25100064167893416,195,"all","RF#195","RF",195
156,465,111,419,0.8072916666666666,0.5842696629213483,0.8072916666666666,0.8072916666666666,0.636986301369863,0.5395308427454387,0.07863257674160085,195,"all","NB#195","NB",195
333,434,142,242,0.7534722222222222,0.7010526315789474,0.7534722222222222,0.7534722222222222,0.693290734824281,0.6663770634231103,0.33265287634002716,195,"all","MLP#195","MLP",195
353,347,229,222,0.6139130434782609,0.6098418277680141,0.6139130434782609,0.6139130434782609,0.610198789974071,0.6081668114682884,0.2163413128182521,196,"all","DT#196","DT",196
336,401,175,239,0.6961805555555556,0.6575342465753424,0.6961805555555556,0.6961805555555556,0.6595394736842105,0.6403127715030409,0.28055548845299066,196,"all","RF#196","RF",196
21,558,18,554,0.96875,0.5384615384615384,0.96875,0.96875,0.6611374407582938,0.5030408340573415,0.0052760083642559704,196,"all","NB#196","NB",196
371,408,168,204,0.7083333333333334,0.6883116883116883,0.7083333333333334,0.7083333333333334,0.6868686868686869,0.6768027801911382,0.35356994039531137,196,"all","MLP#196","MLP",196
365,337,239,210,0.6347826086956522,0.6160877513711152,0.6347826086956522,0.6347826086956522,0.6191687871077184,0.6099044309296264,0.21984242839609985,197,"all","DT#197","DT",197
352,358,218,223,0.6215277777777778,0.6175438596491228,0.6215277777777778,0.6215277777777778,0.6188418323249782,0.6168549087749783,0.2337034548871895,197,"all","RF#197","RF",197
533,68,508,42,0.9269565217391305,0.6181818181818182,0.9269565217391305,0.9269565217391305,0.6596534653465346,0.522154648132059,0.04498043345110459,197,"all","NB#197","NB",197
375,396,180,200,0.6875,0.6756756756756757,0.6875,0.6875,0.6757679180887372,0.6698523023457863,0.3396841692080075,197,"all","MLP#197","MLP",197
364,332,244,211,0.6330434782608696,0.6114180478821363,0.6330434782608696,0.6330434782608696,0.6153846153846154,0.6046915725456126,0.2094219339918151,198,"all","DT#198","DT",198
350,382,194,225,0.6631944444444444,0.6433823529411765,0.6631944444444444,0.6631944444444444,0.6458157227387996,0.635968722849696,0.2719028215390517,198,"all","RF#198","RF",198
541,62,514,34,0.9408695652173913,0.6458333333333334,0.9408695652173913,0.9408695652173913,0.663803680981595,0.523892267593397,0.04847332850591353,198,"all","NB#198","NB",198
362,431,145,213,0.7482638888888888,0.7140039447731755,0.7482638888888888,0.7482638888888888,0.7065573770491803,0.6889661164205039,0.3778678970667278,198,"all","MLP#198","MLP",198
354,338,238,221,0.6156521739130435,0.6046511627906976,0.6156521739130435,0.6156521739130435,0.6066838046272494,0.6012163336229366,0.20245253367591715,199,"all","DT#199","DT",199
335,400,176,240,0.6944444444444444,0.6555772994129159,0.6944444444444444,0.6944444444444444,0.6578947368421053,0.6385751520417029,0.277079911102522,199,"all","RF#199","RF",199
548,53,523,27,0.9530434782608695,0.6625,0.9530434782608695,0.9530434782608695,0.6658566221142161,0.522154648132059,0.045023653785812336,199,"all","NB#199","NB",199
353,438,138,222,0.7604166666666666,0.7189409368635438,0.7604166666666666,0.7604166666666666,0.7087378640776699,0.687228496959166,0.37437718551265564,199,"all","MLP#199","MLP",199
369,354,222,206,0.6417391304347826,0.6321428571428571,0.6417391304347826,0.6417391304347826,0.6329331046312179,0.6281494352736751,0.256316272553803,200,"all","DT#200","DT",200
351,403,173,224,0.6996527777777778,0.6698473282442748,0.6996527777777778,0.6996527777777778,0.6699916874480465,0.6550825369244135,0.3101114367199165,200,"all","RF#200","RF",200
559,17,559,16,0.9721739130434782,0.5151515151515151,0.9721739130434782,0.9721739130434782,0.6603662138216184,0.5004344048653345,0.0016864194960954596,200,"all","NB#200","NB",200
378,424,152,197,0.7361111111111112,0.7132075471698113,0.7361111111111112,0.7361111111111112,0.7084377610693401,0.6967854039965248,0.3935291497761775,200,"all","MLP#200","MLP",200
334,348,228,241,0.6041666666666666,0.594306049822064,0.6041666666666666,0.6041666666666666,0.5974248927038627,0.5925282363162467,0.18503986340311634,201,"all","DT#201","DT",201
354,398,178,221,0.6909722222222222,0.6654135338345865,0.6909722222222222,0.6909722222222222,0.6661087866108786,0.6533449174630755,0.30664430209086624,201,"all","RF#201","RF",201
116,503,73,459,0.8732638888888888,0.6137566137566137,0.8732638888888888,0.8732638888888888,0.6540962288686606,0.5377932232841007,0.07504675127716323,201,"all","NB#201","NB",201
357,409,167,218,0.7100694444444444,0.6812977099236641,0.7100694444444444,0.7100694444444444,0.6799667497921862,0.6655082536924414,0.3309644915293901,201,"all","MLP#201","MLP",201
331,345,231,244,0.5989583333333334,0.5889679715302492,0.5989583333333334,0.5989583333333334,0.592274678111588,0.5873153779322329,0.17461393415027782,202,"all","DT#202","DT",202
354,381,195,221,0.6614583333333334,0.644808743169399,0.6614583333333334,0.6614583333333334,0.6468590831918506,0.6385751520417029,0.2771213845954099,202,"all","RF#202","RF",202
183,480,96,392,0.8333333333333334,0.6559139784946236,0.8333333333333334,0.8333333333333334,0.6629834254143647,0.5760208514335361,0.15166197455384667,202,"all","NB#202","NB",202
357,417,159,218,0.7239583333333334,0.6918604651162791,0.7239583333333334,0.7239583333333334,0.6886870355078448,0.6724587315377932,0.3448586151242336,202,"all","MLP#202","MLP",202
354,347,229,221,0.6156521739130435,0.6109154929577465,0.6156521739130435,0.6156521739130435,0.6113989637305699,0.6090356211989574,0.21808009565101863,203,"all","DT#203","DT",203
331,404,172,244,0.7013888888888888,0.658051689860835,0.7013888888888888,0.7013888888888888,0.6601307189542482,0.6385751520417029,0.2770711792344579,203,"all","RF#203","RF",203
546,61,515,29,0.9495652173913044,0.6777777777777778,0.9495652173913044,0.9495652173913044,0.6674816625916871,0.527367506516073,0.05542732837923872,203,"all","NB#203","NB",203
302,442,134,273,0.7673611111111112,0.6926605504587156,0.7673611111111112,0.7673611111111112,0.6847405112316034,0.6463944396177237,0.29263991085085794,203,"all","MLP#203","MLP",203
359,352,224,216,0.6243478260869565,0.6197183098591549,0.6243478260869565,0.6243478260869565,0.6200345423143351,0.6177237185056472,0.23545609352544047,204,"all","DT#204","DT",204
338,397,179,237,0.6892361111111112,0.6537717601547389,0.6892361111111112,0.6892361111111112,0.656198347107438,0.6385751520417029,0.2770864598651453,204,"all","RF#204","RF",204
439,164,412,136,0.7634782608695653,0.5466666666666666,0.7634782608695653,0.7634782608695653,0.6157082748948106,0.523892267593397,0.04818040792181992,204,"all","NB#204","NB",204
308,451,125,267,0.7829861111111112,0.7113163972286374,0.7829861111111112,0.7829861111111112,0.6970633693972179,0.6594265855777585,0.31870660679070684,204,"all","MLP#204","MLP",204
353,333,243,222,0.6139130434782609,0.6,0.6139130434782609,0.6139130434782609,0.6029035012809564,0.5960034752389227,0.19203195550865704,205,"all","DT#205","DT",205
361,384,192,214,0.6666666666666666,0.6528028933092225,0.6666666666666666,0.6666666666666666,0.6541737649063033,0.6472632493483927,0.2945025348064098,205,"all","RF#205","RF",205
461,167,409,114,0.8017391304347826,0.594306049822064,0.8017391304347826,0.8017391304347826,0.6380622837370242,0.5456125108601216,0.09162887904692203,205,"all","NB#205","NB",205
358,424,152,217,0.7361111111111112,0.7019607843137254,0.7361111111111112,0.7361111111111112,0.6967953985209532,0.6794092093831451,0.3587550106819056,205,"all","MLP#205","MLP",205
378,337,239,197,0.6573913043478261,0.6310861423220974,0.6573913043478261,0.6573913043478261,0.6342281879194631,0.6211989574283232,0.24244537634992958,206,"all","DT#206","DT",206
337,400,176,238,0.6944444444444444,0.6569200779727096,0.6944444444444444,0.6944444444444444,0.6589785831960462,0.6403127715030409,0.28055766089217293,206,"all","RF#206","RF",206
489,132,444,86,0.8504347826086956,0.6055045871559633,0.8504347826086956,0.8504347826086956,0.6485411140583554,0.5395308427454387,0.07955845119938189,206,"all","NB#206","NB",206
362,461,115,213,0.8003472222222222,0.7589098532494759,0.8003472222222222,0.8003472222222222,0.7375999999999999,0.7150304083405734,0.4299760532204341,206,"all","MLP#206","MLP",206
355,353,223,220,0.6173913043478261,0.6160558464223386,0.6173913043478261,0.6173913043478261,0.6157849089332177,0.6151172893136403,0.23023748382782086,207,"all","DT#207","DT",207
336,400,176,239,0.6944444444444444,0.65625,0.6944444444444444,0.6944444444444444,0.6584362139917697,0.6394439617723718,0.2788187886227101,207,"all","RF#207","RF",207
107,524,52,468,0.9097222222222222,0.6729559748427673,0.9097222222222222,0.9097222222222222,0.6683673469387755,0.5482189400521286,0.09586938657127667,207,"all","NB#207","NB",207
337,452,124,238,0.7847222222222222,0.7310195227765727,0.7847222222222222,0.7847222222222222,0.7140600315955765,0.685490877497828,0.3708730065258816,207,"all","MLP#207","MLP",207
348,364,212,227,0.6319444444444444,0.6214285714285714,0.6319444444444444,0.6319444444444444,0.6238217652099399,0.6185925282363163,0.23716720638299485,208,"all","DT#208","DT",208
350,386,190,225,0.6701388888888888,0.6481481481481481,0.6701388888888888,0.6701388888888888,0.6503791069924179,0.6394439617723718,0.27884927494659273,208,"all","RF#208","RF",208
170,476,100,405,0.8263888888888888,0.6296296296296297,0.8263888888888888,0.8263888888888888,0.6533973919011669,0.5612510860121633,0.12209728211208351,208,"all","NB#208","NB",208
347,428,148,228,0.7430555555555556,0.701010101010101,0.7430555555555556,0.7430555555555556,0.6948051948051948,0.6733275412684622,0.34657567339050604,208,"all","MLP#208","MLP",208
358,341,235,217,0.6226086956521739,0.6111111111111112,0.6226086956521739,0.6226086956521739,0.613013698630137,0.6072980017376195,0.21461675256409093,209,"all","DT#209","DT",209
360,409,167,215,0.7100694444444444,0.683111954459203,0.7100694444444444,0.7100694444444444,0.6816666666666666,0.6681146828844483,0.3361807618909583,209,"all","RF#209","RF",209
509,102,474,66,0.8852173913043478,0.6071428571428571,0.8852173913043478,0.8852173913043478,0.6534017971758665,0.5308427454387489,0.062262374624325496,209,"all","NB#209","NB",209
361,418,158,214,0.7256944444444444,0.6955684007707129,0.7256944444444444,0.7256944444444444,0.6920529801324503,0.6768027801911382,0.35355042092930566,209,"all","MLP#209","MLP",209
339,346,230,236,0.6006944444444444,0.5957820738137083,0.6006944444444444,0.6006944444444444,0.5975820379965459,0.5951346655082537,0.1902613852178612,210,"all","DT#210","DT",210
356,404,172,219,0.7013888888888888,0.6742424242424242,0.7013888888888888,0.7013888888888888,0.6738949124270224,0.6602953953084274,0.3205420674474184,210,"all","RF#210","RF",210
520,97,479,55,0.9043478260869565,0.6381578947368421,0.9043478260869565,0.9043478260869565,0.6607369758576875,0.5360556038227628,0.07270406623779459,210,"all","NB#210","NB",210
349,464,112,226,0.8055555555555556,0.7570498915401301,0.8055555555555556,0.8055555555555556,0.7330173775671406,0.7063423110338836,0.4125830834412927,210,"all","MLP#210","MLP",210
356,348,228,219,0.6191304347826087,0.6137566137566137,0.6191304347826087,0.6191304347826087,0.6143226919758411,0.6116420503909644,0.2232940675624878,211,"all","DT#211","DT",211
356,382,194,219,0.6631944444444444,0.6472727272727272,0.6631944444444444,0.6631944444444444,0.64910790144435,0.6411815812337098,0.2823355350066051,211,"all","RF#211","RF",211
329,305,271,246,0.5721739130434783,0.5535390199637024,0.5721739130434783,0.5721739130434783,0.56,0.5508253692441355,0.10168396422236467,211,"all","NB#211","NB",211
340,412,164,235,0.7152777777777778,0.6746031746031746,0.7152777777777778,0.7152777777777778,0.6737530662305805,0.6533449174630755,0.30661499043526697,211,"all","MLP#211","MLP",211
357,363,213,218,0.6302083333333334,0.6263157894736842,0.6302083333333334,0.6302083333333334,0.627484874675886,0.6255430060816681,0.2510797937786365,212,"all","DT#212","DT",212
349,388,188,226,0.6736111111111112,0.6499068901303539,0.6736111111111112,0.6736111111111112,0.6521008403361346,0.6403127715030409,0.28058372913905094,212,"all","RF#212","RF",212
527,75,501,48,0.9165217391304348,0.6097560975609756,0.9165217391304348,0.9165217391304348,0.6575171553337492,0.5230234578627281,0.04669813669094056,212,"all","NB#212","NB",212
327,466,110,248,0.8090277777777778,0.7482837528604119,0.8090277777777778,0.8090277777777778,0.7224806201550387,0.6889661164205039,0.37780213873059293,212,"all","MLP#212","MLP",212
356,342,234,219,0.6191304347826087,0.6096256684491979,0.6191304347826087,0.6191304347826087,0.6111587982832619,0.6064291920069504,0.2128756142297502,213,"all","DT#213","DT",213
342,408,168,233,0.7083333333333334,0.6705882352941176,0.7083333333333334,0.7083333333333334,0.6705012325390304,0.6516072980017377,0.3031456891150249,213,"all","RF#213","RF",213
414,190,386,161,0.72,0.5413105413105413,0.72,0.72,0.6021818181818182,0.5247610773240661,0.04984418034333144,213,"all","NB#213","NB",213
363,451,125,212,0.7829861111111112,0.7438524590163934,0.7829861111111112,0.7829861111111112,0.7280064568200162,0.7072111207645526,0.4143448792338366,213,"all","MLP#213","MLP",213
343,353,223,232,0.6128472222222222,0.6060070671378092,0.6128472222222222,0.6128472222222222,0.6080964685615848,0.6046915725456126,0.20937180607828312,214,"all","DT#214","DT",214
339,393,183,236,0.6822916666666666,0.6494252873563219,0.6822916666666666,0.6822916666666666,0.6522821576763486,0.635968722849696,0.27187863763254005,214,"all","RF#214","RF",214
182,478,98,393,0.8298611111111112,0.65,0.8298611111111112,0.8298611111111112,0.6606772633033864,0.573414422241529,0.14644807092530637,214,"all","NB#214","NB",214
377,387,189,198,0.671875,0.666077738515901,0.671875,0.671875,0.6666666666666667,0.6637706342311034,0.3275316240709792,214,"all","MLP#214","MLP",214
352,341,235,223,0.6121739130434782,0.6046099290780141,0.6121739130434782,0.6121739130434782,0.6058519793459552,0.6020851433536055,0.2041841029449948,215,"all","DT#215","DT",215
343,393,183,232,0.6822916666666666,0.6520912547528517,0.6822916666666666,0.6822916666666666,0.6544546211490425,0.6394439617723718,0.27883403210684377,215,"all","RF#215","RF",215
558,32,544,17,0.9704347826086956,0.6530612244897959,0.9704347826086956,0.9704347826086956,0.665474060822898,0.5125977410947002,0.025969676902585087,215,"all","NB#215","NB",215
306,475,101,269,0.8246527777777778,0.7518427518427518,0.8246527777777778,0.8246527777777778,0.7196969696969696,0.6785403996524761,0.3569172133028909,215,"all","MLP#215","MLP",215
337,360,216,238,0.625,0.6094032549728752,0.625,0.625,0.6132879045996593,0.6055603822762815,0.2110939674928818,216,"all","DT#216","DT",216
350,392,184,225,0.6805555555555556,0.6554307116104869,0.6805555555555556,0.6805555555555556,0.6571668063704946,0.6446568201563857,0.28926911236957586,216,"all","RF#216","RF",216
509,125,451,66,0.8852173913043478,0.6544502617801047,0.8852173913043478,0.8852173913043478,0.6631921824104234,0.5508253692441355,0.10217189586366608,216,"all","NB#216","NB",216
345,462,114,230,0.8020833333333334,0.7516339869281046,0.8020833333333334,0.8020833333333334,0.7287066246056783,0.7011294526498697,0.4021537588104197,216,"all","MLP#216","MLP",216
334,351,225,241,0.609375,0.5974955277280859,0.609375,0.609375,0.601027397260274,0.5951346655082537,0.1902491606077441,217,"all","DT#217","DT",217
345,399,177,230,0.6927083333333334,0.6609195402298851,0.6927083333333334,0.6927083333333334,0.6622406639004149,0.6463944396177237,0.2927317554091736,217,"all","RF#217","RF",217
514,89,487,61,0.8939130434782608,0.5933333333333334,0.8939130434782608,0.8939130434782608,0.6522842639593909,0.523892267593397,0.0483958082513358,217,"all","NB#217","NB",217
368,411,165,207,0.7135416666666666,0.6904315196998124,0.7135416666666666,0.7135416666666666,0.6884422110552764,0.6768027801911382,0.3535640846792823,217,"all","MLP#217","MLP",217
352,353,223,223,0.6128472222222222,0.6128472222222222,0.6128472222222222,0.6128472222222222,0.6128472222222222,0.6125108601216334,0.2250211352657004,218,"all","DT#218","DT",218
335,395,181,240,0.6857638888888888,0.6492248062015504,0.6857638888888888,0.6857638888888888,0.652353426919901,0.634231103388358,0.26839649062944926,218,"all","RF#218","RF",218
326,299,277,249,0.5669565217391305,0.5456204379562044,0.5669565217391305,0.5669565217391305,0.5534804753820035,0.5430060816681147,0.08605010657762056,218,"all","NB#218","NB",218
326,453,123,249,0.7864583333333334,0.7260579064587973,0.7864583333333334,0.7864583333333334,0.7089201877934274,0.6768027801911382,0.3534820935141648,218,"all","MLP#218","MLP",218
358,350,226,217,0.6226086956521739,0.6172839506172839,0.6226086956521739,0.6226086956521739,0.6177739430543572,0.6151172893136403,0.23024445621964662,219,"all","DT#219","DT",219
345,387,189,230,0.671875,0.6460674157303371,0.671875,0.671875,0.6487845766974015,0.635968722849696,0.2718918290534288,219,"all","RF#219","RF",219
80,529,47,495,0.9184027777777778,0.6299212598425197,0.9184027777777778,0.9184027777777778,0.6612500000000001,0.529105125977411,0.05757215024654352,219,"all","NB#219","NB",219
342,434,142,233,0.7534722222222222,0.7066115702479339,0.7534722222222222,0.7534722222222222,0.6983105390185036,0.6741963509991312,0.34830268047089813,219,"all","MLP#219","MLP",219
365,361,215,210,0.6347826086956522,0.6322241681260946,0.6347826086956522,0.6347826086956522,0.6320346320346321,0.630755864465682,0.26151674579751055,220,"all","DT#220","DT",220
331,402,174,244,0.6979166666666666,0.6554455445544555,0.6979166666666666,0.6979166666666666,0.6579378068739771,0.6368375325803649,0.27359775338577447,220,"all","RF#220","RF",220
237,428,148,338,0.7430555555555556,0.6155844155844156,0.7430555555555556,0.7430555555555556,0.6378539493293591,0.577758470894874,0.15527400673502353,220,"all","NB#220","NB",220
336,451,125,239,0.7829861111111112,0.7288503253796096,0.7829861111111112,0.7829861111111112,0.712480252764613,0.68375325803649,0.36739716678293066,220,"all","MLP#220","MLP",220
378,332,244,197,0.6573913043478261,0.6275992438563327,0.6573913043478261,0.6573913043478261,0.6315789473684211,0.6168549087749783,0.2337636067489174,221,"all","DT#221","DT",221
365,391,185,210,0.6788194444444444,0.6636363636363637,0.6788194444444444,0.6788194444444444,0.6644010195412065,0.6568201563857515,0.31361388941309687,221,"all","RF#221","RF",221
531,82,494,44,0.9234782608695652,0.6507936507936508,0.9234782608695652,0.9234782608695652,0.66375,0.5325803649000869,0.06579467451157871,221,"all","NB#221","NB",221
359,423,153,216,0.734375,0.701171875,0.734375,0.734375,0.6962962962962963,0.6794092093831451,0.35875694699224103,221,"all","MLP#221","MLP",221
358,351,225,217,0.6226086956521739,0.6179577464788732,0.6226086956521739,0.6226086956521739,0.6183074265975821,0.6159860990443093,0.23198089395055627,222,"all","DT#222","DT",222
334,408,168,241,0.7083333333333334,0.6653386454183267,0.7083333333333334,0.7083333333333334,0.6661224489795918,0.6446568201563857,0.28923477375978923,222,"all","RF#222","RF",222
519,94,482,56,0.9026086956521739,0.6266666666666667,0.9026086956521739,0.9026086956521739,0.6586294416243654,0.5325803649000869,0.0657608482467494,222,"all","NB#222","NB",222
306,442,134,269,0.7673611111111112,0.6954545454545454,0.7673611111111112,0.7673611111111112,0.6868686868686869,0.6498696785403997,0.29959608313892483,222,"all","MLP#222","MLP",222
338,343,233,237,0.5954861111111112,0.5919439579684763,0.5954861111111112,0.5954861111111112,0.5934256055363323,0.5916594265855778,0.1833133050320353,223,"all","DT#223","DT",223
352,404,172,223,0.7013888888888888,0.6717557251908397,0.7013888888888888,0.7013888888888888,0.6716541978387364,0.6568201563857515,0.31358694585482877,223,"all","RF#223","RF",223
531,69,507,44,0.9234782608695652,0.6106194690265486,0.9234782608695652,0.9234782608695652,0.6584004959702419,0.5212858384013901,0.04323970413192467,223,"all","NB#223","NB",223
373,425,151,202,0.7378472222222222,0.7118320610687023,0.7378472222222222,0.7378472222222222,0.7065669160432254,0.6933101650738488,0.38657263768798616,223,"all","MLP#223","MLP",223
342,320,256,233,0.5947826086956521,0.5786618444846293,0.5947826086956521,0.5947826086956521,0.5831202046035805,0.575152041702867,0.1503329443573064,224,"all","DT#224","DT",224
347,401,175,228,0.6961805555555556,0.6647509578544061,0.6961805555555556,0.6961805555555556,0.6655601659751038,0.6498696785403997,0.29968279466805164,224,"all","RF#224","RF",224
497,113,463,78,0.8643478260869565,0.5916230366492147,0.8643478260869565,0.8643478260869565,0.647557003257329,0.5299739357080799,0.06049322178383635,224,"all","NB#224","NB",224
352,445,131,223,0.7725694444444444,0.7287784679089027,0.7725694444444444,0.7725694444444444,0.7154340836012862,0.6924413553431799,0.3847968014881294,224,"all","MLP#224","MLP",224
347,358,218,228,0.6215277777777778,0.6141592920353982,0.6215277777777778,0.6215277777777778,0.6161790017211705,0.6125108601216334,0.22500943552891808,225,"all","DT#225","DT",225
333,382,194,242,0.6631944444444444,0.6318785578747628,0.6631944444444444,0.6631944444444444,0.6366666666666667,0.6211989574283232,0.24234244027344978,225,"all","RF#225","RF",225
535,73,503,40,0.9304347826086956,0.6460176991150443,0.9304347826086956,0.9304347826086956,0.6633601983880967,0.5282363162467419,0.05713096069625242,225,"all","NB#225","NB",225
351,432,144,224,0.75,0.7090909090909091,0.75,0.75,0.7012987012987012,0.680278019113814,0.3604783186375165,225,"all","MLP#225","MLP",225
322,351,225,253,0.609375,0.5886654478976234,0.609375,0.609375,0.5949152542372882,0.5847089487402259,0.16938215987390778,226,"all","DT#226","DT",226
334,412,164,241,0.7152777777777778,0.6706827309236948,0.7152777777777778,0.7152777777777778,0.6704637917005696,0.6481320590790617,0.2961817723376661,226,"all","RF#226","RF",226
544,45,531,31,0.9460869565217391,0.5921052631578947,0.9460869565217391,0.9460869565217391,0.6593939393939393,0.5117289313640313,0.024193694373208754,226,"all","NB#226","NB",226
344,459,117,231,0.796875,0.7462039045553145,0.796875,0.796875,0.7251184834123224,0.6976542137271937,0.395203884726538,226,"all","MLP#226","MLP",226
370,342,234,205,0.6434782608695652,0.6252285191956124,0.6434782608695652,0.6434782608695652,0.6276505513146735,0.6185925282363163,0.23721787542513997,227,"all","DT#227","DT",227
335,418,158,240,0.7256944444444444,0.6795131845841785,0.7256944444444444,0.7256944444444444,0.6774716369529983,0.6542137271937446,0.30834131036752743,227,"all","RF#227","RF",227
347,311,265,228,0.6034782608695652,0.5769944341372912,0.6034782608695652,0.6034782608695652,0.5846672283066555,0.5716768027801912,0.1434008064163083,227,"all","NB#227","NB",227
350,433,143,225,0.7517361111111112,0.7099391480730223,0.7517361111111112,0.7517361111111112,0.7017828200972448,0.680278019113814,0.3604763874755026,227,"all","MLP#227","MLP",227
354,331,245,221,0.6156521739130435,0.5996376811594203,0.6156521739130435,0.6156521739130435,0.6030664395229983,0.5951346655082537,0.19029805683368967,228,"all","DT#228","DT",228
343,386,190,232,0.6701388888888888,0.6435272045028143,0.6701388888888888,0.6701388888888888,0.6465661641541038,0.6333622936576889,0.2666775369211212,228,"all","RF#228","RF",228
538,52,524,37,0.9356521739130435,0.5842696629213483,0.9356521739130435,0.9356521739130435,0.657299938912645,0.5125977410947002,0.025910901858084406,228,"all","NB#228","NB",228
356,423,153,219,0.734375,0.6994106090373281,0.734375,0.734375,0.6945812807881773,0.6768027801911382,0.35354066075424173,228,"all","MLP#228","MLP",228
346,341,235,229,0.6017391304347826,0.5982456140350877,0.6017391304347826,0.6017391304347826,0.5986159169550173,0.5968722849695917,0.19375126433033518,229,"all","DT#229","DT",229
362,389,187,213,0.6753472222222222,0.6593806921675774,0.6753472222222222,0.6753472222222222,0.6604414261460102,0.6524761077324066,0.3049244082648172,229,"all","RF#229","RF",229
19,563,13,556,0.9774305555555556,0.59375,0.9774305555555556,0.9774305555555556,0.6643067846607669,0.5056472632493484,0.010482626911855492,229,"all","NB#229","NB",229
386,421,155,189,0.7309027777777778,0.7134935304990758,0.7309027777777778,0.7309027777777778,0.7099494097807757,0.7011294526498697,0.40222777135299825,229,"all","MLP#229","MLP",229
359,314,262,216,0.6243478260869565,0.5924528301886792,0.6243478260869565,0.6243478260869565,0.6003344481605352,0.5847089487402259,0.1694749458823814,230,"all","DT#230","DT",230
355,390,186,220,0.6770833333333334,0.6561922365988909,0.6770833333333334,0.6770833333333334,0.657672849915683,0.6472632493483927,0.2944897533991782,230,"all","RF#230","RF",230
347,267,309,228,0.6034782608695652,0.5393939393939394,0.6034782608695652,0.6034782608695652,0.5637692932575142,0.5334491746307559,0.06701173316668713,230,"all","NB#230","NB",230
314,453,123,261,0.7864583333333334,0.7185354691075515,0.7864583333333334,0.7864583333333334,0.7023255813953487,0.6663770634231103,0.3326145845601891,230,"all","MLP#230","MLP",230
346,339,237,229,0.6017391304347826,0.596830985915493,0.6017391304347826,0.6017391304347826,0.5975820379965457,0.5951346655082537,0.1902784990519438,231,"all","DT#231","DT",231
338,416,160,237,0.7222222222222222,0.678714859437751,0.7222222222222222,0.7222222222222222,0.6769731489015459,0.6550825369244135,0.31008435461247763,231,"all","RF#231","RF",231
543,67,509,32,0.9443478260869566,0.6767676767676768,0.9443478260869566,0.9443478260869566,0.6674861708666258,0.5299739357080799,0.06062361493912149,231,"all","NB#231","NB",231
349,447,129,226,0.7760416666666666,0.7301255230125523,0.7760416666666666,0.7760416666666666,0.7157726180944756,0.6915725456125109,0.3830542818015321,231,"all","MLP#231","MLP",231
352,332,244,223,0.6121739130434782,0.5981981981981982,0.6121739130434782,0.6121739130434782,0.6011955593509821,0.5942658557775847,0.18855682413450067,232,"all","DT#232","DT",232
351,386,190,224,0.6701388888888888,0.6487985212569316,0.6701388888888888,0.6701388888888888,0.6509274873524451,0.6403127715030409,0.2805880736632015,232,"all","RF#232","RF",232
549,13,563,26,0.9547826086956521,0.493705035971223,0.9547826086956521,0.9547826086956521,0.6508595139300534,0.4882710686359687,-0.022629601304498013,232,"all","NB#232","NB",232
399,396,180,176,0.6939130434782609,0.6923076923076923,0.6939130434782609,0.6939130434782609,0.6915077989601386,0.6907037358818419,0.38141074027330746,232,"all","MLP#232","MLP",232
329,345,231,246,0.5989583333333334,0.5875,0.5989583333333334,0.5989583333333334,0.5912596401028278,0.5855777584708949,0.1711361217418873,233,"all","DT#233","DT",233
349,403,173,226,0.6996527777777778,0.6685823754789272,0.6996527777777778,0.6996527777777778,0.6688796680497925,0.6533449174630755,0.3066338339269294,233,"all","RF#233","RF",233
557,15,561,18,0.9686956521739131,0.49821109123434704,0.9686956521739131,0.9686956521739131,0.6580035440047254,0.49695916594265854,-0.005258370629149193,233,"all","NB#233","NB",233
406,389,187,169,0.7060869565217391,0.6971326164874552,0.7060869565217391,0.7060869565217391,0.6952054794520548,0.6907037358818419,0.3814238139664078,233,"all","MLP#233","MLP",233
330,360,216,245,0.625,0.6043956043956044,0.625,0.625,0.6096528365791701,0.5994787141615986,0.19892175231101614,234,"all","DT#234","DT",234
343,387,189,232,0.671875,0.6447368421052632,0.671875,0.671875,0.6476987447698745,0.634231103388358,0.26841416335903445,234,"all","RF#234","RF",234
521,74,502,54,0.9060869565217391,0.578125,0.9060869565217391,0.9060869565217391,0.6520650813516896,0.5169417897480452,0.03453582118374046,234,"all","NB#234","NB",234
372,416,160,203,0.7222222222222222,0.6992481203007519,0.7222222222222222,0.7222222222222222,0.6962343096234309,0.684622067767159,0.369202710924773,234,"all","MLP#234","MLP",234
342,369,207,233,0.640625,0.6229508196721312,0.640625,0.640625,0.6264855687606111,0.6177237185056472,0.2354168490912988,235,"all","DT#235","DT",235
329,395,181,246,0.6857638888888888,0.6450980392156863,0.6857638888888888,0.6857638888888888,0.6491372226787181,0.629018245004344,0.25796311534193406,235,"all","RF#235","RF",235
552,24,552,23,0.96,0.5106382978723404,0.96,0.96,0.6575342465753424,0.5004344048653345,0.0016653367102661728,235,"all","NB#235","NB",235
382,425,151,193,0.7378472222222222,0.7166979362101313,0.7378472222222222,0.7378472222222222,0.711892797319933,0.7011294526498697,0.4022205514238525,235,"all","MLP#235","MLP",235
357,348,228,218,0.6208695652173913,0.6148409893992933,0.6208695652173913,0.6208695652173913,0.6155172413793103,0.6125108601216334,0.22503283464923543,236,"all","DT#236","DT",236
328,401,175,247,0.6961805555555556,0.6520874751491054,0.6961805555555556,0.6961805555555556,0.6552287581699346,0.6333622936576889,0.26664432124264703,236,"all","RF#236","RF",236
155,484,92,420,0.8402777777777778,0.6275303643724697,0.8402777777777778,0.8402777777777778,0.6540540540540541,0.5551694178974804,0.10989741297019057,236,"all","NB#236","NB",236
335,448,128,240,0.7777777777777778,0.7235421166306696,0.7777777777777778,0.7777777777777778,0.7088607594936709,0.680278019113814,0.36044741864566465,236,"all","MLP#236","MLP",236
373,343,233,202,0.648695652173913,0.6293577981651376,0.648695652173913,0.648695652173913,0.6316680779000846,0.6220677671589921,0.2441703362312452,237,"all","DT#237","DT",237
357,385,191,218,0.6684027777777778,0.6514598540145985,0.6684027777777778,0.6684027777777778,0.6530958439355385,0.6446568201563857,0.2892841344680413,237,"all","RF#237","RF",237
11,565,11,564,0.9809027777777778,0.5004428697962799,0.9809027777777778,0.9809027777777778,0.6627565982404693,0.5004344048653345,0.00003324031082712883,237,"all","NB#237","NB",237
361,421,155,214,0.7309027777777778,0.6996124031007752,0.7309027777777778,0.7309027777777778,0.6952931461601982,0.6794092093831451,0.35876081957783074,237,"all","MLP#237","MLP",237
347,365,211,228,0.6336805555555556,0.6218637992831542,0.6336805555555556,0.6336805555555556,0.6244653550042771,0.6185925282363163,0.23716490308477123,238,"all","DT#238","DT",238
351,414,162,224,0.71875,0.6842105263157895,0.71875,0.71875,0.6820428336079077,0.6646394439617723,0.3292155968704799,238,"all","RF#238","RF",238
199,465,111,376,0.8072916666666666,0.6419354838709678,0.8072916666666666,0.8072916666666666,0.6563161609033168,0.576889661164205,0.1534400084574898,238,"all","NB#238","NB",238
366,445,131,209,0.7725694444444444,0.7364185110663984,0.7725694444444444,0.7725694444444444,0.7235772357723576,0.7046046915725456,0.40913936121705147,238,"all","MLP#238","MLP",238
342,356,220,233,0.6180555555555556,0.608540925266904,0.6180555555555556,0.6180555555555556,0.6111587982832618,0.6064291920069504,0.2128423414106859,239,"all","DT#239","DT",239
322,399,177,253,0.6927083333333334,0.6452905811623246,0.6927083333333334,0.6927083333333334,0.6498371335504887,0.6264118158123371,0.2527373309739643,239,"all","RF#239","RF",239
365,290,286,210,0.6347826086956522,0.58,0.6347826086956522,0.6347826086956522,0.5954323001631321,0.5690703735881842,0.13823897016646652,239,"all","NB#239","NB",239
337,426,150,238,0.7395833333333334,0.6919917864476386,0.7395833333333334,0.7395833333333334,0.6870967741935483,0.6629018245004344,0.3257135609803236,239,"all","MLP#239","MLP",239
341,340,236,234,0.5930434782608696,0.5923344947735192,0.5930434782608696,0.5930434782608696,0.5920138888888888,0.5916594265855778,0.18332070253411073,240,"all","DT#240","DT",240
345,389,187,230,0.6753472222222222,0.6484962406015038,0.6753472222222222,0.6753472222222222,0.6510460251046024,0.6377063423110338,0.2753650976739129,240,"all","RF#240","RF",240
544,71,505,31,0.9460869565217391,0.696078431372549,0.9460869565217391,0.9460869565217391,0.6699507389162561,0.5343179843614249,0.06930125483877782,240,"all","NB#240","NB",240
405,392,184,170,0.7043478260869566,0.697508896797153,0.7043478260869566,0.7043478260869566,0.6958762886597939,0.6924413553431799,0.38489524677920456,240,"all","MLP#240","MLP",240
350,345,231,225,0.6086956521739131,0.6052631578947368,0.6086956521739131,0.6086956521739131,0.6055363321799309,0.6038227628149435,0.2076521046005018,241,"all","DT#241","DT",241
341,395,181,234,0.6857638888888888,0.6532567049808429,0.6857638888888888,0.6857638888888888,0.6556016597510373,0.6394439617723718,0.27882967689141785,241,"all","RF#241","RF",241
281,362,214,294,0.6284722222222222,0.5676767676767677,0.6284722222222222,0.6284722222222222,0.5876623376623377,0.5586446568201564,0.11718202681483277,241,"all","NB#241","NB",241
357,443,133,218,0.7690972222222222,0.7285714285714285,0.7690972222222222,0.7690972222222222,0.7162489894907034,0.6950477845351868,0.39001683488974276,241,"all","MLP#241","MLP",241
363,319,257,212,0.6313043478260869,0.60075329566855,0.6313043478260869,0.6313043478260869,0.607531380753138,0.5925282363162467,0.1851112167802611,242,"all","DT#242","DT",242
345,409,167,230,0.7100694444444444,0.673828125,0.7100694444444444,0.7100694444444444,0.6732510288065845,0.6550825369244135,0.31009893754991785,242,"all","RF#242","RF",242
522,109,467,53,0.9078260869565218,0.6728395061728395,0.9078260869565218,0.9078260869565218,0.6675191815856777,0.5482189400521286,0.09700157208507973,242,"all","NB#242","NB",242
320,465,111,255,0.8072916666666666,0.7424593967517401,0.8072916666666666,0.8072916666666666,0.7175925925925927,0.682015638575152,0.3638925128651156,242,"all","MLP#242","MLP",242
374,343,233,201,0.6504347826086957,0.6305147058823529,0.6504347826086957,0.6504347826086957,0.6328257191201354,0.6229365768896612,0.24590901405729187,243,"all","DT#243","DT",243
356,393,183,219,0.6822916666666666,0.660482374768089,0.6822916666666666,0.6822916666666666,0.6616161616161617,0.6507384882710686,0.3014384839755784,243,"all","RF#243","RF",243
11,567,9,564,0.984375,0.55,0.984375,0.984375,0.664323374340949,0.5021720243266724,0.003508374317249519,243,"all","NB#243","NB",243
367,437,139,208,0.7586805555555556,0.7252964426877471,0.7586805555555556,0.7586805555555556,0.7158067158067158,0.6985230234578628,0.3969827774934286,243,"all","MLP#243","MLP",243
353,346,230,222,0.6139130434782609,0.6091549295774648,0.6139130434782609,0.6139130434782609,0.609671848013817,0.6072980017376195,0.21460489607613445,244,"all","DT#244","DT",244
337,382,194,238,0.6631944444444444,0.6346516007532956,0.6631944444444444,0.6631944444444444,0.6387959866220736,0.6246741963509991,0.24929796061332574,244,"all","RF#244","RF",244
497,111,465,78,0.8643478260869565,0.5873015873015873,0.8643478260869565,0.8643478260869565,0.6467143786597267,0.5282363162467419,0.057022844443237374,244,"all","NB#244","NB",244
329,446,130,246,0.7743055555555556,0.7167755991285403,0.7743055555555556,0.7743055555555556,0.7034700315457413,0.6733275412684622,0.34654015497883073,244,"all","MLP#244","MLP",244
336,346,230,239,0.6006944444444444,0.5936395759717314,0.6006944444444444,0.6006944444444444,0.5960378983634798,0.5925282363162467,0.18504478472684555,245,"all","DT#245","DT",245
337,408,168,238,0.7083333333333334,0.6673267326732674,0.7083333333333334,0.7083333333333334,0.6677577741407529,0.6472632493483927,0.2944514063986231,245,"all","RF#245","RF",245
228,427,149,347,0.7413194444444444,0.6047745358090185,0.7413194444444444,0.7413194444444444,0.6325925925925926,0.5690703735881842,0.13788239842223388,245,"all","NB#245","NB",245
380,403,173,195,0.6996527777777778,0.6871609403254972,0.6996527777777778,0.6996527777777778,0.686541737649063,0.680278019113814,0.36053431726295254,245,"all","MLP#245","MLP",245
338,373,203,237,0.6475694444444444,0.6247689463955638,0.6475694444444444,0.6475694444444444,0.6290050590219224,0.6177237185056472,0.23540761452127673,246,"all","DT#246","DT",246
344,420,156,231,0.7291666666666666,0.688,0.7291666666666666,0.7291666666666666,0.6845965770171148,0.6637706342311034,0.3274646132940778,246,"all","RF#246","RF",246
562,19,557,13,0.9773913043478261,0.59375,0.9773913043478261,0.9773913043478261,0.6635182998819363,0.5047784535186794,0.01036889993724965,246,"all","NB#246","NB",246
342,457,119,233,0.7934027777777778,0.7418655097613883,0.7934027777777778,0.7934027777777778,0.7219589257503949,0.6941789748045178,0.3882522052406363,246,"all","MLP#246","MLP",246
362,337,239,213,0.6295652173913043,0.6127272727272727,0.6295652173913043,0.6295652173913043,0.6156462585034014,0.6072980017376195,0.21462623749671672,247,"all","DT#247","DT",247
347,393,183,228,0.6822916666666666,0.6547169811320754,0.6822916666666666,0.6822916666666666,0.6566416040100251,0.6429192006950478,0.2857893425730916,247,"all","RF#247","RF",247
457,155,421,118,0.7947826086956522,0.5677655677655677,0.7947826086956522,0.7947826086956522,0.629043358568479,0.5317115551694179,0.06385062388430424,247,"all","NB#247","NB",247
344,436,140,231,0.7569444444444444,0.7107438016528925,0.7569444444444444,0.7569444444444444,0.7015285599356396,0.6776715899218071,0.3552541185458751,247,"all","MLP#247","MLP",247
335,361,215,240,0.6267361111111112,0.6090909090909091,0.6267361111111112,0.6267361111111112,0.6134239592183518,0.6046915725456126,0.2093527080581243,248,"all","DT#248","DT",248
307,400,176,268,0.6944444444444444,0.6356107660455487,0.6944444444444444,0.6944444444444444,0.6430868167202571,0.6142484795829714,0.22838920864612844,248,"all","RF#248","RF",248
408,208,368,167,0.7095652173913043,0.5546666666666666,0.7095652173913043,0.7095652173913043,0.6039970392301998,0.5351867940920938,0.07065488883958815,248,"all","NB#248","NB",248
291,455,121,284,0.7899305555555556,0.7063106796116505,0.7899305555555556,0.7899305555555556,0.6920152091254753,0.6481320590790617,0.2960903724799429,248,"all","MLP#248","MLP",248
351,334,242,224,0.6104347826086957,0.5985663082437276,0.6104347826086957,0.6104347826086957,0.601027397260274,0.5951346655082537,0.19029072277625292,249,"all","DT#249","DT",249
340,392,184,235,0.6805555555555556,0.648854961832061,0.6805555555555556,0.6805555555555556,0.6517040731504572,0.635968722849696,0.2718808362358818,249,"all","RF#249","RF",249
442,166,410,133,0.768695652173913,0.5551839464882943,0.768695652173913,0.768695652173913,0.6194814295725298,0.5282363162467419,0.05686631647092016,249,"all","NB#249","NB",249
364,429,147,211,0.7447916666666666,0.7123287671232876,0.7447916666666666,0.7447916666666666,0.7055921052631579,0.6889661164205039,0.3778716542661125,249,"all","MLP#249","MLP",249
355,322,254,220,0.6173913043478261,0.5940959409594095,0.6173913043478261,0.6173913043478261,0.5996621621621622,0.5881841876629018,0.1764100272630933,250,"all","DT#250","DT",250
343,401,175,232,0.6961805555555556,0.6621621621621622,0.6961805555555556,0.6961805555555556,0.663358147229115,0.6463944396177237,0.29272748409811833,250,"all","RF#250","RF",250
161,480,96,414,0.8333333333333334,0.6264591439688716,0.8333333333333334,0.8333333333333334,0.653061224489796,0.5569070373588184,0.11338776767832387,250,"all","NB#250","NB",250
377,399,177,198,0.6927083333333334,0.6805054151624549,0.6927083333333334,0.6927083333333334,0.6803069053708439,0.6741963509991312,0.34837155163433625,250,"all","MLP#250","MLP",250
352,344,232,223,0.6121739130434782,0.6067019400352733,0.6121739130434782,0.6121739130434782,0.6074201898188093,0.6046915725456126,0.2093932902481699,251,"all","DT#251","DT",251
316,425,151,259,0.7378472222222222,0.6766595289079229,0.7378472222222222,0.7378472222222222,0.6746031746031746,0.6437880104257168,0.28745930797895797,251,"all","RF#251","RF",251
226,436,140,349,0.7569444444444444,0.6174863387978142,0.7569444444444444,0.7569444444444444,0.6407053637031594,0.575152041702867,0.1500352617296218,251,"all","NB#251","NB",251
297,469,107,278,0.8142361111111112,0.7351485148514851,0.8142361111111112,0.8142361111111112,0.7089947089947091,0.6655082536924414,0.33084325814786125,251,"all","MLP#251","MLP",251
349,342,234,226,0.6069565217391304,0.602112676056338,0.6069565217391304,0.6069565217391304,0.6027633851468049,0.6003475238922676,0.20070409777659703,252,"all","DT#252","DT",252
352,402,174,223,0.6979166666666666,0.6692015209125475,0.6979166666666666,0.6979166666666666,0.6694421315570357,0.6550825369244135,0.3101135198708843,252,"all","RF#252","RF",252
227,450,126,348,0.78125,0.6430594900849859,0.78125,0.78125,0.6550218340611355,0.5881841876629018,0.17609162491052255,252,"all","NB#252","NB",252
363,431,145,212,0.7482638888888888,0.7145669291338582,0.7482638888888888,0.7482638888888888,0.7071369975389663,0.6898349261511729,0.37960663291727886,252,"all","MLP#252","MLP",252
353,339,237,222,0.6139130434782609,0.6042780748663101,0.6139130434782609,0.6139130434782609,0.6060085836909872,0.6012163336229366,0.20245012567650195,253,"all","DT#253","DT",253
332,391,185,243,0.6788194444444444,0.6421663442940039,0.6788194444444444,0.6788194444444444,0.6462809917355373,0.6281494352736751,0.25623318466894746,253,"all","RF#253","RF",253
95,521,55,480,0.9045138888888888,0.6333333333333333,0.9045138888888888,0.9045138888888888,0.6607482561826252,0.5351867940920938,0.06977604894444657,253,"all","NB#253","NB",253
317,462,114,258,0.8020833333333334,0.7354988399071926,0.8020833333333334,0.8020833333333334,0.7129629629629629,0.6768027801911382,0.35346452127274053,253,"all","MLP#253","MLP",253
321,344,232,254,0.5972222222222222,0.5804701627486437,0.5972222222222222,0.5972222222222222,0.5860306643952299,0.577758470894874,0.15548825595052976,254,"all","DT#254","DT",254
353,379,197,222,0.6579861111111112,0.6418181818181818,0.6579861111111112,0.6579861111111112,0.6440101954120646,0.635968722849696,0.27190941687110787,254,"all","RF#254","RF",254
543,40,536,32,0.9443478260869566,0.5555555555555556,0.9443478260869566,0.9443478260869566,0.656590084643289,0.5065160729800173,0.013781784391103447,254,"all","NB#254","NB",254
373,422,154,202,0.7326388888888888,0.7077798861480076,0.7326388888888888,0.7326388888888888,0.7033333333333334,0.6907037358818419,0.38136217600309197,254,"all","MLP#254","MLP",254
333,387,189,242,0.671875,0.6379310344827587,0.671875,0.671875,0.6423236514522822,0.6255430060816681,0.2510255198559063,255,"all","DT#255","DT",255
328,403,173,247,0.6996527777777778,0.654690618762475,0.6996527777777778,0.6996527777777778,0.6574225122349103,0.6350999131190269,0.2701177365828911,255,"all","RF#255","RF",255
298,351,225,277,0.609375,0.5697896749521989,0.609375,0.609375,0.5830564784053157,0.5638575152041703,0.12764589007591165,255,"all","NB#255","NB",255
322,460,116,253,0.7986111111111112,0.7351598173515982,0.7986111111111112,0.7986111111111112,0.713731574864236,0.6794092093831451,0.35868529572088426,255,"all","MLP#255","MLP",255
334,339,237,241,0.5885416666666666,0.5849387040280211,0.5885416666666666,0.5885416666666666,0.5865051903114187,0.5847089487402259,0.16941225490492104,256,"all","DT#256","DT",256
357,400,176,218,0.6944444444444444,0.6697936210131332,0.6944444444444444,0.6944444444444444,0.6700167504187604,0.6576889661164205,0.31533400366569136,256,"all","RF#256","RF",256
555,16,560,20,0.9652173913043478,0.4977578475336323,0.9652173913043478,0.9652173913043478,0.6568047337278106,0.49609035621198955,-0.006999125109361384,256,"all","NB#256","NB",256
356,439,137,219,0.7621527777777778,0.7221095334685599,0.7621527777777778,0.7621527777777778,0.7115072933549433,0.6907037358818419,0.3813304183186928,256,"all","MLP#256","MLP",256
344,327,249,231,0.5982608695652174,0.5860215053763441,0.5982608695652174,0.5982608695652174,0.589041095890411,0.582971329278888,0.16596469298841512,257,"all","DT#257","DT",257
325,386,190,250,0.6701388888888888,0.6310679611650486,0.6701388888888888,0.6701388888888888,0.6369636963696369,0.6177237185056472,0.23537760062807614,257,"all","RF#257","RF",257
439,188,388,136,0.7634782608695653,0.5802469135802469,0.7634782608695653,0.7634782608695653,0.6262482168330956,0.5447437011294527,0.08983297417045448,257,"all","NB#257","NB",257
360,436,140,215,0.7569444444444444,0.72,0.7569444444444444,0.7569444444444444,0.7106764466177669,0.6915725456125109,0.3830747744687278,257,"all","MLP#257","MLP",257
351,360,216,224,0.625,0.6190476190476191,0.625,0.625,0.6206896551724138,0.6177237185056472,0.2354376260582856,258,"all","DT#258","DT",258
341,412,164,234,0.7152777777777778,0.6752475247524753,0.7152777777777778,0.7152777777777778,0.67430441898527,0.6542137271937446,0.30835384174052216,258,"all","RF#258","RF",258
504,102,474,71,0.8765217391304347,0.5895953757225434,0.8765217391304347,0.8765217391304347,0.6490663232453316,0.526498696785404,0.053572479303804994,258,"all","NB#258","NB",258
356,460,116,219,0.7986111111111112,0.7542372881355932,0.7986111111111112,0.7986111111111112,0.7330677290836654,0.7089487402258905,0.41780651278806935,258,"all","MLP#258","MLP",258
334,350,226,241,0.6076388888888888,0.5964285714285714,0.6076388888888888,0.6076388888888888,0.5998286203941732,0.5942658557775847,0.1885127229632314,259,"all","DT#259","DT",259
334,410,166,241,0.7118055555555556,0.668,0.7118055555555556,0.7118055555555556,0.6682966585167074,0.6463944396177237,0.29270826255992155,259,"all","RF#259","RF",259
526,58,518,49,0.9147826086956522,0.5420560747663551,0.9147826086956522,0.9147826086956522,0.6497838171710932,0.5073848827106864,0.015466102653767114,259,"all","NB#259","NB",259
343,460,116,232,0.7986111111111112,0.7472766884531591,0.7986111111111112,0.7986111111111112,0.725552050473186,0.6976542137271937,0.395202058331471,259,"all","MLP#259","MLP",259
352,355,221,223,0.6163194444444444,0.6143106457242583,0.6163194444444444,0.6163194444444444,0.6152512998266897,0.6142484795829714,0.22849404738540888,260,"all","DT#260","DT",260
337,382,194,238,0.6631944444444444,0.6346516007532956,0.6631944444444444,0.6631944444444444,0.6387959866220736,0.6246741963509991,0.24929796061332574,260,"all","RF#260","RF",260
405,246,330,170,0.7043478260869566,0.5913461538461539,0.7043478260869566,0.7043478260869566,0.6183206106870229,0.5655951346655083,0.1313994204298478,260,"all","NB#260","NB",260
392,420,156,183,0.7291666666666666,0.7153284671532847,0.7291666666666666,0.7291666666666666,0.7124681933842238,0.7054735013032146,0.4109225466617752,260,"all","MLP#260","MLP",260
355,348,228,220,0.6173913043478261,0.6126760563380281,0.6173913043478261,0.6173913043478261,0.613126079447323,0.6107732406602954,0.22155529522590306,261,"all","DT#261","DT",261
335,393,183,240,0.6822916666666666,0.6467181467181468,0.6822916666666666,0.6822916666666666,0.6501240694789081,0.63249348392702,0.26492315914865866,261,"all","RF#261","RF",261
233,439,137,342,0.7621527777777778,0.6297297297297297,0.7621527777777778,0.7621527777777778,0.6470154753131908,0.5838401390095569,0.16742198295064134,261,"all","NB#261","NB",261
354,451,125,221,0.7829861111111112,0.7390396659707724,0.7829861111111112,0.7829861111111112,0.7227564102564101,0.6993918331885317,0.3986960670628593,261,"all","MLP#261","MLP",261
334,338,238,241,0.5868055555555556,0.583916083916084,0.5868055555555556,0.5868055555555556,0.5852813852813853,0.5838401390095569,0.16767588017457827,262,"all","DT#262","DT",262
331,403,173,244,0.6996527777777778,0.6567460317460317,0.6996527777777778,0.6996527777777778,0.6590351594439903,0.6377063423110338,0.2753344636879858,262,"all","RF#262","RF",262
381,234,342,194,0.662608695652174,0.5467289719626168,0.662608695652174,0.662608695652174,0.5870570107858243,0.5343179843614249,0.06884331399385406,262,"all","NB#262","NB",262
340,447,129,235,0.7760416666666666,0.7249466950959488,0.7760416666666666,0.7760416666666666,0.7106518282988871,0.68375325803649,0.36740480813656773,262,"all","MLP#262","MLP",262
356,329,247,219,0.6191304347826087,0.6003649635036497,0.6191304347826087,0.6191304347826087,0.6044142614601018,0.5951346655082537,0.19030294613150406,263,"all","DT#263","DT",263
353,404,172,222,0.7013888888888888,0.6723809523809524,0.7013888888888888,0.7013888888888888,0.6722129783693843,0.6576889661164205,0.31532573412848186,263,"all","RF#263","RF",263
484,118,458,91,0.8417391304347827,0.5645933014354066,0.8417391304347827,0.8417391304347827,0.6381015161502966,0.5230234578627281,0.04657443717022731,263,"all","NB#263","NB",263
362,473,103,213,0.8211805555555556,0.7784946236559139,0.8211805555555556,0.8211805555555556,0.7496038034865293,0.7254561251086012,0.4508206374850897,263,"all","MLP#263","MLP",263
358,333,243,217,0.6226086956521739,0.6054545454545455,0.6226086956521739,0.6226086956521739,0.608843537414966,0.6003475238922676,0.2007258169214374,264,"all","DT#264","DT",264
353,382,194,222,0.6631944444444444,0.6453382084095064,0.6631944444444444,0.6631944444444444,0.6474576271186441,0.6385751520417029,0.27711920189863104,264,"all","RF#264","RF",264
562,16,560,13,0.9773913043478261,0.5517241379310345,0.9773913043478261,0.9773913043478261,0.6623453152622275,0.5021720243266724,0.0051648170969924865,264,"all","NB#264","NB",264
337,464,112,238,0.8055555555555556,0.7505567928730512,0.8055555555555556,0.8055555555555556,0.7261345852895148,0.6959165942658557,0.3917170234676281,264,"all","MLP#264","MLP",264
350,331,245,225,0.6086956521739131,0.5953237410071942,0.6086956521739131,0.6086956521739131,0.5982905982905983,0.5916594265855778,0.18334289423628508,265,"all","DT#265","DT",265
327,403,173,248,0.6996527777777778,0.654,0.6996527777777778,0.6996527777777778,0.6568867155664223,0.634231103388358,0.2683788170460123,265,"all","RF#265","RF",265
553,17,559,22,0.9617391304347827,0.4973021582733813,0.9617391304347827,0.9617391304347827,0.6556016597510373,0.4952215464813206,-0.008739895344504749,265,"all","NB#265","NB",265
357,422,154,218,0.7326388888888888,0.6986301369863014,0.7326388888888888,0.7326388888888888,0.6940789473684211,0.6768027801911382,0.3535426128128321,265,"all","MLP#265","MLP",265
375,347,229,200,0.6521739130434783,0.6343692870201096,0.6521739130434783,0.6521739130434783,0.6361323155216285,0.6272806255430061,0.2545933224541801,266,"all","DT#266","DT",266
347,395,181,228,0.6857638888888888,0.6571969696969697,0.6857638888888888,0.6857638888888888,0.6588824020016679,0.6446568201563857,0.28926267413297735,266,"all","RF#266","RF",266
465,154,422,110,0.808695652173913,0.5833333333333334,0.808695652173913,0.808695652173913,0.6361149110807114,0.5377932232841007,0.07602095631284764,266,"all","NB#266","NB",266
315,466,110,260,0.8090277777777778,0.7411764705882353,0.8090277777777778,0.8090277777777778,0.7158218125960061,0.6785403996524761,0.35693469233673103,266,"all","MLP#266","MLP",266
336,335,241,239,0.5843478260869566,0.5836236933797909,0.5843478260869566,0.5843478260869566,0.5833333333333334,0.582971329278888,0.165944547268879,267,"all","DT#267","DT",267
338,396,180,237,0.6875,0.6525096525096525,0.6875,0.6875,0.6550868486352358,0.6377063423110338,0.275349781004706,267,"all","RF#267","RF",267
524,84,492,51,0.9113043478260869,0.6222222222222222,0.9113043478260869,0.9113043478260869,0.6587052168447517,0.5282363162467419,0.057099666435842134,267,"all","NB#267","NB",267
337,453,123,238,0.7864583333333334,0.7326086956521739,0.7864583333333334,0.7864583333333334,0.7150749802683504,0.6863596872284969,0.3726099790875529,267,"all","MLP#267","MLP",267
347,348,228,228,0.6041666666666666,0.6041666666666666,0.6041666666666666,0.6041666666666666,0.6041666666666666,0.6038227628149435,0.20764492753623176,268,"all","DT#268","DT",268
343,389,187,232,0.6753472222222222,0.6471698113207547,0.6753472222222222,0.6753472222222222,0.6499582289055974,0.635968722849696,0.2718874319662418,268,"all","RF#268","RF",268
531,78,498,44,0.9234782608695652,0.639344262295082,0.9234782608695652,0.9234782608695652,0.6620947630922693,0.529105125977411,0.058854589396760304,268,"all","NB#268","NB",268
353,440,136,222,0.7638888888888888,0.721881390593047,0.7638888888888888,0.7638888888888888,0.7108239095315024,0.6889661164205039,0.3778509891078854,268,"all","MLP#268","MLP",268
342,343,233,233,0.5954861111111112,0.5954861111111112,0.5954861111111112,0.5954861111111112,0.5954861111111112,0.5951346655082537,0.19026871980676313,269,"all","DT#269","DT",269
349,376,200,226,0.6527777777777778,0.6357012750455373,0.6527777777777778,0.6527777777777778,0.6383701188455009,0.629887054735013,0.2597444948020303,269,"all","RF#269","RF",269
170,470,106,405,0.8159722222222222,0.6159420289855072,0.8159722222222222,0.8159722222222222,0.6478290833907651,0.5560382276281495,0.1116748049013671,269,"all","NB#269","NB",269
320,452,124,255,0.7847222222222222,0.7207207207207207,0.7847222222222222,0.7847222222222222,0.7045985970381917,0.6707211120764552,0.3413114610528349,269,"all","MLP#269","MLP",269
360,332,244,215,0.6260869565217392,0.6069469835466179,0.6260869565217392,0.6260869565217392,0.6106870229007635,0.6012163336229366,0.20246698136705973,270,"all","DT#270","DT",270
325,403,173,250,0.6996527777777778,0.6526104417670683,0.6996527777777778,0.6996527777777778,0.6558177379983726,0.63249348392702,0.2649009622193402,270,"all","RF#270","RF",270
388,232,344,187,0.6747826086956522,0.5536992840095465,0.6747826086956522,0.6747826086956522,0.5937260902830911,0.5386620330147698,0.07754200770650688,270,"all","NB#270","NB",270
348,430,146,227,0.7465277777777778,0.7044534412955465,0.7465277777777778,0.7465277777777778,0.6974858069748581,0.6759339704604691,0.3517881866592985,270,"all","MLP#270","MLP",270
344,344,232,231,0.5982608695652174,0.5982608695652174,0.5982608695652174,0.5982608695652174,0.5977410947002606,0.5977410947002606,0.19548279667452187,271,"all","DT#271","DT",271
341,387,189,234,0.671875,0.6433962264150943,0.671875,0.671875,0.6466165413533834,0.63249348392702,0.26493647666281683,271,"all","RF#271","RF",271
528,79,497,47,0.9182608695652174,0.626984126984127,0.9182608695652174,0.9182608695652174,0.66,0.527367506516073,0.05537602775891981,271,"all","NB#271","NB",271
373,427,149,202,0.7413194444444444,0.7145593869731801,0.7413194444444444,0.7413194444444444,0.708713692946058,0.6950477845351868,0.39004630503346427,271,"all","MLP#271","MLP",271
339,376,200,236,0.6527777777777778,0.6289424860853432,0.6527777777777778,0.6527777777777778,0.6329966329966331,0.6211989574283232,0.24235616669988108,272,"all","DT#272","DT",272
345,412,164,230,0.7152777777777778,0.6777996070726916,0.7152777777777778,0.7152777777777778,0.6765188834154351,0.6576889661164205,0.31530919445476135,272,"all","RF#272","RF",272
262,384,192,313,0.6666666666666666,0.5770925110132159,0.6666666666666666,0.6666666666666666,0.6032992930086409,0.5612510860121633,0.12234118853232556,272,"all","NB#272","NB",272
342,428,148,233,0.7430555555555556,0.6979591836734694,0.7430555555555556,0.7430555555555556,0.6919967663702506,0.6689834926151172,0.3378815216324557,272,"all","MLP#272","MLP",272
349,326,250,226,0.6069565217391304,0.5905797101449275,0.6069565217391304,0.6069565217391304,0.5945485519591142,0.5864465682015638,0.17292247865415508,273,"all","DT#273","DT",273
335,406,170,240,0.7048611111111112,0.6633663366336634,0.7048611111111112,0.7048611111111112,0.6644844517184942,0.6437880104257168,0.2875001887276735,273,"all","RF#273","RF",273
532,63,513,43,0.9252173913043479,0.5943396226415094,0.9252173913043479,0.9252173913043479,0.6567901234567901,0.5169417897480452,0.03456786398539672,273,"all","NB#273","NB",273
339,414,162,236,0.71875,0.6766467065868264,0.71875,0.71875,0.6753670473083198,0.6542137271937446,0.30834966466664454,273,"all","MLP#273","MLP",273
333,355,221,242,0.6163194444444444,0.6010830324909747,0.6163194444444444,0.6163194444444444,0.6052855924978686,0.5977410947002606,0.19545607575119364,274,"all","DT#274","DT",274
333,410,166,242,0.7118055555555556,0.6673346693386774,0.7118055555555556,0.7118055555555556,0.6677524429967427,0.6455256298870548,0.29096937450552895,274,"all","RF#274","RF",274
538,63,513,37,0.9356521739130435,0.63,0.9356521739130435,0.9356521739130435,0.6617466174661747,0.522154648132059,0.04499484066401552,274,"all","NB#274","NB",274
395,401,175,180,0.6961805555555556,0.6929824561403509,0.6961805555555556,0.6961805555555556,0.6931719965427832,0.6915725456125109,0.38313996935363337,274,"all","MLP#274","MLP",274
342,354,222,233,0.6145833333333334,0.6063829787234043,0.6145833333333334,0.6145833333333334,0.6087704213241617,0.6046915725456126,0.20936941887621946,275,"all","DT#275","DT",275
348,421,155,227,0.7309027777777778,0.6918489065606361,0.7309027777777778,0.7309027777777778,0.6879084967320261,0.6681146828844483,0.33615670785471846,275,"all","RF#275","RF",275
507,124,452,68,0.8817391304347826,0.6458333333333334,0.8817391304347826,0.8817391304347826,0.6610169491525424,0.5482189400521286,0.09696069911162612,275,"all","NB#275","NB",275
330,452,124,245,0.7847222222222222,0.7268722466960352,0.7847222222222222,0.7847222222222222,0.7101335428122545,0.6794092093831451,0.3587007892444121,275,"all","MLP#275","MLP",275
349,348,228,226,0.6069565217391304,0.6062717770034843,0.6069565217391304,0.6069565217391304,0.6059027777777778,0.6055603822762815,0.21112255095848137,276,"all","DT#276","DT",276
344,407,169,231,0.7065972222222222,0.6705653021442495,0.7065972222222222,0.7065972222222222,0.670510708401977,0.6524761077324066,0.30488662888132645,276,"all","RF#276","RF",276
507,112,464,68,0.8817391304347826,0.6222222222222222,0.8817391304347826,0.8817391304347826,0.6558861578266493,0.5377932232841007,0.07613805756220611,276,"all","NB#276","NB",276
332,460,116,243,0.7986111111111112,0.7410714285714286,0.7986111111111112,0.7986111111111112,0.7193119624706802,0.6880973066898349,0.3760745191182488,276,"all","MLP#276","MLP",276
353,353,223,222,0.6139130434782609,0.6139130434782609,0.6139130434782609,0.6139130434782609,0.6133796698523024,0.6133796698523023,0.22675992336968084,277,"all","DT#277","DT",277
322,395,181,253,0.6857638888888888,0.6401590457256461,0.6857638888888888,0.6857638888888888,0.6454248366013071,0.6229365768896612,0.24579060525902577,277,"all","RF#277","RF",277
548,63,513,27,0.9530434782608695,0.7,0.9530434782608695,0.9530434782608695,0.669926650366748,0.5308427454387489,0.06237271567056772,277,"all","NB#277","NB",277
344,424,152,231,0.7361111111111112,0.6935483870967742,0.7361111111111112,0.7361111111111112,0.6888708367181153,0.6672458731537794,0.33441186373374854,277,"all","MLP#277","MLP",277
357,354,222,218,0.6208695652173913,0.6188811188811189,0.6208695652173913,0.6208695652173913,0.6187175043327555,0.6177237185056472,0.23545147674229008,278,"all","DT#278","DT",278
348,389,187,227,0.6753472222222222,0.6504672897196262,0.6753472222222222,0.6753472222222222,0.6526845637583892,0.6403127715030409,0.2805815568572984,278,"all","RF#278","RF",278
171,499,77,404,0.8663194444444444,0.6895161290322581,0.8663194444444444,0.8663194444444444,0.6747802569303584,0.5821025195482189,0.16379160606156723,278,"all","NB#278","NB",278
352,429,147,223,0.7447916666666666,0.7054108216432866,0.7447916666666666,0.7447916666666666,0.6986970684039088,0.6785403996524761,0.35700654060550424,278,"all","MLP#278","MLP",278
347,345,231,228,0.6034782608695652,0.6020942408376964,0.6034782608695652,0.6034782608695652,0.6019080659150043,0.6012163336229366,0.20243567737464965,279,"all","DT#279","DT",279
351,392,184,224,0.6805555555555556,0.6560747663551402,0.6805555555555556,0.6805555555555556,0.6577181208053691,0.6455256298870548,0.29100791110574326,279,"all","RF#279","RF",279
378,261,315,197,0.6573913043478261,0.5698689956331878,0.6573913043478261,0.6573913043478261,0.5962145110410094,0.5551694178974804,0.1104966204691797,279,"all","NB#279","NB",279
358,458,118,217,0.7951388888888888,0.7521008403361344,0.7951388888888888,0.7951388888888888,0.7322142286171063,0.7089487402258905,0.41781002897474095,279,"all","MLP#279","MLP",279
327,354,222,248,0.6145833333333334,0.5956284153005464,0.6145833333333334,0.6145833333333334,0.6010186757215619,0.5916594265855778,0.18328617971116026,280,"all","DT#280","DT",280
349,401,175,226,0.6961805555555556,0.666030534351145,0.6961805555555556,0.6961805555555556,0.6666666666666666,0.6516072980017377,0.30316041845009206,280,"all","RF#280","RF",280
495,118,458,80,0.8608695652173913,0.5959595959595959,0.8608695652173913,0.8608695652173913,0.6479057591623035,0.5325803649000869,0.06569318836774898,280,"all","NB#280","NB",280
352,454,122,223,0.7881944444444444,0.7426160337552743,0.7881944444444444,0.7881944444444444,0.724660814046289,0.7002606429192006,0.40042941330124304,280,"all","MLP#280","MLP",280
352,329,247,223,0.6121739130434782,0.5960144927536232,0.6121739130434782,0.6121739130434782,0.5996592844974445,0.5916594265855778,0.18334782556187598,281,"all","DT#281","DT",281
345,395,181,230,0.6857638888888888,0.655893536121673,0.6857638888888888,0.6857638888888888,0.6577851790174853,0.6429192006950478,0.28578502938774175,281,"all","RF#281","RF",281
455,161,415,120,0.7913043478260869,0.5729537366548043,0.7913043478260869,0.7913043478260869,0.6297577854671279,0.5351867940920938,0.07078671183576148,281,"all","NB#281","NB",281
368,445,131,207,0.7725694444444444,0.7374749498997996,0.7725694444444444,0.7725694444444444,0.7247557003257329,0.7063423110338836,0.4126167857423254,281,"all","MLP#281","MLP",281
341,320,256,234,0.5930434782608696,0.5776173285198556,0.5930434782608696,0.5930434782608696,0.5819112627986348,0.5742832319721981,0.14859409862595155,282,"all","DT#282","DT",282
334,396,180,241,0.6875,0.6498054474708171,0.6875,0.6875,0.6529266281945589,0.634231103388358,0.26839428147821587,282,"all","RF#282","RF",282
413,223,353,162,0.7182608695652174,0.5792207792207792,0.7182608695652174,0.7182608695652174,0.615958240119314,0.5525629887054735,0.10538326056345465,282,"all","NB#282","NB",282
353,441,135,222,0.765625,0.7233606557377049,0.765625,0.765625,0.7118644067796611,0.6898349261511729,0.37958789877293664,282,"all","MLP#282","MLP",282
369,340,236,206,0.6417391304347826,0.6227106227106227,0.6417391304347826,0.6417391304347826,0.6254237288135593,0.6159860990443093,0.23200640067629794,283,"all","DT#283","DT",283
330,403,173,245,0.6996527777777778,0.6560636182902585,0.6996527777777778,0.6996527777777778,0.6584967320261437,0.6368375325803649,0.27359555990385426,283,"all","RF#283","RF",283
398,214,362,177,0.6921739130434783,0.5473145780051151,0.6921739130434783,0.6921739130434783,0.59625468164794,0.5317115551694179,0.0636839047065661,283,"all","NB#283","NB",283
352,412,164,223,0.7152777777777778,0.6821705426356589,0.7152777777777778,0.7152777777777778,0.6804293971924029,0.6637706342311034,0.32748085955723716,283,"all","MLP#283","MLP",283
359,346,230,216,0.6243478260869565,0.6156583629893239,0.6243478260869565,0.6243478260869565,0.6168384879725086,0.6125108601216334,0.22503751430374352,284,"all","DT#284","DT",284
351,404,172,224,0.7013888888888888,0.6711281070745698,0.7013888888888888,0.7013888888888888,0.67109634551495,0.6559513466550826,0.311848152330799,284,"all","RF#284","RF",284
563,10,566,12,0.9791304347826087,0.49867139061116034,0.9791304347826087,0.9791304347826087,0.6607981220657277,0.49782797567332754,-0.0035055222534294017,284,"all","NB#284","NB",284
357,433,143,218,0.7517361111111112,0.714,0.7517361111111112,0.7517361111111112,0.7057864710676447,0.6863596872284969,0.37264786924848076,284,"all","MLP#284","MLP",284
342,344,232,233,0.5972222222222222,0.5961871750433275,0.5972222222222222,0.5972222222222222,0.5967042497831744,0.5960034752389227,0.19200512078067766,285,"all","DT#285","DT",285
326,396,180,249,0.6875,0.6442687747035574,0.6875,0.6875,0.6486486486486488,0.6272806255430061,0.2544830303881293,285,"all","RF#285","RF",285
536,46,530,39,0.9321739130434783,0.5411764705882353,0.9321739130434783,0.9321739130434783,0.6532602071907373,0.5056472632493484,0.012026109873267353,285,"all","NB#285","NB",285
352,423,153,223,0.734375,0.697029702970297,0.734375,0.734375,0.6923076923076923,0.6733275412684622,0.34658553893074445,285,"all","MLP#285","MLP",285
341,347,229,234,0.6024305555555556,0.5982456140350877,0.6024305555555556,0.6024305555555556,0.5998271391529819,0.5977410947002606,0.19547550932600613,286,"all","DT#286","DT",286
328,401,175,247,0.6961805555555556,0.6520874751491054,0.6961805555555556,0.6961805555555556,0.6552287581699346,0.6333622936576889,0.26664432124264703,286,"all","RF#286","RF",286
545,42,534,30,0.9478260869565217,0.5833333333333334,0.9478260869565217,0.9478260869565217,0.6590084643288996,0.5099913119026933,0.020726983092574647,286,"all","NB#286","NB",286
321,470,106,254,0.8159722222222222,0.7517564402810304,0.8159722222222222,0.8159722222222222,0.7230769230769231,0.687228496959166,0.3743167253553029,286,"all","MLP#286","MLP",286
345,360,216,230,0.625,0.6149732620320856,0.625,0.625,0.6174957118353345,0.6125108601216334,0.22500475553529214,287,"all","DT#287","DT",287
348,396,180,227,0.6875,0.6590909090909091,0.6875,0.6875,0.6605504587155964,0.6463944396177237,0.29273816227902644,287,"all","RF#287","RF",287
538,51,525,37,0.9356521739130435,0.5795454545454546,0.9356521739130435,0.9356521739130435,0.656898656898657,0.5117289313640313,0.024176029736546742,287,"all","NB#287","NB",287
330,433,143,245,0.7517361111111112,0.6976744186046512,0.7517361111111112,0.7517361111111112,0.6905901116427433,0.6629018245004344,0.32569930756245685,287,"all","MLP#287","MLP",287
350,341,235,225,0.6086956521739131,0.6024734982332155,0.6086956521739131,0.6086956521739131,0.603448275862069,0.6003475238922676,0.20070651107320256,288,"all","DT#288","DT",288
348,402,174,227,0.6979166666666666,0.6666666666666666,0.6979166666666666,0.6979166666666666,0.6672199170124481,0.6516072980017377,0.3031583142974906,288,"all","RF#288","RF",288
527,92,484,48,0.9165217391304348,0.6571428571428571,0.9165217391304348,0.9165217391304348,0.6645649432534678,0.5377932232841007,0.07619380963013464,288,"all","NB#288","NB",288
349,420,156,226,0.7291666666666666,0.691089108910891,0.7291666666666666,0.7291666666666666,0.6873977086743044,0.6681146828844483,0.3361587124243202,288,"all","MLP#288","MLP",288
350,334,242,225,0.6086956521739131,0.5974955277280859,0.6086956521739131,0.6086956521739131,0.5998286203941732,0.5942658557775847,0.18855192424107478,289,"all","DT#289","DT",289
348,397,179,227,0.6892361111111112,0.6603415559772297,0.6892361111111112,0.6892361111111112,0.6616666666666666,0.6472632493483927,0.2944748411720657,289,"all","RF#289","RF",289
305,347,229,270,0.6024305555555556,0.5711610486891385,0.6024305555555556,0.6024305555555556,0.5817267393126572,0.5664639443961772,0.1328735625242503,289,"all","NB#289","NB",289
363,414,162,212,0.71875,0.6914285714285714,0.71875,0.71875,0.6888519134775375,0.6750651607298002,0.3500807730052087,289,"all","MLP#289","MLP",289
352,346,230,223,0.6121739130434782,0.6080843585237259,0.6121739130434782,0.6121739130434782,0.6084701815038893,0.6064291920069504,0.21286610799704697,290,"all","DT#290","DT",290
332,391,185,243,0.6788194444444444,0.6421663442940039,0.6788194444444444,0.6788194444444444,0.6462809917355373,0.6281494352736751,0.25623318466894746,290,"all","RF#290","RF",290
565,14,562,10,0.9826086956521739,0.5833333333333334,0.9826086956521739,0.9826086956521739,0.663924794359577,0.5030408340573415,0.006908494129288447,290,"all","NB#290","NB",290
348,434,142,227,0.7534722222222222,0.710204081632653,0.7534722222222222,0.7534722222222222,0.7016976556184317,0.6794092093831451,0.3587356469353706,290,"all","MLP#290","MLP",290
343,352,224,232,0.6111111111111112,0.6049382716049383,0.6111111111111112,0.6111111111111112,0.606896551724138,0.6038227628149435,0.20763535791495058,291,"all","DT#291","DT",291
324,413,163,251,0.7170138888888888,0.6652977412731006,0.7170138888888888,0.7170138888888888,0.6661290322580645,0.6403127715030409,0.2805294181594175,291,"all","RF#291","RF",291
462,182,394,113,0.8034782608695652,0.6169491525423729,0.8034782608695652,0.8034782608695652,0.6457023060796646,0.5595134665508253,0.11939983189498415,291,"all","NB#291","NB",291
342,433,143,233,0.7517361111111112,0.7051546391752578,0.7517361111111112,0.7517361111111112,0.6972624798711755,0.6733275412684622,0.3465658075523546,291,"all","MLP#291","MLP",291
349,354,222,226,0.6145833333333334,0.6112084063047285,0.6145833333333334,0.6145833333333334,0.6124567474048443,0.6107732406602954,0.22154119288159949,292,"all","DT#292","DT",292
330,411,165,245,0.7135416666666666,0.6666666666666666,0.7135416666666666,0.7135416666666666,0.6672077922077921,0.6437880104257168,0.28748943109071146,292,"all","RF#292","RF",292
312,333,243,263,0.578125,0.5621621621621622,0.578125,0.578125,0.568259385665529,0.5603822762814944,0.12073734110329419,292,"all","NB#292","NB",292
353,394,182,222,0.6840277777777778,0.6598130841121496,0.6840277777777778,0.6840277777777778,0.6610738255033558,0.6490008688097306,0.29795881393803975,292,"all","MLP#292","MLP",292
357,336,240,218,0.6208695652173913,0.6064981949458483,0.6208695652173913,0.6208695652173913,0.6092150170648464,0.6020851433536055,0.2041961166748689,293,"all","DT#293","DT",293
346,390,186,229,0.6770833333333334,0.650375939849624,0.6770833333333334,0.6770833333333334,0.6527196652719666,0.6394439617723718,0.27884056483135217,293,"all","RF#293","RF",293
540,69,507,35,0.9391304347826087,0.6634615384615384,0.9391304347826087,0.9391304347826087,0.6658446362515413,0.529105125977411,0.0588801457898359,293,"all","NB#293","NB",293
368,430,146,207,0.7465277777777778,0.7159533073929961,0.7465277777777778,0.7465277777777778,0.7089859851607584,0.6933101650738488,0.38656337615631864,293,"all","MLP#293","MLP",293
338,351,225,237,0.609375,0.6003552397868561,0.609375,0.609375,0.6030927835051546,0.5986099044309297,0.19720465950470112,294,"all","DT#294","DT",294
331,405,171,244,0.703125,0.6593625498007968,0.703125,0.703125,0.6612244897959184,0.6394439617723718,0.27880790002521405,294,"all","RF#294","RF",294
561,24,552,14,0.9756521739130435,0.631578947368421,0.9756521739130435,0.9756521739130435,0.6646919431279621,0.5082536924413553,0.017304785666231146,294,"all","NB#294","NB",294
380,434,142,195,0.7534722222222222,0.7279693486590039,0.7534722222222222,0.7534722222222222,0.7203319502074689,0.7072111207645526,0.41437494243953704,294,"all","MLP#294","MLP",294
341,350,226,234,0.6076388888888888,0.6014109347442681,0.6076388888888888,0.6076388888888888,0.603448275862069,0.6003475238922676,0.20068479087911695,295,"all","DT#295","DT",295
341,397,179,234,0.6892361111111112,0.6557692307692308,0.6892361111111112,0.6892361111111112,0.6578293289146645,0.6411815812337098,0.28230302938800783,295,"all","RF#295","RF",295
399,237,339,176,0.6939130434782609,0.5738498789346247,0.6939130434782609,0.6939130434782609,0.6077684691546078,0.5525629887054735,0.10534545394173823,295,"all","NB#295","NB",295
335,452,124,240,0.7847222222222222,0.7298474945533769,0.7847222222222222,0.7847222222222222,0.7129337539432177,0.68375325803649,0.3673952564156766,295,"all","MLP#295","MLP",295
341,367,209,234,0.6371527777777778,0.62,0.6371527777777778,0.6371527777777778,0.6236193712829228,0.6151172893136403,0.2302049443291187,296,"all","DT#296","DT",296
337,406,170,238,0.7048611111111112,0.6646942800788954,0.7048611111111112,0.7048611111111112,0.6655737704918033,0.6455256298870548,0.2909779385564944,296,"all","RF#296","RF",296
451,165,411,124,0.7843478260869565,0.5709342560553633,0.7843478260869565,0.7843478260869565,0.627696590118302,0.5351867940920938,0.07077549431330316,296,"all","NB#296","NB",296
334,459,117,241,0.796875,0.7405764966740577,0.796875,0.796875,0.719435736677116,0.6889661164205039,0.377815291509884,296,"all","MLP#296","MLP",296
347,341,235,228,0.6034782608695652,0.5992970123022847,0.6034782608695652,0.6034782608695652,0.5998271391529819,0.5977410947002606,0.19549008389102152,297,"all","DT#297","DT",297
329,409,167,246,0.7100694444444444,0.6633064516129032,0.7100694444444444,0.7100694444444444,0.6645004061738423,0.6411815812337098,0.28227702277294553,297,"all","RF#297","RF",297
449,170,406,126,0.7808695652173913,0.5743243243243243,0.7808695652173913,0.7808695652173913,0.627972027972028,0.5377932232841007,0.07597633850425538,297,"all","NB#297","NB",297
329,483,93,246,0.8385416666666666,0.7796208530805687,0.8385416666666666,0.8385416666666666,0.7402298850574712,0.7054735013032146,0.41081046799759013,297,"all","MLP#297","MLP",297
327,366,210,248,0.6354166666666666,0.6089385474860335,0.6354166666666666,0.6354166666666666,0.615126050420168,0.6020851433536055,0.20412402885431222,298,"all","DT#298","DT",298
349,412,164,226,0.7152777777777778,0.6803118908382066,0.7152777777777778,0.7152777777777778,0.6787479406919276,0.6611642050390965,0.3222644631592933,298,"all","RF#298","RF",298
454,171,405,121,0.7895652173913044,0.5856164383561644,0.7895652173913044,0.7895652173913044,0.6331938633193863,0.5430060816681147,0.08640317255283064,298,"all","NB#298","NB",298
367,436,140,208,0.7569444444444444,0.7238658777120316,0.7569444444444444,0.7569444444444444,0.7147540983606556,0.6976542137271937,0.39524588876877453,298,"all","MLP#298","MLP",298
376,346,230,199,0.6539130434782608,0.634862385321101,0.6539130434782608,0.6539130434782608,0.6367485182049111,0.6272806255430061,0.2545955729728833,299,"all","DT#299","DT",299
363,389,187,212,0.6753472222222222,0.66,0.6753472222222222,0.6753472222222222,0.6610025488530161,0.6533449174630755,0.3066631439894319,299,"all","RF#299","RF",299
166,479,97,409,0.8315972222222222,0.6311787072243346,0.8315972222222222,0.8315972222222222,0.6543715846994536,0.5603822762814944,0.12034956078346086,299,"all","NB#299","NB",299
338,463,113,237,0.8038194444444444,0.7494456762749445,0.8038194444444444,0.8038194444444444,0.7257053291536051,0.6959165942658557,0.39171886041469106,299,"all","MLP#299","MLP",299
351,369,207,224,0.640625,0.6290322580645161,0.640625,0.640625,0.6313088109495295,0.6255430060816681,0.2510662260353904,300,"all","DT#300","DT",300
345,396,180,230,0.6875,0.6571428571428571,0.6875,0.6875,0.658901830282862,0.6437880104257168,0.28752170302710045,300,"all","RF#300","RF",300
271,399,177,304,0.6927083333333334,0.6049107142857143,0.6927083333333334,0.6927083333333334,0.6239249413604377,0.5821025195482189,0.1640441328575979,300,"all","NB#300","NB",300
369,451,125,206,0.7829861111111112,0.7469635627530364,0.7829861111111112,0.7829861111111112,0.7315490673154906,0.7124239791485665,0.42477718440811757,300,"all","MLP#300","MLP",300
319,343,233,256,0.5954861111111112,0.5778985507246377,0.5954861111111112,0.5954861111111112,0.5838297872340427,0.575152041702867,0.15027393765182046,301,"all","DT#301","DT",301
331,407,169,244,0.7065972222222222,0.662,0.7065972222222222,0.7065972222222222,0.6634066829665852,0.6411815812337098,0.28228135733967474,301,"all","RF#301","RF",301
422,211,365,153,0.7339130434782609,0.5796703296703297,0.7339130434782609,0.7339130434782609,0.6196769456681351,0.5499565595134666,0.10020041894804199,301,"all","NB#301","NB",301
342,432,144,233,0.75,0.7037037037037037,0.75,0.75,0.6962127316680097,0.6724587315377932,0.3448289398786975,301,"all","MLP#301","MLP",301
356,356,220,219,0.6191304347826087,0.6191304347826087,0.6191304347826087,0.6191304347826087,0.6185925282363163,0.6185925282363163,0.23718563226806733,302,"all","DT#302","DT",302
351,374,202,224,0.6493055555555556,0.6347197106690777,0.6493055555555556,0.6493055555555556,0.6371379897785349,0.629887054735013,0.2597489650924398,302,"all","RF#302","RF",302
565,16,560,10,0.9826086956521739,0.6153846153846154,0.9826086956521739,0.9826086956521739,0.6647058823529411,0.5047784535186794,0.010377856550267912,302,"all","NB#302","NB",302
363,441,135,212,0.765625,0.7289156626506024,0.765625,0.765625,0.7176566314076485,0.6985230234578628,0.3969754938300498,302,"all","MLP#302","MLP",302
360,335,241,215,0.6260869565217392,0.6090909090909091,0.6260869565217392,0.6260869565217392,0.6122448979591837,0.6038227628149435,0.20767602720907694,303,"all","DT#303","DT",303
340,401,175,235,0.6961805555555556,0.6601941747572816,0.6961805555555556,0.6961805555555556,0.6617161716171618,0.6437880104257168,0.28751094603979827,303,"all","RF#303","RF",303
395,219,357,180,0.6869565217391305,0.5488721804511278,0.6869565217391305,0.6869565217391305,0.5953278070836473,0.5334491746307559,0.06714691273618024,303,"all","NB#303","NB",303
320,426,150,255,0.7395833333333334,0.6808510638297872,0.7395833333333334,0.7395833333333334,0.6778042959427207,0.6481320590790617,0.2961520168504971,303,"all","MLP#303","MLP",303
356,360,216,219,0.625,0.6223776223776224,0.625,0.625,0.6233766233766234,0.6220677671589921,0.2441315404508174,304,"all","DT#304","DT",304
340,404,172,235,0.7013888888888888,0.6640625,0.7013888888888888,0.7013888888888888,0.6650205761316872,0.6463944396177237,0.29272107703480243,304,"all","RF#304","RF",304
171,492,84,404,0.8541666666666666,0.6705882352941176,0.8541666666666666,0.8541666666666666,0.6684782608695653,0.5760208514335361,0.15163122281295321,304,"all","NB#304","NB",304
338,477,99,237,0.828125,0.7734553775743707,0.828125,0.828125,0.7395348837209302,0.7080799304952216,0.4160377614901655,304,"all","MLP#304","MLP",304
336,343,233,239,0.5954861111111112,0.5905096660808435,0.5954861111111112,0.5954861111111112,0.5924006908462867,0.5899218071242398,0.17983556614341314,305,"all","DT#305","DT",305
326,396,180,249,0.6875,0.6442687747035574,0.6875,0.6875,0.6486486486486488,0.6272806255430061,0.2544830303881293,305,"all","RF#305","RF",305
543,51,525,32,0.9443478260869566,0.6144578313253012,0.9443478260869566,0.9443478260869566,0.6609860012172853,0.5160729800173762,0.032865032516559985,305,"all","NB#305","NB",305
308,456,120,267,0.7916666666666666,0.719626168224299,0.7916666666666666,0.7916666666666666,0.7020785219399538,0.6637706342311034,0.32739149539526435,305,"all","MLP#305","MLP",305
330,345,231,245,0.5989583333333334,0.5882352941176471,0.5989583333333334,0.5989583333333334,0.5917667238421956,0.5864465682015638,0.17287503057129827,306,"all","DT#306","DT",306
347,400,176,228,0.6944444444444444,0.6634799235181644,0.6944444444444444,0.6944444444444444,0.6644518272425248,0.6490008688097306,0.297946094802128,306,"all","RF#306","RF",306
502,124,452,73,0.8730434782608696,0.6294416243654822,0.8730434782608696,0.8730434782608696,0.6566383257030739,0.5438748913987836,0.08827075088377864,306,"all","NB#306","NB",306
322,431,145,253,0.7482638888888888,0.6895074946466809,0.7482638888888888,0.7482638888888888,0.6841269841269841,0.6542137271937446,0.30831415750152513,306,"all","MLP#306","MLP",306
365,374,202,210,0.6493055555555556,0.6437389770723104,0.6493055555555556,0.6493055555555556,0.6448275862068966,0.6420503909643788,0.284091595309122,307,"all","DT#307","DT",307
363,400,176,212,0.6944444444444444,0.673469387755102,0.6944444444444444,0.6944444444444444,0.6734006734006733,0.6629018245004344,0.3257664969714539,307,"all","RF#307","RF",307
459,166,410,116,0.7982608695652174,0.5886524822695035,0.7982608695652174,0.7982608695652174,0.6357340720221607,0.5430060816681147,0.08641695865663493,307,"all","NB#307","NB",307
361,447,129,214,0.7760416666666666,0.736734693877551,0.7760416666666666,0.7760416666666666,0.7227162489894907,0.7019982623805386,0.4039195850916859,307,"all","MLP#307","MLP",307
343,354,222,232,0.6145833333333334,0.6070796460176991,0.6145833333333334,0.6145833333333334,0.6092943201376937,0.6055603822762815,0.21110825948459377,308,"all","DT#308","DT",308
342,394,182,233,0.6840277777777778,0.6526717557251909,0.6840277777777778,0.6840277777777778,0.6550290939318371,0.6394439617723718,0.27883185450570613,308,"all","RF#308","RF",308
206,452,124,369,0.7847222222222222,0.6242424242424243,0.7847222222222222,0.7847222222222222,0.6471009305654976,0.5716768027801912,0.14303599610363138,308,"all","NB#308","NB",308
355,414,162,220,0.71875,0.6866537717601547,0.71875,0.71875,0.6842975206611571,0.6681146828844483,0.3361707395877055,308,"all","MLP#308","MLP",308
347,337,239,228,0.6034782608695652,0.5964601769911504,0.6034782608695652,0.6034782608695652,0.5977605512489234,0.5942658557775847,0.18854457428998003,309,"all","DT#309","DT",309
337,385,191,238,0.6684027777777778,0.6382575757575758,0.6684027777777778,0.6684027777777778,0.6422018348623854,0.6272806255430061,0.2545077926724874,309,"all","RF#309","RF",309
463,130,446,112,0.8052173913043478,0.5371900826446281,0.8052173913043478,0.8052173913043478,0.6239892183288409,0.5152041702867072,0.030896257020161886,309,"all","NB#309","NB",309
365,395,181,210,0.6857638888888888,0.6684981684981685,0.6857638888888888,0.6857638888888888,0.6689246401354784,0.6602953953084274,0.32056053178656674,309,"all","MLP#309","MLP",309
331,337,239,244,0.5850694444444444,0.5807017543859649,0.5850694444444444,0.5850694444444444,0.5825410544511668,0.580364900086881,0.1607228315431124,310,"all","DT#310","DT",310
357,396,180,218,0.6875,0.664804469273743,0.6875,0.6875,0.665546218487395,0.6542137271937446,0.30838725651531945,310,"all","RF#310","RF",310
273,377,199,302,0.6545138888888888,0.5783898305084746,0.6545138888888888,0.6545138888888888,0.600796812749004,0.5647263249348393,0.12931660569200837,310,"all","NB#310","NB",310
373,449,127,202,0.7795138888888888,0.746,0.7795138888888888,0.7795138888888888,0.7318663406682966,0.7141615986099045,0.42825803042313076,310,"all","MLP#310","MLP",310
354,324,252,221,0.6156521739130435,0.5944954128440367,0.6156521739130435,0.6156521739130435,0.5994919559695173,0.5890529973935708,0.17814383686753785,311,"all","DT#311","DT",311
357,394,182,218,0.6840277777777778,0.6623376623376623,0.6840277777777778,0.6840277777777778,0.6632996632996634,0.6524761077324066,0.30491391440356064,311,"all","RF#311","RF",311
535,88,488,40,0.9304347826086956,0.6875,0.9304347826086956,0.9304347826086956,0.6695869837296621,0.5412684622067767,0.08315631939750895,311,"all","NB#311","NB",311
351,408,168,224,0.7083333333333334,0.6763005780346821,0.7083333333333334,0.7083333333333334,0.6754966887417219,0.6594265855777585,0.31879506721582745,311,"all","MLP#311","MLP",311
348,327,249,227,0.6052173913043478,0.5902527075812274,0.6052173913043478,0.6052173913043478,0.5938566552901023,0.5864465682015638,0.17291998152235283,312,"all","DT#312","DT",312
341,390,186,234,0.6770833333333334,0.6470588235294118,0.6770833333333334,0.6770833333333334,0.65,0.6350999131190269,0.2701463874193782,312,"all","RF#312","RF",312
335,286,290,240,0.5826086956521739,0.5437262357414449,0.5826086956521739,0.5826086956521739,0.5583333333333333,0.5395308427454387,0.07913050041512541,312,"all","NB#312","NB",312
370,433,143,205,0.7517361111111112,0.7212475633528265,0.7517361111111112,0.7517361111111112,0.7133443163097201,0.6976542137271937,0.3952513671267539,312,"all","MLP#312","MLP",312
380,328,248,195,0.6608695652173913,0.627151051625239,0.6608695652173913,0.6608695652173913,0.6317539484621779,0.6151172893136403,0.23029558323382932,313,"all","DT#313","DT",313
345,391,185,230,0.6788194444444444,0.6509433962264151,0.6788194444444444,0.6788194444444444,0.6532999164578113,0.6394439617723718,0.2788383872696666,313,"all","RF#313","RF",313
474,150,426,101,0.8243478260869566,0.5976095617529881,0.8243478260869566,0.8243478260869566,0.6427118644067796,0.5421372719374457,0.0847229242898637,313,"all","NB#313","NB",313
371,423,153,204,0.734375,0.7080152671755725,0.734375,0.734375,0.7032418952618453,0.6898349261511729,0.37962161941816175,313,"all","MLP#313","MLP",313
363,324,252,212,0.6313043478260869,0.6044776119402985,0.6313043478260869,0.6313043478260869,0.6100840336134453,0.5968722849695917,0.19379264537165633,314,"all","DT#314","DT",314
343,404,172,232,0.7013888888888888,0.6660194174757281,0.7013888888888888,0.7013888888888888,0.6666666666666666,0.6490008688097306,0.2979376151221426,314,"all","RF#314","RF",314
553,49,527,22,0.9617391304347827,0.6901408450704225,0.9617391304347827,0.9617391304347827,0.6682779456193354,0.5230234578627281,0.046772916179543066,314,"all","NB#314","NB",314
339,461,115,236,0.8003472222222222,0.7466960352422908,0.8003472222222222,0.8003472222222222,0.7242733699921446,0.6950477845351868,0.389983677573953,314,"all","MLP#314","MLP",314
340,355,221,235,0.6163194444444444,0.6060606060606061,0.6163194444444444,0.6163194444444444,0.6089193825042881,0.6038227628149435,0.20762818054729418,315,"all","DT#315","DT",315
331,399,177,244,0.6927083333333334,0.6515748031496063,0.6927083333333334,0.6927083333333334,0.6546349466776046,0.634231103388358,0.2683876539444661,315,"all","RF#315","RF",315
184,466,110,391,0.8090277777777778,0.6258503401360545,0.8090277777777778,0.8090277777777778,0.6503838101884158,0.5647263249348393,0.12908253652289112,315,"all","NB#315","NB",315
344,453,123,231,0.7864583333333334,0.7366167023554604,0.7864583333333334,0.7864583333333334,0.7190476190476192,0.6924413553431799,0.3847819390842711,315,"all","MLP#315","MLP",315
359,341,235,216,0.6243478260869565,0.6122082585278277,0.6243478260869565,0.6243478260869565,0.6142001710863986,0.6081668114682884,0.21635550912639887,316,"all","DT#316","DT",316
344,396,180,231,0.6875,0.6564885496183206,0.6875,0.6875,0.6583541147132169,0.6429192006950478,0.28578287277553077,316,"all","RF#316","RF",316
514,92,484,61,0.8939130434782608,0.6013071895424836,0.8939130434782608,0.8939130434782608,0.6535282898919262,0.526498696785404,0.053601036777540766,316,"all","NB#316","NB",316
336,432,144,239,0.75,0.7,0.75,0.75,0.6928628708901362,0.6672458731537794,0.3343957844195651,316,"all","MLP#316","MLP",316
330,328,248,245,0.5739130434782609,0.5724258289703316,0.5739130434782609,0.5739130434782609,0.572419774501301,0.5716768027801912,0.14335683866166077,317,"all","DT#317","DT",317
333,383,193,242,0.6649305555555556,0.6330798479087453,0.6649305555555556,0.6649305555555556,0.6378018318068276,0.6220677671589921,0.24407904570235428,317,"all","RF#317","RF",317
8,569,7,567,0.9878472222222222,0.5333333333333333,0.9878472222222222,0.9878472222222222,0.6647196261682243,0.5013032145960035,0.0017617551069744922,317,"all","NB#317","NB",317
368,427,149,207,0.7413194444444444,0.7117988394584139,0.7413194444444444,0.7413194444444444,0.7057851239669422,0.6907037358818419,0.3813528358461339,317,"all","MLP#317","MLP",317
323,375,201,252,0.6510416666666666,0.6164122137404581,0.6510416666666666,0.6510416666666666,0.6234413965087281,0.6064291920069504,0.21279718094237318,318,"all","DT#318","DT",318
314,400,176,261,0.6944444444444444,0.6408163265306123,0.6944444444444444,0.6944444444444444,0.646725949878739,0.6203301476976543,0.24056227021885362,318,"all","RF#318","RF",318
453,139,437,122,0.7878260869565218,0.5325670498084292,0.7878260869565218,0.7878260869565218,0.6184300341296929,0.5143353605560382,0.029131678021472256,318,"all","NB#318","NB",318
304,469,107,271,0.8142361111111112,0.7396593673965937,0.8142361111111112,0.8142361111111112,0.7127659574468085,0.6715899218071243,0.34301668891452597,318,"all","MLP#318","MLP",318
333,352,224,242,0.6111111111111112,0.5978456014362658,0.6111111111111112,0.6111111111111112,0.6017094017094017,0.5951346655082537,0.19024671564142737,319,"all","DT#319","DT",319
342,389,187,233,0.6753472222222222,0.6465028355387523,0.6753472222222222,0.6753472222222222,0.6494156928213689,0.6350999131190269,0.27014859123671026,319,"all","RF#319","RF",319
463,154,422,112,0.8052173913043478,0.5789473684210527,0.8052173913043478,0.8052173913043478,0.6342465753424659,0.5360556038227628,0.07254455191561934,319,"all","NB#319","NB",319
352,457,119,223,0.7934027777777778,0.7473460721868365,0.7934027777777778,0.7934027777777778,0.7277070063694266,0.7028670721112077,0.4056403783202679,319,"all","MLP#319","MLP",319
353,372,204,222,0.6458333333333334,0.6337522441651705,0.6458333333333334,0.6458333333333334,0.6358974358974359,0.629887054735013,0.2597534353288586,320,"all","DT#320","DT",320
303,396,180,272,0.6875,0.6273291925465838,0.6875,0.6875,0.6366559485530547,0.6072980017376195,0.21448631150461725,320,"all","RF#320","RF",320
249,410,166,326,0.7118055555555556,0.6,0.7118055555555556,0.7118055555555556,0.6249999999999999,0.5725456125108601,0.1448840299589272,320,"all","NB#320","NB",320
356,431,145,219,0.7482638888888888,0.7105788423153693,0.7482638888888888,0.7482638888888888,0.7030995106035889,0.68375325803649,0.3674353717051723,320,"all","MLP#320","MLP",320
347,352,224,228,0.6111111111111112,0.6077057793345009,0.6111111111111112,0.6111111111111112,0.6089965397923877,0.6072980017376195,0.21459066781804248,321,"all","DT#321","DT",321
330,391,185,245,0.6788194444444444,0.6407766990291263,0.6788194444444444,0.6788194444444444,0.6452145214521451,0.6264118158123371,0.25275538243198353,321,"all","RF#321","RF",321
532,82,494,43,0.9252173913043479,0.656,0.9252173913043479,0.9252173913043479,0.6645846346033729,0.5334491746307559,0.06753252239191017,321,"all","NB#321","NB",321
351,398,178,224,0.6909722222222222,0.6635160680529301,0.6909722222222222,0.6909722222222222,0.664440734557596,0.6507384882710686,0.30142793732656553,321,"all","MLP#321","MLP",321
351,355,221,224,0.6163194444444444,0.6136363636363636,0.6163194444444444,0.6163194444444444,0.6147186147186148,0.6133796698523023,0.2267552540243994,322,"all","DT#322","DT",322
340,383,193,235,0.6649305555555556,0.6378986866791745,0.6649305555555556,0.6649305555555556,0.6415410385259631,0.6281494352736751,0.25625115119014197,322,"all","RF#322","RF",322
396,228,348,179,0.688695652173913,0.5601965601965602,0.688695652173913,0.688695652173913,0.6004548900682335,0.5421372719374457,0.08450742488706826,322,"all","NB#322","NB",322
349,446,130,226,0.7743055555555556,0.7286012526096033,0.7743055555555556,0.7743055555555556,0.7147435897435899,0.6907037358818419,0.38131734067739276,322,"all","MLP#322","MLP",322
357,332,244,218,0.6208695652173913,0.6036363636363636,0.6208695652173913,0.6208695652173913,0.6071428571428572,0.5986099044309297,0.19725071177761752,323,"all","DT#323","DT",323
354,392,184,221,0.6805555555555556,0.6579925650557621,0.6805555555555556,0.6805555555555556,0.6593776282590412,0.6481320590790617,0.29622427581250765,323,"all","RF#323","RF",323
536,57,519,39,0.9321739130434783,0.59375,0.9321739130434783,0.9321739130434783,0.6576687116564418,0.5152041702867072,0.031109703113685657,323,"all","NB#323","NB",323
371,426,150,204,0.7395833333333334,0.7120921305182342,0.7395833333333334,0.7395833333333334,0.7064676616915423,0.6924413553431799,0.38483209681948705,323,"all","MLP#323","MLP",323
356,338,238,219,0.6191304347826087,0.6068222621184919,0.6191304347826087,0.6191304347826087,0.6090675791274595,0.6029539530842746,0.2059300835271936,324,"all","DT#324","DT",324
327,407,169,248,0.7065972222222222,0.6592741935483871,0.7065972222222222,0.7065972222222222,0.6612510154346061,0.6377063423110338,0.27532571064483835,324,"all","RF#324","RF",324
479,130,446,96,0.8330434782608696,0.5752212389380531,0.8330434782608696,0.8330434782608696,0.6386666666666667,0.529105125977411,0.05870690305545099,324,"all","NB#324","NB",324
316,442,134,259,0.7673611111111112,0.7022222222222222,0.7673611111111112,0.7673611111111112,0.692247454972592,0.6585577758470895,0.31698614623834515,324,"all","MLP#324","MLP",324
364,365,211,211,0.6336805555555556,0.6336805555555556,0.6336805555555556,0.6336805555555556,0.6336805555555556,0.6333622936576889,0.26672403381642495,325,"all","DT#325","DT",325
348,385,191,227,0.6684027777777778,0.6456400742115028,0.6684027777777778,0.6684027777777778,0.6481481481481481,0.6368375325803649,0.27363504055172083,325,"all","RF#325","RF",325
536,60,516,39,0.9321739130434783,0.6060606060606061,0.9321739130434783,0.9321739130434783,0.6588813767670559,0.5178105994787141,0.03631442937377516,325,"all","NB#325","NB",325
350,425,151,225,0.7378472222222222,0.6986027944111777,0.7378472222222222,0.7378472222222222,0.6933115823817292,0.6733275412684622,0.34658159275039774,325,"all","MLP#325","MLP",325
347,337,239,228,0.6034782608695652,0.5964601769911504,0.6034782608695652,0.6034782608695652,0.5977605512489234,0.5942658557775847,0.18854457428998003,326,"all","DT#326","DT",326
325,392,184,250,0.6805555555555556,0.6385068762278978,0.6805555555555556,0.6805555555555556,0.6436781609195402,0.6229365768896612,0.24579743754661543,326,"all","RF#326","RF",326
519,75,501,56,0.9026086956521739,0.5725190839694656,0.9026086956521739,0.9026086956521739,0.6507836990595611,0.5160729800173762,0.03279499732214923,326,"all","NB#326","NB",326
346,422,154,229,0.7326388888888888,0.692,0.7326388888888888,0.7326388888888888,0.6878565607171965,0.6672458731537794,0.3344158834409091,326,"all","MLP#326","MLP",326
357,344,232,218,0.6208695652173913,0.6120996441281139,0.6208695652173913,0.6208695652173913,0.61340206185567,0.6090356211989574,0.21808717810915818,327,"all","DT#327","DT",327
336,381,195,239,0.6614583333333334,0.632768361581921,0.6614583333333334,0.6614583333333334,0.637123745819398,0.6229365768896612,0.24582248820875796,327,"all","RF#327","RF",327
425,208,368,150,0.7391304347826086,0.5810055865921788,0.7391304347826086,0.7391304347826086,0.6213450292397661,0.5499565595134666,0.10020856662511432,327,"all","NB#327","NB",327
353,427,149,222,0.7413194444444444,0.703187250996016,0.7413194444444444,0.7413194444444444,0.6971428571428572,0.6776715899218071,0.35527164074543227,327,"all","MLP#327","MLP",327
348,358,218,227,0.6215277777777778,0.6148409893992933,0.6215277777777778,0.6215277777777778,0.6167097329888028,0.6133796698523023,0.22674824990073822,328,"all","DT#328","DT",328
340,393,183,235,0.6822916666666666,0.6500956022944551,0.6822916666666666,0.6822916666666666,0.6528239202657807,0.6368375325803649,0.27361749412695435,328,"all","RF#328","RF",328
547,44,532,28,0.951304347826087,0.6111111111111112,0.951304347826087,0.951304347826087,0.6614268440145104,0.5134665508253693,0.027672181794045844,328,"all","NB#328","NB",328
343,467,109,232,0.8107638888888888,0.7588495575221239,0.8107638888888888,0.8107638888888888,0.732549019607843,0.7037358818418766,0.4073612702841862,328,"all","MLP#328","MLP",328
345,345,231,230,0.6,0.6,0.6,0.6,0.5994787141615986,0.5994787141615986,0.19895803297398404,329,"all","DT#329","DT",329
342,395,181,233,0.6857638888888888,0.6539196940726577,0.6857638888888888,0.6857638888888888,0.6561461794019934,0.6403127715030409,0.28056852289128986,329,"all","RF#329","RF",329
533,78,498,42,0.9269565217391305,0.65,0.9269565217391305,0.9269565217391305,0.6637608966376091,0.5308427454387489,0.06233027987979277,329,"all","NB#329","NB",329
330,450,126,245,0.78125,0.7236842105263158,0.78125,0.78125,0.7081038552321007,0.6776715899218071,0.3552268598978379,329,"all","MLP#329","MLP",329
340,323,253,235,0.591304347826087,0.578853046594982,0.591304347826087,0.591304347826087,0.5821917808219178,0.5760208514335361,0.15206410453822208,330,"all","DT#330","DT",330
327,382,194,248,0.6631944444444444,0.6276391554702495,0.6631944444444444,0.6631944444444444,0.6334991708126037,0.6159860990443093,0.23190900224354039,330,"all","RF#330","RF",330
9,564,12,566,0.9791666666666666,0.49911504424778763,0.9791666666666666,0.9791666666666666,0.6611957796014067,0.49782797567332754,-0.005185496323918343,330,"all","NB#330","NB",330
348,438,138,227,0.7604166666666666,0.7160493827160493,0.7604166666666666,0.7604166666666666,0.7058823529411765,0.6828844483058211,0.365683191129243,330,"all","MLP#330","MLP",330
336,321,255,239,0.5843478260869566,0.5732142857142857,0.5843478260869566,0.5843478260869566,0.5763293310463121,0.5708079930495221,0.14163607159247354,331,"all","DT#331","DT",331
357,372,204,218,0.6458333333333334,0.6363636363636364,0.6458333333333334,0.6458333333333334,0.6380789022298458,0.6333622936576889,0.2667085355064871,331,"all","RF#331","RF",331
469,135,441,106,0.8156521739130435,0.5601659751037344,0.8156521739130435,0.8156521739130435,0.6316498316498316,0.5247610773240661,0.050001886123412845,331,"all","NB#331","NB",331
339,437,139,236,0.7586805555555556,0.7092050209205021,0.7586805555555556,0.7586805555555556,0.699759807846277,0.6741963509991312,0.3482967765509142,331,"all","MLP#331","MLP",331
351,356,220,224,0.6180555555555556,0.6147110332749562,0.6180555555555556,0.6180555555555556,0.615916955017301,0.6142484795829714,0.22849171794515674,332,"all","DT#332","DT",332
348,402,174,227,0.6979166666666666,0.6666666666666666,0.6979166666666666,0.6979166666666666,0.6672199170124481,0.6516072980017377,0.3031583142974906,332,"all","RF#332","RF",332
296,368,208,279,0.6388888888888888,0.5873015873015873,0.6388888888888888,0.6388888888888888,0.6017988552739166,0.576889661164205,0.15368797078189236,332,"all","NB#332","NB",332
391,375,201,184,0.68,0.6708407871198568,0.68,0.68,0.6700942587832048,0.6655082536924414,0.3310331709482094,332,"all","MLP#332","MLP",332
346,342,234,229,0.6017391304347826,0.5989492119089317,0.6017391304347826,0.6017391304347826,0.5991341991341991,0.5977410947002606,0.1954876548335232,333,"all","DT#333","DT",333
335,387,189,240,0.671875,0.6393129770992366,0.671875,0.671875,0.6433915211970075,0.6272806255430061,0.2545032905613204,333,"all","RF#333","RF",333
502,110,466,73,0.8730434782608696,0.6010928961748634,0.8730434782608696,0.8730434782608696,0.6506804925469865,0.5317115551694179,0.06397774267380622,333,"all","NB#333","NB",333
335,446,130,240,0.7743055555555556,0.7204301075268817,0.7743055555555556,0.7743055555555556,0.7068145800316957,0.6785403996524761,0.3569735312325418,333,"all","MLP#333","MLP",333
343,348,228,232,0.6041666666666666,0.6007005253940455,0.6041666666666666,0.6041666666666666,0.6020761245674741,0.6003475238922676,0.2006896176909282,334,"all","DT#334","DT",334
343,393,183,232,0.6822916666666666,0.6520912547528517,0.6822916666666666,0.6822916666666666,0.6544546211490425,0.6394439617723718,0.27883403210684377,334,"all","RF#334","RF",334
525,72,504,50,0.9130434782608695,0.5901639344262295,0.9130434782608695,0.9130434782608695,0.6546134663341646,0.5186794092093832,0.03801742163432687,334,"all","NB#334","NB",334
367,391,185,208,0.6788194444444444,0.6648550724637681,0.6788194444444444,0.6788194444444444,0.6655319148936171,0.6585577758470895,0.31709132412508284,334,"all","MLP#334","MLP",334
344,345,231,231,0.5989583333333334,0.5989583333333334,0.5989583333333334,0.5989583333333334,0.5989583333333334,0.5986099044309297,0.1972192028985507,335,"all","DT#335","DT",335
340,402,174,235,0.6979166666666666,0.6614785992217899,0.6979166666666666,0.6979166666666666,0.6628194558944766,0.6446568201563857,0.28924765112729267,335,"all","RF#335","RF",335
536,53,523,39,0.9321739130434783,0.5760869565217391,0.9321739130434783,0.9321739130434783,0.6560587515299877,0.5117289313640313,0.02417014138220264,335,"all","NB#335","NB",335
330,449,127,245,0.7795138888888888,0.7221006564551422,0.7795138888888888,0.7795138888888888,0.7070866141732283,0.6768027801911382,0.3534899030926403,335,"all","MLP#335","MLP",335
345,362,214,230,0.6284722222222222,0.6171735241502684,0.6284722222222222,0.6284722222222222,0.6198630136986302,0.6142484795829714,0.22847774100823695,336,"all","DT#336","DT",336
353,403,173,222,0.6996527777777778,0.6711026615969582,0.6996527777777778,0.6996527777777778,0.6711074104912573,0.6568201563857515,0.3135890185113333,336,"all","RF#336","RF",336
164,497,79,411,0.8628472222222222,0.6748971193415638,0.8628472222222222,0.8628472222222222,0.669811320754717,0.5742832319721981,0.14813886186917358,336,"all","NB#336","NB",336
365,441,135,210,0.765625,0.73,0.765625,0.765625,0.7188264058679706,0.7002606429192006,0.40045294983580565,336,"all","MLP#336","MLP",336
348,353,223,227,0.6128472222222222,0.6094570928196147,0.6128472222222222,0.6128472222222222,0.610726643598616,0.6090356211989574,0.21806593034982086,337,"all","DT#337","DT",337
350,407,169,225,0.7065972222222222,0.674373795761079,0.7065972222222222,0.7065972222222222,0.673841059602649,0.6576889661164205,0.3153195318444796,337,"all","RF#337","RF",337
542,48,528,33,0.9426086956521739,0.5925925925925926,0.9426086956521739,0.9426086956521739,0.658966565349544,0.5125977410947002,0.02592265743443536,337,"all","NB#337","NB",337
366,423,153,209,0.734375,0.7052023121387283,0.734375,0.734375,0.7003311258278145,0.685490877497828,0.3709280977860448,337,"all","MLP#337","MLP",337
348,336,240,227,0.6052173913043478,0.5968028419182948,0.6052173913043478,0.6052173913043478,0.5984522785898538,0.5942658557775847,0.18854702428847275,338,"all","DT#338","DT",338
333,399,177,242,0.6927083333333334,0.6529411764705882,0.6927083333333334,0.6927083333333334,0.6557107641741988,0.635968722849696,0.27186544573365445,338,"all","RF#338","RF",338
422,165,411,153,0.7339130434782609,0.5188679245283019,0.7339130434782609,0.7339130434782609,0.5994318181818182,0.5099913119026933,0.020363445397173233,338,"all","NB#338","NB",338
341,453,123,234,0.7864583333333334,0.7349137931034483,0.7864583333333334,0.7864583333333334,0.7173396674584324,0.6898349261511729,0.3795654163061746,338,"all","MLP#338","MLP",338
343,357,219,232,0.6197916666666666,0.6103202846975089,0.6197916666666666,0.6197916666666666,0.6128755364806867,0.6081668114682884,0.21631765116163212,339,"all","DT#339","DT",339
340,414,162,235,0.71875,0.6772908366533864,0.71875,0.71875,0.6759183673469388,0.6550825369244135,0.3100885212289397,339,"all","RF#339","RF",339
127,503,73,448,0.8732638888888888,0.635,0.8732638888888888,0.8732638888888888,0.658808120497708,0.5473501303214596,0.09418677542388888,339,"all","NB#339","NB",339
365,465,111,210,0.8072916666666666,0.7668067226890757,0.8072916666666666,0.8072916666666666,0.7434052757793763,0.7211120764552563,0.4421403561220653,339,"all","MLP#339","MLP",339
329,347,229,246,0.6024305555555556,0.589605734767025,0.6024305555555556,0.6024305555555556,0.5936698032506416,0.5873153779322329,0.17460894980698483,340,"all","DT#340","DT",340
335,404,172,240,0.7013888888888888,0.6607495069033531,0.7013888888888888,0.7013888888888888,0.6622950819672131,0.6420503909643788,0.2840267418756756,340,"all","RF#340","RF",340
462,157,419,113,0.8034782608695652,0.5814814814814815,0.8034782608695652,0.8034782608695652,0.6346153846153847,0.5377932232841007,0.07601259080195441,340,"all","NB#340","NB",340
334,435,141,241,0.7552083333333334,0.7031578947368421,0.7552083333333334,0.7552083333333334,0.694888178913738,0.6681146828844483,0.3361286426090896,340,"all","MLP#340","MLP",340
351,345,231,224,0.6104347826086957,0.6063268892794376,0.6104347826086957,0.6104347826086957,0.6067415730337078,0.6046915725456126,0.20939090317584205,341,"all","DT#341","DT",341
347,407,169,228,0.7065972222222222,0.6724806201550387,0.7065972222222222,0.7065972222222222,0.6721717588769611,0.6550825369244135,0.31010310399024066,341,"all","RF#341","RF",341
483,139,437,92,0.84,0.6017316017316018,0.84,0.84,0.6461538461538462,0.5403996524761078,0.08127711261495758,341,"all","NB#341","NB",341
329,450,126,246,0.78125,0.7230769230769231,0.78125,0.78125,0.7075471698113208,0.6768027801911382,0.35348795071570943,341,"all","MLP#341","MLP",341
323,347,229,252,0.6024305555555556,0.5851449275362319,0.6024305555555556,0.6024305555555556,0.5906382978723403,0.5821025195482189,0.1641753865245923,342,"all","DT#342","DT",342
328,389,187,247,0.6753472222222222,0.6368932038834951,0.6753472222222222,0.6753472222222222,0.6419141914191419,0.6229365768896612,0.2458042697104207,342,"all","RF#342","RF",342
21,562,14,554,0.9756944444444444,0.6,0.9756944444444444,0.9756944444444444,0.6643026004728133,0.5065160729800173,0.012226150545432454,342,"all","NB#342","NB",342
361,445,131,214,0.7725694444444444,0.733739837398374,0.7725694444444444,0.7725694444444444,0.7206477732793523,0.7002606429192006,0.40044570802198937,342,"all","MLP#342","MLP",342
334,328,248,241,0.5808695652173913,0.5764499121265377,0.5808695652173913,0.5808695652173913,0.5773552290406223,0.575152041702867,0.15031242121535537,343,"all","DT#343","DT",343
344,403,173,231,0.6996527777777778,0.6653771760154739,0.6996527777777778,0.6996527777777778,0.6661157024793389,0.6490008688097306,0.29793973506134286,343,"all","RF#343","RF",343
555,19,557,20,0.9652173913043478,0.49910071942446044,0.9652173913043478,0.9652173913043478,0.6579727326615292,0.49869678540399653,-0.0017950423645081719,343,"all","NB#343","NB",343
350,461,115,225,0.8003472222222222,0.7526881720430108,0.8003472222222222,0.8003472222222222,0.7305863708399366,0.7046046915725456,0.40911081248395714,343,"all","MLP#343","MLP",343
343,338,238,232,0.5965217391304348,0.5929824561403508,0.5965217391304348,0.5965217391304348,0.5934256055363322,0.5916594265855778,0.18332563412771027,344,"all","DT#344","DT",344
348,380,196,227,0.6597222222222222,0.6397058823529411,0.6597222222222222,0.6597222222222222,0.6424344885883346,0.63249348392702,0.26495201315278955,344,"all","RF#344","RF",344
411,209,367,164,0.7147826086956521,0.5603217158176944,0.7147826086956521,0.7147826086956521,0.6075388026607539,0.5386620330147698,0.07760604766353311,344,"all","NB#344","NB",344
341,422,154,234,0.7326388888888888,0.6888888888888889,0.7326388888888888,0.7326388888888888,0.685064935064935,0.6629018245004344,0.3257217055199904,344,"all","MLP#344","MLP",344
345,342,234,230,0.6,0.5979020979020979,0.6,0.6,0.5979202772963604,0.5968722849695917,0.19374883001914237,345,"all","DT#345","DT",345
337,384,192,238,0.6666666666666666,0.6370510396975425,0.6666666666666666,0.6666666666666666,0.6410684474123539,0.6264118158123371,0.2527711767423462,345,"all","RF#345","RF",345
533,79,497,42,0.9269565217391305,0.6528925619834711,0.9269565217391305,0.9269565217391305,0.6641744548286603,0.5317115551694179,0.0640652933145258,345,"all","NB#345","NB",345
348,463,113,227,0.8038194444444444,0.754880694143167,0.8038194444444444,0.8038194444444444,0.731437598736177,0.7046046915725456,0.4091072436983417,345,"all","MLP#345","MLP",345
340,337,239,235,0.591304347826087,0.5891608391608392,0.591304347826087,0.591304347826087,0.5892547660311959,0.5881841876629018,0.17637272721783076,346,"all","DT#346","DT",346
331,409,167,244,0.7100694444444444,0.6646586345381527,0.7100694444444444,0.7100694444444444,0.6655817737998372,0.6429192006950478,0.28575483563155757,346,"all","RF#346","RF",346
384,239,337,191,0.6678260869565218,0.5558139534883721,0.6678260869565218,0.6678260869565218,0.5925925925925926,0.5412684622067767,0.08273840608803008,346,"all","NB#346","NB",346
344,440,136,231,0.7638888888888888,0.7166666666666667,0.7638888888888888,0.7638888888888888,0.7056936647955093,0.6811468288444831,0.36220170465269025,346,"all","MLP#346","MLP",346
357,352,224,218,0.6208695652173913,0.6175438596491228,0.6208695652173913,0.6208695652173913,0.6176470588235294,0.6159860990443093,0.2319785750732935,347,"all","DT#347","DT",347
332,391,185,243,0.6788194444444444,0.6421663442940039,0.6788194444444444,0.6788194444444444,0.6462809917355373,0.6281494352736751,0.25623318466894746,347,"all","RF#347","RF",347
160,475,101,415,0.8246527777777778,0.6130268199233716,0.8246527777777778,0.8246527777777778,0.6480218281036835,0.5516941789748045,0.10296245502850082,347,"all","NB#347","NB",347
366,424,152,209,0.7361111111111112,0.7065637065637066,0.7361111111111112,0.7361111111111112,0.7014061207609594,0.6863596872284969,0.372664918327815,347,"all","MLP#347","MLP",347
361,325,251,214,0.6278260869565218,0.6029684601113172,0.6278260869565218,0.6278260869565218,0.6082561078348778,0.5960034752389227,0.19205147055493585,348,"all","DT#348","DT",348
334,389,187,241,0.6753472222222222,0.6410748560460653,0.6753472222222222,0.6753472222222222,0.6451077943615257,0.6281494352736751,0.2562376763806227,348,"all","RF#348","RF",348
557,19,557,18,0.9686956521739131,0.5135135135135135,0.9686956521739131,0.9686956521739131,0.6595618709295442,0.5004344048653345,0.0016803959338642495,348,"all","NB#348","NB",348
353,429,147,222,0.7447916666666666,0.706,0.7447916666666666,0.7447916666666666,0.6992665036674817,0.6794092093831451,0.3587453289548183,348,"all","MLP#348","MLP",348
356,366,210,219,0.6354166666666666,0.6289752650176679,0.6354166666666666,0.6354166666666666,0.6304909560723515,0.6272806255430061,0.2545505600166669,349,"all","DT#349","DT",349
315,423,153,260,0.734375,0.6730769230769231,0.734375,0.734375,0.6719618745035744,0.6411815812337098,0.2822466793398088,349,"all","RF#349","RF",349
128,511,65,447,0.8871527777777778,0.6632124352331606,0.8871527777777778,0.8871527777777778,0.6662320730117339,0.5551694178974804,0.10982480838889559,349,"all","NB#349","NB",349
366,435,141,209,0.7552083333333334,0.7218934911242604,0.7552083333333334,0.7552083333333334,0.7131147540983607,0.6959165942658557,0.39177029042836514,349,"all","MLP#349","MLP",349
344,332,244,231,0.5982608695652174,0.5896980461811723,0.5982608695652174,0.5982608695652174,0.5915735167669819,0.5873153779322329,0.17464633091439952,350,"all","DT#350","DT",350
335,393,183,240,0.6822916666666666,0.6467181467181468,0.6822916666666666,0.6822916666666666,0.6501240694789081,0.63249348392702,0.26492315914865866,350,"all","RF#350","RF",350
501,129,447,74,0.871304347826087,0.6354679802955665,0.871304347826087,0.871304347826087,0.6579120157583717,0.5473501303214596,0.0952090685649538,350,"all","NB#350","NB",350
335,432,144,240,0.75,0.6993736951983298,0.75,0.75,0.6923076923076924,0.6663770634231103,0.33265690679808657,350,"all","MLP#350","MLP",350
328,355,221,247,0.6163194444444444,0.5974499089253188,0.6163194444444444,0.6163194444444444,0.6027164685908319,0.5933970460469157,0.186761557669836,351,"all","DT#351","DT",351
344,402,174,231,0.6979166666666666,0.6640926640926641,0.6979166666666666,0.6979166666666666,0.6650124069478908,0.6481320590790617,0.2962030247168008,351,"all","RF#351","RF",351
12,566,10,563,0.9826388888888888,0.5454545454545454,0.9826388888888888,0.9826388888888888,0.6639296187683285,0.5021720243266724,0.003511385561919731,351,"all","NB#351","NB",351
378,416,160,197,0.7222222222222222,0.7026022304832714,0.7222222222222222,0.7222222222222222,0.6997476871320437,0.6898349261511729,0.3796347320125068,351,"all","MLP#351","MLP",351
354,324,252,221,0.6156521739130435,0.5944954128440367,0.6156521739130435,0.6156521739130435,0.5994919559695173,0.5890529973935708,0.17814383686753785,352,"all","DT#352","DT",352
333,401,175,242,0.6961805555555556,0.655511811023622,0.6961805555555556,0.6961805555555556,0.6579163248564397,0.6377063423110338,0.27533884013026677,352,"all","RF#352","RF",352
473,153,423,102,0.8226086956521739,0.6,0.8226086956521739,0.8226086956521739,0.6430999320190347,0.5438748913987836,0.08819095818602392,352,"all","NB#352","NB",352
353,426,150,222,0.7395833333333334,0.7017892644135189,0.7395833333333334,0.7395833333333334,0.696078431372549,0.6768027801911382,0.35353480450773633,352,"all","MLP#352","MLP",352
358,369,207,217,0.640625,0.6336283185840708,0.640625,0.640625,0.6351118760757315,0.631624674196351,0.26323766965081014,353,"all","DT#353","DT",353
312,400,176,263,0.6944444444444444,0.639344262295082,0.6944444444444444,0.6944444444444444,0.645682001614205,0.6185925282363163,0.237084278883247,353,"all","RF#353","RF",353
543,46,530,32,0.9443478260869566,0.5897435897435898,0.9443478260869566,0.9443478260869566,0.6589805825242717,0.5117289313640313,0.024190750311511057,353,"all","NB#353","NB",353
360,441,135,215,0.765625,0.7272727272727273,0.765625,0.765625,0.7159090909090908,0.6959165942658557,0.3917592704432902,353,"all","MLP#353","MLP",353
343,332,244,232,0.5965217391304348,0.5886524822695035,0.5965217391304348,0.5965217391304348,0.5903614457831325,0.5864465682015638,0.17290749563715618,354,"all","DT#354","DT",354
341,388,188,234,0.6736111111111112,0.6446124763705104,0.6736111111111112,0.6736111111111112,0.647746243739566,0.6333622936576889,0.2666731083378374,354,"all","RF#354","RF",354
123,510,66,452,0.8854166666666666,0.6507936507936508,0.8854166666666666,0.8854166666666666,0.6631989596879064,0.5499565595134666,0.09938762624355378,354,"all","NB#354","NB",354
350,426,150,225,0.7395833333333334,0.7,0.7395833333333334,0.7395833333333334,0.6943765281173594,0.6741963509991312,0.34831842373457156,354,"all","MLP#354","MLP",354
333,365,211,242,0.6336805555555556,0.6121323529411765,0.6336805555555556,0.6336805555555556,0.6170752324598479,0.6064291920069504,0.2128209502558242,355,"all","DT#355","DT",355
336,403,173,239,0.6996527777777778,0.6601178781925344,0.6996527777777778,0.6996527777777778,0.6617405582922825,0.6420503909643788,0.28402890384609564,355,"all","RF#355","RF",355
483,140,436,92,0.84,0.603448275862069,0.84,0.84,0.6465863453815262,0.5412684622067767,0.0830124452277199,355,"all","NB#355","NB",355
321,474,102,254,0.8229166666666666,0.7588652482269503,0.8229166666666666,0.8229166666666666,0.7269938650306748,0.6907037358818419,0.38126502458293576,355,"all","MLP#355","MLP",355
354,345,231,221,0.6156521739130435,0.6095406360424028,0.6156521739130435,0.6156521739130435,0.6103448275862069,0.6072980017376195,0.21460726740236424,356,"all","DT#356","DT",356
350,361,215,225,0.6267361111111112,0.6194690265486725,0.6267361111111112,0.6267361111111112,0.621342512908778,0.6177237185056472,0.23543531756216127,356,"all","RF#356","RF",356
546,23,553,29,0.9495652173913044,0.4968152866242038,0.9495652173913044,0.9495652173913044,0.6523297491039426,0.4943527367506516,-0.01049592411799854,356,"all","NB#356","NB",356
360,445,131,215,0.7725694444444444,0.7331975560081466,0.7725694444444444,0.7725694444444444,0.7200647249190938,0.6993918331885317,0.39870696163160785,356,"all","MLP#356","MLP",356
338,360,216,237,0.625,0.6101083032490975,0.625,0.625,0.6138107416879796,0.6064291920069504,0.21283283437427802,357,"all","DT#357","DT",357
335,385,191,240,0.6684027777777778,0.6368821292775665,0.6684027777777778,0.6684027777777778,0.6411323896752706,0.6255430060816681,0.25103004298325227,357,"all","RF#357","RF",357
386,221,355,189,0.671304347826087,0.5390243902439025,0.671304347826087,0.671304347826087,0.5866261398176292,0.527367506516073,0.05497112740466619,357,"all","NB#357","NB",357
374,397,179,201,0.6892361111111112,0.6763110307414105,0.6892361111111112,0.6892361111111112,0.676320272572402,0.6698523023457863,0.3396821754345707,357,"all","MLP#357","MLP",357
389,348,228,186,0.6765217391304348,0.651685393258427,0.6765217391304348,0.6765217391304348,0.6526845637583893,0.6403127715030409,0.2806706096533736,358,"all","DT#358","DT",358
350,395,181,225,0.6857638888888888,0.6591337099811676,0.6857638888888888,0.6857638888888888,0.6605351170568561,0.6472632493483927,0.2944791018727091,358,"all","RF#358","RF",358
445,158,418,130,0.7739130434782608,0.5486111111111112,0.7739130434782608,0.7739130434782608,0.6189151599443671,0.523892267593397,0.04819764353662661,358,"all","NB#358","NB",358
322,454,122,253,0.7881944444444444,0.7252252252252253,0.7881944444444444,0.7881944444444444,0.7077162899454404,0.6741963509991312,0.3482633189836758,358,"all","MLP#358","MLP",358
376,347,229,199,0.6539130434782608,0.6355311355311355,0.6539130434782608,0.6539130434782608,0.6372881355932203,0.6281494352736751,0.25633198979514815,359,"all","DT#359","DT",359
333,404,172,242,0.7013888888888888,0.6594059405940594,0.7013888888888888,0.7013888888888888,0.6612111292962356,0.6403127715030409,0.2805489710567241,359,"all","RF#359","RF",359
271,404,172,304,0.7013888888888888,0.6117381489841986,0.7013888888888888,0.7013888888888888,0.6292834890965732,0.5864465682015638,0.17272765708142324,359,"all","NB#359","NB",359
372,436,140,203,0.7569444444444444,0.7265625,0.7569444444444444,0.7569444444444444,0.7176954732510288,0.7019982623805386,0.4039393843315411,359,"all","MLP#359","MLP",359
340,354,222,235,0.6145833333333334,0.604982206405694,0.6145833333333334,0.6145833333333334,0.6077253218884121,0.6029539530842746,0.2058917219087936,360,"all","DT#360","DT",360
337,412,164,238,0.7152777777777778,0.6726546906187625,0.7152777777777778,0.7152777777777778,0.6721044045676998,0.6507384882710686,0.30139840501505294,360,"all","RF#360","RF",360
226,437,139,349,0.7586805555555556,0.6191780821917808,0.7586805555555556,0.7586805555555556,0.6417033773861968,0.5760208514335361,0.15177214998716393,360,"all","NB#360","NB",360
351,429,147,224,0.7447916666666666,0.7048192771084337,0.7447916666666666,0.7447916666666666,0.6981285598047192,0.6776715899218071,0.3552677470056151,360,"all","MLP#360","MLP",360
355,360,216,220,0.625,0.6217162872154116,0.625,0.625,0.6228373702422145,0.6211989574283232,0.242392768072271,361,"all","DT#361","DT",361
339,414,162,236,0.71875,0.6766467065868264,0.71875,0.71875,0.6753670473083198,0.6542137271937446,0.30834966466664454,361,"all","RF#361","RF",361
537,66,510,38,0.9339130434782609,0.6346153846153846,0.9339130434782609,0.9339130434782609,0.6621454993834771,0.523892267593397,0.048461844820719545,361,"all","NB#361","NB",361
347,424,152,228,0.7361111111111112,0.6953907815631263,0.7361111111111112,0.7361111111111112,0.6905537459283388,0.6698523023457863,0.3396283390002476,361,"all","MLP#361","MLP",361
343,350,226,232,0.6076388888888888,0.6028119507908611,0.6076388888888888,0.6076388888888888,0.6044905008635578,0.6020851433536055,0.20416247731712536,362,"all","DT#362","DT",362
349,406,170,226,0.7048611111111112,0.6724470134874759,0.7048611111111112,0.7048611111111112,0.6721854304635763,0.6559513466550826,0.31184399647313193,362,"all","RF#362","RF",362
425,222,354,150,0.7391304347826086,0.5967741935483871,0.7391304347826086,0.7391304347826086,0.6277695716395865,0.5621198957428323,0.12450875636126542,362,"all","NB#362","NB",362
365,442,134,210,0.7673611111111112,0.7314629258517034,0.7673611111111112,0.7673611111111112,0.719869706840391,0.7011294526498697,0.4021898647791715,362,"all","MLP#362","MLP",362
327,341,235,248,0.5920138888888888,0.5818505338078291,0.5920138888888888,0.5920138888888888,0.5854077253218883,0.580364900086881,0.16071269514649306,363,"all","DT#363","DT",363
321,389,187,254,0.6753472222222222,0.6318897637795275,0.6753472222222222,0.6753472222222222,0.638228055783429,0.6168549087749783,0.23363172301546206,363,"all","RF#363","RF",363
15,562,14,560,0.9756944444444444,0.5172413793103449,0.9756944444444444,0.9756944444444444,0.6619552414605417,0.5013032145960035,0.001782870542445977,363,"all","NB#363","NB",363
346,435,141,229,0.7552083333333334,0.7104722792607803,0.7552083333333334,0.7552083333333334,0.7016129032258065,0.6785403996524761,0.35699489062556633,363,"all","MLP#363","MLP",363
350,324,252,225,0.6086956521739131,0.5901639344262295,0.6086956521739131,0.6086956521739131,0.594732370433305,0.5855777584708949,0.17118867437468582,364,"all","DT#364","DT",364
337,395,181,238,0.6857638888888888,0.6505791505791506,0.6857638888888888,0.6857638888888888,0.6534325889164598,0.635968722849696,0.2718742403860237,364,"all","RF#364","RF",364
546,32,544,29,0.9495652173913044,0.5245901639344263,0.9495652173913044,0.9495652173913044,0.6558558558558558,0.5021720243266724,0.005116794762525946,364,"all","NB#364","NB",364
357,438,138,218,0.7604166666666666,0.7212121212121212,0.7604166666666666,0.7604166666666666,0.7110389610389609,0.6907037358818419,0.38133228650803236,364,"all","MLP#364","MLP",364
347,345,231,228,0.6034782608695652,0.6020942408376964,0.6034782608695652,0.6034782608695652,0.6019080659150043,0.6012163336229366,0.20243567737464965,365,"all","DT#365","DT",365
346,392,184,229,0.6805555555555556,0.6528301886792452,0.6805555555555556,0.6805555555555556,0.6549707602339182,0.6411815812337098,0.2823138649213791,365,"all","RF#365","RF",365
554,18,558,21,0.9634782608695652,0.4982014388489209,0.9634782608695652,0.9634782608695652,0.6567871962062835,0.49695916594265854,-0.005267468854506516,365,"all","NB#365","NB",365
362,431,145,213,0.7482638888888888,0.7140039447731755,0.7482638888888888,0.7482638888888888,0.7065573770491803,0.6889661164205039,0.3778678970667278,365,"all","MLP#365","MLP",365
345,339,237,230,0.6,0.5957820738137083,0.6,0.6,0.5963699222126189,0.5942658557775847,0.18853967424861146,366,"all","DT#366","DT",366
365,400,176,210,0.6944444444444444,0.6746765249537893,0.6944444444444444,0.6944444444444444,0.6745362563237773,0.6646394439617723,0.32924395273912,366,"all","RF#366","RF",366
422,220,356,153,0.7339130434782609,0.5898123324396782,0.7339130434782609,0.7339130434782609,0.6237989652623799,0.5577758470894874,0.11582199295807587,366,"all","NB#366","NB",366
359,432,144,216,0.75,0.7137176938369781,0.75,0.75,0.7058823529411765,0.687228496959166,0.37438852049135785,366,"all","MLP#366","MLP",366
359,349,227,216,0.6243478260869565,0.6176991150442478,0.6243478260869565,0.6243478260869565,0.6184323858742463,0.6151172893136403,0.23024678032218654,367,"all","DT#367","DT",367
336,403,173,239,0.6996527777777778,0.6601178781925344,0.6996527777777778,0.6996527777777778,0.6617405582922825,0.6420503909643788,0.28402890384609564,367,"all","RF#367","RF",367
536,59,517,39,0.9321739130434783,0.6020408163265306,0.9321739130434783,0.9321739130434783,0.6584766584766585,0.5169417897480452,0.03457951538593822,367,"all","NB#367","NB",367
333,454,122,242,0.7881944444444444,0.7318681318681318,0.7881944444444444,0.7881944444444444,0.7138364779874213,0.68375325803649,0.3673914356465544,367,"all","MLP#367","MLP",367
350,343,233,225,0.6086956521739131,0.6038732394366197,0.6086956521739131,0.6086956521739131,0.6044905008635579,0.6020851433536055,0.20417929735148121,368,"all","DT#368","DT",368
336,402,174,239,0.6979166666666666,0.6588235294117647,0.6979166666666666,0.6979166666666666,0.6606409202958093,0.6411815812337098,0.2822921935274445,368,"all","RF#368","RF",368
490,114,462,85,0.8521739130434782,0.5728643216080402,0.8521739130434782,0.8521739130434782,0.6417812704649639,0.5247610773240661,0.05006208724804884,368,"all","NB#368","NB",368
315,464,112,260,0.8055555555555556,0.7377049180327869,0.8055555555555556,0.8055555555555556,0.7138461538461539,0.6768027801911382,0.3534606162004796,368,"all","MLP#368","MLP",368
356,330,246,219,0.6191304347826087,0.6010928961748634,0.6191304347826087,0.6191304347826087,0.6049277824978759,0.5960034752389227,0.19203927376148625,369,"all","DT#369","DT",369
343,389,187,232,0.6753472222222222,0.6471698113207547,0.6753472222222222,0.6753472222222222,0.6499582289055974,0.635968722849696,0.2718874319662418,369,"all","RF#369","RF",369
411,222,354,164,0.7147826086956521,0.5751295336787565,0.7147826086956521,0.7147826086956521,0.6134328358208955,0.5499565595134666,0.1001705428696479,369,"all","NB#369","NB",369
334,426,150,241,0.7395833333333334,0.6900826446280992,0.7395833333333334,0.7395833333333334,0.6854384553499598,0.6602953953084274,0.32049692817098957,369,"all","MLP#369","MLP",369
366,336,240,209,0.6365217391304347,0.6165137614678899,0.6365217391304347,0.6365217391304347,0.6198137171888229,0.6099044309296264,0.21984478383408998,370,"all","DT#370","DT",370
358,410,166,217,0.7118055555555556,0.683206106870229,0.7118055555555556,0.7118055555555556,0.6816292601828762,0.6672458731537794,0.3344400006643024,370,"all","RF#370","RF",370
503,104,472,72,0.8747826086956522,0.5909090909090909,0.8747826086956522,0.8747826086956522,0.6490322580645161,0.527367506516073,0.05530476765238391,370,"all","NB#370","NB",370
362,475,101,213,0.8246527777777778,0.7818574514038877,0.8246527777777778,0.8246527777777778,0.7515822784810126,0.7271937445699392,0.45429480830092056,370,"all","MLP#370","MLP",370
347,365,211,228,0.6336805555555556,0.6218637992831542,0.6336805555555556,0.6336805555555556,0.6244653550042771,0.6185925282363163,0.23716490308477123,371,"all","DT#371","DT",371
345,400,176,230,0.6944444444444444,0.6621880998080614,0.6944444444444444,0.6944444444444444,0.6633499170812603,0.6472632493483927,0.2944684500246095,371,"all","RF#371","RF",371
171,460,116,404,0.7986111111111112,0.5958188153310104,0.7986111111111112,0.7986111111111112,0.638888888888889,0.5482189400521286,0.09604417379536993,371,"all","NB#371","NB",371
319,436,140,256,0.7569444444444444,0.6949891067538126,0.7569444444444444,0.7569444444444444,0.6876971608832807,0.6559513466550826,0.31178165258408785,371,"all","MLP#371","MLP",371
333,358,218,242,0.6215277777777778,0.604355716878403,0.6215277777777778,0.6215277777777778,0.6088435374149661,0.6003475238922676,0.2006654830489029,372,"all","DT#372","DT",372
343,409,167,232,0.7100694444444444,0.6725490196078432,0.7100694444444444,0.7100694444444444,0.6721446179129006,0.6533449174630755,0.3066212717129548,372,"all","RF#372","RF",372
365,279,297,210,0.6347826086956522,0.5705521472392638,0.6347826086956522,0.6347826086956522,0.5901374292643493,0.5595134665508253,0.11914196052148951,372,"all","NB#372","NB",372
362,425,151,213,0.7378472222222222,0.7056530214424951,0.7378472222222222,0.7378472222222222,0.700164744645799,0.68375325803649,0.36744683228200703,372,"all","MLP#372","MLP",372
343,338,238,232,0.5965217391304348,0.5929824561403508,0.5965217391304348,0.5965217391304348,0.5934256055363322,0.5916594265855778,0.18332563412771027,373,"all","DT#373","DT",373
349,394,182,226,0.6840277777777778,0.6572504708097928,0.6840277777777778,0.6840277777777778,0.6588628762541806,0.6455256298870548,0.2910036294681411,373,"all","RF#373","RF",373
550,56,520,25,0.9565217391304348,0.691358024691358,0.9565217391304348,0.9565217391304348,0.668693009118541,0.526498696785404,0.05370382941491487,373,"all","NB#373","NB",373
335,456,120,240,0.7916666666666666,0.7362637362637363,0.7916666666666666,0.7916666666666666,0.7169811320754716,0.687228496959166,0.374343178111977,373,"all","MLP#373","MLP",373
364,350,226,211,0.6330434782608696,0.6238859180035651,0.6330434782608696,0.6330434782608696,0.6248927038626609,0.6203301476976543,0.2406769170384126,374,"all","DT#374","DT",374
343,403,173,232,0.6996527777777778,0.6647286821705426,0.6996527777777778,0.6996527777777778,0.6655656482246077,0.6481320590790617,0.2962008995366435,374,"all","RF#374","RF",374
530,88,488,45,0.9217391304347826,0.6616541353383458,0.9217391304347826,0.9217391304347826,0.6654111738857501,0.5369244135534318,0.07446710608696167,374,"all","NB#374","NB",374
336,487,89,239,0.8454861111111112,0.7905882352941176,0.8454861111111112,0.8454861111111112,0.7480798771121351,0.7150304083405734,0.42993129482823716,374,"all","MLP#374","MLP",374
353,350,226,222,0.6139130434782609,0.6118881118881119,0.6139130434782609,0.6139130434782609,0.611785095320624,0.6107732406602954,0.22155059450124084,375,"all","DT#375","DT",375
343,401,175,232,0.6961805555555556,0.6621621621621622,0.6961805555555556,0.6961805555555556,0.663358147229115,0.6463944396177237,0.29272748409811833,375,"all","RF#375","RF",375
401,226,350,174,0.697391304347826,0.565,0.697391304347826,0.697391304347826,0.6048265460030166,0.5447437011294527,0.08972857453333656,375,"all","NB#375","NB",375
329,460,116,246,0.7986111111111112,0.7393258426966293,0.7986111111111112,0.7986111111111112,0.717628705148206,0.685490877497828,0.37085780723873946,375,"all","MLP#375","MLP",375
342,322,254,233,0.5947826086956521,0.5801801801801801,0.5947826086956521,0.5947826086956521,0.5841161400512382,0.576889661164205,0.1538055103929375,376,"all","DT#376","DT",376
325,405,171,250,0.703125,0.655241935483871,0.703125,0.703125,0.6580016246953696,0.634231103388358,0.2683743985167314,376,"all","RF#376","RF",376
547,49,527,28,0.951304347826087,0.6363636363636364,0.951304347826087,0.951304347826087,0.6634323832625835,0.5178105994787141,0.03634641174598236,376,"all","NB#376","NB",376
348,445,131,227,0.7725694444444444,0.7265135699373695,0.7725694444444444,0.7725694444444444,0.7131410256410257,0.6889661164205039,0.37784159540029943,376,"all","MLP#376","MLP",376
350,335,241,225,0.6086956521739131,0.5982142857142857,0.6086956521739131,0.6086956521739131,0.600343053173242,0.5951346655082537,0.19028827806091633,377,"all","DT#377","DT",377
352,397,179,223,0.6892361111111112,0.6629001883239172,0.6892361111111112,0.6892361111111112,0.6638795986622074,0.6507384882710686,0.3014300466818448,377,"all","RF#377","RF",377
204,465,111,371,0.8072916666666666,0.6476190476190476,0.8072916666666666,0.8072916666666666,0.6586402266288951,0.58123370981755,0.16213791645271405,377,"all","NB#377","NB",377
374,429,147,201,0.7447916666666666,0.7178502879078695,0.7447916666666666,0.7447916666666666,0.7114427860696516,0.6976542137271937,0.39525867144966514,377,"all","MLP#377","MLP",377
363,329,247,212,0.6313043478260869,0.6081330868761553,0.6313043478260869,0.6313043478260869,0.6126582278481013,0.6012163336229366,0.20247420501634117,378,"all","DT#378","DT",378
356,387,189,219,0.671875,0.653211009174312,0.671875,0.671875,0.6548223350253807,0.6455256298870548,0.29101861497350423,378,"all","RF#378","RF",378
536,80,496,39,0.9321739130434783,0.6722689075630253,0.9321739130434783,0.9321739130434783,0.6670815183571874,0.5351867940920938,0.07101380840814837,378,"all","NB#378","NB",378
397,388,188,178,0.6904347826086956,0.6855123674911661,0.6904347826086956,0.6904347826086956,0.6844827586206896,0.682015638575152,0.36404039794085236,378,"all","MLP#378","MLP",378
362,351,225,213,0.6295652173913043,0.6223404255319149,0.6295652173913043,0.6295652173913043,0.6230636833046472,0.6194613379669852,0.2389358888425933,379,"all","DT#379","DT",379
348,414,162,227,0.71875,0.6823529411764706,0.71875,0.71875,0.6803615447822514,0.6620330147697654,0.323999184702605,379,"all","RF#379","RF",379
524,83,493,51,0.9113043478260869,0.6194029850746269,0.9113043478260869,0.9113043478260869,0.6582914572864321,0.527367506516073,0.05536462686432066,379,"all","NB#379","NB",379
349,439,137,226,0.7621527777777778,0.7181069958847737,0.7621527777777778,0.7621527777777778,0.7074939564867043,0.684622067767159,0.3691588996710004,379,"all","MLP#379","MLP",379
349,336,240,226,0.6069565217391304,0.597864768683274,0.6069565217391304,0.6069565217391304,0.5996563573883161,0.5951346655082537,0.1902858333308172,380,"all","DT#380","DT",380
326,380,196,249,0.6597222222222222,0.6245210727969349,0.6597222222222222,0.6597222222222222,0.6307053941908715,0.6133796698523023,0.22669688244983355,380,"all","RF#380","RF",380
549,60,516,26,0.9547826086956521,0.6976744186046512,0.9547826086956521,0.9547826086956521,0.6695121951219511,0.529105125977411,0.05890570079500378,380,"all","NB#380","NB",380
327,450,126,248,0.78125,0.7218543046357616,0.78125,0.78125,0.706436420722135,0.6750651607298002,0.3500101165975616,380,"all","MLP#380","MLP",380
341,352,224,234,0.6111111111111112,0.6035398230088496,0.6111111111111112,0.6111111111111112,0.6058519793459554,0.6020851433536055,0.20415767146243152,381,"all","DT#381","DT",381
322,395,181,253,0.6857638888888888,0.6401590457256461,0.6857638888888888,0.6857638888888888,0.6454248366013071,0.6229365768896612,0.24579060525902577,381,"all","RF#381","RF",381
467,147,429,108,0.8121739130434783,0.5764705882352941,0.8121739130434783,0.8121739130434783,0.6349422161794697,0.5334491746307559,0.06734960865884748,381,"all","NB#381","NB",381
332,453,123,243,0.7864583333333334,0.7296703296703296,0.7864583333333334,0.7864583333333334,0.7122641509433962,0.682015638575152,0.3639155644138431,381,"all","MLP#381","MLP",381
364,350,226,211,0.6330434782608696,0.6238859180035651,0.6330434782608696,0.6330434782608696,0.6248927038626609,0.6203301476976543,0.2406769170384126,382,"all","DT#382","DT",382
359,378,198,216,0.65625,0.644524236983842,0.65625,0.65625,0.6461538461538462,0.6403127715030409,0.280605451235088,382,"all","RF#382","RF",382
312,320,256,263,0.5555555555555556,0.5492957746478874,0.5555555555555556,0.5555555555555556,0.5522001725625539,0.5490877497827976,0.0981652885824579,382,"all","NB#382","NB",382
358,423,153,217,0.734375,0.700587084148728,0.734375,0.734375,0.6957236842105263,0.6785403996524761,0.35701819016330083,382,"all","MLP#382","MLP",382
354,338,238,221,0.6156521739130435,0.6046511627906976,0.6156521739130435,0.6156521739130435,0.6066838046272494,0.6012163336229366,0.20245253367591715,383,"all","DT#383","DT",383
362,383,193,213,0.6649305555555556,0.6522522522522523,0.6649305555555556,0.6649305555555556,0.6535836177474404,0.6472632493483927,0.2945046649959238,383,"all","RF#383","RF",383
540,62,514,35,0.9391304347826087,0.6391752577319587,0.9391304347826087,0.9391304347826087,0.6629834254143646,0.5230234578627281,0.04673552790177395,383,"all","NB#383","NB",383
331,461,115,244,0.8003472222222222,0.742152466367713,0.8003472222222222,0.8003472222222222,0.719750195160031,0.6880973066898349,0.376072634918334,383,"all","MLP#383","MLP",383
350,346,230,225,0.6086956521739131,0.6059544658493871,0.6086956521739131,0.6086956521739131,0.6060606060606061,0.6046915725456126,0.20938851608909967,384,"all","DT#384","DT",384
346,377,199,229,0.6545138888888888,0.634862385321101,0.6545138888888888,0.6545138888888888,0.637901861252115,0.6281494352736751,0.25626462551142104,384,"all","RF#384","RF",384
447,158,418,128,0.7773913043478261,0.5524475524475524,0.7773913043478261,0.7773913043478261,0.6208333333333333,0.525629887054735,0.0516742368226471,384,"all","NB#384","NB",384
328,452,124,247,0.7847222222222222,0.7256637168141593,0.7847222222222222,0.7847222222222222,0.7090196078431372,0.6776715899218071,0.3552229656171058,384,"all","MLP#384","MLP",384
360,346,230,215,0.6260869565217392,0.6167557932263814,0.6260869565217392,0.6260869565217392,0.6180257510729614,0.6133796698523023,0.2267762656340813,385,"all","DT#385","DT",385
339,401,175,236,0.6961805555555556,0.6595330739299611,0.6961805555555556,0.6961805555555556,0.6611706512778236,0.6429192006950478,0.28577208951911337,385,"all","RF#385","RF",385
234,433,143,341,0.7517361111111112,0.6206896551724138,0.7517361111111112,0.7517361111111112,0.6414814814814815,0.579496090356212,0.1587400823313732,385,"all","NB#385","NB",385
344,449,127,231,0.7795138888888888,0.7303609341825902,0.7795138888888888,0.7795138888888888,0.714968152866242,0.6889661164205039,0.3778340802299878,385,"all","MLP#385","MLP",385
355,349,227,220,0.6173913043478261,0.6133567662565905,0.6173913043478261,0.6173913043478261,0.6136560069144339,0.6116420503909644,0.2232917224606624,386,"all","DT#386","DT",386
350,398,178,225,0.6909722222222222,0.6628787878787878,0.6909722222222222,0.6909722222222222,0.6638865721434529,0.6498696785403997,0.2996891385711245,386,"all","RF#386","RF",386
489,143,433,86,0.8504347826086956,0.6244541484716157,0.8504347826086956,0.8504347826086956,0.6533066132264529,0.5490877497827976,0.09864699500714466,386,"all","NB#386","NB",386
378,416,160,197,0.7222222222222222,0.7026022304832714,0.7222222222222222,0.7222222222222222,0.6997476871320437,0.6898349261511729,0.3796347320125068,386,"all","MLP#386","MLP",386
328,357,219,247,0.6197916666666666,0.5996343692870201,0.6197916666666666,0.6197916666666666,0.6050847457627119,0.5951346655082537,0.19023449058837022,387,"all","DT#387","DT",387
331,394,182,244,0.6840277777777778,0.645224171539961,0.6840277777777778,0.6840277777777778,0.6490939044481054,0.629887054735013,0.25970425975861267,387,"all","RF#387","RF",387
563,11,565,12,0.9791304347826087,0.499113475177305,0.9791304347826087,0.9791304347826087,0.6611861421021727,0.49869678540399653,-0.001770864601261375,387,"all","NB#387","NB",387
309,472,104,266,0.8194444444444444,0.7481840193704601,0.8194444444444444,0.8194444444444444,0.7184170471841704,0.6785403996524761,0.3569230397530797,387,"all","MLP#387","MLP",387
363,348,228,212,0.6313043478260869,0.6214285714285714,0.6313043478260869,0.6313043478260869,0.6226415094339621,0.6177237185056472,0.23546532692447034,388,"all","DT#388","DT",388
351,397,179,224,0.6892361111111112,0.6622641509433962,0.6892361111111112,0.6892361111111112,0.6633249791144528,0.6498696785403997,0.2996912531799414,388,"all","RF#388","RF",388
527,94,482,48,0.9165217391304348,0.6619718309859155,0.9165217391304348,0.9165217391304348,0.6654040404040404,0.5395308427454387,0.07966398826855593,388,"all","NB#388","NB",388
344,428,148,231,0.7430555555555556,0.6991869918699187,0.7430555555555556,0.7430555555555556,0.6931174089068826,0.6707211120764552,0.3413591980879246,388,"all","MLP#388","MLP",388
352,347,229,223,0.6121739130434782,0.6087719298245614,0.6121739130434782,0.6121739130434782,0.6089965397923875,0.6072980017376195,0.2146025247355852,389,"all","DT#389","DT",389
337,388,188,238,0.6736111111111112,0.6419047619047619,0.6736111111111112,0.6736111111111112,0.6455906821963395,0.629887054735013,0.25971767192571904,389,"all","RF#389","RF",389
10,563,13,565,0.9774305555555556,0.499113475177305,0.9774305555555556,0.9774305555555556,0.6607981220657276,0.49782797567332754,-0.00518245881229532,389,"all","NB#389","NB",389
367,413,163,208,0.7170138888888888,0.6924528301886792,0.7170138888888888,0.7170138888888888,0.6900584795321637,0.6776715899218071,0.35529889560734046,389,"all","MLP#389","MLP",389
353,324,252,222,0.6139130434782609,0.5934065934065934,0.6139130434782609,0.6139130434782609,0.5983050847457628,0.5881841876629018,0.1764050541189257,390,"all","DT#390","DT",390
345,379,197,230,0.6579861111111112,0.6365313653136532,0.6579861111111112,0.6579861111111112,0.639662447257384,0.629018245004344,0.25799896432038427,390,"all","RF#390","RF",390
543,55,521,32,0.9443478260869566,0.632183908045977,0.9443478260869566,0.9443478260869566,0.6625991458206223,0.5195482189400521,0.03980455249672257,390,"all","NB#390","NB",390
355,435,141,220,0.7552083333333334,0.7157258064516129,0.7552083333333334,0.7552083333333334,0.7067424857839155,0.6863596872284969,0.3726440804383373,390,"all","MLP#390","MLP",390
342,363,213,233,0.6302083333333334,0.6162162162162163,0.6302083333333334,0.6302083333333334,0.6194539249146758,0.6125108601216334,0.2249977354388719,391,"all","DT#391","DT",391
329,404,172,246,0.7013888888888888,0.656686626746507,0.7013888888888888,0.7013888888888888,0.6590538336052202,0.6368375325803649,0.2735933664086869,391,"all","RF#391","RF",391
95,519,57,480,0.9010416666666666,0.625,0.9010416666666666,0.9010416666666666,0.659047619047619,0.5334491746307559,0.06630139717845185,391,"all","NB#391","NB",391
347,434,142,228,0.7534722222222222,0.7096114519427403,0.7534722222222222,0.7534722222222222,0.7011308562197092,0.6785403996524761,0.3569968323182057,391,"all","MLP#391","MLP",391
337,382,194,238,0.6631944444444444,0.6346516007532956,0.6631944444444444,0.6631944444444444,0.6387959866220736,0.6246741963509991,0.24929796061332574,392,"all","DT#392","DT",392
333,412,164,242,0.7152777777777778,0.670020120724346,0.7152777777777778,0.7152777777777778,0.6699186991869919,0.6472632493483927,0.29444288427683224,392,"all","RF#392","RF",392
491,115,461,84,0.8539130434782609,0.5778894472361809,0.8539130434782609,0.8539130434782609,0.6430910281597906,0.526498696785404,0.05353535201130991,392,"all","NB#392","NB",392
367,416,160,208,0.7222222222222222,0.6963946869070209,0.7222222222222222,0.7222222222222222,0.6933333333333334,0.680278019113814,0.3605092156436456,392,"all","MLP#392","MLP",392
349,346,230,226,0.6069565217391304,0.6048951048951049,0.6069565217391304,0.6069565217391304,0.6048526863084922,0.6038227628149435,0.2076497122601916,393,"all","DT#393","DT",393
357,388,188,218,0.6736111111111112,0.655045871559633,0.6736111111111112,0.6736111111111112,0.6565143824027073,0.6472632493483927,0.2944940139197126,393,"all","RF#393","RF",393
517,105,471,58,0.8991304347826087,0.6441717791411042,0.8991304347826087,0.8991304347826087,0.6615483045425463,0.5403996524761078,0.08137136718803047,393,"all","NB#393","NB",393
362,405,171,213,0.703125,0.6791744840525328,0.703125,0.703125,0.678391959798995,0.6663770634231103,0.3327113132173236,393,"all","MLP#393","MLP",393
345,335,241,230,0.6,0.5929203539823009,0.6,0.6,0.5943152454780362,0.5907906168549087,0.1815942066179455,394,"all","DT#394","DT",394
327,415,161,248,0.7204861111111112,0.6700819672131147,0.7204861111111112,0.7204861111111112,0.6698950766747377,0.6446568201563857,0.28921974957459673,394,"all","RF#394","RF",394
390,237,339,185,0.6782608695652174,0.5616113744075829,0.6782608695652174,0.6782608695652174,0.598159509202454,0.5447437011294527,0.08969834911569483,394,"all","NB#394","NB",394
349,425,151,226,0.7378472222222222,0.698,0.7378472222222222,0.7378472222222222,0.6927465362673187,0.6724587315377932,0.34484278866115586,394,"all","MLP#394","MLP",394
340,362,214,235,0.6284722222222222,0.6137184115523465,0.6284722222222222,0.6284722222222222,0.6172208013640238,0.6099044309296264,0.21978353782351187,395,"all","DT#395","DT",395
337,402,174,238,0.6979166666666666,0.6594911937377691,0.6979166666666666,0.6979166666666666,0.6611842105263158,0.6420503909643788,0.28403106580345916,395,"all","RF#395","RF",395
562,12,564,13,0.9773913043478261,0.4991119005328597,0.9773913043478261,0.9773913043478261,0.6607877718988829,0.49869678540399653,-0.001773886757844827,395,"all","NB#395","NB",395
335,452,124,240,0.7847222222222222,0.7298474945533769,0.7847222222222222,0.7847222222222222,0.7129337539432177,0.68375325803649,0.3673952564156766,395,"all","MLP#395","MLP",395
335,356,220,240,0.6180555555555556,0.6036036036036037,0.6180555555555556,0.6180555555555556,0.6075085324232082,0.6003475238922676,0.20067031009390382,396,"all","DT#396","DT",396
327,399,177,248,0.6927083333333334,0.6488095238095238,0.6927083333333334,0.6927083333333334,0.652493867538839,0.630755864465682,0.26143200735586086,396,"all","RF#396","RF",396
10,561,15,565,0.9739583333333334,0.49822380106571934,0.9739583333333334,0.9739583333333334,0.6592244418331374,0.49609035621198955,-0.008657550804563024,396,"all","NB#396","NB",396
310,471,105,265,0.8177083333333334,0.7469879518072289,0.8177083333333334,0.8177083333333334,0.7179878048780488,0.6785403996524761,0.35692498187968114,396,"all","MLP#396","MLP",396
373,327,249,202,0.648695652173913,0.6181474480151229,0.648695652173913,0.648695652173913,0.6232247284878863,0.6081668114682884,0.21638863184526472,397,"all","DT#397","DT",397
346,405,171,229,0.703125,0.6692456479690522,0.703125,0.703125,0.6694214876033058,0.6524761077324066,0.3048908267934089,397,"all","RF#397","RF",397
527,75,501,48,0.9165217391304348,0.6097560975609756,0.9165217391304348,0.9165217391304348,0.6575171553337492,0.5230234578627281,0.04669813669094056,397,"all","NB#397","NB",397
359,454,122,216,0.7881944444444444,0.7463617463617463,0.7881944444444444,0.7881944444444444,0.7287319422150882,0.7063423110338836,0.41260082197654857,397,"all","MLP#397","MLP",397
347,352,224,228,0.6111111111111112,0.6077057793345009,0.6111111111111112,0.6111111111111112,0.6089965397923877,0.6072980017376195,0.21459066781804248,398,"all","DT#398","DT",398
329,393,183,246,0.6822916666666666,0.642578125,0.6822916666666666,0.6822916666666666,0.6469135802469135,0.6272806255430061,0.25448978390154864,398,"all","RF#398","RF",398
156,489,87,419,0.8489583333333334,0.6419753086419753,0.8489583333333334,0.8489583333333334,0.6590296495956873,0.5603822762814944,0.12032298797102421,398,"all","NB#398","NB",398
308,448,128,267,0.7777777777777778,0.7064220183486238,0.7777777777777778,0.7777777777777778,0.6940356312935708,0.6568201563857515,0.31349573657515706,398,"all","MLP#398","MLP",398
355,350,226,220,0.6173913043478261,0.6140350877192983,0.6173913043478261,0.6173913043478261,0.6141868512110727,0.6125108601216334,0.2250281549382101,399,"all","DT#399","DT",399
359,389,187,216,0.6753472222222222,0.6575091575091575,0.6753472222222222,0.6753472222222222,0.6587637595258256,0.6498696785403997,0.29970816959075824,399,"all","RF#399","RF",399
212,445,131,363,0.7725694444444444,0.6180758017492711,0.7725694444444444,0.7725694444444444,0.6430635838150289,0.5708079930495221,0.1413145908591173,399,"all","NB#399","NB",399
359,424,152,216,0.7361111111111112,0.7025440313111546,0.7361111111111112,0.7361111111111112,0.6973684210526315,0.680278019113814,0.36049376751376927,399,"all","MLP#399","MLP",399
341,358,218,234,0.6215277777777778,0.6100178890876565,0.6215277777777778,0.6215277777777778,0.613013698630137,0.6072980017376195,0.21457643904442142,400,"all","DT#400","DT",400
344,409,167,231,0.7100694444444444,0.6731898238747553,0.7100694444444444,0.7100694444444444,0.6726973684210527,0.6542137271937446,0.3083601072567398,400,"all","RF#400","RF",400
434,200,376,141,0.7547826086956522,0.5865102639296188,0.7547826086956522,0.7547826086956522,0.6267148014440432,0.5508253692441355,0.1019686554437963,400,"all","NB#400","NB",400
377,427,149,198,0.7413194444444444,0.7167300380228137,0.7413194444444444,0.7413194444444444,0.7110741049125728,0.6985230234578628,0.397000985882108,400,"all","MLP#400","MLP",400
329,352,224,246,0.6111111111111112,0.5949367088607594,0.6111111111111112,0.6111111111111112,0.5996592844974447,0.5916594265855778,0.1832911117217059,401,"all","DT#401","DT",401
330,400,176,245,0.6944444444444444,0.6521739130434783,0.6944444444444444,0.6944444444444444,0.6552006552006552,0.634231103388358,0.2683854447398658,401,"all","RF#401","RF",401
560,37,539,15,0.9739130434782609,0.7115384615384616,0.9739130434782609,0.9739130434782609,0.6690561529271206,0.5186794092093832,0.03811900006637254,401,"all","NB#401","NB",401
303,452,124,272,0.7847222222222222,0.7096018735362998,0.7847222222222222,0.7847222222222222,0.6953846153846153,0.6559513466550826,0.3117483978908332,401,"all","MLP#401","MLP",401
346,339,237,229,0.6017391304347826,0.596830985915493,0.6017391304347826,0.6017391304347826,0.5975820379965457,0.5951346655082537,0.1902784990519438,402,"all","DT#402","DT",402
336,394,182,239,0.6840277777777778,0.6486486486486487,0.6840277777777778,0.6840277777777778,0.6517783291976841,0.634231103388358,0.26839869976734115,402,"all","RF#402","RF",402
540,53,523,35,0.9391304347826087,0.6022727272727273,0.9391304347826087,0.9391304347826087,0.6593406593406593,0.5152041702867072,0.031121396072941305,402,"all","NB#402","NB",402
373,413,163,202,0.7170138888888888,0.6958955223880597,0.7170138888888888,0.7170138888888888,0.6935348446683459,0.6828844483058211,0.3657310741423484,402,"all","MLP#402","MLP",402
322,363,213,253,0.6302083333333334,0.6018691588785047,0.6302083333333334,0.6302083333333334,0.6090604026845639,0.5951346655082537,0.19021982003744198,403,"all","DT#403","DT",403
353,408,168,222,0.7083333333333334,0.6775431861804223,0.7083333333333334,0.7083333333333334,0.6766169154228856,0.6611642050390965,0.32227264903841796,403,"all","RF#403","RF",403
13,562,14,562,0.9756944444444444,0.5,0.9756944444444444,0.9756944444444444,0.6611764705882353,0.49956559513466553,-0.001698264868882992,403,"all","NB#403","NB",403
344,449,127,231,0.7795138888888888,0.7303609341825902,0.7795138888888888,0.7795138888888888,0.714968152866242,0.6889661164205039,0.3778340802299878,403,"all","MLP#403","MLP",403
348,353,223,227,0.6128472222222222,0.6094570928196147,0.6128472222222222,0.6128472222222222,0.610726643598616,0.6090356211989574,0.21806593034982086,404,"all","DT#404","DT",404
327,399,177,248,0.6927083333333334,0.6488095238095238,0.6927083333333334,0.6927083333333334,0.652493867538839,0.630755864465682,0.26143200735586086,404,"all","RF#404","RF",404
508,95,481,67,0.8834782608695653,0.5864197530864198,0.8834782608695653,0.8834782608695653,0.649616368286445,0.523892267593397,0.048378579812737854,404,"all","NB#404","NB",404
357,438,138,218,0.7604166666666666,0.7212121212121212,0.7604166666666666,0.7604166666666666,0.7110389610389609,0.6907037358818419,0.38133228650803236,404,"all","MLP#404","MLP",404
362,354,222,213,0.6295652173913043,0.6243386243386243,0.6295652173913043,0.6295652173913043,0.6246764452113892,0.6220677671589921,0.24414523353396447,405,"all","DT#405","DT",405
354,404,172,221,0.7013888888888888,0.6730038022813688,0.7013888888888888,0.7013888888888888,0.6727726894254787,0.6585577758470895,0.3170645171517823,405,"all","RF#405","RF",405
400,216,360,175,0.6956521739130435,0.5524296675191815,0.6956521739130435,0.6956521739130435,0.599250936329588,0.5351867940920938,0.07063244715772318,405,"all","NB#405","NB",405
320,454,122,255,0.7881944444444444,0.7239819004524887,0.7881944444444444,0.7881944444444444,0.7066147859922179,0.6724587315377932,0.34478541132201956,405,"all","MLP#405","MLP",405
349,325,251,226,0.6069565217391304,0.5898366606170599,0.6069565217391304,0.6069565217391304,0.5940425531914894,0.5855777584708949,0.17118617201947386,406,"all","DT#406","DT",406
350,390,186,225,0.6770833333333334,0.6529850746268657,0.6770833333333334,0.6770833333333334,0.654911838790932,0.6429192006950478,0.28579581225343886,406,"all","RF#406","RF",406
551,45,531,24,0.9582608695652174,0.6521739130434783,0.9582608695652174,0.9582608695652174,0.6650573325286663,0.5178105994787141,0.036358041173196125,406,"all","NB#406","NB",406
338,443,133,237,0.7690972222222222,0.7176220806794055,0.7690972222222222,0.7690972222222222,0.7054140127388535,0.6785403996524761,0.3569793566622781,406,"all","MLP#406","MLP",406
354,326,250,221,0.6156521739130435,0.5959780621572212,0.6156521739130435,0.6156521739130435,0.6005089058524172,0.5907906168549087,0.18161644493221157,407,"all","DT#407","DT",407
339,396,180,236,0.6875,0.653179190751445,0.6875,0.6875,0.6556291390728477,0.6385751520417029,0.2770886427596537,407,"all","RF#407","RF",407
472,141,435,103,0.8208695652173913,0.5778688524590164,0.8208695652173913,0.8208695652173913,0.6369770580296895,0.5325803649000869,0.06562833845355283,407,"all","NB#407","NB",407
315,454,122,260,0.7881944444444444,0.7208237986270023,0.7881944444444444,0.7881944444444444,0.703875968992248,0.6681146828844483,0.3360905502656048,407,"all","MLP#407","MLP",407
343,331,245,232,0.5965217391304348,0.5879218472468917,0.5965217391304348,0.5965217391304348,0.589853826311264,0.5855777584708949,0.17117115757088114,408,"all","DT#408","DT",408
325,380,196,250,0.6597222222222222,0.6238003838771593,0.6597222222222222,0.6597222222222222,0.6301824212271973,0.6125108601216334,0.22495795249008818,408,"all","RF#408","RF",408
538,64,512,37,0.9356521739130435,0.6336633663366337,0.9356521739130435,0.9356521739130435,0.6621538461538462,0.5230234578627281,0.04672977559871775,408,"all","NB#408","NB",408
311,456,120,264,0.7916666666666666,0.7215777262180975,0.7916666666666666,0.7916666666666666,0.7037037037037038,0.6663770634231103,0.3326085380879901,408,"all","MLP#408","MLP",408
339,358,218,236,0.6215277777777778,0.6086175942549371,0.6215277777777778,0.6215277777777778,0.6119658119658119,0.6055603822762815,0.21109873154765676,409,"all","DT#409","DT",409
343,410,166,232,0.7118055555555556,0.6738703339882122,0.7118055555555556,0.7118055555555556,0.6732348111658456,0.6542137271937446,0.30835801876394686,409,"all","RF#409","RF",409
484,112,464,91,0.8417391304347827,0.5517241379310345,0.8417391304347827,0.8417391304347827,0.6355876559422192,0.5178105994787141,0.03616321123521933,409,"all","NB#409","NB",409
344,458,118,231,0.7951388888888888,0.7445887445887446,0.7951388888888888,0.7951388888888888,0.7241106719367589,0.6967854039965248,0.39346688067257857,409,"all","MLP#409","MLP",409
344,333,243,231,0.5982608695652174,0.5904255319148937,0.5982608695652174,0.5982608695652174,0.5920826161790018,0.5881841876629018,0.1763826742269161,410,"all","DT#410","DT",410
322,394,182,253,0.6840277777777778,0.6388888888888888,0.6840277777777778,0.6840277777777778,0.6443172526573998,0.6220677671589921,0.24405393694070462,410,"all","RF#410","RF",410
542,49,527,33,0.9426086956521739,0.5975609756097561,0.9426086956521739,0.9426086956521739,0.6593673965936739,0.5134665508253693,0.02765751387099602,410,"all","NB#410","NB",410
341,436,140,234,0.7569444444444444,0.7089397089397089,0.7569444444444444,0.7569444444444444,0.6998394863563402,0.6750651607298002,0.35003759591487915,410,"all","MLP#410","MLP",410
364,355,221,211,0.6330434782608696,0.627208480565371,0.6330434782608696,0.6330434782608696,0.6275862068965518,0.6246741963509991,0.2493591582252683,411,"all","DT#411","DT",411
352,399,177,223,0.6927083333333334,0.665406427221172,0.6927083333333334,0.6927083333333334,0.6661101836393991,0.6524761077324066,0.3049034202254384,411,"all","RF#411","RF",411
11,572,4,564,0.9930555555555556,0.7333333333333333,0.9930555555555556,0.9930555555555556,0.6682242990654206,0.5065160729800173,0.012196301220838795,411,"all","NB#411","NB",411
348,466,110,227,0.8090277777777778,0.759825327510917,0.8090277777777778,0.8090277777777778,0.7344365642237983,0.7072111207645526,0.41431835031247977,411,"all","MLP#411","MLP",411
333,357,219,242,0.6197916666666666,0.6032608695652174,0.6197916666666666,0.6197916666666666,0.607659574468085,0.5994787141615986,0.19892900870652197,412,"all","DT#412","DT",412
339,403,173,236,0.6996527777777778,0.662109375,0.6996527777777778,0.6996527777777778,0.6633744855967079,0.6446568201563857,0.2892455049317793,412,"all","RF#412","RF",412
465,157,419,110,0.808695652173913,0.5880149812734082,0.808695652173913,0.808695652173913,0.6374228923920493,0.5403996524761078,0.08122720530428895,412,"all","NB#412","NB",412
325,434,142,250,0.7534722222222222,0.69593147751606,0.7534722222222222,0.7534722222222222,0.688888888888889,0.6594265855777585,0.31874158226280863,412,"all","MLP#412","MLP",412
332,352,224,243,0.6111111111111112,0.5971223021582733,0.6111111111111112,0.6111111111111112,0.601195559350982,0.5942658557775847,0.18850782253718043,413,"all","DT#413","DT",413
318,408,168,257,0.7083333333333334,0.654320987654321,0.7083333333333334,0.7083333333333334,0.6575342465753424,0.630755864465682,0.2614119348765157,413,"all","RF#413","RF",413
11,560,16,564,0.9722222222222222,0.498220640569395,0.9722222222222222,0.9722222222222222,0.6588235294117647,0.49609035621198955,-0.008654502819361445,413,"all","NB#413","NB",413
325,449,127,250,0.7795138888888888,0.7190265486725663,0.7795138888888888,0.7795138888888888,0.7043137254901961,0.6724587315377932,0.3447953046836898,413,"all","MLP#413","MLP",413
354,329,247,221,0.6156521739130435,0.5981818181818181,0.6156521739130435,0.6156521739130435,0.6020408163265306,0.5933970460469157,0.18682539634615786,414,"all","DT#414","DT",414
328,396,180,247,0.6875,0.6456692913385826,0.6875,0.6875,0.6497128794093519,0.629018245004344,0.2579608746657648,414,"all","RF#414","RF",414
557,24,552,18,0.9686956521739131,0.5714285714285714,0.9686956521739131,0.9686956521739131,0.6615201900237531,0.5047784535186794,0.010353971888604254,414,"all","NB#414","NB",414
370,457,119,205,0.7934027777777778,0.7566462167689162,0.7934027777777778,0.7934027777777778,0.7382875605815833,0.7185056472632494,0.43693776667864503,414,"all","MLP#414","MLP",414
364,308,268,211,0.6330434782608696,0.5934489402697495,0.6330434782608696,0.6330434782608696,0.6031483015741508,0.5838401390095569,0.16775126536514814,415,"all","DT#415","DT",415
345,390,186,230,0.6770833333333334,0.6497175141242938,0.6770833333333334,0.6770833333333334,0.6521739130434783,0.6385751520417029,0.2771017398498694,415,"all","RF#415","RF",415
559,16,560,16,0.9721739130434782,0.5,0.9721739130434782,0.9721739130434782,0.6599763872491144,0.49956559513466553,-0.00004826953709512509,415,"all","NB#415","NB",415
384,439,137,191,0.7621527777777778,0.7370441458733206,0.7621527777777778,0.7621527777777778,0.7280265339966832,0.7150304083405734,0.4300139202169258,415,"all","MLP#415","MLP",415
336,324,252,239,0.5843478260869566,0.5754884547069272,0.5843478260869566,0.5843478260869566,0.5778159931212382,0.573414422241529,0.1468449441662528,416,"all","DT#416","DT",416
345,394,182,230,0.6840277777777778,0.6546489563567363,0.6840277777777778,0.6840277777777778,0.6566666666666667,0.6420503909643788,0.2840483609923424,416,"all","RF#416","RF",416
503,127,449,72,0.8747826086956522,0.6381909547738693,0.8747826086956522,0.8747826086956522,0.658808120497708,0.5473501303214596,0.09521452917044503,416,"all","NB#416","NB",416
350,408,168,225,0.7083333333333334,0.6756756756756757,0.7083333333333334,0.7083333333333334,0.6749379652605458,0.6585577758470895,0.3170562684288957,416,"all","MLP#416","MLP",416
359,333,243,216,0.6243478260869565,0.6065573770491803,0.6243478260869565,0.6243478260869565,0.6100254885301615,0.6012163336229366,0.20246457345488636,417,"all","DT#417","DT",417
361,391,185,214,0.6788194444444444,0.6611721611721612,0.6788194444444444,0.6788194444444444,0.6621507197290432,0.6533449174630755,0.30665895698936096,417,"all","RF#417","RF",417
413,203,373,162,0.7182608695652174,0.5561643835616439,0.7182608695652174,0.7182608695652174,0.6069066862601029,0.5351867940920938,0.07066891434038966,417,"all","NB#417","NB",417
350,422,154,225,0.7326388888888888,0.6944444444444444,0.7326388888888888,0.7326388888888888,0.6901062959934586,0.6707211120764552,0.34137113126557944,417,"all","MLP#417","MLP",417
372,352,224,203,0.6469565217391304,0.6342342342342342,0.6469565217391304,0.6469565217391304,0.6353543979504697,0.629018245004344,0.25805945161762683,418,"all","DT#418","DT",418
344,411,165,231,0.7135416666666666,0.6758349705304518,0.7135416666666666,0.7135416666666666,0.6748768472906403,0.6559513466550826,0.3118336066093542,418,"all","RF#418","RF",418
491,123,453,84,0.8539130434782609,0.5942028985507246,0.8539130434782609,0.8539130434782609,0.6464779460171165,0.5334491746307559,0.06741715439315968,418,"all","NB#418","NB",418
324,441,135,251,0.765625,0.7058823529411765,0.765625,0.765625,0.6955835962145109,0.6646394439617723,0.3291609037814592,418,"all","MLP#418","MLP",418
335,324,252,240,0.5826086956521739,0.574468085106383,0.5826086956521739,0.5826086956521739,0.576592082616179,0.5725456125108601,0.14510606691907746,419,"all","DT#419","DT",419
334,401,175,241,0.6961805555555556,0.656188605108055,0.6961805555555556,0.6961805555555556,0.6584564860426929,0.6385751520417029,0.27707772815528114,419,"all","RF#419","RF",419
506,86,490,69,0.88,0.5548387096774193,0.88,0.88,0.6441756842775302,0.5143353605560382,0.029286941723331066,419,"all","NB#419","NB",419
365,436,140,210,0.7569444444444444,0.7227722772277227,0.7569444444444444,0.7569444444444444,0.7135842880523732,0.6959165942658557,0.3917684537919163,419,"all","MLP#419","MLP",419
356,370,206,219,0.6423611111111112,0.6334519572953736,0.6423611111111112,0.6423611111111112,0.6351931330472105,0.630755864465682,0.26149667792393266,420,"all","DT#420","DT",420
334,378,198,241,0.65625,0.6278195488721805,0.65625,0.65625,0.6326359832635983,0.6185925282363163,0.23713495894208106,420,"all","RF#420","RF",420
564,10,566,11,0.9808695652173913,0.49911504424778763,0.9808695652173913,0.9808695652173913,0.66158357771261,0.49869678540399653,-0.001767842462912161,420,"all","NB#420","NB",420
331,458,118,244,0.7951388888888888,0.7371937639198218,0.7951388888888888,0.7951388888888888,0.7167449139280124,0.685490877497828,0.3708616071293755,420,"all","MLP#420","MLP",420
361,326,250,214,0.6278260869565218,0.6037037037037037,0.6278260869565218,0.6278260869565218,0.6087689713322091,0.5968722849695917,0.1937877772343292,421,"all","DT#421","DT",421
340,367,209,235,0.6371527777777778,0.6193078324225865,0.6371527777777778,0.6371527777777778,0.6230899830220714,0.6142484795829714,0.2284660931739471,421,"all","RF#421","RF",421
176,448,128,399,0.7777777777777778,0.5789473684210527,0.7777777777777778,0.7777777777777778,0.629655657062544,0.5421372719374457,0.08389905894470698,421,"all","NB#421","NB",421
359,432,144,216,0.75,0.7137176938369781,0.75,0.75,0.7058823529411765,0.687228496959166,0.37438852049135785,421,"all","MLP#421","MLP",421
354,366,210,221,0.6354166666666666,0.6276595744680851,0.6354166666666666,0.6354166666666666,0.6294067067927772,0.6255430060816681,0.25107300996846277,422,"all","DT#422","DT",422
348,407,169,227,0.7065972222222222,0.6731141199226306,0.7065972222222222,0.7065972222222222,0.6727272727272726,0.6559513466550826,0.3118419185254749,422,"all","RF#422","RF",422
510,96,480,65,0.8869565217391304,0.5962732919254659,0.8869565217391304,0.8869565217391304,0.6517571884984025,0.526498696785404,0.0535896139948552,422,"all","NB#422","NB",422
343,442,134,232,0.7673611111111112,0.7190775681341719,0.7673611111111112,0.7673611111111112,0.7071999999999999,0.682015638575152,0.36393669353255753,422,"all","MLP#422","MLP",422
363,349,227,212,0.6313043478260869,0.6221033868092691,0.6313043478260869,0.6313043478260869,0.6231759656652359,0.6185925282363163,0.23720175418732978,423,"all","DT#423","DT",423
341,398,178,234,0.6909722222222222,0.6570327552986512,0.6909722222222222,0.6909722222222222,0.6589403973509934,0.6420503909643788,0.28403971350234924,423,"all","RF#423","RF",423
449,205,371,126,0.7808695652173913,0.6193353474320241,0.7808695652173913,0.7808695652173913,0.6437275985663081,0.5682015638575152,0.1367217741022719,423,"all","NB#423","NB",423
326,464,112,249,0.8055555555555556,0.7442922374429224,0.8055555555555556,0.8055555555555556,0.7199379363847943,0.6863596872284969,0.37258913754807377,423,"all","MLP#423","MLP",423
344,339,237,231,0.5982608695652174,0.5947368421052631,0.5982608695652174,0.5982608695652174,0.5951557093425606,0.5933970460469157,0.18680084419525175,424,"all","DT#424","DT",424
354,388,188,221,0.6736111111111112,0.6531365313653137,0.6736111111111112,0.6736111111111112,0.6548523206751055,0.6446568201563857,0.2892776965035999,424,"all","RF#424","RF",424
540,50,526,35,0.9391304347826087,0.5882352941176471,0.9391304347826087,0.9391304347826087,0.6581352833638026,0.5125977410947002,0.025916779681727536,424,"all","NB#424","NB",424
328,438,138,247,0.7604166666666666,0.703862660944206,0.7604166666666666,0.7604166666666666,0.6946867565424265,0.6655082536924414,0.3309059008804288,424,"all","MLP#424","MLP",424
321,372,204,254,0.6458333333333334,0.6114285714285714,0.6458333333333334,0.6458333333333334,0.6189683860232944,0.6020851433536055,0.20410960972295605,425,"all","DT#425","DT",425
320,401,175,255,0.6961805555555556,0.6464646464646465,0.6961805555555556,0.6961805555555556,0.6509740259740261,0.6264118158123371,0.25273281797318514,425,"all","RF#425","RF",425
170,455,121,405,0.7899305555555556,0.584192439862543,0.7899305555555556,0.7899305555555556,0.6337047353760447,0.5430060816681147,0.08561943828573837,425,"all","NB#425","NB",425
347,456,120,228,0.7916666666666666,0.7430406852248393,0.7916666666666666,0.7916666666666666,0.7238095238095237,0.6976542137271937,0.39520936384555455,425,"all","MLP#425","MLP",425
365,355,221,210,0.6347826086956522,0.6283185840707964,0.6347826086956522,0.6347826086956522,0.6287683031869079,0.6255430060816681,0.2510978833382899,426,"all","DT#426","DT",426
343,397,179,232,0.6892361111111112,0.657088122605364,0.6892361111111112,0.6892361111111112,0.6589211618257261,0.6429192006950478,0.2857807161502959,426,"all","RF#426","RF",426
456,156,420,119,0.7930434782608695,0.5672727272727273,0.7930434782608695,0.7930434782608695,0.6285320468642316,0.5317115551694179,0.06384779863015153,426,"all","NB#426","NB",426
370,433,143,205,0.7517361111111112,0.7212475633528265,0.7517361111111112,0.7517361111111112,0.7133443163097201,0.6976542137271937,0.3952513671267539,426,"all","MLP#426","MLP",426
351,350,226,224,0.6104347826086957,0.6097560975609756,0.6104347826086957,0.6104347826086957,0.609375,0.6090356211989574,0.2180730130645739,427,"all","DT#427","DT",427
323,417,159,252,0.7239583333333334,0.6701244813278008,0.7239583333333334,0.7239583333333334,0.6698795180722892,0.6429192006950478,0.28573758091036355,427,"all","RF#427","RF",427
430,176,400,145,0.7478260869565218,0.5482866043613707,0.7478260869565218,0.7478260869565218,0.6120996441281139,0.526498696785404,0.05336110042178799,427,"all","NB#427","NB",427
377,401,175,198,0.6961805555555556,0.6829710144927537,0.6961805555555556,0.6961805555555556,0.6825531914893617,0.6759339704604691,0.35184494630701224,427,"all","MLP#427","MLP",427
346,335,241,229,0.6017391304347826,0.5939716312056738,0.6017391304347826,0.6017391304347826,0.59552495697074,0.5916594265855778,0.18333303140643586,428,"all","DT#428","DT",428
334,398,178,241,0.6909722222222222,0.65234375,0.6909722222222222,0.6909722222222222,0.6551440329218107,0.635968722849696,0.27186764441666406,428,"all","RF#428","RF",428
559,17,559,16,0.9721739130434782,0.5151515151515151,0.9721739130434782,0.9721739130434782,0.6603662138216184,0.5004344048653345,0.0016864194960954596,428,"all","NB#428","NB",428
346,443,133,229,0.7690972222222222,0.7223382045929019,0.7690972222222222,0.7690972222222222,0.7099358974358976,0.685490877497828,0.37089010484611296,428,"all","MLP#428","MLP",428
365,337,239,210,0.6347826086956522,0.6160877513711152,0.6347826086956522,0.6347826086956522,0.6191687871077184,0.6099044309296264,0.21984242839609985,429,"all","DT#429","DT",429
334,412,164,241,0.7152777777777778,0.6706827309236948,0.7152777777777778,0.7152777777777778,0.6704637917005696,0.6481320590790617,0.2961817723376661,429,"all","RF#429","RF",429
300,367,209,275,0.6371527777777778,0.5893909626719057,0.6371527777777778,0.6371527777777778,0.6026272577996716,0.579496090356212,0.15890774141143274,429,"all","NB#429","NB",429
383,421,155,192,0.7309027777777778,0.7118959107806692,0.7309027777777778,0.7309027777777778,0.7081581160639193,0.6985230234578628,0.39701191038750666,429,"all","MLP#429","MLP",429
356,356,220,219,0.6191304347826087,0.6191304347826087,0.6191304347826087,0.6191304347826087,0.6185925282363163,0.6185925282363163,0.23718563226806733,430,"all","DT#430","DT",430
364,394,182,211,0.6840277777777778,0.6666666666666666,0.6840277777777778,0.6840277777777778,0.6672311600338696,0.6585577758470895,0.31708513808726546,430,"all","RF#430","RF",430
513,116,460,62,0.8921739130434783,0.651685393258427,0.8921739130434783,0.8921739130434783,0.6627906976744186,0.5464813205907906,0.09350661890953192,430,"all","NB#430","NB",430
349,417,159,226,0.7239583333333334,0.687007874015748,0.7239583333333334,0.7239583333333334,0.6841673502871206,0.6655082536924414,0.33094832961667325,430,"all","MLP#430","MLP",430
325,327,249,250,0.5677083333333334,0.5667244367417678,0.5677083333333334,0.5677083333333334,0.567215958369471,0.5664639443961772,0.13292592531087757,431,"all","DT#431","DT",431
347,409,167,228,0.7100694444444444,0.6750972762645915,0.7100694444444444,0.7100694444444444,0.6743610882110469,0.6568201563857515,0.3135765823845493,431,"all","RF#431","RF",431
176,479,97,399,0.8315972222222222,0.6446886446886447,0.8315972222222222,0.8315972222222222,0.6588720770288857,0.5690703735881842,0.13774698005431227,431,"all","NB#431","NB",431
345,429,147,230,0.7447916666666666,0.7012195121951219,0.7447916666666666,0.7447916666666666,0.6947368421052632,0.6724587315377932,0.34483487514286965,431,"all","MLP#431","MLP",431
338,344,232,237,0.5972222222222222,0.5929824561403508,0.5972222222222222,0.5972222222222222,0.5946413137424373,0.5925282363162467,0.185049705991138,432,"all","DT#432","DT",432
343,406,170,232,0.7048611111111112,0.6686159844054581,0.7048611111111112,0.7048611111111112,0.6688632619439869,0.6507384882710686,0.30141106202573303,432,"all","RF#432","RF",432
12,571,5,563,0.9913194444444444,0.7058823529411765,0.9913194444444444,0.9913194444444444,0.6678362573099415,0.5065160729800173,0.012199286234478666,432,"all","NB#432","NB",432
358,409,167,217,0.7100694444444444,0.6819047619047619,0.7100694444444444,0.7100694444444444,0.6805324459234608,0.6663770634231103,0.33270325356684527,432,"all","MLP#432","MLP",432
354,362,214,221,0.6284722222222222,0.6232394366197183,0.6284722222222222,0.6284722222222222,0.6246764452113891,0.6220677671589921,0.2441269759795166,433,"all","DT#433","DT",433
346,392,184,229,0.6805555555555556,0.6528301886792452,0.6805555555555556,0.6805555555555556,0.6549707602339182,0.6411815812337098,0.2823138649213791,433,"all","RF#433","RF",433
189,454,122,386,0.7881944444444444,0.6077170418006431,0.7881944444444444,0.7881944444444444,0.6412429378531073,0.5586446568201564,0.1169367018256069,433,"all","NB#433","NB",433
383,441,135,192,0.765625,0.7393822393822393,0.765625,0.765625,0.7295285359801488,0.7158992180712423,0.4317491088454169,433,"all","MLP#433","MLP",433
349,345,231,226,0.6069565217391304,0.6042031523642732,0.6069565217391304,0.6069565217391304,0.6043290043290044,0.6029539530842746,0.20591330077520556,434,"all","DT#434","DT",434
347,394,182,228,0.6840277777777778,0.6559546313799622,0.6840277777777778,0.6840277777777778,0.657762938230384,0.6437880104257168,0.28752600573107434,434,"all","RF#434","RF",434
534,71,505,41,0.928695652173913,0.6339285714285714,0.928695652173913,0.928695652173913,0.6617100371747212,0.525629887054735,0.05192316976031283,434,"all","NB#434","NB",434
352,424,152,223,0.7361111111111112,0.6984126984126984,0.7361111111111112,0.7361111111111112,0.6933769419460344,0.6741963509991312,0.348322359431642,434,"all","MLP#434","MLP",434
346,363,213,229,0.6302083333333334,0.6189624329159212,0.6302083333333334,0.6302083333333334,0.6215753424657535,0.6159860990443093,0.2319530664991909,435,"all","DT#435","DT",435
341,403,173,234,0.6996527777777778,0.6634241245136187,0.6996527777777778,0.6996527777777778,0.6644682605111295,0.6463944396177237,0.29272321273547225,435,"all","RF#435","RF",435
542,34,542,33,0.9426086956521739,0.5074626865671642,0.9426086956521739,0.9426086956521739,0.6534056660638938,0.5004344048653345,0.0016352169000572747,435,"all","NB#435","NB",435
364,421,155,211,0.7309027777777778,0.7013487475915221,0.7309027777777778,0.7309027777777778,0.6970198675496688,0.682015638575152,0.36397702704334906,435,"all","MLP#435","MLP",435
354,342,234,221,0.6156521739130435,0.6074600355239786,0.6156521739130435,0.6156521739130435,0.6087704213241617,0.6046915725456126,0.20939806434958275,436,"all","DT#436","DT",436
352,398,178,223,0.6909722222222222,0.6641509433962264,0.6909722222222222,0.6909722222222222,0.6649958228905597,0.6516072980017377,0.30316673083165385,436,"all","RF#436","RF",436
547,53,523,28,0.951304347826087,0.654320987654321,0.951304347826087,0.951304347826087,0.6650455927051672,0.5212858384013901,0.04328588992223511,436,"all","NB#436","NB",436
362,441,135,213,0.765625,0.7283702213279678,0.765625,0.765625,0.7170731707317072,0.6976542137271937,0.39523675795157037,436,"all","MLP#436","MLP",436
353,336,240,222,0.6139130434782609,0.6021505376344086,0.6139130434782609,0.6139130434782609,0.6044520547945206,0.5986099044309297,0.19724101700134955,437,"all","DT#437","DT",437
346,386,190,229,0.6701388888888888,0.6455223880597015,0.6701388888888888,0.6701388888888888,0.6481947942905122,0.635968722849696,0.27189402757710684,437,"all","RF#437","RF",437
536,66,510,39,0.9321739130434783,0.6285714285714286,0.9321739130434783,0.9321739130434783,0.661320172732881,0.5230234578627281,0.046724023226238656,437,"all","NB#437","NB",437
375,433,143,200,0.7517361111111112,0.7239382239382239,0.7517361111111112,0.7517361111111112,0.7162944582299421,0.7019982623805386,0.4039447838959572,437,"all","MLP#437","MLP",437
348,350,226,227,0.6076388888888888,0.6065857885615251,0.6076388888888888,0.6076388888888888,0.6071118820468343,0.6064291920069504,0.21285660153472455,438,"all","DT#438","DT",438
340,401,175,235,0.6961805555555556,0.6601941747572816,0.6961805555555556,0.6961805555555556,0.6617161716171618,0.6437880104257168,0.28751094603979827,438,"all","RF#438","RF",438
446,188,388,129,0.7756521739130435,0.5930599369085173,0.7756521739130435,0.7756521739130435,0.6330731014904187,0.5508253692441355,0.10200118009413588,438,"all","NB#438","NB",438
376,420,156,199,0.7291666666666666,0.706766917293233,0.7291666666666666,0.7291666666666666,0.702928870292887,0.6915725456125109,0.3831045795545303,438,"all","MLP#438","MLP",438
344,363,213,231,0.6302083333333334,0.6175942549371634,0.6302083333333334,0.6302083333333334,0.6205128205128205,0.6142484795829714,0.22847541146951458,439,"all","DT#439","DT",439
345,380,196,230,0.6597222222222222,0.6377079482439926,0.6597222222222222,0.6597222222222222,0.6408094435075886,0.629887054735013,0.2597355540592362,439,"all","RF#439","RF",439
562,11,565,13,0.9773913043478261,0.4986690328305235,0.9773913043478261,0.9773913043478261,0.6603995299647473,0.49782797567332754,-0.003508549638586185,439,"all","NB#439","NB",439
396,362,214,179,0.688695652173913,0.6691312384473198,0.688695652173913,0.688695652173913,0.6683544303797468,0.6585577758470895,0.31715111671333795,439,"all","MLP#439","MLP",439
352,345,231,223,0.6121739130434782,0.6073943661971831,0.6121739130434782,0.6121739130434782,0.6079447322970638,0.6055603822762815,0.21112969650125005,440,"all","DT#440","DT",440
354,362,214,221,0.6284722222222222,0.6232394366197183,0.6284722222222222,0.6284722222222222,0.6246764452113891,0.6220677671589921,0.2441269759795166,440,"all","RF#440","RF",440
12,569,7,563,0.9878472222222222,0.631578947368421,0.9878472222222222,0.9878472222222222,0.6662763466042154,0.5047784535186794,0.008724110213283063,440,"all","NB#440","NB",440
388,412,164,187,0.7152777777777778,0.7028985507246377,0.7152777777777778,0.7152777777777778,0.7012765957446809,0.6950477845351868,0.390073930707135,440,"all","MLP#440","MLP",440
341,349,227,234,0.6059027777777778,0.6003521126760564,0.6059027777777778,0.6059027777777778,0.6022433132010354,0.5994787141615986,0.19894835845185554,441,"all","DT#441","DT",441
335,400,176,240,0.6944444444444444,0.6555772994129159,0.6944444444444444,0.6944444444444444,0.6578947368421053,0.6385751520417029,0.277079911102522,441,"all","RF#441","RF",441
456,179,397,119,0.7930434782608695,0.6006711409395973,0.7930434782608695,0.7930434782608695,0.638655462184874,0.5516941789748045,0.10376381892865016,441,"all","NB#441","NB",441
380,370,206,195,0.6608695652173913,0.6548672566371682,0.6608695652173913,0.6608695652173913,0.6546080964685614,0.6516072980017377,0.3032256408785482,441,"all","MLP#441","MLP",441
342,340,236,233,0.5947826086956521,0.5933682373472949,0.5947826086956521,0.5947826086956521,0.593235039028621,0.5925282363162467,0.18505954834141758,442,"all","DT#442","DT",442
348,395,181,227,0.6857638888888888,0.6578449905482041,0.6857638888888888,0.6857638888888888,0.6594323873121869,0.6455256298870548,0.2910014886299472,442,"all","RF#442","RF",442
557,15,561,18,0.9686956521739131,0.49821109123434704,0.9686956521739131,0.9686956521739131,0.6580035440047254,0.49695916594265854,-0.005258370629149193,442,"all","NB#442","NB",442
347,440,136,228,0.7638888888888888,0.7184265010351967,0.7638888888888888,0.7638888888888888,0.7073954983922828,0.68375325803649,0.3674181800612404,442,"all","MLP#442","MLP",442
340,339,237,235,0.591304347826087,0.5905923344947736,0.591304347826087,0.591304347826087,0.5902777777777778,0.5899218071242398,0.17984547148106433,443,"all","DT#443","DT",443
318,400,176,257,0.6944444444444444,0.6437246963562753,0.6944444444444444,0.6944444444444444,0.64882400648824,0.6238053866203301,0.24751818987527158,443,"all","RF#443","RF",443
381,241,335,194,0.662608695652174,0.5540229885057472,0.662608695652174,0.662608695652174,0.5902401239349341,0.5403996524761078,0.08099423280974315,443,"all","NB#443","NB",443
304,455,121,271,0.7899305555555556,0.7152941176470589,0.7899305555555556,0.7899305555555556,0.6989247311827956,0.6594265855777585,0.3186983767459419,443,"all","MLP#443","MLP",443
355,352,224,220,0.6173913043478261,0.6153846153846154,0.6173913043478261,0.6173913043478261,0.6152512998266898,0.6142484795829714,0.22850103562176557,444,"all","DT#444","DT",444
353,396,180,222,0.6875,0.6622889305816135,0.6875,0.6875,0.6633165829145728,0.6507384882710686,0.30143215602438567,444,"all","RF#444","RF",444
202,469,107,373,0.8142361111111112,0.6537216828478964,0.8142361111111112,0.8142361111111112,0.6614950634696756,0.582971329278888,0.16560696173282152,444,"all","NB#444","NB",444
375,430,146,200,0.7465277777777778,0.7197696737044146,0.7465277777777778,0.7465277777777778,0.7131011608623548,0.6993918331885317,0.3987341963263913,444,"all","MLP#444","MLP",444
363,353,223,212,0.6313043478260869,0.6247787610619469,0.6313043478260869,0.6313043478260869,0.6253229974160206,0.6220677671589921,0.2441475156662554,445,"all","DT#445","DT",445
355,387,189,220,0.671875,0.6525735294117647,0.671875,0.671875,0.6542688081149619,0.6446568201563857,0.28927984250470656,445,"all","RF#445","RF",445
9,563,13,566,0.9774305555555556,0.49867139061116034,0.9774305555555556,0.9774305555555556,0.6604105571847507,0.49695916594265854,-0.006923050191358519,445,"all","NB#445","NB",445
374,427,149,201,0.7413194444444444,0.7151051625239006,0.7413194444444444,0.7413194444444444,0.7093023255813954,0.6959165942658557,0.39178498312065546,445,"all","MLP#445","MLP",445
346,358,218,229,0.6215277777777778,0.6134751773049646,0.6215277777777778,0.6215277777777778,0.6156491831470335,0.6116420503909644,0.2232706159069672,446,"all","DT#446","DT",446
325,402,174,250,0.6979166666666666,0.6513026052104208,0.6979166666666666,0.6979166666666666,0.6547231270358305,0.631624674196351,0.2631642519371184,446,"all","RF#446","RF",446
516,108,468,59,0.8973913043478261,0.6467065868263473,0.8973913043478261,0.8973913043478261,0.6619627966645286,0.5421372719374457,0.08483892041296955,446,"all","NB#446","NB",446
333,428,148,242,0.7430555555555556,0.6923076923076923,0.7430555555555556,0.7430555555555556,0.6869983948635635,0.6611642050390965,0.3222317176652484,446,"all","MLP#446","MLP",446
344,343,233,231,0.5982608695652174,0.5975609756097561,0.5982608695652174,0.5982608695652174,0.5972222222222223,0.5968722849695917,0.19374639569324967,447,"all","DT#447","DT",447
344,403,173,231,0.6996527777777778,0.6653771760154739,0.6996527777777778,0.6996527777777778,0.6661157024793389,0.6490008688097306,0.29793973506134286,447,"all","RF#447","RF",447
400,263,313,175,0.6956521739130435,0.6004566210045662,0.6956521739130435,0.6956521739130435,0.6211180124223602,0.5760208514335361,0.15221768411774128,447,"all","NB#447","NB",447
330,449,127,245,0.7795138888888888,0.7221006564551422,0.7795138888888888,0.7795138888888888,0.7070866141732283,0.6768027801911382,0.3534899030926403,447,"all","MLP#447","MLP",447
328,339,237,247,0.5885416666666666,0.5805309734513274,0.5885416666666666,0.5885416666666666,0.5834767641996558,0.579496090356212,0.15897884931837744,448,"all","DT#448","DT",448
319,415,161,256,0.7204861111111112,0.6645833333333333,0.7204861111111112,0.7204861111111112,0.6655974338412189,0.6377063423110338,0.27530820392417377,448,"all","RF#448","RF",448
122,507,69,453,0.8802083333333334,0.6387434554973822,0.8802083333333334,0.8802083333333334,0.66015625,0.5464813205907906,0.0924358323665893,448,"all","NB#448","NB",448
354,403,173,221,0.6996527777777778,0.6717267552182163,0.6996527777777778,0.6996527777777778,0.6716666666666667,0.6576889661164205,0.3153278015315119,448,"all","MLP#448","MLP",448
334,337,239,241,0.5850694444444444,0.583044982698962,0.5850694444444444,0.5850694444444444,0.584055459272097,0.582971329278888,0.1659395106869285,449,"all","DT#449","DT",449
347,386,190,228,0.6701388888888888,0.6461824953445066,0.6701388888888888,0.6701388888888888,0.6487394957983194,0.6368375325803649,0.2736328472949837,449,"all","RF#449","RF",449
8,570,6,567,0.9895833333333334,0.5714285714285714,0.9895833333333334,0.9895833333333334,0.6654991243432575,0.5021720243266724,0.0034993404740426707,449,"all","NB#449","NB",449
323,437,139,252,0.7586805555555556,0.6991341991341992,0.7586805555555556,0.7586805555555556,0.6909090909090909,0.6602953953084274,0.32047435628360504,449,"all","MLP#449","MLP",449
347,342,234,228,0.6034782608695652,0.6,0.6034782608695652,0.6034782608695652,0.6003460207612458,0.5986099044309297,0.19722647439787688,450,"all","DT#450","DT",450
343,419,157,232,0.7274305555555556,0.686,0.7274305555555556,0.7274305555555556,0.6829665851670742,0.6620330147697654,0.3239889782206621,450,"all","RF#450","RF",450
128,507,69,447,0.8802083333333334,0.649746192893401,0.8802083333333334,0.8802083333333334,0.6627450980392158,0.5516941789748045,0.10287573524746914,450,"all","NB#450","NB",450
361,429,147,214,0.7447916666666666,0.7106299212598425,0.7447916666666666,0.7447916666666666,0.7038556193601313,0.6863596872284969,0.372655446731478,450,"all","MLP#450","MLP",450
337,338,238,238,0.5868055555555556,0.5868055555555556,0.5868055555555556,0.5868055555555556,0.5868055555555556,0.5864465682015638,0.1728925120772945,451,"all","DT#451","DT",451
342,385,191,233,0.6684027777777778,0.6416510318949343,0.6684027777777778,0.6684027777777778,0.6448911222780569,0.631624674196351,0.26320207501079496,451,"all","RF#451","RF",451
508,100,476,67,0.8834782608695653,0.5988023952095808,0.8834782608695653,0.8834782608695653,0.6516998075689545,0.5282363162467419,0.05705414380311669,451,"all","NB#451","NB",451
360,424,152,215,0.7361111111111112,0.703125,0.7361111111111112,0.7361111111111112,0.6979423868312757,0.6811468288444831,0.36223251909526416,451,"all","MLP#451","MLP",451
356,325,251,219,0.6191304347826087,0.5974264705882353,0.6191304347826087,0.6191304347826087,0.6023688663282571,0.5916594265855778,0.18335768803439445,452,"all","DT#452","DT",452
354,380,196,221,0.6597222222222222,0.6436363636363637,0.6597222222222222,0.6597222222222222,0.6457094307561597,0.6377063423110338,0.2753847895829401,452,"all","RF#452","RF",452
329,321,255,246,0.5721739130434783,0.5661375661375662,0.5721739130434783,0.5721739130434783,0.5677308024158757,0.5647263249348393,0.12946382069084203,452,"all","NB#452","NB",452
366,410,166,209,0.7118055555555556,0.6879699248120301,0.7118055555555556,0.7118055555555556,0.6861924686192469,0.6741963509991312,0.3483499079801376,452,"all","MLP#452","MLP",452
352,351,225,223,0.6121739130434782,0.6114982578397212,0.6121739130434782,0.6121739130434782,0.611111111111111,0.6107732406602954,0.2215482441176203,453,"all","DT#453","DT",453
349,387,189,226,0.671875,0.6486988847583643,0.671875,0.671875,0.6509671993271657,0.6394439617723718,0.2788470974375078,453,"all","RF#453","RF",453
474,164,412,101,0.8243478260869566,0.6188679245283019,0.8243478260869566,0.8243478260869566,0.648870636550308,0.5543006081668115,0.10901886342613902,453,"all","NB#453","NB",453
348,433,143,227,0.7517361111111112,0.7087576374745418,0.7517361111111112,0.7517361111111112,0.7006472491909386,0.6785403996524761,0.3569987739991183,453,"all","MLP#453","MLP",453
343,353,223,232,0.6128472222222222,0.6060070671378092,0.6128472222222222,0.6128472222222222,0.6080964685615848,0.6046915725456126,0.20937180607828312,454,"all","DT#454","DT",454
342,397,179,233,0.6892361111111112,0.6564299424184261,0.6892361111111112,0.6892361111111112,0.6583747927031509,0.6420503909643788,0.28404187539443115,454,"all","RF#454","RF",454
409,242,334,166,0.711304347826087,0.5931372549019608,0.711304347826087,0.711304347826087,0.6206373292867982,0.5655951346655083,0.13140990811509157,454,"all","NB#454","NB",454
344,429,147,231,0.7447916666666666,0.7006109979633401,0.7447916666666666,0.7447916666666666,0.6941747572815534,0.6715899218071243,0.3430960447882884,454,"all","MLP#454","MLP",454
371,347,229,204,0.6452173913043479,0.6297640653357531,0.6452173913043479,0.6452173913043479,0.6314893617021277,0.6238053866203301,0.24763860059629386,455,"all","DT#455","DT",455
363,391,185,212,0.6788194444444444,0.6624087591240876,0.6788194444444444,0.6788194444444444,0.6632739609838847,0.6550825369244135,0.3101364337012529,455,"all","RF#455","RF",455
217,464,112,358,0.8055555555555556,0.6595744680851063,0.8055555555555556,0.8055555555555556,0.6638054363376252,0.5916594265855778,0.1830148273664435,455,"all","NB#455","NB",455
387,404,172,188,0.7013888888888888,0.6923076923076923,0.7013888888888888,0.7013888888888888,0.6917808219178082,0.687228496959166,0.3744414116283003,455,"all","MLP#455","MLP",455
363,350,226,212,0.6313043478260869,0.6227758007117438,0.6313043478260869,0.6313043478260869,0.6237113402061857,0.6194613379669852,0.23893818669291403,456,"all","DT#456","DT",456
364,389,187,211,0.6753472222222222,0.6606170598911071,0.6753472222222222,0.6753472222222222,0.6615646258503401,0.6542137271937446,0.3084018744640507,456,"all","RF#456","RF",456
159,485,91,416,0.8420138888888888,0.636,0.8420138888888888,0.8420138888888888,0.6567366283006093,0.5595134665508253,0.11859381490012448,456,"all","NB#456","NB",456
363,429,147,212,0.7447916666666666,0.711764705882353,0.7447916666666666,0.7447916666666666,0.705012325390304,0.6880973066898349,0.3761329236715559,456,"all","MLP#456","MLP",456
357,345,231,218,0.6208695652173913,0.6127886323268206,0.6208695652173913,0.6208695652173913,0.6139294926913156,0.6099044309296264,0.2198235843801376,457,"all","DT#457","DT",457
342,404,172,233,0.7013888888888888,0.6653696498054474,0.7013888888888888,0.7013888888888888,0.6661170651277823,0.6481320590790617,0.29619877434365177,457,"all","RF#457","RF",457
416,211,365,159,0.7234782608695652,0.5702702702702702,0.7234782608695652,0.7234782608695652,0.6135693215339233,0.5447437011294527,0.08976978777735181,457,"all","NB#457","NB",457
360,436,140,215,0.7569444444444444,0.72,0.7569444444444444,0.7569444444444444,0.7106764466177669,0.6915725456125109,0.3830747744687278,457,"all","MLP#457","MLP",457
352,365,211,223,0.6336805555555556,0.6252220248667851,0.6336805555555556,0.6336805555555556,0.627147766323024,0.6229365768896612,0.24585892256502226,458,"all","DT#458","DT",458
365,389,187,210,0.6753472222222222,0.6612318840579711,0.6753472222222222,0.6753472222222222,0.6621276595744681,0.6550825369244135,0.3101405996886968,458,"all","RF#458","RF",458
471,150,426,104,0.8191304347826087,0.5905511811023622,0.8191304347826087,0.8191304347826087,0.639945652173913,0.5395308427454387,0.07950845150757024,458,"all","NB#458","NB",458
341,440,136,234,0.7638888888888888,0.7148846960167715,0.7638888888888888,0.7638888888888888,0.7040000000000001,0.6785403996524761,0.3569851819864654,458,"all","MLP#458","MLP",458
346,365,211,229,0.6336805555555556,0.6211849192100538,0.6336805555555556,0.6336805555555556,0.623931623931624,0.6177237185056472,0.23542608343825758,459,"all","DT#459","DT",459
362,395,181,213,0.6857638888888888,0.6666666666666666,0.6857638888888888,0.6857638888888888,0.6672297297297297,0.6576889661164205,0.3153443403062948,459,"all","RF#459","RF",459
540,59,517,35,0.9391304347826087,0.6276595744680851,0.9391304347826087,0.9391304347826087,0.6617647058823529,0.5204170286707211,0.041530770182325066,459,"all","NB#459","NB",459
366,414,162,209,0.71875,0.6931818181818182,0.71875,0.71875,0.6905754795663053,0.6776715899218071,0.3552969489079086,459,"all","MLP#459","MLP",459
342,341,235,233,0.5947826086956521,0.5940766550522648,0.5947826086956521,0.5947826086956521,0.59375,0.5933970460469157,0.18679593358715688,460,"all","DT#460","DT",460
329,389,187,246,0.6753472222222222,0.6375968992248062,0.6753472222222222,0.6753472222222222,0.6424442609413707,0.6238053866203301,0.24754318394905342,460,"all","RF#460","RF",460
398,211,365,177,0.6921739130434783,0.5438144329896907,0.6921739130434783,0.6921739130434783,0.5949177877428998,0.529105125977411,0.05847676082271339,460,"all","NB#460","NB",460
369,419,157,206,0.7274305555555556,0.7015209125475285,0.7274305555555556,0.7274305555555556,0.697751873438801,0.684622067767159,0.3691969967585163,460,"all","MLP#460","MLP",460
366,333,243,209,0.6365217391304347,0.6143911439114391,0.6365217391304347,0.6365217391304347,0.6182432432432433,0.6072980017376195,0.21463572220024937,461,"all","DT#461","DT",461
339,406,170,236,0.7048611111111112,0.6660117878192534,0.7048611111111112,0.7048611111111112,0.6666666666666667,0.6472632493483927,0.29445566738231765,461,"all","RF#461","RF",461
527,80,496,48,0.9165217391304348,0.625,0.9165217391304348,0.9165217391304348,0.6595744680851064,0.527367506516073,0.055373177561069874,461,"all","NB#461","NB",461
356,419,157,219,0.7274305555555556,0.6939571150097466,0.7274305555555556,0.7274305555555556,0.6902800658978584,0.6733275412684622,0.34659343114844676,461,"all","MLP#461","MLP",461
350,335,241,225,0.6086956521739131,0.5982142857142857,0.6086956521739131,0.6086956521739131,0.600343053173242,0.5951346655082537,0.19028827806091633,462,"all","DT#462","DT",462
341,389,187,234,0.6753472222222222,0.6458333333333334,0.6753472222222222,0.6753472222222222,0.6488740617180984,0.634231103388358,0.26840974525668343,462,"all","RF#462","RF",462
180,472,104,395,0.8194444444444444,0.6338028169014085,0.8194444444444444,0.8194444444444444,0.6541926541926542,0.5664639443961772,0.1325461517665519,462,"all","NB#462","NB",462
371,418,158,204,0.7256944444444444,0.7013232514177694,0.7256944444444444,0.7256944444444444,0.6978297161936561,0.685490877497828,0.3709375953040218,462,"all","MLP#462","MLP",462
374,341,235,201,0.6504347826086957,0.6291512915129152,0.6504347826086957,0.6504347826086957,0.6317567567567568,0.6211989574283232,0.24243622760909006,463,"all","DT#463","DT",463
365,373,203,210,0.6475694444444444,0.6426056338028169,0.6475694444444444,0.6475694444444444,0.643658326143227,0.6411815812337098,0.2823550369644607,463,"all","RF#463","RF",463
416,183,393,159,0.7234782608695652,0.5350877192982456,0.7234782608695652,0.7234782608695652,0.6011560693641619,0.5204170286707211,0.041172049728809626,463,"all","NB#463","NB",463
389,387,189,186,0.6765217391304348,0.675392670157068,0.6765217391304348,0.6765217391304348,0.6747614917606244,0.6741963509991312,0.3483951612537988,463,"all","MLP#463","MLP",463
338,349,227,237,0.6059027777777778,0.5982300884955752,0.6059027777777778,0.6059027777777778,0.6006884681583476,0.5968722849695917,0.19373178942918834,464,"all","DT#464","DT",464
357,405,171,218,0.703125,0.6761363636363636,0.703125,0.703125,0.6755629691409508,0.6620330147697654,0.3240175555934675,464,"all","RF#464","RF",464
542,50,526,33,0.9426086956521739,0.6024096385542169,0.9426086956521739,0.9426086956521739,0.6597687157638465,0.5143353605560382,0.029392375541754046,464,"all","NB#464","NB",464
334,437,139,241,0.7586805555555556,0.7061310782241015,0.7586805555555556,0.7586805555555556,0.696969696969697,0.6698523023457863,0.33960241462302476,464,"all","MLP#464","MLP",464
358,350,226,217,0.6226086956521739,0.6172839506172839,0.6226086956521739,0.6226086956521739,0.6177739430543572,0.6151172893136403,0.23024445621964662,465,"all","DT#465","DT",465
351,405,171,224,0.703125,0.6724137931034483,0.703125,0.703125,0.6721991701244813,0.6568201563857515,0.3135848731858074,465,"all","RF#465","RF",465
557,28,548,18,0.9686956521739131,0.6086956521739131,0.9686956521739131,0.9686956521739131,0.6630952380952382,0.5082536924413553,0.017292926855022265,465,"all","NB#465","NB",465
354,420,156,221,0.7291666666666666,0.6941176470588235,0.7291666666666666,0.7291666666666666,0.6902218570254725,0.6724587315377932,0.3448526802901854,465,"all","MLP#465","MLP",465
350,360,216,225,0.625,0.6183745583038869,0.625,0.625,0.6201550387596899,0.6168549087749783,0.23369882742972045,466,"all","DT#466","DT",466
361,391,185,214,0.6788194444444444,0.6611721611721612,0.6788194444444444,0.6788194444444444,0.6621507197290432,0.6533449174630755,0.30665895698936096,466,"all","RF#466","RF",466
552,48,528,23,0.96,0.676056338028169,0.96,0.96,0.6670694864048338,0.5212858384013901,0.04330032206726448,466,"all","NB#466","NB",466
388,411,165,187,0.7135416666666666,0.701627486437613,0.7135416666666666,0.7135416666666666,0.7001703577512777,0.6941789748045178,0.3883371730341287,466,"all","MLP#466","MLP",466
342,357,219,233,0.6197916666666666,0.6096256684491979,0.6197916666666666,0.6197916666666666,0.6123499142367067,0.6072980017376195,0.21457881054249345,467,"all","DT#467","DT",467
346,386,190,229,0.6701388888888888,0.6455223880597015,0.6701388888888888,0.6701388888888888,0.6481947942905122,0.635968722849696,0.27189402757710684,467,"all","RF#467","RF",467
226,433,143,349,0.7517361111111112,0.6124661246612466,0.7517361111111112,0.7517361111111112,0.6377025036818852,0.5725456125108601,0.14482462843215121,467,"all","NB#467","NB",467
374,440,136,201,0.7638888888888888,0.7333333333333333,0.7638888888888888,0.7638888888888888,0.723089564502876,0.7072111207645526,0.41436433224878655,467,"all","MLP#467","MLP",467
359,353,223,216,0.6243478260869565,0.6203866432337434,0.6243478260869565,0.6243478260869565,0.62057044079516,0.6185925282363163,0.2371925417454827,468,"all","DT#468","DT",468
336,404,172,239,0.7013888888888888,0.6614173228346457,0.7013888888888888,0.7013888888888888,0.6628383921246924,0.6429192006950478,0.2857656194089681,468,"all","RF#468","RF",468
216,450,126,359,0.78125,0.631578947368421,0.78125,0.78125,0.6498194945848376,0.578627280625543,0.15695738386237917,468,"all","NB#468","NB",468
321,475,101,254,0.8246527777777778,0.7606635071090048,0.8246527777777778,0.8246527777777778,0.7279693486590039,0.6915725456125109,0.38300211250485106,468,"all","MLP#468","MLP",468
341,311,265,234,0.5930434782608696,0.5706422018348624,0.5930434782608696,0.5930434782608696,0.5774767146486028,0.5664639443961772,0.13296781098710655,469,"all","DT#469","DT",469
351,395,181,224,0.6857638888888888,0.6597744360902256,0.6857638888888888,0.6857638888888888,0.6610878661087867,0.6481320590790617,0.2962179006185485,469,"all","RF#469","RF",469
534,65,511,41,0.928695652173913,0.6132075471698113,0.928695652173913,0.928695652173913,0.6592592592592592,0.5204170286707211,0.04151341892075368,469,"all","NB#469","NB",469
362,420,156,213,0.7291666666666666,0.6988416988416989,0.7291666666666666,0.7291666666666666,0.694789081885856,0.6794092093831451,0.3587627558530852,469,"all","MLP#469","MLP",469
356,346,230,219,0.6191304347826087,0.6123893805309735,0.6191304347826087,0.6191304347826087,0.6132644272179156,0.6099044309296264,0.21982122881413496,470,"all","DT#470","DT",470
336,385,191,239,0.6684027777777778,0.6375711574952562,0.6684027777777778,0.6684027777777778,0.6416666666666667,0.6264118158123371,0.2527689204531729,470,"all","RF#470","RF",470
11,565,11,564,0.9809027777777778,0.5004428697962799,0.9809027777777778,0.9809027777777778,0.6627565982404693,0.5004344048653345,0.00003324031082712883,470,"all","NB#470","NB",470
350,411,165,225,0.7135416666666666,0.6796116504854369,0.7135416666666666,0.7135416666666666,0.6782178217821782,0.6611642050390965,0.32226650964761305,470,"all","MLP#470","MLP",470
334,344,232,241,0.5972222222222222,0.5901060070671378,0.5972222222222222,0.5972222222222222,0.5925925925925926,0.5890529973935708,0.1780942071978633,471,"all","DT#471","DT",471
340,384,192,235,0.6666666666666666,0.6390977443609023,0.6666666666666666,0.6666666666666666,0.6426778242677824,0.629018245004344,0.2579877618867165,471,"all","RF#471","RF",471
525,84,492,50,0.9130434782608695,0.6268656716417911,0.9130434782608695,0.9130434782608695,0.6595477386934673,0.529105125977411,0.058837551030260705,471,"all","NB#471","NB",471
346,417,159,229,0.7239583333333334,0.6851485148514852,0.7239583333333334,0.7239583333333334,0.6824877250409165,0.6629018245004344,0.325731885917896,471,"all","MLP#471","MLP",471
350,333,243,225,0.6086956521739131,0.5967741935483871,0.6086956521739131,0.6086956521739131,0.5993150684931507,0.5933970460469157,0.1868155756637046,472,"all","DT#472","DT",472
320,390,186,255,0.6770833333333334,0.6324110671936759,0.6770833333333334,0.6770833333333334,0.6388206388206389,0.6168549087749783,0.23362940886052444,472,"all","RF#472","RF",472
181,473,103,394,0.8211805555555556,0.6373239436619719,0.8211805555555556,0.8211805555555556,0.6555786555786556,0.5682015638575152,0.13602292069734734,472,"all","NB#472","NB",472
356,439,137,219,0.7621527777777778,0.7221095334685599,0.7621527777777778,0.7621527777777778,0.7115072933549433,0.6907037358818419,0.3813304183186928,472,"all","MLP#472","MLP",472
337,344,232,238,0.5972222222222222,0.5922671353251318,0.5972222222222222,0.5972222222222222,0.5941278065630398,0.5916594265855778,0.18331083916822924,473,"all","DT#473","DT",473
346,401,175,229,0.6961805555555556,0.6641074856046065,0.6961805555555556,0.6961805555555556,0.6650082918739635,0.6490008688097306,0.2979439749013354,473,"all","RF#473","RF",473
9,566,10,566,0.9826388888888888,0.5,0.9826388888888888,0.9826388888888888,0.6627634660421545,0.49956559513466553,-0.0017103728371034666,473,"all","NB#473","NB",473
337,454,122,238,0.7881944444444444,0.7342047930283224,0.7881944444444444,0.7881944444444444,0.7160883280757097,0.687228496959166,0.3743469568946253,473,"all","MLP#473","MLP",473
345,341,235,230,0.6,0.5971978984238179,0.6,0.6,0.5974025974025975,0.5960034752389227,0.1920124395196293,474,"all","DT#474","DT",474
342,397,179,233,0.6892361111111112,0.6564299424184261,0.6892361111111112,0.6892361111111112,0.6583747927031509,0.6420503909643788,0.28404187539443115,474,"all","RF#474","RF",474
523,69,507,52,0.9095652173913044,0.5702479338842975,0.9095652173913044,0.9095652173913044,0.6517133956386293,0.5143353605560382,0.0293367327696102,474,"all","NB#474","NB",474
355,430,146,220,0.7465277777777778,0.7085828343313373,0.7465277777777778,0.7465277777777778,0.701468189233279,0.682015638575152,0.3639597418793765,474,"all","MLP#474","MLP",474
364,345,231,211,0.6330434782608696,0.6205035971223022,0.6330434782608696,0.6330434782608696,0.6222222222222222,0.6159860990443093,0.2319948069200809,475,"all","DT#475","DT",475
345,406,170,230,0.7048611111111112,0.6699029126213593,0.7048611111111112,0.7048611111111112,0.66996699669967,0.6524761077324066,0.30488872784370563,475,"all","RF#475","RF",475
515,85,491,60,0.8956521739130435,0.5862068965517241,0.8956521739130435,0.8956521739130435,0.6514864010120177,0.5212858384013901,0.04319351388212077,475,"all","NB#475","NB",475
371,426,150,204,0.7395833333333334,0.7120921305182342,0.7395833333333334,0.7395833333333334,0.7064676616915423,0.6924413553431799,0.38483209681948705,475,"all","MLP#475","MLP",475
351,352,224,224,0.6111111111111112,0.6111111111111112,0.6111111111111112,0.6111111111111112,0.6111111111111112,0.6107732406602954,0.22154589371980662,476,"all","DT#476","DT",476
348,416,160,227,0.7222222222222222,0.6850393700787402,0.7222222222222222,0.7222222222222222,0.6825266611977031,0.6637706342311034,0.32747273652377284,476,"all","RF#476","RF",476
372,269,307,203,0.6469565217391304,0.5699152542372882,0.6469565217391304,0.6469565217391304,0.5933014354066987,0.5569070373588184,0.11395251953195754,476,"all","NB#476","NB",476
352,451,125,223,0.7829861111111112,0.7379454926624738,0.7829861111111112,0.7829861111111112,0.7216,0.6976542137271937,0.39521849548997273,476,"all","MLP#476","MLP",476
346,329,247,229,0.6017391304347826,0.589605734767025,0.6017391304347826,0.6017391304347826,0.5924657534246575,0.5864465682015638,0.17291498721351156,477,"all","DT#477","DT",477
328,399,177,247,0.6927083333333334,0.6495049504950495,0.6927083333333334,0.6927083333333334,0.6530278232405892,0.631624674196351,0.2631709268793503,477,"all","RF#477","RF",477
520,97,479,55,0.9043478260869565,0.6381578947368421,0.9043478260869565,0.9043478260869565,0.6607369758576875,0.5360556038227628,0.07270406623779459,477,"all","NB#477","NB",477
352,419,157,223,0.7274305555555556,0.6915520628683693,0.7274305555555556,0.7274305555555556,0.6880131362889983,0.6698523023457863,0.3396383093726126,477,"all","MLP#477","MLP",477
356,324,252,219,0.6191304347826087,0.5966850828729282,0.6191304347826087,0.6191304347826087,0.6018596787827558,0.5907906168549087,0.18162138661570293,478,"all","DT#478","DT",478
355,399,177,220,0.6927083333333334,0.6672932330827067,0.6927083333333334,0.6927083333333334,0.6677824267782427,0.6550825369244135,0.3101197692483056,478,"all","RF#478","RF",478
118,511,65,457,0.8871527777777778,0.644808743169399,0.8871527777777778,0.8871527777777778,0.6619170984455959,0.5464813205907906,0.09242486495631475,478,"all","NB#478","NB",478
382,437,139,193,0.7586805555555556,0.7332053742802304,0.7586805555555556,0.7586805555555556,0.7247097844112769,0.7115551694178974,0.42306287046347363,478,"all","MLP#478","MLP",478
325,330,246,250,0.5729166666666666,0.5691768826619965,0.5729166666666666,0.5729166666666666,0.5709342560553633,0.5690703735881842,0.1381348921189139,479,"all","DT#479","DT",479
319,391,185,256,0.6788194444444444,0.6329365079365079,0.6788194444444444,0.6788194444444444,0.6394112837285364,0.6168549087749783,0.23362709469161097,479,"all","RF#479","RF",479
564,9,567,11,0.9808695652173913,0.4986737400530504,0.9808695652173913,0.9808695652173913,0.6611957796014069,0.49782797567332754,-0.0035024948865385965,479,"all","NB#479","NB",479
327,432,144,248,0.75,0.6942675159235668,0.75,0.75,0.6878980891719745,0.6594265855777585,0.3187456967881432,479,"all","MLP#479","MLP",479
315,352,224,260,0.6111111111111112,0.5844155844155844,0.6111111111111112,0.6111111111111112,0.5925925925925926,0.579496090356212,0.15894583642830828,480,"all","DT#480","DT",480
343,387,189,232,0.671875,0.6447368421052632,0.671875,0.671875,0.6476987447698745,0.634231103388358,0.26841416335903445,480,"all","RF#480","RF",480
508,88,488,67,0.8834782608695653,0.567741935483871,0.8834782608695653,0.8834782608695653,0.6467218332272439,0.5178105994787141,0.03623301011887061,480,"all","NB#480","NB",480
352,441,135,223,0.765625,0.7227926078028748,0.765625,0.765625,0.7112903225806453,0.6889661164205039,0.3778491103890613,480,"all","MLP#480","MLP",480
326,340,236,249,0.5902777777777778,0.5800711743772242,0.5902777777777778,0.5902777777777778,0.5836909871244635,0.578627280625543,0.1572373853955468,481,"all","DT#481","DT",481
338,381,195,237,0.6614583333333334,0.6341463414634146,0.6614583333333334,0.6614583333333334,0.6381909547738693,0.6246741963509991,0.249300227369489,481,"all","RF#481","RF",481
124,500,76,451,0.8680555555555556,0.62,0.8680555555555556,0.8680555555555556,0.6548788474132285,0.5421372719374457,0.08375514519844408,481,"all","NB#481","NB",481
363,443,133,212,0.7690972222222222,0.7318548387096774,0.7690972222222222,0.7690972222222222,0.7197400487408611,0.7002606429192006,0.4004493289507655,481,"all","MLP#481","MLP",481
383,345,231,192,0.6660869565217391,0.6424581005586593,0.6660869565217391,0.6660869565217391,0.6442388561816653,0.63249348392702,0.26502968575219754,482,"all","DT#482","DT",482
350,413,163,225,0.7170138888888888,0.682261208576998,0.7170138888888888,0.7170138888888888,0.6803953871499175,0.6629018245004344,0.3257400300148867,482,"all","RF#482","RF",482
521,90,486,54,0.9060869565217391,0.625,0.9060869565217391,0.9060869565217391,0.6586599241466498,0.5308427454387489,0.0622963284814251,482,"all","NB#482","NB",482
363,439,137,212,0.7621527777777778,0.726,0.7621527777777778,0.7621527777777778,0.7155664221678891,0.6967854039965248,0.39350167968897454,482,"all","MLP#482","MLP",482
335,353,223,240,0.6128472222222222,0.600358422939068,0.6128472222222222,0.6128472222222222,0.6039349871685201,0.5977410947002606,0.19546093423291347,483,"all","DT#483","DT",483
324,394,182,251,0.6840277777777778,0.6403162055335968,0.6840277777777778,0.6840277777777778,0.6453726453726455,0.6238053866203301,0.24753182321226094,483,"all","RF#483","RF",483
535,89,487,40,0.9304347826086956,0.689922480620155,0.9304347826086956,0.9304347826086956,0.6700062617407639,0.5421372719374457,0.08489138519145424,483,"all","NB#483","NB",483
355,459,117,220,0.796875,0.7521186440677966,0.796875,0.796875,0.7314741035856573,0.7072111207645526,0.41433073077486393,483,"all","MLP#483","MLP",483
361,339,237,214,0.6278260869565218,0.6130198915009042,0.6278260869565218,0.6278260869565218,0.6155157715260017,0.6081668114682884,0.2163602411148164,484,"all","DT#484","DT",484
355,396,180,220,0.6875,0.6635514018691588,0.6875,0.6875,0.6644295302013423,0.6524761077324066,0.3049097167703365,484,"all","RF#484","RF",484
538,66,510,37,0.9356521739130435,0.6407766990291263,0.9356521739130435,0.9356521739130435,0.662969808995687,0.5247610773240661,0.05019966117189864,484,"all","NB#484","NB",484
377,407,169,198,0.7065972222222222,0.6904761904761905,0.7065972222222222,0.7065972222222222,0.6892464013547841,0.6811468288444831,0.3622652561781843,484,"all","MLP#484","MLP",484
361,357,219,214,0.6278260869565218,0.6252189141856392,0.6278260869565218,0.6278260869565218,0.6251082251082252,0.6238053866203301,0.24761588454193428,485,"all","DT#485","DT",485
348,412,164,227,0.7152777777777778,0.6796875,0.7152777777777778,0.7152777777777778,0.6781893004115227,0.6602953953084274,0.320525653858987,485,"all","RF#485","RF",485
541,64,512,34,0.9408695652173913,0.6530612244897959,0.9408695652173913,0.9408695652173913,0.6646191646191646,0.525629887054735,0.05194319316676669,485,"all","NB#485","NB",485
347,466,110,228,0.8090277777777778,0.7592997811816192,0.8090277777777778,0.8090277777777778,0.7338582677165355,0.7063423110338836,0.41257953560567845,485,"all","MLP#485","MLP",485
333,362,214,242,0.6284722222222222,0.6087751371115173,0.6284722222222222,0.6284722222222222,0.6135593220338983,0.6038227628149435,0.20761143285042238,486,"all","DT#486","DT",486
337,404,172,238,0.7013888888888888,0.6620825147347741,0.7013888888888888,0.7013888888888888,0.6633825944170773,0.6437880104257168,0.287504491691503,486,"all","RF#486","RF",486
174,480,96,401,0.8333333333333334,0.6444444444444445,0.8333333333333334,0.8333333333333334,0.6588881262868908,0.5682015638575152,0.13600465190040692,486,"all","NB#486","NB",486
368,434,142,207,0.7534722222222222,0.7215686274509804,0.7534722222222222,0.7534722222222222,0.7132292522596548,0.6967854039965248,0.3935108366612062,486,"all","MLP#486","MLP",486
352,353,223,223,0.6128472222222222,0.6128472222222222,0.6128472222222222,0.6128472222222222,0.6128472222222222,0.6125108601216334,0.2250211352657004,487,"all","DT#487","DT",487
327,395,181,248,0.6857638888888888,0.6437007874015748,0.6857638888888888,0.6857638888888888,0.6480721903199343,0.6272806255430061,0.25448528157286454,487,"all","RF#487","RF",487
493,123,453,82,0.8573913043478261,0.6,0.8573913043478261,0.8573913043478261,0.6482577251808022,0.5351867940920938,0.07089326479281677,487,"all","NB#487","NB",487
368,431,145,207,0.7482638888888888,0.7173489278752436,0.7482638888888888,0.7482638888888888,0.7100494233937397,0.6941789748045178,0.3883002334155673,487,"all","MLP#487","MLP",487
350,371,205,225,0.6440972222222222,0.6306306306306306,0.6440972222222222,0.6440972222222222,0.6331058020477816,0.6264118158123371,0.25280050726169256,488,"all","DT#488","DT",488
338,405,171,237,0.703125,0.6640471512770137,0.703125,0.703125,0.6650246305418719,0.6455256298870548,0.2909800795369103,488,"all","RF#488","RF",488
506,109,467,69,0.88,0.6123595505617978,0.88,0.88,0.6537467700258399,0.5343179843614249,0.06919453589178001,488,"all","NB#488","NB",488
348,420,156,227,0.7291666666666666,0.6904761904761905,0.7291666666666666,0.7291666666666666,0.6868356500408831,0.6672458731537794,0.3344199030995171,488,"all","MLP#488","MLP",488
331,352,224,244,0.6111111111111112,0.5963963963963964,0.6111111111111112,0.6111111111111112,0.6006825938566553,0.5933970460469157,0.18676892418249327,489,"all","DT#489","DT",489
343,407,169,232,0.7065972222222222,0.669921875,0.7065972222222222,0.7065972222222222,0.6699588477366255,0.6516072980017377,0.3031477933438718,489,"all","RF#489","RF",489
13,573,3,562,0.9947916666666666,0.8125,0.9947916666666666,0.9947916666666666,0.6697837521917008,0.5091225021720244,0.01741505890387583,489,"all","NB#489","NB",489
306,467,109,269,0.8107638888888888,0.7373493975903614,0.8107638888888888,0.8107638888888888,0.711890243902439,0.6715899218071243,0.34302065716356617,489,"all","MLP#489","MLP",489
347,339,237,228,0.6034782608695652,0.5978835978835979,0.6034782608695652,0.6034782608695652,0.5987920621225195,0.5960034752389227,0.19201731860527252,490,"all","DT#490","DT",490
352,391,185,223,0.6788194444444444,0.6554934823091247,0.6788194444444444,0.6788194444444444,0.6571428571428571,0.6455256298870548,0.2910100519051516,490,"all","RF#490","RF",490
17,562,14,558,0.9756944444444444,0.5483870967741935,0.9756944444444444,0.9756944444444444,0.6627358490566038,0.5030408340573415,0.005263984915147634,490,"all","NB#490","NB",490
353,430,146,222,0.7465277777777778,0.7074148296593187,0.7465277777777778,0.7465277777777778,0.7003257328990229,0.680278019113814,0.36048218092655543,490,"all","MLP#490","MLP",490
365,354,222,210,0.6347826086956522,0.6276595744680851,0.6347826086956522,0.6347826086956522,0.6282271944922547,0.6246741963509991,0.2493614246118728,491,"all","DT#491","DT",491
353,395,181,222,0.6857638888888888,0.6610486891385767,0.6857638888888888,0.6857638888888888,0.6621961441743505,0.6498696785403997,0.2996954823592644,491,"all","RF#491","RF",491
186,475,101,389,0.8246527777777778,0.6480836236933798,0.8246527777777778,0.8246527777777778,0.6597222222222222,0.5742832319721981,0.14819547146102174,491,"all","NB#491","NB",491
372,421,155,203,0.7309027777777778,0.7058823529411765,0.7309027777777778,0.7309027777777778,0.7016666666666668,0.6889661164205039,0.37788668260985087,491,"all","MLP#491","MLP",491
355,348,228,220,0.6173913043478261,0.6126760563380281,0.6173913043478261,0.6173913043478261,0.613126079447323,0.6107732406602954,0.22155529522590306,492,"all","DT#492","DT",492
327,384,192,248,0.6666666666666666,0.630057803468208,0.6666666666666666,0.6666666666666666,0.6357615894039735,0.6177237185056472,0.23538221830347975,492,"all","RF#492","RF",492
161,493,83,414,0.8559027777777778,0.6598360655737705,0.8559027777777778,0.8559027777777778,0.6648685097774781,0.5682015638575152,0.13597072208485822,492,"all","NB#492","NB",492
345,456,120,230,0.7916666666666666,0.7419354838709677,0.7916666666666666,0.7916666666666666,0.722662440570523,0.6959165942658557,0.3917317187334853,492,"all","MLP#492","MLP",492
365,351,225,210,0.6347826086956522,0.6256684491978609,0.6347826086956522,0.6347826086956522,0.6266094420600858,0.6220677671589921,0.24415207988949522,493,"all","DT#493","DT",493
327,382,194,248,0.6631944444444444,0.6276391554702495,0.6631944444444444,0.6631944444444444,0.6334991708126037,0.6159860990443093,0.23190900224354039,493,"all","RF#493","RF",493
35,562,14,540,0.9756944444444444,0.7142857142857143,0.9756944444444444,0.9756944444444444,0.66984505363528,0.5186794092093832,0.03659306756270837,493,"all","NB#493","NB",493
325,453,123,250,0.7864583333333334,0.7254464285714286,0.7864583333333334,0.7864583333333334,0.7083659108678654,0.6759339704604691,0.3517431633178461,493,"all","MLP#493","MLP",493
350,355,221,225,0.6163194444444444,0.6129597197898424,0.6163194444444444,0.6163194444444444,0.6141868512110726,0.6125108601216334,0.2250164554133781,494,"all","DT#494","DT",494
336,401,175,239,0.6961805555555556,0.6575342465753424,0.6961805555555556,0.6961805555555556,0.6595394736842105,0.6403127715030409,0.28055548845299066,494,"all","RF#494","RF",494
421,218,358,154,0.7321739130434782,0.5860215053763441,0.7321739130434782,0.7321739130434782,0.621861152141802,0.5551694178974804,0.1106120699543014,494,"all","NB#494","NB",494
352,448,128,223,0.7777777777777778,0.7333333333333333,0.7777777777777778,0.7777777777777778,0.7185244587008822,0.6950477845351868,0.3900076248858154,494,"all","MLP#494","MLP",494
352,347,229,223,0.6121739130434782,0.6087719298245614,0.6121739130434782,0.6121739130434782,0.6089965397923875,0.6072980017376195,0.2146025247355852,495,"all","DT#495","DT",495
351,409,167,224,0.7100694444444444,0.6776061776061776,0.7100694444444444,0.7100694444444444,0.6765922249793218,0.6602953953084274,0.320531809047578,495,"all","RF#495","RF",495
181,467,109,394,0.8107638888888888,0.6241379310344828,0.8107638888888888,0.8107638888888888,0.6499652052887961,0.5629887054735013,0.1256005376709485,495,"all","NB#495","NB",495
330,461,115,245,0.8003472222222222,0.7415730337078652,0.8003472222222222,0.8003472222222222,0.719188767550702,0.687228496959166,0.37433373095565253,495,"all","MLP#495","MLP",495
329,347,229,246,0.6024305555555556,0.589605734767025,0.6024305555555556,0.6024305555555556,0.5936698032506416,0.5873153779322329,0.17460894980698483,496,"all","DT#496","DT",496
340,380,196,235,0.6597222222222222,0.6343283582089553,0.6597222222222222,0.6597222222222222,0.6381192275398825,0.6255430060816681,0.2510413505626086,496,"all","RF#496","RF",496
440,173,403,135,0.7652173913043478,0.5616883116883117,0.7652173913043478,0.7652173913043478,0.620592383638928,0.5325803649000869,0.06553809750885811,496,"all","NB#496","NB",496
339,465,111,236,0.8072916666666666,0.7533333333333333,0.8072916666666666,0.8072916666666666,0.7282693813625686,0.6985230234578628,0.3969317881544676,496,"all","MLP#496","MLP",496
330,334,242,245,0.5798611111111112,0.5769230769230769,0.5798611111111112,0.5798611111111112,0.5783549783549784,0.576889661164205,0.1537748510334439,497,"all","DT#497","DT",497
328,404,172,247,0.7013888888888888,0.656,0.7013888888888888,0.7013888888888888,0.6585167074164628,0.635968722849696,0.271854452119428,497,"all","RF#497","RF",497
541,65,511,34,0.9408695652173913,0.6565656565656566,0.9408695652173913,0.9408695652173913,0.6650276582667486,0.526498696785404,0.053678133349022474,497,"all","NB#497","NB",497
316,460,116,259,0.7986111111111112,0.7314814814814815,0.7986111111111112,0.7986111111111112,0.7104247104247104,0.6741963509991312,0.34825150961031753,497,"all","MLP#497","MLP",497
337,334,242,238,0.5860869565217391,0.583916083916084,0.5860869565217391,0.5860869565217391,0.5840554592720971,0.582971329278888,0.1659470655370439,498,"all","DT#498","DT",498
346,404,172,229,0.7013888888888888,0.667953667953668,0.7013888888888888,0.7013888888888888,0.6683209263854425,0.6516072980017377,0.30315410595416586,498,"all","RF#498","RF",498
552,50,526,23,0.96,0.684931506849315,0.96,0.96,0.6678765880217786,0.5230234578627281,0.04677004026230088,498,"all","NB#498","NB",498
374,411,165,201,0.7135416666666666,0.6938775510204082,0.7135416666666666,0.7135416666666666,0.6919191919191918,0.682015638575152,0.3639962316792579,498,"all","MLP#498","MLP",498
348,332,244,227,0.6052173913043478,0.59391771019678,0.6052173913043478,0.6052173913043478,0.596401028277635,0.5907906168549087,0.18160161952365347,499,"all","DT#499","DT",499
340,404,172,235,0.7013888888888888,0.6640625,0.7013888888888888,0.7013888888888888,0.6650205761316872,0.6463944396177237,0.29272107703480243,499,"all","RF#499","RF",499
549,38,538,26,0.9547826086956521,0.59375,0.9547826086956521,0.9547826086956521,0.6606498194945849,0.5099913119026933,0.02073880092681984,499,"all","NB#499","NB",499
329,447,129,246,0.7760416666666666,0.7183406113537117,0.7760416666666666,0.7760416666666666,0.7044917257683214,0.6741963509991312,0.3482770960450442,499,"all","MLP#499","MLP",499
362,344,232,213,0.6295652173913043,0.6175942549371634,0.6295652173913043,0.6295652173913043,0.6193327630453378,0.6133796698523023,0.22678093472560412,500,"all","DT#500","DT",500
357,392,184,218,0.6805555555555556,0.6598890942698706,0.6805555555555556,0.6805555555555556,0.6610455311973019,0.6507384882710686,0.3014405932671665,500,"all","RF#500","RF",500
565,12,564,10,0.9826086956521739,0.5454545454545454,0.9826086956521739,0.9826086956521739,0.6631455399061033,0.5013032145960035,0.0034391526410579867,500,"all","NB#500","NB",500
365,446,130,210,0.7743055555555556,0.7373737373737373,0.7743055555555556,0.7743055555555556,0.7240259740259741,0.7046046915725456,0.40913757700205333,500,"all","MLP#500","MLP",500
370,346,230,205,0.6434782608695652,0.6279491833030852,0.6434782608695652,0.6434782608695652,0.6297872340425532,0.6220677671589921,0.24416349020643835,501,"all","DT#501","DT",501
361,406,170,214,0.7048611111111112,0.67984934086629,0.7048611111111112,0.7048611111111112,0.6789297658862876,0.6663770634231103,0.33270929832295626,501,"all","RF#501","RF",501
515,115,461,60,0.8956521739130435,0.6571428571428571,0.8956521739130435,0.8956521739130435,0.6640876853642812,0.5473501303214596,0.09524729141929478,501,"all","NB#501","NB",501
384,439,137,191,0.7621527777777778,0.7370441458733206,0.7621527777777778,0.7621527777777778,0.7280265339966832,0.7150304083405734,0.4300139202169258,501,"all","MLP#501","MLP",501
358,349,227,217,0.6226086956521739,0.6166077738515902,0.6226086956521739,0.6226086956521739,0.6172413793103448,0.6142484795829714,0.2285080237315259,502,"all","DT#502","DT",502
347,406,170,228,0.7048611111111112,0.6711798839458414,0.7048611111111112,0.7048611111111112,0.6710743801652892,0.6542137271937446,0.3083663726594419,502,"all","RF#502","RF",502
536,70,506,39,0.9321739130434783,0.6422018348623854,0.9321739130434783,0.9321739130434783,0.66295609152752,0.526498696785404,0.05366385715384833,502,"all","NB#502","NB",502
372,443,133,203,0.7690972222222222,0.7366336633663366,0.7690972222222222,0.7690972222222222,0.7250409165302782,0.7080799304952216,0.4160977156402398,502,"all","MLP#502","MLP",502
349,362,214,226,0.6284722222222222,0.6198934280639432,0.6284722222222222,0.6284722222222222,0.6219931271477663,0.6177237185056472,0.23543300905209616,503,"all","DT#503","DT",503
315,392,184,260,0.6805555555555556,0.6312625250501002,0.6805555555555556,0.6805555555555556,0.6384364820846906,0.6142484795829714,0.22840784872660505,503,"all","RF#503","RF",503
465,135,441,110,0.808695652173913,0.5510204081632653,0.808695652173913,0.808695652173913,0.6279540850776503,0.5212858384013901,0.04304914060154126,503,"all","NB#503","NB",503
330,424,152,245,0.7361111111111112,0.6846473029045643,0.7361111111111112,0.7361111111111112,0.681124497991968,0.6550825369244135,0.31006768764334375,503,"all","MLP#503","MLP",503
336,357,219,239,0.6197916666666666,0.6054054054054054,0.6197916666666666,0.6197916666666666,0.6092150170648464,0.6020851433536055,0.20414565657175626,504,"all","DT#504","DT",504
339,382,194,236,0.6631944444444444,0.6360225140712945,0.6631944444444444,0.6631944444444444,0.6398659966499162,0.6264118158123371,0.2527756892798155,504,"all","RF#504","RF",504
447,174,402,128,0.7773913043478261,0.5761589403973509,0.7773913043478261,0.7773913043478261,0.627808988764045,0.5395308427454387,0.07944177680126263,504,"all","NB#504","NB",504
356,456,120,219,0.7916666666666666,0.7478991596638656,0.7916666666666666,0.7916666666666666,0.7290167865707434,0.7054735013032146,0.4108585069326484,504,"all","MLP#504","MLP",504
324,346,230,251,0.6006944444444444,0.5848375451263538,0.6006944444444444,0.6006944444444444,0.5899403239556692,0.5821025195482189,0.16417791022964176,505,"all","DT#505","DT",505
349,391,185,226,0.6788194444444444,0.653558052434457,0.6788194444444444,0.6788194444444444,0.6554903604358759,0.6429192006950478,0.28579365570634657,505,"all","RF#505","RF",505
561,17,559,14,0.9756521739130435,0.5483870967741935,0.9756521739130435,0.9756521739130435,0.6619469026548672,0.5021720243266724,0.0051618158369095436,505,"all","NB#505","NB",505
351,442,134,224,0.7673611111111112,0.7237113402061855,0.7673611111111112,0.7673611111111112,0.711755233494364,0.6889661164205039,0.3778472316588908,505,"all","MLP#505","MLP",505
371,321,255,204,0.6452173913043479,0.6114285714285714,0.6452173913043479,0.6452173913043479,0.6178184845961698,0.6012163336229366,0.2024934674413655,506,"all","DT#506","DT",506
354,406,170,221,0.7048611111111112,0.6755725190839694,0.7048611111111112,0.7048611111111112,0.6749792186201165,0.6602953953084274,0.3205379641246532,506,"all","RF#506","RF",506
560,12,564,15,0.9739130434782609,0.498220640569395,0.9739130434782609,0.9739130434782609,0.659211300765156,0.49695916594265854,-0.0052492725684780755,506,"all","NB#506","NB",506
351,426,150,224,0.7395833333333334,0.7005988023952096,0.7395833333333334,0.7395833333333334,0.6949429037520392,0.6750651607298002,0.35005722257619354,506,"all","MLP#506","MLP",506
340,347,229,235,0.6024305555555556,0.5975395430579965,0.6024305555555556,0.6024305555555556,0.5993091537132988,0.5968722849695917,0.1937366582426773,507,"all","DT#507","DT",507
329,422,154,246,0.7326388888888888,0.6811594202898551,0.7326388888888888,0.7326388888888888,0.6784565916398715,0.6524761077324066,0.30485514292444,507,"all","RF#507","RF",507
545,38,538,30,0.9478260869565217,0.5588235294117647,0.9478260869565217,0.9478260869565217,0.6574185765983112,0.5065160729800173,0.013787735251347015,507,"all","NB#507","NB",507
351,452,124,224,0.7847222222222222,0.7389473684210527,0.7847222222222222,0.7847222222222222,0.7220447284345047,0.6976542137271937,0.3952166691831496,507,"all","MLP#507","MLP",507
349,364,212,226,0.6319444444444444,0.6221033868092691,0.6319444444444444,0.6319444444444444,0.6243567753001715,0.6194613379669852,0.23890601552569046,508,"all","DT#508","DT",508
331,407,169,244,0.7065972222222222,0.662,0.7065972222222222,0.7065972222222222,0.6634066829665852,0.6411815812337098,0.28228135733967474,508,"all","RF#508","RF",508
553,22,554,22,0.9617391304347827,0.5,0.9617391304347827,0.9617391304347827,0.657550535077289,0.49956559513466553,-0.00006637181490700695,508,"all","NB#508","NB",508
337,464,112,238,0.8055555555555556,0.7505567928730512,0.8055555555555556,0.8055555555555556,0.7261345852895148,0.6959165942658557,0.3917170234676281,508,"all","MLP#508","MLP",508
363,336,240,212,0.6313043478260869,0.6131386861313869,0.6313043478260869,0.6313043478260869,0.6162988115449916,0.6072980017376195,0.21462860869407702,509,"all","DT#509","DT",509
342,390,186,233,0.6770833333333334,0.6477272727272727,0.6770833333333334,0.6770833333333334,0.6505421184320267,0.635968722849696,0.2718852334027325,509,"all","RF#509","RF",509
542,55,521,33,0.9426086956521739,0.625,0.9426086956521739,0.9426086956521739,0.6617826617826618,0.5186794092093832,0.03806676240933609,509,"all","NB#509","NB",509
351,436,140,224,0.7569444444444444,0.714867617107943,0.7569444444444444,0.7569444444444444,0.7055016181229774,0.68375325803649,0.36742582090724063,509,"all","MLP#509","MLP",509
333,377,199,242,0.6545138888888888,0.6259398496240601,0.6545138888888888,0.6545138888888888,0.6309623430962342,0.6168549087749783,0.23365949178464174,510,"all","DT#510","DT",510
350,395,181,225,0.6857638888888888,0.6591337099811676,0.6857638888888888,0.6857638888888888,0.6605351170568561,0.6472632493483927,0.2944791018727091,510,"all","RF#510","RF",510
170,468,108,405,0.8125,0.6115107913669064,0.8125,0.8125,0.6459627329192548,0.5543006081668115,0.10820068780839241,510,"all","NB#510","NB",510
306,462,114,269,0.8020833333333334,0.7285714285714285,0.8020833333333334,0.8020833333333334,0.7069625095638868,0.6672458731537794,0.3343354800715748,510,"all","MLP#510","MLP",510
346,351,225,229,0.609375,0.6059544658493871,0.609375,0.609375,0.6072664359861593,0.6055603822762815,0.21111540528626385,511,"all","DT#511","DT",511
350,395,181,225,0.6857638888888888,0.6591337099811676,0.6857638888888888,0.6857638888888888,0.6605351170568561,0.6472632493483927,0.2944791018727091,511,"all","RF#511","RF",511
523,79,497,52,0.9095652173913044,0.6030534351145038,0.9095652173913044,0.9095652173913044,0.6557993730407523,0.5230234578627281,0.046686631112854426,511,"all","NB#511","NB",511
359,432,144,216,0.75,0.7137176938369781,0.75,0.75,0.7058823529411765,0.687228496959166,0.37438852049135785,511,"all","MLP#511","MLP",511
361,373,203,214,0.6475694444444444,0.6400709219858156,0.6475694444444444,0.6475694444444444,0.641444539982803,0.6377063423110338,0.2754001047722713,512,"all","DT#512","DT",512
333,405,171,242,0.703125,0.6607142857142857,0.703125,0.703125,0.6623058053965658,0.6411815812337098,0.2822856918540484,512,"all","RF#512","RF",512
10,565,11,565,0.9809027777777778,0.5,0.9809027777777778,0.9809027777777778,0.6623681125439626,0.49956559513466553,-0.0017073458176071578,512,"all","NB#512","NB",512
334,442,134,241,0.7673611111111112,0.7136752136752137,0.7673611111111112,0.7673611111111112,0.7021445591739475,0.6741963509991312,0.34828693644655767,512,"all","MLP#512","MLP",512
358,349,227,217,0.6226086956521739,0.6166077738515902,0.6226086956521739,0.6226086956521739,0.6172413793103448,0.6142484795829714,0.2285080237315259,513,"all","DT#513","DT",513
347,401,175,228,0.6961805555555556,0.6647509578544061,0.6961805555555556,0.6961805555555556,0.6655601659751038,0.6498696785403997,0.29968279466805164,513,"all","RF#513","RF",513
541,52,524,34,0.9408695652173913,0.6046511627906976,0.9408695652173913,0.9408695652173913,0.6597560975609758,0.5152041702867072,0.031124319268656855,513,"all","NB#513","NB",513
369,425,151,206,0.7378472222222222,0.7096153846153846,0.7378472222222222,0.7378472222222222,0.704225352112676,0.6898349261511729,0.3796178728608204,513,"all","MLP#513","MLP",513
335,340,236,240,0.5902777777777778,0.5866900175131349,0.5902777777777778,0.5902777777777778,0.5882352941176471,0.5864465682015638,0.17288751743669944,514,"all","DT#514","DT",514
324,387,189,251,0.671875,0.631578947368421,0.671875,0.671875,0.6375617792421747,0.6177237185056472,0.23537529176945898,514,"all","RF#514","RF",514
556,18,558,19,0.9669565217391304,0.4991023339317774,0.9669565217391304,0.9669565217391304,0.6583777383066903,0.49869678540399653,-0.0017920200802788804,514,"all","NB#514","NB",514
334,412,164,241,0.7152777777777778,0.6706827309236948,0.7152777777777778,0.7152777777777778,0.6704637917005696,0.6481320590790617,0.2961817723376661,514,"all","MLP#514","MLP",514
331,342,234,244,0.59375,0.5858407079646017,0.59375,0.59375,0.5886402753872634,0.5847089487402259,0.16940473135162085,515,"all","DT#515","DT",515
328,426,150,247,0.7395833333333334,0.6861924686192469,0.7395833333333334,0.7395833333333334,0.6821457165732585,0.6550825369244135,0.31006352077523436,515,"all","RF#515","RF",515
391,240,336,184,0.68,0.5660377358490566,0.68,0.68,0.6006144393241168,0.5482189400521286,0.09664448979099004,515,"all","NB#515","NB",515
302,455,121,273,0.7899305555555556,0.7139479905437353,0.7899305555555556,0.7899305555555556,0.6978527607361963,0.6576889661164205,0.3152202800159457,515,"all","MLP#515","MLP",515
351,339,237,224,0.6104347826086957,0.6021314387211367,0.6104347826086957,0.6104347826086957,0.6036113499570078,0.5994787141615986,0.19897254431902764,516,"all","DT#516","DT",516
334,417,159,241,0.7239583333333334,0.6774847870182555,0.7239583333333334,0.7239583333333334,0.6758508914100486,0.6524761077324066,0.304865638560329,516,"all","RF#516","RF",516
525,85,491,50,0.9130434782608695,0.6296296296296297,0.9130434782608695,0.9130434782608695,0.6599622878692646,0.5299739357080799,0.06057259584123503,516,"all","NB#516","NB",516
353,419,157,222,0.7274305555555556,0.692156862745098,0.7274305555555556,0.7274305555555556,0.6885784716516024,0.6707211120764552,0.3413770976922553,516,"all","MLP#516","MLP",516
337,366,210,238,0.6354166666666666,0.6160877513711152,0.6354166666666666,0.6354166666666666,0.6203389830508474,0.6107732406602954,0.22151298666006405,517,"all","DT#517","DT",517
335,395,181,240,0.6857638888888888,0.6492248062015504,0.6857638888888888,0.6857638888888888,0.652353426919901,0.634231103388358,0.26839649062944926,517,"all","RF#517","RF",517
548,43,533,27,0.9530434782608695,0.6142857142857143,0.9530434782608695,0.9530434782608695,0.6618357487922706,0.5134665508253693,0.02767511532555151,517,"all","NB#517","NB",517
341,448,128,234,0.7777777777777778,0.7270788912579957,0.7777777777777778,0.7777777777777778,0.7122416534181241,0.685490877497828,0.37088060589405913,517,"all","MLP#517","MLP",517
345,332,244,230,0.6,0.5907473309608541,0.6,0.6,0.5927835051546392,0.5881841876629018,0.1763851609416467,518,"all","DT#518","DT",518
336,387,189,239,0.671875,0.64,0.671875,0.671875,0.6439267886855241,0.6281494352736751,0.25624216803804634,518,"all","RF#518","RF",518
450,157,419,125,0.782608695652174,0.5567375886524822,0.782608695652174,0.782608695652174,0.6232686980609419,0.527367506516073,0.055153660663896195,518,"all","NB#518","NB",518
321,450,126,254,0.78125,0.7181208053691275,0.78125,0.78125,0.703125,0.6698523023457863,0.3395764882102822,518,"all","MLP#518","MLP",518
365,358,218,210,0.6347826086956522,0.6302816901408451,0.6347826086956522,0.6347826086956522,0.6303972366148533,0.6281494352736751,0.2563072909747467,519,"all","DT#519","DT",519
340,397,179,235,0.6892361111111112,0.6551059730250481,0.6892361111111112,0.6892361111111112,0.6572847682119206,0.6403127715030409,0.2805641781310016,519,"all","RF#519","RF",519
488,124,452,87,0.8486956521739131,0.5876777251184834,0.8486956521739131,0.8486956521739131,0.6442244224422443,0.5317115551694179,0.06393819830558348,519,"all","NB#519","NB",519
379,421,155,196,0.7309027777777778,0.7097378277153558,0.7309027777777778,0.7309027777777778,0.7057837384744342,0.6950477845351868,0.39005735560323024,519,"all","MLP#519","MLP",519
370,354,222,205,0.6434782608695652,0.6332737030411449,0.6434782608695652,0.6434782608695652,0.6341045415595544,0.629018245004344,0.25805497141528666,520,"all","DT#520","DT",520
347,391,185,228,0.6788194444444444,0.6522556390977443,0.6788194444444444,0.6788194444444444,0.6543933054393306,0.6411815812337098,0.2823160319887915,520,"all","RF#520","RF",520
416,211,365,159,0.7234782608695652,0.5702702702702702,0.7234782608695652,0.7234782608695652,0.6135693215339233,0.5447437011294527,0.08976978777735181,520,"all","NB#520","NB",520
371,399,177,204,0.6927083333333334,0.677007299270073,0.6927083333333334,0.6927083333333334,0.6768447837150128,0.6689834926151172,0.33793949934553486,520,"all","MLP#520","MLP",520
364,339,237,211,0.6330434782608696,0.6163636363636363,0.6330434782608696,0.6330434782608696,0.6190476190476191,0.6107732406602954,0.22157644778435628,521,"all","DT#521","DT",521
373,386,190,202,0.6701388888888888,0.6625222024866785,0.6701388888888888,0.6701388888888888,0.6632302405498282,0.6594265855777585,0.3188403171555039,521,"all","RF#521","RF",521
472,163,413,103,0.8208695652173913,0.6127819548872181,0.8208695652173913,0.8208695652173913,0.6465753424657534,0.5516941789748045,0.10380709510947486,521,"all","NB#521","NB",521
371,430,146,204,0.7465277777777778,0.7176015473887815,0.7465277777777778,0.7465277777777778,0.7107438016528925,0.6959165942658557,0.39177947344423264,521,"all","MLP#521","MLP",521
344,354,222,231,0.6145833333333334,0.607773851590106,0.6145833333333334,0.6145833333333334,0.6098191214470284,0.6064291920069504,0.212847094842774,522,"all","DT#522","DT",522
335,405,171,240,0.703125,0.6620553359683794,0.703125,0.703125,0.6633906633906633,0.6429192006950478,0.28576346267953645,522,"all","RF#522","RF",522
8,571,5,567,0.9913194444444444,0.6153846153846154,0.9913194444444444,0.9913194444444444,0.6662777129521587,0.5030408340573415,0.005236931091898627,522,"all","NB#522","NB",522
360,421,155,215,0.7309027777777778,0.6990291262135923,0.7309027777777778,0.7309027777777778,0.6947194719471947,0.6785403996524761,0.3570220732554278,522,"all","MLP#522","MLP",522
328,343,233,247,0.5954861111111112,0.5846702317290553,0.5954861111111112,0.5954861111111112,0.5883361921097771,0.582971329278888,0.16592440057609922,523,"all","DT#523","DT",523
312,412,164,263,0.7152777777777778,0.6554621848739496,0.7152777777777778,0.7152777777777778,0.6586730615507594,0.629018245004344,0.2579250220066101,523,"all","RF#523","RF",523
562,23,553,13,0.9773913043478261,0.6388888888888888,0.9773913043478261,0.9773913043478261,0.6650887573964497,0.5082536924413553,0.017307750324312865,523,"all","NB#523","NB",523
354,448,128,221,0.7777777777777778,0.7344398340248963,0.7777777777777778,0.7777777777777778,0.7196787148594378,0.6967854039965248,0.3934851964421335,523,"all","MLP#523","MLP",523
347,365,211,228,0.6336805555555556,0.6218637992831542,0.6336805555555556,0.6336805555555556,0.6244653550042771,0.6185925282363163,0.23716490308477123,524,"all","DT#524","DT",524
333,400,176,242,0.6944444444444444,0.6542239685658153,0.6944444444444444,0.6944444444444444,0.6568144499178982,0.6368375325803649,0.2736021403098738,524,"all","RF#524","RF",524
130,505,71,445,0.8767361111111112,0.6467661691542289,0.8767361111111112,0.8767361111111112,0.6618610747051114,0.5516941789748045,0.10288115572500182,524,"all","NB#524","NB",524
343,439,137,232,0.7621527777777778,0.7145833333333333,0.7621527777777778,0.7621527777777778,0.7040898155573376,0.6794092093831451,0.3587259646235495,524,"all","MLP#524","MLP",524
359,347,229,216,0.6243478260869565,0.6163410301953819,0.6243478260869565,0.6243478260869565,0.6173688736027514,0.6133796698523023,0.2267739310671741,525,"all","DT#525","DT",525
336,392,184,239,0.6805555555555556,0.6461538461538462,0.6805555555555556,0.6805555555555556,0.6495443247721624,0.63249348392702,0.26492537876786276,525,"all","RF#525","RF",525
446,199,377,129,0.7756521739130435,0.6067073170731707,0.7756521739130435,0.7756521739130435,0.6380543633762519,0.5603822762814944,0.12109294829230606,525,"all","NB#525","NB",525
370,449,127,205,0.7795138888888888,0.744466800804829,0.7795138888888888,0.7795138888888888,0.7300813008130081,0.7115551694178974,0.4230419644825326,525,"all","MLP#525","MLP",525
364,353,223,211,0.6330434782608696,0.625886524822695,0.6330434782608696,0.6330434782608696,0.6265060240963856,0.6229365768896612,0.24588624602211312,526,"all","DT#526","DT",526
339,404,172,236,0.7013888888888888,0.6634050880626223,0.7013888888888888,0.7013888888888888,0.6644736842105262,0.6455256298870548,0.29098222050439654,526,"all","RF#526","RF",526
12,565,11,563,0.9809027777777778,0.5217391304347826,0.9809027777777778,0.9809027777777778,0.6631455399061034,0.5013032145960035,0.001773821179485258,526,"all","NB#526","NB",526
322,455,121,253,0.7899305555555556,0.7268623024830699,0.7899305555555556,0.7899305555555556,0.7087227414330217,0.6750651607298002,0.35000030199254684,526,"all","MLP#526","MLP",526
337,357,219,238,0.6197916666666666,0.6061151079136691,0.6197916666666666,0.6197916666666666,0.609735269000854,0.6029539530842746,0.2058845286927012,527,"all","DT#527","DT",527
341,418,158,234,0.7256944444444444,0.6833667334669339,0.7256944444444444,0.7256944444444444,0.6807817589576548,0.6594265855777585,0.31877449707393957,527,"all","RF#527","RF",527
392,236,340,183,0.6817391304347826,0.5632458233890215,0.6817391304347826,0.6817391304347826,0.5998469778117828,0.5456125108601216,0.09143967990678546,527,"all","NB#527","NB",527
320,481,95,255,0.8350694444444444,0.7710843373493976,0.8350694444444444,0.8350694444444444,0.7332317073170733,0.6959165942658557,0.3916857936699685,527,"all","MLP#527","MLP",527
365,336,240,210,0.6347826086956522,0.6153846153846154,0.6347826086956522,0.6347826086956522,0.6186440677966102,0.6090356211989574,0.21810606403695473,528,"all","DT#528","DT",528
346,387,189,229,0.671875,0.6467289719626168,0.671875,0.671875,0.6493288590604027,0.6368375325803649,0.27363065402500164,528,"all","RF#528","RF",528
517,114,462,58,0.8991304347826087,0.6627906976744186,0.8991304347826087,0.8991304347826087,0.6653796653796653,0.5482189400521286,0.09698794817170685,528,"all","NB#528","NB",528
367,433,143,208,0.7517361111111112,0.7196078431372549,0.7517361111111112,0.7517361111111112,0.7115858668857846,0.6950477845351868,0.39003525406327605,528,"all","MLP#528","MLP",528
344,313,263,231,0.5982608695652174,0.5753676470588235,0.5982608695652174,0.5982608695652174,0.5820642978003383,0.5708079930495221,0.14165680401912933,529,"all","DT#529","DT",529
350,391,185,225,0.6788194444444444,0.6542056074766355,0.6788194444444444,0.6788194444444444,0.6560402684563759,0.6437880104257168,0.2875324596895949,529,"all","RF#529","RF",529
398,209,367,177,0.6921739130434783,0.5414507772020726,0.6921739130434783,0.6921739130434783,0.5940298507462687,0.527367506516073,0.05500535776271905,529,"all","NB#529","NB",529
321,467,109,254,0.8107638888888888,0.7465116279069768,0.8107638888888888,0.8107638888888888,0.7201233616037007,0.684622067767159,0.36910555601694206,529,"all","MLP#529","MLP",529
347,333,243,228,0.6034782608695652,0.5935828877005348,0.6034782608695652,0.6034782608695652,0.5957081545064378,0.5907906168549087,0.1815991485700052,530,"all","DT#530","DT",530
333,408,168,242,0.7083333333333334,0.6646706586826348,0.7083333333333334,0.7083333333333334,0.6655791190864601,0.6437880104257168,0.2874958857118699,530,"all","RF#530","RF",530
316,290,286,259,0.5495652173913044,0.5282331511839709,0.5495652173913044,0.5495652173913044,0.5369583687340695,0.526498696785404,0.05303527784948369,530,"all","NB#530","NB",530
371,437,139,204,0.7586805555555556,0.7274509803921568,0.7586805555555556,0.7586805555555556,0.7181594083812655,0.7019982623805386,0.4039375844549962,530,"all","MLP#530","MLP",530
355,325,251,220,0.6173913043478261,0.5963302752293578,0.6173913043478261,0.6173913043478261,0.6011854360711262,0.5907906168549087,0.18161891578141723,531,"all","DT#531","DT",531
329,405,171,246,0.703125,0.658,0.703125,0.703125,0.6601466992665036,0.6377063423110338,0.2753300871928434,531,"all","RF#531","RF",531
488,168,408,87,0.8486956521739131,0.6588235294117647,0.8486956521739131,0.8486956521739131,0.663494221617947,0.5699391833188532,0.14029433200396546,531,"all","NB#531","NB",531
338,460,116,237,0.7986111111111112,0.7444933920704846,0.7986111111111112,0.7986111111111112,0.7227022780832679,0.6933101650738488,0.38650780109289284,531,"all","MLP#531","MLP",531
346,326,250,229,0.6017391304347826,0.5873873873873874,0.6017391304347826,0.6017391304347826,0.5909479077711357,0.5838401390095569,0.1677060358895627,532,"all","DT#532","DT",532
338,392,184,237,0.6805555555555556,0.6475095785440613,0.6805555555555556,0.6805555555555556,0.6506224066390042,0.634231103388358,0.26840311800310107,532,"all","RF#532","RF",532
536,45,531,39,0.9321739130434783,0.5357142857142857,0.9321739130434783,0.9321739130434783,0.6528623629719854,0.5047784535186794,0.010291269166017985,532,"all","NB#532","NB",532
348,421,155,227,0.7309027777777778,0.6918489065606361,0.7309027777777778,0.7309027777777778,0.6879084967320261,0.6681146828844483,0.33615670785471846,532,"all","MLP#532","MLP",532
358,327,249,217,0.6226086956521739,0.6011029411764706,0.6226086956521739,0.6226086956521739,0.6057529610829104,0.5951346655082537,0.19030783537027182,533,"all","DT#533","DT",533
342,393,183,233,0.6822916666666666,0.6514285714285715,0.6822916666666666,0.6822916666666666,0.653910149750416,0.6385751520417029,0.27709519136408245,533,"all","RF#533","RF",533
17,562,14,558,0.9756944444444444,0.5483870967741935,0.9756944444444444,0.9756944444444444,0.6627358490566038,0.5030408340573415,0.005263984915147634,533,"all","NB#533","NB",533
334,432,144,241,0.75,0.698744769874477,0.75,0.75,0.6917534027221779,0.6655082536924414,0.33091802392560515,533,"all","MLP#533","MLP",533
357,339,237,218,0.6208695652173913,0.6086175942549371,0.6208695652173913,0.6208695652173913,0.6107784431137725,0.6046915725456126,0.20940522539359543,534,"all","DT#534","DT",534
370,404,172,205,0.7013888888888888,0.6826568265682657,0.7013888888888888,0.7013888888888888,0.6818565400843881,0.6724587315377932,0.3448843314959834,534,"all","RF#534","RF",534
135,499,77,440,0.8663194444444444,0.6367924528301887,0.8663194444444444,0.8663194444444444,0.6587458745874586,0.5508253692441355,0.10115748817664265,534,"all","NB#534","NB",534
368,420,156,207,0.7291666666666666,0.7022900763358778,0.7291666666666666,0.7291666666666666,0.6982543640897756,0.684622067767159,0.3691950920134248,534,"all","MLP#534","MLP",534
351,343,233,224,0.6104347826086957,0.6049382716049383,0.6104347826086957,0.6104347826086957,0.6056945642795514,0.6029539530842746,0.2059180959195904,535,"all","DT#535","DT",535
346,403,173,229,0.6996527777777778,0.6666666666666666,0.6996527777777778,0.6996527777777778,0.6672185430463576,0.6507384882710686,0.3014173903590883,535,"all","RF#535","RF",535
219,442,134,356,0.7673611111111112,0.6203966005665722,0.7673611111111112,0.7673611111111112,0.6433770014556041,0.5742832319721981,0.1482803717429453,535,"all","NB#535","NB",535
371,404,172,204,0.7013888888888888,0.6832412523020258,0.7013888888888888,0.7013888888888888,0.6824324324324325,0.6733275412684622,0.34662302526692096,535,"all","MLP#535","MLP",535
349,339,237,226,0.6069565217391304,0.6,0.6069565217391304,0.6069565217391304,0.6012058570198104,0.5977410947002606,0.19549494196201433,536,"all","DT#536","DT",536
354,395,181,221,0.6857638888888888,0.6616822429906543,0.6857638888888888,0.6857638888888888,0.6627516778523489,0.6507384882710686,0.30143426535418816,536,"all","RF#536","RF",536
192,470,106,383,0.8159722222222222,0.6442953020134228,0.8159722222222222,0.8159722222222222,0.6578026592022392,0.575152041702867,0.14994797039220806,536,"all","NB#536","NB",536
333,458,118,242,0.7951388888888888,0.738359201773836,0.7951388888888888,0.7951388888888888,0.7178683385579937,0.687228496959166,0.37433939928368243,536,"all","MLP#536","MLP",536
346,326,250,229,0.6017391304347826,0.5873873873873874,0.6017391304347826,0.6017391304347826,0.5909479077711357,0.5838401390095569,0.1677060358895627,537,"all","DT#537","DT",537
348,390,186,227,0.6770833333333334,0.651685393258427,0.6770833333333334,0.6770833333333334,0.6538139145012574,0.6411815812337098,0.28231819904311706,537,"all","RF#537","RF",537
16,566,10,559,0.9826388888888888,0.6153846153846154,0.9826388888888888,0.9826388888888888,0.6654908877131098,0.5056472632493484,0.010473656457420185,537,"all","NB#537","NB",537
349,421,155,226,0.7309027777777778,0.6924603174603174,0.7309027777777778,0.7309027777777778,0.6884709730171709,0.6689834926151172,0.3378955171825482,537,"all","MLP#537","MLP",537
343,366,210,232,0.6354166666666666,0.620253164556962,0.6354166666666666,0.6354166666666666,0.6235093696763203,0.6159860990443093,0.23194610932126386,538,"all","DT#538","DT",538
339,389,187,236,0.6753472222222222,0.6444866920152091,0.6753472222222222,0.6753472222222222,0.6477935054121565,0.63249348392702,0.264932037545048,538,"all","RF#538","RF",538
182,472,104,393,0.8194444444444444,0.6363636363636364,0.8194444444444444,0.8194444444444444,0.6551006245662734,0.5682015638575152,0.13602553046241486,538,"all","NB#538","NB",538
354,429,147,221,0.7447916666666666,0.7065868263473054,0.7447916666666666,0.7447916666666666,0.6998368678629691,0.680278019113814,0.3604841120535807,538,"all","MLP#538","MLP",538
345,347,229,230,0.6024305555555556,0.6013864818024264,0.6024305555555556,0.6024305555555556,0.6019080659150043,0.6012163336229366,0.2024308611577011,539,"all","DT#539","DT",539
340,391,185,235,0.6788194444444444,0.6476190476190476,0.6788194444444444,0.6788194444444444,0.6505823627287853,0.6350999131190269,0.27014418358873704,539,"all","RF#539","RF",539
339,289,287,236,0.5895652173913043,0.5504761904761905,0.5895652173913043,0.5895652173913043,0.5645295587010823,0.5456125108601216,0.09129429950290666,539,"all","NB#539","NB",539
335,437,139,240,0.7586805555555556,0.7067510548523207,0.7586805555555556,0.7586805555555556,0.6975259377494015,0.6707211120764552,0.34134129751064096,539,"all","MLP#539","MLP",539
337,351,225,238,0.609375,0.599644128113879,0.609375,0.609375,0.6025751072961373,0.5977410947002606,0.19546579265595487,540,"all","DT#540","DT",540
331,403,173,244,0.6996527777777778,0.6567460317460317,0.6996527777777778,0.6996527777777778,0.6590351594439903,0.6377063423110338,0.2753344636879858,540,"all","RF#540","RF",540
264,381,195,311,0.6614583333333334,0.5751633986928104,0.6614583333333334,0.6614583333333334,0.6009463722397477,0.5603822762814944,0.12060988941300112,540,"all","NB#540","NB",540
343,415,161,232,0.7204861111111112,0.6805555555555556,0.7204861111111112,0.7204861111111112,0.678659035159444,0.6585577758470895,0.31704183268436087,540,"all","MLP#540","MLP",540
345,359,217,230,0.6232638888888888,0.6138790035587188,0.6232638888888888,0.6232638888888888,0.6163090128755364,0.6116420503909644,0.22326827066352462,541,"all","DT#541","DT",541
346,390,186,229,0.6770833333333334,0.650375939849624,0.6770833333333334,0.6770833333333334,0.6527196652719666,0.6394439617723718,0.27884056483135217,541,"all","RF#541","RF",541
166,476,100,409,0.8263888888888888,0.6240601503759399,0.8263888888888888,0.8263888888888888,0.65160848733744,0.5577758470894874,0.11513825138840424,541,"all","NB#541","NB",541
382,422,154,193,0.7326388888888888,0.7126865671641791,0.7326388888888888,0.7326388888888888,0.7086481947942905,0.6985230234578628,0.3970100896640956,541,"all","MLP#541","MLP",541
350,326,250,225,0.6086956521739131,0.5916515426497277,0.6086956521739131,0.6086956521739131,0.5957446808510638,0.5873153779322329,0.17466128240932938,542,"all","DT#542","DT",542
359,374,202,216,0.6493055555555556,0.6399286987522281,0.6493055555555556,0.6493055555555556,0.6415094339622642,0.6368375325803649,0.27365916550168634,542,"all","RF#542","RF",542
536,58,518,39,0.9321739130434783,0.5979381443298969,0.9321739130434783,0.9321739130434783,0.658072437077962,0.5160729800173762,0.03284460663258307,542,"all","NB#542","NB",542
329,459,117,246,0.796875,0.7376681614349776,0.796875,0.796875,0.7166276346604216,0.684622067767159,0.36912079798149083,542,"all","MLP#542","MLP",542
324,350,226,251,0.6076388888888888,0.5890909090909091,0.6076388888888888,0.6076388888888888,0.5947323704333051,0.5855777584708949,0.1711236082279676,543,"all","DT#543","DT",543
335,409,167,240,0.7100694444444444,0.6673306772908366,0.7100694444444444,0.7100694444444444,0.6677551020408163,0.6463944396177237,0.292710398337981,543,"all","RF#543","RF",543
446,175,401,129,0.7756521739130435,0.5756578947368421,0.7756521739130435,0.7756521739130435,0.6272855133614628,0.5395308427454387,0.07943899847888541,543,"all","NB#543","NB",543
341,438,138,234,0.7604166666666666,0.7118997912317327,0.7604166666666666,0.7604166666666666,0.7019230769230769,0.6768027801911382,0.35351137846064645,543,"all","MLP#543","MLP",543
368,356,220,207,0.64,0.6323268206039077,0.64,0.64,0.6328460877042134,0.629018245004344,0.258050491158839,544,"all","DT#544","DT",544
351,407,169,224,0.7065972222222222,0.675,0.7065972222222222,0.7065972222222222,0.6743993371996686,0.6585577758470895,0.3170583306282981,544,"all","RF#544","RF",544
447,183,393,128,0.7773913043478261,0.5884244372990354,0.7773913043478261,0.7773913043478261,0.6318021201413427,0.5473501303214596,0.09506160729780519,544,"all","NB#544","NB",544
378,417,159,197,0.7239583333333334,0.7039106145251397,0.7239583333333334,0.7239583333333334,0.7008403361344537,0.6907037358818419,0.38137151587802437,544,"all","MLP#544","MLP",544
319,352,224,256,0.6111111111111112,0.5874769797421732,0.6111111111111112,0.6111111111111112,0.5945945945945946,0.582971329278888,0.1659017343833035,545,"all","DT#545","DT",545
330,397,179,245,0.6892361111111112,0.6483300589390962,0.6892361111111112,0.6892361111111112,0.651888341543514,0.631624674196351,0.26317537677365194,545,"all","RF#545","RF",545
9,560,16,566,0.9722222222222222,0.49733570159857904,0.9722222222222222,0.9722222222222222,0.6580493537015276,0.4943527367506516,-0.012135680290095938,545,"all","NB#545","NB",545
324,423,153,251,0.734375,0.6792452830188679,0.734375,0.734375,0.6768,0.6490008688097306,0.297897333844681,545,"all","MLP#545","MLP",545
339,357,219,236,0.6197916666666666,0.6075268817204301,0.6197916666666666,0.6197916666666666,0.6107784431137724,0.6046915725456126,0.20936225718353288,546,"all","DT#546","DT",546
337,384,192,238,0.6666666666666666,0.6370510396975425,0.6666666666666666,0.6666666666666666,0.6410684474123539,0.6264118158123371,0.2527711767423462,546,"all","RF#546","RF",546
266,403,173,309,0.6996527777777778,0.6059225512528473,0.6996527777777778,0.6996527777777778,0.6257763975155279,0.58123370981755,0.16229479482502446,546,"all","NB#546","NB",546
322,439,137,253,0.7621527777777778,0.7015250544662309,0.7621527777777778,0.7621527777777778,0.6924290220820188,0.6611642050390965,0.3222092033025107,546,"all","MLP#546","MLP",546
357,330,246,218,0.6208695652173913,0.6021897810218978,0.6208695652173913,0.6208695652173913,0.6061120543293718,0.5968722849695917,0.19377804078330021,547,"all","DT#547","DT",547
325,411,165,250,0.7135416666666666,0.6632653061224489,0.7135416666666666,0.7135416666666666,0.6645109135004041,0.6394439617723718,0.27879483327419724,547,"all","RF#547","RF",547
515,56,520,60,0.8956521739130435,0.4975845410628019,0.8956521739130435,0.8956521739130435,0.639751552795031,0.49609035621198955,-0.007120658962677015,547,"all","NB#547","NB",547
314,434,142,261,0.7534722222222222,0.6885964912280702,0.7534722222222222,0.7534722222222222,0.6829268292682927,0.6498696785403997,0.29961300414778635,547,"all","MLP#547","MLP",547
344,362,214,231,0.6284722222222222,0.6164874551971327,0.6284722222222222,0.6284722222222222,0.6193327630453378,0.6133796698523023,0.2267389108718067,548,"all","DT#548","DT",548
317,399,177,258,0.6927083333333334,0.6417004048582996,0.6927083333333334,0.6927083333333334,0.6472019464720195,0.6220677671589921,0.24404252331580395,548,"all","RF#548","RF",548
530,66,510,45,0.9217391304347826,0.5945945945945946,0.9217391304347826,0.9217391304347826,0.6563467492260062,0.5178105994787141,0.0362969835486863,548,"all","NB#548","NB",548
354,473,103,221,0.8211805555555556,0.774617067833698,0.8211805555555556,0.8211805555555556,0.7448818897637794,0.7185056472632494,0.4369105607581061,548,"all","MLP#548","MLP",548
362,340,236,213,0.6295652173913043,0.6148282097649186,0.6295652173913043,0.6295652173913043,0.6172208013640239,0.6099044309296264,0.21983536199679063,549,"all","DT#549","DT",549
356,392,184,219,0.6805555555555556,0.6592592592592592,0.6805555555555556,0.6805555555555556,0.6604886267902275,0.6498696785403997,0.29970182603247447,549,"all","RF#549","RF",549
525,84,492,50,0.9130434782608695,0.6268656716417911,0.9130434782608695,0.9130434782608695,0.6595477386934673,0.529105125977411,0.058837551030260705,549,"all","NB#549","NB",549
384,422,154,191,0.7326388888888888,0.7137546468401487,0.7326388888888888,0.7326388888888888,0.7098402018502944,0.7002606429192006,0.4004873460625064,549,"all","MLP#549","MLP",549
358,348,228,217,0.6226086956521739,0.6159292035398231,0.6226086956521739,0.6226086956521739,0.6167097329888028,0.6133796698523023,0.2267715964861693,550,"all","DT#550","DT",550
343,409,167,232,0.7100694444444444,0.6725490196078432,0.7100694444444444,0.7100694444444444,0.6721446179129006,0.6533449174630755,0.3066212717129548,550,"all","RF#550","RF",550
562,16,560,13,0.9773913043478261,0.5517241379310345,0.9773913043478261,0.9773913043478261,0.6623453152622275,0.5021720243266724,0.0051648170969924865,550,"all","NB#550","NB",550
348,445,131,227,0.7725694444444444,0.7265135699373695,0.7725694444444444,0.7725694444444444,0.7131410256410257,0.6889661164205039,0.37784159540029943,550,"all","MLP#550","MLP",550
356,345,231,219,0.6191304347826087,0.6117021276595744,0.6191304347826087,0.6191304347826087,0.6127366609294319,0.6090356211989574,0.21808481730403417,551,"all","DT#551","DT",551
354,382,194,221,0.6631944444444444,0.6459854014598541,0.6631944444444444,0.6631944444444444,0.6480067854113656,0.6394439617723718,0.27885798485143565,551,"all","RF#551","RF",551
548,33,543,27,0.9530434782608695,0.55,0.9530434782608695,0.9530434782608695,0.6578631452581033,0.5047784535186794,0.010327100266097096,551,"all","NB#551","NB",551
323,440,136,252,0.7638888888888888,0.7037037037037037,0.7638888888888888,0.7638888888888888,0.694006309148265,0.6629018245004344,0.32568505354198507,551,"all","MLP#551","MLP",551
361,320,256,214,0.6278260869565218,0.599250936329588,0.6278260869565218,0.6278260869565218,0.6057046979865771,0.5916594265855778,0.18337001579006176,552,"all","DT#552","DT",552
352,398,178,223,0.6909722222222222,0.6641509433962264,0.6909722222222222,0.6909722222222222,0.6649958228905597,0.6516072980017377,0.30316673083165385,552,"all","RF#552","RF",552
456,182,394,119,0.7930434782608695,0.6046511627906976,0.7930434782608695,0.7930434782608695,0.6399999999999999,0.5543006081668115,0.10897046063304029,552,"all","NB#552","NB",552
327,470,106,248,0.8159722222222222,0.7551963048498845,0.8159722222222222,0.8159722222222222,0.7264296754250387,0.6924413553431799,0.38475035409160774,552,"all","MLP#552","MLP",552
360,354,222,215,0.6260869565217392,0.6221441124780316,0.6260869565217392,0.6260869565217392,0.6222990492653415,0.6203301476976543,0.24066774656668785,553,"all","DT#553","DT",553
347,388,188,228,0.6736111111111112,0.6485981308411215,0.6736111111111112,0.6736111111111112,0.651006711409396,0.6385751520417029,0.27710610544115,553,"all","RF#553","RF",553
419,191,385,156,0.7286956521739131,0.5504322766570605,0.7286956521739131,0.7286956521739131,0.6076867295141407,0.5299739357080799,0.06027203759569825,553,"all","NB#553","NB",553
332,452,124,243,0.7847222222222222,0.7280701754385965,0.7847222222222222,0.7847222222222222,0.7112509834775768,0.6811468288444831,0.3621785918665945,553,"all","MLP#553","MLP",553
355,344,232,220,0.6173913043478261,0.6099290780141844,0.6173913043478261,0.6173913043478261,0.6110154905335627,0.6072980017376195,0.2146096387142745,554,"all","DT#554","DT",554
352,393,183,223,0.6822916666666666,0.6579439252336449,0.6822916666666666,0.6822916666666666,0.6593959731543624,0.6472632493483927,0.2944833625218916,554,"all","RF#554","RF",554
436,166,410,139,0.7582608695652174,0.5442622950819672,0.7582608695652174,0.7582608695652174,0.613652357494722,0.5230234578627281,0.046436316060307445,554,"all","NB#554","NB",554
346,456,120,229,0.7916666666666666,0.7424892703862661,0.7916666666666666,0.7916666666666666,0.7232355273592387,0.6967854039965248,0.3934705439149861,554,"all","MLP#554","MLP",554
379,350,226,196,0.6591304347826087,0.6410256410256411,0.6591304347826087,0.6591304347826087,0.6423728813559322,0.6333622936576889,0.26675724227465536,555,"all","DT#555","DT",555
369,390,186,206,0.6770833333333334,0.6648648648648648,0.6770833333333334,0.6770833333333334,0.6655290102389079,0.6594265855777585,0.3188320903408919,555,"all","RF#555","RF",555
525,67,509,50,0.9130434782608695,0.5726495726495726,0.9130434782608695,0.9130434782608695,0.6525792417650714,0.5143353605560382,0.029342590203949998,555,"all","NB#555","NB",555
362,442,134,213,0.7673611111111112,0.7298387096774194,0.7673611111111112,0.7673611111111112,0.718115353371243,0.6985230234578628,0.39697367288671215,555,"all","MLP#555","MLP",555
329,340,236,246,0.5902777777777778,0.5823008849557522,0.5902777777777778,0.5902777777777778,0.5851979345955249,0.58123370981755,0.1624541433294586,556,"all","DT#556","DT",556
343,406,170,232,0.7048611111111112,0.6686159844054581,0.7048611111111112,0.7048611111111112,0.6688632619439869,0.6507384882710686,0.30141106202573303,556,"all","RF#556","RF",556
472,148,428,103,0.8208695652173913,0.5896414342629482,0.8208695652173913,0.8208695652173913,0.6399999999999999,0.5386620330147698,0.07777584971141875,556,"all","NB#556","NB",556
367,438,138,208,0.7604166666666666,0.7267326732673267,0.7604166666666666,0.7604166666666666,0.7168576104746318,0.6993918331885317,0.39871967146286597,556,"all","MLP#556","MLP",556
377,325,251,198,0.6556521739130434,0.621414913957935,0.6556521739130434,0.6556521739130434,0.626766417290108,0.6099044309296264,0.21987069271329435,557,"all","DT#557","DT",557
352,399,177,223,0.6927083333333334,0.665406427221172,0.6927083333333334,0.6927083333333334,0.6661101836393991,0.6524761077324066,0.3049034202254384,557,"all","RF#557","RF",557
145,501,75,430,0.8697916666666666,0.6590909090909091,0.8697916666666666,0.8697916666666666,0.6648971466489715,0.5612510860121633,0.12203097976723634,557,"all","NB#557","NB",557
382,434,142,193,0.7534722222222222,0.7290076335877863,0.7534722222222222,0.7534722222222222,0.7215295095594348,0.7089487402258905,0.41785221990219645,557,"all","MLP#557","MLP",557
351,341,235,224,0.6104347826086957,0.6035398230088496,0.6104347826086957,0.6104347826086957,0.6046511627906976,0.6012163336229366,0.20244530963404886,558,"all","DT#558","DT",558
333,401,175,242,0.6961805555555556,0.655511811023622,0.6961805555555556,0.6961805555555556,0.6579163248564397,0.6377063423110338,0.27533884013026677,558,"all","RF#558","RF",558
253,394,182,322,0.6840277777777778,0.5816091954022988,0.6840277777777778,0.6840277777777778,0.6099071207430341,0.5621198957428323,0.12405399691963864,558,"all","NB#558","NB",558
324,444,132,251,0.7708333333333334,0.7105263157894737,0.7708333333333334,0.7708333333333334,0.6986624704956726,0.6672458731537794,0.3343716639915687,558,"all","MLP#558","MLP",558
341,361,215,234,0.6267361111111112,0.6133093525179856,0.6267361111111112,0.6267361111111112,0.6165670367207514,0.6099044309296264,0.2197858936171178,559,"all","DT#559","DT",559
354,399,177,221,0.6927083333333334,0.6666666666666666,0.6927083333333334,0.6927083333333334,0.6672240802675584,0.6542137271937446,0.3083809914909808,559,"all","RF#559","RF",559
16,561,15,559,0.9739583333333334,0.5161290322580645,0.9739583333333334,0.9739583333333334,0.6615566037735849,0.5013032145960035,0.0017858869603054439,559,"all","NB#559","NB",559
356,440,136,219,0.7638888888888888,0.7235772357723578,0.7638888888888888,0.7638888888888888,0.7125506072874493,0.6915725456125109,0.3830673227472646,559,"all","MLP#559","MLP",559
354,346,230,221,0.6156521739130435,0.6102292768959435,0.6156521739130435,0.6156521739130435,0.6108714408973253,0.6081668114682884,0.21634367890532874,560,"all","DT#560","DT",560
328,404,172,247,0.7013888888888888,0.656,0.7013888888888888,0.7013888888888888,0.6585167074164628,0.635968722849696,0.271854452119428,560,"all","RF#560","RF",560
11,554,22,564,0.9618055555555556,0.49552772808586765,0.9618055555555556,0.9618055555555556,0.654073199527745,0.4908774978279757,-0.019079621308498013,560,"all","NB#560","NB",560
310,442,134,265,0.7673611111111112,0.6981981981981982,0.7673611111111112,0.7673611111111112,0.6890101325019486,0.6533449174630755,0.3065521713986309,560,"all","MLP#560","MLP",560
336,341,235,239,0.5920138888888888,0.5884413309982487,0.5920138888888888,0.5920138888888888,0.5899653979238754,0.5881841876629018,0.17636277996847807,561,"all","DT#561","DT",561
341,403,173,234,0.6996527777777778,0.6634241245136187,0.6996527777777778,0.6996527777777778,0.6644682605111295,0.6463944396177237,0.29272321273547225,561,"all","RF#561","RF",561
460,151,425,115,0.8,0.5676691729323309,0.8,0.8,0.6301369863013699,0.5308427454387489,0.06212370418433402,561,"all","NB#561","NB",561
382,394,182,193,0.6840277777777778,0.6773049645390071,0.6840277777777778,0.6840277777777778,0.6775580395528804,0.6741963509991312,0.3483813891836973,561,"all","MLP#561","MLP",561
342,380,196,233,0.6597222222222222,0.6356877323420075,0.6597222222222222,0.6597222222222222,0.6391925988225399,0.6272806255430061,0.25451904771250816,562,"all","DT#562","DT",562
335,410,166,240,0.7118055555555556,0.6686626746506986,0.7118055555555556,0.7118055555555556,0.66884176182708,0.6472632493483927,0.2944471453634615,562,"all","RF#562","RF",562
530,77,499,45,0.9217391304347826,0.6311475409836066,0.9217391304347826,0.9217391304347826,0.6608478802992518,0.527367506516073,0.05538172810302136,562,"all","NB#562","NB",562
336,448,128,239,0.7777777777777778,0.7241379310344828,0.7777777777777778,0.7777777777777778,0.7094220110847189,0.6811468288444831,0.3621862963147509,562,"all","MLP#562","MLP",562
326,375,201,249,0.6510416666666666,0.618595825426945,0.6510416666666666,0.6510416666666666,0.6249999999999999,0.6090356211989574,0.2180139865207623,563,"all","DT#563","DT",563
337,407,169,238,0.7065972222222222,0.66600790513834,0.7065972222222222,0.7065972222222222,0.6666666666666667,0.6463944396177237,0.2927146698554046,563,"all","RF#563","RF",563
297,322,254,278,0.5590277777777778,0.5390199637023594,0.5590277777777778,0.5590277777777778,0.5476190476190477,0.5377932232841007,0.07555225430873094,563,"all","NB#563","NB",563
329,448,128,246,0.7777777777777778,0.7199124726477024,0.7777777777777778,0.7777777777777778,0.7055118110236219,0.6750651607298002,0.3500140423565791,563,"all","MLP#563","MLP",563
351,341,235,224,0.6104347826086957,0.6035398230088496,0.6104347826086957,0.6104347826086957,0.6046511627906976,0.6012163336229366,0.20244530963404886,564,"all","DT#564","DT",564
352,368,208,223,0.6388888888888888,0.6285714285714286,0.6388888888888888,0.6388888888888888,0.6306769494430162,0.6255430060816681,0.2510684873600701,564,"all","RF#564","RF",564
392,240,336,183,0.6817391304347826,0.5673758865248227,0.6817391304347826,0.6817391304347826,0.6016884113584037,0.5490877497827976,0.09838307275040649,564,"all","NB#564","NB",564
373,406,170,202,0.7048611111111112,0.6869244935543278,0.7048611111111112,0.7048611111111112,0.685810810810811,0.6768027801911382,0.3535738441470602,564,"all","MLP#564","MLP",564
345,332,244,230,0.6,0.5907473309608541,0.6,0.6,0.5927835051546392,0.5881841876629018,0.1763851609416467,565,"all","DT#565","DT",565
323,411,165,252,0.7135416666666666,0.6618852459016393,0.7135416666666666,0.7135416666666666,0.6634382566585957,0.6377063423110338,0.27531695739023676,565,"all","RF#565","RF",565
516,55,521,59,0.8973913043478261,0.49758919961427195,0.8973913043478261,0.8973913043478261,0.6401985111662531,0.49609035621198955,-0.007117620258817046,565,"all","NB#565","NB",565
365,421,155,210,0.7309027777777778,0.7019230769230769,0.7309027777777778,0.7309027777777778,0.6975973487986744,0.6828844483058211,0.3657157523647043,565,"all","MLP#565","MLP",565
348,359,217,227,0.6232638888888888,0.6159292035398231,0.6232638888888888,0.6232638888888888,0.6179001721170395,0.6142484795829714,0.22848472953999924,566,"all","DT#566","DT",566
334,391,185,241,0.6788194444444444,0.6435452793834296,0.6788194444444444,0.6788194444444444,0.6473509933774835,0.629887054735013,0.2597109659029146,566,"all","RF#566","RF",566
484,125,451,91,0.8417391304347827,0.5787037037037037,0.8417391304347827,0.8417391304347827,0.6410596026490067,0.529105125977411,0.05872110567928057,566,"all","NB#566","NB",566
353,447,129,222,0.7760416666666666,0.7323651452282157,0.7760416666666666,0.7760416666666666,0.7180722891566265,0.6950477845351868,0.3900094669088505,566,"all","MLP#566","MLP",566
340,339,237,235,0.591304347826087,0.5905923344947736,0.591304347826087,0.591304347826087,0.5902777777777778,0.5899218071242398,0.17984547148106433,567,"all","DT#567","DT",567
329,383,193,246,0.6649305555555556,0.6302681992337165,0.6649305555555556,0.6649305555555556,0.6356846473029044,0.6185925282363163,0.23712344133815053,567,"all","RF#567","RF",567
558,17,559,17,0.9704347826086956,0.5,0.9704347826086956,0.9704347826086956,0.6595744680851064,0.49956559513466553,-0.000051286537887202196,567,"all","NB#567","NB",567
343,431,145,232,0.7482638888888888,0.7028688524590164,0.7482638888888888,0.7482638888888888,0.6957223567393059,0.6724587315377932,0.3448309183120367,567,"all","MLP#567","MLP",567
354,331,245,221,0.6156521739130435,0.5996376811594203,0.6156521739130435,0.6156521739130435,0.6030664395229983,0.5951346655082537,0.19029805683368967,568,"all","DT#568","DT",568
330,430,146,245,0.7465277777777778,0.6932773109243697,0.7465277777777778,0.7465277777777778,0.6874500399680256,0.6602953953084274,0.3204887203854439,568,"all","RF#568","RF",568
532,80,496,43,0.9252173913043479,0.6504065040650406,0.9252173913043479,0.9252173913043479,0.663755458515284,0.5317115551694179,0.06406246935595078,568,"all","NB#568","NB",568
358,416,160,217,0.7222222222222222,0.6911196911196911,0.7222222222222222,0.7222222222222222,0.6881720430107526,0.6724587315377932,0.3448605933783554,568,"all","MLP#568","MLP",568
329,346,230,246,0.6006944444444444,0.5885509838998211,0.6006944444444444,0.6006944444444444,0.5924657534246575,0.5864465682015638,0.17287253315297463,569,"all","DT#569","DT",569
342,381,195,233,0.6614583333333334,0.6368715083798883,0.6614583333333334,0.6614583333333334,0.6403361344537815,0.6281494352736751,0.2562556426848158,569,"all","RF#569","RF",569
132,478,98,443,0.8298611111111112,0.5739130434782609,0.8298611111111112,0.8298611111111112,0.6386105544422178,0.5299739357080799,0.05945729584400105,569,"all","NB#569","NB",569
340,423,153,235,0.734375,0.6896551724137931,0.734375,0.734375,0.6855753646677473,0.6629018245004344,0.3257196694035192,569,"all","MLP#569","MLP",569
344,345,231,231,0.5989583333333334,0.5989583333333334,0.5989583333333334,0.5989583333333334,0.5989583333333334,0.5986099044309297,0.1972192028985507,570,"all","DT#570","DT",570
334,378,198,241,0.65625,0.6278195488721805,0.65625,0.65625,0.6326359832635983,0.6185925282363163,0.23713495894208106,570,"all","RF#570","RF",570
484,123,453,91,0.8417391304347827,0.5747663551401869,0.8417391304347827,0.8417391304347827,0.6402116402116402,0.527367506516073,0.05525060278048528,570,"all","NB#570","NB",570
353,442,134,222,0.7673611111111112,0.7248459958932238,0.7673611111111112,0.7673611111111112,0.7129032258064516,0.6907037358818419,0.3813248136829772,570,"all","MLP#570","MLP",570
354,321,255,221,0.6156521739130435,0.5922509225092251,0.6156521739130435,0.6156521739130435,0.597972972972973,0.5864465682015638,0.17293496408698814,571,"all","DT#571","DT",571
347,405,171,228,0.703125,0.6698841698841699,0.703125,0.703125,0.6699751861042184,0.6533449174630755,0.30662964657284814,571,"all","RF#571","RF",571
531,63,513,44,0.9234782608695652,0.5887850467289719,0.9234782608695652,0.9234782608695652,0.6559604694255714,0.5160729800173762,0.0328300161872104,571,"all","NB#571","NB",571
341,451,125,234,0.7829861111111112,0.7317596566523605,0.7829861111111112,0.7829861111111112,0.7153053132434577,0.6880973066898349,0.3760914764053868,571,"all","MLP#571","MLP",571
333,368,208,242,0.6388888888888888,0.6155268022181146,0.6388888888888888,0.6388888888888888,0.6205733558178752,0.6090356211989574,0.21803051485130573,572,"all","DT#572","DT",572
341,416,160,234,0.7222222222222222,0.6806387225548902,0.7222222222222222,0.7222222222222222,0.6786296900489396,0.6576889661164205,0.3153009243182359,572,"all","RF#572","RF",572
480,151,425,95,0.8347826086956521,0.6138211382113821,0.8347826086956521,0.8347826086956521,0.6486486486486486,0.5482189400521286,0.09688711843435478,572,"all","NB#572","NB",572
322,439,137,253,0.7621527777777778,0.7015250544662309,0.7621527777777778,0.7621527777777778,0.6924290220820188,0.6611642050390965,0.3222092033025107,572,"all","MLP#572","MLP",572
361,349,227,214,0.6278260869565218,0.6198934280639432,0.6278260869565218,0.6278260869565218,0.6208082545141875,0.6168549087749783,0.23372427775421087,573,"all","DT#573","DT",573
373,377,199,202,0.6545138888888888,0.6520979020979021,0.6545138888888888,0.6545138888888888,0.6528138528138528,0.6516072980017377,0.30321091430063873,573,"all","RF#573","RF",573
468,176,400,107,0.8139130434782609,0.6219081272084805,0.8139130434782609,0.8139130434782609,0.6486486486486486,0.5595134665508253,0.11941577774323849,573,"all","NB#573","NB",573
325,455,121,250,0.7899305555555556,0.7286995515695067,0.7899305555555556,0.7899305555555556,0.7103825136612023,0.6776715899218071,0.3552171241078047,573,"all","MLP#573","MLP",573
331,354,222,244,0.6145833333333334,0.5985533453887885,0.6145833333333334,0.6145833333333334,0.6030664395229984,0.5951346655082537,0.19024182566449976,574,"all","DT#574","DT",574
350,409,167,225,0.7100694444444444,0.6769825918762089,0.7100694444444444,0.7100694444444444,0.6760330578512397,0.6594265855777585,0.31879301025754064,574,"all","RF#574","RF",574
534,87,489,41,0.928695652173913,0.6796875,0.928695652173913,0.928695652173913,0.6683354192740927,0.5395308427454387,0.07968342666795401,574,"all","NB#574","NB",574
385,411,165,190,0.7135416666666666,0.7,0.7135416666666666,0.7135416666666666,0.6983857264231095,0.6915725456125109,0.38312134364974537,574,"all","MLP#574","MLP",574
356,327,249,219,0.6191304347826087,0.5989010989010989,0.6191304347826087,0.6191304347826087,0.6033898305084745,0.5933970460469157,0.18683030659843292,575,"all","DT#575","DT",575
351,381,195,224,0.6614583333333334,0.6428571428571429,0.6614583333333334,0.6614583333333334,0.6452159187129551,0.635968722849696,0.2719050199963467,575,"all","RF#575","RF",575
544,62,514,31,0.9460869565217391,0.6666666666666666,0.9460869565217391,0.9460869565217391,0.6662584200857318,0.526498696785404,0.053686698859376256,575,"all","NB#575","NB",575
317,437,139,258,0.7586805555555556,0.6951754385964912,0.7586805555555556,0.7586805555555556,0.6876475216365067,0.6550825369244135,0.31004060210092094,575,"all","MLP#575","MLP",575
342,340,236,233,0.5947826086956521,0.5933682373472949,0.5947826086956521,0.5947826086956521,0.593235039028621,0.5925282363162467,0.18505954834141758,576,"all","DT#576","DT",576
352,373,203,223,0.6475694444444444,0.6342342342342342,0.6475694444444444,0.6475694444444444,0.6365187713310579,0.629887054735013,0.25975120021739784,576,"all","RF#576","RF",576
545,41,535,30,0.9478260869565217,0.5774647887323944,0.9478260869565217,0.9478260869565217,0.6586102719033232,0.5091225021720244,0.018992163281314863,576,"all","NB#576","NB",576
382,417,159,193,0.7239583333333334,0.7060998151571165,0.7239583333333334,0.7239583333333334,0.7032040472175379,0.6941789748045178,0.38832609161702153,576,"all","MLP#576","MLP",576
372,328,248,203,0.6469565217391304,0.6177024482109228,0.6469565217391304,0.6469565217391304,0.6225941422594142,0.6081668114682884,0.21638626602963273,577,"all","DT#577","DT",577
337,398,178,238,0.6909722222222222,0.654368932038835,0.6909722222222222,0.6909722222222222,0.6567656765676567,0.6385751520417029,0.2770842769574539,577,"all","RF#577","RF",577
536,47,529,39,0.9321739130434783,0.5465116279069767,0.9321739130434783,0.9321739130434783,0.6536585365853658,0.5065160729800173,0.013760955814690109,577,"all","NB#577","NB",577
359,437,139,216,0.7586805555555556,0.7208835341365462,0.7586805555555556,0.7586805555555556,0.7111472742066721,0.6915725456125109,0.3830729115552383,577,"all","MLP#577","MLP",577
348,317,259,227,0.6052173913043478,0.5827205882352942,0.6052173913043478,0.6052173913043478,0.5888324873096448,0.577758470894874,0.1555570986908843,578,"all","DT#578","DT",578
354,389,187,221,0.6753472222222222,0.6543438077634011,0.6753472222222222,0.6753472222222222,0.6559865092748736,0.6455256298870548,0.291014333465184,578,"all","RF#578","RF",578
162,479,97,413,0.8315972222222222,0.6254826254826255,0.8315972222222222,0.8315972222222222,0.6525885558583107,0.5569070373588184,0.11339044592529053,578,"all","NB#578","NB",578
348,418,158,227,0.7256944444444444,0.6877470355731226,0.7256944444444444,0.7256944444444444,0.6846846846846847,0.6655082536924414,0.3309463093226801,578,"all","MLP#578","MLP",578
333,344,232,242,0.5972222222222222,0.5893805309734513,0.5972222222222222,0.5972222222222222,0.5920826161790017,0.5881841876629018,0.1763553193737829,579,"all","DT#579","DT",579
338,408,168,237,0.7083333333333334,0.6679841897233202,0.7083333333333334,0.7083333333333334,0.6683046683046683,0.6481320590790617,0.29619027344333876,579,"all","RF#579","RF",579
96,510,66,479,0.8854166666666666,0.5925925925925926,0.8854166666666666,0.8854166666666666,0.6517571884984026,0.526498696785404,0.05240586295501253,579,"all","NB#579","NB",579
318,470,106,257,0.8159722222222222,0.75,0.8159722222222222,0.8159722222222222,0.7214121258633923,0.684622067767159,0.3690998400903586,579,"all","MLP#579","MLP",579
358,354,222,217,0.6226086956521739,0.6199649737302977,0.6226086956521739,0.6226086956521739,0.61991341991342,0.6185925282363163,0.23719023860025215,580,"all","DT#580","DT",580
331,391,185,244,0.6788194444444444,0.6414728682170543,0.6788194444444444,0.6788194444444444,0.6457473162675476,0.6272806255430061,0.2544942861758521,580,"all","RF#580","RF",580
480,133,443,95,0.8347826086956521,0.5833333333333334,0.8347826086956521,0.8347826086956521,0.6408544726301735,0.5325803649000869,0.06565089596649097,580,"all","NB#580","NB",580
316,462,114,259,0.8020833333333334,0.7348837209302326,0.8020833333333334,0.8020833333333334,0.7124132613723978,0.6759339704604691,0.3517255437860038,580,"all","MLP#580","MLP",580
349,350,226,226,0.6076388888888888,0.6076388888888888,0.6076388888888888,0.6076388888888888,0.6076388888888888,0.6072980017376195,0.2145954106280193,581,"all","DT#581","DT",581
351,395,181,224,0.6857638888888888,0.6597744360902256,0.6857638888888888,0.6857638888888888,0.6610878661087867,0.6481320590790617,0.2962179006185485,581,"all","RF#581","RF",581
347,323,253,228,0.6034782608695652,0.5862068965517241,0.6034782608695652,0.6034782608695652,0.5906382978723405,0.5821025195482189,0.16423595123976287,581,"all","NB#581","NB",581
356,443,133,219,0.7690972222222222,0.7280163599182005,0.7690972222222222,0.7690972222222222,0.715670436187399,0.6941789748045178,0.3882780675027254,581,"all","MLP#581","MLP",581
334,360,216,241,0.625,0.6072727272727273,0.625,0.625,0.6117247238742566,0.6029539530842746,0.20587733534629185,582,"all","DT#582","DT",582
319,370,206,256,0.6423611111111112,0.6076190476190476,0.6423611111111112,0.6423611111111112,0.6156405990016639,0.5986099044309297,0.1971586019476108,582,"all","RF#582","RF",582
388,263,313,187,0.6747826086956522,0.5844444444444444,0.6747826086956522,0.6747826086956522,0.6081504702194359,0.5655951346655083,0.13135484494193436,582,"all","NB#582","NB",582
371,426,150,204,0.7395833333333334,0.7120921305182342,0.7395833333333334,0.7395833333333334,0.7064676616915423,0.6924413553431799,0.38483209681948705,582,"all","MLP#582","MLP",582
341,329,247,234,0.5930434782608696,0.5843694493783304,0.5930434782608696,0.5930434782608696,0.5864144453998281,0.5821025195482189,0.1642208108838444,583,"all","DT#583","DT",583
339,402,174,236,0.6979166666666666,0.6608187134502924,0.6979166666666666,0.6979166666666666,0.6622734761120262,0.6437880104257168,0.28750879460335954,583,"all","RF#583","RF",583
402,215,361,173,0.6991304347826087,0.5541237113402062,0.6991304347826087,0.6991304347826087,0.6008968609865472,0.5360556038227628,0.07237378280318993,583,"all","NB#583","NB",583
332,446,130,243,0.7743055555555556,0.7186147186147186,0.7743055555555556,0.7743055555555556,0.7051383399209487,0.6759339704604691,0.3517568667360222,583,"all","MLP#583","MLP",583
354,333,243,221,0.6156521739130435,0.6010830324909747,0.6156521739130435,0.6156521739130435,0.6040955631399317,0.5968722849695917,0.19377073829069696,584,"all","DT#584","DT",584
333,408,168,242,0.7083333333333334,0.6646706586826348,0.7083333333333334,0.7083333333333334,0.6655791190864601,0.6437880104257168,0.2874958857118699,584,"all","RF#584","RF",584
406,238,338,169,0.7060869565217391,0.5847665847665847,0.7060869565217391,0.7060869565217391,0.6156178923426838,0.5595134665508253,0.11925097612475072,584,"all","NB#584","NB",584
350,432,144,225,0.75,0.708502024291498,0.75,0.75,0.7007299270072993,0.6794092093831451,0.35873951977823376,584,"all","MLP#584","MLP",584
350,335,241,225,0.6086956521739131,0.5982142857142857,0.6086956521739131,0.6086956521739131,0.600343053173242,0.5951346655082537,0.19028827806091633,585,"all","DT#585","DT",585
336,402,174,239,0.6979166666666666,0.6588235294117647,0.6979166666666666,0.6979166666666666,0.6606409202958093,0.6411815812337098,0.2822921935274445,585,"all","RF#585","RF",585
11,570,6,564,0.9895833333333334,0.6470588235294118,0.9895833333333334,0.9895833333333334,0.6666666666666667,0.5047784535186794,0.008721114707135455,585,"all","NB#585","NB",585
348,431,145,227,0.7482638888888888,0.7058823529411765,0.7482638888888888,0.7482638888888888,0.6985413290113452,0.6768027801911382,0.353525043861106,585,"all","MLP#585","MLP",585
342,353,223,233,0.6128472222222222,0.6053097345132743,0.6128472222222222,0.6128472222222222,0.6075731497418245,0.6038227628149435,0.20763296547351265,586,"all","DT#586","DT",586
331,392,184,244,0.6805555555555556,0.6427184466019418,0.6805555555555556,0.6805555555555556,0.6468646864686468,0.6281494352736751,0.25623093879276504,586,"all","RF#586","RF",586
495,122,454,80,0.8608695652173913,0.6039603960396039,0.8608695652173913,0.8608695652173913,0.6496062992125984,0.5360556038227628,0.07263411057162786,586,"all","NB#586","NB",586
338,449,127,237,0.7795138888888888,0.7268817204301076,0.7795138888888888,0.7795138888888888,0.711568938193344,0.68375325803649,0.3674009874828248,586,"all","MLP#586","MLP",586
333,341,235,242,0.5920138888888888,0.5862676056338029,0.5920138888888888,0.5920138888888888,0.5884383088869715,0.5855777584708949,0.17114613228098724,587,"all","DT#587","DT",587
348,395,181,227,0.6857638888888888,0.6578449905482041,0.6857638888888888,0.6857638888888888,0.6594323873121869,0.6455256298870548,0.2910014886299472,587,"all","RF#587","RF",587
532,65,511,43,0.9252173913043479,0.6018518518518519,0.9252173913043479,0.9252173913043479,0.657601977750309,0.5186794092093832,0.03803773903703312,587,"all","NB#587","NB",587
359,442,134,216,0.7673611111111112,0.7281947261663286,0.7673611111111112,0.7673611111111112,0.7163695299837926,0.6959165942658557,0.39175743374028776,587,"all","MLP#587","MLP",587
351,312,264,224,0.6104347826086957,0.582089552238806,0.6104347826086957,0.6104347826086957,0.5899159663865545,0.5760208514335361,0.1520922649598455,588,"all","DT#588","DT",588
368,387,189,207,0.671875,0.6606822262118492,0.671875,0.671875,0.6615384615384616,0.6559513466550826,0.311883475094432,588,"all","RF#588","RF",588
523,63,513,52,0.9095652173913044,0.5478260869565217,0.9095652173913044,0.9095652173913044,0.6492861576660459,0.5091225021720244,0.01892704503659153,588,"all","NB#588","NB",588
338,453,123,237,0.7864583333333334,0.7331887201735358,0.7864583333333334,0.7864583333333334,0.7156398104265401,0.687228496959166,0.3743488462688326,588,"all","MLP#588","MLP",588
353,362,214,222,0.6284722222222222,0.6225749559082893,0.6284722222222222,0.6284722222222222,0.6241379310344828,0.6211989574283232,0.24238819309411946,589,"all","DT#589","DT",589
344,383,193,231,0.6649305555555556,0.6405959031657356,0.6649305555555556,0.6649305555555556,0.6436974789915967,0.631624674196351,0.2632065245288831,589,"all","RF#589","RF",589
452,136,440,123,0.7860869565217391,0.525096525096525,0.7860869565217391,0.7860869565217391,0.6162235855487389,0.5108601216333623,0.022187449544828257,589,"all","NB#589","NB",589
339,411,165,236,0.7135416666666666,0.6726190476190477,0.7135416666666666,0.7135416666666666,0.6721177432542926,0.6516072980017377,0.3031393763522359,589,"all","MLP#589","MLP",589
357,327,249,218,0.6208695652173913,0.6,0.6208695652173913,0.6208695652173913,0.6045723962743438,0.5942658557775847,0.188569073609176,590,"all","DT#590","DT",590
358,404,172,217,0.7013888888888888,0.6754716981132075,0.7013888888888888,0.7013888888888888,0.6750208855472013,0.6620330147697654,0.32401959674192843,590,"all","RF#590","RF",590
240,429,147,335,0.7447916666666666,0.6201550387596899,0.7447916666666666,0.7447916666666666,0.6402985074626866,0.58123370981755,0.16222901427337474,590,"all","NB#590","NB",590
356,453,123,219,0.7864583333333334,0.7432150313152401,0.7864583333333334,0.7864583333333334,0.7259615384615384,0.7028670721112077,0.405647557617046,590,"all","MLP#590","MLP",590
376,335,241,199,0.6539130434782608,0.6273408239700374,0.6539130434782608,0.6539130434782608,0.6308724832214764,0.6177237185056472,0.2354953339311215,591,"all","DT#591","DT",591
359,387,189,216,0.671875,0.6551094890510949,0.671875,0.671875,0.6564885496183207,0.6481320590790617,0.2962349008791119,591,"all","RF#591","RF",591
556,34,542,19,0.9669565217391304,0.6415094339622641,0.9669565217391304,0.9669565217391304,0.6646742378959952,0.5125977410947002,0.02596379971731263,591,"all","NB#591","NB",591
364,427,149,211,0.7413194444444444,0.7095516569200779,0.7413194444444444,0.7413194444444444,0.7034596375617792,0.687228496959166,0.37439796599319386,591,"all","MLP#591","MLP",591
370,322,254,205,0.6434782608695652,0.6110056925996205,0.6434782608695652,0.6434782608695652,0.6171809841534612,0.6012163336229366,0.20249105968912323,592,"all","DT#592","DT",592
356,392,184,219,0.6805555555555556,0.6592592592592592,0.6805555555555556,0.6805555555555556,0.6604886267902275,0.6498696785403997,0.29970182603247447,592,"all","RF#592","RF",592
549,40,536,26,0.9547826086956521,0.6060606060606061,0.9547826086956521,0.9547826086956521,0.6614457831325301,0.5117289313640313,0.02420841441522971,592,"all","NB#592","NB",592
385,400,176,190,0.6944444444444444,0.6862745098039216,0.6944444444444444,0.6944444444444444,0.6861063464837049,0.682015638575152,0.36401735543927555,592,"all","MLP#592","MLP",592
346,340,236,229,0.6017391304347826,0.5975395430579965,0.6017391304347826,0.6017391304347826,0.5980985306828004,0.5960034752389227,0.1920148790698166,593,"all","DT#593","DT",593
330,393,183,245,0.6822916666666666,0.6432748538011696,0.6822916666666666,0.6822916666666666,0.6474464579901154,0.6281494352736751,0.25622869290301925,593,"all","RF#593","RF",593
523,89,487,52,0.9095652173913044,0.6312056737588653,0.9095652173913044,0.9095652173913044,0.6599369085173502,0.5317115551694179,0.06403705296189854,593,"all","NB#593","NB",593
332,451,125,243,0.7829861111111112,0.7264770240700219,0.7829861111111112,0.7829861111111112,0.710236220472441,0.680278019113814,0.3604416245647623,593,"all","MLP#593","MLP",593
376,334,242,199,0.6539130434782608,0.626641651031895,0.6539130434782608,0.6539130434782608,0.6303436714165968,0.6168549087749783,0.23375898001790332,594,"all","DT#594","DT",594
363,387,189,212,0.671875,0.657608695652174,0.671875,0.671875,0.6587234042553191,0.6516072980017377,0.303189875252311,594,"all","RF#594","RF",594
513,116,460,62,0.8921739130434783,0.651685393258427,0.8921739130434783,0.8921739130434783,0.6627906976744186,0.5464813205907906,0.09350661890953192,594,"all","NB#594","NB",594
382,436,140,193,0.7569444444444444,0.7318007662835249,0.7569444444444444,0.7569444444444444,0.7236514522821578,0.7106863596872285,0.4213259816984148,594,"all","MLP#594","MLP",594
338,333,243,237,0.5878260869565217,0.5842105263157895,0.5878260869565217,0.5878260869565217,0.5847750865051904,0.582971329278888,0.16594958379000196,595,"all","DT#595","DT",595
325,403,173,250,0.6996527777777778,0.6526104417670683,0.6996527777777778,0.6996527777777778,0.6558177379983726,0.63249348392702,0.2649009622193402,595,"all","RF#595","RF",595
481,130,446,94,0.8365217391304348,0.5803571428571429,0.8365217391304348,0.8365217391304348,0.6404793608521971,0.5308427454387489,0.06218313939452462,595,"all","NB#595","NB",595
313,482,94,262,0.8368055555555556,0.769041769041769,0.8368055555555556,0.8368055555555556,0.7303030303030305,0.6907037358818419,0.3812500755022409,595,"all","MLP#595","MLP",595
334,342,234,241,0.59375,0.5880281690140845,0.59375,0.59375,0.5901639344262295,0.5873153779322329,0.17462141055234584,596,"all","DT#596","DT",596
358,379,197,217,0.6579861111111112,0.645045045045045,0.6579861111111112,0.6579861111111112,0.6467576791808874,0.6403127715030409,0.2806032790845135,596,"all","RF#596","RF",596
495,97,479,80,0.8608695652173913,0.5480225988700564,0.8608695652173913,0.8608695652173913,0.6391220142027114,0.5143353605560382,0.02925472126542137,596,"all","NB#596","NB",596
366,441,135,209,0.765625,0.7305389221556886,0.765625,0.765625,0.7194127243066885,0.7011294526498697,0.40219166996312994,596,"all","MLP#596","MLP",596
379,342,234,196,0.6591304347826087,0.6356877323420075,0.6591304347826087,0.6591304347826087,0.6380471380471381,0.6264118158123371,0.2528659285850148,597,"all","DT#597","DT",597
360,375,201,215,0.6510416666666666,0.6417112299465241,0.6510416666666666,0.6510416666666666,0.6432246998284733,0.6385751520417029,0.277134480499286,597,"all","RF#597","RF",597
12,566,10,563,0.9826388888888888,0.5454545454545454,0.9826388888888888,0.9826388888888888,0.6639296187683285,0.5021720243266724,0.003511385561919731,597,"all","NB#597","NB",597
381,416,160,194,0.7222222222222222,0.7042513863216266,0.7222222222222222,0.7222222222222222,0.7015177065767284,0.6924413553431799,0.3848506716830273,597,"all","MLP#597","MLP",597
363,331,245,212,0.6313043478260869,0.6095764272559853,0.6313043478260869,0.6313043478260869,0.613693998309383,0.6029539530842746,0.20594686556980105,598,"all","DT#598","DT",598
333,411,165,242,0.7135416666666666,0.6686746987951807,0.7135416666666666,0.7135416666666666,0.6688364524003254,0.6463944396177237,0.2927061267689632,598,"all","RF#598","RF",598
557,22,554,18,0.9686956521739131,0.55,0.9686956521739131,0.9686956521739131,0.66073546856465,0.5030408340573415,0.0068845258064127455,598,"all","NB#598","NB",598
338,462,114,237,0.8020833333333334,0.7477876106194691,0.8020833333333334,0.8020833333333334,0.7247058823529412,0.6950477845351868,0.38998183539515946,598,"all","MLP#598","MLP",598
360,346,230,215,0.6260869565217392,0.6167557932263814,0.6260869565217392,0.6260869565217392,0.6180257510729614,0.6133796698523023,0.2267762656340813,599,"all","DT#599","DT",599
343,390,186,232,0.6770833333333334,0.6483931947069943,0.6770833333333334,0.6770833333333334,0.651085141903172,0.6368375325803649,0.27362407413558315,599,"all","RF#599","RF",599
552,37,539,23,0.96,0.6166666666666667,0.96,0.96,0.6626650660264105,0.5117289313640313,0.024217246227274655,599,"all","NB#599","NB",599
325,447,129,250,0.7760416666666666,0.7158590308370044,0.7760416666666666,0.7760416666666666,0.7022780832678711,0.6707211120764552,0.3413214068391116,599,"all","MLP#599","MLP",599
356,332,244,219,0.6191304347826087,0.6025408348457351,0.6191304347826087,0.6191304347826087,0.6059574468085106,0.5977410947002606,0.19551194474846195,600,"all","DT#600","DT",600
344,392,184,231,0.6805555555555556,0.6515151515151515,0.6805555555555556,0.6805555555555556,0.6538782318598833,0.6394439617723718,0.2788362096948304,600,"all","RF#600","RF",600
417,215,361,158,0.7252173913043478,0.5764075067024129,0.7252173913043478,0.7252173913043478,0.6164079822616407,0.5490877497827976,0.09845110873328385,600,"all","NB#600","NB",600
366,409,167,209,0.7100694444444444,0.6866791744840526,0.7100694444444444,0.7100694444444444,0.6850921273031826,0.6733275412684622,0.3466131608586293,600,"all","MLP#600","MLP",600
346,366,210,229,0.6354166666666666,0.6223021582733813,0.6354166666666666,0.6354166666666666,0.6251067463706235,0.6185925282363163,0.2371625997726386,601,"all","DT#601","DT",601
330,396,180,245,0.6875,0.6470588235294118,0.6875,0.6875,0.6507806080525883,0.630755864465682,0.26143869793986413,601,"all","RF#601","RF",601
537,65,511,38,0.9339130434782609,0.6310679611650486,0.9339130434782609,0.9339130434782609,0.6617375231053604,0.5230234578627281,0.046726899421155994,601,"all","NB#601","NB",601
353,450,126,222,0.78125,0.7369519832985386,0.78125,0.78125,0.721153846153846,0.6976542137271937,0.39522032178576594,601,"all","MLP#601","MLP",601
357,352,224,218,0.6208695652173913,0.6175438596491228,0.6208695652173913,0.6208695652173913,0.6176470588235294,0.6159860990443093,0.2319785750732935,602,"all","DT#602","DT",602
342,400,176,233,0.6944444444444444,0.6602316602316602,0.6944444444444444,0.6944444444444444,0.6617038875103392,0.6446568201563857,0.28925194347943584,602,"all","RF#602","RF",602
476,149,427,99,0.8278260869565217,0.6008064516129032,0.8278260869565217,0.8278260869565217,0.6441136671177268,0.5430060816681147,0.08646382829758216,602,"all","NB#602","NB",602
327,458,118,248,0.7951388888888888,0.7348314606741573,0.7951388888888888,0.7951388888888888,0.7145085803432137,0.682015638575152,0.3639059598049133,602,"all","MLP#602","MLP",602
338,350,226,237,0.6076388888888888,0.599290780141844,0.6076388888888888,0.6076388888888888,0.6018916595012898,0.5977410947002606,0.19546822184547147,603,"all","DT#603","DT",603
342,377,199,233,0.6545138888888888,0.6321626617375231,0.6545138888888888,0.6545138888888888,0.6357504215851603,0.6246741963509991,0.24930929425725348,603,"all","RF#603","RF",603
471,141,435,104,0.8191304347826087,0.5755102040816327,0.8191304347826087,0.8191304347826087,0.6360567184334908,0.5317115551694179,0.06389017565196149,603,"all","NB#603","NB",603
368,437,139,207,0.7586805555555556,0.7258382642998028,0.7586805555555556,0.7586805555555556,0.7163934426229509,0.6993918331885317,0.3987214871091839,603,"all","MLP#603","MLP",603
355,333,243,220,0.6173913043478261,0.6021699819168174,0.6173913043478261,0.6173913043478261,0.6052855924978688,0.5977410947002606,0.19550951582297108,604,"all","DT#604","DT",604
351,390,186,224,0.6770833333333334,0.6536312849162011,0.6770833333333334,0.6770833333333334,0.6554621848739496,0.6437880104257168,0.287534610983118,604,"all","RF#604","RF",604
440,190,386,135,0.7652173913043478,0.5846153846153846,0.7652173913043478,0.7652173913043478,0.6281227694503926,0.5473501303214596,0.09504248842905244,604,"all","NB#604","NB",604
370,436,140,205,0.7569444444444444,0.7254901960784313,0.7569444444444444,0.7569444444444444,0.7165160230073951,0.7002606429192006,0.40046200185706615,604,"all","MLP#604","MLP",604
335,335,241,240,0.5826086956521739,0.5826086956521739,0.5826086956521739,0.5826086956521739,0.582102519548219,0.5821025195482189,0.1642056699793629,605,"all","DT#605","DT",605
350,383,193,225,0.6649305555555556,0.6445672191528545,0.6649305555555556,0.6649305555555556,0.6469594594594595,0.6368375325803649,0.2736394270254601,605,"all","RF#605","RF",605
425,226,350,150,0.7391304347826086,0.601063829787234,0.7391304347826086,0.7391304347826086,0.6296296296296297,0.5655951346655083,0.13145185632357387,605,"all","NB#605","NB",605
373,412,164,202,0.7152777777777778,0.6945996275605214,0.7152777777777778,0.7152777777777778,0.692436974789916,0.682015638575152,0.3639943112678565,605,"all","MLP#605","MLP",605
356,363,213,219,0.6302083333333334,0.6256590509666081,0.6302083333333334,0.6302083333333334,0.6269430051813472,0.6246741963509991,0.24934102663973393,606,"all","DT#606","DT",606
345,402,174,230,0.6979166666666666,0.6647398843930635,0.6979166666666666,0.6979166666666666,0.6655629139072847,0.6490008688097306,0.29794185498774045,606,"all","RF#606","RF",606
326,351,225,249,0.609375,0.5916515426497277,0.609375,0.609375,0.596938775510204,0.5881841876629018,0.17633791079386937,606,"all","NB#606","NB",606
363,428,148,212,0.7430555555555556,0.7103718199608611,0.7430555555555556,0.7430555555555556,0.7039473684210527,0.687228496959166,0.3743960769156441,606,"all","MLP#606","MLP",606
347,358,218,228,0.6215277777777778,0.6141592920353982,0.6215277777777778,0.6215277777777778,0.6161790017211705,0.6125108601216334,0.22500943552891808,607,"all","DT#607","DT",607
341,411,165,234,0.7135416666666666,0.6739130434782609,0.7135416666666666,0.7135416666666666,0.6732186732186732,0.6533449174630755,0.30661708420714107,607,"all","RF#607","RF",607
444,155,421,131,0.7721739130434783,0.541958041958042,0.7721739130434783,0.7721739130434783,0.6166666666666667,0.5204170286707211,0.041253074589929016,607,"all","NB#607","NB",607
352,454,122,223,0.7881944444444444,0.7426160337552743,0.7881944444444444,0.7881944444444444,0.724660814046289,0.7002606429192006,0.40042941330124304,607,"all","MLP#607","MLP",607
360,345,231,215,0.6260869565217392,0.6160714285714286,0.6260869565217392,0.6260869565217392,0.6174957118353346,0.6125108601216334,0.2250398541098041,608,"all","DT#608","DT",608
348,371,205,227,0.6440972222222222,0.6292947558770343,0.6440972222222222,0.6440972222222222,0.6320272572402045,0.6246741963509991,0.24932289417824863,608,"all","RF#608","RF",608
490,143,433,85,0.8521739130434782,0.6271929824561403,0.8521739130434782,0.8521739130434782,0.6542056074766355,0.5499565595134666,0.10038506340268094,608,"all","NB#608","NB",608
362,459,117,213,0.796875,0.755741127348643,0.796875,0.796875,0.735576923076923,0.7132927888792354,0.4265020292796056,608,"all","MLP#608","MLP",608
355,348,228,220,0.6173913043478261,0.6126760563380281,0.6173913043478261,0.6173913043478261,0.613126079447323,0.6107732406602954,0.22155529522590306,609,"all","DT#609","DT",609
341,405,171,234,0.703125,0.666015625,0.703125,0.703125,0.6666666666666667,0.6481320590790617,0.29619664913782556,609,"all","RF#609","RF",609
520,94,482,55,0.9043478260869565,0.6308724832214765,0.9043478260869565,0.9043478260869565,0.6594800253646163,0.5334491746307559,0.06749875910305407,609,"all","NB#609","NB",609
355,432,144,220,0.75,0.7114228456913828,0.75,0.75,0.7035830618892508,0.68375325803649,0.3674334615686582,609,"all","MLP#609","MLP",609
353,348,228,222,0.6139130434782609,0.6105263157894737,0.6139130434782609,0.6139130434782609,0.610726643598616,0.6090356211989574,0.21807773480312667,610,"all","DT#610","DT",610
337,395,181,238,0.6857638888888888,0.6505791505791506,0.6857638888888888,0.6857638888888888,0.6534325889164598,0.635968722849696,0.2718742403860237,610,"all","RF#610","RF",610
161,486,90,414,0.84375,0.6414342629482072,0.84375,0.84375,0.6585365853658537,0.5621198957428323,0.12381055951280523,610,"all","NB#610","NB",610
309,475,101,266,0.8246527777777778,0.7536585365853659,0.8246527777777778,0.8246527777777778,0.721336370539104,0.6811468288444831,0.3621342876773352,610,"all","MLP#610","MLP",610
341,354,222,234,0.6145833333333334,0.605683836589698,0.6145833333333334,0.6145833333333334,0.6082474226804124,0.6038227628149435,0.207630573017627,611,"all","DT#611","DT",611
326,415,161,249,0.7204861111111112,0.6694045174537988,0.7204861111111112,0.7204861111111112,0.6693548387096775,0.6437880104257168,0.28748082474724906,611,"all","RF#611","RF",611
507,88,488,68,0.8817391304347826,0.5641025641025641,0.8817391304347826,0.8817391304347826,0.645859872611465,0.5169417897480452,0.034495036359796,611,"all","NB#611","NB",611
338,429,147,237,0.7447916666666666,0.6969072164948453,0.7447916666666666,0.7447916666666666,0.6908212560386473,0.6663770634231103,0.3326629523938941,611,"all","MLP#611","MLP",611
362,338,238,213,0.6295652173913043,0.6134301270417423,0.6295652173913043,0.6295652173913043,0.6161702127659574,0.6081668114682884,0.21636260708759478,612,"all","DT#612","DT",612
347,377,199,228,0.6545138888888888,0.6355311355311355,0.6545138888888888,0.6545138888888888,0.6384419983065199,0.629018245004344,0.2580034451991407,612,"all","RF#612","RF",612
151,494,82,424,0.8576388888888888,0.648068669527897,0.8576388888888888,0.8576388888888888,0.6613119143239625,0.5603822762814944,0.12030970096275563,612,"all","NB#612","NB",612
350,419,157,225,0.7274305555555556,0.6903353057199211,0.7274305555555556,0.7274305555555556,0.6868852459016394,0.6681146828844483,0.3361607169818158,612,"all","MLP#612","MLP",612
332,349,227,243,0.6059027777777778,0.59391771019678,0.6059027777777778,0.6059027777777778,0.5976027397260273,0.5916594265855778,0.18329850962583644,613,"all","DT#613","DT",613
331,398,178,244,0.6909722222222222,0.650294695481336,0.6909722222222222,0.6909722222222222,0.6535303776683088,0.6333622936576889,0.26665096461905907,613,"all","RF#613","RF",613
418,185,391,157,0.7269565217391304,0.5409356725146199,0.7269565217391304,0.7269565217391304,0.6040462427745664,0.523892267593397,0.04812007835396306,613,"all","NB#613","NB",613
376,428,148,199,0.7430555555555556,0.7175572519083969,0.7430555555555556,0.7430555555555556,0.711554447215295,0.6985230234578628,0.3969991650927231,613,"all","MLP#613","MLP",613
332,370,206,243,0.6423611111111112,0.6171003717472119,0.6423611111111112,0.6423611111111112,0.622371740958789,0.6099044309296264,0.21976469096250853,614,"all","DT#614","DT",614
344,422,154,231,0.7326388888888888,0.6907630522088354,0.7326388888888888,0.7326388888888888,0.6867371847030106,0.6655082536924414,0.330938228024695,614,"all","RF#614","RF",614
418,228,348,157,0.7269565217391304,0.5922077922077922,0.7269565217391304,0.7269565217391304,0.6234153616703952,0.5612510860121633,0.12275445938746526,614,"all","NB#614","NB",614
337,446,130,238,0.7743055555555556,0.721627408993576,0.7743055555555556,0.7743055555555556,0.707936507936508,0.680278019113814,0.3604512813079427,614,"all","MLP#614","MLP",614
346,342,234,229,0.6017391304347826,0.5989492119089317,0.6017391304347826,0.6017391304347826,0.5991341991341991,0.5977410947002606,0.1954876548335232,615,"all","DT#615","DT",615
355,386,190,220,0.6701388888888888,0.6513761467889908,0.6701388888888888,0.6701388888888888,0.6531302876480541,0.6437880104257168,0.2875432160272959,615,"all","RF#615","RF",615
497,112,464,78,0.8643478260869565,0.5894736842105263,0.8643478260869565,0.8643478260869565,0.6471354166666667,0.529105125977411,0.05875803049551446,615,"all","NB#615","NB",615
356,412,164,219,0.7152777777777778,0.6846153846153846,0.7152777777777778,0.7152777777777778,0.6826843413421707,0.6672458731537794,0.3344359812484432,615,"all","MLP#615","MLP",615
342,332,244,233,0.5947826086956521,0.5876106194690266,0.5947826086956521,0.5947826086956521,0.5891472868217055,0.5855777584708949,0.17116865510989393,616,"all","DT#616","DT",616
340,394,182,235,0.6840277777777778,0.6513409961685823,0.6840277777777778,0.6840277777777778,0.6539419087136928,0.6377063423110338,0.27535415726197887,616,"all","RF#616","RF",616
12,565,11,563,0.9809027777777778,0.5217391304347826,0.9809027777777778,0.9809027777777778,0.6631455399061034,0.5013032145960035,0.001773821179485258,616,"all","NB#616","NB",616
365,427,149,210,0.7413194444444444,0.7101167315175098,0.7413194444444444,0.7413194444444444,0.7040395713107996,0.6880973066898349,0.37613669133178024,616,"all","MLP#616","MLP",616
352,340,236,223,0.6121739130434782,0.6039076376554174,0.6121739130434782,0.6121739130434782,0.6053310404127257,0.6012163336229366,0.202447717662546,617,"all","DT#617","DT",617
333,412,164,242,0.7152777777777778,0.670020120724346,0.7152777777777778,0.7152777777777778,0.6699186991869919,0.6472632493483927,0.29444288427683224,617,"all","RF#617","RF",617
535,100,476,40,0.9304347826086956,0.7142857142857143,0.9304347826086956,0.9304347826086956,0.6746532156368222,0.5516941789748045,0.10397745445328864,617,"all","NB#617","NB",617
369,438,138,206,0.7604166666666666,0.727810650887574,0.7604166666666666,0.7604166666666666,0.7180327868852459,0.7011294526498697,0.4021970854495933,617,"all","MLP#617","MLP",617
352,328,248,223,0.6121739130434782,0.5952813067150635,0.6121739130434782,0.6121739130434782,0.5991489361702128,0.5907906168549087,0.18161150318904015,618,"all","DT#618","DT",618
347,397,179,228,0.6892361111111112,0.6596958174904943,0.6892361111111112,0.6892361111111112,0.6611157368859284,0.6463944396177237,0.2927360266686395,618,"all","RF#618","RF",618
536,75,501,39,0.9321739130434783,0.6578947368421053,0.9321739130434783,0.9321739130434783,0.6650124069478909,0.5308427454387489,0.06233876734523927,618,"all","NB#618","NB",618
335,441,135,240,0.765625,0.7127659574468085,0.765625,0.765625,0.7016706443914081,0.6741963509991312,0.3482889044912011,618,"all","MLP#618","MLP",618
354,344,232,221,0.6156521739130435,0.6088495575221239,0.6156521739130435,0.6156521739130435,0.6098191214470284,0.6064291920069504,0.21287086114210044,619,"all","DT#619","DT",619
353,388,188,222,0.6736111111111112,0.6524953789279113,0.6736111111111112,0.6736111111111112,0.654300168634064,0.6437880104257168,0.28753891353118977,619,"all","RF#619","RF",619
9,565,11,566,0.9809027777777778,0.4995579133510168,0.9809027777777778,0.9809027777777778,0.6619800820152315,0.49869678540399653,-0.0034479372058411097,619,"all","NB#619","NB",619
365,416,160,210,0.7222222222222222,0.6952380952380952,0.7222222222222222,0.7222222222222222,0.6921797004991681,0.6785403996524761,0.35703178078055414,619,"all","MLP#619","MLP",619
351,367,209,224,0.6371527777777778,0.6267857142857143,0.6371527777777778,0.6371527777777778,0.6289631533847473,0.6238053866203301,0.24759316711580123,620,"all","DT#620","DT",620
332,399,177,243,0.6927083333333334,0.6522593320235757,0.6927083333333334,0.6927083333333334,0.6551724137931034,0.6350999131190269,0.27012655246446643,620,"all","RF#620","RF",620
123,493,83,452,0.8559027777777778,0.5970873786407767,0.8559027777777778,0.8559027777777778,0.648257725180802,0.5351867940920938,0.06985473489912089,620,"all","NB#620","NB",620
341,444,132,234,0.7708333333333334,0.7209302325581395,0.7708333333333334,0.7708333333333334,0.7081339712918661,0.682015638575152,0.3639328519790185,620,"all","MLP#620","MLP",620
345,363,213,230,0.6302083333333334,0.6182795698924731,0.6302083333333334,0.6302083333333334,0.6210436270316511,0.6151172893136403,0.23021424160946152,621,"all","DT#621","DT",621
344,390,186,231,0.6770833333333334,0.6490566037735849,0.6770833333333334,0.6770833333333334,0.6516290726817043,0.6377063423110338,0.2753629096179541,621,"all","RF#621","RF",621
169,478,98,406,0.8298611111111112,0.6329588014981273,0.8298611111111112,0.8298611111111112,0.6547945205479453,0.5621198957428323,0.123831733354277,621,"all","NB#621","NB",621
368,423,153,207,0.734375,0.7063339731285988,0.734375,0.734375,0.7014925373134329,0.687228496959166,0.37440552218930895,621,"all","MLP#621","MLP",621
338,350,226,237,0.6076388888888888,0.599290780141844,0.6076388888888888,0.6076388888888888,0.6018916595012898,0.5977410947002606,0.19546822184547147,622,"all","DT#622","DT",622
324,403,173,251,0.6996527777777778,0.6519114688128773,0.6996527777777778,0.6996527777777778,0.6552845528455286,0.631624674196351,0.2631620269294997,622,"all","RF#622","RF",622
511,89,487,64,0.888695652173913,0.5816993464052288,0.888695652173913,0.888695652173913,0.6497139224411951,0.5212858384013901,0.04318196562279818,622,"all","NB#622","NB",622
344,434,142,231,0.7534722222222222,0.7078189300411523,0.7534722222222222,0.7534722222222222,0.6994359387590654,0.6759339704604691,0.35178035696221255,622,"all","MLP#622","MLP",622
358,349,227,217,0.6226086956521739,0.6166077738515902,0.6226086956521739,0.6226086956521739,0.6172413793103448,0.6142484795829714,0.2285080237315259,623,"all","DT#623","DT",623
353,394,182,222,0.6840277777777778,0.6598130841121496,0.6840277777777778,0.6840277777777778,0.6610738255033558,0.6490008688097306,0.29795881393803975,623,"all","RF#623","RF",623
373,275,301,202,0.648695652173913,0.5765199161425576,0.648695652173913,0.648695652173913,0.5972778222578062,0.5629887054735013,0.12610736016205304,623,"all","NB#623","NB",623
362,433,143,213,0.7517361111111112,0.7168316831683168,0.7517361111111112,0.7517361111111112,0.7086743044189854,0.6907037358818419,0.3813416272854921,623,"all","MLP#623","MLP",623
343,355,221,232,0.6163194444444444,0.6081560283687943,0.6163194444444444,0.6163194444444444,0.6104901117798797,0.6064291920069504,0.21284471813390624,624,"all","DT#624","DT",624
344,426,150,231,0.7395833333333334,0.6963562753036437,0.7395833333333334,0.7395833333333334,0.6909975669099756,0.6689834926151172,0.3378855204214283,624,"all","RF#624","RF",624
530,73,503,45,0.9217391304347826,0.6186440677966102,0.9217391304347826,0.9217391304347826,0.6592039800995024,0.523892267593397,0.04844174770463664,624,"all","NB#624","NB",624
316,462,114,259,0.8020833333333334,0.7348837209302326,0.8020833333333334,0.8020833333333334,0.7124132613723978,0.6759339704604691,0.3517255437860038,624,"all","MLP#624","MLP",624
342,333,243,233,0.5947826086956521,0.588339222614841,0.5947826086956521,0.5947826086956521,0.5896551724137931,0.5864465682015638,0.172904998414879,625,"all","DT#625","DT",625
340,392,184,235,0.6805555555555556,0.648854961832061,0.6805555555555556,0.6805555555555556,0.6517040731504572,0.635968722849696,0.2718808362358818,625,"all","RF#625","RF",625
220,466,110,355,0.8090277777777778,0.6666666666666666,0.8090277777777778,0.8090277777777778,0.6671438797423049,0.5960034752389227,0.19170737969206614,625,"all","NB#625","NB",625
360,463,113,215,0.8038194444444444,0.7610993657505285,0.8038194444444444,0.8038194444444444,0.7384370015948963,0.7150304083405734,0.42997261051671604,625,"all","MLP#625","MLP",625
359,335,241,216,0.6243478260869565,0.6079854809437386,0.6243478260869565,0.6243478260869565,0.611063829787234,0.6029539530842746,0.20593727591802846,626,"all","DT#626","DT",626
350,406,170,225,0.7048611111111112,0.6730769230769231,0.7048611111111112,0.7048611111111112,0.6727423363711682,0.6568201563857515,0.313582800504269,626,"all","RF#626","RF",626
419,207,369,156,0.7286956521739131,0.5702479338842975,0.7286956521739131,0.7286956521739131,0.6148202494497432,0.5438748913987836,0.08804234145723065,626,"all","NB#626","NB",626
336,450,126,239,0.78125,0.7272727272727273,0.78125,0.78125,0.7114624505928854,0.6828844483058211,0.3656602047148745,626,"all","MLP#626","MLP",626
346,341,235,229,0.6017391304347826,0.5982456140350877,0.6017391304347826,0.6017391304347826,0.5986159169550173,0.5968722849695917,0.19375126433033518,627,"all","DT#627","DT",627
337,394,182,238,0.6840277777777778,0.649325626204239,0.6840277777777778,0.6840277777777778,0.652317880794702,0.6350999131190269,0.270137572016958,627,"all","RF#627","RF",627
212,456,120,363,0.7916666666666666,0.6385542168674698,0.7916666666666666,0.7916666666666666,0.653763440860215,0.580364900086881,0.16042116899768477,627,"all","NB#627","NB",627
355,431,145,220,0.7482638888888888,0.71,0.7482638888888888,0.7482638888888888,0.7025264873675631,0.6828844483058211,0.36569659910164964,627,"all","MLP#627","MLP",627
347,351,225,228,0.609375,0.6066433566433567,0.609375,0.609375,0.6077922077922079,0.6064291920069504,0.21285422488326503,628,"all","DT#628","DT",628
326,424,152,249,0.7361111111111112,0.6820083682008368,0.7361111111111112,0.7361111111111112,0.6789431545236189,0.6516072980017377,0.30311201972511087,628,"all","RF#628","RF",628
559,17,559,16,0.9721739130434782,0.5151515151515151,0.9721739130434782,0.9721739130434782,0.6603662138216184,0.5004344048653345,0.0016864194960954596,628,"all","NB#628","NB",628
333,457,119,242,0.7934027777777778,0.7367256637168141,0.7934027777777778,0.7934027777777778,0.7168627450980393,0.6863596872284969,0.37260240050613264,628,"all","MLP#628","MLP",628
352,332,244,223,0.6121739130434782,0.5981981981981982,0.6121739130434782,0.6121739130434782,0.6011955593509821,0.5942658557775847,0.18855682413450067,629,"all","DT#629","DT",629
362,384,192,213,0.6666666666666666,0.6534296028880866,0.6666666666666666,0.6666666666666666,0.6547314578005116,0.6481320590790617,0.2962412757650831,629,"all","RF#629","RF",629
522,81,495,53,0.9078260869565218,0.6044776119402985,0.9078260869565218,0.9078260869565218,0.6557788944723618,0.523892267593397,0.048418778532440566,629,"all","NB#629","NB",629
347,463,113,228,0.8038194444444444,0.7543478260869565,0.8038194444444444,0.8038194444444444,0.7308602999210734,0.7037358818418766,0.40736842899959985,629,"all","MLP#629","MLP",629
353,341,235,222,0.6139130434782609,0.605683836589698,0.6139130434782609,0.6139130434782609,0.6070507308684435,0.6029539530842746,0.20592289100606437,630,"all","DT#630","DT",630
354,386,190,221,0.6701388888888888,0.6507352941176471,0.6701388888888888,0.6701388888888888,0.6525781910397295,0.6429192006950478,0.28580443831157576,630,"all","RF#630","RF",630
336,327,249,239,0.5843478260869566,0.5777385159010601,0.5843478260869566,0.5843478260869566,0.5793103448275863,0.5760208514335361,0.1520538639211366,630,"all","NB#630","NB",630
331,453,123,244,0.7864583333333334,0.7290748898678414,0.7864583333333334,0.7864583333333334,0.7117046347211311,0.6811468288444831,0.3621766657254723,630,"all","MLP#630","MLP",630
363,351,225,212,0.6313043478260869,0.6234458259325044,0.6313043478260869,0.6313043478260869,0.6242476354256233,0.6203301476976543,0.2406746244412476,631,"all","DT#631","DT",631
332,396,180,243,0.6875,0.6484375,0.6875,0.6875,0.6518518518518518,0.63249348392702,0.2649165002106178,631,"all","RF#631","RF",631
407,241,335,168,0.7078260869565217,0.589242053789731,0.7078260869565217,0.7078260869565217,0.6180713743356112,0.5629887054735013,0.1261970487512961,631,"all","NB#631","NB",631
336,411,165,239,0.7135416666666666,0.6706586826347305,0.7135416666666666,0.7135416666666666,0.6704730831973899,0.6490008688097306,0.29792277518925714,631,"all","MLP#631","MLP",631
332,344,232,243,0.5972222222222222,0.5886524822695035,0.5972222222222222,0.5972222222222222,0.5915735167669819,0.5873153779322329,0.17461642629934992,632,"all","DT#632","DT",632
360,392,184,215,0.6805555555555556,0.6617647058823529,0.6805555555555556,0.6805555555555556,0.6627218934911243,0.6533449174630755,0.3066568634703617,632,"all","RF#632","RF",632
549,39,537,26,0.9547826086956521,0.6,0.9547826086956521,0.9547826086956521,0.6610475617098133,0.5108601216333623,0.022473605054071994,632,"all","NB#632","NB",632
329,465,111,246,0.8072916666666666,0.7477272727272727,0.8072916666666666,0.8072916666666666,0.7226107226107226,0.6898349261511729,0.37954293220991603,632,"all","MLP#632","MLP",632
347,357,219,228,0.6197916666666666,0.6130742049469965,0.6197916666666666,0.6197916666666666,0.6149870801033592,0.6116420503909644,0.22327296113624734,633,"all","DT#633","DT",633
346,395,181,229,0.6857638888888888,0.6565464895635673,0.6857638888888888,0.6857638888888888,0.6583333333333333,0.6437880104257168,0.2875238543855835,633,"all","RF#633","RF",633
154,473,103,421,0.8211805555555556,0.5992217898832685,0.8211805555555556,0.8211805555555556,0.6435374149659864,0.5447437011294527,0.08904939267341522,633,"all","NB#633","NB",633
361,415,161,214,0.7204861111111112,0.6915708812260536,0.7204861111111112,0.7204861111111112,0.6887966804979253,0.6741963509991312,0.34834006948019697,633,"all","MLP#633","MLP",633
370,336,240,205,0.6434782608695652,0.6210720887245841,0.6434782608695652,0.6434782608695652,0.6244725738396625,0.6133796698523023,0.2267996105278252,634,"all","DT#634","DT",634
360,393,183,215,0.6822916666666666,0.6629834254143646,0.6822916666666666,0.6822916666666666,0.6638513513513513,0.6542137271937446,0.30839352142615584,634,"all","RF#634","RF",634
548,47,529,27,0.9530434782608695,0.6351351351351351,0.9530434782608695,0.9530434782608695,0.6634382566585957,0.5169417897480452,0.034614467900232586,634,"all","NB#634","NB",634
326,471,105,249,0.8177083333333334,0.7563805104408353,0.8177083333333334,0.8177083333333334,0.7268518518518519,0.6924413553431799,0.38474849604986594,634,"all","MLP#634","MLP",634
369,337,239,206,0.6417391304347826,0.6206261510128913,0.6417391304347826,0.6417391304347826,0.6238377007607776,0.6133796698523023,0.2267972761018849,635,"all","DT#635","DT",635
341,388,188,234,0.6736111111111112,0.6446124763705104,0.6736111111111112,0.6736111111111112,0.647746243739566,0.6333622936576889,0.2666731083378374,635,"all","RF#635","RF",635
562,11,565,13,0.9773913043478261,0.4986690328305235,0.9773913043478261,0.9773913043478261,0.6603995299647473,0.49782797567332754,-0.003508549638586185,635,"all","NB#635","NB",635
316,448,128,259,0.7777777777777778,0.7117117117117117,0.7777777777777778,0.7777777777777778,0.6983632112236945,0.6637706342311034,0.32740774519115334,635,"all","MLP#635","MLP",635
334,347,229,241,0.6024305555555556,0.5932504440497336,0.6024305555555556,0.6024305555555556,0.5962199312714777,0.5916594265855778,0.18330344148746652,636,"all","DT#636","DT",636
313,413,163,262,0.7170138888888888,0.657563025210084,0.7170138888888888,0.7170138888888888,0.6602717825739408,0.630755864465682,0.26140078302765646,636,"all","RF#636","RF",636
531,60,516,44,0.9234782608695652,0.5769230769230769,0.9234782608695652,0.9234782608695652,0.654747225647349,0.5134665508253693,0.027625242882487275,636,"all","NB#636","NB",636
336,441,135,239,0.765625,0.7133757961783439,0.765625,0.765625,0.7022292993630574,0.6750651607298002,0.35002778213970803,636,"all","MLP#636","MLP",636
329,350,226,246,0.6076388888888888,0.5927927927927928,0.6076388888888888,0.6076388888888888,0.5972696245733788,0.5899218071242398,0.1798182312267882,637,"all","DT#637","DT",637
359,403,173,216,0.6996527777777778,0.674812030075188,0.6996527777777778,0.6996527777777778,0.6744769874476988,0.6620330147697654,0.3240216378780626,637,"all","RF#637","RF",637
480,131,445,95,0.8347826086956521,0.5796460176991151,0.8347826086956521,0.8347826086956521,0.64,0.5308427454387489,0.06218030931723882,637,"all","NB#637","NB",637
334,461,115,241,0.8003472222222222,0.7438752783964365,0.8003472222222222,0.8003472222222222,0.7214397496087638,0.6907037358818419,0.3812893152985018,637,"all","MLP#637","MLP",637
343,353,223,232,0.6128472222222222,0.6060070671378092,0.6128472222222222,0.6128472222222222,0.6080964685615848,0.6046915725456126,0.20937180607828312,638,"all","DT#638","DT",638
315,405,171,260,0.703125,0.6481481481481481,0.703125,0.703125,0.652699435938759,0.6255430060816681,0.25098480925124306,638,"all","RF#638","RF",638
384,227,349,191,0.6678260869565218,0.5430622009569378,0.6678260869565218,0.6678260869565218,0.5871559633027524,0.5308427454387489,0.06190854234648128,638,"all","NB#638","NB",638
310,461,115,265,0.8003472222222222,0.7294117647058823,0.8003472222222222,0.8003472222222222,0.7081413210445469,0.6698523023457863,0.3395545488863724,638,"all","MLP#638","MLP",638
345,350,226,230,0.6076388888888888,0.6042031523642732,0.6076388888888888,0.6076388888888888,0.6055363321799307,0.6038227628149435,0.20764014275448522,639,"all","DT#639","DT",639
353,389,187,222,0.6753472222222222,0.6537037037037037,0.6753472222222222,0.6753472222222222,0.6554338668913227,0.6446568201563857,0.2892755504895335,639,"all","RF#639","RF",639
479,126,450,96,0.8330434782608696,0.5675675675675675,0.8330434782608696,0.8330434782608696,0.6369680851063829,0.525629887054735,0.05176581355978244,639,"all","NB#639","NB",639
320,445,131,255,0.7725694444444444,0.7095343680709535,0.7725694444444444,0.7725694444444444,0.6974921630094044,0.6646394439617723,0.3291528003430593,639,"all","MLP#639","MLP",639
363,324,252,212,0.6313043478260869,0.6044776119402985,0.6313043478260869,0.6313043478260869,0.6100840336134453,0.5968722849695917,0.19379264537165633,640,"all","DT#640","DT",640
356,392,184,219,0.6805555555555556,0.6592592592592592,0.6805555555555556,0.6805555555555556,0.6604886267902275,0.6498696785403997,0.29970182603247447,640,"all","RF#640","RF",640
198,464,112,377,0.8055555555555556,0.6387096774193548,0.8055555555555556,0.8055555555555556,0.6549047282992237,0.575152041702867,0.14996337604869095,640,"all","NB#640","NB",640
363,400,176,212,0.6944444444444444,0.673469387755102,0.6944444444444444,0.6944444444444444,0.6734006734006733,0.6629018245004344,0.3257664969714539,640,"all","MLP#640","MLP",640
358,345,231,217,0.6226086956521739,0.6138790035587188,0.6226086956521739,0.6226086956521739,0.6151202749140893,0.6107732406602954,0.22156234620645085,641,"all","DT#641","DT",641
345,392,184,230,0.6805555555555556,0.6521739130434783,0.6805555555555556,0.6805555555555556,0.654424040066778,0.6403127715030409,0.28057503993332883,641,"all","RF#641","RF",641
456,160,416,119,0.7930434782608695,0.5734767025089605,0.7930434782608695,0.7930434782608695,0.6302695231513475,0.5351867940920938,0.0707895161740583,641,"all","NB#641","NB",641
363,432,144,212,0.75,0.7159763313609467,0.75,0.75,0.7081967213114755,0.6907037358818419,0.3813434954071372,641,"all","MLP#641","MLP",641
344,321,255,231,0.5982608695652174,0.5815217391304348,0.5982608695652174,0.5982608695652174,0.5860306643952301,0.577758470894874,0.15554690047462053,642,"all","DT#642","DT",642
353,400,176,222,0.6944444444444444,0.667296786389414,0.6944444444444444,0.6944444444444444,0.667779632721202,0.6542137271937446,0.30837890312431127,642,"all","RF#642","RF",642
451,172,404,124,0.7843478260869565,0.581081081081081,0.7843478260869565,0.7843478260869565,0.6307692307692307,0.5412684622067767,0.08292388483129115,642,"all","NB#642","NB",642
354,444,132,221,0.7708333333333334,0.7283950617283951,0.7708333333333334,0.7708333333333334,0.7155519742143432,0.6933101650738488,0.3865374423797883,642,"all","MLP#642","MLP",642
363,332,244,212,0.6313043478260869,0.6102941176470589,0.6313043478260869,0.6313043478260869,0.6142131979695431,0.6038227628149435,0.20768320370996557,643,"all","DT#643","DT",643
365,375,201,210,0.6510416666666666,0.6448763250883393,0.6510416666666666,0.6510416666666666,0.6459948320413437,0.6429192006950478,0.28582815889708646,643,"all","RF#643","RF",643
11,561,15,564,0.9739583333333334,0.49866666666666665,0.9739583333333334,0.9739583333333334,0.6596119929453262,0.49695916594265854,-0.0069169646944705196,643,"all","NB#643","NB",643
355,449,127,220,0.7795138888888888,0.7365145228215768,0.7795138888888888,0.7795138888888888,0.7212851405622488,0.6985230234578628,0.39696092597541643,643,"all","MLP#643","MLP",643
342,363,213,233,0.6302083333333334,0.6162162162162163,0.6302083333333334,0.6302083333333334,0.6194539249146758,0.6125108601216334,0.2249977354388719,644,"all","DT#644","DT",644
333,393,183,242,0.6822916666666666,0.6453488372093024,0.6822916666666666,0.6822916666666666,0.6490503715937243,0.630755864465682,0.2614453884026506,644,"all","RF#644","RF",644
11,566,10,564,0.9826388888888888,0.5238095238095238,0.9826388888888888,0.9826388888888888,0.6635404454865181,0.5013032145960035,0.001770804688703916,644,"all","NB#644","NB",644
348,456,120,227,0.7916666666666666,0.7435897435897436,0.7916666666666666,0.7916666666666666,0.7243844320889595,0.6985230234578628,0.3969481785252147,644,"all","MLP#644","MLP",644
365,350,226,210,0.6347826086956522,0.625,0.6347826086956522,0.6347826086956522,0.6260720411663808,0.6211989574283232,0.24241564213424796,645,"all","DT#645","DT",645
358,390,186,217,0.6770833333333334,0.6580882352941176,0.6770833333333334,0.6770833333333334,0.6593406593406593,0.6498696785403997,0.2997060550840998,645,"all","RF#645","RF",645
9,569,7,566,0.9878472222222222,0.5625,0.9878472222222222,0.9878472222222222,0.6651081239041496,0.5021720243266724,0.003502351773311043,645,"all","NB#645","NB",645
326,470,106,249,0.8159722222222222,0.7546296296296297,0.8159722222222222,0.8159722222222222,0.7258687258687259,0.6915725456125109,0.3830114290977673,645,"all","MLP#645","MLP",645
334,343,233,241,0.5954861111111112,0.5890652557319224,0.5954861111111112,0.5954861111111112,0.5913793103448276,0.5881841876629018,0.17635780625369865,646,"all","DT#646","DT",646
333,398,178,242,0.6909722222222222,0.6516634050880626,0.6909722222222222,0.6909722222222222,0.6546052631578948,0.6350999131190269,0.27012875640158457,646,"all","RF#646","RF",646
539,52,524,36,0.9373913043478261,0.5909090909090909,0.9373913043478261,0.9373913043478261,0.6581196581196582,0.5134665508253693,0.027648712904744136,646,"all","NB#646","NB",646
305,426,150,270,0.7395833333333334,0.6703296703296703,0.7395833333333334,0.7395833333333334,0.669811320754717,0.6350999131190269,0.2700670411306396,646,"all","MLP#646","MLP",646
357,340,236,218,0.6208695652173913,0.6093189964157706,0.6208695652173913,0.6208695652173913,0.6113013698630138,0.6055603822762815,0.21114160545154262,647,"all","DT#647","DT",647
345,398,178,230,0.6909722222222222,0.6596558317399618,0.6909722222222222,0.6909722222222222,0.6611295681063123,0.6455256298870548,0.2909950660377928,647,"all","RF#647","RF",647
527,56,520,48,0.9165217391304348,0.5384615384615384,0.9165217391304348,0.9165217391304348,0.6498150431565968,0.5065160729800173,0.013734174923665469,647,"all","NB#647","NB",647
377,405,171,198,0.703125,0.6879562043795621,0.703125,0.703125,0.6870229007633589,0.6794092093831451,0.3587917985787464,647,"all","MLP#647","MLP",647
350,342,234,225,0.6086956521739131,0.6031746031746031,0.6086956521739131,0.6086956521739131,0.6039689387402933,0.6012163336229366,0.2024429015910109,648,"all","DT#648","DT",648
318,418,158,257,0.7256944444444444,0.6680672268907563,0.7256944444444444,0.7256944444444444,0.6682653876898482,0.6394439617723718,0.2787795881328881,648,"all","RF#648","RF",648
171,468,108,404,0.8125,0.6129032258064516,0.8125,0.8125,0.6464088397790055,0.5551694178974804,0.10994043231878979,648,"all","NB#648","NB",648
336,448,128,239,0.7777777777777778,0.7241379310344828,0.7777777777777778,0.7777777777777778,0.7094220110847189,0.6811468288444831,0.3621862963147509,648,"all","MLP#648","MLP",648
332,349,227,243,0.6059027777777778,0.59391771019678,0.6059027777777778,0.6059027777777778,0.5976027397260273,0.5916594265855778,0.18329850962583644,649,"all","DT#649","DT",649
323,411,165,252,0.7135416666666666,0.6618852459016393,0.7135416666666666,0.7135416666666666,0.6634382566585957,0.6377063423110338,0.27531695739023676,649,"all","RF#649","RF",649
393,232,344,182,0.6834782608695652,0.5603864734299517,0.6834782608695652,0.6834782608695652,0.5990853658536586,0.5430060816681147,0.0862349485783973,649,"all","NB#649","NB",649
310,485,91,265,0.8420138888888888,0.773067331670823,0.8420138888888888,0.8420138888888888,0.7315233785822021,0.6907037358818419,0.38124446941074486,649,"all","MLP#649","MLP",649
316,369,207,259,0.640625,0.6042065009560229,0.640625,0.640625,0.6129568106312292,0.5951346655082537,0.19020514895492993,650,"all","DT#650","DT",650
313,409,167,262,0.7100694444444444,0.6520833333333333,0.7100694444444444,0.7100694444444444,0.6559743384121892,0.6272806255430061,0.25445376374933004,650,"all","RF#650","RF",650
220,433,143,355,0.7517361111111112,0.6060606060606061,0.7517361111111112,0.7517361111111112,0.6348973607038124,0.5673327541268463,0.13438781735700442,650,"all","NB#650","NB",650
339,434,142,236,0.7534722222222222,0.7047817047817048,0.7534722222222222,0.7534722222222222,0.6966292134831461,0.6715899218071243,0.3430861263524716,650,"all","MLP#650","MLP",650
336,354,222,239,0.6145833333333334,0.6021505376344086,0.6145833333333334,0.6145833333333334,0.6056458511548333,0.5994787141615986,0.19893626497056832,651,"all","DT#651","DT",651
324,409,167,251,0.7100694444444444,0.659877800407332,0.7100694444444444,0.7100694444444444,0.6618122977346278,0.6368375325803649,0.273582398734139,651,"all","RF#651","RF",651
504,75,501,71,0.8765217391304347,0.5136986301369864,0.8765217391304347,0.8765217391304347,0.6379746835443036,0.5030408340573415,0.006725706440565464,651,"all","NB#651","NB",651
380,408,168,195,0.7083333333333334,0.6934306569343066,0.7083333333333334,0.7083333333333334,0.6921119592875318,0.684622067767159,0.3692179481953521,651,"all","MLP#651","MLP",651
320,355,221,255,0.6163194444444444,0.5914972273567468,0.6163194444444444,0.6163194444444444,0.5986509274873524,0.5864465682015638,0.17285005570938122,652,"all","DT#652","DT",652
334,378,198,241,0.65625,0.6278195488721805,0.65625,0.65625,0.6326359832635983,0.6185925282363163,0.23713495894208106,652,"all","RF#652","RF",652
171,458,118,404,0.7951388888888888,0.5916955017301038,0.7951388888888888,0.7951388888888888,0.6369958275382476,0.5464813205907906,0.09257016163379717,652,"all","NB#652","NB",652
327,427,149,248,0.7413194444444444,0.6869747899159664,0.7413194444444444,0.7413194444444444,0.6826538768984812,0.6550825369244135,0.310061437322305,652,"all","MLP#652","MLP",652
351,339,237,224,0.6104347826086957,0.6021314387211367,0.6104347826086957,0.6104347826086957,0.6036113499570078,0.5994787141615986,0.19897254431902764,653,"all","DT#653","DT",653
331,408,168,244,0.7083333333333334,0.6633266533066132,0.7083333333333334,0.7083333333333334,0.6644951140065147,0.6420503909643788,0.2840180938634262,653,"all","RF#653","RF",653
430,202,374,145,0.7478260869565218,0.5821325648414986,0.7478260869565218,0.7478260869565218,0.6236403190717912,0.5490877497827976,0.09848648338663113,653,"all","NB#653","NB",653
342,451,125,233,0.7829861111111112,0.7323340471092077,0.7829861111111112,0.7829861111111112,0.7158730158730159,0.6889661164205039,0.37783032257674865,653,"all","MLP#653","MLP",653
341,346,230,234,0.6006944444444444,0.5971978984238179,0.6006944444444444,0.6006944444444444,0.5986159169550174,0.5968722849695917,0.19373909262737096,654,"all","DT#654","DT",654
322,412,164,253,0.7152777777777778,0.6625514403292181,0.7152777777777778,0.7152777777777778,0.6639806607574537,0.6377063423110338,0.27531476904354596,654,"all","RF#654","RF",654
365,275,301,210,0.6347826086956522,0.5670103092783505,0.6347826086956522,0.6347826086956522,0.5882352941176471,0.5560382276281495,0.11219775061095193,654,"all","NB#654","NB",654
324,471,105,251,0.8177083333333334,0.7552447552447552,0.8177083333333334,0.8177083333333334,0.7257318952234206,0.6907037358818419,0.3812706303019687,654,"all","MLP#654","MLP",654
347,338,238,228,0.6034782608695652,0.5971731448763251,0.6034782608695652,0.6034782608695652,0.5982758620689655,0.5951346655082537,0.19028094382633115,655,"all","DT#655","DT",655
341,409,167,234,0.7100694444444444,0.6712598425196851,0.7100694444444444,0.7100694444444444,0.6710418375717802,0.6516072980017377,0.30314358487347015,655,"all","RF#655","RF",655
511,83,493,64,0.888695652173913,0.564625850340136,0.888695652173913,0.888695652173913,0.6472450918302722,0.5160729800173762,0.032771650003243696,655,"all","NB#655","NB",655
378,443,133,197,0.7690972222222222,0.7397260273972602,0.7690972222222222,0.7690972222222222,0.7286184210526316,0.7132927888792354,0.42652973717267356,655,"all","MLP#655","MLP",655
361,355,221,214,0.6278260869565218,0.6239015817223199,0.6278260869565218,0.6278260869565218,0.6240276577355229,0.6220677671589921,0.24414295138789277,656,"all","DT#656","DT",656
357,405,171,218,0.703125,0.6761363636363636,0.703125,0.703125,0.6755629691409508,0.6620330147697654,0.3240175555934675,656,"all","RF#656","RF",656
513,100,476,62,0.8921739130434783,0.6172839506172839,0.8921739130434783,0.8921739130434783,0.656010230179028,0.5325803649000869,0.06574393419571711,656,"all","NB#656","NB",656
354,457,119,221,0.7934027777777778,0.7484143763213531,0.7934027777777778,0.7934027777777778,0.7288676236044658,0.7046046915725456,0.40911794992586414,656,"all","MLP#656","MLP",656
350,339,237,225,0.6086956521739131,0.601063829787234,0.6086956521739131,0.6086956521739131,0.6024096385542169,0.5986099044309297,0.19723374576547523,657,"all","DT#657","DT",657
338,393,183,237,0.6822916666666666,0.6487523992322457,0.6822916666666666,0.6822916666666666,0.6517412935323383,0.6350999131190269,0.27013977588752697,657,"all","RF#657","RF",657
12,562,14,563,0.9756944444444444,0.49955555555555553,0.9756944444444444,0.9756944444444444,0.660787771898883,0.49869678540399653,-0.0034388404640923343,657,"all","NB#657","NB",657
325,433,143,250,0.7517361111111112,0.6944444444444444,0.7517361111111112,0.7517361111111112,0.6878474980142971,0.6585577758470895,0.3170047093959924,657,"all","MLP#657","MLP",657
339,339,237,236,0.5895652173913043,0.5895652173913043,0.5895652173913043,0.5895652173913043,0.5890529973935708,0.5890529973935708,0.1781066151772113,658,"all","DT#658","DT",658
315,410,166,260,0.7118055555555556,0.6548856548856549,0.7118055555555556,0.7118055555555556,0.6581059390048154,0.629887054735013,0.259668491603579,658,"all","RF#658","RF",658
421,214,362,154,0.7321739130434782,0.5815217391304348,0.7321739130434782,0.7321739130434782,0.6200294550810014,0.5516941789748045,0.10366913771038089,658,"all","NB#658","NB",658
299,455,121,276,0.7899305555555556,0.7119047619047619,0.7899305555555556,0.7899305555555556,0.6962509563886764,0.6550825369244135,0.3100030955311101,658,"all","MLP#658","MLP",658
332,359,217,243,0.6232638888888888,0.604735883424408,0.6232638888888888,0.6232638888888888,0.6095076400679117,0.6003475238922676,0.20066306950453985,659,"all","DT#659","DT",659
345,403,173,230,0.6996527777777778,0.666023166023166,0.6996527777777778,0.6996527777777778,0.6666666666666666,0.6498696785403997,0.29967856533548337,659,"all","RF#659","RF",659
432,182,394,143,0.7513043478260869,0.56,0.7513043478260869,0.7513043478260869,0.6167023554603854,0.5334491746307559,0.06725108692207521,659,"all","NB#659","NB",659
374,416,160,201,0.7222222222222222,0.700374531835206,0.7222222222222222,0.7222222222222222,0.6974015088013411,0.6863596872284969,0.3726800722870829,659,"all","MLP#659","MLP",659
343,325,251,232,0.5965217391304348,0.5834829443447038,0.5965217391304348,0.5965217391304348,0.5868263473053893,0.580364900086881,0.1607532392639705,660,"all","DT#660","DT",660
331,405,171,244,0.703125,0.6593625498007968,0.703125,0.703125,0.6612244897959184,0.6394439617723718,0.27880790002521405,660,"all","RF#660","RF",660
265,412,164,310,0.7152777777777778,0.6177156177156177,0.7152777777777778,0.7152777777777778,0.6348228043143298,0.5881841876629018,0.1761861763009359,660,"all","NB#660","NB",660
324,443,133,251,0.7690972222222222,0.7089715536105032,0.7690972222222222,0.7690972222222222,0.6976377952755906,0.6663770634231103,0.33263473867627374,660,"all","MLP#660","MLP",660
345,338,238,230,0.6,0.5950704225352113,0.6,0.6,0.5958549222797928,0.5933970460469157,0.1868032994770594,661,"all","DT#661","DT",661
334,406,170,241,0.7048611111111112,0.6626984126984127,0.7048611111111112,0.7048611111111112,0.6639411283728537,0.6429192006950478,0.28576130593707966,661,"all","RF#661","RF",661
356,293,283,219,0.6191304347826087,0.572265625,0.6191304347826087,0.6191304347826087,0.586490939044481,0.5638575152041703,0.1277986426432228,661,"all","NB#661","NB",661
390,417,159,185,0.7239583333333334,0.7103825136612022,0.7239583333333334,0.7239583333333334,0.7079796264855689,0.7011294526498697,0.4022349911077428,661,"all","MLP#661","MLP",661
351,340,236,224,0.6104347826086957,0.6028368794326241,0.6104347826086957,0.6104347826086957,0.6041308089500861,0.6003475238922676,0.20070892435523513,662,"all","DT#662","DT",662
339,386,190,236,0.6701388888888888,0.6408317580340265,0.6701388888888888,0.6701388888888888,0.6444073455759599,0.629887054735013,0.25972214254009196,662,"all","RF#662","RF",662
544,61,515,31,0.9460869565217391,0.6630434782608695,0.9460869565217391,0.9460869565217391,0.6658506731946144,0.525629887054735,0.05195177436776265,662,"all","NB#662","NB",662
364,420,156,211,0.7291666666666666,0.7,0.7291666666666666,0.7291666666666666,0.6959403479701739,0.6811468288444831,0.36224022224067526,662,"all","MLP#662","MLP",662
338,351,225,237,0.609375,0.6003552397868561,0.609375,0.609375,0.6030927835051546,0.5986099044309297,0.19720465950470112,663,"all","DT#663","DT",663
339,390,186,236,0.6770833333333334,0.6457142857142857,0.6770833333333334,0.6770833333333334,0.64891846921797,0.6333622936576889,0.2666686797010643,663,"all","RF#663","RF",663
441,240,336,134,0.7669565217391304,0.6417112299465241,0.7669565217391304,0.7669565217391304,0.6523668639053254,0.5916594265855778,0.18356720927494943,663,"all","NB#663","NB",663
382,414,162,193,0.71875,0.7022058823529411,0.71875,0.71875,0.6999154691462384,0.6915725456125109,0.3831157557192443,663,"all","MLP#663","MLP",663
362,336,240,213,0.6295652173913043,0.6120218579234973,0.6295652173913043,0.6295652173913043,0.6151231945624468,0.6064291920069504,0.21288987314828645,664,"all","DT#664","DT",664
339,400,176,236,0.6944444444444444,0.658252427184466,0.6944444444444444,0.6944444444444444,0.6600660066006601,0.6420503909643788,0.28403538967901676,664,"all","RF#664","RF",664
433,187,389,142,0.7530434782608696,0.5683890577507599,0.7530434782608696,0.7530434782608696,0.6198997852541159,0.5386620330147698,0.0776672949549307,664,"all","NB#664","NB",664
336,446,130,239,0.7743055555555556,0.721030042918455,0.7743055555555556,0.7743055555555556,0.7073750991276766,0.6794092093831451,0.35871240889578754,664,"all","MLP#664","MLP",664
356,361,215,219,0.6267361111111112,0.6234676007005254,0.6267361111111112,0.6267361111111112,0.6245674740484429,0.6229365768896612,0.24586803060404963,665,"all","DT#665","DT",665
331,385,191,244,0.6684027777777778,0.6340996168582376,0.6684027777777778,0.6684027777777778,0.6390041493775933,0.6220677671589921,0.2440744805970283,665,"all","RF#665","RF",665
246,394,182,329,0.6840277777777778,0.5747663551401869,0.6840277777777778,0.6840277777777778,0.6066204772902232,0.5560382276281495,0.1118786928862535,665,"all","NB#665","NB",665
322,467,109,253,0.8107638888888888,0.7470997679814385,0.8107638888888888,0.8107638888888888,0.7206790123456789,0.685490877497828,0.37084450726003243,665,"all","MLP#665","MLP",665
356,348,228,219,0.6191304347826087,0.6137566137566137,0.6191304347826087,0.6191304347826087,0.6143226919758411,0.6116420503909644,0.2232940675624878,666,"all","DT#666","DT",666
356,405,171,219,0.703125,0.6755218216318786,0.703125,0.703125,0.6749999999999999,0.6611642050390965,0.3222787883179941,666,"all","RF#666","RF",666
467,146,430,108,0.8121739130434783,0.5748031496062992,0.8121739130434783,0.8121739130434783,0.6345108695652175,0.5325803649000869,0.06561423945485434,666,"all","NB#666","NB",666
373,434,142,202,0.7534722222222222,0.7242718446601941,0.7534722222222222,0.7534722222222222,0.7161716171617163,0.7011294526498697,0.40220430594558687,666,"all","MLP#666","MLP",666
364,335,241,211,0.6330434782608696,0.6135531135531136,0.6330434782608696,0.6330434782608696,0.6169491525423729,0.6072980017376195,0.21463097987711913,667,"all","DT#667","DT",667
342,402,174,233,0.6979166666666666,0.6627906976744186,0.6979166666666666,0.6979166666666666,0.6639141205615193,0.6463944396177237,0.29272534842324416,667,"all","RF#667","RF",667
520,58,518,55,0.9043478260869565,0.5132743362831859,0.9043478260869565,0.9043478260869565,0.6447613143211407,0.5021720243266724,0.005038748580023204,667,"all","NB#667","NB",667
380,403,173,195,0.6996527777777778,0.6871609403254972,0.6996527777777778,0.6996527777777778,0.686541737649063,0.680278019113814,0.36053431726295254,667,"all","MLP#667","MLP",667
349,345,231,226,0.6069565217391304,0.6042031523642732,0.6069565217391304,0.6069565217391304,0.6043290043290044,0.6029539530842746,0.20591330077520556,668,"all","DT#668","DT",668
318,406,170,257,0.7048611111111112,0.6516393442622951,0.7048611111111112,0.7048611111111112,0.6553672316384181,0.629018245004344,0.2579384671597868,668,"all","RF#668","RF",668
153,489,87,422,0.8489583333333334,0.6375,0.8489583333333334,0.8489583333333334,0.6577000672494956,0.5577758470894874,0.11510350192201657,668,"all","NB#668","NB",668
358,442,134,217,0.7673611111111112,0.7276422764227642,0.7673611111111112,0.7673611111111112,0.7157894736842105,0.6950477845351868,0.39001867685715447,668,"all","MLP#668","MLP",668
358,348,228,217,0.6226086956521739,0.6159292035398231,0.6226086956521739,0.6226086956521739,0.6167097329888028,0.6133796698523023,0.2267715964861693,669,"all","DT#669","DT",669
343,388,188,232,0.6736111111111112,0.6459510357815442,0.6736111111111112,0.6736111111111112,0.6488294314381271,0.6350999131190269,0.2701507950407334,669,"all","RF#669","RF",669
126,510,66,449,0.8854166666666666,0.65625,0.8854166666666666,0.8854166666666666,0.6644951140065147,0.5525629887054735,0.10460758560580774,669,"all","NB#669","NB",669
348,454,122,227,0.7881944444444444,0.7404255319148936,0.7881944444444444,0.7881944444444444,0.722354813046937,0.6967854039965248,0.39347420711314446,669,"all","MLP#669","MLP",669
344,339,237,231,0.5982608695652174,0.5947368421052631,0.5982608695652174,0.5982608695652174,0.5951557093425606,0.5933970460469157,0.18680084419525175,670,"all","DT#670","DT",670
333,384,192,242,0.6666666666666666,0.6342857142857142,0.6666666666666666,0.6666666666666666,0.6389351081530783,0.6229365768896612,0.24581565637502836,670,"all","RF#670","RF",670
536,61,515,39,0.9321739130434783,0.61,0.9321739130434783,0.9321739130434783,0.6592865928659287,0.5186794092093832,0.038049348596117576,670,"all","NB#670","NB",670
363,440,136,212,0.7638888888888888,0.7274549098196392,0.7638888888888888,0.7638888888888888,0.7166123778501629,0.6976542137271937,0.39523858413706875,670,"all","MLP#670","MLP",670
361,350,226,214,0.6278260869565218,0.6205673758865248,0.6278260869565218,0.6278260869565218,0.6213425129087781,0.6177237185056472,0.23546071025283344,671,"all","DT#671","DT",671
327,416,160,248,0.7222222222222222,0.6714579055441479,0.7222222222222222,0.7222222222222222,0.6709677419354839,0.6455256298870548,0.290956528041165,671,"all","RF#671","RF",671
324,308,268,251,0.5634782608695652,0.5509838998211091,0.5634782608695652,0.5634782608695652,0.5552699228791774,0.5490877497827976,0.09819796291459922,671,"all","NB#671","NB",671
319,440,136,256,0.7638888888888888,0.701098901098901,0.7638888888888888,0.7638888888888888,0.6918238993710691,0.6594265855777585,0.318729238388597,671,"all","MLP#671","MLP",671
318,355,221,257,0.6163194444444444,0.5899814471243042,0.6163194444444444,0.6163194444444444,0.5976430976430978,0.5847089487402259,0.16937212771225502,672,"all","DT#672","DT",672
308,399,177,267,0.6927083333333334,0.6350515463917525,0.6927083333333334,0.6927083333333334,0.642512077294686,0.6142484795829714,0.22839153870544013,672,"all","RF#672","RF",672
500,116,460,75,0.8695652173913043,0.6073298429319371,0.8695652173913043,0.8695652173913043,0.6514657980456027,0.5351867940920938,0.07091289030379373,672,"all","NB#672","NB",672
372,400,176,203,0.6944444444444444,0.6788321167883211,0.6944444444444444,0.6944444444444444,0.6785411365564038,0.6707211120764552,0.3414148825510701,672,"all","MLP#672","MLP",672
367,360,216,208,0.6382608695652174,0.6338028169014085,0.6382608695652174,0.6382608695652174,0.6338514680483592,0.631624674196351,0.2632576901245155,673,"all","DT#673","DT",673
356,380,196,219,0.6597222222222222,0.644927536231884,0.6597222222222222,0.6597222222222222,0.6468085106382979,0.6394439617723718,0.2788623397249601,673,"all","RF#673","RF",673
521,94,482,54,0.9060869565217391,0.6351351351351351,0.9060869565217391,0.9060869565217391,0.6603295310519645,0.5343179843614249,0.06923666471543152,673,"all","NB#673","NB",673
335,417,159,240,0.7239583333333334,0.6781376518218624,0.7239583333333334,0.7239583333333334,0.6763990267639903,0.6533449174630755,0.3066045213862202,673,"all","MLP#673","MLP",673
339,335,241,236,0.5895652173913043,0.5866900175131349,0.5895652173913043,0.5895652173913043,0.587012987012987,0.5855777584708949,0.17116114763626483,674,"all","DT#674","DT",674
332,397,179,243,0.6892361111111112,0.649706457925636,0.6892361111111112,0.6892361111111112,0.6529605263157896,0.6333622936576889,0.2666531790511159,674,"all","RF#674","RF",674
291,363,213,284,0.6302083333333334,0.5773809523809523,0.6302083333333334,0.6302083333333334,0.5936222403924775,0.5682015638575152,0.13630990036673613,674,"all","NB#674","NB",674
337,428,148,238,0.7430555555555556,0.6948453608247422,0.7430555555555556,0.7430555555555556,0.6892109500805152,0.6646394439617723,0.3291872386042789,674,"all","MLP#674","MLP",674
354,341,235,221,0.6156521739130435,0.6067615658362989,0.6156521739130435,0.6156521739130435,0.6082474226804123,0.6038227628149435,0.20766167381728037,675,"all","DT#675","DT",675
337,381,195,238,0.6614583333333334,0.6334586466165414,0.6614583333333334,0.6614583333333334,0.6376569037656904,0.6238053866203301,0.24756136041439877,675,"all","RF#675","RF",675
196,436,140,379,0.7569444444444444,0.5833333333333334,0.7569444444444444,0.7569444444444444,0.6268871315600287,0.5490877497827976,0.0978493145926746,675,"all","NB#675","NB",675
337,418,158,238,0.7256944444444444,0.6808080808080809,0.7256944444444444,0.7256944444444444,0.6785714285714285,0.6559513466550826,0.31181906027297995,675,"all","MLP#675","MLP",675
371,337,239,204,0.6452173913043479,0.6229205175600739,0.6452173913043479,0.6452173913043479,0.6261603375527427,0.6151172893136403,0.2302746684580373,676,"all","DT#676","DT",676
346,388,188,229,0.6736111111111112,0.6479400749063671,0.6736111111111112,0.6736111111111112,0.6504610226320201,0.6377063423110338,0.2753672857166581,676,"all","RF#676","RF",676
537,63,513,38,0.9339130434782609,0.6237623762376238,0.9339130434782609,0.9339130434782609,0.660923076923077,0.5212858384013901,0.04325702432585329,676,"all","NB#676","NB",676
337,435,141,238,0.7552083333333334,0.7050209205020921,0.7552083333333334,0.7552083333333334,0.6965572457966374,0.6707211120764552,0.34134527550079047,676,"all","MLP#676","MLP",676
343,330,246,232,0.5965217391304348,0.5871886120996441,0.5965217391304348,0.5965217391304348,0.5893470790378007,0.5847089487402259,0.16943482474706156,677,"all","DT#677","DT",677
351,388,188,224,0.6736111111111112,0.6512059369202227,0.6736111111111112,0.6736111111111112,0.6531986531986532,0.6420503909643788,0.28406133183566734,677,"all","RF#677","RF",677
547,26,550,28,0.951304347826087,0.4986326344576117,0.951304347826087,0.951304347826087,0.6543062200956937,0.49782797567332754,-0.003553962607968889,677,"all","NB#677","NB",677
320,473,103,255,0.8211805555555556,0.7565011820330969,0.8211805555555556,0.8211805555555556,0.7254601226993865,0.6889661164205039,0.3777889853951994,677,"all","MLP#677","MLP",677
341,333,243,234,0.5930434782608696,0.5873015873015873,0.5930434782608696,0.5930434782608696,0.5884383088869715,0.5855777584708949,0.17116615263379562,678,"all","DT#678","DT",678
342,389,187,233,0.6753472222222222,0.6465028355387523,0.6753472222222222,0.6753472222222222,0.6494156928213689,0.6350999131190269,0.27014859123671026,678,"all","RF#678","RF",678
458,139,437,117,0.7965217391304348,0.54296875,0.7965217391304348,0.7965217391304348,0.6231292517006802,0.5186794092093832,0.037822911636890374,678,"all","NB#678","NB",678
338,433,143,237,0.7517361111111112,0.7027027027027027,0.7517361111111112,0.7517361111111112,0.695024077046549,0.6698523023457863,0.3396103915712677,678,"all","MLP#678","MLP",678
357,359,217,218,0.6232638888888888,0.6221837088388215,0.6232638888888888,0.6232638888888888,0.6227233304423243,0.6220677671589921,0.24413382266579509,679,"all","DT#679","DT",679
346,404,172,229,0.7013888888888888,0.667953667953668,0.7013888888888888,0.7013888888888888,0.6683209263854425,0.6516072980017377,0.30315410595416586,679,"all","RF#679","RF",679
502,110,466,73,0.8730434782608696,0.6010928961748634,0.8730434782608696,0.8730434782608696,0.6506804925469865,0.5317115551694179,0.06397774267380622,679,"all","NB#679","NB",679
348,444,132,227,0.7708333333333334,0.725,0.7708333333333334,0.7708333333333334,0.7121090617481957,0.6880973066898349,0.3761046647692528,679,"all","MLP#679","MLP",679
331,353,223,244,0.6128472222222222,0.5974729241877257,0.6128472222222222,0.6128472222222222,0.6018755328218244,0.5942658557775847,0.18850537230196002,680,"all","DT#680","DT",680
340,386,190,235,0.6701388888888888,0.6415094339622641,0.6701388888888888,0.6701388888888888,0.6449456975772764,0.630755864465682,0.2614609990111043,680,"all","RF#680","RF",680
424,194,382,151,0.7373913043478261,0.5623188405797102,0.7373913043478261,0.7373913043478261,0.614047791455467,0.5369244135534318,0.07417099411286213,680,"all","NB#680","NB",680
338,419,157,237,0.7274305555555556,0.6828282828282828,0.7274305555555556,0.7274305555555556,0.6801948051948051,0.6576889661164205,0.31529472158473243,680,"all","MLP#680","MLP",680
342,336,240,233,0.5947826086956521,0.5905096660808435,0.5947826086956521,0.5947826086956521,0.5911840968020744,0.5890529973935708,0.17811405978499603,681,"all","DT#681","DT",681
346,389,187,229,0.6753472222222222,0.649155722326454,0.6753472222222222,0.6753472222222222,0.6515912897822446,0.6385751520417029,0.2771039226521007,681,"all","RF#681","RF",681
540,62,514,35,0.9391304347826087,0.6391752577319587,0.9391304347826087,0.9391304347826087,0.6629834254143646,0.5230234578627281,0.04673552790177395,681,"all","NB#681","NB",681
333,434,142,242,0.7534722222222222,0.7010526315789474,0.7534722222222222,0.7534722222222222,0.693290734824281,0.6663770634231103,0.33265287634002716,681,"all","MLP#681","MLP",681
342,332,244,233,0.5947826086956521,0.5876106194690266,0.5947826086956521,0.5947826086956521,0.5891472868217055,0.5855777584708949,0.17116865510989393,682,"all","DT#682","DT",682
357,394,182,218,0.6840277777777778,0.6623376623376623,0.6840277777777778,0.6840277777777778,0.6632996632996634,0.6524761077324066,0.30491391440356064,682,"all","RF#682","RF",682
215,440,136,360,0.7638888888888888,0.6125356125356125,0.7638888888888888,0.7638888888888888,0.6395348837209303,0.5690703735881842,0.13784854781810282,682,"all","NB#682","NB",682
354,449,127,221,0.7795138888888888,0.735966735966736,0.7795138888888888,0.7795138888888888,0.7207062600321027,0.6976542137271937,0.39522214807052924,682,"all","MLP#682","MLP",682
348,331,245,227,0.6052173913043478,0.5931899641577061,0.6052173913043478,0.6052173913043478,0.5958904109589042,0.5899218071242398,0.1798652814386082,683,"all","DT#683","DT",683
341,401,175,234,0.6961805555555556,0.6608527131782945,0.6961805555555556,0.6961805555555556,0.662262592898431,0.6446568201563857,0.28924979730984485,683,"all","RF#683","RF",683
551,44,532,24,0.9582608695652174,0.6470588235294118,0.9582608695652174,0.9582608695652174,0.6646562123039806,0.5169417897480452,0.03462320563336088,683,"all","NB#683","NB",683
347,434,142,228,0.7534722222222222,0.7096114519427403,0.7534722222222222,0.7534722222222222,0.7011308562197092,0.6785403996524761,0.3569968323182057,683,"all","MLP#683","MLP",683
347,330,246,228,0.6034782608695652,0.5913978494623656,0.6034782608695652,0.6034782608695652,0.5941780821917808,0.5881841876629018,0.17639013432605988,684,"all","DT#684","DT",684
334,388,188,241,0.6736111111111112,0.6398467432950191,0.6736111111111112,0.6736111111111112,0.6439834024896266,0.6272806255430061,0.2545010394853453,684,"all","RF#684","RF",684
502,93,483,73,0.8730434782608696,0.5602409638554217,0.8730434782608696,0.8730434782608696,0.6435897435897436,0.5169417897480452,0.03448046951615093,684,"all","NB#684","NB",684
340,421,155,235,0.7309027777777778,0.6868686868686869,0.7309027777777778,0.7309027777777778,0.6834415584415584,0.6611642050390965,0.32224604420823777,684,"all","MLP#684","MLP",684
354,333,243,221,0.6156521739130435,0.6010830324909747,0.6156521739130435,0.6156521739130435,0.6040955631399317,0.5968722849695917,0.19377073829069696,685,"all","DT#685","DT",685
345,391,185,230,0.6788194444444444,0.6509433962264151,0.6788194444444444,0.6788194444444444,0.6532999164578113,0.6394439617723718,0.2788383872696666,685,"all","RF#685","RF",685
445,178,398,130,0.7739130434782608,0.577922077922078,0.7739130434782608,0.7739130434782608,0.6276445698166432,0.5412684622067767,0.08290727785255965,685,"all","NB#685","NB",685
388,391,185,187,0.6788194444444444,0.6771378708551483,0.6788194444444444,0.6788194444444444,0.6776429809358753,0.6768027801911382,0.35360312078236955,685,"all","MLP#685","MLP",685
354,347,229,221,0.6156521739130435,0.6109154929577465,0.6156521739130435,0.6156521739130435,0.6113989637305699,0.6090356211989574,0.21808009565101863,686,"all","DT#686","DT",686
332,397,179,243,0.6892361111111112,0.649706457925636,0.6892361111111112,0.6892361111111112,0.6529605263157896,0.6333622936576889,0.2666531790511159,686,"all","RF#686","RF",686
548,41,535,27,0.9530434782608695,0.6029411764705882,0.9530434782608695,0.9530434782608695,0.661037394451146,0.5117289313640313,0.02420547044235406,686,"all","NB#686","NB",686
312,454,122,263,0.7881944444444444,0.7188940092165899,0.7881944444444444,0.7881944444444444,0.7022428460943543,0.6655082536924414,0.3308735706121019,686,"all","MLP#686","MLP",686
345,330,246,230,0.6,0.5892857142857143,0.6,0.6,0.5917667238421955,0.5864465682015638,0.17291249003647247,687,"all","DT#687","DT",687
355,398,178,220,0.6909722222222222,0.6660412757973734,0.6909722222222222,0.6909722222222222,0.6666666666666666,0.6542137271937446,0.30838307984503865,687,"all","RF#687","RF",687
391,265,311,184,0.68,0.5902004454342984,0.68,0.68,0.6123727486296006,0.5699391833188532,0.14004259449048873,687,"all","NB#687","NB",687
346,441,135,229,0.765625,0.7193347193347194,0.765625,0.765625,0.7078651685393259,0.68375325803649,0.3674162698208985,687,"all","MLP#687","MLP",687
366,342,234,209,0.6365217391304347,0.6206896551724138,0.6365217391304347,0.6365217391304347,0.6229787234042553,0.6151172893136403,0.23026304864701655,688,"all","DT#688","DT",688
348,389,187,227,0.6753472222222222,0.6504672897196262,0.6753472222222222,0.6753472222222222,0.6526845637583892,0.6403127715030409,0.2805815568572984,688,"all","RF#688","RF",688
159,488,88,416,0.8472222222222222,0.6437246963562753,0.8472222222222222,0.8472222222222222,0.6594594594594595,0.5621198957428323,0.12380526589253131,688,"all","NB#688","NB",688
363,426,150,212,0.7395833333333334,0.7076023391812866,0.7395833333333334,0.7395833333333334,0.7018121911037892,0.685490877497828,0.37092239913760044,688,"all","MLP#688","MLP",688
336,343,233,239,0.5954861111111112,0.5905096660808435,0.5954861111111112,0.5954861111111112,0.5924006908462867,0.5899218071242398,0.17983556614341314,689,"all","DT#689","DT",689
336,399,177,239,0.6927083333333334,0.6549707602339181,0.6927083333333334,0.6927083333333334,0.6573311367380561,0.6385751520417029,0.2770820940365795,689,"all","RF#689","RF",689
7,567,9,568,0.984375,0.4995594713656388,0.984375,0.984375,0.662770309760374,0.49869678540399653,-0.003454001791971128,689,"all","NB#689","NB",689
337,443,133,238,0.7690972222222222,0.7170212765957447,0.7690972222222222,0.7690972222222222,0.7048528241845664,0.6776715899218071,0.3552404895099615,689,"all","MLP#689","MLP",689
362,346,230,213,0.6295652173913043,0.6189624329159212,0.6295652173913043,0.6295652173913043,0.6203941730934018,0.6151172893136403,0.2302537525456019,690,"all","DT#690","DT",690
348,393,183,227,0.6822916666666666,0.655367231638418,0.6822916666666666,0.6822916666666666,0.657190635451505,0.6437880104257168,0.2875281570635731,690,"all","RF#690","RF",690
462,135,441,113,0.8034782608695652,0.5443548387096774,0.8034782608695652,0.8034782608695652,0.6251691474966171,0.5186794092093832,0.03783452638186408,690,"all","NB#690","NB",690
341,422,154,234,0.7326388888888888,0.6888888888888889,0.7326388888888888,0.7326388888888888,0.685064935064935,0.6629018245004344,0.3257217055199904,690,"all","MLP#690","MLP",690
339,336,240,236,0.5895652173913043,0.5874125874125874,0.5895652173913043,0.5895652173913043,0.5875216637781628,0.5864465682015638,0.1728975066575684,691,"all","DT#691","DT",691
345,390,186,230,0.6770833333333334,0.6497175141242938,0.6770833333333334,0.6770833333333334,0.6521739130434783,0.6385751520417029,0.2771017398498694,691,"all","RF#691","RF",691
291,379,197,284,0.6579861111111112,0.5963114754098361,0.6579861111111112,0.6579861111111112,0.6117836965294593,0.5821025195482189,0.16409461991535707,691,"all","NB#691","NB",691
350,432,144,225,0.75,0.708502024291498,0.75,0.75,0.7007299270072993,0.6794092093831451,0.35873951977823376,691,"all","MLP#691","MLP",691
347,345,231,228,0.6034782608695652,0.6020942408376964,0.6034782608695652,0.6034782608695652,0.6019080659150043,0.6012163336229366,0.20243567737464965,692,"all","DT#692","DT",692
331,417,159,244,0.7239583333333334,0.6755102040816326,0.7239583333333334,0.7239583333333334,0.6742118027485852,0.6498696785403997,0.2996489585771121,692,"all","RF#692","RF",692
134,509,67,441,0.8836805555555556,0.6666666666666666,0.8836805555555556,0.8836805555555556,0.6671035386631716,0.5586446568201564,0.11678997501608705,692,"all","NB#692","NB",692
367,417,159,208,0.7239583333333334,0.6977186311787072,0.7239583333333334,0.7239583333333334,0.6944213155703581,0.6811468288444831,0.36224599947761854,692,"all","MLP#692","MLP",692
347,354,222,228,0.6145833333333334,0.6098418277680141,0.6145833333333334,0.6145833333333334,0.61139896373057,0.6090356211989574,0.21806356941638952,693,"all","DT#693","DT",693
345,386,190,230,0.6701388888888888,0.6448598130841121,0.6701388888888888,0.6701388888888888,0.6476510067114094,0.6350999131190269,0.2701552026088533,693,"all","RF#693","RF",693
523,94,482,52,0.9095652173913044,0.6438356164383562,0.9095652173913044,0.9095652173913044,0.6620253164556963,0.5360556038227628,0.07271246020849997,693,"all","NB#693","NB",693
368,414,162,207,0.71875,0.6943396226415094,0.71875,0.71875,0.6917293233082707,0.6794092093831451,0.358774373259053,693,"all","MLP#693","MLP",693
354,340,236,221,0.6156521739130435,0.6060606060606061,0.6156521739130435,0.6156521739130435,0.607725321888412,0.6029539530842746,0.20592528852758477,694,"all","DT#694","DT",694
360,394,182,215,0.6840277777777778,0.6642066420664207,0.6840277777777778,0.6840277777777778,0.6649789029535865,0.6550825369244135,0.31013018462574377,694,"all","RF#694","RF",694
156,489,87,419,0.8489583333333334,0.6419753086419753,0.8489583333333334,0.8489583333333334,0.6590296495956873,0.5603822762814944,0.12032298797102421,694,"all","NB#694","NB",694
346,445,131,229,0.7725694444444444,0.7253668763102725,0.7725694444444444,0.7725694444444444,0.712,0.687228496959166,0.3743639608516961,694,"all","MLP#694","MLP",694
352,344,232,223,0.6121739130434782,0.6067019400352733,0.6121739130434782,0.6121739130434782,0.6074201898188093,0.6046915725456126,0.2093932902481699,695,"all","DT#695","DT",695
343,388,188,232,0.6736111111111112,0.6459510357815442,0.6736111111111112,0.6736111111111112,0.6488294314381271,0.6350999131190269,0.2701507950407334,695,"all","RF#695","RF",695
435,193,383,140,0.7565217391304347,0.5795795795795796,0.7565217391304347,0.7565217391304347,0.6245513280689161,0.5456125108601216,0.09155759586987257,695,"all","NB#695","NB",695
373,415,161,202,0.7204861111111112,0.6985018726591761,0.7204861111111112,0.7204861111111112,0.6957250628667226,0.684622067767159,0.36920461562385337,695,"all","MLP#695","MLP",695
342,324,252,233,0.5947826086956521,0.5816876122082585,0.5947826086956521,0.5947826086956521,0.5851154833190761,0.578627280625543,0.15727809739756868,696,"all","DT#696","DT",696
334,400,176,241,0.6944444444444444,0.6549019607843137,0.6944444444444444,0.6944444444444444,0.657354149548069,0.6377063423110338,0.2753410283315843,696,"all","RF#696","RF",696
229,438,138,346,0.7604166666666666,0.6239782016348774,0.7604166666666666,0.7604166666666666,0.6441176470588236,0.579496090356212,0.15872737816222468,696,"all","NB#696","NB",696
372,429,147,203,0.7447916666666666,0.7167630057803468,0.7447916666666666,0.7447916666666666,0.7102649006622517,0.6959165942658557,0.3917813100141316,696,"all","MLP#696","MLP",696
358,346,230,217,0.6226086956521739,0.6145648312611013,0.6226086956521739,0.6226086956521739,0.6156491831470335,0.6116420503909644,0.22329875772365598,697,"all","DT#697","DT",697
341,394,182,234,0.6840277777777778,0.6520076481835564,0.6840277777777778,0.6840277777777778,0.6544850498338871,0.6385751520417029,0.2770930085091221,697,"all","RF#697","RF",697
554,20,556,21,0.9634782608695652,0.4990990990990991,0.9634782608695652,0.9634782608695652,0.657566765578635,0.49869678540399653,-0.0017980646669733548,697,"all","NB#697","NB",697
349,443,133,226,0.7690972222222222,0.7240663900414938,0.7690972222222222,0.7690972222222222,0.7116465863453815,0.6880973066898349,0.376106548775719,697,"all","MLP#697","MLP",697
360,363,213,215,0.6302083333333334,0.6282722513089005,0.6302083333333334,0.6302083333333334,0.6291161178509531,0.6281494352736751,0.2562960636958445,698,"all","DT#698","DT",698
334,394,182,241,0.6840277777777778,0.6472868217054264,0.6840277777777778,0.6840277777777778,0.6507018992568127,0.63249348392702,0.2649209395160499,698,"all","RF#698","RF",698
143,500,76,432,0.8680555555555556,0.6529680365296804,0.8680555555555556,0.8680555555555556,0.6631299734748011,0.5586446568201564,0.11681398819413814,698,"all","NB#698","NB",698
378,396,180,197,0.6875,0.6774193548387096,0.6875,0.6875,0.677502138579983,0.6724587315377932,0.34490015595207,698,"all","MLP#698","MLP",698
343,352,224,232,0.6111111111111112,0.6049382716049383,0.6111111111111112,0.6111111111111112,0.606896551724138,0.6038227628149435,0.20763535791495058,699,"all","DT#699","DT",699
326,398,178,249,0.6909722222222222,0.6468253968253969,0.6909722222222222,0.6909722222222222,0.6508585445625511,0.629018245004344,0.25795639327282954,699,"all","RF#699","RF",699
530,74,502,45,0.9217391304347826,0.6218487394957983,0.9217391304347826,0.9217391304347826,0.6596141879278159,0.5247610773240661,0.0501767349518827,699,"all","NB#699","NB",699
376,438,138,199,0.7604166666666666,0.7315175097276264,0.7604166666666666,0.7604166666666666,0.7221764220939818,0.7072111207645526,0.4143678690217548,699,"all","MLP#699","MLP",699
350,354,222,225,0.6145833333333334,0.6118881118881119,0.6145833333333334,0.6145833333333334,0.6129870129870129,0.6116420503909644,0.22327999673911594,700,"all","DT#700","DT",700
347,405,171,228,0.703125,0.6698841698841699,0.703125,0.703125,0.6699751861042184,0.6533449174630755,0.30662964657284814,700,"all","RF#700","RF",700
307,344,232,268,0.5972222222222222,0.5695732838589982,0.5972222222222222,0.5972222222222222,0.5791245791245792,0.5655951346655083,0.13114239300445077,700,"all","NB#700","NB",700
338,474,102,237,0.8229166666666666,0.7681818181818182,0.8229166666666666,0.8229166666666666,0.7365967365967365,0.7054735013032146,0.41082648184639087,700,"all","MLP#700","MLP",700
356,348,228,219,0.6191304347826087,0.6137566137566137,0.6191304347826087,0.6191304347826087,0.6143226919758411,0.6116420503909644,0.2232940675624878,701,"all","DT#701","DT",701
329,383,193,246,0.6649305555555556,0.6302681992337165,0.6649305555555556,0.6649305555555556,0.6356846473029044,0.6185925282363163,0.23712344133815053,701,"all","RF#701","RF",701
520,83,493,55,0.9043478260869565,0.6014492753623188,0.9043478260869565,0.9043478260869565,0.6549118387909321,0.523892267593397,0.04841303606612775,701,"all","NB#701","NB",701
366,415,161,209,0.7204861111111112,0.6944971537001897,0.7204861111111112,0.7204861111111112,0.6916666666666667,0.6785403996524761,0.3570337222504047,701,"all","MLP#701","MLP",701
370,335,241,205,0.6434782608695652,0.6203703703703703,0.6434782608695652,0.6434782608695652,0.6239460370994941,0.6125108601216334,0.22506325139334227,702,"all","DT#702","DT",702
368,402,174,207,0.6979166666666666,0.6789667896678967,0.6979166666666666,0.6979166666666666,0.6784810126582278,0.6689834926151172,0.3379335021219354,702,"all","RF#702","RF",702
546,43,533,29,0.9495652173913044,0.5972222222222222,0.9495652173913044,0.9495652173913044,0.660217654171705,0.5117289313640313,0.024199582443310243,702,"all","NB#702","NB",702
325,473,103,250,0.8211805555555556,0.7593457943925234,0.8211805555555556,0.8211805555555556,0.7282525019245573,0.6933101650738488,0.3864837154380576,702,"all","MLP#702","MLP",702
346,343,233,229,0.6017391304347826,0.5996503496503497,0.6017391304347826,0.6017391304347826,0.5996533795493935,0.5986099044309297,0.19722405057940473,703,"all","DT#703","DT",703
331,393,183,244,0.6822916666666666,0.6439688715953308,0.6822916666666666,0.6822916666666666,0.6479802143446002,0.629018245004344,0.25796759665367724,703,"all","RF#703","RF",703
143,502,74,432,0.8715277777777778,0.6589861751152074,0.8715277777777778,0.8715277777777778,0.6649006622516556,0.5603822762814944,0.12028844091462476,703,"all","NB#703","NB",703
328,442,134,247,0.7673611111111112,0.70995670995671,0.7673611111111112,0.7673611111111112,0.6988142292490119,0.6689834926151172,0.3378535287571702,703,"all","MLP#703","MLP",703
340,338,238,235,0.591304347826087,0.5898778359511344,0.591304347826087,0.591304347826087,0.5897658282740676,0.5890529973935708,0.17810909672812467,704,"all","DT#704","DT",704
339,406,170,236,0.7048611111111112,0.6660117878192534,0.7048611111111112,0.7048611111111112,0.6666666666666667,0.6472632493483927,0.29445566738231765,704,"all","RF#704","RF",704
372,220,356,203,0.6469565217391304,0.5200945626477541,0.6469565217391304,0.6469565217391304,0.5709900230237912,0.5143353605560382,0.028894292230206505,704,"all","NB#704","NB",704
327,442,134,248,0.7673611111111112,0.7093275488069414,0.7673611111111112,0.7673611111111112,0.69826224328594,0.6681146828844483,0.33611460909637225,704,"all","MLP#704","MLP",704
344,346,230,231,0.6006944444444444,0.5996533795493935,0.6006944444444444,0.6006944444444444,0.6001734605377277,0.5994787141615986,0.19895561436535988,705,"all","DT#705","DT",705
338,384,192,237,0.6666666666666666,0.6377358490566037,0.6666666666666666,0.6666666666666666,0.6416040100250626,0.6272806255430061,0.25451004370767955,705,"all","RF#705","RF",705
418,205,371,157,0.7269565217391304,0.5662983425414365,0.7269565217391304,0.7269565217391304,0.6129032258064515,0.5412684622067767,0.08283253900460903,705,"all","NB#705","NB",705
315,440,136,260,0.7638888888888888,0.6984478935698448,0.7638888888888888,0.7638888888888888,0.689655172413793,0.6559513466550826,0.3117733392120507,705,"all","MLP#705","MLP",705
334,357,219,241,0.6197916666666666,0.6039783001808319,0.6197916666666666,0.6197916666666666,0.6081771720613288,0.6003475238922676,0.20066789657869089,706,"all","DT#706","DT",706
325,412,164,250,0.7152777777777778,0.6646216768916156,0.7152777777777778,0.7152777777777778,0.6655896607431342,0.6403127715030409,0.28053159075604645,706,"all","RF#706","RF",706
539,54,522,36,0.9373913043478261,0.6,0.9373913043478261,0.9373913043478261,0.6589242053789731,0.5152041702867072,0.031118472859586653,706,"all","NB#706","NB",706
352,439,137,223,0.7621527777777778,0.7198364008179959,0.7621527777777778,0.7621527777777778,0.7092084006462036,0.687228496959166,0.3743752963096056,706,"all","MLP#706","MLP",706
336,343,233,239,0.5954861111111112,0.5905096660808435,0.5954861111111112,0.5954861111111112,0.5924006908462867,0.5899218071242398,0.17983556614341314,707,"all","DT#707","DT",707
344,396,180,231,0.6875,0.6564885496183206,0.6875,0.6875,0.6583541147132169,0.6429192006950478,0.28578287277553077,707,"all","RF#707","RF",707
242,428,148,333,0.7430555555555556,0.6205128205128205,0.7430555555555556,0.7430555555555556,0.6402393418100224,0.5821025195482189,0.163970915790189,707,"all","NB#707","NB",707
367,437,139,208,0.7586805555555556,0.7252964426877471,0.7586805555555556,0.7586805555555556,0.7158067158067158,0.6985230234578628,0.3969827774934286,707,"all","MLP#707","MLP",707
348,340,236,227,0.6052173913043478,0.599647266313933,0.6052173913043478,0.6052173913043478,0.6005176876617775,0.5977410947002606,0.19549251293385184,708,"all","DT#708","DT",708
349,408,168,226,0.7083333333333334,0.6750483558994197,0.7083333333333334,0.7083333333333334,0.6743801652892562,0.6576889661164205,0.31531746439150765,708,"all","RF#708","RF",708
557,15,561,18,0.9686956521739131,0.49821109123434704,0.9686956521739131,0.9686956521739131,0.6580035440047254,0.49695916594265854,-0.005258370629149193,708,"all","NB#708","NB",708
348,434,142,227,0.7534722222222222,0.710204081632653,0.7534722222222222,0.7534722222222222,0.7016976556184317,0.6794092093831451,0.3587356469353706,708,"all","MLP#708","MLP",708
353,344,232,222,0.6139130434782609,0.607773851590106,0.6139130434782609,0.6139130434782609,0.6086206896551725,0.6055603822762815,0.21113207832007375,709,"all","DT#709","DT",709
342,413,163,233,0.7170138888888888,0.6772277227722773,0.7170138888888888,0.7170138888888888,0.6759410801963994,0.6559513466550826,0.311829450575997,709,"all","RF#709","RF",709
105,520,56,470,0.9027777777777778,0.6521739130434783,0.9027777777777778,0.9027777777777778,0.6641123882503193,0.5430060816681147,0.08543987335079607,709,"all","NB#709","NB",709
346,443,133,229,0.7690972222222222,0.7223382045929019,0.7690972222222222,0.7690972222222222,0.7099358974358976,0.685490877497828,0.37089010484611296,709,"all","MLP#709","MLP",709
362,358,218,213,0.6295652173913043,0.626970227670753,0.6295652173913043,0.6295652173913043,0.6268398268398269,0.6255430060816681,0.2510910998558284,710,"all","DT#710","DT",710
349,398,178,226,0.6909722222222222,0.6622390891840607,0.6909722222222222,0.6909722222222222,0.6633333333333332,0.6490008688097306,0.29795033456530656,710,"all","RF#710","RF",710
226,431,145,349,0.7482638888888888,0.6091644204851752,0.7482638888888888,0.7482638888888888,0.6356932153392331,0.5708079930495221,0.14135089912956272,710,"all","NB#710","NB",710
312,461,115,263,0.8003472222222222,0.7306791569086651,0.8003472222222222,0.8003472222222222,0.7092307692307692,0.6715899218071243,0.34303256162306806,710,"all","MLP#710","MLP",710
355,351,225,220,0.6173913043478261,0.6147110332749562,0.6173913043478261,0.6173913043478261,0.6147186147186148,0.6133796698523023,0.2267645926585698,711,"all","DT#711","DT",711
361,398,178,214,0.6909722222222222,0.6697588126159555,0.6909722222222222,0.6909722222222222,0.6700336700336701,0.6594265855777585,0.31881563611548935,711,"all","RF#711","RF",711
426,209,367,149,0.7408695652173913,0.5837988826815642,0.7408695652173913,0.7408695652173913,0.6228070175438597,0.5516941789748045,0.10368266482347299,711,"all","NB#711","NB",711
366,425,151,209,0.7378472222222222,0.7079303675048356,0.7378472222222222,0.7378472222222222,0.7024793388429753,0.687228496959166,0.37440174411406807,711,"all","MLP#711","MLP",711
346,341,235,229,0.6017391304347826,0.5982456140350877,0.6017391304347826,0.6017391304347826,0.5986159169550173,0.5968722849695917,0.19375126433033518,712,"all","DT#712","DT",712
359,404,172,216,0.7013888888888888,0.6760828625235404,0.7013888888888888,0.7013888888888888,0.6755852842809364,0.6629018245004344,0.3257583535138205,712,"all","RF#712","RF",712
135,500,76,440,0.8680555555555556,0.6398104265402843,0.8680555555555556,0.8680555555555556,0.6596306068601583,0.5516941789748045,0.10289470663226781,712,"all","NB#712","NB",712
352,437,139,223,0.7586805555555556,0.7169042769857433,0.7586805555555556,0.7586805555555556,0.7071197411003237,0.685490877497828,0.37090150320994814,712,"all","MLP#712","MLP",712
361,322,254,214,0.6278260869565218,0.6007462686567164,0.6278260869565218,0.6278260869565218,0.6067226890756303,0.5933970460469157,0.18684258196968775,713,"all","DT#713","DT",713
339,392,184,236,0.6805555555555556,0.6481835564053537,0.6805555555555556,0.6805555555555556,0.6511627906976744,0.6350999131190269,0.27014197974478665,713,"all","RF#713","RF",713
13,559,17,562,0.9704861111111112,0.49866190900981266,0.9704861111111112,0.9704861111111112,0.6588096641131409,0.49695916594265854,-0.006910879271139602,713,"all","NB#713","NB",713
345,441,135,230,0.765625,0.71875,0.765625,0.765625,0.7072975140336809,0.6828844483058211,0.36567744468183094,713,"all","MLP#713","MLP",713
373,337,239,202,0.648695652173913,0.6252319109461967,0.648695652173913,0.648695652173913,0.6284751474304969,0.6168549087749783,0.2337520398166165,714,"all","DT#714","DT",714
356,388,188,219,0.6736111111111112,0.6544117647058824,0.6736111111111112,0.6736111111111112,0.6559594251901945,0.6463944396177237,0.29275524669783765,714,"all","RF#714","RF",714
374,264,312,201,0.6504347826086957,0.567741935483871,0.6504347826086957,0.6504347826086957,0.5931800158604283,0.5543006081668115,0.108749892454616,714,"all","NB#714","NB",714
309,446,130,266,0.7743055555555556,0.7038724373576309,0.7743055555555556,0.7743055555555556,0.6925465838509317,0.6559513466550826,0.3117608687774061,714,"all","MLP#714","MLP",714
340,325,251,235,0.591304347826087,0.5803571428571429,0.591304347826087,0.591304347826087,0.5831903945111493,0.577758470894874,0.1555367020120286,715,"all","DT#715","DT",715
356,404,172,219,0.7013888888888888,0.6742424242424242,0.7013888888888888,0.7013888888888888,0.6738949124270224,0.6602953953084274,0.3205420674474184,715,"all","RF#715","RF",715
520,81,495,55,0.9043478260869565,0.5955882352941176,0.9043478260869565,0.9043478260869565,0.6540880503144655,0.522154648132059,0.04494297266308598,715,"all","NB#715","NB",715
348,457,119,227,0.7934027777777778,0.7451820128479657,0.7934027777777778,0.7934027777777778,0.7253968253968254,0.6993918331885317,0.39868517209931575,715,"all","MLP#715","MLP",715
347,343,233,228,0.6034782608695652,0.6007005253940455,0.6034782608695652,0.6034782608695652,0.600865800865801,0.5994787141615986,0.19896287014741731,716,"all","DT#716","DT",716
341,382,194,234,0.6631944444444444,0.6373831775700934,0.6631944444444444,0.6631944444444444,0.6409395973154361,0.6281494352736751,0.25625339694426,716,"all","RF#716","RF",716
433,170,406,142,0.7530434782608696,0.5448717948717948,0.7530434782608696,0.7530434782608696,0.6124469589816125,0.523892267593397,0.04816317168278341,716,"all","NB#716","NB",716
328,464,112,247,0.8055555555555556,0.7454545454545455,0.8055555555555556,0.8055555555555556,0.7210567210567209,0.6880973066898349,0.37606698225030766,716,"all","MLP#716","MLP",716
351,351,225,224,0.6104347826086957,0.6104347826086957,0.6104347826086957,0.6104347826086957,0.6099044309296264,0.6099044309296264,0.21980945077075675,717,"all","DT#717","DT",717
337,392,184,238,0.6805555555555556,0.6468330134357005,0.6805555555555556,0.6805555555555556,0.6500829187396352,0.6333622936576889,0.2666642510108008,717,"all","RF#717","RF",717
469,140,436,106,0.8156521739130435,0.5691056910569106,0.8156521739130435,0.8156521739130435,0.6337837837837837,0.529105125977411,0.05867849652196223,717,"all","NB#717","NB",717
359,437,139,216,0.7586805555555556,0.7208835341365462,0.7586805555555556,0.7586805555555556,0.7111472742066721,0.6915725456125109,0.3830729115552383,717,"all","MLP#717","MLP",717
331,360,216,244,0.625,0.6051188299817185,0.625,0.625,0.6101694915254238,0.6003475238922676,0.20066065594560165,718,"all","DT#718","DT",718
326,401,175,249,0.6961805555555556,0.6506986027944112,0.6961805555555556,0.6961805555555556,0.6541598694942904,0.631624674196351,0.26316647693129974,718,"all","RF#718","RF",718
495,105,471,80,0.8608695652173913,0.5675675675675675,0.8608695652173913,0.8608695652173913,0.6424399740428293,0.5212858384013901,0.043135769797719097,718,"all","NB#718","NB",718
366,433,143,209,0.7517361111111112,0.7190569744597249,0.7517361111111112,0.7517361111111112,0.7110016420361248,0.6941789748045178,0.3882965392083148,718,"all","MLP#718","MLP",718
371,349,227,204,0.6452173913043479,0.6311030741410488,0.6452173913043479,0.6452173913043479,0.6325660699062233,0.6255430060816681,0.2511114499345585,719,"all","DT#719","DT",719
344,379,197,231,0.6579861111111112,0.6358595194085028,0.6579861111111112,0.6579861111111112,0.6391231028667792,0.6281494352736751,0.25626013412524196,719,"all","RF#719","RF",719
473,152,424,102,0.8226086956521739,0.5984251968503937,0.8226086956521739,0.8226086956521739,0.6426630434782609,0.5430060816681147,0.08645555753392829,719,"all","NB#719","NB",719
308,461,115,267,0.8003472222222222,0.7281323877068558,0.8003472222222222,0.8003472222222222,0.7070552147239263,0.6681146828844483,0.33607651514236364,719,"all","MLP#719","MLP",719
349,368,208,226,0.6388888888888888,0.6265709156193896,0.6388888888888888,0.6388888888888888,0.629059829059829,0.6229365768896612,0.24585209139137237,720,"all","DT#720","DT",720
347,431,145,228,0.7482638888888888,0.7052845528455285,0.7482638888888888,0.7482638888888888,0.6979757085020243,0.6759339704604691,0.3517862292527595,720,"all","RF#720","RF",720
207,441,135,368,0.765625,0.6052631578947368,0.765625,0.765625,0.6368231046931407,0.5629887054735013,0.12566920429438502,720,"all","NB#720","NB",720
366,458,118,209,0.7951388888888888,0.756198347107438,0.7951388888888888,0.7951388888888888,0.736926790024135,0.7158992180712423,0.431719937370623,720,"all","MLP#720","MLP",720
330,331,245,245,0.5746527777777778,0.5746527777777778,0.5746527777777778,0.5746527777777778,0.5746527777777778,0.5742832319721981,0.14856582125603857,721,"all","DT#721","DT",721
336,391,185,239,0.6788194444444444,0.6449136276391555,0.6788194444444444,0.6788194444444444,0.648424543946932,0.631624674196351,0.26318872613407496,721,"all","RF#721","RF",721
177,468,108,398,0.8125,0.6210526315789474,0.8125,0.8125,0.6490984743411927,0.5603822762814944,0.12037878902297207,721,"all","NB#721","NB",721
369,430,146,206,0.7465277777777778,0.7165048543689321,0.7465277777777778,0.7465277777777778,0.7095709570957096,0.6941789748045178,0.388302080502461,721,"all","MLP#721","MLP",721
329,344,232,246,0.5972222222222222,0.5864527629233511,0.5972222222222222,0.5972222222222222,0.5900514579759862,0.5847089487402259,0.16939971557369884,722,"all","DT#722","DT",722
338,409,167,237,0.7100694444444444,0.6693069306930693,0.7100694444444444,0.7100694444444444,0.6693944353518821,0.6490008688097306,0.2979270152340977,722,"all","RF#722","RF",722
332,288,288,243,0.577391304347826,0.5423728813559322,0.577391304347826,0.577391304347826,0.5556485355648535,0.5386620330147698,0.0773860471435366,722,"all","NB#722","NB",722
325,440,136,250,0.7638888888888888,0.7049891540130152,0.7638888888888888,0.7638888888888888,0.6951026856240126,0.6646394439617723,0.3291629296104703,722,"all","MLP#722","MLP",722
340,340,236,235,0.591304347826087,0.591304347826087,0.591304347826087,0.591304347826087,0.5907906168549089,0.5907906168549087,0.18158185147667347,723,"all","DT#723","DT",723
321,394,182,254,0.6840277777777778,0.6381709741550696,0.6840277777777778,0.6840277777777778,0.6437908496732025,0.6211989574283232,0.24231498592842216,723,"all","RF#723","RF",723
210,438,138,365,0.7604166666666666,0.603448275862069,0.7604166666666666,0.7604166666666666,0.6352429296591734,0.5629887054735013,0.12567712667233485,723,"all","NB#723","NB",723
332,429,147,243,0.7447916666666666,0.6931106471816284,0.7447916666666666,0.7447916666666666,0.6874999999999999,0.6611642050390965,0.32222967096680677,723,"all","MLP#723","MLP",723
362,326,250,213,0.6295652173913043,0.6048237476808905,0.6295652173913043,0.6295652173913043,0.6099410278011794,0.5977410947002606,0.19552651799340906,724,"all","DT#724","DT",724
355,385,191,220,0.6684027777777778,0.6501831501831502,0.6684027777777778,0.6684027777777778,0.6519898391193903,0.6429192006950478,0.28580659479355247,724,"all","RF#724","RF",724
557,16,560,18,0.9686956521739131,0.4986571172784244,0.9686956521739131,0.9686956521739131,0.6583924349881797,0.49782797567332754,-0.0035236868383660257,724,"all","NB#724","NB",724
376,427,149,199,0.7413194444444444,0.7161904761904762,0.7413194444444444,0.7413194444444444,0.7104825291181365,0.6976542137271937,0.3952623235449535,724,"all","MLP#724","MLP",724
337,327,249,238,0.5860869565217391,0.5787610619469027,0.5860869565217391,0.5860869565217391,0.5805340223944875,0.576889661164205,0.15379273592980783,725,"all","DT#725","DT",725
351,398,178,224,0.6909722222222222,0.6635160680529301,0.6909722222222222,0.6909722222222222,0.664440734557596,0.6507384882710686,0.30142793732656553,725,"all","RF#725","RF",725
435,191,385,140,0.7565217391304347,0.5770392749244713,0.7565217391304347,0.7565217391304347,0.6236559139784946,0.5438748913987836,0.08808638109394919,725,"all","NB#725","NB",725
351,464,112,224,0.8055555555555556,0.7580993520518359,0.8055555555555556,0.8055555555555556,0.7341772151898734,0.7080799304952216,0.41606068658952,725,"all","MLP#725","MLP",725
349,332,244,226,0.6069565217391304,0.5949820788530465,0.6069565217391304,0.6069565217391304,0.5976027397260273,0.5916594265855778,0.1833404285511565,726,"all","DT#726","DT",726
367,389,187,208,0.6753472222222222,0.6624548736462094,0.6753472222222222,0.6753472222222222,0.6632566069906224,0.6568201563857515,0.31361803438816743,726,"all","RF#726","RF",726
289,386,190,286,0.6701388888888888,0.6033402922755741,0.6701388888888888,0.6701388888888888,0.6185897435897435,0.5864465682015638,0.1727726240517948,726,"all","NB#726","NB",726
386,424,152,189,0.7361111111111112,0.7174721189591078,0.7361111111111112,0.7361111111111112,0.7132043734230447,0.7037358818418766,0.40743821741250646,726,"all","MLP#726","MLP",726
337,323,253,238,0.5860869565217391,0.5757575757575758,0.5860869565217391,0.5860869565217391,0.5785407725321889,0.573414422241529,0.14684752005917734,727,"all","DT#727","DT",727
334,397,179,241,0.6892361111111112,0.6510721247563352,0.6892361111111112,0.6892361111111112,0.6540362438220758,0.6350999131190269,0.2701309603253927,727,"all","RF#727","RF",727
514,83,493,61,0.8939130434782608,0.5763888888888888,0.8939130434782608,0.8939130434782608,0.6498103666245258,0.5186794092093832,0.037985492553165856,727,"all","NB#727","NB",727
322,443,133,253,0.7690972222222222,0.7076923076923077,0.7690972222222222,0.7690972222222222,0.6965408805031447,0.6646394439617723,0.3291568520867307,727,"all","MLP#727","MLP",727
363,356,220,212,0.6313043478260869,0.6267605633802817,0.6313043478260869,0.6313043478260869,0.6269430051813472,0.6246741963509991,0.2493568918249779,728,"all","DT#728","DT",728
340,412,164,235,0.7152777777777778,0.6746031746031746,0.7152777777777778,0.7152777777777778,0.6737530662305805,0.6533449174630755,0.30661499043526697,728,"all","RF#728","RF",728
465,147,429,110,0.808695652173913,0.5719844357976653,0.808695652173913,0.808695652173913,0.6330837304288631,0.5317115551694179,0.06387322530363548,728,"all","NB#728","NB",728
363,448,128,212,0.7777777777777778,0.7393075356415478,0.7777777777777778,0.7777777777777778,0.7249190938511326,0.7046046915725456,0.40913400853973014,728,"all","MLP#728","MLP",728
358,355,221,217,0.6226086956521739,0.6206293706293706,0.6226086956521739,0.6226086956521739,0.6204506065857885,0.6194613379669852,0.23892669730255245,729,"all","DT#729","DT",729
359,407,169,216,0.7065972222222222,0.6799242424242424,0.7065972222222222,0.7065972222222222,0.6788990825688074,0.6655082536924414,0.33096853188556563,729,"all","RF#729","RF",729
555,29,547,20,0.9652173913043478,0.5918367346938775,0.9652173913043478,0.9652173913043478,0.6618962432915921,0.5073848827106864,0.015552240291917622,729,"all","NB#729","NB",729
339,438,138,236,0.7604166666666666,0.710691823899371,0.7604166666666666,0.7604166666666666,0.7008,0.6750651607298002,0.35003367044037303,729,"all","MLP#729","MLP",729
372,344,232,203,0.6469565217391304,0.6288848263254113,0.6469565217391304,0.6469565217391304,0.6310432569974554,0.6220677671589921,0.2441680542367559,730,"all","DT#730","DT",730
344,376,200,231,0.6527777777777778,0.6323529411764706,0.6527777777777778,0.6527777777777778,0.6356720202874049,0.6255430060816681,0.2510503963802655,730,"all","RF#730","RF",730
515,94,482,60,0.8956521739130435,0.6103896103896104,0.8956521739130435,0.8956521739130435,0.6552162849872774,0.529105125977411,0.058809152381785794,730,"all","NB#730","NB",730
332,458,118,243,0.7951388888888888,0.7377777777777778,0.7951388888888888,0.7951388888888888,0.7173061863743149,0.6863596872284969,0.37260050583216936,730,"all","MLP#730","MLP",730
355,338,238,220,0.6173913043478261,0.6057347670250897,0.6173913043478261,0.6173913043478261,0.6078767123287672,0.6020851433536055,0.204191311226446,731,"all","DT#731","DT",731
345,397,179,230,0.6892361111111112,0.6583969465648855,0.6892361111111112,0.6892361111111112,0.6600166251039069,0.6446568201563857,0.28925838191044284,731,"all","RF#731","RF",731
550,36,540,25,0.9565217391304348,0.5901639344262295,0.9565217391304348,0.9565217391304348,0.6606606606606606,0.5091225021720244,0.019006961676836423,731,"all","NB#731","NB",731
353,435,141,222,0.7552083333333334,0.7145748987854251,0.7552083333333334,0.7552083333333334,0.705596107055961,0.684622067767159,0.36916651945663637,731,"all","MLP#731","MLP",731
333,359,217,242,0.6232638888888888,0.6054545454545455,0.6232638888888888,0.6232638888888888,0.6100254885301615,0.6012163336229366,0.20240196263445936,732,"all","DT#732","DT",732
337,404,172,238,0.7013888888888888,0.6620825147347741,0.7013888888888888,0.7013888888888888,0.6633825944170773,0.6437880104257168,0.287504491691503,732,"all","RF#732","RF",732
544,58,518,31,0.9460869565217391,0.651685393258427,0.9460869565217391,0.9460869565217391,0.6646304215027489,0.5230234578627281,0.04674703229962278,732,"all","NB#732","NB",732
314,473,103,261,0.8211805555555556,0.7529976019184652,0.8211805555555556,0.8211805555555556,0.7221374045801527,0.68375325803649,0.36735513603788345,732,"all","MLP#732","MLP",732
347,357,219,228,0.6197916666666666,0.6130742049469965,0.6197916666666666,0.6197916666666666,0.6149870801033592,0.6116420503909644,0.22327296113624734,733,"all","DT#733","DT",733
344,371,205,231,0.6440972222222222,0.6265938069216758,0.6440972222222222,0.6440972222222222,0.6298811544991512,0.6211989574283232,0.24236760500865073,733,"all","RF#733","RF",733
381,242,334,194,0.662608695652174,0.555045871559633,0.662608695652174,0.662608695652174,0.5906976744186047,0.5412684622067767,0.08273009931475832,733,"all","NB#733","NB",733
357,430,146,218,0.7465277777777778,0.709741550695825,0.7465277777777778,0.7465277777777778,0.7026143790849673,0.68375325803649,0.3674372818301506,733,"all","MLP#733","MLP",733
358,332,244,217,0.6226086956521739,0.604735883424408,0.6226086956521739,0.6226086956521739,0.6083262531860663,0.5994787141615986,0.19898947355708624,734,"all","DT#734","DT",734
358,394,182,217,0.6840277777777778,0.662962962962963,0.6840277777777778,0.6840277777777778,0.6638584667228307,0.6533449174630755,0.3066526763944349,734,"all","RF#734","RF",734
290,386,190,285,0.6701388888888888,0.6041666666666666,0.6701388888888888,0.6701388888888888,0.6190858059342421,0.5873153779322329,0.174511743079095,734,"all","NB#734","NB",734
386,403,173,189,0.6996527777777778,0.6905187835420393,0.6996527777777778,0.6996527777777778,0.6900684931506849,0.685490877497828,0.3709660861373464,734,"all","MLP#734","MLP",734
349,359,217,226,0.6232638888888888,0.6166077738515902,0.6232638888888888,0.6232638888888888,0.6184323858742463,0.6151172893136403,0.23022353866522935,735,"all","DT#735","DT",735
346,389,187,229,0.6753472222222222,0.649155722326454,0.6753472222222222,0.6753472222222222,0.6515912897822446,0.6385751520417029,0.2771039226521007,735,"all","RF#735","RF",735
523,71,505,52,0.9095652173913044,0.5772357723577236,0.9095652173913044,0.9095652173913044,0.6525265127885216,0.5160729800173762,0.03280667055893244,735,"all","NB#735","NB",735
368,419,157,207,0.7274305555555556,0.700952380952381,0.7274305555555556,0.7274305555555556,0.6971713810316139,0.68375325803649,0.3674582924435721,735,"all","MLP#735","MLP",735
344,342,234,231,0.5982608695652174,0.5968586387434555,0.5982608695652174,0.5982608695652174,0.5967042497831744,0.5960034752389227,0.1920099999547105,736,"all","DT#736","DT",736
334,389,187,241,0.6753472222222222,0.6410748560460653,0.6753472222222222,0.6753472222222222,0.6451077943615257,0.6281494352736751,0.2562376763806227,736,"all","RF#736","RF",736
360,281,295,215,0.6260869565217392,0.5665322580645161,0.6260869565217392,0.6260869565217392,0.5853658536585367,0.5569070373588184,0.11392042023910151,736,"all","NB#736","NB",736
360,448,128,215,0.7777777777777778,0.7377049180327869,0.7777777777777778,0.7777777777777778,0.7231638418079096,0.7019982623805386,0.4039177850955665,736,"all","MLP#736","MLP",736
358,341,235,217,0.6226086956521739,0.6111111111111112,0.6226086956521739,0.6226086956521739,0.613013698630137,0.6072980017376195,0.21461675256409093,737,"all","DT#737","DT",737
351,373,203,224,0.6475694444444444,0.6335740072202166,0.6475694444444444,0.6475694444444444,0.6359761295822676,0.629018245004344,0.2580124067942974,737,"all","RF#737","RF",737
417,196,380,158,0.7252173913043478,0.5536723163841808,0.7252173913043478,0.7252173913043478,0.6078717201166182,0.5325803649000869,0.06547322606252125,737,"all","NB#737","NB",737
356,414,162,219,0.71875,0.6872586872586872,0.71875,0.71875,0.684863523573201,0.6689834926151172,0.33790951214099035,737,"all","MLP#737","MLP",737
356,346,230,219,0.6191304347826087,0.6123893805309735,0.6191304347826087,0.6191304347826087,0.6132644272179156,0.6099044309296264,0.21982122881413496,738,"all","DT#738","DT",738
337,404,172,238,0.7013888888888888,0.6620825147347741,0.7013888888888888,0.7013888888888888,0.6633825944170773,0.6437880104257168,0.287504491691503,738,"all","RF#738","RF",738
170,489,87,405,0.8489583333333334,0.6614785992217899,0.8489583333333334,0.8489583333333334,0.6653061224489797,0.5725456125108601,0.14467996411320655,738,"all","NB#738","NB",738
329,425,151,246,0.7378472222222222,0.6854166666666667,0.7378472222222222,0.7378472222222222,0.681635926222935,0.6550825369244135,0.3100656042155804,738,"all","MLP#738","MLP",738
360,350,226,215,0.6260869565217392,0.6194690265486725,0.6260869565217392,0.6260869565217392,0.6201550387596899,0.6168549087749783,0.23372196415820382,739,"all","DT#739","DT",739
347,417,159,228,0.7239583333333334,0.6857707509881423,0.7239583333333334,0.7239583333333334,0.683046683046683,0.6637706342311034,0.3274707057347459,739,"all","RF#739","RF",739
495,122,454,80,0.8608695652173913,0.6039603960396039,0.8608695652173913,0.8608695652173913,0.6496062992125984,0.5360556038227628,0.07263411057162786,739,"all","NB#739","NB",739
342,432,144,233,0.75,0.7037037037037037,0.75,0.75,0.6962127316680097,0.6724587315377932,0.3448289398786975,739,"all","MLP#739","MLP",739
337,370,206,238,0.6423611111111112,0.6206261510128913,0.6423611111111112,0.6423611111111112,0.625,0.6142484795829714,0.22845910430455574,740,"all","DT#740","DT",740
336,401,175,239,0.6961805555555556,0.6575342465753424,0.6961805555555556,0.6961805555555556,0.6595394736842105,0.6403127715030409,0.28055548845299066,740,"all","RF#740","RF",740
147,495,81,428,0.859375,0.6447368421052632,0.859375,0.859375,0.6604402935290192,0.5577758470894874,0.1150874627862118,740,"all","NB#740","NB",740
376,432,144,199,0.75,0.7230769230769231,0.75,0.75,0.7158243579121788,0.7019982623805386,0.4039465837290234,740,"all","MLP#740","MLP",740
346,328,248,229,0.6017391304347826,0.5888689407540395,0.6017391304347826,0.6017391304347826,0.5919589392643285,0.5855777584708949,0.1711786648631758,741,"all","DT#741","DT",741
342,381,195,233,0.6614583333333334,0.6368715083798883,0.6614583333333334,0.6614583333333334,0.6403361344537815,0.6281494352736751,0.2562556426848158,741,"all","RF#741","RF",741
538,41,535,37,0.9356521739130435,0.5256410256410257,0.9356521739130435,0.9356521739130435,0.6529126213592233,0.5030408340573415,0.006827596402463187,741,"all","NB#741","NB",741
347,448,128,228,0.7777777777777778,0.7305263157894737,0.7777777777777778,0.7777777777777778,0.7156549520766773,0.6907037358818419,0.3813136041069002,741,"all","MLP#741","MLP",741
346,338,238,229,0.6017391304347826,0.5961199294532628,0.6017391304347826,0.6017391304347826,0.5970664365832614,0.5942658557775847,0.188542124276693,742,"all","DT#742","DT",742
336,378,198,239,0.65625,0.6292134831460674,0.65625,0.65625,0.633696563285834,0.6203301476976543,0.24061271908436366,742,"all","RF#742","RF",742
425,217,359,150,0.7391304347826086,0.5912806539509536,0.7391304347826086,0.7391304347826086,0.6254598969830758,0.5577758470894874,0.11582999929068256,742,"all","NB#742","NB",742
361,442,134,214,0.7673611111111112,0.7292929292929293,0.7673611111111112,0.7673611111111112,0.7175324675324676,0.6976542137271937,0.3952349317550428,742,"all","MLP#742","MLP",742
333,341,235,242,0.5920138888888888,0.5862676056338029,0.5920138888888888,0.5920138888888888,0.5884383088869715,0.5855777584708949,0.17114613228098724,743,"all","DT#743","DT",743
349,390,186,226,0.6770833333333334,0.6523364485981309,0.6770833333333334,0.6770833333333334,0.6543624161073825,0.6420503909643788,0.28405700827344654,743,"all","RF#743","RF",743
477,161,415,98,0.8295652173913044,0.6216216216216216,0.8295652173913044,0.8295652173913044,0.6503067484662577,0.5543006081668115,0.10902693004706385,743,"all","NB#743","NB",743
350,450,126,225,0.78125,0.7352941176470589,0.78125,0.78125,0.7194244604316546,0.6950477845351868,0.3900039408063704,743,"all","MLP#743","MLP",743
347,334,242,228,0.6034782608695652,0.594306049822064,0.6034782608695652,0.6034782608695652,0.5962199312714777,0.5916594265855778,0.18333549713623204,744,"all","DT#744","DT",744
365,374,202,210,0.6493055555555556,0.6437389770723104,0.6493055555555556,0.6493055555555556,0.6448275862068966,0.6420503909643788,0.284091595309122,744,"all","RF#744","RF",744
484,157,419,91,0.8417391304347827,0.6330645161290323,0.8417391304347827,0.8417391304347827,0.6549391069012178,0.5569070373588184,0.11425200082084956,744,"all","NB#744","NB",744
375,448,128,200,0.7777777777777778,0.7455268389662028,0.7777777777777778,0.7777777777777778,0.7320261437908497,0.7150304083405734,0.4299984297810148,744,"all","MLP#744","MLP",744
340,366,210,235,0.6354166666666666,0.6181818181818182,0.6354166666666666,0.6354166666666666,0.6219201359388276,0.6133796698523023,0.2267295716172862,745,"all","DT#745","DT",745
323,405,171,252,0.703125,0.6538461538461539,0.703125,0.703125,0.656934306569343,0.63249348392702,0.26489652267260944,745,"all","RF#745","RF",745
140,497,79,435,0.8628472222222222,0.639269406392694,0.8628472222222222,0.8628472222222222,0.6591511936339521,0.5534317984361424,0.10638265734603727,745,"all","NB#745","NB",745
378,433,143,197,0.7517361111111112,0.72552783109405,0.7517361111111112,0.7517361111111112,0.7180762852404644,0.7046046915725456,0.4091607709565694,745,"all","MLP#745","MLP",745
348,323,253,227,0.6052173913043478,0.5872727272727273,0.6052173913043478,0.6052173913043478,0.5918367346938775,0.582971329278888,0.16597476548323897,746,"all","DT#746","DT",746
343,388,188,232,0.6736111111111112,0.6459510357815442,0.6736111111111112,0.6736111111111112,0.6488294314381271,0.6350999131190269,0.2701507950407334,746,"all","RF#746","RF",746
413,197,379,162,0.7182608695652174,0.5487465181058496,0.7182608695652174,0.7182608695652174,0.60424286759327,0.5299739357080799,0.06025501911360568,746,"all","NB#746","NB",746
352,429,147,223,0.7447916666666666,0.7054108216432866,0.7447916666666666,0.7447916666666666,0.6986970684039088,0.6785403996524761,0.35700654060550424,746,"all","MLP#746","MLP",746
346,352,224,229,0.6111111111111112,0.6070175438596491,0.6111111111111112,0.6111111111111112,0.6084701815038893,0.6064291920069504,0.2128518482174531,747,"all","DT#747","DT",747
327,390,186,248,0.6770833333333334,0.6374269005847953,0.6770833333333334,0.6770833333333334,0.642504118616145,0.6229365768896612,0.24580199233623923,747,"all","RF#747","RF",747
371,250,326,204,0.6452173913043479,0.5506607929515418,0.6452173913043479,0.6452173913043479,0.5833333333333334,0.5395308427454387,0.07923057649406347,747,"all","NB#747","NB",747
349,423,153,226,0.734375,0.6952191235059761,0.734375,0.734375,0.6906122448979592,0.6707211120764552,0.34136914243266536,747,"all","MLP#747","MLP",747
352,334,242,223,0.6121739130434782,0.599640933572711,0.6121739130434782,0.6121739130434782,0.602224123182207,0.5960034752389227,0.19202951606158652,748,"all","DT#748","DT",748
360,390,186,215,0.6770833333333334,0.6593406593406593,0.6770833333333334,0.6770833333333334,0.6604572396274343,0.6516072980017377,0.30318356329005974,748,"all","RF#748","RF",748
532,80,496,43,0.9252173913043479,0.6504065040650406,0.9252173913043479,0.9252173913043479,0.663755458515284,0.5317115551694179,0.06406246935595078,748,"all","NB#748","NB",748
362,443,133,213,0.7690972222222222,0.7313131313131314,0.7690972222222222,0.7690972222222222,0.7191558441558441,0.6993918331885317,0.3987105930667955,748,"all","MLP#748","MLP",748
354,344,232,221,0.6156521739130435,0.6088495575221239,0.6156521739130435,0.6156521739130435,0.6098191214470284,0.6064291920069504,0.21287086114210044,749,"all","DT#749","DT",749
348,395,181,227,0.6857638888888888,0.6578449905482041,0.6857638888888888,0.6857638888888888,0.6594323873121869,0.6455256298870548,0.2910014886299472,749,"all","RF#749","RF",749
561,17,559,14,0.9756521739130435,0.5483870967741935,0.9756521739130435,0.9756521739130435,0.6619469026548672,0.5021720243266724,0.0051618158369095436,749,"all","NB#749","NB",749
340,467,109,235,0.8107638888888888,0.7572383073496659,0.8107638888888888,0.8107638888888888,0.7308294209702659,0.7011294526498697,0.4021447316367546,749,"all","MLP#749","MLP",749
348,374,202,227,0.6493055555555556,0.6327272727272727,0.6493055555555556,0.6493055555555556,0.6355140186915887,0.6272806255430061,0.25453255331194574,750,"all","DT#750","DT",750
345,399,177,230,0.6927083333333334,0.6609195402298851,0.6927083333333334,0.6927083333333334,0.6622406639004149,0.6463944396177237,0.2927317554091736,750,"all","RF#750","RF",750
162,492,84,413,0.8541666666666666,0.6585365853658537,0.8541666666666666,0.8541666666666666,0.664415935178933,0.5682015638575152,0.1359733321652814,750,"all","NB#750","NB",750
363,446,130,212,0.7743055555555556,0.7363083164300203,0.7743055555555556,0.7743055555555556,0.7228525121555917,0.7028670721112077,0.4056601209690814,750,"all","MLP#750","MLP",750
359,348,228,216,0.6243478260869565,0.6170212765957447,0.6243478260869565,0.6243478260869565,0.6179001721170396,0.6142484795829714,0.22851035307331385,751,"all","DT#751","DT",751
360,382,194,215,0.6631944444444444,0.6498194945848376,0.6631944444444444,0.6631944444444444,0.6513213981244672,0.6446568201563857,0.2892905723158492,751,"all","RF#751","RF",751
129,506,70,446,0.8784722222222222,0.6482412060301508,0.8784722222222222,0.8784722222222222,0.662303664921466,0.5516941789748045,0.10287844549442322,751,"all","NB#751","NB",751
350,436,140,225,0.7569444444444444,0.7142857142857143,0.7569444444444444,0.7569444444444444,0.7049312853678255,0.6828844483058211,0.36568702203634224,751,"all","MLP#751","MLP",751
354,329,247,221,0.6156521739130435,0.5981818181818181,0.6156521739130435,0.6156521739130435,0.6020408163265306,0.5933970460469157,0.18682539634615786,752,"all","DT#752","DT",752
340,373,203,235,0.6475694444444444,0.6261510128913443,0.6475694444444444,0.6475694444444444,0.6300675675675677,0.6194613379669852,0.23888533262476436,752,"all","RF#752","RF",752
478,150,426,97,0.831304347826087,0.6072874493927125,0.831304347826087,0.831304347826087,0.6463826910074375,0.5456125108601216,0.09167548122988435,752,"all","NB#752","NB",752
362,426,150,213,0.7395833333333334,0.70703125,0.7395833333333334,0.7395833333333334,0.7012345679012346,0.684622067767159,0.36918366330131025,752,"all","MLP#752","MLP",752
360,342,234,215,0.6260869565217392,0.6140035906642729,0.6260869565217392,0.6260869565217392,0.6159110350727117,0.6099044309296264,0.2198306509928007,753,"all","DT#753","DT",753
335,398,178,240,0.6909722222222222,0.6530214424951267,0.6909722222222222,0.6909722222222222,0.655683690280066,0.6368375325803649,0.2736065271809861,753,"all","RF#753","RF",753
531,56,520,44,0.9234782608695652,0.56,0.9234782608695652,0.9234782608695652,0.6531365313653137,0.5099913119026933,0.020685618426372385,753,"all","NB#753","NB",753
347,441,135,228,0.765625,0.7199170124481328,0.765625,0.765625,0.7084337349397591,0.684622067767159,0.36915508970915306,753,"all","MLP#753","MLP",753
324,345,231,251,0.5989583333333334,0.5837837837837838,0.5989583333333334,0.5989583333333334,0.5887372013651877,0.58123370981755,0.16244149883752523,754,"all","DT#754","DT",754
341,405,171,234,0.703125,0.666015625,0.703125,0.703125,0.6666666666666667,0.6481320590790617,0.29619664913782556,754,"all","RF#754","RF",754
537,59,517,38,0.9339130434782609,0.6082474226804123,0.9339130434782609,0.9339130434782609,0.6593001841620627,0.5178105994787141,0.036317336949880624,754,"all","NB#754","NB",754
342,472,104,233,0.8194444444444444,0.7668161434977578,0.8194444444444444,0.8194444444444444,0.7369242779078844,0.7072111207645526,0.414307738070971,754,"all","MLP#754","MLP",754
345,358,218,230,0.6215277777777778,0.6127886323268206,0.6215277777777778,0.6215277777777778,0.6151202749140894,0.6107732406602954,0.2215317910348616,755,"all","DT#755","DT",755
335,388,188,240,0.6736111111111112,0.6405353728489483,0.6736111111111112,0.6736111111111112,0.6445182724252491,0.6281494352736751,0.2562399222161159,755,"all","RF#755","RF",755
432,185,391,143,0.7513043478260869,0.5640243902439024,0.7513043478260869,0.7513043478260869,0.6180257510729614,0.5360556038227628,0.07245777547053642,755,"all","NB#755","NB",755
371,423,153,204,0.734375,0.7080152671755725,0.734375,0.734375,0.7032418952618453,0.6898349261511729,0.37962161941816175,755,"all","MLP#755","MLP",755
359,344,232,216,0.6243478260869565,0.6142857142857143,0.6243478260869565,0.6243478260869565,0.6157804459691252,0.6107732406602954,0.22156469650491528,756,"all","DT#756","DT",756
334,394,182,241,0.6840277777777778,0.6472868217054264,0.6840277777777778,0.6840277777777778,0.6507018992568127,0.63249348392702,0.2649209395160499,756,"all","RF#756","RF",756
403,234,342,172,0.7008695652173913,0.5763546798029556,0.7008695652173913,0.7008695652173913,0.6106060606060607,0.5534317984361424,0.10709208083674168,756,"all","NB#756","NB",756
316,454,122,259,0.7881944444444444,0.7214611872146118,0.7881944444444444,0.7881944444444444,0.7044220325833981,0.6689834926151172,0.33782953298009993,756,"all","MLP#756","MLP",756
338,343,233,237,0.5954861111111112,0.5919439579684763,0.5954861111111112,0.5954861111111112,0.5934256055363323,0.5916594265855778,0.1833133050320353,757,"all","DT#757","DT",757
340,382,194,235,0.6631944444444444,0.6367041198501873,0.6631944444444444,0.6631944444444444,0.6404023470243084,0.6272806255430061,0.2545145457372815,757,"all","RF#757","RF",757
12,569,7,563,0.9878472222222222,0.631578947368421,0.9878472222222222,0.9878472222222222,0.6662763466042154,0.5047784535186794,0.008724110213283063,757,"all","NB#757","NB",757
337,439,137,238,0.7621527777777778,0.7109704641350211,0.7621527777777778,0.7621527777777778,0.7007182761372704,0.6741963509991312,0.34829284054482956,757,"all","MLP#757","MLP",757
347,359,217,228,0.6232638888888888,0.6152482269503546,0.6232638888888888,0.6232638888888888,0.6173688736027515,0.6133796698523023,0.22674591516465398,758,"all","DT#758","DT",758
342,399,177,233,0.6927083333333334,0.6589595375722543,0.6927083333333334,0.6927083333333334,0.6605960264900662,0.6437880104257168,0.2875152488736971,758,"all","RF#758","RF",758
127,503,73,448,0.8732638888888888,0.635,0.8732638888888888,0.8732638888888888,0.658808120497708,0.5473501303214596,0.09418677542388888,758,"all","NB#758","NB",758
364,452,124,211,0.7847222222222222,0.7459016393442623,0.7847222222222222,0.7847222222222222,0.7296206618240517,0.7089487402258905,0.41782057727992644,758,"all","MLP#758","MLP",758
365,333,243,210,0.6347826086956522,0.6132596685082873,0.6347826086956522,0.6347826086956522,0.6170752324598477,0.6064291920069504,0.21289700241382892,759,"all","DT#759","DT",759
369,380,196,206,0.6597222222222222,0.6530973451327433,0.6597222222222222,0.6597222222222222,0.6540447504302925,0.6507384882710686,0.30146590377270194,759,"all","RF#759","RF",759
237,438,138,338,0.7604166666666666,0.632,0.7604166666666666,0.7604166666666666,0.6479289940828401,0.5864465682015638,0.17264270613107818,759,"all","NB#759","NB",759
380,408,168,195,0.7083333333333334,0.6934306569343066,0.7083333333333334,0.7083333333333334,0.6921119592875318,0.684622067767159,0.3692179481953521,759,"all","MLP#759","MLP",759
350,351,225,225,0.609375,0.609375,0.609375,0.609375,0.609375,0.6090356211989574,0.21807065217391286,760,"all","DT#760","DT",760
345,399,177,230,0.6927083333333334,0.6609195402298851,0.6927083333333334,0.6927083333333334,0.6622406639004149,0.6463944396177237,0.2927317554091736,760,"all","RF#760","RF",760
392,268,308,183,0.6817391304347826,0.5942350332594235,0.6817391304347826,0.6817391304347826,0.6149019607843137,0.573414422241529,0.14698917021999158,760,"all","NB#760","NB",760
365,404,172,210,0.7013888888888888,0.6797020484171322,0.7013888888888888,0.7013888888888888,0.6789915966386555,0.6681146828844483,0.33619078389158796,760,"all","MLP#760","MLP",760
328,348,228,247,0.6041666666666666,0.5899280575539568,0.6041666666666666,0.6041666666666666,0.5943637916310845,0.5873153779322329,0.17460645761276386,761,"all","DT#761","DT",761
329,398,178,246,0.6909722222222222,0.6489151873767258,0.6909722222222222,0.6909722222222222,0.6524590163934426,0.631624674196351,0.2631731518332197,761,"all","RF#761","RF",761
539,55,521,36,0.9373913043478261,0.6043956043956044,0.9373913043478261,0.9373913043478261,0.6593272171253823,0.5160729800173762,0.03285336068850571,761,"all","NB#761","NB",761
331,425,151,244,0.7378472222222222,0.6867219917012448,0.7378472222222222,0.7378472222222222,0.6827309236947791,0.6568201563857515,0.3135434171766267,761,"all","MLP#761","MLP",761
347,359,217,228,0.6232638888888888,0.6152482269503546,0.6232638888888888,0.6232638888888888,0.6173688736027515,0.6133796698523023,0.22674591516465398,762,"all","DT#762","DT",762
346,401,175,229,0.6961805555555556,0.6641074856046065,0.6961805555555556,0.6961805555555556,0.6650082918739635,0.6490008688097306,0.2979439749013354,762,"all","RF#762","RF",762
417,191,385,158,0.7252173913043478,0.5472779369627507,0.7252173913043478,0.7252173913043478,0.6056644880174291,0.5282363162467419,0.05679515021271375,762,"all","NB#762","NB",762
353,454,122,222,0.7881944444444444,0.7431578947368421,0.7881944444444444,0.7881944444444444,0.7252396166134185,0.7011294526498697,0.40216820172127443,762,"all","MLP#762","MLP",762
350,347,229,225,0.6086956521739131,0.6066433566433567,0.6086956521739131,0.6086956521739131,0.6065857885615251,0.6055603822762815,0.21112493282045397,763,"all","DT#763","DT",763
330,400,176,245,0.6944444444444444,0.6521739130434783,0.6944444444444444,0.6944444444444444,0.6552006552006552,0.634231103388358,0.2683854447398658,763,"all","RF#763","RF",763
204,438,138,371,0.7604166666666666,0.5964912280701754,0.7604166666666666,0.7604166666666666,0.6324909747292419,0.5577758470894874,0.11523981110505348,763,"all","NB#763","NB",763
322,466,110,253,0.8090277777777778,0.7453703703703703,0.8090277777777778,0.8090277777777778,0.7196911196911197,0.684622067767159,0.36910746130278727,763,"all","MLP#763","MLP",763
372,338,238,203,0.6469565217391304,0.6247689463955638,0.6469565217391304,0.6469565217391304,0.6278481012658228,0.6168549087749783,0.23374972638824937,764,"all","DT#764","DT",764
349,398,178,226,0.6909722222222222,0.6622390891840607,0.6909722222222222,0.6909722222222222,0.6633333333333332,0.6490008688097306,0.29795033456530656,764,"all","RF#764","RF",764
561,14,562,14,0.9756521739130435,0.5,0.9756521739130435,0.9756521739130435,0.6607773851590106,0.49956559513466553,-0.00004223559012160324,764,"all","NB#764","NB",764
365,451,125,210,0.7829861111111112,0.7448979591836735,0.7829861111111112,0.7829861111111112,0.7291835084882782,0.7089487402258905,0.41782233529362905,764,"all","MLP#764","MLP",764
347,346,230,228,0.6034782608695652,0.6027874564459931,0.6034782608695652,0.6034782608695652,0.6024305555555556,0.6020851433536055,0.2041720888523886,765,"all","DT#765","DT",765
349,388,188,226,0.6736111111111112,0.6499068901303539,0.6736111111111112,0.6736111111111112,0.6521008403361346,0.6403127715030409,0.28058372913905094,765,"all","RF#765","RF",765
555,16,560,20,0.9652173913043478,0.4977578475336323,0.9652173913043478,0.9652173913043478,0.6568047337278106,0.49609035621198955,-0.006999125109361384,765,"all","NB#765","NB",765
388,400,176,187,0.6944444444444444,0.6879432624113475,0.6944444444444444,0.6944444444444444,0.6878761822871883,0.684622067767159,0.36923318472981886,765,"all","MLP#765","MLP",765
361,343,233,214,0.6278260869565218,0.6157989228007181,0.6278260869565218,0.6278260869565218,0.6176218990590248,0.6116420503909644,0.22330579285920252,766,"all","DT#766","DT",766
364,374,202,211,0.6493055555555556,0.6431095406360424,0.6493055555555556,0.6493055555555556,0.6442721791559001,0.6411815812337098,0.28235287013259536,766,"all","RF#766","RF",766
531,85,491,44,0.9234782608695652,0.6589147286821705,0.9234782608695652,0.9234782608695652,0.664996869129618,0.5351867940920938,0.07099979331580272,766,"all","NB#766","NB",766
374,428,148,201,0.7430555555555556,0.7164750957854407,0.7430555555555556,0.7430555555555556,0.7103734439834026,0.6967854039965248,0.39352182466290325,766,"all","MLP#766","MLP",766
358,352,224,217,0.6226086956521739,0.6186291739894552,0.6226086956521739,0.6226086956521739,0.6188418323249785,0.6168549087749783,0.2337173369242776,767,"all","DT#767","DT",767
348,392,184,227,0.6805555555555556,0.6541353383458647,0.6805555555555556,0.6805555555555556,0.6560669456066947,0.6429192006950478,0.2857914991462308,767,"all","RF#767","RF",767
497,128,448,78,0.8643478260869565,0.6213592233009708,0.8643478260869565,0.8643478260869565,0.6539473684210526,0.5430060816681147,0.08652171945018647,767,"all","NB#767","NB",767
300,457,119,275,0.7934027777777778,0.7159904534606205,0.7934027777777778,0.7934027777777778,0.6987767584097859,0.6576889661164205,0.3152161438986234,767,"all","MLP#767","MLP",767
344,348,228,231,0.6041666666666666,0.6013986013986014,0.6041666666666666,0.6041666666666666,0.6025974025974026,0.6012163336229366,0.2024284530274143,768,"all","DT#768","DT",768
337,395,181,238,0.6857638888888888,0.6505791505791506,0.6857638888888888,0.6857638888888888,0.6534325889164598,0.635968722849696,0.2718742403860237,768,"all","RF#768","RF",768
101,527,49,474,0.9149305555555556,0.6733333333333333,0.9149305555555556,0.9149305555555556,0.6683576410906785,0.5456125108601216,0.09064088522980485,768,"all","NB#768","NB",768
322,432,144,253,0.75,0.6909871244635193,0.75,0.75,0.6851704996034893,0.6550825369244135,0.31005101986890965,768,"all","MLP#768","MLP",768
349,348,228,226,0.6069565217391304,0.6062717770034843,0.6069565217391304,0.6069565217391304,0.6059027777777778,0.6055603822762815,0.21112255095848137,769,"all","DT#769","DT",769
337,422,154,238,0.7326388888888888,0.6863543788187373,0.7326388888888888,0.7326388888888888,0.6828478964401294,0.6594265855777585,0.31876626866933605,769,"all","RF#769","RF",769
375,248,328,200,0.6521739130434783,0.5535714285714286,0.6521739130434783,0.6521739130434783,0.5868544600938966,0.5412684622067767,0.08271348531684702,769,"all","NB#769","NB",769
340,466,110,235,0.8090277777777778,0.7555555555555555,0.8090277777777778,0.8090277777777778,0.7298355520751761,0.7002606429192006,0.40040768562908147,769,"all","MLP#769","MLP",769
334,356,220,241,0.6180555555555556,0.6028880866425993,0.6180555555555556,0.6180555555555556,0.6069906223358909,0.5994787141615986,0.19893142747581055,770,"all","DT#770","DT",770
315,409,167,260,0.7100694444444444,0.6535269709543569,0.7100694444444444,0.7100694444444444,0.6570281124497992,0.629018245004344,0.2579317446441001,770,"all","RF#770","RF",770
14,565,11,561,0.9809027777777778,0.56,0.9809027777777778,0.9809027777777778,0.663924794359577,0.5030408340573415,0.005254967137568963,770,"all","NB#770","NB",770
337,442,134,238,0.7673611111111112,0.7154989384288747,0.7673611111111112,0.7673611111111112,0.7038216560509555,0.6768027801911382,0.3535035694009931,770,"all","MLP#770","MLP",770
364,344,232,211,0.6330434782608696,0.6198198198198198,0.6330434782608696,0.6330434782608696,0.6216908625106746,0.6151172893136403,0.23025840062437636,771,"all","DT#771","DT",771
340,400,176,235,0.6944444444444444,0.6589147286821705,0.6944444444444444,0.6944444444444444,0.6606110652353426,0.6429192006950478,0.2857742461964457,771,"all","RF#771","RF",771
559,19,557,16,0.9721739130434782,0.5428571428571428,0.9721739130434782,0.9721739130434782,0.6611472501478415,0.5021720243266724,0.0051558132624170425,771,"all","NB#771","NB",771
356,450,126,219,0.78125,0.7385892116182573,0.78125,0.78125,0.7228915662650602,0.7002606429192006,0.40043665550869917,771,"all","MLP#771","MLP",771
347,370,206,228,0.6423611111111112,0.6274864376130199,0.6423611111111112,0.6423611111111112,0.6303236797274276,0.6229365768896612,0.24584753720685182,772,"all","DT#772","DT",772
345,398,178,230,0.6909722222222222,0.6596558317399618,0.6909722222222222,0.6909722222222222,0.6611295681063123,0.6455256298870548,0.2909950660377928,772,"all","RF#772","RF",772
246,394,182,329,0.6840277777777778,0.5747663551401869,0.6840277777777778,0.6840277777777778,0.6066204772902232,0.5560382276281495,0.1118786928862535,772,"all","NB#772","NB",772
357,437,139,218,0.7586805555555556,0.719758064516129,0.7586805555555556,0.7586805555555556,0.7099918765231519,0.6898349261511729,0.3795953925664445,772,"all","MLP#772","MLP",772
353,342,234,222,0.6139130434782609,0.6063829787234043,0.6139130434782609,0.6139130434782609,0.6075731497418244,0.6038227628149435,0.2076592815347547,773,"all","DT#773","DT",773
326,396,180,249,0.6875,0.6442687747035574,0.6875,0.6875,0.6486486486486488,0.6272806255430061,0.2544830303881293,773,"all","RF#773","RF",773
521,85,491,54,0.9060869565217391,0.6115107913669064,0.9060869565217391,0.9060869565217391,0.6565847511027095,0.526498696785404,0.05362102598376366,773,"all","NB#773","NB",773
332,466,110,243,0.8090277777777778,0.751131221719457,0.8090277777777778,0.8090277777777778,0.7252918287937743,0.6933101650738488,0.3864966848718113,773,"all","MLP#773","MLP",773
325,350,226,250,0.6076388888888888,0.5898366606170599,0.6076388888888888,0.6076388888888888,0.5952380952380951,0.5864465682015638,0.17286254332886455,774,"all","DT#774","DT",774
343,408,168,232,0.7083333333333334,0.6712328767123288,0.7083333333333334,0.7083333333333334,0.6710526315789473,0.6524761077324066,0.3048845299062711,774,"all","RF#774","RF",774
547,45,531,28,0.951304347826087,0.6164383561643836,0.951304347826087,0.951304347826087,0.661826981246219,0.5143353605560382,0.02940701731625898,774,"all","NB#774","NB",774
314,464,112,261,0.8055555555555556,0.7370892018779343,0.8055555555555556,0.8055555555555556,0.7132974634896234,0.6759339704604691,0.3517216282044118,774,"all","MLP#774","MLP",774
343,331,245,232,0.5965217391304348,0.5879218472468917,0.5965217391304348,0.5965217391304348,0.589853826311264,0.5855777584708949,0.17117115757088114,775,"all","DT#775","DT",775
356,394,182,219,0.6840277777777778,0.6617100371747212,0.6840277777777778,0.6840277777777778,0.6627417998317915,0.6516072980017377,0.30317514716250765,775,"all","RF#775","RF",775
530,83,493,45,0.9217391304347826,0.6484375,0.9217391304347826,0.9217391304347826,0.6633291614518148,0.5325803649000869,0.06579185574973447,775,"all","NB#775","NB",775
349,460,116,226,0.7986111111111112,0.7505376344086021,0.7986111111111112,0.7986111111111112,0.7290015847860539,0.7028670721112077,0.40563499373386297,775,"all","MLP#775","MLP",775
341,349,227,234,0.6059027777777778,0.6003521126760564,0.6059027777777778,0.6059027777777778,0.6022433132010354,0.5994787141615986,0.19894835845185554,776,"all","DT#776","DT",776
323,412,164,252,0.7152777777777778,0.6632443531827515,0.7152777777777778,0.7152777777777778,0.6645161290322581,0.6385751520417029,0.27705371486550157,776,"all","RF#776","RF",776
550,40,536,25,0.9565217391304348,0.6153846153846154,0.9565217391304348,0.9565217391304348,0.6622516556291391,0.5125977410947002,0.02594616773594035,776,"all","NB#776","NB",776
349,425,151,226,0.7378472222222222,0.698,0.7378472222222222,0.7378472222222222,0.6927465362673187,0.6724587315377932,0.34484278866115586,776,"all","MLP#776","MLP",776
344,358,218,231,0.6215277777777778,0.6120996441281139,0.6215277777777778,0.6215277777777778,0.6145922746781115,0.6099044309296264,0.21979296091257838,777,"all","DT#777","DT",777
351,386,190,224,0.6701388888888888,0.6487985212569316,0.6701388888888888,0.6701388888888888,0.6509274873524451,0.6403127715030409,0.2805880736632015,777,"all","RF#777","RF",777
519,93,483,56,0.9026086956521739,0.6241610738255033,0.9026086956521739,0.9026086956521739,0.6582117945466075,0.5317115551694179,0.0640257563436613,777,"all","NB#777","NB",777
393,405,171,182,0.703125,0.6968085106382979,0.703125,0.703125,0.6964746345657782,0.6933101650738488,0.3866096810182536,777,"all","MLP#777","MLP",777
362,355,221,213,0.6295652173913043,0.625,0.6295652173913043,0.6295652173913043,0.6252158894645942,0.6229365768896612,0.2458816922500937,778,"all","DT#778","DT",778
340,401,175,235,0.6961805555555556,0.6601941747572816,0.6961805555555556,0.6961805555555556,0.6617161716171618,0.6437880104257168,0.28751094603979827,778,"all","RF#778","RF",778
560,35,541,15,0.9739130434782609,0.7,0.9739130434782609,0.9739130434782609,0.6682577565632458,0.5169417897480452,0.03464941788374572,778,"all","NB#778","NB",778
340,429,147,235,0.7447916666666666,0.6981519507186859,0.7447916666666666,0.7447916666666666,0.6919354838709677,0.6681146828844483,0.3361406708620711,778,"all","MLP#778","MLP",778
338,354,222,237,0.6145833333333334,0.6035714285714285,0.6145833333333334,0.6145833333333334,0.6066838046272495,0.6012163336229366,0.20241400394030665,779,"all","DT#779","DT",779
317,396,180,258,0.6875,0.6378269617706237,0.6875,0.6875,0.6439024390243904,0.6194613379669852,0.23883247121490758,779,"all","RF#779","RF",779
245,401,175,330,0.6961805555555556,0.5833333333333334,0.6961805555555556,0.6961805555555556,0.613618974751339,0.5612510860121633,0.12229612907609726,779,"all","NB#779","NB",779
336,445,131,239,0.7725694444444444,0.7194860813704497,0.7725694444444444,0.7725694444444444,0.7063492063492063,0.6785403996524761,0.3569754730541817,779,"all","MLP#779","MLP",779
345,342,234,230,0.6,0.5979020979020979,0.6,0.6,0.5979202772963604,0.5968722849695917,0.19374883001914237,780,"all","DT#780","DT",780
340,399,177,235,0.6927083333333334,0.6576402321083172,0.6927083333333334,0.6927083333333334,0.659504132231405,0.6420503909643788,0.28403755159721106,780,"all","RF#780","RF",780
550,42,534,25,0.9565217391304348,0.6268656716417911,0.9565217391304348,0.9565217391304348,0.6630500301386376,0.5143353605560382,0.029415802168925195,780,"all","NB#780","NB",780
367,440,136,208,0.7638888888888888,0.7296222664015904,0.7638888888888888,0.7638888888888888,0.7189542483660132,0.7011294526498697,0.4021934751361863,780,"all","MLP#780","MLP",780
328,347,229,247,0.6024305555555556,0.5888689407540395,0.6024305555555556,0.6024305555555556,0.5931623931623932,0.5864465682015638,0.17287003571956958,781,"all","DT#781","DT",781
330,386,190,245,0.6701388888888888,0.6346153846153846,0.6701388888888888,0.6701388888888888,0.63960231980116,0.6220677671589921,0.24407219802368857,781,"all","RF#781","RF",781
206,435,141,369,0.7552083333333334,0.5936599423631124,0.7552083333333334,0.7552083333333334,0.6304347826086956,0.5569070373588184,0.11350827277504928,781,"all","NB#781","NB",781
320,435,141,255,0.7552083333333334,0.6941431670281996,0.7552083333333334,0.7552083333333334,0.6872037914691943,0.6559513466550826,0.31178373089571587,781,"all","MLP#781","MLP",781
342,333,243,233,0.5947826086956521,0.588339222614841,0.5947826086956521,0.5947826086956521,0.5896551724137931,0.5864465682015638,0.172904998414879,782,"all","DT#782","DT",782
339,385,191,236,0.6684027777777778,0.6396226415094339,0.6684027777777778,0.6684027777777778,0.6432748538011696,0.629018245004344,0.25798552135939185,782,"all","RF#782","RF",782
451,180,396,124,0.7843478260869565,0.5921052631578947,0.7843478260869565,0.7843478260869565,0.6343178621659634,0.5482189400521286,0.09680807397928383,782,"all","NB#782","NB",782
348,475,101,227,0.8246527777777778,0.7750556792873051,0.8246527777777778,0.8246527777777778,0.7433489827856026,0.7150304083405734,0.42995195342109155,782,"all","MLP#782","MLP",782
362,346,230,213,0.6295652173913043,0.6189624329159212,0.6295652173913043,0.6295652173913043,0.6203941730934018,0.6151172893136403,0.2302537525456019,783,"all","DT#783","DT",783
357,384,192,218,0.6666666666666666,0.6502732240437158,0.6666666666666666,0.6666666666666666,0.6519524617996604,0.6437880104257168,0.28754751847143756,783,"all","RF#783","RF",783
338,314,262,237,0.5878260869565217,0.5698729582577132,0.5878260869565217,0.5878260869565217,0.5753191489361702,0.5664639443961772,0.13295995773106378,783,"all","NB#783","NB",783
418,344,232,157,0.7269565217391304,0.6866267465069861,0.7269565217391304,0.7269565217391304,0.6824489795918367,0.6620330147697654,0.3241420430959659,783,"all","MLP#783","MLP",783
349,323,253,226,0.6069565217391304,0.5883424408014571,0.6069565217391304,0.6069565217391304,0.5930331350892097,0.5838401390095569,0.1677135744768857,784,"all","DT#784","DT",784
341,394,182,234,0.6840277777777778,0.6520076481835564,0.6840277777777778,0.6840277777777778,0.6544850498338871,0.6385751520417029,0.2770930085091221,784,"all","RF#784","RF",784
100,522,54,475,0.90625,0.6493506493506493,0.90625,0.90625,0.6636999364272093,0.5403996524761078,0.08021402491619829,784,"all","NB#784","NB",784
381,389,187,194,0.6753472222222222,0.670774647887324,0.6753472222222222,0.6753472222222222,0.6712683347713546,0.6689834926151172,0.3379594893061973,784,"all","MLP#784","MLP",784
368,349,227,207,0.64,0.6276978417266187,0.64,0.64,0.6290598290598289,0.6229365768896612,0.24589535340116536,785,"all","DT#785","DT",785
331,390,186,244,0.6770833333333334,0.6402321083172147,0.6770833333333334,0.6770833333333334,0.6446280991735538,0.6264118158123371,0.25275763880291446,785,"all","RF#785","RF",785
408,231,345,167,0.7095652173913043,0.5804020100502513,0.7095652173913043,0.7095652173913043,0.6144578313253012,0.5551694178974804,0.11057716978227468,785,"all","NB#785","NB",785
348,412,164,227,0.7152777777777778,0.6796875,0.7152777777777778,0.7152777777777778,0.6781893004115227,0.6602953953084274,0.320525653858987,785,"all","MLP#785","MLP",785
368,336,240,207,0.64,0.6187845303867403,0.64,0.64,0.6221470836855453,0.6116420503909644,0.22332220767987107,786,"all","DT#786","DT",786
350,379,197,225,0.6579861111111112,0.6398537477148081,0.6579861111111112,0.6579861111111112,0.6423728813559323,0.6333622936576889,0.2666930365413996,786,"all","RF#786","RF",786
206,460,116,369,0.7986111111111112,0.639751552795031,0.7986111111111112,0.7986111111111112,0.6548042704626336,0.578627280625543,0.15693191995131,786,"all","NB#786","NB",786
360,392,184,215,0.6805555555555556,0.6617647058823529,0.6805555555555556,0.6805555555555556,0.6627218934911243,0.6533449174630755,0.3066568634703617,786,"all","MLP#786","MLP",786
351,368,208,224,0.6388888888888888,0.627906976744186,0.6388888888888888,0.6388888888888888,0.6301369863013699,0.6246741963509991,0.24932969395396012,787,"all","DT#787","DT",787
356,390,186,219,0.6770833333333334,0.6568265682656826,0.6770833333333334,0.6770833333333334,0.6582278481012659,0.6481320590790617,0.296228525877648,787,"all","RF#787","RF",787
178,487,89,397,0.8454861111111112,0.6666666666666666,0.8454861111111112,0.8454861111111112,0.667123287671233,0.577758470894874,0.1551234571630528,787,"all","NB#787","NB",787
351,460,116,224,0.7986111111111112,0.7516059957173448,0.7986111111111112,0.7986111111111112,0.7301587301587302,0.7046046915725456,0.40911259686059925,787,"all","MLP#787","MLP",787
363,337,239,212,0.6313043478260869,0.6138433515482696,0.6313043478260869,0.6313043478260869,0.6168224299065421,0.6081668114682884,0.21636497304608657,788,"all","DT#788","DT",788
337,384,192,238,0.6666666666666666,0.6370510396975425,0.6666666666666666,0.6666666666666666,0.6410684474123539,0.6264118158123371,0.2527711767423462,788,"all","RF#788","RF",788
552,30,546,23,0.96,0.5660377358490566,0.96,0.96,0.6598924088463837,0.5056472632493484,0.012073800426293942,788,"all","NB#788","NB",788
352,410,166,223,0.7118055555555556,0.6795366795366795,0.7118055555555556,0.7118055555555556,0.6782464846980977,0.6620330147697654,0.3240073496662605,788,"all","MLP#788","MLP",788
346,332,244,229,0.6017391304347826,0.5918003565062389,0.6017391304347826,0.6017391304347826,0.5939914163090128,0.5890529973935708,0.17812398571892235,789,"all","DT#789","DT",789
367,396,180,208,0.6875,0.6709323583180987,0.6875,0.6875,0.6711864406779661,0.6629018245004344,0.325774640232377,789,"all","RF#789","RF",789
555,17,559,20,0.9652173913043478,0.4982046678635548,0.9652173913043478,0.9652173913043478,0.6571936056838366,0.49695916594265854,-0.00526443609442201,789,"all","NB#789","NB",789
342,425,151,233,0.7378472222222222,0.6937119675456389,0.7378472222222222,0.7378472222222222,0.6888168557536467,0.6663770634231103,0.3326710130179158,789,"all","MLP#789","MLP",789
346,333,243,229,0.6017391304347826,0.5925266903914591,0.6017391304347826,0.6017391304347826,0.5945017182130584,0.5899218071242398,0.17986032903893936,790,"all","DT#790","DT",790
346,403,173,229,0.6996527777777778,0.6666666666666666,0.6996527777777778,0.6996527777777778,0.6672185430463576,0.6507384882710686,0.3014173903590883,790,"all","RF#790","RF",790
200,450,126,375,0.78125,0.6134969325153374,0.78125,0.78125,0.6423982869379015,0.5647263249348393,0.12912462565185304,790,"all","NB#790","NB",790
319,460,116,256,0.7986111111111112,0.7333333333333333,0.7986111111111112,0.7986111111111112,0.7120743034055728,0.6768027801911382,0.3534684262978286,790,"all","MLP#790","MLP",790
355,323,253,220,0.6173913043478261,0.5948434622467772,0.6173913043478261,0.6173913043478261,0.6001690617075233,0.5890529973935708,0.1781463181936889,791,"all","DT#791","DT",791
333,395,181,242,0.6857638888888888,0.6478599221789884,0.6857638888888888,0.6857638888888888,0.651277823577906,0.63249348392702,0.26491871987003635,791,"all","RF#791","RF",791
138,498,78,437,0.8645833333333334,0.6388888888888888,0.8645833333333334,0.8645833333333334,0.6591661151555261,0.5525629887054735,0.10464004495189883,791,"all","NB#791","NB",791
342,445,131,233,0.7725694444444444,0.7230443974630021,0.7725694444444444,0.7725694444444444,0.7097288676236043,0.68375325803649,0.36740862874416047,791,"all","MLP#791","MLP",791
342,347,229,233,0.6024305555555556,0.5989492119089317,0.6024305555555556,0.6024305555555556,0.6003460207612458,0.5986099044309297,0.1972143551591496,792,"all","DT#792","DT",792
330,394,182,245,0.6840277777777778,0.64453125,0.6840277777777778,0.6840277777777778,0.6485596707818931,0.629018245004344,0.25796535600457154,792,"all","RF#792","RF",792
198,453,123,377,0.7864583333333334,0.616822429906542,0.7864583333333334,0.7864583333333334,0.6443812233285917,0.5655951346655083,0.1308563368199763,792,"all","NB#792","NB",792
357,429,147,218,0.7447916666666666,0.7083333333333334,0.7447916666666666,0.7447916666666666,0.7015535568274733,0.6828844483058211,0.3657004298467983,792,"all","MLP#792","MLP",792
362,336,240,213,0.6295652173913043,0.6120218579234973,0.6295652173913043,0.6295652173913043,0.6151231945624468,0.6064291920069504,0.21288987314828645,793,"all","DT#793","DT",793
327,392,184,248,0.6805555555555556,0.639921722113503,0.6805555555555556,0.6805555555555556,0.6447368421052632,0.6246741963509991,0.24927529229877265,793,"all","RF#793","RF",793
204,442,134,371,0.7673611111111112,0.6035502958579881,0.7673611111111112,0.7673611111111112,0.6364290856731462,0.5612510860121633,0.12218743723222222,793,"all","NB#793","NB",793
365,411,165,210,0.7135416666666666,0.6886792452830188,0.7135416666666666,0.7135416666666666,0.6867167919799498,0.6741963509991312,0.3483479403039157,793,"all","MLP#793","MLP",793
366,359,217,209,0.6365217391304347,0.6320422535211268,0.6365217391304347,0.6365217391304347,0.6321243523316061,0.629887054735013,0.2597824905496311,794,"all","DT#794","DT",794
345,408,168,230,0.7083333333333334,0.672514619883041,0.7083333333333334,0.7083333333333334,0.6721581548599671,0.6542137271937446,0.30836219573691986,794,"all","RF#794","RF",794
556,11,565,19,0.9669565217391304,0.495985727029438,0.9669565217391304,0.9669565217391304,0.6556603773584905,0.4926151172893136,-0.013934769951096989,794,"all","NB#794","NB",794
374,436,140,201,0.7569444444444444,0.7276264591439688,0.7569444444444444,0.7569444444444444,0.718878812860676,0.7037358818418766,0.4074167458053957,794,"all","MLP#794","MLP",794
352,330,246,223,0.6121739130434782,0.596745027124774,0.6121739130434782,0.6121739130434782,0.6001705029838021,0.5925282363162467,0.18508415317704852,795,"all","DT#795","DT",795
364,381,195,211,0.6614583333333334,0.6511627906976745,0.6614583333333334,0.6614583333333334,0.6523972602739726,0.6472632493483927,0.29450892533636086,795,"all","RF#795","RF",795
11,563,13,564,0.9774305555555556,0.49955634427684115,0.9774305555555556,0.9774305555555556,0.6611861421021726,0.49869678540399653,-0.0034418726930160845,795,"all","NB#795","NB",795
345,457,119,230,0.7934027777777778,0.7435344827586207,0.7934027777777778,0.7934027777777778,0.723673792557403,0.6967854039965248,0.3934687122993135,795,"all","MLP#795","MLP",795
336,367,209,239,0.6371527777777778,0.6165137614678899,0.6371527777777778,0.6371527777777778,0.6209813874788495,0.6107732406602954,0.22151063604933788,796,"all","DT#796","DT",796
340,408,168,235,0.7083333333333334,0.6692913385826772,0.7083333333333334,0.7083333333333334,0.6694011484823627,0.6498696785403997,0.2996679917805697,796,"all","RF#796","RF",796
528,68,508,47,0.9182608695652174,0.591304347826087,0.9182608695652174,0.9182608695652174,0.6554934823091247,0.5178105994787141,0.03629116813328883,796,"all","NB#796","NB",796
361,423,153,214,0.734375,0.7023346303501945,0.734375,0.734375,0.6974443528441879,0.6811468288444831,0.36223444489906226,796,"all","MLP#796","MLP",796
347,313,263,228,0.6034782608695652,0.5785582255083179,0.6034782608695652,0.6034782608695652,0.5856540084388187,0.573414422241529,0.14687327813294873,797,"all","DT#797","DT",797
346,395,181,229,0.6857638888888888,0.6565464895635673,0.6857638888888888,0.6857638888888888,0.6583333333333333,0.6437880104257168,0.2875238543855835,797,"all","RF#797","RF",797
523,72,504,52,0.9095652173913044,0.5806451612903226,0.9095652173913044,0.9095652173913044,0.6529338327091135,0.5169417897480452,0.03454164730588423,797,"all","NB#797","NB",797
363,433,143,212,0.7517361111111112,0.717391304347826,0.7517361111111112,0.7517361111111112,0.7092547092547093,0.6915725456125109,0.38308036314169214,797,"all","MLP#797","MLP",797
352,342,234,223,0.6121739130434782,0.6053097345132743,0.6121739130434782,0.6121739130434782,0.6063738156761413,0.6029539530842746,0.20592049347006613,798,"all","DT#798","DT",798
334,399,177,241,0.6927083333333334,0.6536203522504892,0.6927083333333334,0.6927083333333334,0.65625,0.6368375325803649,0.2736043337520533,798,"all","RF#798","RF",798
13,563,13,562,0.9774305555555556,0.5004444444444445,0.9774305555555556,0.9774305555555556,0.6619635508524397,0.5004344048653345,0.000039283766285850924,798,"all","NB#798","NB",798
365,446,130,210,0.7743055555555556,0.7373737373737373,0.7743055555555556,0.7743055555555556,0.7240259740259741,0.7046046915725456,0.40913757700205333,798,"all","MLP#798","MLP",798
339,352,224,236,0.6111111111111112,0.6021314387211367,0.6111111111111112,0.6111111111111112,0.6048109965635738,0.6003475238922676,0.2006799640090098,799,"all","DT#799","DT",799
350,396,180,225,0.6875,0.660377358490566,0.6875,0.6875,0.6616541353383458,0.6481320590790617,0.29621577552822886,799,"all","RF#799","RF",799
322,340,236,253,0.5902777777777778,0.5770609318996416,0.5902777777777778,0.5902777777777778,0.5816937553464501,0.575152041702867,0.1502816346434011,799,"all","NB#799","NB",799
327,463,113,248,0.8038194444444444,0.7431818181818182,0.8038194444444444,0.8038194444444444,0.7195027195027196,0.6863596872284969,0.3725910322906993,799,"all","MLP#799","MLP",799
337,363,213,238,0.6302083333333334,0.6127272727272727,0.6302083333333334,0.6302083333333334,0.616822429906542,0.6081668114682884,0.21630345348178903,800,"all","DT#800","DT",800
355,390,186,220,0.6770833333333334,0.6561922365988909,0.6770833333333334,0.6770833333333334,0.657672849915683,0.6472632493483927,0.2944897533991782,800,"all","RF#800","RF",800
166,483,93,409,0.8385416666666666,0.640926640926641,0.8385416666666666,0.8385416666666666,0.6580381471389645,0.5638575152041703,0.12729804677352125,800,"all","NB#800","NB",800
368,416,160,207,0.7222222222222222,0.696969696969697,0.7222222222222222,0.7222222222222222,0.6939115929941618,0.6811468288444831,0.3622479252000067,800,"all","MLP#800","MLP",800
362,353,223,213,0.6295652173913043,0.6236749116607774,0.6295652173913043,0.6295652173913043,0.6241379310344827,0.6211989574283232,0.24240878006068756,801,"all","DT#801","DT",801
347,389,187,228,0.6753472222222222,0.649812734082397,0.6753472222222222,0.6753472222222222,0.6521374685666388,0.6394439617723718,0.27884274237988754,801,"all","RF#801","RF",801
448,164,412,127,0.7791304347826087,0.563573883161512,0.7791304347826087,0.7791304347826087,0.624390243902439,0.5317115551694179,0.0638251959830087,801,"all","NB#801","NB",801
299,441,135,276,0.765625,0.6889400921658986,0.765625,0.765625,0.6821345707656612,0.6429192006950478,0.28568581174434776,801,"all","MLP#801","MLP",801
367,300,276,208,0.6382608695652174,0.5905511811023622,0.6382608695652174,0.6382608695652174,0.6026272577996716,0.579496090356212,0.15907787244063118,802,"all","DT#802","DT",802
335,373,203,240,0.6475694444444444,0.6226765799256505,0.6475694444444444,0.6475694444444444,0.6274179983179141,0.6151172893136403,0.23019099798750833,802,"all","RF#802","RF",802
420,212,364,155,0.7304347826086957,0.5776566757493188,0.7304347826086957,0.7304347826086957,0.6181015452538631,0.5490877497827976,0.09845927236122663,802,"all","NB#802","NB",802
367,411,165,208,0.7135416666666666,0.6898496240601504,0.7135416666666666,0.7135416666666666,0.6878661087866109,0.6759339704604691,0.35182537513757667,802,"all","MLP#802","MLP",802
342,339,237,233,0.5947826086956521,0.5926573426573427,0.5947826086956521,0.5947826086956521,0.5927209705372617,0.5916594265855778,0.1833231683383555,803,"all","DT#803","DT",803
359,411,165,216,0.7135416666666666,0.6851145038167938,0.7135416666666666,0.7135416666666666,0.6832917705735662,0.6689834926151172,0.3379155097992145,803,"all","RF#803","RF",803
541,54,522,34,0.9408695652173913,0.6136363636363636,0.9408695652173913,0.9408695652173913,0.6605616605616605,0.5169417897480452,0.0345940792411387,803,"all","NB#803","NB",803
391,396,180,184,0.6875,0.6847635726795096,0.6875,0.6875,0.685121107266436,0.68375325803649,0.3675022192162996,803,"all","MLP#803","MLP",803
362,362,214,213,0.6295652173913043,0.6295652173913043,0.6295652173913043,0.6295652173913043,0.6290182450043441,0.629018245004344,0.25803705006483985,804,"all","DT#804","DT",804
353,398,178,222,0.6909722222222222,0.664783427495292,0.6909722222222222,0.6909722222222222,0.6655518394648829,0.6524761077324066,0.30490551908641284,804,"all","RF#804","RF",804
436,180,396,139,0.7582608695652174,0.5642633228840125,0.7582608695652174,0.7582608695652174,0.6197583511016347,0.5351867940920938,0.0707334261918307,804,"all","NB#804","NB",804
357,435,141,218,0.7552083333333334,0.7168674698795181,0.7552083333333334,0.7552083333333334,0.707892595606184,0.6880973066898349,0.3761216204178324,804,"all","MLP#804","MLP",804
350,339,237,225,0.6086956521739131,0.601063829787234,0.6086956521739131,0.6086956521739131,0.6024096385542169,0.5986099044309297,0.19723374576547523,805,"all","DT#805","DT",805
348,394,182,227,0.6840277777777778,0.6566037735849056,0.6840277777777778,0.6840277777777778,0.658312447786132,0.6446568201563857,0.2892648202248039,805,"all","RF#805","RF",805
490,111,465,85,0.8521739130434782,0.5663265306122449,0.8521739130434782,0.8521739130434782,0.6405228758169934,0.522154648132059,0.04485651347355056,805,"all","NB#805","NB",805
344,450,126,231,0.78125,0.7319148936170212,0.78125,0.78125,0.7159904534606205,0.6898349261511729,0.37957103707562345,805,"all","MLP#805","MLP",805
353,327,249,222,0.6139130434782609,0.5956284153005464,0.6139130434782609,0.6139130434782609,0.5998300764655905,0.5907906168549087,0.1816139740680859,806,"all","DT#806","DT",806
343,374,202,232,0.6493055555555556,0.6293577981651376,0.6493055555555556,0.6493055555555556,0.6328257191201354,0.6229365768896612,0.24583842867279618,806,"all","RF#806","RF",806
496,104,472,79,0.8626086956521739,0.5683060109289617,0.8626086956521739,0.8626086956521739,0.6429034348671419,0.5212858384013901,0.04313865716747159,806,"all","NB#806","NB",806
381,429,147,194,0.7447916666666666,0.7215909090909091,0.7447916666666666,0.7447916666666666,0.7155963302752294,0.7037358818418766,0.4074292710986438,806,"all","MLP#806","MLP",806
367,352,224,208,0.6382608695652174,0.6285714285714286,0.6382608695652174,0.6382608695652174,0.6295025728987994,0.6246741963509991,0.2493659573440254,807,"all","DT#807","DT",807
355,405,171,220,0.703125,0.6749049429657795,0.703125,0.703125,0.6744379683597002,0.6602953953084274,0.32054001579223107,807,"all","RF#807","RF",807
535,75,501,40,0.9304347826086956,0.6521739130434783,0.9304347826086956,0.9304347826086956,0.6641837368094351,0.5299739357080799,0.060600940468665446,807,"all","NB#807","NB",807
362,434,142,213,0.7534722222222222,0.7182539682539683,0.7534722222222222,0.7534722222222222,0.7097301717089125,0.6915725456125109,0.3830785002619545,807,"all","MLP#807","MLP",807
346,333,243,229,0.6017391304347826,0.5925266903914591,0.6017391304347826,0.6017391304347826,0.5945017182130584,0.5899218071242398,0.17986032903893936,808,"all","DT#808","DT",808
351,395,181,224,0.6857638888888888,0.6597744360902256,0.6857638888888888,0.6857638888888888,0.6610878661087867,0.6481320590790617,0.2962179006185485,808,"all","RF#808","RF",808
551,52,524,24,0.9582608695652174,0.6842105263157895,0.9582608695652174,0.9582608695652174,0.6678787878787878,0.523892267593397,0.04850203650626039,808,"all","NB#808","NB",808
359,426,150,216,0.7395833333333334,0.7053045186640472,0.7395833333333334,0.7395833333333334,0.6995073891625615,0.682015638575152,0.3639674242904636,808,"all","MLP#808","MLP",808
363,334,242,212,0.6313043478260869,0.6117216117216118,0.6313043478260869,0.6313043478260869,0.6152542372881356,0.6055603822762815,0.21115589571728333,809,"all","DT#809","DT",809
342,393,183,233,0.6822916666666666,0.6514285714285715,0.6822916666666666,0.6822916666666666,0.653910149750416,0.6385751520417029,0.27709519136408245,809,"all","RF#809","RF",809
561,29,547,14,0.9756521739130435,0.6744186046511628,0.9756521739130435,0.9756521739130435,0.6666666666666667,0.5125977410947002,0.02597849254751217,809,"all","NB#809","NB",809
303,478,98,272,0.8298611111111112,0.7556109725685786,0.8298611111111112,0.8298611111111112,0.7209653092006033,0.6785403996524761,0.3569113867471226,809,"all","MLP#809","MLP",809
326,348,228,249,0.6041666666666666,0.5884476534296029,0.6041666666666666,0.6041666666666666,0.5933503836317136,0.5855777584708949,0.1711286136788756,810,"all","DT#810","DT",810
340,404,172,235,0.7013888888888888,0.6640625,0.7013888888888888,0.7013888888888888,0.6650205761316872,0.6463944396177237,0.29272107703480243,810,"all","RF#810","RF",810
538,64,512,37,0.9356521739130435,0.6336633663366337,0.9356521739130435,0.9356521739130435,0.6621538461538462,0.5230234578627281,0.04672977559871775,810,"all","NB#810","NB",810
359,454,122,216,0.7881944444444444,0.7463617463617463,0.7881944444444444,0.7881944444444444,0.7287319422150882,0.7063423110338836,0.41260082197654857,810,"all","MLP#810","MLP",810
349,342,234,226,0.6069565217391304,0.602112676056338,0.6069565217391304,0.6069565217391304,0.6027633851468049,0.6003475238922676,0.20070409777659703,811,"all","DT#811","DT",811
349,405,171,226,0.703125,0.6711538461538461,0.703125,0.703125,0.6710853355426678,0.6550825369244135,0.31010727038023994,811,"all","RF#811","RF",811
211,446,130,364,0.7743055555555556,0.6187683284457478,0.7743055555555556,0.7743055555555556,0.6435786435786435,0.5708079930495221,0.1413119972937299,811,"all","NB#811","NB",811
348,447,129,227,0.7760416666666666,0.7295597484276729,0.7760416666666666,0.7760416666666666,0.7152,0.6907037358818419,0.38131547239778824,811,"all","MLP#811","MLP",811
339,355,221,236,0.6163194444444444,0.6053571428571428,0.6163194444444444,0.6163194444444444,0.6083976006855184,0.6029539530842746,0.2058893241845755,812,"all","DT#812","DT",812
339,404,172,236,0.7013888888888888,0.6634050880626223,0.7013888888888888,0.7013888888888888,0.6644736842105262,0.6455256298870548,0.29098222050439654,812,"all","RF#812","RF",812
313,319,257,262,0.5538194444444444,0.5491228070175439,0.5538194444444444,0.5538194444444444,0.5514261019878998,0.5490877497827976,0.0981680115339034,812,"all","NB#812","NB",812
349,453,123,226,0.7864583333333334,0.739406779661017,0.7864583333333334,0.7864583333333334,0.7219123505976095,0.6967854039965248,0.3934760386956305,812,"all","MLP#812","MLP",812
342,336,240,233,0.5947826086956521,0.5905096660808435,0.5947826086956521,0.5947826086956521,0.5911840968020744,0.5890529973935708,0.17811405978499603,813,"all","DT#813","DT",813
339,389,187,236,0.6753472222222222,0.6444866920152091,0.6753472222222222,0.6753472222222222,0.6477935054121565,0.63249348392702,0.264932037545048,813,"all","RF#813","RF",813
438,158,418,137,0.7617391304347826,0.535593220338983,0.7617391304347826,0.7617391304347826,0.6121593291404612,0.5178105994787141,0.0360294017785329,813,"all","NB#813","NB",813
336,424,152,239,0.7361111111111112,0.6885245901639344,0.7361111111111112,0.7361111111111112,0.6844229217110572,0.6602953953084274,0.32050103198940666,813,"all","MLP#813","MLP",813
354,331,245,221,0.6156521739130435,0.5996376811594203,0.6156521739130435,0.6156521739130435,0.6030664395229983,0.5951346655082537,0.19029805683368967,814,"all","DT#814","DT",814
358,375,201,217,0.6510416666666666,0.6404293381037567,0.6510416666666666,0.6510416666666666,0.6421232876712328,0.6368375325803649,0.27365697239063747,814,"all","RF#814","RF",814
207,466,110,368,0.8090277777777778,0.6529968454258676,0.8090277777777778,0.8090277777777778,0.6609929078014184,0.5847089487402259,0.16909363852466697,814,"all","NB#814","NB",814
358,451,125,217,0.7829861111111112,0.7412008281573499,0.7829861111111112,0.7829861111111112,0.7250803858520901,0.7028670721112077,0.4056511472003963,814,"all","MLP#814","MLP",814
349,352,224,226,0.6111111111111112,0.6090750436300174,0.6111111111111112,0.6111111111111112,0.6100519930675911,0.6090356211989574,0.21806829126899532,815,"all","DT#815","DT",815
328,405,171,247,0.703125,0.657314629258517,0.703125,0.703125,0.6596091205211727,0.6368375325803649,0.2735911729002723,815,"all","RF#815","RF",815
555,16,560,20,0.9652173913043478,0.4977578475336323,0.9652173913043478,0.9652173913043478,0.6568047337278106,0.49609035621198955,-0.006999125109361384,815,"all","NB#815","NB",815
321,445,131,254,0.7725694444444444,0.7101769911504425,0.7725694444444444,0.7725694444444444,0.6980392156862745,0.6655082536924414,0.3308917567724684,815,"all","MLP#815","MLP",815
342,354,222,233,0.6145833333333334,0.6063829787234043,0.6145833333333334,0.6145833333333334,0.6087704213241617,0.6046915725456126,0.20936941887621946,816,"all","DT#816","DT",816
325,412,164,250,0.7152777777777778,0.6646216768916156,0.7152777777777778,0.7152777777777778,0.6655896607431342,0.6403127715030409,0.28053159075604645,816,"all","RF#816","RF",816
10,571,5,565,0.9913194444444444,0.6666666666666666,0.9913194444444444,0.9913194444444444,0.6670560747663551,0.5047784535186794,0.008718119182884175,816,"all","NB#816","NB",816
293,468,108,282,0.8125,0.7306733167082294,0.8125,0.8125,0.7058823529411764,0.6611642050390965,0.32214984008480485,816,"all","MLP#816","MLP",816
340,349,227,235,0.6059027777777778,0.599647266313933,0.6059027777777778,0.6059027777777778,0.6017241379310345,0.5986099044309297,0.19720950736120002,817,"all","DT#817","DT",817
346,415,161,229,0.7204861111111112,0.6824457593688363,0.7204861111111112,0.7204861111111112,0.6803278688524591,0.6611642050390965,0.3222583236201785,817,"all","RF#817","RF",817
149,491,85,426,0.8524305555555556,0.6367521367521367,0.8524305555555556,0.8524305555555556,0.6577361018084393,0.5560382276281495,0.11161845092355828,817,"all","NB#817","NB",817
309,473,103,266,0.8211805555555556,0.75,0.8211805555555556,0.8211805555555556,0.7193916349809885,0.6794092093831451,0.3586601171483924,817,"all","MLP#817","MLP",817
337,356,220,238,0.6180555555555556,0.6050269299820467,0.6180555555555556,0.6180555555555556,0.6085470085470086,0.6020851433536055,0.20414805957891358,818,"all","DT#818","DT",818
341,399,177,234,0.6927083333333334,0.6583011583011583,0.6927083333333334,0.6927083333333334,0.6600496277915632,0.6429192006950478,0.2857764028607535,818,"all","RF#818","RF",818
151,495,81,424,0.859375,0.6508620689655172,0.859375,0.859375,0.6622073578595318,0.5612510860121633,0.12204689324333101,818,"all","NB#818","NB",818
359,453,123,216,0.7864583333333334,0.7448132780082988,0.7864583333333334,0.7864583333333334,0.7277108433734939,0.7054735013032146,0.41086384410854804,818,"all","MLP#818","MLP",818
374,313,263,201,0.6504347826086957,0.6089494163424124,0.6504347826086957,0.6504347826086957,0.6171617161716172,0.5968722849695917,0.19381941907611308,819,"all","DT#819","DT",819
338,396,180,237,0.6875,0.6525096525096525,0.6875,0.6875,0.6550868486352358,0.6377063423110338,0.275349781004706,819,"all","RF#819","RF",819
510,100,476,65,0.8869565217391304,0.6060606060606061,0.8869565217391304,0.8869565217391304,0.6534272901985906,0.5299739357080799,0.06053007569276917,819,"all","NB#819","NB",819
366,454,122,209,0.7881944444444444,0.75,0.7881944444444444,0.7881944444444444,0.7328490718321227,0.7124239791485665,0.4247719733721065,819,"all","MLP#819","MLP",819
338,351,225,237,0.609375,0.6003552397868561,0.609375,0.609375,0.6030927835051546,0.5986099044309297,0.19720465950470112,820,"all","DT#820","DT",820
322,396,180,253,0.6875,0.6414342629482072,0.6875,0.6875,0.6465306122448979,0.6238053866203301,0.24752727882148842,820,"all","RF#820","RF",820
466,144,432,109,0.8104347826086956,0.5691699604743083,0.8104347826086956,0.8104347826086956,0.6327223353699932,0.5299739357080799,0.06040532771610464,820,"all","NB#820","NB",820
369,401,175,206,0.6961805555555556,0.6783088235294118,0.6961805555555556,0.6961805555555556,0.6779374471682164,0.6689834926151172,0.3379355012085409,820,"all","MLP#820","MLP",820
347,335,241,228,0.6034782608695652,0.5950266429840142,0.6034782608695652,0.6034782608695652,0.5967325881341359,0.5925282363162467,0.18507185094495437,821,"all","DT#821","DT",821
345,408,168,230,0.7083333333333334,0.672514619883041,0.7083333333333334,0.7083333333333334,0.6721581548599671,0.6542137271937446,0.30836219573691986,821,"all","RF#821","RF",821
421,223,353,154,0.7321739130434782,0.5915119363395226,0.7321739130434782,0.7321739130434782,0.6241660489251296,0.5595134665508253,0.11929085314043626,821,"all","NB#821","NB",821
350,419,157,225,0.7274305555555556,0.6903353057199211,0.7274305555555556,0.7274305555555556,0.6868852459016394,0.6681146828844483,0.3361607169818158,821,"all","MLP#821","MLP",821
352,363,213,223,0.6302083333333334,0.6230088495575221,0.6302083333333334,0.6302083333333334,0.6247848537005165,0.6211989574283232,0.24238590558432355,822,"all","DT#822","DT",822
331,401,175,244,0.6961805555555556,0.6541501976284585,0.6961805555555556,0.6961805555555556,0.6568386568386568,0.635968722849696,0.27186104832779995,822,"all","RF#822","RF",822
455,202,374,120,0.7913043478260869,0.6273291925465838,0.7913043478260869,0.7913043478260869,0.648148148148148,0.5708079930495221,0.14194436312162897,822,"all","NB#822","NB",822
367,420,156,208,0.7291666666666666,0.7017208413001912,0.7291666666666666,0.7291666666666666,0.6976744186046512,0.68375325803649,0.3674563824454818,822,"all","MLP#822","MLP",822
353,356,220,222,0.6180555555555556,0.6160558464223386,0.6180555555555556,0.6180555555555556,0.6169844020797228,0.6159860990443093,0.23196929942421338,823,"all","DT#823","DT",823
346,393,183,229,0.6822916666666666,0.6540642722117203,0.6822916666666666,0.6822916666666666,0.6560934891485809,0.6420503909643788,0.2840505228322015,823,"all","RF#823","RF",823
452,163,413,123,0.7860869565217391,0.5699300699300699,0.7860869565217391,0.7860869565217391,0.6277777777777778,0.5343179843614249,0.06904284054384406,823,"all","NB#823","NB",823
348,421,155,227,0.7309027777777778,0.6918489065606361,0.7309027777777778,0.7309027777777778,0.6879084967320261,0.6681146828844483,0.33615670785471846,823,"all","MLP#823","MLP",823
359,340,236,216,0.6243478260869565,0.6115107913669064,0.6243478260869565,0.6243478260869565,0.6136752136752137,0.6072980017376195,0.21461912381872522,824,"all","DT#824","DT",824
351,400,176,224,0.6944444444444444,0.6660341555977229,0.6944444444444444,0.6944444444444444,0.6666666666666666,0.6524761077324066,0.30490132135178877,824,"all","RF#824","RF",824
11,567,9,564,0.984375,0.55,0.984375,0.984375,0.664323374340949,0.5021720243266724,0.003508374317249519,824,"all","NB#824","NB",824
346,450,126,229,0.78125,0.7330508474576272,0.78125,0.78125,0.7171314741035857,0.6915725456125109,0.38304869265601393,824,"all","MLP#824","MLP",824
335,347,229,240,0.6024305555555556,0.5939716312056738,0.6024305555555556,0.6024305555555556,0.596732588134136,0.5925282363162467,0.1850423240724107,825,"all","DT#825","DT",825
341,396,180,234,0.6875,0.654510556621881,0.6875,0.6875,0.6567164179104478,0.6403127715030409,0.2805663505177053,825,"all","RF#825","RF",825
512,97,479,63,0.8904347826086957,0.60625,0.8904347826086957,0.8904347826086957,0.6538952745849298,0.529105125977411,0.05880063245304892,825,"all","NB#825","NB",825
362,430,146,213,0.7465277777777778,0.7125984251968503,0.7465277777777778,0.7465277777777778,0.7054963084495488,0.6880973066898349,0.3761310398243784,825,"all","MLP#825","MLP",825
337,344,232,238,0.5972222222222222,0.5922671353251318,0.5972222222222222,0.5972222222222222,0.5941278065630398,0.5916594265855778,0.18331083916822924,826,"all","DT#826","DT",826
346,389,187,229,0.6753472222222222,0.649155722326454,0.6753472222222222,0.6753472222222222,0.6515912897822446,0.6385751520417029,0.2771039226521007,826,"all","RF#826","RF",826
205,463,113,370,0.8038194444444444,0.6446540880503144,0.8038194444444444,0.8038194444444444,0.6572036905606814,0.580364900086881,0.16040341738869104,826,"all","NB#826","NB",826
341,456,120,234,0.7916666666666666,0.7396963123644251,0.7916666666666666,0.7916666666666666,0.7203791469194312,0.6924413553431799,0.3847763654976853,826,"all","MLP#826","MLP",826
359,356,220,216,0.6243478260869565,0.6223776223776224,0.6243478260869565,0.6243478260869565,0.6221837088388215,0.6211989574283232,0.24240191786281481,827,"all","DT#827","DT",827
326,395,181,249,0.6857638888888888,0.6429980276134122,0.6857638888888888,0.6857638888888888,0.6475409836065573,0.6264118158123371,0.25274635681199153,827,"all","RF#827","RF",827
500,107,469,75,0.8695652173913043,0.5879120879120879,0.8695652173913043,0.8695652173913043,0.6476683937823835,0.527367506516073,0.0552962157171007,827,"all","NB#827","NB",827
361,413,163,214,0.7170138888888888,0.6889312977099237,0.7170138888888888,0.7170138888888888,0.6866167913549459,0.6724587315377932,0.3448665280690391,827,"all","MLP#827","MLP",827
355,321,255,220,0.6173913043478261,0.5933456561922366,0.6173913043478261,0.6173913043478261,0.5991561181434599,0.5873153779322329,0.17467374157464508,828,"all","DT#828","DT",828
347,407,169,228,0.7065972222222222,0.6724806201550387,0.7065972222222222,0.7065972222222222,0.6721717588769611,0.6550825369244135,0.31010310399024066,828,"all","RF#828","RF",828
408,212,364,167,0.7095652173913043,0.5593667546174143,0.7095652173913043,0.7095652173913043,0.6057906458797327,0.5386620330147698,0.07759769512992065,828,"all","NB#828","NB",828
369,457,119,206,0.7934027777777778,0.7561475409836066,0.7934027777777778,0.7934027777777778,0.7376916868442293,0.7176368375325803,0.4351990675103764,828,"all","MLP#828","MLP",828
362,363,213,213,0.6302083333333334,0.6302083333333334,0.6302083333333334,0.6302083333333334,0.6302083333333334,0.629887054735013,0.25977355072463765,829,"all","DT#829","DT",829
342,406,170,233,0.7048611111111112,0.66796875,0.7048611111111112,0.7048611111111112,0.6683127572016462,0.6498696785403997,0.2996722212408487,829,"all","RF#829","RF",829
554,13,563,21,0.9634782608695652,0.4959713518352731,0.9634782608695652,0.9634782608695652,0.6548463356973996,0.4926151172893136,-0.013940887739802385,829,"all","NB#829","NB",829
322,471,105,253,0.8177083333333334,0.7540983606557377,0.8177083333333334,0.8177083333333334,0.7246153846153846,0.6889661164205039,0.37779274354777326,829,"all","MLP#829","MLP",829
360,364,212,215,0.6319444444444444,0.6293706293706294,0.6319444444444444,0.6319444444444444,0.6303030303030301,0.629018245004344,0.25803256959195175,830,"all","DT#830","DT",830
351,405,171,224,0.703125,0.6724137931034483,0.703125,0.703125,0.6721991701244813,0.6568201563857515,0.3135848731858074,830,"all","RF#830","RF",830
553,30,546,22,0.9617391304347827,0.5769230769230769,0.9617391304347827,0.9617391304347827,0.6606929510155316,0.5065160729800173,0.01381153797418689,830,"all","NB#830","NB",830
350,442,134,225,0.7673611111111112,0.7231404958677686,0.7673611111111112,0.7673611111111112,0.7111826226870475,0.6880973066898349,0.3761084327708064,830,"all","MLP#830","MLP",830
339,342,234,236,0.59375,0.5916955017301038,0.59375,0.59375,0.5927209705372617,0.5916594265855778,0.18331577088095086,831,"all","DT#831","DT",831
328,421,155,247,0.7309027777777778,0.6790890269151139,0.7309027777777778,0.7309027777777778,0.6768488745980709,0.6507384882710686,0.30137941863906215,831,"all","RF#831","RF",831
550,26,550,25,0.9565217391304348,0.5098039215686274,0.9565217391304348,0.9565217391304348,0.6567164179104478,0.5004344048653345,0.0016593128936155121,831,"all","NB#831","NB",831
318,445,131,257,0.7725694444444444,0.7082405345211581,0.7725694444444444,0.7725694444444444,0.6964006259780908,0.6629018245004344,0.3256748717298279,831,"all","MLP#831","MLP",831
352,362,214,223,0.6284722222222222,0.6219081272084805,0.6284722222222222,0.6284722222222222,0.623600344530577,0.6203301476976543,0.24064940495870268,832,"all","DT#832","DT",832
349,374,202,226,0.6493055555555556,0.6333938294010889,0.6493055555555556,0.6493055555555556,0.6360544217687075,0.6281494352736751,0.2562713624889791,832,"all","RF#832","RF",832
8,557,19,567,0.9670138888888888,0.49555160142348753,0.9670138888888888,0.9670138888888888,0.6552941176470588,0.4908774978279757,-0.0190888597450789,832,"all","NB#832","NB",832
357,416,160,218,0.7222222222222222,0.690522243713733,0.7222222222222222,0.7222222222222222,0.687603305785124,0.6715899218071243,0.3431218313197715,832,"all","MLP#832","MLP",832
362,335,241,213,0.6295652173913043,0.6113138686131386,0.6295652173913043,0.6295652173913043,0.6146010186757216,0.6055603822762815,0.21115351404228086,833,"all","DT#833","DT",833
362,413,163,213,0.7170138888888888,0.6895238095238095,0.7170138888888888,0.7170138888888888,0.6871880199667221,0.6733275412684622,0.346605269117536,833,"all","RF#833","RF",833
526,66,510,49,0.9147826086956522,0.5739130434782609,0.9147826086956522,0.9147826086956522,0.6530105524518932,0.5143353605560382,0.029345518894609953,833,"all","NB#833","NB",833
356,438,138,219,0.7604166666666666,0.7206477732793523,0.7604166666666666,0.7604166666666666,0.7104622871046229,0.6898349261511729,0.3795935191350392,833,"all","MLP#833","MLP",833
334,337,239,241,0.5850694444444444,0.583044982698962,0.5850694444444444,0.5850694444444444,0.584055459272097,0.582971329278888,0.1659395106869285,834,"all","DT#834","DT",834
347,397,179,228,0.6892361111111112,0.6596958174904943,0.6892361111111112,0.6892361111111112,0.6611157368859284,0.6463944396177237,0.2927360266686395,834,"all","RF#834","RF",834
509,95,481,66,0.8852173913043478,0.5900621118012422,0.8852173913043478,0.8852173913043478,0.650479233226837,0.5247610773240661,0.050116548358139244,834,"all","NB#834","NB",834
336,449,127,239,0.7795138888888888,0.7257019438444925,0.7795138888888888,0.7795138888888888,0.7104430379746837,0.682015638575152,0.36392324789215563,834,"all","MLP#834","MLP",834
357,336,240,218,0.6208695652173913,0.6064981949458483,0.6208695652173913,0.6208695652173913,0.6092150170648464,0.6020851433536055,0.2041961166748689,835,"all","DT#835","DT",835
355,390,186,220,0.6770833333333334,0.6561922365988909,0.6770833333333334,0.6770833333333334,0.657672849915683,0.6472632493483927,0.2944897533991782,835,"all","RF#835","RF",835
398,244,332,177,0.6921739130434783,0.5795724465558195,0.6921739130434783,0.6921739130434783,0.6099616858237548,0.5577758470894874,0.11575793707692195,835,"all","NB#835","NB",835
315,447,129,260,0.7760416666666666,0.7094594594594594,0.7760416666666666,0.7760416666666666,0.69680436477007,0.6620330147697654,0.3239318162257329,835,"all","MLP#835","MLP",835
341,355,221,234,0.6163194444444444,0.6067615658362989,0.6163194444444444,0.6163194444444444,0.6094420600858369,0.6046915725456126,0.20936703165973986,836,"all","DT#836","DT",836
341,394,182,234,0.6840277777777778,0.6520076481835564,0.6840277777777778,0.6840277777777778,0.6544850498338871,0.6385751520417029,0.2770930085091221,836,"all","RF#836","RF",836
465,169,407,110,0.808695652173913,0.6057347670250897,0.808695652173913,0.808695652173913,0.6427090532135453,0.5508253692441355,0.10205267263923017,836,"all","NB#836","NB",836
351,412,164,224,0.7152777777777778,0.6815533980582524,0.7152777777777778,0.7152777777777778,0.6798679867986799,0.6629018245004344,0.32574206600839456,836,"all","MLP#836","MLP",836
345,329,247,230,0.6,0.5885509838998211,0.6,0.6,0.5912596401028278,0.5855777584708949,0.17117616244752173,837,"all","DT#837","DT",837
344,407,169,231,0.7065972222222222,0.6705653021442495,0.7065972222222222,0.7065972222222222,0.670510708401977,0.6524761077324066,0.30488662888132645,837,"all","RF#837","RF",837
357,280,296,218,0.6208695652173913,0.5622489959839357,0.6208695652173913,0.6208695652173913,0.5814332247557003,0.5534317984361424,0.10696808044946379,837,"all","NB#837","NB",837
358,433,143,217,0.7517361111111112,0.7145708582834331,0.7517361111111112,0.7517361111111112,0.7063621533442089,0.687228496959166,0.3743866313567639,837,"all","MLP#837","MLP",837
367,331,245,208,0.6382608695652174,0.614100185528757,0.6382608695652174,0.6382608695652174,0.6183656276326873,0.6064291920069504,0.21290175518577606,838,"all","DT#838","DT",838
325,392,184,250,0.6805555555555556,0.6385068762278978,0.6805555555555556,0.6805555555555556,0.6436781609195402,0.6229365768896612,0.24579743754661543,838,"all","RF#838","RF",838
213,438,138,362,0.7604166666666666,0.6068376068376068,0.7604166666666666,0.7604166666666666,0.6366279069767442,0.5655951346655083,0.13089571352631324,838,"all","NB#838","NB",838
321,460,116,254,0.7986111111111112,0.7345537757437071,0.7986111111111112,0.7986111111111112,0.7131782945736435,0.6785403996524761,0.356946344498099,838,"all","MLP#838","MLP",838
357,335,241,218,0.6208695652173913,0.6057866184448463,0.6208695652173913,0.6208695652173913,0.6086956521739131,0.6012163336229366,0.2024597575869196,839,"all","DT#839","DT",839
340,391,185,235,0.6788194444444444,0.6476190476190476,0.6788194444444444,0.6788194444444444,0.6505823627287853,0.6350999131190269,0.27014418358873704,839,"all","RF#839","RF",839
526,85,491,49,0.9147826086956522,0.6343283582089553,0.9147826086956522,0.9147826086956522,0.6608040201005025,0.5308427454387489,0.062310475196200525,839,"all","NB#839","NB",839
354,401,175,221,0.6961805555555556,0.6691871455576559,0.6961805555555556,0.6961805555555556,0.6694490818030051,0.6559513466550826,0.3118543860231841,839,"all","MLP#839","MLP",839
368,329,247,207,0.64,0.6138059701492538,0.64,0.64,0.6184873949579833,0.6055603822762815,0.21116780387657755,840,"all","DT#840","DT",840
342,398,178,233,0.6909722222222222,0.6576923076923077,0.6909722222222222,0.6909722222222222,0.6594863297431648,0.6429192006950478,0.2857785595120369,840,"all","RF#840","RF",840
196,460,116,379,0.7986111111111112,0.6282051282051282,0.7986111111111112,0.7986111111111112,0.6501766784452297,0.5699391833188532,0.13953607788116365,840,"all","NB#840","NB",840
348,454,122,227,0.7881944444444444,0.7404255319148936,0.7881944444444444,0.7881944444444444,0.722354813046937,0.6967854039965248,0.39347420711314446,840,"all","MLP#840","MLP",840
356,322,254,219,0.6191304347826087,0.5951940850277264,0.6191304347826087,0.6191304347826087,0.60084388185654,0.5890529973935708,0.1781487995048569,841,"all","DT#841","DT",841
353,387,189,222,0.671875,0.6512915129151291,0.671875,0.671875,0.6531645569620254,0.6429192006950478,0.28580228181657613,841,"all","RF#841","RF",841
416,215,361,159,0.7234782608695652,0.5748663101604278,0.7234782608695652,0.7234782608695652,0.6153846153846154,0.5482189400521286,0.09671265707015671,841,"all","NB#841","NB",841
335,428,148,240,0.7430555555555556,0.6935817805383023,0.7430555555555556,0.7430555555555556,0.6881028938906754,0.6629018245004344,0.32570948863670685,841,"all","MLP#841","MLP",841
357,340,236,218,0.6208695652173913,0.6093189964157706,0.6208695652173913,0.6208695652173913,0.6113013698630138,0.6055603822762815,0.21114160545154262,842,"all","DT#842","DT",842
344,389,187,231,0.6753472222222222,0.647834274952919,0.6753472222222222,0.6753472222222222,0.6505016722408027,0.6368375325803649,0.2736262674453014,842,"all","RF#842","RF",842
121,494,82,454,0.8576388888888888,0.5960591133004927,0.8576388888888888,0.8576388888888888,0.6482939632545932,0.5343179843614249,0.0681119227585541,842,"all","NB#842","NB",842
350,411,165,225,0.7135416666666666,0.6796116504854369,0.7135416666666666,0.7135416666666666,0.6782178217821782,0.6611642050390965,0.32226650964761305,842,"all","MLP#842","MLP",842
347,364,212,228,0.6319444444444444,0.6207513416815742,0.6319444444444444,0.6319444444444444,0.6232876712328768,0.6177237185056472,0.23542839199014462,843,"all","DT#843","DT",843
348,407,169,227,0.7065972222222222,0.6731141199226306,0.7065972222222222,0.7065972222222222,0.6727272727272726,0.6559513466550826,0.3118419185254749,843,"all","RF#843","RF",843
146,497,79,429,0.8628472222222222,0.6488888888888888,0.8628472222222222,0.8628472222222222,0.6617842876165113,0.5586446568201564,0.11682199229665444,843,"all","NB#843","NB",843
336,439,137,239,0.7621527777777778,0.7103594080338267,0.7621527777777778,0.7621527777777778,0.7001594896331738,0.6733275412684622,0.3465539681533086,843,"all","MLP#843","MLP",843
377,308,268,198,0.6556521739130434,0.6086956521739131,0.6556521739130434,0.6556521739130434,0.6180327868852458,0.5951346655082537,0.19035428019382003,844,"all","DT#844","DT",844
358,377,199,217,0.6545138888888888,0.6427289048473968,0.6545138888888888,0.6545138888888888,0.6444444444444444,0.6385751520417029,0.2771301152507164,844,"all","RF#844","RF",844
369,273,303,206,0.6417391304347826,0.569937369519833,0.6417391304347826,0.6417391304347826,0.5918203688853247,0.5577758470894874,0.11568052383633422,844,"all","NB#844","NB",844
363,422,154,212,0.7326388888888888,0.7021276595744681,0.7326388888888888,0.7326388888888888,0.6975206611570248,0.682015638575152,0.36397510651596904,844,"all","MLP#844","MLP",844
329,363,213,246,0.6302083333333334,0.6070110701107011,0.6302083333333334,0.6302083333333334,0.6126582278481013,0.6012163336229366,0.20239232932800102,845,"all","DT#845","DT",845
335,399,177,240,0.6927083333333334,0.654296875,0.6927083333333334,0.6927083333333334,0.6567901234567902,0.6377063423110338,0.27534321651968696,845,"all","RF#845","RF",845
407,216,360,168,0.7078260869565217,0.5625,0.7078260869565217,0.7078260869565217,0.6065573770491804,0.5412684622067767,0.0828020863517821,845,"all","NB#845","NB",845
326,457,119,249,0.7934027777777778,0.7325842696629213,0.7934027777777778,0.7934027777777778,0.7129485179407177,0.680278019113814,0.36043003608800017,845,"all","MLP#845","MLP",845
348,357,219,227,0.6197916666666666,0.6137566137566137,0.6197916666666666,0.6197916666666666,0.6155172413793104,0.6125108601216334,0.22501177550453502,846,"all","DT#846","DT",846
338,408,168,237,0.7083333333333334,0.6679841897233202,0.7083333333333334,0.7083333333333334,0.6683046683046683,0.6481320590790617,0.29619027344333876,846,"all","RF#846","RF",846
401,210,366,174,0.697391304347826,0.546875,0.697391304347826,0.697391304347826,0.5976154992548436,0.5308427454387489,0.06195667922341344,846,"all","NB#846","NB",846
338,462,114,237,0.8020833333333334,0.7477876106194691,0.8020833333333334,0.8020833333333334,0.7247058823529412,0.6950477845351868,0.38998183539515946,846,"all","MLP#846","MLP",846
352,339,237,223,0.6121739130434782,0.603202846975089,0.6121739130434782,0.6121739130434782,0.6048109965635738,0.6003475238922676,0.20071133762269522,847,"all","DT#847","DT",847
368,394,182,207,0.6840277777777778,0.6690909090909091,0.6840277777777778,0.6840277777777778,0.6694987255734919,0.6620330147697654,0.324040007548594,847,"all","RF#847","RF",847
563,14,562,12,0.9791304347826087,0.5384615384615384,0.9791304347826087,0.9791304347826087,0.6623529411764706,0.5013032145960035,0.003433139754129344,847,"all","NB#847","NB",847
370,432,144,205,0.75,0.7198443579766537,0.75,0.75,0.7122835943940643,0.6967854039965248,0.39351449937267774,847,"all","MLP#847","MLP",847
347,347,229,228,0.6034782608695652,0.6034782608695652,0.6034782608695652,0.6034782608695652,0.6029539530842746,0.6029539530842746,0.20590850557290835,848,"all","DT#848","DT",848
347,386,190,228,0.6701388888888888,0.6461824953445066,0.6701388888888888,0.6701388888888888,0.6487394957983194,0.6368375325803649,0.2736328472949837,848,"all","RF#848","RF",848
519,80,496,56,0.9026086956521739,0.5882352941176471,0.9026086956521739,0.9026086956521739,0.6528301886792452,0.5204170286707211,0.041470038018224645,848,"all","NB#848","NB",848
335,433,143,240,0.7517361111111112,0.700836820083682,0.7517361111111112,0.7517361111111112,0.6933546837469977,0.6672458731537794,0.33439377445066704,848,"all","MLP#848","MLP",848
358,330,246,217,0.6226086956521739,0.603290676416819,0.6226086956521739,0.6226086956521739,0.6072943172179813,0.5977410947002606,0.19551680255544363,849,"all","DT#849","DT",849
339,395,181,236,0.6857638888888888,0.6519230769230769,0.6857638888888888,0.6857638888888888,0.6545153272576636,0.6377063423110338,0.2753519691399497,849,"all","RF#849","RF",849
299,368,208,276,0.6388888888888888,0.5897435897435898,0.6388888888888888,0.6388888888888888,0.6032786885245901,0.579496090356212,0.15890520162093935,849,"all","NB#849","NB",849
330,466,110,245,0.8090277777777778,0.75,0.8090277777777778,0.8090277777777778,0.7241647241647241,0.6915725456125109,0.3830188821695244,849,"all","MLP#849","MLP",849
354,363,213,221,0.6302083333333334,0.6243386243386243,0.6302083333333334,0.6302083333333334,0.6258620689655172,0.6229365768896612,0.2458634766120364,850,"all","DT#850","DT",850
341,411,165,234,0.7135416666666666,0.6739130434782609,0.7135416666666666,0.7135416666666666,0.6732186732186732,0.6533449174630755,0.30661708420714107,850,"all","RF#850","RF",850
431,185,391,144,0.7495652173913043,0.5623100303951368,0.7495652173913043,0.7495652173913043,0.6170365068002863,0.5351867940920938,0.07071940263820692,850,"all","NB#850","NB",850
353,453,123,222,0.7864583333333334,0.7415966386554622,0.7864583333333334,0.7864583333333334,0.7242206235011991,0.7002606429192006,0.4004312238695093,850,"all","MLP#850","MLP",850
329,361,215,246,0.6267361111111112,0.6047794117647058,0.6267361111111112,0.6267361111111112,0.610312764158918,0.5994787141615986,0.19891933348330015,851,"all","DT#851","DT",851
343,386,190,232,0.6701388888888888,0.6435272045028143,0.6701388888888888,0.6701388888888888,0.6465661641541038,0.6333622936576889,0.2666775369211212,851,"all","RF#851","RF",851
14,562,14,561,0.9756944444444444,0.5004452359750667,0.9756944444444444,0.9756944444444444,0.6615656268393172,0.5004344048653345,0.000042305466621868764,851,"all","NB#851","NB",851
368,428,148,207,0.7430555555555556,0.7131782945736435,0.7430555555555556,0.7430555555555556,0.7068538398018167,0.6915725456125109,0.3830896773716259,851,"all","MLP#851","MLP",851
361,349,227,214,0.6278260869565218,0.6198934280639432,0.6278260869565218,0.6278260869565218,0.6208082545141875,0.6168549087749783,0.23372427775421087,852,"all","DT#852","DT",852
352,379,197,223,0.6579861111111112,0.6411657559198543,0.6579861111111112,0.6579861111111112,0.6434634974533108,0.6350999131190269,0.27017062867805797,852,"all","RF#852","RF",852
434,171,405,141,0.7547826086956522,0.5480769230769231,0.7547826086956522,0.7547826086956522,0.6138613861386139,0.525629887054735,0.05163702872043754,852,"all","NB#852","NB",852
337,436,140,238,0.7569444444444444,0.7064989517819706,0.7569444444444444,0.7569444444444444,0.6976,0.6715899218071243,0.3430821588942809,852,"all","MLP#852","MLP",852
370,328,248,205,0.6434782608695652,0.6153846153846154,0.6434782608695652,0.6434782608695652,0.6202849958088851,0.6064291920069504,0.2129088842360775,853,"all","DT#853","DT",853
335,386,190,240,0.6701388888888888,0.638095238095238,0.6701388888888888,0.6701388888888888,0.6422628951747088,0.6264118158123371,0.2527666641503736,853,"all","RF#853","RF",853
8,569,7,567,0.9878472222222222,0.5333333333333333,0.9878472222222222,0.9878472222222222,0.6647196261682243,0.5013032145960035,0.0017617551069744922,853,"all","NB#853","NB",853
311,446,130,264,0.7743055555555556,0.7052154195011338,0.7743055555555556,0.7743055555555556,0.6936236391912909,0.6576889661164205,0.31523889192560084,853,"all","MLP#853","MLP",853
359,340,236,216,0.6243478260869565,0.6115107913669064,0.6243478260869565,0.6243478260869565,0.6136752136752137,0.6072980017376195,0.21461912381872522,854,"all","DT#854","DT",854
355,392,184,220,0.6805555555555556,0.6586270871985158,0.6805555555555556,0.6805555555555556,0.6599326599326599,0.6490008688097306,0.2979630535475961,854,"all","RF#854","RF",854
524,71,505,51,0.9113043478260869,0.5819672131147541,0.9113043478260869,0.9113043478260869,0.6533665835411472,0.5169417897480452,0.034544560340587935,854,"all","NB#854","NB",854
376,406,170,199,0.7048611111111112,0.6886446886446886,0.7048611111111112,0.7048611111111112,0.6875529212531752,0.6794092093831451,0.3587898624788828,854,"all","MLP#854","MLP",854
366,334,242,209,0.6365217391304347,0.6151012891344383,0.6365217391304347,0.6365217391304347,0.6187658495350803,0.6081668114682884,0.21637207083584298,855,"all","DT#855","DT",855
352,368,208,223,0.6388888888888888,0.6285714285714286,0.6388888888888888,0.6388888888888888,0.6306769494430162,0.6255430060816681,0.2510684873600701,855,"all","RF#855","RF",855
17,558,18,558,0.96875,0.5,0.96875,0.96875,0.6595744680851063,0.49956559513466553,-0.001686157193364133,855,"all","NB#855","NB",855
359,428,148,216,0.7430555555555556,0.7080867850098619,0.7430555555555556,0.7430555555555556,0.7016393442622951,0.68375325803649,0.36744110204549985,855,"all","MLP#855","MLP",855
346,336,240,229,0.6017391304347826,0.5946902654867257,0.6017391304347826,0.6017391304347826,0.5960378983634798,0.5925282363162467,0.18506939045396276,856,"all","DT#856","DT",856
347,391,185,228,0.6788194444444444,0.6522556390977443,0.6788194444444444,0.6788194444444444,0.6543933054393306,0.6411815812337098,0.2823160319887915,856,"all","RF#856","RF",856
445,182,394,130,0.7739130434782608,0.5833333333333334,0.7739130434782608,0.7739130434782608,0.6294200848656294,0.5447437011294527,0.08984945613463245,856,"all","NB#856","NB",856
321,446,130,254,0.7743055555555556,0.7117516629711752,0.7743055555555556,0.7743055555555556,0.6990595611285266,0.6663770634231103,0.33262869256926114,856,"all","MLP#856","MLP",856
366,338,238,209,0.6365217391304347,0.6179159049360147,0.6365217391304347,0.6365217391304347,0.6208651399491093,0.6116420503909644,0.22331751780190792,857,"all","DT#857","DT",857
359,398,178,216,0.6909722222222222,0.6685288640595903,0.6909722222222222,0.6909722222222222,0.66890756302521,0.6576889661164205,0.3153381383593865,857,"all","RF#857","RF",857
532,81,495,43,0.9252173913043479,0.6532258064516129,0.9252173913043479,0.9252173913043479,0.6641697877652935,0.5325803649000869,0.06579749325641315,857,"all","NB#857","NB",857
312,477,99,263,0.828125,0.7591240875912408,0.828125,0.828125,0.7249240121580548,0.685490877497828,0.37082550631496924,857,"all","MLP#857","MLP",857
327,361,215,248,0.6267361111111112,0.6033210332103321,0.6267361111111112,0.6267361111111112,0.609282700421941,0.5977410947002606,0.19544149995395302,858,"all","DT#858","DT",858
347,401,175,228,0.6961805555555556,0.6647509578544061,0.6961805555555556,0.6961805555555556,0.6655601659751038,0.6498696785403997,0.29968279466805164,858,"all","RF#858","RF",858
25,561,15,550,0.9739583333333334,0.625,0.9739583333333334,0.9739583333333334,0.6650859513930053,0.5091225021720244,0.017450688584530027,858,"all","NB#858","NB",858
342,459,117,233,0.796875,0.7450980392156863,0.796875,0.796875,0.7239747634069401,0.6959165942658557,0.39172620809199665,858,"all","MLP#858","MLP",858
362,331,245,213,0.6295652173913043,0.6084558823529411,0.6295652173913043,0.6295652173913043,0.6125211505922166,0.6020851433536055,0.2042081300420268,859,"all","DT#859","DT",859
377,388,188,198,0.6736111111111112,0.6672566371681415,0.6736111111111112,0.6736111111111112,0.6678141135972461,0.6646394439617723,0.32926825586135056,859,"all","RF#859","RF",859
104,526,50,471,0.9131944444444444,0.6753246753246753,0.9131944444444444,0.9131944444444444,0.6687857596948507,0.5473501303214596,0.0941238317227586,859,"all","NB#859","NB",859
404,387,189,171,0.7026086956521739,0.6935483870967742,0.7026086956521739,0.7026086956521739,0.6917808219178083,0.687228496959166,0.3744735197413114,859,"all","MLP#859","MLP",859
339,355,221,236,0.6163194444444444,0.6053571428571428,0.6163194444444444,0.6163194444444444,0.6083976006855184,0.6029539530842746,0.2058893241845755,860,"all","DT#860","DT",860
335,416,160,240,0.7222222222222222,0.6767676767676768,0.7222222222222222,0.7222222222222222,0.6753246753246753,0.6524761077324066,0.3048677376494746,860,"all","RF#860","RF",860
364,247,329,211,0.6330434782608696,0.5393013100436681,0.6330434782608696,0.6330434782608696,0.5741324921135647,0.5308427454387489,0.061851904401087954,860,"all","NB#860","NB",860
306,447,129,269,0.7760416666666666,0.7034482758620689,0.7760416666666666,0.7760416666666666,0.6919504643962847,0.6542137271937446,0.3082807356627306,860,"all","MLP#860","MLP",860
355,355,221,220,0.6173913043478261,0.6173913043478261,0.6173913043478261,0.6173913043478261,0.6168549087749783,0.6168549087749783,0.23371039596860516,861,"all","DT#861","DT",861
335,374,202,240,0.6493055555555556,0.6238361266294227,0.6493055555555556,0.6493055555555556,0.6285714285714286,0.6159860990443093,0.23192755623058095,861,"all","RF#861","RF",861
115,520,56,460,0.9027777777777778,0.672514619883041,0.9027777777777778,0.9027777777777778,0.6683804627249358,0.5516941789748045,0.10284050054683104,861,"all","NB#861","NB",861
379,423,153,196,0.734375,0.7124060150375939,0.734375,0.734375,0.7079497907949792,0.6967854039965248,0.393530981026848,861,"all","MLP#861","MLP",861
369,329,247,206,0.6417391304347826,0.6149532710280374,0.6417391304347826,0.6417391304347826,0.6196473551637279,0.6064291920069504,0.21290650790032614,862,"all","DT#862","DT",862
332,409,167,243,0.7100694444444444,0.6653306613226453,0.7100694444444444,0.7100694444444444,0.6661237785016287,0.6437880104257168,0.2874937341844776,862,"all","RF#862","RF",862
537,43,533,38,0.9339130434782609,0.5308641975308642,0.9339130434782609,0.9339130434782609,0.652887537993921,0.5039096437880104,0.008559424946635615,862,"all","NB#862","NB",862
387,430,146,188,0.7465277777777778,0.726078799249531,0.7465277777777778,0.7465277777777778,0.7202680067001674,0.7098175499565595,0.4195978609754847,862,"all","MLP#862","MLP",862
354,352,224,221,0.6156521739130435,0.6143106457242583,0.6156521739130435,0.6156521739130435,0.614050303555941,0.6133796698523023,0.2267622580211744,863,"all","DT#863","DT",863
346,400,176,229,0.6944444444444444,0.6628352490421456,0.6944444444444444,0.6944444444444444,0.6639004149377593,0.6481320590790617,0.2962072750386126,863,"all","RF#863","RF",863
532,70,506,43,0.9252173913043479,0.6194690265486725,0.9252173913043479,0.9252173913043479,0.6596404215747056,0.5230234578627281,0.04671251827300666,863,"all","NB#863","NB",863
320,450,126,255,0.78125,0.7174887892376681,0.78125,0.78125,0.702576112412178,0.6689834926151172,0.337837531765697,863,"all","MLP#863","MLP",863
323,353,223,252,0.6128472222222222,0.5915750915750916,0.6128472222222222,0.6128472222222222,0.5977984758679086,0.5873153779322329,0.1745939964159061,864,"all","DT#864","DT",864
314,422,154,261,0.7326388888888888,0.6709401709401709,0.7326388888888888,0.7326388888888888,0.670373312152502,0.6394439617723718,0.2787708763341904,864,"all","RF#864","RF",864
540,69,507,35,0.9391304347826087,0.6634615384615384,0.9391304347826087,0.9391304347826087,0.6658446362515413,0.529105125977411,0.0588801457898359,864,"all","NB#864","NB",864
352,419,157,223,0.7274305555555556,0.6915520628683693,0.7274305555555556,0.7274305555555556,0.6880131362889983,0.6698523023457863,0.3396383093726126,864,"all","MLP#864","MLP",864
348,351,225,227,0.609375,0.6073298429319371,0.609375,0.609375,0.608318890814558,0.6072980017376195,0.21459303923019102,865,"all","DT#865","DT",865
349,382,194,226,0.6631944444444444,0.6427255985267035,0.6631944444444444,0.6631944444444444,0.6452702702702703,0.6350999131190269,0.2701640175853905,865,"all","RF#865","RF",865
504,111,465,71,0.8765217391304347,0.6098901098901099,0.8765217391304347,0.8765217391304347,0.6528497409326425,0.5343179843614249,0.06918891842714331,865,"all","NB#865","NB",865
388,414,162,187,0.71875,0.7054545454545454,0.71875,0.71875,0.7034834324553951,0.6967854039965248,0.3935474617852425,865,"all","MLP#865","MLP",865
358,363,213,217,0.6302083333333334,0.626970227670753,0.6302083333333334,0.6302083333333334,0.6280276816608997,0.6264118158123371,0.25281855566760664,866,"all","DT#866","DT",866
331,412,164,244,0.7152777777777778,0.6686868686868687,0.7152777777777778,0.7152777777777778,0.6688311688311689,0.6455256298870548,0.2909650924024641,866,"all","RF#866","RF",866
402,257,319,173,0.6991304347826087,0.5976744186046512,0.6991304347826087,0.6991304347826087,0.6203703703703705,0.5725456125108601,0.14527896930930073,866,"all","NB#866","NB",866
313,469,107,262,0.8142361111111112,0.7452380952380953,0.8142361111111112,0.8142361111111112,0.7176740627390972,0.6794092093831451,0.35866786461203937,866,"all","MLP#866","MLP",866
333,363,213,242,0.6302083333333334,0.6098901098901099,0.6302083333333334,0.6302083333333334,0.6147332768839966,0.6046915725456126,0.20934793340892063,867,"all","DT#867","DT",867
344,410,166,231,0.7118055555555556,0.6745098039215687,0.7118055555555556,0.7118055555555556,0.6737880032867708,0.6550825369244135,0.31009685431088485,867,"all","RF#867","RF",867
243,394,182,332,0.6840277777777778,0.571764705882353,0.6840277777777778,0.6840277777777778,0.6052227342549924,0.5534317984361424,0.10666062665156666,867,"all","NB#867","NB",867
353,428,148,222,0.7430555555555556,0.7045908183632734,0.7430555555555556,0.7430555555555556,0.698205546492659,0.6785403996524761,0.35700848222778514,867,"all","MLP#867","MLP",867
369,333,243,206,0.6417391304347826,0.6178107606679035,0.6417391304347826,0.6417391304347826,0.6217354675652906,0.6099044309296264,0.21985185006272295,868,"all","DT#868","DT",868
351,390,186,224,0.6770833333333334,0.6536312849162011,0.6770833333333334,0.6770833333333334,0.6554621848739496,0.6437880104257168,0.287534610983118,868,"all","RF#868","RF",868
543,55,521,32,0.9443478260869566,0.632183908045977,0.9443478260869566,0.9443478260869566,0.6625991458206223,0.5195482189400521,0.03980455249672257,868,"all","NB#868","NB",868
358,432,144,217,0.75,0.7131474103585658,0.75,0.75,0.7053061224489795,0.6863596872284969,0.372649763636391,868,"all","MLP#868","MLP",868
353,356,220,222,0.6180555555555556,0.6160558464223386,0.6180555555555556,0.6180555555555556,0.6169844020797228,0.6159860990443093,0.23196929942421338,869,"all","DT#869","DT",869
330,401,175,245,0.6961805555555556,0.6534653465346535,0.6961805555555556,0.6961805555555556,0.6563011456628478,0.6350999131190269,0.27012214455029965,869,"all","RF#869","RF",869
257,387,189,318,0.671875,0.5762331838565022,0.671875,0.671875,0.6042154566744731,0.5595134665508253,0.11885466825514014,869,"all","NB#869","NB",869
367,418,158,208,0.7256944444444444,0.699047619047619,0.7256944444444444,0.7256944444444444,0.6955074875207987,0.682015638575152,0.3639827885558994,869,"all","MLP#869","MLP",869
364,346,230,211,0.6330434782608696,0.6211849192100538,0.6330434782608696,0.6330434782608696,0.6227544910179642,0.6168549087749783,0.23373121845840777,870,"all","DT#870","DT",870
368,398,178,207,0.6909722222222222,0.673992673992674,0.6909722222222222,0.6909722222222222,0.6740050804403048,0.6655082536924414,0.33098671288447123,870,"all","RF#870","RF",870
551,35,541,24,0.9582608695652174,0.5932203389830508,0.9582608695652174,0.9582608695652174,0.6610677864427115,0.5091225021720244,0.01900992130236522,870,"all","NB#870","NB",870
340,429,147,235,0.7447916666666666,0.6981519507186859,0.7447916666666666,0.7447916666666666,0.6919354838709677,0.6681146828844483,0.3361406708620711,870,"all","MLP#870","MLP",870
349,353,223,226,0.6128472222222222,0.6101398601398601,0.6128472222222222,0.6128472222222222,0.6112554112554112,0.6099044309296264,0.2198047394538323,871,"all","DT#871","DT",871
335,412,164,240,0.7152777777777778,0.6713426853707415,0.7152777777777778,0.7152777777777778,0.6710097719869706,0.6490008688097306,0.2979206551476315,871,"all","RF#871","RF",871
120,523,53,455,0.9079861111111112,0.6936416184971098,0.9079861111111112,0.9079861111111112,0.6731016731016731,0.5586446568201564,0.11675261858797172,871,"all","NB#871","NB",871
352,442,134,223,0.7673611111111112,0.7242798353909465,0.7673611111111112,0.7673611111111112,0.7123287671232876,0.6898349261511729,0.3795860252962733,871,"all","MLP#871","MLP",871
356,378,198,219,0.65625,0.6425992779783394,0.65625,0.65625,0.6445012787723786,0.6377063423110338,0.27538916541738173,872,"all","DT#872","DT",872
333,410,166,242,0.7118055555555556,0.6673346693386774,0.7118055555555556,0.7118055555555556,0.6677524429967427,0.6455256298870548,0.29096937450552895,872,"all","RF#872","RF",872
531,58,518,44,0.9234782608695652,0.5686274509803921,0.9234782608695652,0.9234782608695652,0.6539408866995073,0.5117289313640313,0.02415542018543498,872,"all","NB#872","NB",872
363,435,141,212,0.7552083333333334,0.7202380952380952,0.7552083333333334,0.7552083333333334,0.7113654946852003,0.6933101650738488,0.3865541143449856,872,"all","MLP#872","MLP",872
345,353,223,230,0.6128472222222222,0.6073943661971831,0.6128472222222222,0.6128472222222222,0.6091458153580673,0.6064291920069504,0.2128494715372897,873,"all","DT#873","DT",873
329,403,173,246,0.6996527777777778,0.6553784860557769,0.6996527777777778,0.6996527777777778,0.6579591836734694,0.635968722849696,0.2718566508688307,873,"all","RF#873","RF",873
466,155,421,109,0.8104347826086956,0.5871212121212122,0.8104347826086956,0.8104347826086956,0.6374829001367989,0.5395308427454387,0.079494561740243,873,"all","NB#873","NB",873
353,457,119,222,0.7934027777777778,0.7478813559322034,0.7934027777777778,0.7934027777777778,0.7282868525896414,0.7037358818418766,0.40737916674845276,873,"all","MLP#873","MLP",873
334,336,240,241,0.5833333333333334,0.5823223570190641,0.5833333333333334,0.5833333333333334,0.5828274067649609,0.5821025195482189,0.1642031464419481,874,"all","DT#874","DT",874
332,408,168,243,0.7083333333333334,0.664,0.7083333333333334,0.7083333333333334,0.6650366748166259,0.6429192006950478,0.28575699241309044,874,"all","RF#874","RF",874
520,87,489,55,0.9043478260869565,0.6126760563380281,0.9043478260869565,0.9043478260869565,0.6565656565656567,0.527367506516073,0.05535322569451789,874,"all","NB#874","NB",874
370,429,147,205,0.7447916666666666,0.7156673114119922,0.7447916666666666,0.7447916666666666,0.709090909090909,0.6941789748045178,0.38830392757819987,874,"all","MLP#874","MLP",874
374,349,227,201,0.6504347826086957,0.6345454545454545,0.6504347826086957,0.6504347826086957,0.6360544217687075,0.6281494352736751,0.2563274992225547,875,"all","DT#875","DT",875
335,413,163,240,0.7170138888888888,0.6726907630522089,0.7170138888888888,0.7170138888888888,0.6720911310008137,0.6498696785403997,0.2996574179063691,875,"all","RF#875","RF",875
526,71,505,49,0.9147826086956522,0.5916666666666667,0.9147826086956522,0.9147826086956522,0.6550435865504359,0.5186794092093832,0.038020324172972686,875,"all","NB#875","NB",875
364,420,156,211,0.7291666666666666,0.7,0.7291666666666666,0.7291666666666666,0.6959403479701739,0.6811468288444831,0.36224022224067526,875,"all","MLP#875","MLP",875
336,338,238,239,0.5868055555555556,0.58578856152513,0.5868055555555556,0.5868055555555556,0.5862966175195142,0.5855777584708949,0.17115364002663055,876,"all","DT#876","DT",876
325,384,192,250,0.6666666666666666,0.6286266924564797,0.6666666666666666,0.6666666666666666,0.6347107438016528,0.6159860990443093,0.2319043636067169,876,"all","RF#876","RF",876
227,421,155,348,0.7309027777777778,0.5942408376963351,0.7309027777777778,0.7309027777777778,0.6260223048327138,0.5629887054735013,0.12572201743563569,876,"all","NB#876","NB",876
349,427,149,226,0.7413194444444444,0.7008032128514057,0.7413194444444444,0.7413194444444444,0.6948738812042311,0.6741963509991312,0.3483164558682094,876,"all","MLP#876","MLP",876
346,347,229,229,0.6024305555555556,0.6024305555555556,0.6024305555555556,0.6024305555555556,0.6024305555555556,0.6020851433536055,0.204169685990338,877,"all","DT#877","DT",877
340,402,174,235,0.6979166666666666,0.6614785992217899,0.6979166666666666,0.6979166666666666,0.6628194558944766,0.6446568201563857,0.28924765112729267,877,"all","RF#877","RF",877
11,563,13,564,0.9774305555555556,0.49955634427684115,0.9774305555555556,0.9774305555555556,0.6611861421021726,0.49869678540399653,-0.0034418726930160845,877,"all","NB#877","NB",877
368,428,148,207,0.7430555555555556,0.7131782945736435,0.7430555555555556,0.7430555555555556,0.7068538398018167,0.6915725456125109,0.3830896773716259,877,"all","MLP#877","MLP",877
363,341,235,212,0.6313043478260869,0.6166365280289331,0.6313043478260869,0.6313043478260869,0.6189258312020459,0.6116420503909644,0.2233104828787649,878,"all","DT#878","DT",878
342,407,169,233,0.7065972222222222,0.6692759295499021,0.7065972222222222,0.7065972222222222,0.6694078947368421,0.6507384882710686,0.3014089525558024,878,"all","RF#878","RF",878
229,444,132,346,0.7708333333333334,0.6343490304709142,0.7708333333333334,0.7708333333333334,0.6500732064421669,0.5847089487402259,0.16914884941693145,878,"all","NB#878","NB",878
349,459,117,226,0.796875,0.7489270386266095,0.796875,0.796875,0.7279936558287075,0.7019982623805386,0.4038979844207456,878,"all","MLP#878","MLP",878
352,359,217,223,0.6232638888888888,0.6186291739894552,0.6232638888888888,0.6232638888888888,0.6200345423143351,0.6177237185056472,0.23543993454046977,879,"all","DT#879","DT",879
352,398,178,223,0.6909722222222222,0.6641509433962264,0.6909722222222222,0.6909722222222222,0.6649958228905597,0.6516072980017377,0.30316673083165385,879,"all","RF#879","RF",879
304,350,226,271,0.6076388888888888,0.5735849056603773,0.6076388888888888,0.6076388888888888,0.5847953216374269,0.5682015638575152,0.13634380354945613,879,"all","NB#879","NB",879
349,441,135,226,0.765625,0.7210743801652892,0.765625,0.765625,0.7095736122284795,0.6863596872284969,0.3726327137333178,879,"all","MLP#879","MLP",879
351,364,212,224,0.6319444444444444,0.6234458259325044,0.6319444444444444,0.6319444444444444,0.6254295532646048,0.6211989574283232,0.24238361806071357,880,"all","DT#880","DT",880
326,394,182,249,0.6840277777777778,0.6417322834645669,0.6840277777777778,0.6840277777777778,0.6464315012305168,0.6255430060816681,0.2510096884799641,880,"all","RF#880","RF",880
465,157,419,110,0.808695652173913,0.5880149812734082,0.808695652173913,0.808695652173913,0.6374228923920493,0.5403996524761078,0.08122720530428895,880,"all","NB#880","NB",880
342,450,126,233,0.78125,0.7307692307692307,0.78125,0.78125,0.7148530579825259,0.6880973066898349,0.3760933604915045,880,"all","MLP#880","MLP",880
333,362,214,242,0.6284722222222222,0.6087751371115173,0.6284722222222222,0.6284722222222222,0.6135593220338983,0.6038227628149435,0.20761143285042238,881,"all","DT#881","DT",881
344,400,176,231,0.6944444444444444,0.6615384615384615,0.6944444444444444,0.6944444444444444,0.6628003314001657,0.6463944396177237,0.2927296197600948,881,"all","RF#881","RF",881
454,175,401,121,0.7895652173913044,0.5912162162162162,0.7895652173913044,0.7895652173913044,0.6349650349650349,0.5464813205907906,0.09334520432184458,881,"all","NB#881","NB",881
337,424,152,238,0.7361111111111112,0.689161554192229,0.7361111111111112,0.7361111111111112,0.6849757673667205,0.6611642050390965,0.322239904335406,881,"all","MLP#881","MLP",881
369,344,232,206,0.6417391304347826,0.6254545454545455,0.6417391304347826,0.6417391304347826,0.6275510204081632,0.6194613379669852,0.23895197350345548,882,"all","DT#882","DT",882
368,396,180,207,0.6875,0.6715328467153284,0.6875,0.6875,0.6717557251908397,0.6637706342311034,0.32751334972892915,882,"all","RF#882","RF",882
515,98,478,60,0.8956521739130435,0.620253164556962,0.8956521739130435,0.8956521739130435,0.6568877551020408,0.5325803649000869,0.06574957228077695,882,"all","NB#882","NB",882
352,438,138,223,0.7604166666666666,0.7183673469387755,0.7604166666666666,0.7604166666666666,0.708164915117219,0.6863596872284969,0.3726383971373137,882,"all","MLP#882","MLP",882
346,318,258,229,0.6017391304347826,0.5813528336380256,0.6017391304347826,0.6017391304347826,0.5869380831212893,0.576889661164205,0.15381572968574747,883,"all","DT#883","DT",883
348,393,183,227,0.6822916666666666,0.655367231638418,0.6822916666666666,0.6822916666666666,0.657190635451505,0.6437880104257168,0.2875281570635731,883,"all","RF#883","RF",883
541,34,542,34,0.9408695652173913,0.5,0.9408695652173913,0.9408695652173913,0.6525934861278649,0.49956559513466553,-0.00010257833666204308,883,"all","NB#883","NB",883
336,453,123,239,0.7864583333333334,0.7320261437908496,0.7864583333333334,0.7864583333333334,0.7145110410094638,0.685490877497828,0.370871106655151,883,"all","MLP#883","MLP",883
357,317,259,218,0.6208695652173913,0.5925233644859813,0.6208695652173913,0.6208695652173913,0.5994962216624685,0.5855777584708949,0.17120619043809182,884,"all","DT#884","DT",884
362,366,210,213,0.6354166666666666,0.6328671328671329,0.6354166666666666,0.6354166666666666,0.6337662337662339,0.63249348392702,0.26498308416251903,884,"all","RF#884","RF",884
406,212,364,169,0.7060869565217391,0.5564304461942258,0.7060869565217391,0.7060869565217391,0.6037174721189591,0.5369244135534318,0.07412069212716663,884,"all","NB#884","NB",884
361,423,153,214,0.734375,0.7023346303501945,0.734375,0.734375,0.6974443528441879,0.6811468288444831,0.36223444489906226,884,"all","MLP#884","MLP",884
344,346,230,231,0.6006944444444444,0.5996533795493935,0.6006944444444444,0.6006944444444444,0.6001734605377277,0.5994787141615986,0.19895561436535988,885,"all","DT#885","DT",885
332,397,179,243,0.6892361111111112,0.649706457925636,0.6892361111111112,0.6892361111111112,0.6529605263157896,0.6333622936576889,0.2666531790511159,885,"all","RF#885","RF",885
151,499,77,424,0.8663194444444444,0.6622807017543859,0.8663194444444444,0.8663194444444444,0.6657771847898599,0.5647263249348393,0.12899571484458194,885,"all","NB#885","NB",885
363,415,161,212,0.7204861111111112,0.6927480916030534,0.7204861111111112,0.7204861111111112,0.6899418121363259,0.6759339704604691,0.35181754633886353,885,"all","MLP#885","MLP",885
353,352,224,222,0.6139130434782609,0.6132404181184669,0.6139130434782609,0.6139130434782609,0.6128472222222222,0.6125108601216334,0.22502347517066668,886,"all","DT#886","DT",886
337,407,169,238,0.7065972222222222,0.66600790513834,0.7065972222222222,0.7065972222222222,0.6666666666666667,0.6463944396177237,0.2927146698554046,886,"all","RF#886","RF",886
349,277,299,226,0.6069565217391304,0.5506958250497018,0.6069565217391304,0.6069565217391304,0.570727718724448,0.5438748913987836,0.08784961802216833,886,"all","NB#886","NB",886
377,427,149,198,0.7413194444444444,0.7167300380228137,0.7413194444444444,0.7413194444444444,0.7110741049125728,0.6985230234578628,0.397000985882108,886,"all","MLP#886","MLP",886
344,339,237,231,0.5982608695652174,0.5947368421052631,0.5982608695652174,0.5982608695652174,0.5951557093425606,0.5933970460469157,0.18680084419525175,887,"all","DT#887","DT",887
319,394,182,256,0.6840277777777778,0.6367265469061876,0.6840277777777778,0.6840277777777778,0.6427406199021207,0.6194613379669852,0.2388370681507293,887,"all","RF#887","RF",887
409,228,348,166,0.711304347826087,0.5786802030456852,0.711304347826087,0.711304347826087,0.6141141141141141,0.5534317984361424,0.10710825226160679,887,"all","NB#887","NB",887
316,460,116,259,0.7986111111111112,0.7314814814814815,0.7986111111111112,0.7986111111111112,0.7104247104247104,0.6741963509991312,0.34825150961031753,887,"all","MLP#887","MLP",887
365,350,226,210,0.6347826086956522,0.625,0.6347826086956522,0.6347826086956522,0.6260720411663808,0.6211989574283232,0.24241564213424796,888,"all","DT#888","DT",888
363,394,182,212,0.6840277777777778,0.6660550458715596,0.6840277777777778,0.6840277777777778,0.6666666666666667,0.6576889661164205,0.3153464075969623,888,"all","RF#888","RF",888
9,565,11,566,0.9809027777777778,0.4995579133510168,0.9809027777777778,0.9809027777777778,0.6619800820152315,0.49869678540399653,-0.0034479372058411097,888,"all","NB#888","NB",888
399,411,165,176,0.7135416666666666,0.7074468085106383,0.7135416666666666,0.7135416666666666,0.7067927773000859,0.7037358818418766,0.40746147656437537,888,"all","MLP#888","MLP",888
350,356,220,225,0.6180555555555556,0.6140350877192983,0.6180555555555556,0.6180555555555556,0.6153846153846154,0.6133796698523023,0.22675291933061062,889,"all","DT#889","DT",889
342,370,206,233,0.6423611111111112,0.6240875912408759,0.6423611111111112,0.6423611111111112,0.6276505513146734,0.6185925282363163,0.23715338638501274,889,"all","RF#889","RF",889
18,564,12,557,0.9791666666666666,0.6,0.9791666666666666,0.9791666666666666,0.6647024160282852,0.5056472632493484,0.010479636778448322,889,"all","NB#889","NB",889
342,461,115,233,0.8003472222222222,0.7483588621444202,0.8003472222222222,0.8003472222222222,0.7259842519685038,0.6976542137271937,0.39520023192537307,889,"all","MLP#889","MLP",889
345,318,258,230,0.6,0.5802919708029197,0.6,0.6,0.5857385398981323,0.5760208514335361,0.15207690496174686,890,"all","DT#890","DT",890
343,393,183,232,0.6822916666666666,0.6520912547528517,0.6822916666666666,0.6822916666666666,0.6544546211490425,0.6394439617723718,0.27883403210684377,890,"all","RF#890","RF",890
528,77,499,47,0.9182608695652174,0.6209677419354839,0.9182608695652174,0.9182608695652174,0.6591760299625469,0.525629887054735,0.051906006167289215,890,"all","NB#890","NB",890
320,430,146,255,0.7465277777777778,0.6866952789699571,0.7465277777777778,0.7465277777777778,0.6819984139571769,0.6516072980017377,0.30309939286507004,890,"all","MLP#890","MLP",890
346,354,222,229,0.6145833333333334,0.6091549295774648,0.6145833333333334,0.6145833333333334,0.6108714408973254,0.6081668114682884,0.2163247498086483,891,"all","DT#891","DT",891
343,405,171,232,0.703125,0.6673151750972762,0.703125,0.703125,0.6677658697444353,0.6498696785403997,0.29967433595183135,891,"all","RF#891","RF",891
531,46,530,44,0.9234782608695652,0.5111111111111111,0.9234782608695652,0.9234782608695652,0.6491442542787286,0.5013032145960035,0.0033369236942701976,891,"all","NB#891","NB",891
332,463,113,243,0.8038194444444444,0.7460674157303371,0.8038194444444444,0.8038194444444444,0.7223088923556943,0.6907037358818419,0.3812855783894785,891,"all","MLP#891","MLP",891
351,330,246,224,0.6104347826086957,0.5956678700361011,0.6104347826086957,0.6104347826086957,0.5989761092150172,0.5916594265855778,0.183345359906525,892,"all","DT#892","DT",892
347,401,175,228,0.6961805555555556,0.6647509578544061,0.6961805555555556,0.6961805555555556,0.6655601659751038,0.6498696785403997,0.29968279466805164,892,"all","RF#892","RF",892
425,225,351,150,0.7391304347826086,0.6,0.7391304347826086,0.7391304347826086,0.6291635825314582,0.5647263249348393,0.12971607347408176,892,"all","NB#892","NB",892
376,432,144,199,0.75,0.7230769230769231,0.75,0.75,0.7158243579121788,0.7019982623805386,0.4039465837290234,892,"all","MLP#892","MLP",892
345,364,212,230,0.6319444444444444,0.6193895870736086,0.6319444444444444,0.6319444444444444,0.6222222222222222,0.6159860990443093,0.2319507474538862,893,"all","DT#893","DT",893
333,400,176,242,0.6944444444444444,0.6542239685658153,0.6944444444444444,0.6944444444444444,0.6568144499178982,0.6368375325803649,0.2736021403098738,893,"all","RF#893","RF",893
502,115,461,73,0.8730434782608696,0.6117021276595744,0.8730434782608696,0.8730434782608696,0.6527958387516254,0.5360556038227628,0.07265369922207411,893,"all","NB#893","NB",893
334,441,135,241,0.765625,0.7121535181236673,0.765625,0.765625,0.7011128775834659,0.6733275412684622,0.3465500215916193,893,"all","MLP#893","MLP",893
328,341,235,247,0.5920138888888888,0.5825932504440497,0.5920138888888888,0.5920138888888888,0.5859106529209621,0.58123370981755,0.16245161446161452,894,"all","DT#894","DT",894
336,406,170,239,0.7048611111111112,0.6640316205533597,0.7048611111111112,0.7048611111111112,0.665028665028665,0.6446568201563857,0.2892390662674704,894,"all","RF#894","RF",894
119,516,60,456,0.8958333333333334,0.664804469273743,0.8958333333333334,0.8958333333333334,0.6666666666666666,0.5516941789748045,0.1028513422879621,894,"all","NB#894","NB",894
350,454,122,225,0.7881944444444444,0.7415254237288136,0.7881944444444444,0.7881944444444444,0.7235059760956174,0.6985230234578628,0.39695182070883617,894,"all","MLP#894","MLP",894
380,375,201,195,0.6608695652173913,0.6578947368421053,0.6608695652173913,0.6608695652173913,0.657439446366782,0.6559513466550826,0.3119084066267517,895,"all","DT#895","DT",895
339,429,147,236,0.7447916666666666,0.6975308641975309,0.7447916666666666,0.7447916666666666,0.6913779210314263,0.6672458731537794,0.33440181425342486,895,"all","RF#895","RF",895
527,74,502,48,0.9165217391304348,0.6065573770491803,0.9165217391304348,0.9165217391304348,0.6571072319201995,0.522154648132059,0.04496314422180454,895,"all","NB#895","NB",895
326,468,108,249,0.8125,0.7511520737327189,0.8125,0.8125,0.7238979118329466,0.6898349261511729,0.3795373109312218,895,"all","MLP#895","MLP",895
344,352,224,231,0.6111111111111112,0.6056338028169014,0.6111111111111112,0.6111111111111112,0.6074201898188093,0.6046915725456126,0.20937419326593132,896,"all","DT#896","DT",896
345,409,167,230,0.7100694444444444,0.673828125,0.7100694444444444,0.7100694444444444,0.6732510288065845,0.6550825369244135,0.31009893754991785,896,"all","RF#896","RF",896
512,95,481,63,0.8904347826086957,0.6012658227848101,0.8904347826086957,0.8904347826086957,0.653061224489796,0.527367506516073,0.055330422529261535,896,"all","NB#896","NB",896
330,467,109,245,0.8107638888888888,0.7517084282460137,0.8107638888888888,0.8107638888888888,0.7251552795031057,0.6924413553431799,0.3847559281494993,896,"all","MLP#896","MLP",896
363,373,203,212,0.6475694444444444,0.6413427561837456,0.6475694444444444,0.6475694444444444,0.6425495262704565,0.6394439617723718,0.27887758136810425,897,"all","DT#897","DT",897
359,412,164,216,0.7152777777777778,0.6864244741873805,0.7152777777777778,0.7152777777777778,0.6843853820598007,0.6698523023457863,0.33965226738814036,897,"all","RF#897","RF",897
538,52,524,37,0.9356521739130435,0.5842696629213483,0.9356521739130435,0.9356521739130435,0.657299938912645,0.5125977410947002,0.025910901858084406,897,"all","NB#897","NB",897
372,428,148,203,0.7430555555555556,0.7153846153846154,0.7430555555555556,0.7430555555555556,0.7091963545981773,0.6950477845351868,0.39004446323290737,897,"all","MLP#897","MLP",897
367,349,227,208,0.6382608695652174,0.6265709156193896,0.6382608695652174,0.6382608695652174,0.6278870829769033,0.6220677671589921,0.24415664405761306,898,"all","DT#898","DT",898
344,393,183,231,0.6822916666666666,0.6527514231499051,0.6822916666666666,0.6822916666666666,0.6549999999999999,0.6403127715030409,0.2805728675991015,898,"all","RF#898","RF",898
441,186,390,134,0.7669565217391304,0.58125,0.7669565217391304,0.7669565217391304,0.6273115220483642,0.5447437011294527,0.08983846822484072,898,"all","NB#898","NB",898
339,431,145,236,0.7482638888888888,0.7004132231404959,0.7482638888888888,0.7482638888888888,0.6934835076427996,0.6689834926151172,0.33787552335843235,898,"all","MLP#898","MLP",898
351,344,232,224,0.6104347826086957,0.6056338028169014,0.6104347826086957,0.6104347826086957,0.6062176165803109,0.6038227628149435,0.20765449692636562,899,"all","DT#899","DT",899
341,396,180,234,0.6875,0.654510556621881,0.6875,0.6875,0.6567164179104478,0.6403127715030409,0.2805663505177053,899,"all","RF#899","RF",899
528,86,490,47,0.9182608695652174,0.6466165413533834,0.9182608695652174,0.9182608695652174,0.6629001883239172,0.5334491746307559,0.06752126823395586,899,"all","NB#899","NB",899
354,425,151,221,0.7378472222222222,0.700990099009901,0.7378472222222222,0.7378472222222222,0.6955810147299508,0.6768027801911382,0.35353675660169404,899,"all","MLP#899","MLP",899
357,321,255,218,0.6208695652173913,0.5955473098330241,0.6208695652173913,0.6208695652173913,0.6015164279696714,0.5890529973935708,0.1781512808010421,900,"all","DT#900","DT",900
331,380,196,244,0.6597222222222222,0.6280834914611005,0.6597222222222222,0.6597222222222222,0.6333333333333333,0.6177237185056472,0.23539145348696758,900,"all","RF#900","RF",900
545,63,513,30,0.9478260869565217,0.6774193548387096,0.9478260869565217,0.9478260869565217,0.6674831598285365,0.5282363162467419,0.057159408221360244,900,"all","NB#900","NB",900
348,414,162,227,0.71875,0.6823529411764706,0.71875,0.71875,0.6803615447822514,0.6620330147697654,0.323999184702605,900,"all","MLP#900","MLP",900
356,343,233,219,0.6191304347826087,0.6103202846975089,0.6191304347826087,0.6191304347826087,0.6116838487972508,0.6072980017376195,0.21461201001186572,901,"all","DT#901","DT",901
356,384,192,219,0.6666666666666666,0.6496350364963503,0.6666666666666666,0.6666666666666666,0.6513994910941475,0.6429192006950478,0.28580875126250627,901,"all","RF#901","RF",901
219,442,134,356,0.7673611111111112,0.6203966005665722,0.7673611111111112,0.7673611111111112,0.6433770014556041,0.5742832319721981,0.1482803717429453,901,"all","NB#901","NB",901
411,409,167,164,0.7147826086956521,0.7137870855148342,0.7147826086956521,0.7147826086956521,0.7129228100607112,0.7124239791485665,0.4248501290000197,901,"all","MLP#901","MLP",901
366,352,224,209,0.6365217391304347,0.6274509803921569,0.6365217391304347,0.6365217391304347,0.6283261802575107,0.6238053866203301,0.24762724274057804,902,"all","DT#902","DT",902
346,387,189,229,0.671875,0.6467289719626168,0.671875,0.671875,0.6493288590604027,0.6368375325803649,0.27363065402500164,902,"all","RF#902","RF",902
562,13,563,13,0.9773913043478261,0.5,0.9773913043478261,0.9773913043478261,0.6611764705882351,0.49956559513466553,-0.00003921864393982899,902,"all","NB#902","NB",902
330,445,131,245,0.7725694444444444,0.7158351409978309,0.7725694444444444,0.7725694444444444,0.7030015797788309,0.6733275412684622,0.34654212832522496,902,"all","MLP#902","MLP",902
333,349,227,242,0.6059027777777778,0.5946428571428571,0.6059027777777778,0.6059027777777778,0.598114824335904,0.5925282363162467,0.18503740271896255,903,"all","DT#903","DT",903
339,409,167,236,0.7100694444444444,0.6699604743083004,0.7100694444444444,0.7100694444444444,0.6699426699426699,0.6498696785403997,0.29966587703127295,903,"all","RF#903","RF",903
13,564,12,562,0.9791666666666666,0.52,0.9791666666666666,0.9791666666666666,0.662749706227967,0.5013032145960035,0.0017768376520359383,903,"all","NB#903","NB",903
321,454,122,254,0.7881944444444444,0.7246049661399548,0.7881944444444444,0.7881944444444444,0.707165109034268,0.6733275412684622,0.3465243677786032,903,"all","MLP#903","MLP",903
368,318,258,207,0.64,0.6057142857142858,0.64,0.64,0.6128226477935054,0.5960034752389227,0.19206854544713506,904,"all","DT#904","DT",904
334,386,190,241,0.6701388888888888,0.6374045801526718,0.6701388888888888,0.6701388888888888,0.6417290108063175,0.6255430060816681,0.25102778142640814,904,"all","RF#904","RF",904
518,95,481,57,0.9008695652173913,0.625,0.9008695652173913,0.9008695652173913,0.6581956797966962,0.5325803649000869,0.06575802928077422,904,"all","NB#904","NB",904
362,417,159,213,0.7239583333333334,0.6948176583493282,0.7239583333333334,0.7239583333333334,0.6915422885572139,0.6768027801911382,0.3535523729289525,904,"all","MLP#904","MLP",904
349,339,237,226,0.6069565217391304,0.6,0.6069565217391304,0.6069565217391304,0.6012058570198104,0.5977410947002606,0.19549494196201433,905,"all","DT#905","DT",905
352,389,187,223,0.6753472222222222,0.6530612244897959,0.6753472222222222,0.6753472222222222,0.6548821548821547,0.6437880104257168,0.2875367622636496,905,"all","RF#905","RF",905
316,308,268,259,0.5495652173913044,0.5432098765432098,0.5495652173913044,0.5495652173913044,0.545297670405522,0.5421372719374457,0.08428629441930868,905,"all","NB#905","NB",905
340,430,146,235,0.7465277777777778,0.6995884773662552,0.7465277777777778,0.7465277777777778,0.6929895245769541,0.6689834926151172,0.3378775227951823,905,"all","MLP#905","MLP",905
359,338,238,216,0.6243478260869565,0.6101083032490975,0.6243478260869565,0.6243478260869565,0.6126279863481229,0.6055603822762815,0.21114636893098368,906,"all","DT#906","DT",906
345,387,189,230,0.671875,0.6460674157303371,0.671875,0.671875,0.6487845766974015,0.635968722849696,0.2718918290534288,906,"all","RF#906","RF",906
537,52,524,38,0.9339130434782609,0.5777777777777777,0.9339130434782609,0.9339130434782609,0.6564792176039119,0.5117289313640313,0.02417308556825765,906,"all","NB#906","NB",906
335,439,137,240,0.7621527777777778,0.7097457627118644,0.7621527777777778,0.7621527777777778,0.699601593625498,0.6724587315377932,0.34481509051075276,906,"all","MLP#906","MLP",906
360,329,247,215,0.6260869565217392,0.6047794117647058,0.6260869565217392,0.6260869565217392,0.6091370558375635,0.5986099044309297,0.19725798270614942,907,"all","DT#907","DT",907
328,397,179,247,0.6892361111111112,0.6469428007889546,0.6892361111111112,0.6892361111111112,0.6508196721311476,0.629887054735013,0.2596975534928103,907,"all","RF#907","RF",907
514,79,497,61,0.8939130434782608,0.5642857142857143,0.8939130434782608,0.8939130434782608,0.648171500630517,0.5152041702867072,0.031045386792509677,907,"all","NB#907","NB",907
314,444,132,261,0.7708333333333334,0.7040358744394619,0.7708333333333334,0.7708333333333334,0.6932084309133489,0.6585577758470895,0.3169820209551679,907,"all","MLP#907","MLP",907
339,353,223,236,0.6128472222222222,0.603202846975089,0.6128472222222222,0.6128472222222222,0.6060085836909871,0.6012163336229366,0.20241641215784736,908,"all","DT#908","DT",908
329,402,174,246,0.6979166666666666,0.6540755467196819,0.6979166666666666,0.6979166666666666,0.6568627450980392,0.6350999131190269,0.27011994057325067,908,"all","RF#908","RF",908
547,29,547,28,0.951304347826087,0.5087719298245614,0.951304347826087,0.951304347826087,0.6554823247453565,0.5004344048653345,0.0016502770323372578,908,"all","NB#908","NB",908
349,408,168,226,0.7083333333333334,0.6750483558994197,0.7083333333333334,0.7083333333333334,0.6743801652892562,0.6576889661164205,0.31531746439150765,908,"all","MLP#908","MLP",908
338,367,209,237,0.6371527777777778,0.6179159049360147,0.6371527777777778,0.6371527777777778,0.6220338983050848,0.6125108601216334,0.22498837511247455,909,"all","DT#909","DT",909
359,397,179,216,0.6892361111111112,0.6672862453531598,0.6892361111111112,0.6892361111111112,0.6677880571909168,0.6568201563857515,0.31360145418750746,909,"all","RF#909","RF",909
503,163,413,72,0.8747826086956522,0.6936170212765957,0.8747826086956522,0.8747826086956522,0.6747149564050973,0.578627280625543,0.1576875430975298,909,"all","NB#909","NB",909
314,473,103,261,0.8211805555555556,0.7529976019184652,0.8211805555555556,0.8211805555555556,0.7221374045801527,0.68375325803649,0.36735513603788345,909,"all","MLP#909","MLP",909
368,354,222,207,0.64,0.6310160427807486,0.64,0.64,0.6317596566523606,0.6272806255430061,0.2545775684427437,910,"all","DT#910","DT",910
348,391,185,227,0.6788194444444444,0.6529080675422139,0.6788194444444444,0.6788194444444444,0.6549413735343385,0.6420503909643788,0.2840548464727534,910,"all","RF#910","RF",910
499,145,431,76,0.8678260869565217,0.6561085972850679,0.8678260869565217,0.8678260869565217,0.6631229235880399,0.5595134665508253,0.11949815542696769,910,"all","NB#910","NB",910
367,427,149,208,0.7413194444444444,0.7112403100775194,0.7413194444444444,0.7413194444444444,0.7052023121387283,0.6898349261511729,0.37961412625822655,910,"all","MLP#910","MLP",910
349,334,242,226,0.6069565217391304,0.5964285714285714,0.6069565217391304,0.6069565217391304,0.5986277873070326,0.5933970460469157,0.18681312045602752,911,"all","DT#911","DT",911
369,387,189,206,0.671875,0.6612903225806451,0.671875,0.671875,0.6621043627031651,0.6568201563857515,0.3136221793131768,911,"all","RF#911","RF",911
403,261,315,172,0.7008695652173913,0.6027713625866051,0.7008695652173913,0.7008695652173913,0.6233565351894819,0.576889661164205,0.15396132779306398,911,"all","NB#911","NB",911
376,438,138,199,0.7604166666666666,0.7315175097276264,0.7604166666666666,0.7604166666666666,0.7221764220939818,0.7072111207645526,0.4143678690217548,911,"all","MLP#911","MLP",911
326,342,234,249,0.59375,0.5821428571428572,0.59375,0.59375,0.5861182519280206,0.580364900086881,0.16071016100908092,912,"all","DT#912","DT",912
335,396,180,240,0.6875,0.6504854368932039,0.6875,0.6875,0.6534653465346534,0.6350999131190269,0.2701331642358909,912,"all","RF#912","RF",912
547,29,547,28,0.951304347826087,0.5087719298245614,0.951304347826087,0.951304347826087,0.6554823247453565,0.5004344048653345,0.0016502770323372578,912,"all","NB#912","NB",912
377,383,193,198,0.6649305555555556,0.6614035087719298,0.6649305555555556,0.6649305555555556,0.662057044079516,0.6602953953084274,0.32058514934442417,912,"all","MLP#912","MLP",912
374,334,242,201,0.6504347826086957,0.6242990654205608,0.6504347826086957,0.6504347826086957,0.6280436607892528,0.6151172893136403,0.23028164017625713,913,"all","DT#913","DT",913
337,397,179,238,0.6892361111111112,0.6531007751937985,0.6892361111111112,0.6892361111111112,0.6556564822460776,0.6377063423110338,0.2753475928562477,913,"all","RF#913","RF",913
523,104,472,52,0.9095652173913044,0.6666666666666666,0.9095652173913044,0.9095652173913044,0.6662420382165606,0.5447437011294527,0.09006366736067116,913,"all","NB#913","NB",913
336,439,137,239,0.7621527777777778,0.7103594080338267,0.7621527777777778,0.7621527777777778,0.7001594896331738,0.6733275412684622,0.3465539681533086,913,"all","MLP#913","MLP",913
336,355,221,239,0.6163194444444444,0.6032315978456014,0.6163194444444444,0.6163194444444444,0.6068376068376069,0.6003475238922676,0.2006727235945422,914,"all","DT#914","DT",914
320,377,199,255,0.6545138888888888,0.6165703275529865,0.6545138888888888,0.6545138888888888,0.6241721854304636,0.6055603822762815,0.2110534707040451,914,"all","RF#914","RF",914
469,128,448,106,0.8156521739130435,0.5470085470085471,0.8156521739130435,0.8156521739130435,0.628686327077748,0.5186794092093832,0.03785485151084433,914,"all","NB#914","NB",914
355,412,164,220,0.7152777777777778,0.6840077071290944,0.7152777777777778,0.7152777777777778,0.6821192052980133,0.6663770634231103,0.3326972087012187,914,"all","MLP#914","MLP",914
370,373,203,205,0.6475694444444444,0.6457242582897034,0.6475694444444444,0.6475694444444444,0.6464471403812825,0.6455256298870548,0.29104858408388923,915,"all","DT#915","DT",915
330,394,182,245,0.6840277777777778,0.64453125,0.6840277777777778,0.6840277777777778,0.6485596707818931,0.629018245004344,0.25796535600457154,915,"all","RF#915","RF",915
144,503,73,431,0.8732638888888888,0.663594470046083,0.8732638888888888,0.8732638888888888,0.6662251655629139,0.5621198957428323,0.12376556170152331,915,"all","NB#915","NB",915
310,445,131,265,0.7725694444444444,0.7029478458049887,0.7725694444444444,0.7725694444444444,0.6920684292379472,0.6559513466550826,0.3117629472145635,915,"all","MLP#915","MLP",915
332,350,226,243,0.6076388888888888,0.5949820788530465,0.6076388888888888,0.6076388888888888,0.5988023952095809,0.5925282363162467,0.18503494201994916,916,"all","DT#916","DT",916
321,411,165,254,0.7135416666666666,0.6604938271604939,0.7135416666666666,0.7135416666666666,0.6623690572119258,0.635968722849696,0.2718390605017886,916,"all","RF#916","RF",916
469,156,420,106,0.8156521739130435,0.5954198473282443,0.8156521739130435,0.8156521739130435,0.6407103825136612,0.5430060816681147,0.08644452961609382,916,"all","NB#916","NB",916
337,439,137,238,0.7621527777777778,0.7109704641350211,0.7621527777777778,0.7621527777777778,0.7007182761372704,0.6741963509991312,0.34829284054482956,916,"all","MLP#916","MLP",916
341,351,225,234,0.609375,0.6024734982332155,0.609375,0.609375,0.6046511627906976,0.6012163336229366,0.2024212285493009,917,"all","DT#917","DT",917
354,395,181,221,0.6857638888888888,0.6616822429906543,0.6857638888888888,0.6857638888888888,0.6627516778523489,0.6507384882710686,0.30143426535418816,917,"all","RF#917","RF",917
458,183,393,117,0.7965217391304348,0.61,0.7965217391304348,0.7965217391304348,0.6423562412342216,0.5569070373588184,0.11418249642359156,917,"all","NB#917","NB",917
322,451,125,253,0.7829861111111112,0.7203579418344519,0.7829861111111112,0.7829861111111112,0.7046875,0.6715899218071243,0.34305240143022814,917,"all","MLP#917","MLP",917
341,339,237,234,0.5930434782608696,0.5916230366492147,0.5930434782608696,0.5930434782608696,0.5915004336513443,0.5907906168549087,0.18158432253477114,918,"all","DT#918","DT",918
338,405,171,237,0.703125,0.6640471512770137,0.703125,0.703125,0.6650246305418719,0.6455256298870548,0.2909800795369103,918,"all","RF#918","RF",918
559,16,560,16,0.9721739130434782,0.5,0.9721739130434782,0.9721739130434782,0.6599763872491144,0.49956559513466553,-0.00004826953709512509,918,"all","NB#918","NB",918
338,431,145,237,0.7482638888888888,0.6997929606625258,0.7482638888888888,0.7482638888888888,0.6929260450160771,0.6681146828844483,0.3361366614928402,918,"all","MLP#918","MLP",918
358,343,233,217,0.6226086956521739,0.6125,0.6226086956521739,0.6226086956521739,0.614065180102916,0.6090356211989574,0.21808953890002644,919,"all","DT#919","DT",919
345,391,185,230,0.6788194444444444,0.6509433962264151,0.6788194444444444,0.6788194444444444,0.6532999164578113,0.6394439617723718,0.2788383872696666,919,"all","RF#919","RF",919
336,306,270,239,0.5843478260869566,0.5614678899082569,0.5843478260869566,0.5843478260869566,0.5690093141405589,0.5577758470894874,0.11559241641770988,919,"all","NB#919","NB",919
365,425,151,210,0.7378472222222222,0.7073643410852714,0.7378472222222222,0.7378472222222222,0.7018992568125516,0.6863596872284969,0.37266302403142787,919,"all","MLP#919","MLP",919
355,337,239,220,0.6173913043478261,0.6050269299820467,0.6173913043478261,0.6173913043478261,0.6073567151411462,0.6012163336229366,0.20245494166079178,920,"all","DT#920","DT",920
341,409,167,234,0.7100694444444444,0.6712598425196851,0.7100694444444444,0.7100694444444444,0.6710418375717802,0.6516072980017377,0.30314358487347015,920,"all","RF#920","RF",920
542,55,521,33,0.9426086956521739,0.625,0.9426086956521739,0.9426086956521739,0.6617826617826618,0.5186794092093832,0.03806676240933609,920,"all","NB#920","NB",920
355,436,140,220,0.7569444444444444,0.7171717171717171,0.7569444444444444,0.7569444444444444,0.7077922077922078,0.687228496959166,0.37438096388452724,920,"all","MLP#920","MLP",920
332,334,242,243,0.5798611111111112,0.5788561525129983,0.5798611111111112,0.5798611111111112,0.5793581960104076,0.578627280625543,0.1572526528572659,921,"all","DT#921","DT",921
337,418,158,238,0.7256944444444444,0.6808080808080809,0.7256944444444444,0.7256944444444444,0.6785714285714285,0.6559513466550826,0.31181906027297995,921,"all","RF#921","RF",921
538,54,522,37,0.9356521739130435,0.5934065934065934,0.9356521739130435,0.9356521739130435,0.6581039755351682,0.5143353605560382,0.02938066180408378,921,"all","NB#921","NB",921
336,459,117,239,0.796875,0.7417218543046358,0.796875,0.796875,0.7205651491365778,0.6907037358818419,0.38129305216238485,921,"all","MLP#921","MLP",921
353,339,237,222,0.6139130434782609,0.6042780748663101,0.6139130434782609,0.6139130434782609,0.6060085836909872,0.6012163336229366,0.20245012567650195,922,"all","DT#922","DT",922
354,393,183,221,0.6822916666666666,0.659217877094972,0.6822916666666666,0.6822916666666666,0.6605042016806723,0.6490008688097306,0.2979609337492186,922,"all","RF#922","RF",922
547,29,547,28,0.951304347826087,0.5087719298245614,0.951304347826087,0.951304347826087,0.6554823247453565,0.5004344048653345,0.0016502770323372578,922,"all","NB#922","NB",922
340,430,146,235,0.7465277777777778,0.6995884773662552,0.7465277777777778,0.7465277777777778,0.6929895245769541,0.6689834926151172,0.3378775227951823,922,"all","MLP#922","MLP",922
373,331,245,202,0.648695652173913,0.6210131332082551,0.648695652173913,0.648695652173913,0.6253143336127409,0.6116420503909644,0.22333393212699051,923,"all","DT#923","DT",923
357,402,174,218,0.6979166666666666,0.672316384180791,0.6979166666666666,0.6979166666666666,0.6722408026755853,0.6594265855777585,0.31880740870468455,923,"all","RF#923","RF",923
387,267,309,188,0.6730434782608695,0.5868131868131868,0.6730434782608695,0.6730434782608695,0.6089693154996065,0.5682015638575152,0.13656019960122007,923,"all","NB#923","NB",923
374,391,185,201,0.6788194444444444,0.669051878354204,0.6788194444444444,0.6788194444444444,0.6695205479452055,0.6646394439617723,0.32926218024589954,923,"all","MLP#923","MLP",923
334,354,222,241,0.6145833333333334,0.6007194244604317,0.6145833333333334,0.6145833333333334,0.6046114432109309,0.5977410947002606,0.1954585049993886,924,"all","DT#924","DT",924
356,400,176,219,0.6944444444444444,0.6691729323308271,0.6944444444444444,0.6944444444444444,0.6694560669456067,0.6568201563857515,0.3135952364057449,924,"all","RF#924","RF",924
557,20,556,18,0.9686956521739131,0.5263157894736842,0.9686956521739131,0.9686956521739131,0.6599526066350709,0.5013032145960035,0.0034151006579800237,924,"all","NB#924","NB",924
386,415,161,189,0.7204861111111112,0.7056672760511883,0.7204861111111112,0.7204861111111112,0.7033898305084746,0.6959165942658557,0.391807020828175,924,"all","MLP#924","MLP",924
361,331,245,214,0.6278260869565218,0.6073394495412844,0.6278260869565218,0.6278260869565218,0.6113463166807791,0.6012163336229366,0.2024693892646933,925,"all","DT#925","DT",925
356,383,193,219,0.6649305555555556,0.6484517304189436,0.6649305555555556,0.6649305555555556,0.6502546689303905,0.6420503909643788,0.28407214051276164,925,"all","RF#925","RF",925
183,478,98,392,0.8298611111111112,0.6512455516014235,0.8298611111111112,0.8298611111111112,0.661134163208852,0.5742832319721981,0.14818775241426593,925,"all","NB#925","NB",925
362,452,124,213,0.7847222222222222,0.7448559670781894,0.7847222222222222,0.7847222222222222,0.7284448025785658,0.7072111207645526,0.41434311071384905,925,"all","MLP#925","MLP",925
342,341,235,233,0.5947826086956521,0.5940766550522648,0.5947826086956521,0.5947826086956521,0.59375,0.5933970460469157,0.18679593358715688,926,"all","DT#926","DT",926
327,397,179,248,0.6892361111111112,0.6462450592885376,0.6892361111111112,0.6892361111111112,0.6502866502866503,0.629018245004344,0.2579586339760633,926,"all","RF#926","RF",926
144,514,62,431,0.8923611111111112,0.6990291262135923,0.8923611111111112,0.8923611111111112,0.6758711374095989,0.5716768027801912,0.14287548468274144,926,"all","NB#926","NB",926
359,421,155,216,0.7309027777777778,0.6984435797665369,0.7309027777777778,0.7309027777777778,0.6941467436108821,0.6776715899218071,0.3552833216827032,926,"all","MLP#926","MLP",926
337,339,237,238,0.5885416666666666,0.587521663778163,0.5885416666666666,0.5885416666666666,0.588031222896791,0.5873153779322329,0.1746288868189718,927,"all","DT#927","DT",927
350,414,162,225,0.71875,0.68359375,0.71875,0.71875,0.6814814814814815,0.6637706342311034,0.3274767980650333,927,"all","RF#927","RF",927
528,68,508,47,0.9182608695652174,0.591304347826087,0.9182608695652174,0.9182608695652174,0.6554934823091247,0.5178105994787141,0.03629116813328883,927,"all","NB#927","NB",927
359,448,128,216,0.7777777777777778,0.7371663244353183,0.7777777777777778,0.7777777777777778,0.7225806451612904,0.7011294526498697,0.40217903344647243,927,"all","MLP#927","MLP",927
344,340,236,231,0.5982608695652174,0.5954465849387041,0.5982608695652174,0.5982608695652174,0.5956709956709957,0.5942658557775847,0.18853722420573518,928,"all","DT#928","DT",928
341,403,173,234,0.6996527777777778,0.6634241245136187,0.6996527777777778,0.6996527777777778,0.6644682605111295,0.6463944396177237,0.29272321273547225,928,"all","RF#928","RF",928
530,71,505,45,0.9217391304347826,0.6120689655172413,0.9217391304347826,0.9217391304347826,0.6583850931677019,0.522154648132059,0.044971788914702784,928,"all","NB#928","NB",928
367,425,151,208,0.7378472222222222,0.7084942084942085,0.7378472222222222,0.7378472222222222,0.7030603804797353,0.6880973066898349,0.37614045894649756,928,"all","MLP#928","MLP",928
334,348,228,241,0.6041666666666666,0.594306049822064,0.6041666666666666,0.6041666666666666,0.5974248927038627,0.5925282363162467,0.18503986340311634,929,"all","DT#929","DT",929
344,399,177,231,0.6927083333333334,0.6602687140115163,0.6927083333333334,0.6927083333333334,0.6616915422885572,0.6455256298870548,0.2909929251478834,929,"all","RF#929","RF",929
7,561,15,568,0.9739583333333334,0.49689991142604073,0.9739583333333334,0.9739583333333334,0.6580645161290323,0.4934839270199826,-0.013879340693544058,929,"all","NB#929","NB",929
355,445,131,220,0.7725694444444444,0.7304526748971193,0.7725694444444444,0.7725694444444444,0.717163577759871,0.6950477845351868,0.3900131509215459,929,"all","MLP#929","MLP",929
342,349,227,233,0.6059027777777778,0.6010544815465729,0.6059027777777778,0.6059027777777778,0.6027633851468048,0.6003475238922676,0.2006872042923095,930,"all","DT#930","DT",930
338,395,181,237,0.6857638888888888,0.651252408477842,0.6857638888888888,0.6857638888888888,0.6539735099337748,0.6368375325803649,0.27361310738830585,930,"all","RF#930","RF",930
286,363,213,289,0.6302083333333334,0.5731462925851704,0.6302083333333334,0.6302083333333334,0.5912052117263843,0.5638575152041703,0.12761427941611644,930,"all","NB#930","NB",930
328,430,146,247,0.7465277777777778,0.6919831223628692,0.7465277777777778,0.7465277777777778,0.6863527533918596,0.6585577758470895,0.3170108968909814,930,"all","MLP#930","MLP",930
364,339,237,211,0.6330434782608696,0.6163636363636363,0.6330434782608696,0.6330434782608696,0.6190476190476191,0.6107732406602954,0.22157644778435628,931,"all","DT#931","DT",931
353,412,164,222,0.7152777777777778,0.6827852998065764,0.7152777777777778,0.7152777777777778,0.6809917355371901,0.6646394439617723,0.32921964785563945,931,"all","RF#931","RF",931
487,116,460,88,0.8469565217391304,0.5686274509803921,0.8469565217391304,0.8469565217391304,0.6399474375821287,0.523892267593397,0.048318275364680426,931,"all","NB#931","NB",931
332,452,124,243,0.7847222222222222,0.7280701754385965,0.7847222222222222,0.7847222222222222,0.7112509834775768,0.6811468288444831,0.3621785918665945,931,"all","MLP#931","MLP",931
340,354,222,235,0.6145833333333334,0.604982206405694,0.6145833333333334,0.6145833333333334,0.6077253218884121,0.6029539530842746,0.2058917219087936,932,"all","DT#932","DT",932
336,397,179,239,0.6892361111111112,0.6524271844660194,0.6892361111111112,0.6892361111111112,0.6551155115511551,0.6368375325803649,0.2736087205966724,932,"all","RF#932","RF",932
454,160,416,121,0.7895652173913044,0.5693950177935944,0.7895652173913044,0.7895652173913044,0.6283737024221454,0.5334491746307559,0.06731301730056824,932,"all","NB#932","NB",932
328,414,162,247,0.71875,0.6693877551020408,0.71875,0.71875,0.6693613581244948,0.6446568201563857,0.28922189592565456,932,"all","MLP#932","MLP",932
347,344,232,228,0.6034782608695652,0.6013986013986014,0.6034782608695652,0.6034782608695652,0.6013864818024264,0.6003475238922676,0.2006992711396671,933,"all","DT#933","DT",933
360,397,179,215,0.6892361111111112,0.6679035250463822,0.6892361111111112,0.6892361111111112,0.6683501683501685,0.6576889661164205,0.31534020568750715,933,"all","RF#933","RF",933
245,426,150,330,0.7395833333333334,0.620253164556962,0.7395833333333334,0.7395833333333334,0.6396396396396398,0.582971329278888,0.16571532119235305,933,"all","NB#933","NB",933
371,456,120,204,0.7916666666666666,0.7556008146639511,0.7916666666666666,0.7916666666666666,0.737864077669903,0.7185056472632494,0.4369394669613901,933,"all","MLP#933","MLP",933
340,349,227,235,0.6059027777777778,0.599647266313933,0.6059027777777778,0.6059027777777778,0.6017241379310345,0.5986099044309297,0.19720950736120002,934,"all","DT#934","DT",934
318,410,166,257,0.7118055555555556,0.6570247933884298,0.7118055555555556,0.7118055555555556,0.6596942880128721,0.63249348392702,0.264885423571173,934,"all","RF#934","RF",934
441,189,387,134,0.7669565217391304,0.5851393188854489,0.7669565217391304,0.7669565217391304,0.6286528866714184,0.5473501303214596,0.09504521974547764,934,"all","NB#934","NB",934
342,417,159,233,0.7239583333333334,0.6826347305389222,0.7239583333333334,0.7239583333333334,0.6802610114192496,0.6594265855777585,0.3187765541440317,934,"all","MLP#934","MLP",934
364,343,233,211,0.6330434782608696,0.6191335740072202,0.6330434782608696,0.6330434782608696,0.621160409556314,0.6142484795829714,0.2285219995712704,935,"all","DT#935","DT",935
349,389,187,226,0.6753472222222222,0.6511194029850746,0.6753472222222222,0.6753472222222222,0.6532325776658271,0.6411815812337098,0.2823203660843558,935,"all","RF#935","RF",935
124,527,49,451,0.9149305555555556,0.7167630057803468,0.9149305555555556,0.9149305555555556,0.6782496782496783,0.5655951346655083,0.13066202616926348,935,"all","NB#935","NB",935
380,421,155,195,0.7309027777777778,0.7102803738317757,0.7309027777777778,0.7309027777777778,0.7063758389261745,0.6959165942658557,0.3917960021740443,935,"all","MLP#935","MLP",935
361,346,230,214,0.6278260869565218,0.6178571428571429,0.6278260869565218,0.6278260869565218,0.6192109777015438,0.6142484795829714,0.2285150117146929,936,"all","DT#936","DT",936
310,409,167,265,0.7100694444444444,0.649895178197065,0.7100694444444444,0.7100694444444444,0.6544000000000001,0.6246741963509991,0.24923675302203507,936,"all","RF#936","RF",936
528,62,514,47,0.9182608695652174,0.5688073394495413,0.9182608695652174,0.9182608695652174,0.6530612244897959,0.5125977410947002,0.02588151167579623,936,"all","NB#936","NB",936
330,434,142,245,0.7534722222222222,0.6991525423728814,0.7534722222222222,0.7534722222222222,0.6916334661354581,0.6637706342311034,0.32743618044472494,936,"all","MLP#936","MLP",936
319,350,226,256,0.6076388888888888,0.5853211009174312,0.6076388888888888,0.6076388888888888,0.5922165820642977,0.58123370981755,0.1624288539637966,937,"all","DT#937","DT",937
334,400,176,241,0.6944444444444444,0.6549019607843137,0.6944444444444444,0.6944444444444444,0.657354149548069,0.6377063423110338,0.2753410283315843,937,"all","RF#937","RF",937
561,15,561,14,0.9756521739130435,0.5172413793103449,0.9756521739130435,0.9756521739130435,0.6611667648791986,0.5004344048653345,0.0016924429856383582,937,"all","NB#937","NB",937
348,452,124,227,0.7847222222222222,0.7372881355932204,0.7847222222222222,0.7847222222222222,0.7203187250996015,0.6950477845351868,0.39000025668242494,937,"all","MLP#937","MLP",937
341,352,224,234,0.6111111111111112,0.6035398230088496,0.6111111111111112,0.6111111111111112,0.6058519793459554,0.6020851433536055,0.20415767146243152,938,"all","DT#938","DT",938
332,394,182,243,0.6840277777777778,0.6459143968871596,0.6840277777777778,0.6840277777777778,0.649629018961253,0.630755864465682,0.26144315826185677,938,"all","RF#938","RF",938
14,567,9,561,0.984375,0.6086956521739131,0.984375,0.984375,0.6654929577464789,0.5047784535186794,0.008730101171265946,938,"all","NB#938","NB",938
353,406,170,222,0.7048611111111112,0.6749521988527725,0.7048611111111112,0.7048611111111112,0.6744186046511628,0.6594265855777585,0.3187991810951342,938,"all","MLP#938","MLP",938
366,341,235,209,0.6365217391304347,0.62,0.6365217391304347,0.6365217391304347,0.6224489795918368,0.6142484795829714,0.22852665807199604,939,"all","DT#939","DT",939
356,408,168,219,0.7083333333333334,0.6793893129770993,0.7083333333333334,0.7083333333333334,0.6783042394014963,0.6637706342311034,0.32748898239447777,939,"all","RF#939","RF",939
344,306,270,231,0.5982608695652174,0.5698324022346368,0.5982608695652174,0.5982608695652174,0.5786375105130361,0.5647263249348393,0.12950324482707098,939,"all","NB#939","NB",939
369,430,146,206,0.7465277777777778,0.7165048543689321,0.7465277777777778,0.7465277777777778,0.7095709570957096,0.6941789748045178,0.388302080502461,939,"all","MLP#939","MLP",939
350,346,230,225,0.6086956521739131,0.6059544658493871,0.6086956521739131,0.6086956521739131,0.6060606060606061,0.6046915725456126,0.20938851608909967,940,"all","DT#940","DT",940
345,392,184,230,0.6805555555555556,0.6521739130434783,0.6805555555555556,0.6805555555555556,0.654424040066778,0.6403127715030409,0.28057503993332883,940,"all","RF#940","RF",940
487,117,459,88,0.8469565217391304,0.5707317073170731,0.8469565217391304,0.8469565217391304,0.6403681788297172,0.5247610773240661,0.050053487554524954,940,"all","NB#940","NB",940
368,427,149,207,0.7413194444444444,0.7117988394584139,0.7413194444444444,0.7413194444444444,0.7057851239669422,0.6907037358818419,0.3813528358461339,940,"all","MLP#940","MLP",940
338,359,217,237,0.6232638888888888,0.609009009009009,0.6232638888888888,0.6232638888888888,0.6126279863481228,0.6055603822762815,0.21109634952746154,941,"all","DT#941","DT",941
347,408,168,228,0.7083333333333334,0.6737864077669903,0.7083333333333334,0.7083333333333334,0.6732673267326733,0.6559513466550826,0.3118398405652687,941,"all","RF#941","RF",941
452,155,421,123,0.7860869565217391,0.5575539568345323,0.7860869565217391,0.7860869565217391,0.6243093922651934,0.527367506516073,0.05515936369205883,941,"all","NB#941","NB",941
310,463,113,265,0.8038194444444444,0.7328605200945626,0.8038194444444444,0.8038194444444444,0.710122699386503,0.6715899218071243,0.3430285935178364,941,"all","MLP#941","MLP",941
346,315,261,229,0.6017391304347826,0.5790441176470589,0.6017391304347826,0.6017391304347826,0.5854483925549916,0.5742832319721981,0.14860695135500693,942,"all","DT#942","DT",942
356,378,198,219,0.65625,0.6425992779783394,0.65625,0.65625,0.6445012787723786,0.6377063423110338,0.27538916541738173,942,"all","RF#942","RF",942
561,18,558,14,0.9756521739130435,0.5625,0.9756521739130435,0.9756521739130435,0.6623376623376623,0.5030408340573415,0.006896510112468022,942,"all","NB#942","NB",942
380,414,162,195,0.71875,0.7011070110701108,0.71875,0.71875,0.6987341772151899,0.6898349261511729,0.37963847836622305,942,"all","MLP#942","MLP",942
351,358,218,224,0.6215277777777778,0.616871704745167,0.6215277777777778,0.6215277777777778,0.6183074265975821,0.6159860990443093,0.2319646615156539,943,"all","DT#943","DT",943
350,390,186,225,0.6770833333333334,0.6529850746268657,0.6770833333333334,0.6770833333333334,0.654911838790932,0.6429192006950478,0.28579581225343886,943,"all","RF#943","RF",943
561,11,565,14,0.9756521739130435,0.49822380106571934,0.9756521739130435,0.9756521739130435,0.6596119929453262,0.49695916594265854,-0.005246239918184026,943,"all","NB#943","NB",943
353,439,137,222,0.7621527777777778,0.7204081632653061,0.7621527777777778,0.7621527777777778,0.7097817299919159,0.6880973066898349,0.37611408468779955,943,"all","MLP#943","MLP",943
360,345,231,215,0.6260869565217392,0.6160714285714286,0.6260869565217392,0.6260869565217392,0.6174957118353346,0.6125108601216334,0.2250398541098041,944,"all","DT#944","DT",944
337,415,161,238,0.7204861111111112,0.6767068273092369,0.7204861111111112,0.7204861111111112,0.6753458096013019,0.6533449174630755,0.3066087090437747,944,"all","RF#944","RF",944
147,501,75,428,0.8697916666666666,0.6621621621621622,0.8697916666666666,0.8697916666666666,0.66578073089701,0.5629887054735013,0.12551072657983503,944,"all","NB#944","NB",944
334,437,139,241,0.7586805555555556,0.7061310782241015,0.7586805555555556,0.7586805555555556,0.696969696969697,0.6698523023457863,0.33960241462302476,944,"all","MLP#944","MLP",944
338,348,228,237,0.6041666666666666,0.5971731448763251,0.6041666666666666,0.6041666666666666,0.599483204134367,0.5960034752389227,0.19199536225582778,945,"all","DT#945","DT",945
341,373,203,234,0.6475694444444444,0.6268382352941176,0.6475694444444444,0.6475694444444444,0.6306001690617075,0.6203301476976543,0.24062418380087253,945,"all","RF#945","RF",945
491,131,445,84,0.8539130434782609,0.6093023255813953,0.8539130434782609,0.8539130434782609,0.6499007279947057,0.5403996524761078,0.08129929190160565,945,"all","NB#945","NB",945
309,454,122,266,0.7881944444444444,0.7169373549883991,0.7881944444444444,0.7881944444444444,0.7006172839506172,0.6629018245004344,0.3256565436930735,945,"all","MLP#945","MLP",945
352,341,235,223,0.6121739130434782,0.6046099290780141,0.6121739130434782,0.6121739130434782,0.6058519793459552,0.6020851433536055,0.2041841029449948,946,"all","DT#946","DT",946
341,382,194,234,0.6631944444444444,0.6373831775700934,0.6631944444444444,0.6631944444444444,0.6409395973154361,0.6281494352736751,0.25625339694426,946,"all","RF#946","RF",946
319,338,238,256,0.5868055555555556,0.5727109515260324,0.5868055555555556,0.5868055555555556,0.5777777777777778,0.5708079930495221,0.14159201186022558,946,"all","NB#946","NB",946
345,440,136,230,0.7638888888888888,0.7172557172557172,0.7638888888888888,0.7638888888888888,0.7062600321027287,0.682015638575152,0.3639405350396946,946,"all","MLP#946","MLP",946
340,355,221,235,0.6163194444444444,0.6060606060606061,0.6163194444444444,0.6163194444444444,0.6089193825042881,0.6038227628149435,0.20762818054729418,947,"all","DT#947","DT",947
326,389,187,249,0.6753472222222222,0.6354775828460039,0.6753472222222222,0.6753472222222222,0.6408566721581549,0.6211989574283232,0.2423264254806458,947,"all","RF#947","RF",947
492,136,440,83,0.8556521739130435,0.6210045662100456,0.8556521739130435,0.8556521739130435,0.6529528865295289,0.5456125108601216,0.09171385590797235,947,"all","NB#947","NB",947
351,446,130,224,0.7743055555555556,0.7297297297297297,0.7743055555555556,0.7743055555555556,0.7158908507223115,0.6924413553431799,0.38479494372691775,947,"all","MLP#947","MLP",947
336,364,212,239,0.6319444444444444,0.6131386861313869,0.6319444444444444,0.6319444444444444,0.6174724342663274,0.6081668114682884,0.21630108715180116,948,"all","DT#948","DT",948
342,408,168,233,0.7083333333333334,0.6705882352941176,0.7083333333333334,0.7083333333333334,0.6705012325390304,0.6516072980017377,0.3031456891150249,948,"all","RF#948","RF",948
500,143,433,75,0.8695652173913043,0.6559633027522935,0.8695652173913043,0.8695652173913043,0.6631299734748011,0.5586446568201564,0.11776545888544537,948,"all","NB#948","NB",948
335,430,146,240,0.7465277777777778,0.6964656964656964,0.7465277777777778,0.7465277777777778,0.6902086677367576,0.6646394439617723,0.329183187227656,948,"all","MLP#948","MLP",948
350,353,223,225,0.6128472222222222,0.6108202443280978,0.6128472222222222,0.6128472222222222,0.6117850953206239,0.6107732406602954,0.22154354330779982,949,"all","DT#949","DT",949
335,407,169,240,0.7065972222222222,0.6646825396825397,0.7065972222222222,0.7065972222222222,0.6655764513491415,0.6446568201563857,0.28923692002011075,949,"all","RF#949","RF",949
391,242,334,184,0.68,0.568075117370892,0.68,0.68,0.6015384615384617,0.5499565595134666,0.10011621764395146,949,"all","NB#949","NB",949
325,441,135,250,0.765625,0.7065217391304348,0.765625,0.765625,0.6961325966850829,0.6655082536924414,0.3308998391930967,949,"all","MLP#949","MLP",949
331,361,215,244,0.6267361111111112,0.6062271062271062,0.6267361111111112,0.6267361111111112,0.611346316680779,0.6012163336229366,0.20239714601031764,950,"all","DT#950","DT",950
341,413,163,234,0.7170138888888888,0.6765873015873016,0.7170138888888888,0.7170138888888888,0.6753883892068684,0.6550825369244135,0.3100906045182983,950,"all","RF#950","RF",950
537,52,524,38,0.9339130434782609,0.5777777777777777,0.9339130434782609,0.9339130434782609,0.6564792176039119,0.5117289313640313,0.02417308556825765,950,"all","NB#950","NB",950
370,428,148,205,0.7430555555555556,0.7142857142857143,0.7430555555555556,0.7430555555555556,0.7080231596360628,0.6933101650738488,0.38656708080254487,950,"all","MLP#950","MLP",950
346,359,217,229,0.6232638888888888,0.6145648312611013,0.6232638888888888,0.6232638888888888,0.6168384879725085,0.6125108601216334,0.22500709553917028,951,"all","DT#951","DT",951
324,399,177,251,0.6927083333333334,0.6467065868263473,0.6927083333333334,0.6927083333333334,0.6508972267536705,0.6281494352736751,0.25621521727970814,951,"all","RF#951","RF",951
547,43,533,28,0.951304347826087,0.6056338028169014,0.951304347826087,0.951304347826087,0.6610271903323264,0.5125977410947002,0.025937351505871804,951,"all","NB#951","NB",951
352,433,143,223,0.7517361111111112,0.7111111111111111,0.7517361111111112,0.7517361111111112,0.7029220779220778,0.682015638575152,0.3639539799492692,951,"all","MLP#951","MLP",951
335,330,246,240,0.5826086956521739,0.5789473684210527,0.5826086956521739,0.5826086956521739,0.5795847750865051,0.577758470894874,0.15552395358737683,952,"all","DT#952","DT",952
343,396,180,232,0.6875,0.655831739961759,0.6875,0.6875,0.6578073089700995,0.6420503909643788,0.28404403727345734,952,"all","RF#952","RF",952
518,86,490,57,0.9008695652173913,0.6013986013986014,0.9008695652173913,0.9008695652173913,0.6544535691724573,0.5247610773240661,0.05014234354656454,952,"all","NB#952","NB",952
342,452,124,233,0.7847222222222222,0.7339055793991416,0.7847222222222222,0.7847222222222222,0.7168913560666138,0.6898349261511729,0.3795672899073067,952,"all","MLP#952","MLP",952
336,348,228,239,0.6041666666666666,0.5957446808510638,0.6041666666666666,0.6041666666666666,0.5984522785898538,0.5942658557775847,0.1885176233300977,953,"all","DT#953","DT",953
330,403,173,245,0.6996527777777778,0.6560636182902585,0.6996527777777778,0.6996527777777778,0.6584967320261437,0.6368375325803649,0.27359555990385426,953,"all","RF#953","RF",953
460,156,420,115,0.8,0.5756457564575646,0.8,0.8,0.6323024054982819,0.5351867940920938,0.07080073335797972,953,"all","NB#953","NB",953
327,422,154,248,0.7326388888888888,0.6798336798336798,0.7326388888888888,0.7326388888888888,0.6773675762439807,0.6507384882710686,0.30137730897802517,953,"all","MLP#953","MLP",953
335,339,237,240,0.5885416666666666,0.5856643356643356,0.5885416666666666,0.5885416666666666,0.587012987012987,0.5855777584708949,0.1711511374598619,954,"all","DT#954","DT",954
358,381,195,217,0.6614583333333334,0.6473779385171791,0.6614583333333334,0.6614583333333334,0.6490630323679727,0.6420503909643788,0.28407646389221863,954,"all","RF#954","RF",954
473,158,418,102,0.8226086956521739,0.6076923076923076,0.8226086956521739,0.8226086956521739,0.645293315143247,0.5482189400521286,0.0968680400050699,954,"all","NB#954","NB",954
321,438,138,254,0.7604166666666666,0.6993464052287581,0.7604166666666666,0.7604166666666666,0.6908517350157728,0.6594265855777585,0.31873335306303635,954,"all","MLP#954","MLP",954
337,363,213,238,0.6302083333333334,0.6127272727272727,0.6302083333333334,0.6302083333333334,0.616822429906542,0.6081668114682884,0.21630345348178903,955,"all","DT#955","DT",955
334,398,178,241,0.6909722222222222,0.65234375,0.6909722222222222,0.6909722222222222,0.6551440329218107,0.635968722849696,0.27186764441666406,955,"all","RF#955","RF",955
348,301,275,227,0.6052173913043478,0.5700757575757576,0.6052173913043478,0.6052173913043478,0.5809682804674456,0.5638575152041703,0.127777576504118,955,"all","NB#955","NB",955
387,399,177,188,0.6927083333333334,0.6861702127659575,0.6927083333333334,0.6927083333333334,0.6861564918314704,0.6828844483058211,0.36575788547213206,955,"all","MLP#955","MLP",955
357,326,250,218,0.6208695652173913,0.5992647058823529,0.6208695652173913,0.6208695652173913,0.6040609137055838,0.5933970460469157,0.186832761702333,956,"all","DT#956","DT",956
339,388,188,236,0.6736111111111112,0.6432637571157496,0.6736111111111112,0.6736111111111112,0.6466666666666667,0.631624674196351,0.2631954006328962,956,"all","RF#956","RF",956
5,567,9,570,0.984375,0.49868073878627966,0.984375,0.984375,0.6619964973730297,0.49695916594265854,-0.0069352214058102084,956,"all","NB#956","NB",956
310,462,114,265,0.8020833333333334,0.7311320754716981,0.8020833333333334,0.8020833333333334,0.7091327705295472,0.6707211120764552,0.3412915685791899,956,"all","MLP#956","MLP",956
339,331,245,236,0.5895652173913043,0.5837742504409171,0.5895652173913043,0.5895652173913043,0.5849870578084555,0.5821025195482189,0.16421576397663656,957,"all","DT#957","DT",957
349,399,177,226,0.6927083333333334,0.6634980988593155,0.6927083333333334,0.6927083333333334,0.6644462947543713,0.6498696785403997,0.2996870239495375,957,"all","RF#957","RF",957
486,118,458,89,0.8452173913043478,0.5700483091787439,0.8452173913043478,0.8452173913043478,0.6398946675444371,0.5247610773240661,0.05005062095541589,957,"all","NB#957","NB",957
369,415,161,206,0.7204861111111112,0.6962264150943396,0.7204861111111112,0.7204861111111112,0.6934001670843777,0.6811468288444831,0.36224985091076545,957,"all","MLP#957","MLP",957
351,347,229,224,0.6104347826086957,0.6077057793345009,0.6104347826086957,0.6104347826086957,0.6077922077922078,0.6064291920069504,0.21286373140299356,958,"all","DT#958","DT",958
346,391,185,229,0.6788194444444444,0.6516007532956686,0.6788194444444444,0.6788194444444444,0.6538461538461539,0.6403127715030409,0.2805772122544374,958,"all","RF#958","RF",958
458,160,416,117,0.7965217391304348,0.5776173285198556,0.7965217391304348,0.7965217391304348,0.6321601104209801,0.5369244135534318,0.07426599406366989,958,"all","NB#958","NB",958
377,379,197,198,0.6579861111111112,0.6568457538994801,0.6579861111111112,0.6579861111111112,0.6574154379878577,0.6568201563857515,0.3136387585126186,958,"all","MLP#958","MLP",958
355,352,224,220,0.6173913043478261,0.6153846153846154,0.6173913043478261,0.6173913043478261,0.6152512998266898,0.6142484795829714,0.22850103562176557,959,"all","DT#959","DT",959
318,386,190,257,0.6701388888888888,0.6259842519685039,0.6701388888888888,0.6701388888888888,0.6333059885151763,0.6116420503909644,0.22320494373676095,959,"all","RF#959","RF",959
486,112,464,89,0.8452173913043478,0.5572139303482587,0.8452173913043478,0.8452173913043478,0.6373770491803278,0.5195482189400521,0.039639394968126455,959,"all","NB#959","NB",959
321,434,142,254,0.7534722222222222,0.693304535637149,0.7534722222222222,0.7534722222222222,0.6867088607594937,0.6559513466550826,0.31178580919479154,959,"all","MLP#959","MLP",959
335,334,242,240,0.5826086956521739,0.5818815331010453,0.5826086956521739,0.5826086956521739,0.5815972222222222,0.58123370981755,0.16246931621583263,960,"all","DT#960","DT",960
332,388,188,243,0.6736111111111112,0.6384615384615384,0.6736111111111112,0.6736111111111112,0.6429163214581608,0.6255430060816681,0.2510232582717467,960,"all","RF#960","RF",960
550,34,542,25,0.9565217391304348,0.576271186440678,0.9565217391304348,0.9565217391304348,0.6598680263947211,0.5073848827106864,0.015537390050338143,960,"all","NB#960","NB",960
331,429,147,244,0.7447916666666666,0.6924686192468619,0.7447916666666666,0.7447916666666666,0.6869495596477182,0.6602953953084274,0.3204907723504197,960,"all","MLP#960","MLP",960
355,346,230,220,0.6173913043478261,0.6113074204946997,0.6173913043478261,0.6173913043478261,0.6120689655172413,0.6090356211989574,0.2180824564846545,961,"all","DT#961","DT",961
326,392,184,249,0.6805555555555556,0.6392156862745098,0.6805555555555556,0.6805555555555556,0.6442070665571077,0.6238053866203301,0.24753636754814395,961,"all","RF#961","RF",961
554,18,558,21,0.9634782608695652,0.4982014388489209,0.9634782608695652,0.9634782608695652,0.6567871962062835,0.49695916594265854,-0.005267468854506516,961,"all","NB#961","NB",961
356,427,149,219,0.7413194444444444,0.7049504950495049,0.7413194444444444,0.7413194444444444,0.6988543371522096,0.680278019113814,0.36048797427264345,961,"all","MLP#961","MLP",961
354,331,245,221,0.6156521739130435,0.5996376811594203,0.6156521739130435,0.6156521739130435,0.6030664395229983,0.5951346655082537,0.19029805683368967,962,"all","DT#962","DT",962
336,388,188,239,0.6736111111111112,0.6412213740458015,0.6736111111111112,0.6736111111111112,0.6450540315876975,0.629018245004344,0.2579787996962325,962,"all","RF#962","RF",962
525,84,492,50,0.9130434782608695,0.6268656716417911,0.9130434782608695,0.9130434782608695,0.6595477386934673,0.529105125977411,0.058837551030260705,962,"all","NB#962","NB",962
350,397,179,225,0.6892361111111112,0.6616257088846881,0.6892361111111112,0.6892361111111112,0.662771285475793,0.6490008688097306,0.2979524544276927,962,"all","MLP#962","MLP",962
359,326,250,216,0.6243478260869565,0.6014760147601476,0.6243478260869565,0.6243478260869565,0.6064189189189189,0.5951346655082537,0.19031027996751362,963,"all","DT#963","DT",963
367,393,183,208,0.6822916666666666,0.6672727272727272,0.6822916666666666,0.6822916666666666,0.6677994902293968,0.6602953953084274,0.32056463483676156,963,"all","RF#963","RF",963
549,62,514,26,0.9547826086956521,0.7045454545454546,0.9547826086956521,0.9547826086956521,0.6703296703296704,0.5308427454387489,0.06237554458671739,963,"all","NB#963","NB",963
363,420,156,212,0.7291666666666666,0.6994219653179191,0.7291666666666666,0.7291666666666666,0.695364238410596,0.680278019113814,0.3605014916720012,963,"all","MLP#963","MLP",963
349,375,201,226,0.6510416666666666,0.6345454545454545,0.6510416666666666,0.6510416666666666,0.637213254035684,0.629018245004344,0.258007926023778,964,"all","DT#964","DT",964
337,400,176,238,0.6944444444444444,0.6569200779727096,0.6944444444444444,0.6944444444444444,0.6589785831960462,0.6403127715030409,0.28055766089217293,964,"all","RF#964","RF",964
438,160,416,137,0.7617391304347826,0.5387205387205387,0.7617391304347826,0.7617391304347826,0.6130160951714486,0.5195482189400521,0.03950027087021011,964,"all","NB#964","NB",964
335,459,117,240,0.796875,0.7411504424778761,0.796875,0.796875,0.72,0.6898349261511729,0.37955417446174344,964,"all","MLP#964","MLP",964
343,352,224,232,0.6111111111111112,0.6049382716049383,0.6111111111111112,0.6111111111111112,0.606896551724138,0.6038227628149435,0.20763535791495058,965,"all","DT#965","DT",965
354,394,182,221,0.6840277777777778,0.6604477611940298,0.6840277777777778,0.6840277777777778,0.6616288832913518,0.6498696785403997,0.29969759692977094,965,"all","RF#965","RF",965
217,455,121,358,0.7899305555555556,0.6420118343195266,0.7899305555555556,0.7899305555555556,0.6551475881929445,0.5838401390095569,0.1673817473945236,965,"all","NB#965","NB",965
350,453,123,225,0.7864583333333334,0.7399577167019028,0.7864583333333334,0.7864583333333334,0.722488038277512,0.6976542137271937,0.39521484286529623,965,"all","MLP#965","MLP",965
329,341,235,246,0.5920138888888888,0.5833333333333334,0.5920138888888888,0.5920138888888888,0.586414445399828,0.5821025195482189,0.16419052852628893,966,"all","DT#966","DT",966
318,394,182,257,0.6840277777777778,0.636,0.6840277777777778,0.6840277777777778,0.6422167889160555,0.6185925282363163,0.23709810138527174,966,"all","RF#966","RF",966
554,16,560,21,0.9634782608695652,0.49730700179533216,0.9634782608695652,0.9634782608695652,0.6560094730609829,0.4952215464813206,-0.00873685210856503,966,"all","NB#966","NB",966
331,449,127,244,0.7795138888888888,0.722707423580786,0.7795138888888888,0.7795138888888888,0.7076438140267927,0.6776715899218071,0.35522880702056364,966,"all","MLP#966","MLP",966
362,354,222,213,0.6295652173913043,0.6243386243386243,0.6295652173913043,0.6295652173913043,0.6246764452113892,0.6220677671589921,0.24414523353396447,967,"all","DT#967","DT",967
349,400,176,226,0.6944444444444444,0.6647619047619048,0.6944444444444444,0.6944444444444444,0.6655574043261231,0.6507384882710686,0.30142371857779116,967,"all","RF#967","RF",967
13,557,19,562,0.9670138888888888,0.49776586237712245,0.9670138888888888,0.9670138888888888,0.6572271386430679,0.4952215464813206,-0.010385929286839957,967,"all","NB#967","NB",967
339,447,129,236,0.7760416666666666,0.7243589743589743,0.7760416666666666,0.7760416666666666,0.710087370929309,0.6828844483058211,0.3656659514746495,967,"all","MLP#967","MLP",967
367,323,253,208,0.6382608695652174,0.608286252354049,0.6382608695652174,0.6382608695652174,0.6142259414225942,0.5994787141615986,0.1990112386688707,968,"all","DT#968","DT",968
345,391,185,230,0.6788194444444444,0.6509433962264151,0.6788194444444444,0.6788194444444444,0.6532999164578113,0.6394439617723718,0.2788383872696666,968,"all","RF#968","RF",968
530,73,503,45,0.9217391304347826,0.6186440677966102,0.9217391304347826,0.9217391304347826,0.6592039800995024,0.523892267593397,0.04844174770463664,968,"all","NB#968","NB",968
366,441,135,209,0.765625,0.7305389221556886,0.765625,0.765625,0.7194127243066885,0.7011294526498697,0.40219166996312994,968,"all","MLP#968","MLP",968
375,323,253,200,0.6521739130434783,0.6175908221797323,0.6521739130434783,0.6521739130434783,0.6234413965087282,0.6064291920069504,0.21292076569960422,969,"all","DT#969","DT",969
356,377,199,219,0.6545138888888888,0.6414414414414414,0.6545138888888888,0.6545138888888888,0.643344709897611,0.6368375325803649,0.27365258612880816,969,"all","RF#969","RF",969
110,505,71,465,0.8767361111111112,0.6077348066298343,0.8767361111111112,0.8767361111111112,0.6532988357050454,0.5343179843614249,0.06808095394905794,969,"all","NB#969","NB",969
388,405,171,187,0.703125,0.6940966010733453,0.703125,0.703125,0.6934931506849316,0.6889661164205039,0.377916737119254,969,"all","MLP#969","MLP",969
369,333,243,206,0.6417391304347826,0.6178107606679035,0.6417391304347826,0.6417391304347826,0.6217354675652906,0.6099044309296264,0.21985185006272295,970,"all","DT#970","DT",970
350,381,195,225,0.6614583333333334,0.6422018348623854,0.6614583333333334,0.6614583333333334,0.6446700507614213,0.6350999131190269,0.2701662212962543,970,"all","RF#970","RF",970
532,63,513,43,0.9252173913043479,0.5943396226415094,0.9252173913043479,0.9252173913043479,0.6567901234567901,0.5169417897480452,0.03456786398539672,970,"all","NB#970","NB",970
344,403,173,231,0.6996527777777778,0.6653771760154739,0.6996527777777778,0.6996527777777778,0.6661157024793389,0.6490008688097306,0.29793973506134286,970,"all","MLP#970","MLP",970
358,340,236,217,0.6226086956521739,0.6104129263913824,0.6226086956521739,0.6226086956521739,0.6124893071000855,0.6064291920069504,0.21288036725999704,971,"all","DT#971","DT",971
331,404,172,244,0.7013888888888888,0.658051689860835,0.7013888888888888,0.7013888888888888,0.6601307189542482,0.6385751520417029,0.2770711792344579,971,"all","RF#971","RF",971
135,511,65,440,0.8871527777777778,0.675,0.8871527777777778,0.8871527777777778,0.6692861820563195,0.5612510860121633,0.12200445602507459,971,"all","NB#971","NB",971
363,409,167,212,0.7100694444444444,0.6849056603773584,0.7100694444444444,0.7100694444444444,0.683375104427736,0.6707211120764552,0.3413969850004907,971,"all","MLP#971","MLP",971
354,356,220,221,0.6180555555555556,0.6169844020797227,0.6180555555555556,0.6180555555555556,0.6175195143104945,0.6168549087749783,0.23370808228877163,972,"all","DT#972","DT",972
339,397,179,236,0.6892361111111112,0.6544401544401545,0.6892361111111112,0.6892361111111112,0.6567411083540117,0.6394439617723718,0.2788253216233885,972,"all","RF#972","RF",972
536,74,502,39,0.9321739130434783,0.6548672566371682,0.9321739130434783,0.9321739130434783,0.6646001239925605,0.5299739357080799,0.06060377483733441,972,"all","NB#972","NB",972
356,438,138,219,0.7604166666666666,0.7206477732793523,0.7604166666666666,0.7604166666666666,0.7104622871046229,0.6898349261511729,0.3795935191350392,972,"all","MLP#972","MLP",972
334,332,244,241,0.5808695652173913,0.5794066317626527,0.5808695652173913,0.5808695652173913,0.5793581960104076,0.578627280625543,0.15725774188824637,973,"all","DT#973","DT",973
336,409,167,239,0.7100694444444444,0.6679920477137177,0.7100694444444444,0.7100694444444444,0.6683006535947713,0.6472632493483927,0.29444927588747577,973,"all","RF#973","RF",973
231,436,140,344,0.7569444444444444,0.6226415094339622,0.7569444444444444,0.7569444444444444,0.6430678466076696,0.579496090356212,0.15873245987592788,973,"all","NB#973","NB",973
364,417,159,211,0.7239583333333334,0.6959847036328872,0.7239583333333334,0.7239583333333334,0.6926910299003323,0.6785403996524761,0.3570298392989788,973,"all","MLP#973","MLP",973
340,387,189,235,0.671875,0.6427221172022685,0.671875,0.671875,0.6460767946577628,0.631624674196351,0.2631976254389648,974,"all","DT#974","DT",974
324,419,157,251,0.7274305555555556,0.6735966735966736,0.7274305555555556,0.7274305555555556,0.6725521669341894,0.6455256298870548,0.29095010463441373,974,"all","RF#974","RF",974
524,71,505,51,0.9113043478260869,0.5819672131147541,0.9113043478260869,0.9113043478260869,0.6533665835411472,0.5169417897480452,0.034544560340587935,974,"all","NB#974","NB",974
350,430,146,225,0.7465277777777778,0.7056451612903226,0.7465277777777778,0.7465277777777778,0.6986190089358245,0.6776715899218071,0.35526580011806963,974,"all","MLP#974","MLP",974
343,333,243,232,0.5965217391304348,0.5893805309734513,0.5965217391304348,0.5965217391304348,0.5908699397071491,0.5873153779322329,0.17464383894591118,975,"all","DT#975","DT",975
357,382,194,218,0.6631944444444444,0.647912885662432,0.6631944444444444,0.6631944444444444,0.6496598639455783,0.6420503909643788,0.2840743022090172,975,"all","RF#975","RF",975
526,75,501,49,0.9147826086956522,0.6048387096774194,0.9147826086956522,0.9147826086956522,0.6566791510611735,0.522154648132059,0.04496026262272713,975,"all","NB#975","NB",975
402,385,191,173,0.6991304347826087,0.6899641577060932,0.6991304347826087,0.6991304347826087,0.6883561643835616,0.68375325803649,0.36752322551621475,975,"all","MLP#975","MLP",975
342,353,223,233,0.6128472222222222,0.6053097345132743,0.6128472222222222,0.6128472222222222,0.6075731497418245,0.6038227628149435,0.20763296547351265,976,"all","DT#976","DT",976
337,408,168,238,0.7083333333333334,0.6673267326732674,0.7083333333333334,0.7083333333333334,0.6677577741407529,0.6472632493483927,0.2944514063986231,976,"all","RF#976","RF",976
350,287,289,225,0.6086956521739131,0.560546875,0.6086956521739131,0.6086956521739131,0.5766062602965404,0.5534317984361424,0.10694920780600893,976,"all","NB#976","NB",976
354,451,125,221,0.7829861111111112,0.7390396659707724,0.7829861111111112,0.7829861111111112,0.7227564102564101,0.6993918331885317,0.3986960670628593,976,"all","MLP#976","MLP",976
337,340,236,238,0.5902777777777778,0.5882352941176471,0.5902777777777778,0.5902777777777778,0.5892547660311959,0.5881841876629018,0.17636526680334183,977,"all","DT#977","DT",977
325,404,172,250,0.7013888888888888,0.6539235412474849,0.7013888888888888,0.7013888888888888,0.6569105691056911,0.6333622936576889,0.26663767774586977,977,"all","RF#977","RF",977
206,452,124,369,0.7847222222222222,0.6242424242424243,0.7847222222222222,0.7847222222222222,0.6471009305654976,0.5716768027801912,0.14303599610363138,977,"all","NB#977","NB",977
312,438,138,263,0.7604166666666666,0.6933333333333334,0.7604166666666666,0.7604166666666666,0.6859827721221613,0.6516072980017377,0.3030825563398891,977,"all","MLP#977","MLP",977
356,355,221,219,0.6191304347826087,0.6184668989547039,0.6191304347826087,0.6191304347826087,0.6180555555555556,0.6177237185056472,0.2354491683298056,978,"all","DT#978","DT",978
372,380,196,203,0.6597222222222222,0.6549295774647887,0.6597222222222222,0.6597222222222222,0.6557377049180328,0.6533449174630755,0.30668198486397036,978,"all","RF#978","RF",978
548,44,532,27,0.9530434782608695,0.6197183098591549,0.9530434782608695,0.9530434782608695,0.6622356495468278,0.5143353605560382,0.02940994561815038,978,"all","NB#978","NB",978
333,441,135,242,0.765625,0.7115384615384616,0.765625,0.765625,0.7005559968228753,0.6724587315377932,0.3448111334409392,978,"all","MLP#978","MLP",978
331,363,213,244,0.6302083333333334,0.6084558823529411,0.6302083333333334,0.6302083333333334,0.613693998309383,0.6029539530842746,0.2058701418695623,979,"all","DT#979","DT",979
340,390,186,235,0.6770833333333334,0.6463878326996197,0.6770833333333334,0.6770833333333334,0.649458784346378,0.634231103388358,0.268407536185497,979,"all","RF#979","RF",979
528,87,489,47,0.9182608695652174,0.6492537313432836,0.9182608695652174,0.9182608695652174,0.6633165829145728,0.5343179843614249,0.06925632352808062,979,"all","NB#979","NB",979
341,457,119,234,0.7934027777777778,0.741304347826087,0.7934027777777778,0.7934027777777778,0.7213891081294396,0.6933101650738488,0.3865133590523716,979,"all","MLP#979","MLP",979
365,336,240,210,0.6347826086956522,0.6153846153846154,0.6347826086956522,0.6347826086956522,0.6186440677966102,0.6090356211989574,0.21810606403695473,980,"all","DT#980","DT",980
337,398,178,238,0.6909722222222222,0.654368932038835,0.6909722222222222,0.6909722222222222,0.6567656765676567,0.6385751520417029,0.2770842769574539,980,"all","RF#980","RF",980
536,61,515,39,0.9321739130434783,0.61,0.9321739130434783,0.9321739130434783,0.6592865928659287,0.5186794092093832,0.038049348596117576,980,"all","NB#980","NB",980
317,462,114,258,0.8020833333333334,0.7354988399071926,0.8020833333333334,0.8020833333333334,0.7129629629629629,0.6768027801911382,0.35346452127274053,980,"all","MLP#980","MLP",980
338,363,213,237,0.6302083333333334,0.6134301270417423,0.6302083333333334,0.6302083333333334,0.6173469387755102,0.6090356211989574,0.21804232037392654,981,"all","DT#981","DT",981
329,420,156,246,0.7291666666666666,0.6783505154639176,0.7291666666666666,0.7291666666666666,0.6763285024154588,0.6507384882710686,0.30138152828735787,981,"all","RF#981","RF",981
530,63,513,45,0.9217391304347826,0.5833333333333334,0.9217391304347826,0.9217391304347826,0.6551297898640296,0.5152041702867072,0.031092163145603664,981,"all","NB#981","NB",981
303,446,130,272,0.7743055555555556,0.6997690531177829,0.7743055555555556,0.7743055555555556,0.6893353941267388,0.6507384882710686,0.30132667329046975,981,"all","MLP#981","MLP",981
354,312,264,221,0.6156521739130435,0.5853658536585366,0.6156521739130435,0.6156521739130435,0.5934618608549873,0.578627280625543,0.15730862881787558,982,"all","DT#982","DT",982
334,390,186,241,0.6770833333333334,0.6423076923076924,0.6770833333333334,0.6770833333333334,0.6462303231151616,0.629018245004344,0.2579743185198046,982,"all","RF#982","RF",982
526,80,496,49,0.9147826086956522,0.6201550387596899,0.9147826086956522,0.9147826086956522,0.6587351283656856,0.526498696785404,0.05363530347123826,982,"all","NB#982","NB",982
340,439,137,235,0.7621527777777778,0.7127882599580713,0.7621527777777778,0.7621527777777778,0.7024,0.6768027801911382,0.3535094262134192,982,"all","MLP#982","MLP",982
358,345,231,217,0.6226086956521739,0.6138790035587188,0.6226086956521739,0.6226086956521739,0.6151202749140893,0.6107732406602954,0.22156234620645085,983,"all","DT#983","DT",983
356,402,174,219,0.6979166666666666,0.6716981132075471,0.6979166666666666,0.6979166666666666,0.6716791979949873,0.6585577758470895,0.31706864143850366,983,"all","RF#983","RF",983
541,68,508,34,0.9408695652173913,0.6666666666666666,0.9408695652173913,0.9408695652173913,0.666256157635468,0.529105125977411,0.058882985303391075,983,"all","NB#983","NB",983
379,413,163,196,0.7170138888888888,0.6992619926199262,0.7170138888888888,0.7170138888888888,0.6970464135021097,0.6880973066898349,0.37616306367919905,983,"all","MLP#983","MLP",983
344,361,215,231,0.6267361111111112,0.6153846153846154,0.6267361111111112,0.6267361111111112,0.6181506849315068,0.6125108601216334,0.22500241551728303,984,"all","DT#984","DT",984
340,382,194,235,0.6631944444444444,0.6367041198501873,0.6631944444444444,0.6631944444444444,0.6404023470243084,0.6272806255430061,0.2545145457372815,984,"all","RF#984","RF",984
454,176,400,121,0.7895652173913044,0.5925925925925926,0.7895652173913044,0.7895652173913044,0.6354093771868439,0.5473501303214596,0.09508072535873333,984,"all","NB#984","NB",984
354,437,139,221,0.7586805555555556,0.718052738336714,0.7586805555555556,0.7586805555555556,0.7082658022690438,0.687228496959166,0.3743790747042962,984,"all","MLP#984","MLP",984
350,340,236,225,0.6086956521739131,0.6017699115044248,0.6086956521739131,0.6086956521739131,0.6029285099052542,0.5994787141615986,0.1989701257980316,985,"all","DT#985","DT",985
339,407,169,236,0.7065972222222222,0.6673228346456693,0.7065972222222222,0.7065972222222222,0.667760459392945,0.6481320590790617,0.2961923986876692,985,"all","RF#985","RF",985
424,178,398,151,0.7373913043478261,0.541033434650456,0.7373913043478261,0.7373913043478261,0.6070150322118827,0.5230234578627281,0.04640177952967412,985,"all","NB#985","NB",985
349,443,133,226,0.7690972222222222,0.7240663900414938,0.7690972222222222,0.7690972222222222,0.7116465863453815,0.6880973066898349,0.376106548775719,985,"all","MLP#985","MLP",985
377,349,227,198,0.6556521739130434,0.6380255941499086,0.6556521739130434,0.6556521739130434,0.6395250212044105,0.630755864465682,0.261543501265796,986,"all","DT#986","DT",986
343,399,177,232,0.6927083333333334,0.6596153846153846,0.6927083333333334,0.6927083333333334,0.6611433305716654,0.6446568201563857,0.28925408963606575,986,"all","RF#986","RF",986
536,64,512,39,0.9321739130434783,0.6213592233009708,0.9321739130434783,0.9321739130434783,0.6605052372150338,0.5212858384013901,0.04325413767041334,986,"all","NB#986","NB",986
349,438,138,226,0.7604166666666666,0.7166324435318275,0.7604166666666666,0.7604166666666666,0.7064516129032257,0.68375325803649,0.36742200050731383,986,"all","MLP#986","MLP",986
380,325,251,195,0.6608695652173913,0.625,0.6608695652173913,0.6608695652173913,0.6301824212271974,0.6125108601216334,0.22508664726412023,987,"all","DT#987","DT",987
345,377,199,230,0.6545138888888888,0.6341911764705882,0.6545138888888888,0.6545138888888888,0.6373626373626374,0.6272806255430061,0.2545258005733966,987,"all","RF#987","RF",987
519,114,462,56,0.9026086956521739,0.6705882352941176,0.9026086956521739,0.9026086956521739,0.6670951156812339,0.5499565595134666,0.10046378578347204,987,"all","NB#987","NB",987
333,441,135,242,0.765625,0.7115384615384616,0.765625,0.765625,0.7005559968228753,0.6724587315377932,0.3448111334409392,987,"all","MLP#987","MLP",987
339,346,230,236,0.6006944444444444,0.5957820738137083,0.6006944444444444,0.6006944444444444,0.5975820379965459,0.5951346655082537,0.1902613852178612,988,"all","DT#988","DT",988
356,392,184,219,0.6805555555555556,0.6592592592592592,0.6805555555555556,0.6805555555555556,0.6604886267902275,0.6498696785403997,0.29970182603247447,988,"all","RF#988","RF",988
65,543,33,510,0.9427083333333334,0.6632653061224489,0.9427083333333334,0.9427083333333334,0.6666666666666667,0.5282363162467419,0.05579198788983019,988,"all","NB#988","NB",988
347,427,149,228,0.7413194444444444,0.6995967741935484,0.7413194444444444,0.7413194444444444,0.6937449228269699,0.6724587315377932,0.3448388319259091,988,"all","MLP#988","MLP",988
354,350,226,221,0.6156521739130435,0.6129597197898424,0.6156521739130435,0.6156521739130435,0.612987012987013,0.6116420503909644,0.2232893773446759,989,"all","DT#989","DT",989
346,389,187,229,0.6753472222222222,0.649155722326454,0.6753472222222222,0.6753472222222222,0.6515912897822446,0.6385751520417029,0.2771039226521007,989,"all","RF#989","RF",989
414,214,362,161,0.72,0.5706666666666667,0.72,0.72,0.6128793486306439,0.5456125108601216,0.09150001282823296,989,"all","NB#989","NB",989
332,452,124,243,0.7847222222222222,0.7280701754385965,0.7847222222222222,0.7847222222222222,0.7112509834775768,0.6811468288444831,0.3621785918665945,989,"all","MLP#989","MLP",989
341,364,212,234,0.6319444444444444,0.6166365280289331,0.6319444444444444,0.6319444444444444,0.6201022146507665,0.6125108601216334,0.22499539537846977,990,"all","DT#990","DT",990
339,404,172,236,0.7013888888888888,0.6634050880626223,0.7013888888888888,0.7013888888888888,0.6644736842105262,0.6455256298870548,0.29098222050439654,990,"all","RF#990","RF",990
11,566,10,564,0.9826388888888888,0.5238095238095238,0.9826388888888888,0.9826388888888888,0.6635404454865181,0.5013032145960035,0.001770804688703916,990,"all","NB#990","NB",990
357,414,162,218,0.71875,0.6878612716763006,0.71875,0.71875,0.685430463576159,0.6698523023457863,0.33964827944391446,990,"all","MLP#990","MLP",990
341,338,238,234,0.5930434782608696,0.5909090909090909,0.5930434782608696,0.5930434782608696,0.5909878682842288,0.5899218071242398,0.17984794777809313,991,"all","DT#991","DT",991
317,406,170,258,0.7048611111111112,0.6509240246406571,0.7048611111111112,0.7048611111111112,0.6548387096774194,0.6281494352736751,0.25619949510200635,991,"all","RF#991","RF",991
538,53,523,37,0.9356521739130435,0.5888888888888889,0.9356521739130435,0.9356521739130435,0.6577017114914425,0.5134665508253693,0.027645779213922264,991,"all","NB#991","NB",991
321,459,117,254,0.796875,0.7328767123287672,0.796875,0.796875,0.712179984484096,0.6776715899218071,0.3552093352640868,991,"all","MLP#991","MLP",991
344,340,236,231,0.5982608695652174,0.5954465849387041,0.5982608695652174,0.5982608695652174,0.5956709956709957,0.5942658557775847,0.18853722420573518,992,"all","DT#992","DT",992
368,387,189,207,0.671875,0.6606822262118492,0.671875,0.671875,0.6615384615384616,0.6559513466550826,0.311883475094432,992,"all","RF#992","RF",992
562,20,556,13,0.9773913043478261,0.6060606060606061,0.9773913043478261,0.9773913043478261,0.6639102185469581,0.5056472632493484,0.012103604683962215,992,"all","NB#992","NB",992
379,411,165,196,0.7135416666666666,0.6966911764705882,0.7135416666666666,0.7135416666666666,0.694843617920541,0.6863596872284969,0.3726895431398511,992,"all","MLP#992","MLP",992
352,355,221,223,0.6163194444444444,0.6143106457242583,0.6163194444444444,0.6163194444444444,0.6152512998266897,0.6142484795829714,0.22849404738540888,993,"all","DT#993","DT",993
363,394,182,212,0.6840277777777778,0.6660550458715596,0.6840277777777778,0.6840277777777778,0.6666666666666667,0.6576889661164205,0.3153464075969623,993,"all","RF#993","RF",993
266,400,176,309,0.6944444444444444,0.6018099547511312,0.6944444444444444,0.6944444444444444,0.622568093385214,0.578627280625543,0.15708468034795625,993,"all","NB#993","NB",993
376,420,156,199,0.7291666666666666,0.706766917293233,0.7291666666666666,0.7291666666666666,0.702928870292887,0.6915725456125109,0.3831045795545303,993,"all","MLP#993","MLP",993
330,320,256,245,0.5739130434782609,0.5663716814159292,0.5739130434782609,0.5739130434782609,0.5684754521963825,0.5647263249348393,0.12946644907768742,994,"all","DT#994","DT",994
354,408,168,221,0.7083333333333334,0.6781609195402298,0.7083333333333334,0.7083333333333334,0.6771784232365144,0.6620330147697654,0.3240114320741242,994,"all","RF#994","RF",994
563,14,562,12,0.9791304347826087,0.5384615384615384,0.9791304347826087,0.9791304347826087,0.6623529411764706,0.5013032145960035,0.003433139754129344,994,"all","NB#994","NB",994
347,453,123,228,0.7864583333333334,0.7382978723404255,0.7864583333333334,0.7864583333333334,0.720763723150358,0.6950477845351868,0.38999841460376417,994,"all","MLP#994","MLP",994
332,347,229,243,0.6024305555555556,0.5918003565062389,0.6024305555555556,0.6024305555555556,0.5951972555746141,0.5899218071242398,0.17982566056649754,995,"all","DT#995","DT",995
328,392,184,247,0.6805555555555556,0.640625,0.6805555555555556,0.6805555555555556,0.6452674897119342,0.6255430060816681,0.2510142117985255,995,"all","RF#995","RF",995
11,563,13,564,0.9774305555555556,0.49955634427684115,0.9774305555555556,0.9774305555555556,0.6611861421021726,0.49869678540399653,-0.0034418726930160845,995,"all","NB#995","NB",995
351,424,152,224,0.7361111111111112,0.6978131212723658,0.7361111111111112,0.7361111111111112,0.6928104575163399,0.6733275412684622,0.3465835658465291,995,"all","MLP#995","MLP",995
357,342,234,218,0.6208695652173913,0.6107142857142858,0.6208695652173913,0.6208695652173913,0.6123499142367067,0.6072980017376195,0.21461438129513785,996,"all","DT#996","DT",996
359,393,183,216,0.6822916666666666,0.6623616236162362,0.6822916666666666,0.6822916666666666,0.6632911392405063,0.6533449174630755,0.30665476993871976,996,"all","RF#996","RF",996
465,152,424,110,0.808695652173913,0.5801526717557252,0.808695652173913,0.808695652173913,0.6352459016393444,0.5360556038227628,0.07255014983839185,996,"all","NB#996","NB",996
358,453,123,217,0.7864583333333334,0.7442827442827443,0.7864583333333334,0.7864583333333334,0.7271268057784913,0.7046046915725456,0.4091250871953446,996,"all","MLP#996","MLP",996
357,338,238,218,0.6208695652173913,0.6079136690647482,0.6208695652173913,0.6208695652173913,0.6102564102564103,0.6038227628149435,0.20766885057818288,997,"all","DT#997","DT",997
345,406,170,230,0.7048611111111112,0.6699029126213593,0.7048611111111112,0.7048611111111112,0.66996699669967,0.6524761077324066,0.30488872784370563,997,"all","RF#997","RF",997
414,203,373,161,0.72,0.5576923076923077,0.72,0.72,0.6079295154185022,0.5360556038227628,0.07240738169547191,997,"all","NB#997","NB",997
356,427,149,219,0.7413194444444444,0.7049504950495049,0.7413194444444444,0.7413194444444444,0.6988543371522096,0.680278019113814,0.36048797427264345,997,"all","MLP#997","MLP",997
326,354,222,249,0.6145833333333334,0.5948905109489051,0.6145833333333334,0.6145833333333334,0.6005089058524175,0.5907906168549087,0.18154725509644862,998,"all","DT#998","DT",998
362,371,205,213,0.6440972222222222,0.6384479717813051,0.6440972222222222,0.6440972222222222,0.6396551724137931,0.6368375325803649,0.2736657447553714,998,"all","RF#998","RF",998
462,155,421,113,0.8034782608695652,0.5783582089552238,0.8034782608695652,0.8034782608695652,0.6337448559670782,0.5360556038227628,0.07254175292889187,998,"all","NB#998","NB",998
345,435,141,230,0.7552083333333334,0.7098765432098766,0.7552083333333334,0.7552083333333334,0.7010475423045931,0.6776715899218071,0.35525606550397015,998,"all","MLP#998","MLP",998
353,332,244,222,0.6139130434782609,0.5992779783393501,0.6139130434782609,0.6139130434782609,0.6023890784982935,0.5951346655082537,0.19029561216263957,999,"all","DT#999","DT",999
326,404,172,249,0.7013888888888888,0.6546184738955824,0.7013888888888888,0.7013888888888888,0.6574450772986168,0.634231103388358,0.2683766077880431,999,"all","RF#999","RF",999
471,149,427,104,0.8191304347826087,0.5889328063241107,0.8191304347826087,0.8191304347826087,0.639511201629328,0.5386620330147698,0.0777730665753264,999,"all","NB#999","NB",999
345,435,141,230,0.7552083333333334,0.7098765432098766,0.7552083333333334,0.7552083333333334,0.7010475423045931,0.6776715899218071,0.35525606550397015,999,"all","MLP#999","MLP",999
