"TruePositives","TrueNegatives","FalsePositives","FalseNegatives","Recall","Precision","Sensitivity","Specificity","F-measure","Accuracy","Cohen's kappa","Iteration","Species","learner","learner_Arr[0]","learner_Arr[1]"
544,516,48,31,0.9460869565217391,0.943327239488117,0.9460869565217391,0.9460869565217391,0.9323050556983719,0.9306409130816505,0.8612288772742063,0,"all","DT#0","DT",0
558,537,27,17,0.9704347826086956,0.9693140794223827,0.9704347826086956,0.9704347826086956,0.9620689655172413,0.961369622475856,0.9227189316720381,0,"all","RF#0","RF",0
531,493,71,44,0.9234782608695652,0.9180633147113594,0.9234782608695652,0.9234782608695652,0.9022939677145284,0.8990342405618964,0.7979571280712877,0,"all","NB#0","NB",0
553,535,29,22,0.9617391304347827,0.9605026929982047,0.9617391304347827,0.9617391304347827,0.9559204840103717,0.9552238805970149,0.9104287743071564,0,"all","MLP#0","MLP",0
538,525,39,37,0.9356521739130435,0.9341637010676157,0.9356521739130435,0.9356521739130435,0.9340277777777778,0.9332748024582967,0.8665326298456006,1,"all","DT#1","DT",1
548,545,19,27,0.9663120567375887,0.9664902998236331,0.9663120567375887,0.9663120567375887,0.9597197898423818,0.9596136962247586,0.9192308166637889,1,"all","RF#1","RF",1
423,547,17,152,0.9698581560283688,0.9613636363636363,0.9698581560283688,0.9698581560283688,0.8661916072842438,0.8516242317822651,0.7038987209364929,1,"all","NB#1","NB",1
524,540,24,51,0.9574468085106383,0.9562043795620438,0.9574468085106383,0.9574468085106383,0.9350649350649352,0.9341527655838455,0.8683535291425296,1,"all","MLP#1","MLP",1
538,514,50,37,0.9356521739130435,0.9328493647912885,0.9356521739130435,0.9356521739130435,0.9251934651762683,0.9236172080772608,0.8471864749705841,2,"all","DT#2","DT",2
547,541,23,28,0.9592198581560284,0.9596491228070175,0.9592198581560284,0.9592198581560284,0.9554585152838427,0.9552238805970149,0.9104470018731067,2,"all","RF#2","RF",2
545,427,137,30,0.9478260869565217,0.9343544857768052,0.9478260869565217,0.9478260869565217,0.8671439936356403,0.8533801580333626,0.7061998106338516,2,"all","NB#2","NB",2
528,543,21,47,0.9627659574468085,0.9617486338797814,0.9627659574468085,0.9627659574468085,0.9410745233968804,0.9402985074626866,0.8806385096919952,2,"all","MLP#2","MLP",2
532,527,37,43,0.9343971631205674,0.9349736379613357,0.9343971631205674,0.9343971631205674,0.9300699300699301,0.9297629499561019,0.8595270909836495,3,"all","DT#3","DT",3
552,543,21,23,0.9627659574468085,0.9633507853403142,0.9627659574468085,0.9627659574468085,0.9616724738675958,0.961369622475856,0.9227346590155745,3,"all","RF#3","RF",3
479,541,23,96,0.9592198581560284,0.954183266932271,0.9592198581560284,0.9592198581560284,0.9009159034138219,0.8955223880597015,0.7912836867091776,3,"all","NB#3","NB",3
540,539,25,35,0.9556737588652482,0.9557522123893806,0.9556737588652482,0.9556737588652482,0.9473684210526316,0.9473222124670764,0.8946524641211018,3,"all","MLP#3","MLP",3
527,531,33,48,0.9414893617021277,0.9410714285714286,0.9414893617021277,0.9414893617021277,0.9291338582677167,0.9288849868305531,0.8577928834015398,4,"all","DT#4","DT",4
544,541,23,31,0.9592198581560284,0.9594356261022927,0.9592198581560284,0.9592198581560284,0.9527145359019263,0.9525899912203687,0.9051840021705347,4,"all","RF#4","RF",4
475,528,36,100,0.9361702127659575,0.9295499021526419,0.9361702127659575,0.9361702127659575,0.8859060402684564,0.8805970149253731,0.7614307011815729,4,"all","NB#4","NB",4
539,536,28,36,0.950354609929078,0.9506172839506173,0.950354609929078,0.950354609929078,0.9439579684763573,0.9438103599648815,0.8876254840539674,4,"all","MLP#4","MLP",4
529,518,46,46,0.92,0.92,0.92,0.92,0.92,0.9192273924495171,0.8384397163120567,5,"all","DT#5","DT",5
549,537,27,26,0.9547826086956521,0.9538188277087034,0.9547826086956521,0.9547826086956521,0.9539530842745438,0.9534679543459175,0.9069256493711734,5,"all","RF#5","RF",5
521,510,54,54,0.9060869565217391,0.9060869565217391,0.9060869565217391,0.9060869565217391,0.9060869565217391,0.9051799824407375,0.8103422756706753,5,"all","NB#5","NB",5
541,539,25,34,0.9556737588652482,0.9558303886925795,0.9556737588652482,0.9556737588652482,0.9482909728308501,0.9482001755926251,0.8964064997787881,5,"all","MLP#5","MLP",5
538,525,39,37,0.9356521739130435,0.9341637010676157,0.9356521739130435,0.9356521739130435,0.9340277777777778,0.9332748024582967,0.8665326298456006,6,"all","DT#6","DT",6
554,542,22,21,0.9634782608695652,0.9626998223801065,0.9634782608695652,0.9634782608695652,0.9626411815812338,0.9622475856014048,0.9244868476030276,6,"all","RF#6","RF",6
510,520,44,65,0.9219858156028369,0.9205776173285198,0.9219858156028369,0.9219858156028369,0.9051348999129678,0.9043020193151887,0.8086543337171003,6,"all","NB#6","NB",6
552,541,23,23,0.96,0.96,0.96,0.96,0.96,0.9596136962247586,0.9192198581560284,6,"all","MLP#6","MLP",6
541,518,46,34,0.9408695652173913,0.9384057971014492,0.9408695652173913,0.9408695652173913,0.9311531841652323,0.9297629499561019,0.8594841996829451,7,"all","DT#7","DT",7
557,535,29,18,0.9686956521739131,0.9674502712477396,0.9686956521739131,0.9686956521739131,0.9595176571920758,0.9587357330992098,0.9174483676418203,7,"all","RF#7","RF",7
477,532,32,98,0.9432624113475178,0.93713163064833,0.9432624113475178,0.9432624113475178,0.8911222780569514,0.8858647936786654,0.7719635437361201,7,"all","NB#7","NB",7
536,535,29,39,0.9485815602836879,0.9486725663716814,0.9485815602836879,0.9485815602836879,0.9403508771929826,0.9402985074626866,0.8806061260039155,7,"all","MLP#7","MLP",7
523,515,49,52,0.9131205673758865,0.9143356643356644,0.9131205673758865,0.9131205673758865,0.9119442022667829,0.9113257243195786,0.8226439296181354,8,"all","DT#8","DT",8
560,535,29,15,0.9739130434782609,0.9727272727272728,0.9739130434782609,0.9739130434782609,0.9621993127147765,0.961369622475856,0.9227136878012973,8,"all","RF#8","RF",8
489,521,43,86,0.9237588652482269,0.9191729323308271,0.9237588652482269,0.9237588652482269,0.8898377455166524,0.8867427568042142,0.7736294684881362,8,"all","NB#8","NB",8
548,529,35,27,0.9530434782608695,0.9514388489208633,0.9530434782608695,0.9530434782608695,0.9464594127806563,0.9455662862159789,0.891107643343531,8,"all","MLP#8","MLP",8
528,522,42,47,0.925531914893617,0.9263157894736842,0.925531914893617,0.925531914893617,0.9222707423580785,0.9218612818261633,0.8437212385628725,9,"all","DT#9","DT",9
556,540,24,19,0.9669565217391304,0.9660107334525939,0.9669565217391304,0.9669565217391304,0.9627705627705627,0.9622475856014048,0.9244817244755569,9,"all","RF#9","RF",9
535,485,79,40,0.9304347826086956,0.9238095238095239,0.9304347826086956,0.9304347826086956,0.8999158957106812,0.8955223880597015,0.7908869727278759,9,"all","NB#9","NB",9
551,533,31,24,0.9582608695652174,0.9569120287253142,0.9582608695652174,0.9582608695652174,0.9524632670700085,0.95171202809482,0.9034035801351687,9,"all","MLP#9","MLP",9
531,513,51,44,0.9234782608695652,0.9210053859964094,0.9234782608695652,0.9234782608695652,0.9178910976663786,0.9165935030728709,0.8331516384152913,10,"all","DT#10","DT",10
545,533,31,30,0.9478260869565217,0.9467140319715808,0.9478260869565217,0.9478260869565217,0.9470026064291919,0.9464442493415277,0.8928766907856903,10,"all","RF#10","RF",10
511,508,56,64,0.900709219858156,0.9012345679012346,0.900709219858156,0.900709219858156,0.8949211908931699,0.8946444249341527,0.7892977826011888,10,"all","NB#10","NB",10
542,537,27,33,0.9521276595744681,0.9525483304042179,0.9521276595744681,0.9521276595744681,0.9475524475524475,0.9473222124670764,0.8946453182377371,10,"all","MLP#10","MLP",10
551,529,35,24,0.9582608695652174,0.9566003616636528,0.9582608695652174,0.9582608695652174,0.9491817398794143,0.9482001755926251,0.8963713551248383,11,"all","DT#11","DT",11
557,542,22,18,0.9686956521739131,0.9678571428571429,0.9686956521739131,0.9686956521739131,0.9653379549393415,0.9648814749780509,0.9297516328582265,11,"all","RF#11","RF",11
518,508,56,57,0.9008695652173913,0.9024390243902439,0.9008695652173913,0.9008695652173913,0.9016536118363795,0.9007901668129938,0.8015651908462853,11,"all","NB#11","NB",11
539,538,26,36,0.9539007092198581,0.9539823008849557,0.9539007092198581,0.9539007092198581,0.9456140350877194,0.9455662862159789,0.8911408795918052,11,"all","MLP#11","MLP",11
535,521,43,40,0.9304347826086956,0.928698752228164,0.9304347826086956,0.9304347826086956,0.9280138768430181,0.9271290605794557,0.8542371104296087,12,"all","DT#12","DT",12
552,537,27,23,0.96,0.9589285714285715,0.96,0.96,0.9566724436741767,0.9561018437225637,0.9121895410727833,12,"all","RF#12","RF",12
528,491,73,47,0.9182608695652174,0.912639405204461,0.9182608695652174,0.9182608695652174,0.8979591836734694,0.8946444249341527,0.7891762325046197,12,"all","NB#12","NB",12
547,523,41,28,0.951304347826087,0.9491833030852994,0.951304347826087,0.951304347826087,0.9406706792777301,0.9394205443371378,0.8788030663559805,12,"all","MLP#12","MLP",12
532,521,43,43,0.9252173913043479,0.9252173913043479,0.9252173913043479,0.9252173913043479,0.9252173913043479,0.9244951712028094,0.8489762565525747,13,"all","DT#13","DT",13
554,542,22,21,0.9634782608695652,0.9626998223801065,0.9634782608695652,0.9634782608695652,0.9626411815812338,0.9622475856014048,0.9244868476030276,13,"all","RF#13","RF",13
414,554,10,161,0.9822695035460993,0.9764150943396226,0.9822695035460993,0.9822695035460993,0.8663017982799062,0.8498683055311677,0.7004756551600049,13,"all","NB#13","NB",13
537,535,29,38,0.9485815602836879,0.9487632508833922,0.9485815602836879,0.9485815602836879,0.9412795793163892,0.9411764705882353,0.8823599234776067,13,"all","MLP#13","MLP",13
535,515,49,40,0.9304347826086956,0.9279279279279279,0.9304347826086956,0.9304347826086956,0.9232096635030198,0.9218612818261633,0.8436841269327264,14,"all","DT#14","DT",14
553,530,34,22,0.9617391304347827,0.9601449275362319,0.9617391304347827,0.9617391304347827,0.9518072289156627,0.9508340649692713,0.9016389397780614,14,"all","RF#14","RF",14
509,510,54,66,0.9042553191489362,0.9040852575488455,0.9042553191489362,0.9042553191489362,0.8947368421052632,0.8946444249341527,0.7893120733985682,14,"all","NB#14","NB",14
550,528,36,25,0.9565217391304348,0.9547920433996383,0.9565217391304348,0.9565217391304348,0.9474590869939706,0.9464442493415277,0.8928585197053414,14,"all","MLP#14","MLP",14
525,527,37,50,0.9343971631205674,0.9341637010676157,0.9343971631205674,0.9343971631205674,0.9237510955302367,0.9236172080772608,0.8472538432013911,15,"all","DT#15","DT",15
558,540,24,17,0.9704347826086956,0.9694793536804309,0.9704347826086956,0.9704347826086956,0.9645635263612791,0.9640035118525022,0.9279917597371258,15,"all","RF#15","RF",15
448,542,22,127,0.9609929078014184,0.9531914893617022,0.9609929078014184,0.9609929078014184,0.8791565287915654,0.8691834942932397,0.7388077044424437,15,"all","NB#15","NB",15
544,533,31,31,0.9460869565217391,0.9460869565217391,0.9460869565217391,0.9460869565217391,0.9460869565217391,0.9455662862159789,0.8911224175146469,15,"all","MLP#15","MLP",15
530,532,32,45,0.9432624113475178,0.9430604982206405,0.9432624113475178,0.9432624113475178,0.9325153374233129,0.932396839332748,0.8648108727184723,16,"all","DT#16","DT",16
555,540,24,20,0.9652173913043478,0.9642857142857143,0.9652173913043478,0.9652173913043478,0.9618717504332756,0.961369622475856,0.9227267961440492,16,"all","RF#16","RF",16
529,505,59,46,0.92,0.9165154264972777,0.92,0.92,0.9097162510748066,0.9078138718173837,0.8155698835851877,16,"all","NB#16","NB",16
539,541,23,36,0.9592198581560284,0.9590747330960854,0.9592198581560284,0.9592198581560284,0.9482909728308502,0.9482001755926251,0.8964135258492193,16,"all","MLP#16","MLP",16
513,527,37,62,0.9343971631205674,0.9327272727272727,0.9343971631205674,0.9343971631205674,0.9141370338248048,0.913081650570676,0.8262207667116163,17,"all","DT#17","DT",17
548,538,26,27,0.9539007092198581,0.9547038327526133,0.9539007092198581,0.9539007092198581,0.9538729329852046,0.9534679543459175,0.9069288063261338,17,"all","RF#17","RF",17
513,516,48,62,0.9148936170212766,0.9144385026737968,0.9148936170212766,0.9148936170212766,0.9036777583187391,0.9034240561896401,0.8068759498978041,17,"all","NB#17","NB",17
541,534,30,34,0.9468085106382979,0.9474605954465849,0.9468085106382979,0.9468085106382979,0.944153577661431,0.9438103599648815,0.8876178612613391,17,"all","MLP#17","MLP",17
538,502,62,37,0.9356521739130435,0.9313543599257885,0.9356521739130435,0.9356521739130435,0.9157446808510638,0.913081650570676,0.8260733428450238,18,"all","DT#18","DT",18
562,534,30,13,0.9773913043478261,0.9762340036563071,0.9773913043478261,0.9773913043478261,0.963153384747215,0.9622475856014048,0.9244663509214035,18,"all","RF#18","RF",18
524,492,72,51,0.9113043478260869,0.9060773480662984,0.9113043478260869,0.9113043478260869,0.8949615713065755,0.8920105355575065,0.7839239692212304,18,"all","NB#18","NB",18
548,530,34,27,0.9530434782608695,0.9515260323159784,0.9530434782608695,0.9530434782608695,0.9472774416594643,0.9464442493415277,0.8928657888771871,18,"all","MLP#18","MLP",18
535,513,51,40,0.9304347826086956,0.9276672694394213,0.9304347826086956,0.9304347826086956,0.9216192937123169,0.9201053555750659,0.8401659884128863,19,"all","DT#19","DT",19
545,528,36,30,0.9478260869565217,0.946236559139785,0.9478260869565217,0.9478260869565217,0.9429065743944638,0.9420544337137841,0.8840862622468522,19,"all","RF#19","RF",19
513,507,57,62,0.898936170212766,0.9,0.898936170212766,0.898936170212766,0.8960698689956332,0.8955223880597015,0.7910430043705823,19,"all","NB#19","NB",19
542,519,45,33,0.9426086956521739,0.9402173913043478,0.9426086956521739,0.9426086956521739,0.9328743545611015,0.9315188762071993,0.8629970946908714,19,"all","MLP#19","MLP",19
542,516,48,33,0.9426086956521739,0.9398907103825137,0.9426086956521739,0.9426086956521739,0.9304721030042917,0.9288849868305531,0.857720511693539,20,"all","DT#20","DT",20
553,538,26,22,0.9617391304347827,0.9607142857142857,0.9617391304347827,0.9617391304347827,0.9584055459272097,0.9578577699736611,0.915701959429872,20,"all","RF#20","RF",20
454,539,25,121,0.9556737588652482,0.9478079331941545,0.9556737588652482,0.9556737588652482,0.880718954248366,0.8718173836698858,0.7440276084573989,20,"all","NB#20","NB",20
540,538,26,35,0.9539007092198581,0.9540636042402827,0.9539007092198581,0.9539007092198581,0.946538124452235,0.9464442493415277,0.8928948557034928,20,"all","MLP#20","MLP",20
532,514,50,43,0.9252173913043479,0.9228007181328546,0.9252173913043479,0.9252173913043479,0.9196197061365601,0.9183494293239683,0.8366642355012851,21,"all","DT#21","DT",21
547,540,24,28,0.9574468085106383,0.957968476357268,0.9574468085106383,0.9574468085106383,0.9546247818499128,0.9543459174714662,0.9086895122748381,21,"all","RF#21","RF",21
519,518,46,56,0.9184397163120568,0.9185840707964602,0.9184397163120568,0.9184397163120568,0.9105263157894736,0.9104477611940298,0.8209091890058731,21,"all","NB#21","NB",21
534,539,25,41,0.9556737588652482,0.9552772808586762,0.9556737588652482,0.9556737588652482,0.9423076923076923,0.9420544337137841,0.884129499241649,21,"all","MLP#21","MLP",21
531,518,46,44,0.9234782608695652,0.9217081850533808,0.9234782608695652,0.9234782608695652,0.9218750000000001,0.9209833187006146,0.8419465353434744,22,"all","DT#22","DT",22
546,532,32,29,0.9495652173913044,0.948306595365419,0.9495652173913044,0.9495652173913044,0.9470945359930616,0.9464442493415277,0.8928730570627246,22,"all","RF#22","RF",22
480,528,36,95,0.9361702127659575,0.9302325581395349,0.9361702127659575,0.9361702127659575,0.8896377422072452,0.8849868305531168,0.7701821643160021,22,"all","NB#22","NB",22
538,538,26,37,0.9539007092198581,0.9539007092198581,0.9539007092198581,0.9539007092198581,0.9446883230904302,0.9446883230904302,0.8893869629625061,22,"all","MLP#22","MLP",22
528,526,38,47,0.9326241134751773,0.9328621908127208,0.9326241134751773,0.9326241134751773,0.9255039439088518,0.9253731343283582,0.8507551267999488,23,"all","DT#23","DT",23
550,540,24,25,0.9574468085106383,0.9581881533101045,0.9574468085106383,0.9574468085106383,0.9573542210617928,0.9569798068481123,0.9139530473581237,23,"all","RF#23","RF",23
520,504,60,55,0.9043478260869565,0.9016100178890877,0.9043478260869565,0.9043478260869565,0.9004329004329004,0.8990342405618964,0.7980325189462566,23,"all","NB#23","NB",23
541,530,34,34,0.9408695652173913,0.9408695652173913,0.9408695652173913,0.9408695652173913,0.9408695652173913,0.9402985074626866,0.880585877274129,23,"all","MLP#23","MLP",23
532,510,54,43,0.9252173913043479,0.9222423146473779,0.9252173913043479,0.9252173913043479,0.9164513350559863,0.9148375768217735,0.8296274821543951,24,"all","DT#24","DT",24
553,534,30,22,0.9617391304347827,0.960431654676259,0.9617391304347827,0.9617391304347827,0.9550949913644214,0.9543459174714662,0.9086709266752196,24,"all","RF#24","RF",24
514,517,47,61,0.9166666666666666,0.9162210338680927,0.9166666666666666,0.9166666666666666,0.9054290718038529,0.9051799824407375,0.8103872962632985,24,"all","NB#24","NB",24
549,529,35,26,0.9547826086956521,0.9531531531531532,0.9547826086956521,0.9547826086956521,0.9473684210526315,0.9464442493415277,0.8928621544145654,24,"all","MLP#24","MLP",24
536,525,39,39,0.9321739130434783,0.9321739130434783,0.9321739130434783,0.9321739130434783,0.9321739130434783,0.9315188762071993,0.8630249768732655,25,"all","DT#25","DT",25
550,536,28,25,0.9565217391304348,0.9554367201426025,0.9565217391304348,0.9565217391304348,0.9540329575021683,0.9534679543459175,0.9069224922020392,25,"all","RF#25","RF",25
529,496,68,46,0.92,0.915129151291513,0.92,0.92,0.9027303754266212,0.8999122036874452,0.7997310128046543,25,"all","NB#25","NB",25
548,538,26,27,0.9539007092198581,0.9547038327526133,0.9539007092198581,0.9539007092198581,0.9538729329852046,0.9534679543459175,0.9069288063261338,25,"all","MLP#25","MLP",25
541,515,49,34,0.9408695652173913,0.9380692167577414,0.9408695652173913,0.9408695652173913,0.928755364806867,0.9271290605794557,0.8542074379081943,26,"all","DT#26","DT",26
558,532,32,17,0.9704347826086956,0.9690346083788707,0.9704347826086956,0.9704347826086956,0.9579399141630901,0.9569798068481123,0.9139296922590544,26,"all","RF#26","RF",26
468,537,27,107,0.9521276595744681,0.9454545454545454,0.9521276595744681,0.9521276595744681,0.8890728476821192,0.8823529411764706,0.7650027714479275,26,"all","NB#26","NB",26
543,518,46,32,0.9443478260869566,0.9418181818181818,0.9443478260869566,0.9443478260869566,0.9329896907216496,0.9315188762071993,0.8629924465568451,26,"all","MLP#26","MLP",26
534,533,31,41,0.9450354609929078,0.9451327433628318,0.9450354609929078,0.9450354609929078,0.9368421052631579,0.9367866549604916,0.8735829569453221,27,"all","DT#27","DT",27
562,541,23,13,0.9773913043478261,0.9765342960288809,0.9773913043478261,0.9773913043478261,0.9689655172413794,0.9683933274802459,0.9367700350043949,27,"all","RF#27","RF",27
449,541,23,126,0.9592198581560284,0.951271186440678,0.9592198581560284,0.9592198581560284,0.8789601949634444,0.8691834942932397,0.738798860454987,27,"all","NB#27","NB",27
554,531,33,21,0.9634782608695652,0.9619565217391305,0.9634782608695652,0.9634782608695652,0.9535283993115319,0.9525899912203687,0.9051518347859878,27,"all","MLP#27","MLP",27
533,517,47,42,0.9269565217391305,0.924865831842576,0.9269565217391305,0.9269565217391305,0.922943722943723,0.9218612818261633,0.8436947320540595,28,"all","DT#28","DT",28
559,532,32,16,0.9721739130434782,0.9708029197080292,0.9721739130434782,0.9721739130434782,0.9588336192109777,0.9578577699736611,0.91568479883533,28,"all","RF#28","RF",28
533,503,61,42,0.9269565217391305,0.9229357798165138,0.9269565217391305,0.9269565217391305,0.9118905047048759,0.9095697980684812,0.8190644225475061,28,"all","NB#28","NB",28
541,531,33,34,0.9414893617021277,0.9425087108013938,0.9414893617021277,0.9414893617021277,0.9416884247171453,0.9411764705882353,0.8823439627141691,28,"all","MLP#28","MLP",28
542,527,37,33,0.9426086956521739,0.9410714285714286,0.9426086956521739,0.9426086956521739,0.9393414211438474,0.9385425812115891,0.8770653575018964,29,"all","DT#29","DT",29
552,538,26,23,0.96,0.9590017825311943,0.96,0.96,0.9575021682567215,0.9569798068481123,0.9139472097716966,29,"all","RF#29","RF",29
467,530,34,108,0.9397163120567376,0.9321357285429142,0.9397163120567376,0.9397163120567376,0.8818635607321131,0.8753292361720808,0.7509477775348238,29,"all","NB#29","NB",29
547,532,32,28,0.951304347826087,0.95,0.951304347826087,0.951304347826087,0.9480069324090121,0.9473222124670764,0.8946274492873398,29,"all","MLP#29","MLP",29
537,532,32,38,0.9432624113475178,0.9437609841827768,0.9432624113475178,0.9432624113475178,0.9388111888111887,0.9385425812115891,0.8770862046106932,30,"all","DT#30","DT",30
555,541,23,20,0.9652173913043478,0.964349376114082,0.9652173913043478,0.9652173913043478,0.9627059843885516,0.9622475856014048,0.9244842861261828,30,"all","RF#30","RF",30
514,531,33,61,0.9414893617021277,0.9396709323583181,0.9414893617021277,0.9414893617021277,0.9186851211072663,0.9174714661984197,0.8350058868129226,30,"all","NB#30","NB",30
535,539,25,40,0.9556737588652482,0.9553571428571429,0.9556737588652482,0.9556737588652482,0.9431321084864391,0.9429323968393327,0.8858831780382727,30,"all","MLP#30","MLP",30
533,524,40,42,0.9290780141843972,0.9301919720767888,0.9290780141843972,0.9290780141843972,0.9285714285714286,0.9280070237050044,0.8560055008926618,31,"all","DT#31","DT",31
554,542,22,21,0.9634782608695652,0.9626998223801065,0.9634782608695652,0.9634782608695652,0.9626411815812338,0.9622475856014048,0.9244868476030276,31,"all","RF#31","RF",31
533,485,79,42,0.9269565217391305,0.920303605313093,0.9269565217391305,0.9269565217391305,0.8980623420387532,0.8937664618086041,0.7873796847543865,31,"all","NB#31","NB",31
542,541,23,33,0.9592198581560284,0.95929203539823,0.9592198581560284,0.9592198581560284,0.9508771929824561,0.9508340649692713,0.9016756331796949,31,"all","MLP#31","MLP",31
531,531,33,44,0.9414893617021277,0.9414893617021277,0.9414893617021277,0.9414893617021277,0.9323968393327481,0.932396839332748,0.8648062880652851,32,"all","DT#32","DT",32
552,550,14,23,0.975177304964539,0.9752650176678446,0.975177304964539,0.975177304964539,0.9675723049956179,0.9675153643546971,0.9350345846070365,32,"all","RF#32","RF",32
512,519,45,63,0.9202127659574468,0.9192100538599641,0.9202127659574468,0.9202127659574468,0.9057591623036649,0.9051799824407375,0.8104001553642274,32,"all","NB#32","NB",32
547,543,21,28,0.9627659574468085,0.9630281690140845,0.9627659574468085,0.9627659574468085,0.9571303587051618,0.9569798068481123,0.9139618022528931,32,"all","MLP#32","MLP",32
538,525,39,37,0.9356521739130435,0.9341637010676157,0.9356521739130435,0.9356521739130435,0.9340277777777778,0.9332748024582967,0.8665326298456006,33,"all","DT#33","DT",33
552,527,37,23,0.96,0.9581818181818181,0.96,0.96,0.9484536082474226,0.9473222124670764,0.8946095742744963,33,"all","RF#33","RF",33
518,493,71,57,0.9008695652173913,0.8963636363636364,0.9008695652173913,0.9008695652173913,0.8900343642611683,0.887620719929763,0.7751670917855921,33,"all","NB#33","NB",33
544,519,45,31,0.9460869565217391,0.9436363636363636,0.9460869565217391,0.9460869565217391,0.9347079037800686,0.9332748024582967,0.8665054607476952,33,"all","MLP#33","MLP",33
529,525,39,46,0.9308510638297872,0.9313380281690141,0.9308510638297872,0.9308510638297872,0.9256342957130359,0.9253731343283582,0.8507500651325698,34,"all","DT#34","DT",34
555,536,28,20,0.9652173913043478,0.9640287769784173,0.9652173913043478,0.9652173913043478,0.9585492227979274,0.9578577699736611,0.9156962400078951,34,"all","RF#34","RF",34
505,522,42,70,0.925531914893617,0.923217550274223,0.925531914893617,0.925531914893617,0.903114186851211,0.9016681299385426,0.8034112693941207,34,"all","NB#34","NB",34
547,533,31,28,0.951304347826087,0.9500891265597148,0.951304347826087,0.951304347826087,0.9488291413703382,0.9482001755926251,0.8963854158475533,34,"all","MLP#34","MLP",34
533,530,34,42,0.9397163120567376,0.9400352733686067,0.9397163120567376,0.9397163120567376,0.9334500875656743,0.9332748024582967,0.8665552623140862,35,"all","DT#35","DT",35
549,546,18,26,0.9680851063829787,0.9682539682539683,0.9680851063829787,0.9680851063829787,0.9614711033274956,0.961369622475856,0.9227425202871025,35,"all","RF#35","RF",35
491,534,30,84,0.9468085106382979,0.9424184261036468,0.9468085106382979,0.9468085106382979,0.9035532994923857,0.8999122036874452,0.7999889093244856,35,"all","NB#35","NB",35
533,537,27,42,0.9521276595744681,0.9517857142857142,0.9521276595744681,0.9521276595744681,0.9396325459317585,0.9394205443371378,0.8788606043790895,35,"all","MLP#35","MLP",35
537,530,34,38,0.9397163120567376,0.9404553415061296,0.9397163120567376,0.9397163120567376,0.93717277486911,0.9367866549604916,0.8735700939190063,36,"all","DT#36","DT",36
559,528,36,16,0.9721739130434782,0.9705882352941176,0.9721739130434782,0.9721739130434782,0.9555555555555556,0.9543459174714662,0.908652333508128,36,"all","RF#36","RF",36
456,529,35,119,0.9379432624113475,0.9287169042769857,0.9379432624113475,0.9379432624113475,0.8729372937293729,0.8647936786654961,0.7299468533880196,36,"all","NB#36","NB",36
549,522,42,26,0.9547826086956521,0.9525547445255474,0.9547826086956521,0.9547826086956521,0.941680960548885,0.9402985074626866,0.8805534650167175,36,"all","MLP#36","MLP",36
535,529,35,40,0.9379432624113475,0.9385964912280702,0.9379432624113475,0.9379432624113475,0.9344978165938864,0.9341527655838455,0.8683044145192745,37,"all","DT#37","DT",37
556,539,25,19,0.9669565217391304,0.9659498207885304,0.9669565217391304,0.9669565217391304,0.9619377162629758,0.961369622475856,0.9227241748312347,37,"all","RF#37","RF",37
400,540,24,175,0.9574468085106383,0.9433962264150944,0.9574468085106383,0.9574468085106383,0.8444096950742768,0.8252853380158033,0.6514307331979003,37,"all","NB#37","NB",37
536,535,29,39,0.9485815602836879,0.9486725663716814,0.9485815602836879,0.9485815602836879,0.9403508771929826,0.9402985074626866,0.8806061260039155,37,"all","MLP#37","MLP",37
531,534,30,44,0.9468085106382979,0.946524064171123,0.9468085106382979,0.9468085106382979,0.9352014010507881,0.9350307287093942,0.8700801844767044,38,"all","DT#38","DT",38
557,542,22,18,0.9686956521739131,0.9678571428571429,0.9686956521739131,0.9686956521739131,0.9653379549393415,0.9648814749780509,0.9297516328582265,38,"all","RF#38","RF",38
526,494,70,49,0.9147826086956522,0.9097605893186004,0.9147826086956522,0.9147826086956522,0.8983774551665243,0.8955223880597015,0.7909508320107841,38,"all","NB#38","NB",38
546,536,28,29,0.950354609929078,0.9512195121951219,0.950354609929078,0.950354609929078,0.9503916449086163,0.9499561018437226,0.899904565294144,38,"all","MLP#38","MLP",38
541,524,40,34,0.9408695652173913,0.9390681003584229,0.9408695652173913,0.9408695652173913,0.9359861591695501,0.9350307287093942,0.8700361122161675,39,"all","DT#39","DT",39
559,539,25,16,0.9721739130434782,0.9711711711711711,0.9721739130434782,0.9721739130434782,0.9646246764452113,0.9640035118525022,0.9279893169015931,39,"all","RF#39","RF",39
511,510,54,64,0.9042553191489362,0.904424778761062,0.9042553191489362,0.9042553191489362,0.8964912280701754,0.8964003511852502,0.7928165127715002,39,"all","NB#39","NB",39
552,542,22,23,0.9609929078014184,0.9616724738675958,0.9609929078014184,0.9609929078014184,0.9608355091383811,0.9604916593503073,0.9209772883901137,39,"all","MLP#39","MLP",39
537,528,36,38,0.9361702127659575,0.93717277486911,0.9361702127659575,0.9361702127659575,0.9355400696864111,0.9350307287093942,0.8700537447080117,40,"all","DT#40","DT",40
550,539,25,25,0.9565217391304348,0.9565217391304348,0.9565217391304348,0.9565217391304348,0.9565217391304348,0.9561018437225637,0.9121954979956831,40,"all","RF#40","RF",40
506,501,63,69,0.8882978723404256,0.8892794376098418,0.8882978723404256,0.8882978723404256,0.8846153846153847,0.884108867427568,0.7682197001230217,40,"all","NB#40","NB",40
550,537,27,25,0.9565217391304348,0.9555160142348754,0.9565217391304348,0.9565217391304348,0.954861111111111,0.9543459174714662,0.9086802204206742,40,"all","MLP#40","MLP",40
539,527,37,36,0.9373913043478261,0.9360568383658969,0.9373913043478261,0.9373913043478261,0.9365768896611643,0.935908691834943,0.8718032529074653,41,"all","DT#41","DT",41
560,542,22,15,0.9739130434782609,0.9730700179533214,0.9739130434782609,0.9739130434782609,0.9680207433016422,0.9675153643546971,0.9350169539091134,41,"all","RF#41","RF",41
501,519,45,74,0.9202127659574468,0.9175824175824175,0.9202127659574468,0.9202127659574468,0.8971477960242005,0.8955223880597015,0.7911280144363163,41,"all","NB#41","NB",41
548,533,31,27,0.9530434782608695,0.9517857142857142,0.9530434782608695,0.9530434782608695,0.9497400346620449,0.9490781387181738,0.8981398676444285,41,"all","MLP#41","MLP",41
537,529,35,38,0.9379432624113475,0.9388111888111889,0.9379432624113475,0.9379432624113475,0.9363557105492589,0.935908691834943,0.8718119491299395,42,"all","DT#42","DT",42
546,545,19,29,0.9663120567375887,0.9663716814159292,0.9663120567375887,0.9663120567375887,0.9578947368421054,0.9578577699736611,0.9157219712968815,42,"all","RF#42","RF",42
548,425,139,27,0.9530434782608695,0.9402654867256637,0.9530434782608695,0.9530434782608695,0.8684627575277338,0.8542581211589113,0.7079342815832725,42,"all","NB#42","NB",42
544,535,29,31,0.9485815602836879,0.9493891797556719,0.9485815602836879,0.9485815602836879,0.9477351916376306,0.9473222124670764,0.8946381713848743,42,"all","MLP#42","MLP",42
525,524,40,50,0.9290780141843972,0.9292035398230089,0.9290780141843972,0.9290780141843972,0.9210526315789473,0.9209833187006146,0.8419786961816527,43,"all","DT#43","DT",43
551,542,22,24,0.9609929078014184,0.9616055846422339,0.9609929078014184,0.9609929078014184,0.9599303135888502,0.9596136962247586,0.919222598061737,43,"all","RF#43","RF",43
551,398,166,24,0.9582608695652174,0.943127962085308,0.9582608695652174,0.9582608695652174,0.8529411764705882,0.8331870061457419,0.6655374182041859,43,"all","NB#43","NB",43
541,541,23,34,0.9592198581560284,0.9592198581560284,0.9592198581560284,0.9592198581560284,0.9499561018437226,0.9499561018437226,0.899921537918458,43,"all","MLP#43","MLP",43
535,516,48,40,0.9304347826086956,0.9280575539568345,0.9304347826086956,0.9304347826086956,0.924006908462867,0.922739244951712,0.8454431066811408,44,"all","DT#44","DT",44
550,534,30,25,0.9565217391304348,0.9552772808586762,0.9565217391304348,0.9565217391304348,0.9523809523809523,0.95171202809482,0.9034068568873401,44,"all","RF#44","RF",44
515,504,60,60,0.8956521739130435,0.8956521739130435,0.8956521739130435,0.8956521739130435,0.8956521739130435,0.8946444249341527,0.7892691951896392,44,"all","NB#44","NB",44
548,535,29,27,0.9530434782608695,0.9519572953736655,0.9530434782608695,0.9530434782608695,0.9513888888888888,0.9508340649692713,0.9016556219914952,44,"all","MLP#44","MLP",44
536,518,46,39,0.9321739130434783,0.9299820466786356,0.9321739130434783,0.9321739130434783,0.9265341400172862,0.9253731343283582,0.8507146238452608,45,"all","DT#45","DT",45
552,529,35,23,0.96,0.9583333333333334,0.96,0.96,0.9500860585197934,0.9490781387181738,0.8981260447701351,45,"all","RF#45","RF",45
528,501,63,47,0.9182608695652174,0.9142335766423357,0.9182608695652174,0.9182608695652174,0.9056603773584906,0.9034240561896401,0.8067776639976312,45,"all","NB#45","NB",45
548,526,38,27,0.9530434782608695,0.9511754068716094,0.9530434782608695,0.9530434782608695,0.9440137812230835,0.9429323968393327,0.8858328488663472,45,"all","MLP#45","MLP",45
531,527,37,44,0.9343971631205674,0.9348591549295775,0.9343971631205674,0.9343971631205674,0.9291338582677164,0.9288849868305531,0.8577735914792723,46,"all","DT#46","DT",46
556,533,31,19,0.9669565217391304,0.9655797101449275,0.9669565217391304,0.9669565217391304,0.9569707401032701,0.9561018437225637,0.9121776248018407,46,"all","RF#46","RF",46
493,532,32,82,0.9432624113475178,0.939047619047619,0.9432624113475178,0.9432624113475178,0.903225806451613,0.8999122036874452,0.7999753523838867,46,"all","NB#46","NB",46
539,526,38,36,0.9373913043478261,0.9359430604982206,0.9373913043478261,0.9373913043478261,0.9357638888888891,0.9350307287093942,0.87004492906019,46,"all","MLP#46","MLP",46
530,534,30,45,0.9468085106382979,0.9464285714285714,0.9468085106382979,0.9468085106382979,0.9343832020997374,0.9341527655838455,0.8683267438903147,47,"all","DT#47","DT",47
548,542,22,27,0.9609929078014184,0.9614035087719298,0.9609929078014184,0.9609929078014184,0.9572052401746726,0.9569798068481123,0.9139588841525926,47,"all","RF#47","RF",47
483,533,31,92,0.9450354609929078,0.9396887159533074,0.9450354609929078,0.9450354609929078,0.8965517241379309,0.8920105355575065,0.7842241529345989,47,"all","NB#47","NB",47
536,536,28,39,0.950354609929078,0.950354609929078,0.950354609929078,0.950354609929078,0.9411764705882353,0.9411764705882353,0.8823639129918716,47,"all","MLP#47","MLP",47
530,536,28,45,0.950354609929078,0.9498207885304659,0.950354609929078,0.950354609929078,0.9362445414847161,0.935908691834943,0.8718423766197535,48,"all","DT#48","DT",48
549,540,24,26,0.9574468085106383,0.9581151832460733,0.9574468085106383,0.9574468085106383,0.9564459930313588,0.9561018437225637,0.912198476154062,48,"all","RF#48","RF",48
533,505,59,42,0.9269565217391305,0.923217550274223,0.9269565217391305,0.9269565217391305,0.9134532990574121,0.9113257243195786,0.8225837544898082,48,"all","NB#48","NB",48
537,536,28,38,0.950354609929078,0.9504424778761061,0.950354609929078,0.950354609929078,0.9421052631578947,0.9420544337137841,0.8841177105332121,48,"all","MLP#48","MLP",48
541,526,38,34,0.9408695652173913,0.9392857142857143,0.9408695652173913,0.9408695652173913,0.9376083188908144,0.9367866549604916,0.8735529391448078,49,"all","DT#49","DT",49
555,533,31,20,0.9652173913043478,0.9638336347197106,0.9652173913043478,0.9652173913043478,0.9560723514211885,0.9552238805970149,0.9104226968028263,49,"all","RF#49","RF",49
491,525,39,84,0.9308510638297872,0.9264150943396227,0.9308510638297872,0.9308510638297872,0.8951406649616369,0.8920105355575065,0.7841656460148361,49,"all","NB#49","NB",49
551,525,39,24,0.9582608695652174,0.9562841530054644,0.9582608695652174,0.9582608695652174,0.9459227467811158,0.9446883230904302,0.8893381757616414,49,"all","MLP#49","MLP",49
541,530,34,34,0.9408695652173913,0.9408695652173913,0.9408695652173913,0.9408695652173913,0.9408695652173913,0.9402985074626866,0.880585877274129,50,"all","DT#50","DT",50
552,541,23,23,0.96,0.96,0.96,0.96,0.96,0.9596136962247586,0.9192198581560284,50,"all","RF#50","RF",50
523,496,68,52,0.9095652173913044,0.9051094890510949,0.9095652173913044,0.9095652173913044,0.8970840480274443,0.8946444249341527,0.7892119970883249,50,"all","NB#50","NB",50
551,542,22,24,0.9609929078014184,0.9616055846422339,0.9609929078014184,0.9609929078014184,0.9599303135888502,0.9596136962247586,0.919222598061737,50,"all","MLP#50","MLP",50
522,529,35,53,0.9379432624113475,0.9371633752244165,0.9379432624113475,0.9379432624113475,0.9232111692844678,0.922739244951712,0.8455112377041852,51,"all","DT#51","DT",51
550,539,25,25,0.9565217391304348,0.9565217391304348,0.9565217391304348,0.9565217391304348,0.9565217391304348,0.9561018437225637,0.9121954979956831,51,"all","RF#51","RF",51
527,499,65,48,0.9165217391304348,0.9122486288848263,0.9165217391304348,0.9165217391304348,0.9031705227077977,0.9007901668129938,0.8015045966074091,51,"all","NB#51","NB",51
524,526,38,51,0.9326241134751773,0.9323843416370107,0.9326241134751773,0.9326241134751773,0.9219982471516213,0.9218612818261633,0.8437424372979747,51,"all","MLP#51","MLP",51
532,526,38,43,0.9326241134751773,0.9333333333333333,0.9326241134751773,0.9326241134751773,0.9292576419213975,0.9288849868305531,0.8577687676808164,52,"all","DT#52","DT",52
555,547,17,20,0.9698581560283688,0.9702797202797203,0.9698581560283688,0.9698581560283688,0.9677419354838711,0.9675153643546971,0.9350279742165446,52,"all","RF#52","RF",52
519,506,58,56,0.9026086956521739,0.900355871886121,0.9026086956521739,0.9026086956521739,0.9010416666666667,0.8999122036874452,0.7997989447684011,52,"all","NB#52","NB",52
544,545,19,31,0.9663120567375887,0.9662522202486679,0.9663120567375887,0.9663120567375887,0.9561403508771931,0.9561018437225637,0.9122133639160702,52,"all","MLP#52","MLP",52
532,520,44,43,0.9252173913043479,0.9236234458259325,0.9252173913043479,0.9252173913043479,0.9244135534317984,0.9236172080772608,0.8472175753828697,53,"all","DT#53","DT",53
556,535,29,19,0.9669565217391304,0.9657039711191335,0.9669565217391304,0.9669565217391304,0.9586206896551723,0.9578577699736611,0.9156933800058598,53,"all","RF#53","RF",53
505,513,51,70,0.9095744680851063,0.908273381294964,0.9095744680851063,0.9095744680851063,0.8945074106364429,0.8937664618086041,0.7875815532768503,53,"all","NB#53","NB",53
539,530,34,36,0.9397163120567376,0.9406631762652705,0.9397163120567376,0.9397163120567376,0.9390243902439025,0.9385425812115891,0.8770778666156867,53,"all","MLP#53","MLP",53
531,513,51,44,0.9234782608695652,0.9210053859964094,0.9234782608695652,0.9234782608695652,0.9178910976663786,0.9165935030728709,0.8331516384152913,54,"all","DT#54","DT",54
549,542,22,26,0.9609929078014184,0.9614711033274956,0.9609929078014184,0.9609929078014184,0.9581151832460733,0.9578577699736611,0.9157133959460043,54,"all","RF#54","RF",54
510,517,47,65,0.9166666666666666,0.9156193895870736,0.9166666666666666,0.9166666666666666,0.9022687609075043,0.9016681299385426,0.8033779388962359,54,"all","NB#54","NB",54
520,537,27,55,0.9521276595744681,0.9506398537477148,0.9521276595744681,0.9521276595744681,0.9290657439446368,0.9280070237050044,0.856068965092124,54,"all","MLP#54","MLP",54
539,536,28,36,0.950354609929078,0.9506172839506173,0.950354609929078,0.950354609929078,0.9439579684763573,0.9438103599648815,0.8876254840539674,55,"all","DT#55","DT",55
551,546,18,24,0.9680851063829787,0.968365553602812,0.9680851063829787,0.9680851063829787,0.9632867132867133,0.9631255487269534,0.926251722766416,55,"all","RF#55","RF",55
516,517,47,59,0.9166666666666666,0.91651865008881,0.9166666666666666,0.9166666666666666,0.9070175438596491,0.9069359086918349,0.8138923315020686,55,"all","NB#55","NB",55
535,537,27,40,0.9521276595744681,0.9519572953736655,0.9521276595744681,0.9521276595744681,0.9412795793163892,0.9411764705882353,0.882367902235554,55,"all","MLP#55","MLP",55
536,535,29,39,0.9485815602836879,0.9486725663716814,0.9485815602836879,0.9485815602836879,0.9403508771929826,0.9402985074626866,0.8806061260039155,56,"all","DT#56","DT",56
554,542,22,21,0.9634782608695652,0.9626998223801065,0.9634782608695652,0.9634782608695652,0.9626411815812338,0.9622475856014048,0.9244868476030276,56,"all","RF#56","RF",56
525,504,60,50,0.9130434782608695,0.9097472924187726,0.9130434782608695,0.9130434782608695,0.9051724137931034,0.9034240561896401,0.8067973291800954,56,"all","NB#56","NB",56
545,543,21,30,0.9627659574468085,0.9628975265017667,0.9627659574468085,0.9627659574468085,0.9553023663453111,0.9552238805970149,0.9104530760799693,56,"all","MLP#56","MLP",56
537,537,27,38,0.9521276595744681,0.9521276595744681,0.9521276595744681,0.9521276595744681,0.9429323968393328,0.9429323968393327,0.8858754379771888,57,"all","DT#57","DT",57
555,548,16,20,0.9716312056737588,0.9719789842381786,0.9716312056737588,0.9716312056737588,0.9685863874345549,0.9683933274802459,0.9367850469595033,57,"all","RF#57","RF",57
496,530,34,79,0.9397163120567376,0.9358490566037736,0.9397163120567376,0.9397163120567376,0.9036658141517476,0.9007901668129938,0.8017131544689144,57,"all","NB#57","NB",57
534,537,27,41,0.9521276595744681,0.9518716577540107,0.9521276595744681,0.9521276595744681,0.9404553415061295,0.9402985074626866,0.880614223573188,57,"all","MLP#57","MLP",57
523,525,39,52,0.9308510638297872,0.9306049822064056,0.9308510638297872,0.9308510638297872,0.9202453987730062,0.9201053555750659,0.8402310313945585,58,"all","DT#58","DT",58
556,541,23,19,0.9669565217391304,0.9660714285714286,0.9669565217391304,0.9669565217391304,0.9636048526863085,0.9631255487269534,0.9262392145011379,58,"all","RF#58","RF",58
434,545,19,141,0.9663120567375887,0.9580573951434879,0.9663120567375887,0.9663120567375887,0.872,0.8595258999122037,0.7196057494361037,58,"all","NB#58","NB",58
537,537,27,38,0.9521276595744681,0.9521276595744681,0.9521276595744681,0.9521276595744681,0.9429323968393328,0.9429323968393327,0.8858754379771888,58,"all","MLP#58","MLP",58
538,532,32,37,0.9432624113475178,0.9438596491228071,0.9432624113475178,0.9432624113475178,0.9397379912663756,0.9394205443371378,0.8788400613577325,59,"all","DT#59","DT",59
550,539,25,25,0.9565217391304348,0.9565217391304348,0.9565217391304348,0.9565217391304348,0.9565217391304348,0.9561018437225637,0.9121954979956831,59,"all","RF#59","RF",59
524,506,58,51,0.9113043478260869,0.9084380610412927,0.9113043478260869,0.9113043478260869,0.9057908383751081,0.9043020193151887,0.8085634588133342,59,"all","NB#59","NB",59
535,547,17,40,0.9698581560283688,0.9692028985507246,0.9698581560283688,0.9698581560283688,0.9504778453518679,0.9499561018437226,0.8999418974713842,59,"all","MLP#59","MLP",59
540,525,39,35,0.9391304347826087,0.9375,0.9391304347826087,0.9391304347826087,0.9358752166377816,0.9350307287093942,0.8700405207877192,60,"all","DT#60","DT",60
554,543,21,21,0.9634782608695652,0.9634782608695652,0.9634782608695652,0.9634782608695652,0.9634782608695652,0.9631255487269534,0.9262442183163737,60,"all","RF#60","RF",60
508,514,50,67,0.9113475177304965,0.910394265232975,0.9113475177304965,0.9113475177304965,0.8978165938864628,0.897278314310799,0.7945966858152212,60,"all","NB#60","NB",60
542,533,31,33,0.9450354609929078,0.9458987783595113,0.9450354609929078,0.9450354609929078,0.9442508710801394,0.9438103599648815,0.8876140494771994,60,"all","MLP#60","MLP",60
547,532,32,28,0.951304347826087,0.95,0.951304347826087,0.951304347826087,0.9480069324090121,0.9473222124670764,0.8946274492873398,61,"all","DT#61","DT",61
560,540,24,15,0.9739130434782609,0.972972972972973,0.9739130434782609,0.9739130434782609,0.9663503019844694,0.9657594381035997,0.9315020331502959,61,"all","RF#61","RF",61
543,434,130,32,0.9443478260869566,0.9313304721030042,0.9443478260869566,0.9443478260869566,0.8701923076923078,0.8577699736611062,0.7150397978755934,61,"all","NB#61","NB",61
548,534,30,27,0.9530434782608695,0.9518716577540107,0.9530434782608695,0.9530434782608695,0.9505637467476149,0.9499561018437226,0.8998977746323819,61,"all","MLP#61","MLP",61
533,514,50,42,0.9269565217391305,0.9244604316546763,0.9269565217391305,0.9269565217391305,0.920552677029361,0.9192273924495171,0.8384177933484654,62,"all","DT#62","DT",62
552,533,31,23,0.96,0.9586330935251799,0.96,0.96,0.9533678756476682,0.9525899912203687,0.9051582700088817,62,"all","RF#62","RF",62
552,381,183,23,0.96,0.943069306930693,0.96,0.96,0.8427480916030533,0.8191395961369623,0.6372611464968154,62,"all","NB#62","NB",62
539,530,34,36,0.9397163120567376,0.9406631762652705,0.9397163120567376,0.9397163120567376,0.9390243902439025,0.9385425812115891,0.8770778666156867,62,"all","MLP#62","MLP",62
519,529,35,56,0.9379432624113475,0.9368231046931408,0.9379432624113475,0.9379432624113475,0.9208006962576154,0.9201053555750659,0.8402527006262032,63,"all","DT#63","DT",63
545,543,21,30,0.9627659574468085,0.9628975265017667,0.9627659574468085,0.9627659574468085,0.9553023663453111,0.9552238805970149,0.9104530760799693,63,"all","RF#63","RF",63
519,516,48,56,0.9148936170212766,0.9153439153439153,0.9148936170212766,0.9148936170212766,0.9089316987740806,0.9086918349429324,0.8173914115876969,63,"all","NB#63","NB",63
535,539,25,40,0.9556737588652482,0.9553571428571429,0.9556737588652482,0.9556737588652482,0.9431321084864391,0.9429323968393327,0.8858831780382727,63,"all","MLP#63","MLP",63
534,532,32,41,0.9432624113475178,0.9434628975265018,0.9432624113475178,0.9432624113475178,0.9360210341805434,0.935908691834943,0.8718249912517209,64,"all","DT#64","DT",64
545,542,22,30,0.9609929078014184,0.9611992945326279,0.9609929078014184,0.9609929078014184,0.9544658493870403,0.9543459174714662,0.9086957057938485,64,"all","RF#64","RF",64
519,490,74,56,0.9026086956521739,0.8974358974358975,0.9026086956521739,0.9026086956521739,0.8886986301369864,0.8858647936786654,0.7716385822375624,64,"all","NB#64","NB",64
536,546,18,39,0.9680851063829787,0.9675090252707581,0.9680851063829787,0.9680851063829787,0.9503916449086162,0.9499561018437226,0.8999385047878414,64,"all","MLP#64","MLP",64
537,526,38,38,0.9339130434782609,0.9339130434782609,0.9339130434782609,0.9339130434782609,0.9339130434782609,0.9332748024582967,0.8665371569534381,65,"all","DT#65","DT",65
553,548,16,22,0.9716312056737588,0.9718804920913884,0.9716312056737588,0.9716312056737588,0.9667832167832169,0.9666374012291484,0.9332753682172337,65,"all","RF#65","RF",65
519,501,63,56,0.9026086956521739,0.8994614003590664,0.9026086956521739,0.9026086956521739,0.8971477960242007,0.8955223880597015,0.7910004733833651,65,"all","NB#65","NB",65
540,534,30,35,0.9468085106382979,0.9473684210526315,0.9468085106382979,0.9468085106382979,0.9432314410480349,0.9429323968393327,0.8858638259167045,65,"all","MLP#65","MLP",65
537,517,47,38,0.9339130434782609,0.9315315315315316,0.9339130434782609,0.9339130434782609,0.9266609145815358,0.9253731343283582,0.8507095594301319,66,"all","DT#66","DT",66
549,547,17,26,0.9698581560283688,0.9699646643109541,0.9698581560283688,0.9698581560283688,0.9623137598597722,0.9622475856014048,0.9244996523811506,66,"all","RF#66","RF",66
517,512,52,58,0.9078014184397163,0.9086115992970123,0.9078014184397163,0.9078014184397163,0.9038461538461537,0.9034240561896401,0.8068497501025181,66,"all","NB#66","NB",66
530,543,21,45,0.9627659574468085,0.9618874773139746,0.9627659574468085,0.9627659574468085,0.9427083333333334,0.9420544337137841,0.8841452137890221,66,"all","MLP#66","MLP",66
540,511,53,35,0.9391304347826087,0.9358974358974359,0.9391304347826087,0.9391304347826087,0.9246575342465754,0.922739244951712,0.8454168864377346,67,"all","DT#67","DT",67
550,534,30,25,0.9565217391304348,0.9552772808586762,0.9565217391304348,0.9565217391304348,0.9523809523809523,0.95171202809482,0.9034068568873401,67,"all","RF#67","RF",67
520,501,63,55,0.9043478260869565,0.9010791366906474,0.9043478260869565,0.9043478260869565,0.8981001727115716,0.8964003511852502,0.7927532566860751,67,"all","NB#67","NB",67
546,529,35,29,0.9495652173913044,0.9480286738351255,0.9495652173913044,0.9495652173913044,0.9446366782006921,0.9438103599648815,0.8875987997545233,67,"all","MLP#67","MLP",67
528,532,32,47,0.9432624113475178,0.9428571428571428,0.9432624113475178,0.9432624113475178,0.9308836395450569,0.9306409130816505,0.8613041702311314,68,"all","DT#68","DT",68
547,548,16,28,0.9716312056737588,0.9715808170515098,0.9716312056737588,0.9716312056737588,0.9614035087719298,0.961369622475856,0.9227477602461417,68,"all","RF#68","RF",68
501,516,48,74,0.9148936170212766,0.912568306010929,0.9148936170212766,0.9148936170212766,0.8942807625649913,0.8928884986830553,0.7858514438591677,68,"all","NB#68","NB",68
544,540,24,31,0.9574468085106383,0.9577464788732394,0.9574468085106383,0.9574468085106383,0.9518810148731409,0.95171202809482,0.9034265127328394,68,"all","MLP#68","MLP",68
543,524,40,32,0.9443478260869566,0.9424460431654677,0.9443478260869566,0.9443478260869566,0.9378238341968913,0.9367866549604916,0.8735443600118424,69,"all","DT#69","DT",69
555,536,28,20,0.9652173913043478,0.9640287769784173,0.9652173913043478,0.9652173913043478,0.9585492227979274,0.9578577699736611,0.9156962400078951,69,"all","RF#69","RF",69
533,517,47,42,0.9269565217391305,0.924865831842576,0.9269565217391305,0.9269565217391305,0.922943722943723,0.9218612818261633,0.8436947320540595,69,"all","NB#69","NB",69
534,534,30,41,0.9468085106382979,0.9468085106382979,0.9468085106382979,0.9468085106382979,0.9376646180860404,0.9376646180860404,0.8753408630212371,69,"all","MLP#69","MLP",69
546,525,39,29,0.9495652173913044,0.9476534296028881,0.9495652173913044,0.9495652173913044,0.9413793103448276,0.9402985074626866,0.8805656216749681,70,"all","DT#70","DT",70
556,541,23,19,0.9669565217391304,0.9660714285714286,0.9669565217391304,0.9669565217391304,0.9636048526863085,0.9631255487269534,0.9262392145011379,70,"all","RF#70","RF",70
519,513,51,56,0.9095744680851063,0.9105263157894737,0.9095744680851063,0.9095744680851063,0.9065502183406114,0.9060579455662863,0.8121142980474984,70,"all","NB#70","NB",70
549,532,32,26,0.9547826086956521,0.953405017921147,0.9547826086956521,0.9547826086956521,0.9498269896193772,0.9490781387181738,0.8981364122775367,70,"all","MLP#70","MLP",70
535,533,31,40,0.9450354609929078,0.9452296819787986,0.9450354609929078,0.9450354609929078,0.9377738825591587,0.9376646180860404,0.8753366353270161,71,"all","DT#71","DT",71
555,542,22,20,0.9652173913043478,0.9644128113879004,0.9652173913043478,0.9652173913043478,0.9635416666666666,0.9631255487269534,0.9262417164936214,71,"all","RF#71","RF",71
513,527,37,62,0.9343971631205674,0.9327272727272727,0.9343971631205674,0.9343971631205674,0.9141370338248048,0.913081650570676,0.8262207667116163,71,"all","NB#71","NB",71
552,535,29,23,0.96,0.9587813620071685,0.96,0.96,0.9550173010380623,0.9543459174714662,0.9086740248005503,71,"all","MLP#71","MLP",71
539,519,45,36,0.9373913043478261,0.9351351351351351,0.9373913043478261,0.9373913043478261,0.9301121656600517,0.9288849868305531,0.8577349919275374,72,"all","DT#72","DT",72
559,535,29,16,0.9721739130434782,0.9709618874773139,0.9721739130434782,0.9721739130434782,0.9613069647463456,0.9604916593503073,0.920958521536509,72,"all","RF#72","RF",72
513,519,45,62,0.9202127659574468,0.9193548387096774,0.9202127659574468,0.9202127659574468,0.9065502183406114,0.9060579455662863,0.8121525246344332,72,"all","NB#72","NB",72
539,528,36,36,0.9373913043478261,0.9373913043478261,0.9373913043478261,0.9373913043478261,0.9373913043478261,0.9367866549604916,0.8735615171137835,72,"all","MLP#72","MLP",72
532,527,37,43,0.9343971631205674,0.9349736379613357,0.9343971631205674,0.9343971631205674,0.9300699300699301,0.9297629499561019,0.8595270909836495,73,"all","DT#73","DT",73
546,534,30,29,0.9495652173913044,0.9484902309058615,0.9495652173913044,0.9495652173913044,0.94874022589053,0.9482001755926251,0.896388930432061,73,"all","RF#73","RF",73
500,514,50,75,0.9113475177304965,0.9090909090909091,0.9113475177304965,0.9113475177304965,0.8915871639202083,0.8902546093064091,0.7805817761510305,73,"all","NB#73","NB",73
542,536,28,33,0.950354609929078,0.9508771929824561,0.950354609929078,0.950354609929078,0.9467248908296942,0.9464442493415277,0.8928875904756767,73,"all","MLP#73","MLP",73
526,517,47,49,0.9166666666666666,0.9179755671902269,0.9166666666666666,0.9166666666666666,0.9163763066202091,0.9157155399473222,0.8314210742157991,74,"all","DT#74","DT",74
555,535,29,20,0.9652173913043478,0.963963963963964,0.9652173913043478,0.9652173913043478,0.9577221742881795,0.9569798068481123,0.9139384519067819,74,"all","RF#74","RF",74
543,432,132,32,0.9443478260869566,0.9310344827586207,0.9443478260869566,0.9443478260869566,0.8688,0.8560140474100087,0.7115119691119691,74,"all","NB#74","NB",74
548,529,35,27,0.9530434782608695,0.9514388489208633,0.9530434782608695,0.9530434782608695,0.9464594127806563,0.9455662862159789,0.891107643343531,74,"all","MLP#74","MLP",74
543,518,46,32,0.9443478260869566,0.9418181818181818,0.9443478260869566,0.9443478260869566,0.9329896907216496,0.9315188762071993,0.8629924465568451,75,"all","DT#75","DT",75
553,536,28,22,0.9617391304347827,0.9605734767025089,0.9617391304347827,0.9617391304347827,0.9567474048442908,0.9561018437225637,0.9121865623082214,75,"all","RF#75","RF",75
387,546,18,188,0.9680851063829787,0.9555555555555556,0.9680851063829787,0.9680851063829787,0.8412942989214176,0.8191395961369623,0.6392854397589436,75,"all","NB#75","NB",75
547,531,33,28,0.951304347826087,0.9499105545617174,0.951304347826087,0.951304347826087,0.9471861471861474,0.9464442493415277,0.8928694230932319,75,"all","MLP#75","MLP",75
536,531,33,39,0.9414893617021277,0.9420035149384886,0.9414893617021277,0.9414893617021277,0.9370629370629371,0.9367866549604916,0.8735743818852845,76,"all","DT#76","DT",76
551,533,31,24,0.9582608695652174,0.9569120287253142,0.9582608695652174,0.9582608695652174,0.9524632670700085,0.95171202809482,0.9034035801351687,76,"all","RF#76","RF",76
518,507,57,57,0.9008695652173913,0.9008695652173913,0.9008695652173913,0.9008695652173913,0.9008695652173913,0.8999122036874452,0.7998057354301573,76,"all","NB#76","NB",76
546,534,30,29,0.9495652173913044,0.9484902309058615,0.9495652173913044,0.9495652173913044,0.94874022589053,0.9482001755926251,0.896388930432061,76,"all","MLP#76","MLP",76
540,530,34,35,0.9397163120567376,0.9407665505226481,0.9397163120567376,0.9397163120567376,0.9399477806788512,0.9394205443371378,0.8788318421981742,77,"all","DT#77","DT",77
552,535,29,23,0.96,0.9587813620071685,0.96,0.96,0.9550173010380623,0.9543459174714662,0.9086740248005503,77,"all","RF#77","RF",77
523,502,62,52,0.9095652173913044,0.9061371841155235,0.9095652173913044,0.9095652173913044,0.9017241379310346,0.8999122036874452,0.799771777513917,77,"all","NB#77","NB",77
541,532,32,34,0.9432624113475178,0.944153577661431,0.9432624113475178,0.9432624113475178,0.9425087108013936,0.9420544337137841,0.8841019885233619,77,"all","MLP#77","MLP",77
546,523,41,29,0.9495652173913044,0.947463768115942,0.9495652173913044,0.9495652173913044,0.9397590361445782,0.9385425812115891,0.8770486747225767,78,"all","DT#78","DT",78
557,532,32,18,0.9686956521739131,0.9672727272727273,0.9686956521739131,0.9686956521739131,0.9570446735395189,0.9561018437225637,0.9121746452287469,78,"all","RF#78","RF",78
523,498,66,52,0.9095652173913044,0.9054545454545454,0.9095652173913044,0.9095652173913044,0.8986254295532647,0.8964003511852502,0.7927321627398426,78,"all","NB#78","NB",78
542,528,36,33,0.9426086956521739,0.9411764705882353,0.9426086956521739,0.9426086956521739,0.940156114483955,0.9394205443371378,0.8788236219234096,78,"all","MLP#78","MLP",78
526,526,38,49,0.9326241134751773,0.9326241134751773,0.9326241134751773,0.9326241134751773,0.9236172080772608,0.9236172080772608,0.8472486631386991,79,"all","DT#79","DT",79
545,541,23,30,0.9592198581560284,0.9595070422535211,0.9592198581560284,0.9592198581560284,0.9536307961504812,0.9534679543459175,0.9069382759061906,79,"all","RF#79","RF",79
521,511,53,54,0.9060869565217391,0.9076655052264808,0.9060869565217391,0.9060869565217391,0.906875543951262,0.9060579455662863,0.8121015523942703,79,"all","NB#79","NB",79
542,520,44,33,0.9426086956521739,0.9403254972875226,0.9426086956521739,0.9426086956521739,0.9336778639104222,0.932396839332748,0.864755836349365,79,"all","MLP#79","MLP",79
536,517,47,39,0.9321739130434783,0.9298561151079137,0.9321739130434783,0.9321739130434783,0.9257340241796201,0.9244951712028094,0.8489557633474785,80,"all","DT#80","DT",80
556,538,26,19,0.9669565217391304,0.9658886894075404,0.9669565217391304,0.9669565217391304,0.9611063094209161,0.9604916593503073,0.9209665655651381,80,"all","RF#80","RF",80
500,528,36,75,0.9361702127659575,0.9328358208955224,0.9361702127659575,0.9361702127659575,0.9048843187660668,0.9025460930640913,0.8052028491793125,80,"all","NB#80","NB",80
546,546,18,29,0.9680851063829787,0.9680851063829787,0.9680851063829787,0.9680851063829787,0.9587357330992099,0.9587357330992098,0.9174791628450442,80,"all","MLP#80","MLP",80
542,511,53,33,0.9426086956521739,0.9393382352941176,0.9426086956521739,0.9426086956521739,0.9264957264957264,0.9244951712028094,0.8489250131095961,81,"all","DT#81","DT",81
554,533,31,21,0.9634782608695652,0.9620938628158845,0.9634782608695652,0.9634782608695652,0.9551724137931035,0.9543459174714662,0.9086678283396815,81,"all","RF#81","RF",81
520,510,54,55,0.9043478260869565,0.9059233449477352,0.9043478260869565,0.9043478260869565,0.9051348999129678,0.9043020193151887,0.8085894318782751,81,"all","NB#81","NB",81
541,532,32,34,0.9432624113475178,0.944153577661431,0.9432624113475178,0.9432624113475178,0.9425087108013936,0.9420544337137841,0.8841019885233619,81,"all","MLP#81","MLP",81
548,527,37,27,0.9530434782608695,0.9512635379061372,0.9530434782608695,0.9530434782608695,0.9448275862068966,0.9438103599648815,0.8875911733411465,82,"all","DT#82","DT",82
558,539,25,17,0.9704347826086956,0.9694244604316546,0.9704347826086956,0.9704347826086956,0.9637305699481865,0.9631255487269534,0.9262342100069081,82,"all","RF#82","RF",82
534,498,66,41,0.928695652173913,0.9239332096474954,0.928695652173913,0.928695652173913,0.9089361702127661,0.9060579455662863,0.8120186634789651,82,"all","NB#82","NB",82
543,539,25,32,0.9556737588652482,0.9559859154929577,0.9556737588652482,0.9556737588652482,0.9501312335958005,0.9499561018437226,0.899914749559488,82,"all","MLP#82","MLP",82
527,531,33,48,0.9414893617021277,0.9410714285714286,0.9414893617021277,0.9414893617021277,0.9291338582677167,0.9288849868305531,0.8577928834015398,83,"all","DT#83","DT",83
555,535,29,20,0.9652173913043478,0.963963963963964,0.9652173913043478,0.9652173913043478,0.9577221742881795,0.9569798068481123,0.9139384519067819,83,"all","RF#83","RF",83
501,516,48,74,0.9148936170212766,0.912568306010929,0.9148936170212766,0.9148936170212766,0.8942807625649913,0.8928884986830553,0.7858514438591677,83,"all","NB#83","NB",83
542,530,34,33,0.9426086956521739,0.9413854351687388,0.9426086956521739,0.9426086956521739,0.9417897480451781,0.9411764705882353,0.8823399718465778,83,"all","MLP#83","MLP",83
535,522,42,40,0.9304347826086956,0.9288256227758007,0.9304347826086956,0.9304347826086956,0.9288194444444443,0.9280070237050044,0.8559957322018323,84,"all","DT#84","DT",84
552,542,22,23,0.9609929078014184,0.9616724738675958,0.9609929078014184,0.9609929078014184,0.9608355091383811,0.9604916593503073,0.9209772883901137,84,"all","RF#84","RF",84
514,511,53,61,0.9060283687943262,0.9065255731922398,0.9060283687943262,0.9060283687943262,0.9001751313485113,0.8999122036874452,0.7998328934711294,84,"all","NB#84","NB",84
535,541,23,40,0.9592198581560284,0.9587813620071685,0.9592198581560284,0.9592198581560284,0.9449781659388646,0.9446883230904302,0.8893982154389651,84,"all","MLP#84","MLP",84
537,514,50,38,0.9339130434782609,0.9311594202898551,0.9339130434782609,0.9339130434782609,0.9242685025817556,0.922739244951712,0.8454326196512395,85,"all","DT#85","DT",85
549,533,31,26,0.9547826086956521,0.9534883720930233,0.9547826086956521,0.9547826086956521,0.9506493506493506,0.9499561018437226,0.8998943789559707,85,"all","RF#85","RF",85
513,513,51,62,0.9095744680851063,0.9095744680851063,0.9095744680851063,0.9095744680851063,0.9007901668129938,0.9007901668129938,0.8015988383295746,85,"all","NB#85","NB",85
536,535,29,39,0.9485815602836879,0.9486725663716814,0.9485815602836879,0.9485815602836879,0.9403508771929826,0.9402985074626866,0.8806061260039155,85,"all","MLP#85","MLP",85
521,527,37,54,0.9343971631205674,0.9336917562724014,0.9343971631205674,0.9343971631205674,0.920524017467249,0.9201053555750659,0.8402418667451722,86,"all","DT#86","DT",86
548,535,29,27,0.9530434782608695,0.9519572953736655,0.9530434782608695,0.9530434782608695,0.9513888888888888,0.9508340649692713,0.9016556219914952,86,"all","RF#86","RF",86
519,475,89,56,0.9026086956521739,0.8945386064030132,0.9026086956521739,0.9026086956521739,0.8774302620456467,0.8726953467954346,0.7452243546727508,86,"all","NB#86","NB",86
541,538,26,34,0.9539007092198581,0.9541446208112875,0.9539007092198581,0.9539007092198581,0.9474605954465849,0.9473222124670764,0.8946488913005943,86,"all","MLP#86","MLP",86
528,531,33,47,0.9414893617021277,0.9411764705882353,0.9414893617021277,0.9414893617021277,0.9299474605954466,0.9297629499561019,0.8595461453802211,87,"all","DT#87","DT",87
550,542,22,25,0.9609929078014184,0.9615384615384616,0.9609929078014184,0.9609929078014184,0.959023539668701,0.9587357330992098,0.9174679672480431,87,"all","RF#87","RF",87
510,507,57,65,0.898936170212766,0.8994708994708994,0.898936170212766,0.898936170212766,0.8931698774080561,0.8928884986830553,0.7857860789778752,87,"all","NB#87","NB",87
544,548,16,31,0.9716312056737588,0.9714285714285714,0.9716312056737588,0.9716312056737588,0.9588801399825021,0.9587357330992098,0.9174847595045971,87,"all","MLP#87","MLP",87
537,520,44,38,0.9339130434782609,0.931899641577061,0.9339130434782609,0.9339130434782609,0.9290657439446367,0.9280070237050044,0.8559859621854831,88,"all","DT#88","DT",88
556,544,20,19,0.9669565217391304,0.9662522202486679,0.9669565217391304,0.9669565217391304,0.9661164205039096,0.9657594381035997,0.9315113268957691,88,"all","RF#88","RF",88
523,513,51,52,0.9095744680851063,0.9111498257839721,0.9095744680851063,0.9095744680851063,0.9103568320278502,0.9095697980684812,0.8191257934262601,88,"all","NB#88","NB",88
552,541,23,23,0.96,0.96,0.96,0.96,0.96,0.9596136962247586,0.9192198581560284,88,"all","MLP#88","MLP",88
528,535,29,47,0.9485815602836879,0.947935368043088,0.9485815602836879,0.9485815602836879,0.9336823734729494,0.9332748024582967,0.86657788710816,89,"all","DT#89","DT",89
548,546,18,27,0.9680851063829787,0.9681978798586572,0.9680851063829787,0.9680851063829787,0.9605609114811569,0.9604916593503073,0.9209880083058554,89,"all","RF#89","RF",89
494,529,35,81,0.9379432624113475,0.9338374291115312,0.9379432624113475,0.9379432624113475,0.9011925042589439,0.8981562774363476,0.7964523513879088,89,"all","NB#89","NB",89
542,537,27,33,0.9521276595744681,0.9525483304042179,0.9521276595744681,0.9521276595744681,0.9475524475524475,0.9473222124670764,0.8946453182377371,89,"all","MLP#89","MLP",89
538,528,36,37,0.9361702127659575,0.9372822299651568,0.9361702127659575,0.9361702127659575,0.9364664926022629,0.935908691834943,0.8718076011661844,90,"all","DT#90","DT",90
558,537,27,17,0.9704347826086956,0.9693140794223827,0.9704347826086956,0.9704347826086956,0.9620689655172413,0.961369622475856,0.9227189316720381,90,"all","RF#90","RF",90
473,531,33,102,0.9414893617021277,0.9347826086956522,0.9414893617021277,0.9414893617021277,0.8872180451127819,0.8814749780509219,0.763204945184405,90,"all","NB#90","NB",90
545,539,25,30,0.9556737588652482,0.956140350877193,0.9556737588652482,0.9556737588652482,0.9519650655021834,0.95171202809482,0.9034232373141347,90,"all","MLP#90","MLP",90
540,527,37,35,0.9391304347826087,0.9377224199288257,0.9391304347826087,0.9391304347826087,0.9375,0.9367866549604916,0.8735572282747796,91,"all","DT#91","DT",91
554,542,22,21,0.9634782608695652,0.9626998223801065,0.9634782608695652,0.9634782608695652,0.9626411815812338,0.9622475856014048,0.9244868476030276,91,"all","RF#91","RF",91
523,521,43,52,0.9237588652482269,0.9240282685512368,0.9237588652482269,0.9237588652482269,0.9167397020157756,0.9165935030728709,0.8331969064234721,91,"all","NB#91","NB",91
544,545,19,31,0.9663120567375887,0.9662522202486679,0.9663120567375887,0.9663120567375887,0.9561403508771931,0.9561018437225637,0.9122133639160702,91,"all","MLP#91","MLP",91
531,522,42,44,0.925531914893617,0.9267015706806283,0.925531914893617,0.925531914893617,0.9250871080139373,0.9244951712028094,0.8489813789849866,92,"all","DT#92","DT",92
552,537,27,23,0.96,0.9589285714285715,0.96,0.96,0.9566724436741767,0.9561018437225637,0.9121895410727833,92,"all","RF#92","RF",92
494,528,36,81,0.9361702127659575,0.9320754716981132,0.9361702127659575,0.9361702127659575,0.9002557544757034,0.897278314310799,0.7946941510872833,92,"all","NB#92","NB",92
536,533,31,39,0.9450354609929078,0.9453262786596119,0.9450354609929078,0.9450354609929078,0.9387040280210157,0.9385425812115891,0.8770903731840266,92,"all","MLP#92","MLP",92
540,529,35,35,0.9391304347826087,0.9391304347826087,0.9391304347826087,0.9391304347826087,0.9391304347826087,0.9385425812115891,0.8770736971939561,93,"all","DT#93","DT",93
557,534,30,18,0.9686956521739131,0.967391304347826,0.9686956521739131,0.9686956521739131,0.9586919104991394,0.9578577699736611,0.915690519809767,93,"all","RF#93","RF",93
533,492,72,42,0.9269565217391305,0.9213483146067416,0.9269565217391305,0.9269565217391305,0.9033898305084747,0.8999122036874452,0.7997038271090751,93,"all","NB#93","NB",93
558,514,50,17,0.9704347826086956,0.967984934086629,0.9704347826086956,0.9704347826086956,0.9433643279797127,0.9411764705882353,0.8822760811246504,93,"all","MLP#93","MLP",93
546,520,44,29,0.9495652173913044,0.9471766848816029,0.9495652173913044,0.9495652173913044,0.9373390557939913,0.935908691834943,0.871772806834918,94,"all","DT#94","DT",94
558,547,17,17,0.9704347826086956,0.9704347826086956,0.9704347826086956,0.9704347826086956,0.9704347826086956,0.9701492537313433,0.9402929386370645,94,"all","RF#94","RF",94
516,515,49,59,0.9131205673758865,0.9132743362831859,0.9131205673758865,0.9131205673758865,0.9052631578947369,0.9051799824407375,0.8103744354179834,94,"all","NB#94","NB",94
557,525,39,18,0.9686956521739131,0.9668508287292817,0.9686956521739131,0.9686956521739131,0.9513236549957301,0.9499561018437226,0.899867205248863,94,"all","MLP#94","MLP",94
534,516,48,41,0.928695652173913,0.926391382405745,0.928695652173913,0.928695652173913,0.923076923076923,0.9218612818261633,0.8436894296732731,95,"all","DT#95","DT",95
553,538,26,22,0.9617391304347827,0.9607142857142857,0.9617391304347827,0.9617391304347827,0.9584055459272097,0.9578577699736611,0.915701959429872,95,"all","RF#95","RF",95
541,429,135,34,0.9408695652173913,0.9265658747300216,0.9408695652173913,0.9408695652173913,0.8649080735411672,0.8516242317822651,0.7027115518564794,95,"all","NB#95","NB",95
536,538,26,39,0.9539007092198581,0.9537366548042705,0.9539007092198581,0.9539007092198581,0.9430324276950044,0.9429323968393327,0.8858793081389702,95,"all","MLP#95","MLP",95
546,513,51,29,0.9495652173913044,0.9464944649446494,0.9495652173913044,0.9495652173913044,0.931740614334471,0.9297629499561019,0.8594603598629152,96,"all","DT#96","DT",96
559,531,33,16,0.9721739130434782,0.9707495429616088,0.9721739130434782,0.9721739130434782,0.958011996572408,0.9569798068481123,0.9139267719802039,96,"all","RF#96","RF",96
550,402,162,25,0.9565217391304348,0.9414519906323185,0.9565217391304348,0.9565217391304348,0.8547008547008548,0.835820895522388,0.6708463852954675,96,"all","NB#96","NB",96
554,516,48,21,0.9634782608695652,0.9608938547486033,0.9634782608695652,0.9634782608695652,0.9413763806287171,0.9394205443371378,0.8787742768427727,96,"all","MLP#96","MLP",96
547,518,46,28,0.951304347826087,0.9487179487179487,0.951304347826087,0.951304347826087,0.9366438356164384,0.9350307287093942,0.8700096545044587,97,"all","DT#97","DT",97
559,539,25,16,0.9721739130434782,0.9711711711711711,0.9721739130434782,0.9721739130434782,0.9646246764452113,0.9640035118525022,0.9279893169015931,97,"all","RF#97","RF",97
514,527,37,61,0.9343971631205674,0.9328493647912885,0.9343971631205674,0.9343971631205674,0.9149305555555556,0.9139596136962248,0.8279731962321843,97,"all","NB#97","NB",97
558,538,26,17,0.9704347826086956,0.9693693693693693,0.9704347826086956,0.9704347826086956,0.9628990509059535,0.9622475856014048,0.9244766006528904,97,"all","MLP#97","MLP",97
547,509,55,28,0.951304347826087,0.9478584729981379,0.951304347826087,0.951304347826087,0.929481733220051,0.9271290605794557,0.854177753303625,98,"all","DT#98","DT",98
560,531,33,15,0.9739130434782609,0.9725274725274725,0.9739130434782609,0.9739130434782609,0.958904109589041,0.9578577699736611,0.9156819380569462,98,"all","RF#98","RF",98
520,509,55,55,0.9043478260869565,0.9043478260869565,0.9043478260869565,0.9043478260869565,0.9043478260869565,0.9034240561896401,0.8068300955905027,98,"all","NB#98","NB",98
543,533,31,32,0.9450354609929078,0.945993031358885,0.9450354609929078,0.9450354609929078,0.9451697127937337,0.9446883230904302,0.889368203746159,98,"all","MLP#98","MLP",98
532,520,44,43,0.9252173913043479,0.9236234458259325,0.9252173913043479,0.9252173913043479,0.9244135534317984,0.9236172080772608,0.8472175753828697,99,"all","DT#99","DT",99
550,537,27,25,0.9565217391304348,0.9555160142348754,0.9565217391304348,0.9565217391304348,0.954861111111111,0.9543459174714662,0.9086802204206742,99,"all","RF#99","RF",99
522,503,61,53,0.9078260869565218,0.9046762589928058,0.9078260869565218,0.9078260869565218,0.9015544041450777,0.8999122036874452,0.7997785700187507,99,"all","NB#99","NB",99
533,539,25,42,0.9556737588652482,0.9551971326164874,0.9556737588652482,0.9556737588652482,0.9414847161572052,0.9411764705882353,0.8823758799112804,99,"all","MLP#99","MLP",99
534,533,31,41,0.9450354609929078,0.9451327433628318,0.9450354609929078,0.9450354609929078,0.9368421052631579,0.9367866549604916,0.8735829569453221,100,"all","DT#100","DT",100
555,543,21,20,0.9652173913043478,0.9644760213143873,0.9652173913043478,0.9652173913043478,0.9643788010425717,0.9640035118525022,0.9279990872493984,100,"all","RF#100","RF",100
465,529,35,110,0.9379432624113475,0.93,0.9379432624113475,0.9379432624113475,0.8794679966749792,0.8726953467954346,0.7456904184470878,100,"all","NB#100","NB",100
544,541,23,31,0.9592198581560284,0.9594356261022927,0.9592198581560284,0.9592198581560284,0.9527145359019263,0.9525899912203687,0.9051840021705347,100,"all","MLP#100","MLP",100
542,527,37,33,0.9426086956521739,0.9410714285714286,0.9426086956521739,0.9426086956521739,0.9393414211438474,0.9385425812115891,0.8770653575018964,101,"all","DT#101","DT",101
558,538,26,17,0.9704347826086956,0.9693693693693693,0.9704347826086956,0.9704347826086956,0.9628990509059535,0.9622475856014048,0.9244766006528904,101,"all","RF#101","RF",101
515,509,55,60,0.9024822695035462,0.9035087719298246,0.9024822695035462,0.9024822695035462,0.8995633187772927,0.8990342405618964,0.7980667689295542,101,"all","NB#101","NB",101
543,534,30,32,0.9468085106382979,0.9476439790575916,0.9468085106382979,0.9468085106382979,0.945993031358885,0.9455662862159789,0.8911261104310368,101,"all","MLP#101","MLP",101
528,525,39,47,0.9308510638297872,0.9312169312169312,0.9308510638297872,0.9308510638297872,0.9246935201401051,0.9244951712028094,0.8489967441975185,102,"all","DT#102","DT",102
546,541,23,29,0.9592198581560284,0.9595782073813708,0.9592198581560284,0.9592198581560284,0.9545454545454546,0.9543459174714662,0.9086926091393723,102,"all","RF#102","RF",102
508,496,68,67,0.8834782608695653,0.8819444444444444,0.8834782608695653,0.8834782608695653,0.8827106863596872,0.8814749780509219,0.7629238238699702,102,"all","NB#102","NB",102
541,542,22,34,0.9609929078014184,0.9609236234458259,0.9609929078014184,0.9609929078014184,0.9508771929824562,0.9508340649692713,0.9016789675859984,102,"all","MLP#102","MLP",102
538,519,45,37,0.9356521739130435,0.9334532374100719,0.9356521739130435,0.9356521739130435,0.929188255613126,0.9280070237050044,0.855981076680154,103,"all","DT#103","DT",103
553,533,31,22,0.9617391304347827,0.9603603603603603,0.9617391304347827,0.9617391304347827,0.9542709232096636,0.9534679543459175,0.9069130194093764,103,"all","RF#103","RF",103
519,497,67,56,0.9026086956521739,0.8987341772151899,0.9026086956521739,0.9026086956521739,0.8940568475452196,0.8920105355575065,0.783960621700934,103,"all","NB#103","NB",103
541,530,34,34,0.9408695652173913,0.9408695652173913,0.9408695652173913,0.9408695652173913,0.9408695652173913,0.9402985074626866,0.880585877274129,103,"all","MLP#103","MLP",103
533,530,34,42,0.9397163120567376,0.9400352733686067,0.9397163120567376,0.9397163120567376,0.9334500875656743,0.9332748024582967,0.8665552623140862,104,"all","DT#104","DT",104
552,539,25,23,0.96,0.9590747330960854,0.96,0.96,0.9583333333333334,0.9578577699736611,0.9157048188498531,104,"all","RF#104","RF",104
535,488,76,40,0.9304347826086956,0.9242424242424242,0.9304347826086956,0.9304347826086956,0.9021922428330522,0.8981562774363476,0.7961691072563575,104,"all","NB#104","NB",104
541,535,29,34,0.9485815602836879,0.9491228070175438,0.9485815602836879,0.9485815602836879,0.9449781659388645,0.9446883230904302,0.8893757081961905,104,"all","MLP#104","MLP",104
541,516,48,34,0.9408695652173913,0.9381818181818182,0.9408695652173913,0.9408695652173913,0.929553264604811,0.9280070237050044,0.855966418175145,105,"all","DT#105","DT",105
558,535,29,17,0.9704347826086956,0.9692028985507246,0.9704347826086956,0.9704347826086956,0.9604130808950085,0.9596136962247586,0.9192034148176934,105,"all","RF#105","RF",105
530,508,56,45,0.9217391304347826,0.918625678119349,0.9217391304347826,0.9217391304347826,0.9130060292850991,0.9113257243195786,0.8226018113154011,105,"all","NB#105","NB",105
557,531,33,18,0.9686956521739131,0.9672131147540983,0.9686956521739131,0.9686956521739131,0.9562231759656653,0.9552238805970149,0.9104166184737097,105,"all","MLP#105","MLP",105
538,534,30,37,0.9468085106382979,0.9471830985915493,0.9468085106382979,0.9468085106382979,0.9413823272090989,0.9411764705882353,0.8823559336927315,106,"all","DT#106","DT",106
549,542,22,26,0.9609929078014184,0.9614711033274956,0.9609929078014184,0.9609929078014184,0.9581151832460733,0.9578577699736611,0.9157133959460043,106,"all","RF#106","RF",106
531,504,60,44,0.9234782608695652,0.9197080291970803,0.9234782608695652,0.9234782608695652,0.9108061749571184,0.9086918349429324,0.8173170641432149,106,"all","NB#106","NB",106
541,535,29,34,0.9485815602836879,0.9491228070175438,0.9485815602836879,0.9485815602836879,0.9449781659388645,0.9446883230904302,0.8893757081961905,106,"all","MLP#106","MLP",106
532,522,42,43,0.925531914893617,0.926829268292683,0.925531914893617,0.925531914893617,0.9260226283724978,0.9253731343283582,0.8507348780702146,107,"all","DT#107","DT",107
554,540,24,21,0.9634782608695652,0.9625668449197861,0.9634782608695652,0.9634782608695652,0.960971379011275,0.9604916593503073,0.9209719273413542,107,"all","RF#107","RF",107
520,513,51,55,0.9095744680851063,0.9106830122591943,0.9095744680851063,0.9095744680851063,0.9075043630017452,0.9069359086918349,0.8138670827140928,107,"all","NB#107","NB",107
542,535,29,33,0.9485815602836879,0.9492119089316988,0.9485815602836879,0.9485815602836879,0.9458987783595112,0.9455662862159789,0.8911298030969222,107,"all","MLP#107","MLP",107
535,525,39,40,0.9308510638297872,0.9320557491289199,0.9308510638297872,0.9308510638297872,0.9312445604873804,0.9306409130816505,0.8612712396181994,108,"all","DT#108","DT",108
556,535,29,19,0.9669565217391304,0.9657039711191335,0.9669565217391304,0.9669565217391304,0.9586206896551723,0.9578577699736611,0.9156933800058598,108,"all","RF#108","RF",108
519,500,64,56,0.9026086956521739,0.8992805755395683,0.9026086956521739,0.9026086956521739,0.8963730569948187,0.8946444249341527,0.7892406000197374,108,"all","NB#108","NB",108
537,526,38,38,0.9339130434782609,0.9339130434782609,0.9339130434782609,0.9339130434782609,0.9339130434782609,0.9332748024582967,0.8665371569534381,108,"all","MLP#108","MLP",108
537,524,40,38,0.9339130434782609,0.9323843416370107,0.9339130434782609,0.9339130434782609,0.9322916666666667,0.9315188762071993,0.8630203306310112,109,"all","DT#109","DT",109
557,540,24,18,0.9686956521739131,0.967741935483871,0.9686956521739131,0.9686956521739131,0.9636678200692042,0.9631255487269534,0.9262367123389058,109,"all","RF#109","RF",109
523,511,53,52,0.9095652173913044,0.9079861111111112,0.9095652173913044,0.9095652173913044,0.9087749782797568,0.9078138718173837,0.8156074185655323,109,"all","NB#109","NB",109
545,547,17,30,0.9698581560283688,0.9697508896797153,0.9698581560283688,0.9698581560283688,0.9588080631025416,0.9587357330992098,0.9174819612697169,109,"all","MLP#109","MLP",109
528,527,37,47,0.9343971631205674,0.9345132743362832,0.9343971631205674,0.9343971631205674,0.9263157894736842,0.926251097453907,0.8525134497695427,110,"all","DT#110","DT",110
544,538,26,31,0.9539007092198581,0.9543859649122807,0.9539007092198581,0.9539007092198581,0.9502183406113536,0.9499561018437226,0.8999113550346487,110,"all","RF#110","RF",110
445,539,25,130,0.9556737588652482,0.9468085106382979,0.9556737588652482,0.9556737588652482,0.8742903487429035,0.8639157155399473,0.728289893883079,110,"all","NB#110","NB",110
541,528,36,34,0.9408695652173913,0.9395017793594306,0.9408695652173913,0.9408695652173913,0.939236111111111,0.9385425812115891,0.877069527489369,110,"all","MLP#110","MLP",110
539,524,40,36,0.9373913043478261,0.9357142857142857,0.9373913043478261,0.9373913043478261,0.9341421143847486,0.9332748024582967,0.8665281024306305,111,"all","DT#111","DT",111
555,537,27,20,0.9652173913043478,0.9640933572710951,0.9652173913043478,0.9652173913043478,0.9593777009507347,0.9587357330992098,0.9174539684791441,111,"all","RF#111","RF",111
493,520,44,82,0.9219858156028369,0.9180633147113594,0.9219858156028369,0.9219858156028369,0.8919382504288164,0.8893766461808604,0.7788751621680755,111,"all","NB#111","NB",111
547,541,23,28,0.9592198581560284,0.9596491228070175,0.9592198581560284,0.9592198581560284,0.9554585152838427,0.9552238805970149,0.9104470018731067,111,"all","MLP#111","MLP",111
539,526,38,36,0.9373913043478261,0.9359430604982206,0.9373913043478261,0.9373913043478261,0.9357638888888891,0.9350307287093942,0.87004492906019,112,"all","DT#112","DT",112
556,541,23,19,0.9669565217391304,0.9660714285714286,0.9669565217391304,0.9669565217391304,0.9636048526863085,0.9631255487269534,0.9262392145011379,112,"all","RF#112","RF",112
533,500,64,42,0.9269565217391305,0.922509225092251,0.9269565217391305,0.9269565217391305,0.9095563139931742,0.9069359086918349,0.8137849768183627,112,"all","NB#112","NB",112
543,540,24,32,0.9574468085106383,0.9576719576719577,0.9574468085106383,0.9574468085106383,0.9509632224168125,0.9508340649692713,0.9016722985472213,112,"all","MLP#112","MLP",112
536,527,37,39,0.9343971631205674,0.9354275741710296,0.9343971631205674,0.9343971631205674,0.9337979094076655,0.9332748024582967,0.8665416837541743,113,"all","DT#113","DT",113
558,539,25,17,0.9704347826086956,0.9694244604316546,0.9704347826086956,0.9704347826086956,0.9637305699481865,0.9631255487269534,0.9262342100069081,113,"all","RF#113","RF",113
522,508,56,53,0.9078260869565218,0.9055258467023173,0.9078260869565218,0.9078260869565218,0.9054640069384214,0.9043020193151887,0.8085764462268354,113,"all","NB#113","NB",113
553,542,22,22,0.9617391304347827,0.9617391304347827,0.9617391304347827,0.9617391304347827,0.9617391304347827,0.961369622475856,0.922732038236201,113,"all","MLP#113","MLP",113
536,530,34,39,0.9397163120567376,0.9403508771929825,0.9397163120567376,0.9397163120567376,0.9362445414847163,0.935908691834943,0.8718162967987606,114,"all","DT#114","DT",114
552,545,19,23,0.9663120567375887,0.9667250437828371,0.9663120567375887,0.9663120567375887,0.963350785340314,0.9631255487269534,0.9262492214527537,114,"all","RF#114","RF",114
525,505,59,50,0.9130434782608695,0.9099099099099099,0.9130434782608695,0.9130434782608695,0.90595340811044,0.9043020193151887,0.8085569644456985,114,"all","NB#114","NB",114
536,532,32,39,0.9432624113475178,0.9436619718309859,0.9432624113475178,0.9432624113475178,0.9378827646544181,0.9376646180860404,0.8753324073460289,114,"all","MLP#114","MLP",114
540,523,41,35,0.9391304347826087,0.9372759856630825,0.9391304347826087,0.9391304347826087,0.9342560553633218,0.9332748024582967,0.8665235747084964,115,"all","DT#115","DT",115
556,541,23,19,0.9669565217391304,0.9660714285714286,0.9669565217391304,0.9669565217391304,0.9636048526863085,0.9631255487269534,0.9262392145011379,115,"all","RF#115","RF",115
386,552,12,189,0.9787234042553191,0.9698492462311558,0.9787234042553191,0.9787234042553191,0.845977011494253,0.8235294117647058,0.6480823061208489,115,"all","NB#115","NB",115
537,540,24,38,0.9574468085106383,0.9572192513368984,0.9574468085106383,0.9574468085106383,0.9457092819614711,0.9455662862159789,0.8911482626696713,115,"all","MLP#115","MLP",115
528,524,40,47,0.9290780141843972,0.9295774647887324,0.9290780141843972,0.9290780141843972,0.9238845144356955,0.9236172080772608,0.8472383019592186,116,"all","DT#116","DT",116
547,534,30,28,0.951304347826087,0.9501779359430605,0.951304347826087,0.951304347826087,0.9496527777777778,0.9490781387181738,0.8981433227769057,116,"all","RF#116","RF",116
466,529,35,109,0.9379432624113475,0.9301397205588823,0.9379432624113475,0.9379432624113475,0.8801996672212979,0.8735733099209834,0.7474399997536241,116,"all","NB#116","NB",116
541,538,26,34,0.9539007092198581,0.9541446208112875,0.9539007092198581,0.9539007092198581,0.9474605954465849,0.9473222124670764,0.8946488913005943,116,"all","MLP#116","MLP",116
536,523,41,39,0.9321739130434783,0.9306049822064056,0.9321739130434783,0.9321739130434783,0.9305555555555555,0.9297629499561019,0.8595080314164218,117,"all","DT#117","DT",117
555,544,20,20,0.9652173913043478,0.9652173913043478,0.9652173913043478,0.9652173913043478,0.9652173913043478,0.9648814749780509,0.9297563983965463,117,"all","RF#117","RF",117
503,525,39,72,0.9308510638297872,0.9280442804428044,0.9308510638297872,0.9308510638297872,0.9043927648578811,0.9025460930640913,0.8051830381701268,117,"all","NB#117","NB",117
547,543,21,28,0.9627659574468085,0.9630281690140845,0.9627659574468085,0.9627659574468085,0.9571303587051618,0.9569798068481123,0.9139618022528931,117,"all","MLP#117","MLP",117
533,518,46,42,0.9269565217391305,0.925,0.9269565217391305,0.9269565217391305,0.9237435008665511,0.922739244951712,0.8454535922880985,118,"all","DT#118","DT",118
550,539,25,25,0.9565217391304348,0.9565217391304348,0.9565217391304348,0.9565217391304348,0.9565217391304348,0.9561018437225637,0.9121954979956831,118,"all","RF#118","RF",118
510,519,45,65,0.9202127659574468,0.918918918918919,0.9202127659574468,0.9202127659574468,0.9041811846689896,0.9034240561896401,0.8068955950802996,118,"all","NB#118","NB",118
547,534,30,28,0.951304347826087,0.9501779359430605,0.951304347826087,0.951304347826087,0.9496527777777778,0.9490781387181738,0.8981433227769057,118,"all","MLP#118","MLP",118
548,524,40,27,0.9530434782608695,0.9509981851179673,0.9530434782608695,0.9530434782608695,0.942390369733448,0.9411764705882353,0.8823160209543578,119,"all","DT#119","DT",119
553,545,19,22,0.9663120567375887,0.9667832167832168,0.9663120567375887,0.9663120567375887,0.964254577157803,0.9640035118525022,0.9280039714291441,119,"all","RF#119","RF",119
483,529,35,92,0.9379432624113475,0.9324324324324325,0.9379432624113475,0.9379432624113475,0.8928270042194093,0.8884986830553117,0.7771919528916696,119,"all","NB#119","NB",119
543,538,26,32,0.9539007092198581,0.9543057996485061,0.9539007092198581,0.9539007092198581,0.9493006993006994,0.9490781387181738,0.8981571409631458,119,"all","MLP#119","MLP",119
537,522,42,38,0.9339130434782609,0.9321428571428572,0.9339130434782609,0.9339130434782609,0.9306759098786829,0.9297629499561019,0.8595032657164532,120,"all","DT#120","DT",120
548,536,28,27,0.9530434782608695,0.9520426287744227,0.9530434782608695,0.9530434782608695,0.9522154648132058,0.95171202809482,0.9034134097248027,120,"all","RF#120","RF",120
488,520,44,87,0.9219858156028369,0.9172932330827067,0.9219858156028369,0.9219858156028369,0.888129803586678,0.8849868305531168,0.7701198478445413,120,"all","NB#120","NB",120
539,531,33,36,0.9414893617021277,0.9423076923076923,0.9414893617021277,0.9414893617021277,0.939843068875327,0.9394205443371378,0.87883595191734,120,"all","MLP#120","MLP",120
543,522,42,32,0.9443478260869566,0.9422382671480144,0.9443478260869566,0.9443478260869566,0.9362068965517243,0.9350307287093942,0.8700272941757005,121,"all","DT#121","DT",121
551,530,34,24,0.9582608695652174,0.9566787003610109,0.9582608695652174,0.9582608695652174,0.95,0.9490781387181738,0.8981295008404139,121,"all","RF#121","RF",121
516,493,71,59,0.8973913043478261,0.8931159420289855,0.8973913043478261,0.8973913043478261,0.8881239242685026,0.8858647936786654,0.7716618244847856,121,"all","NB#121","NB",121
546,535,29,29,0.9495652173913044,0.9495652173913044,0.9495652173913044,0.9495652173913044,0.9495652173913044,0.9490781387181738,0.8981467776749923,121,"all","MLP#121","MLP",121
531,524,40,44,0.9290780141843972,0.9299474605954466,0.9290780141843972,0.9290780141843972,0.9267015706806283,0.926251097453907,0.8524984429055076,122,"all","DT#122","DT",122
549,537,27,26,0.9547826086956521,0.9538188277087034,0.9547826086956521,0.9547826086956521,0.9539530842745438,0.9534679543459175,0.9069256493711734,122,"all","RF#122","RF",122
483,528,36,92,0.9361702127659575,0.930635838150289,0.9361702127659575,0.9361702127659575,0.8918918918918919,0.887620719929763,0.7754337539432177,122,"all","NB#122","NB",122
544,531,33,31,0.9460869565217391,0.9448398576512456,0.9460869565217391,0.9460869565217391,0.9444444444444445,0.9438103599648815,0.8876064251331375,122,"all","MLP#122","MLP",122
545,510,54,30,0.9478260869565217,0.9444444444444444,0.9478260869565217,0.9478260869565217,0.928449744463373,0.926251097453907,0.8524283704745689,123,"all","DT#123","DT",123
546,534,30,29,0.9495652173913044,0.9484902309058615,0.9495652173913044,0.9495652173913044,0.94874022589053,0.9482001755926251,0.896388930432061,123,"all","RF#123","RF",123
538,476,88,37,0.9356521739130435,0.9278752436647173,0.9356521739130435,0.9356521739130435,0.8959200666111574,0.8902546093064091,0.7802987165895879,123,"all","NB#123","NB",123
543,521,43,32,0.9443478260869566,0.9421338155515371,0.9443478260869566,0.9443478260869566,0.9354005167958656,0.9341527655838455,0.8682686717688622,123,"all","MLP#123","MLP",123
538,534,30,37,0.9468085106382979,0.9471830985915493,0.9468085106382979,0.9468085106382979,0.9413823272090989,0.9411764705882353,0.8823559336927315,124,"all","DT#124","DT",124
556,540,24,19,0.9669565217391304,0.9660107334525939,0.9669565217391304,0.9669565217391304,0.9627705627705627,0.9622475856014048,0.9244817244755569,124,"all","RF#124","RF",124
527,500,64,48,0.9165217391304348,0.9124087591240876,0.9165217391304348,0.9165217391304348,0.9039451114922814,0.9016681299385426,0.80326453061577,124,"all","NB#124","NB",124
544,534,30,31,0.9468085106382979,0.9477351916376306,0.9468085106382979,0.9468085106382979,0.9469103568320278,0.9464442493415277,0.8928803242621541,124,"all","MLP#124","MLP",124
526,525,39,49,0.9308510638297872,0.9309734513274336,0.9308510638297872,0.9308510638297872,0.9228070175438596,0.922739244951712,0.8454902807109493,125,"all","DT#125","DT",125
554,529,35,21,0.9634782608695652,0.9618181818181818,0.9634782608695652,0.9634782608695652,0.9518900343642612,0.9508340649692713,0.9016356026561965,125,"all","RF#125","RF",125
517,513,51,58,0.9095744680851063,0.9102112676056338,0.9095744680851063,0.9095744680851063,0.9046369203849518,0.9043020193151887,0.8086089070523542,125,"all","NB#125","NB",125
545,539,25,30,0.9556737588652482,0.956140350877193,0.9556737588652482,0.9556737588652482,0.9519650655021834,0.95171202809482,0.9034232373141347,125,"all","MLP#125","MLP",125
530,535,29,45,0.9485815602836879,0.9481216457960644,0.9485815602836879,0.9485815602836879,0.9353146853146853,0.9350307287093942,0.8700845900588184,126,"all","DT#126","DT",126
550,542,22,25,0.9609929078014184,0.9615384615384616,0.9609929078014184,0.9609929078014184,0.959023539668701,0.9587357330992098,0.9174679672480431,126,"all","RF#126","RF",126
472,532,32,103,0.9432624113475178,0.9365079365079365,0.9432624113475178,0.9432624113475178,0.8874061718098416,0.8814749780509219,0.7632129674259026,126,"all","NB#126","NB",126
547,541,23,28,0.9592198581560284,0.9596491228070175,0.9592198581560284,0.9592198581560284,0.9554585152838427,0.9552238805970149,0.9104470018731067,126,"all","MLP#126","MLP",126
537,525,39,38,0.9339130434782609,0.9325044404973357,0.9339130434782609,0.9339130434782609,0.9331016507384883,0.932396839332748,0.8647787736147236,127,"all","DT#127","DT",127
551,547,17,24,0.9698581560283688,0.9700704225352113,0.9698581560283688,0.9698581560283688,0.9641294838145231,0.9640035118525022,0.9280088549462985,127,"all","RF#127","RF",127
517,509,55,58,0.9024822695035462,0.9038461538461539,0.9024822695035462,0.9024822695035462,0.9014821272885789,0.9007901668129938,0.8015719212559336,127,"all","NB#127","NB",127
540,529,35,35,0.9391304347826087,0.9391304347826087,0.9391304347826087,0.9391304347826087,0.9391304347826087,0.9385425812115891,0.8770736971939561,127,"all","MLP#127","MLP",127
534,528,36,41,0.9361702127659575,0.9368421052631579,0.9361702127659575,0.9361702127659575,0.9327510917030567,0.932396839332748,0.8647925322397884,128,"all","DT#128","DT",128
561,538,26,14,0.9756521739130435,0.9746376811594203,0.9756521739130435,0.9756521739130435,0.9655765920826161,0.9648814749780509,0.9297420998414724,128,"all","RF#128","RF",128
362,543,21,213,0.9627659574468085,0.9451697127937336,0.9627659574468085,0.9627659574468085,0.8227272727272728,0.7945566286215979,0.5904086600523735,128,"all","NB#128","NB",128
552,518,46,23,0.96,0.9574861367837338,0.96,0.96,0.9411764705882353,0.9394205443371378,0.8787825038135443,128,"all","MLP#128","MLP",128
537,535,29,38,0.9485815602836879,0.9487632508833922,0.9485815602836879,0.9485815602836879,0.9412795793163892,0.9411764705882353,0.8823599234776067,129,"all","DT#129","DT",129
551,547,17,24,0.9698581560283688,0.9700704225352113,0.9698581560283688,0.9698581560283688,0.9641294838145231,0.9640035118525022,0.9280088549462985,129,"all","RF#129","RF",129
534,488,76,41,0.928695652173913,0.9224952741020794,0.928695652173913,0.928695652173913,0.90126582278481,0.897278314310799,0.7944154331510379,129,"all","NB#129","NB",129
541,537,27,34,0.9521276595744681,0.9524647887323944,0.9521276595744681,0.9521276595744681,0.9466316710411198,0.9464442493415277,0.8928912232127855,129,"all","MLP#129","MLP",129
547,529,35,28,0.951304347826087,0.9497307001795332,0.951304347826087,0.951304347826087,0.9455488331892826,0.9446883230904302,0.8893531917911931,130,"all","DT#130","DT",130
559,540,24,16,0.9721739130434782,0.9712230215827338,0.9721739130434782,0.9721739130434782,0.9654576856649396,0.9648814749780509,0.9297468666732457,130,"all","RF#130","RF",130
516,510,54,59,0.9042553191489362,0.9052631578947369,0.9042553191489362,0.9042553191489362,0.9013100436681224,0.9007901668129938,0.8015786512090403,130,"all","NB#130","NB",130
548,533,31,27,0.9530434782608695,0.9517857142857142,0.9530434782608695,0.9530434782608695,0.9497400346620449,0.9490781387181738,0.8981398676444285,130,"all","MLP#130","MLP",130
535,531,33,40,0.9414893617021277,0.9419014084507042,0.9414893617021277,0.9414893617021277,0.9361329833770778,0.935908691834943,0.8718206441726777,131,"all","DT#131","DT",131
553,543,21,22,0.9627659574468085,0.9634146341463414,0.9627659574468085,0.9627659574468085,0.9625761531766753,0.9622475856014048,0.9244894089061086,131,"all","RF#131","RF",131
513,514,50,62,0.9113475177304965,0.911190053285968,0.9113475177304965,0.9113475177304965,0.9017543859649124,0.9016681299385426,0.8033579351719972,131,"all","NB#131","NB",131
548,546,18,27,0.9680851063829787,0.9681978798586572,0.9680851063829787,0.9680851063829787,0.9605609114811569,0.9604916593503073,0.9209880083058554,131,"all","MLP#131","MLP",131
537,517,47,38,0.9339130434782609,0.9315315315315316,0.9339130434782609,0.9339130434782609,0.9266609145815358,0.9253731343283582,0.8507095594301319,132,"all","DT#132","DT",132
559,541,23,16,0.9721739130434782,0.9712746858168761,0.9721739130434782,0.9721739130434782,0.9662921348314606,0.9657594381035997,0.9315043568231196,132,"all","RF#132","RF",132
383,551,13,192,0.9769503546099291,0.9671717171717171,0.9769503546099291,0.9769503546099291,0.8431522570772763,0.820017559262511,0.6410911064007047,132,"all","NB#132","NB",132
550,522,42,25,0.9565217391304348,0.9542961608775137,0.9565217391304348,0.9565217391304348,0.9425878320479862,0.9411764705882353,0.8823080351566054,132,"all","MLP#132","MLP",132
547,524,40,28,0.951304347826087,0.9492753623188406,0.951304347826087,0.951304347826087,0.9414802065404475,0.9402985074626866,0.8805615697305034,133,"all","DT#133","DT",133
555,542,22,20,0.9652173913043478,0.9644128113879004,0.9652173913043478,0.9652173913043478,0.9635416666666666,0.9631255487269534,0.9262417164936214,133,"all","RF#133","RF",133
505,524,40,70,0.9290780141843972,0.926605504587156,0.9290780141843972,0.9290780141843972,0.9050086355785838,0.9034240561896401,0.8069283281709891,133,"all","NB#133","NB",133
533,541,23,42,0.9592198581560284,0.9586330935251799,0.9592198581560284,0.9592198581560284,0.9433304272013949,0.9429323968393327,0.8858909170495476,133,"all","MLP#133","MLP",133
532,528,36,43,0.9361702127659575,0.9366197183098591,0.9361702127659575,0.9361702127659575,0.9308836395450569,0.9306409130816505,0.8612853546526237,134,"all","DT#134","DT",134
544,544,20,31,0.9645390070921985,0.9645390070921985,0.9645390070921985,0.9645390070921985,0.9552238805970149,0.9552238805970149,0.9104561128744096,134,"all","RF#134","RF",134
413,542,22,162,0.9609929078014184,0.9494252873563218,0.9609929078014184,0.9609929078014184,0.8548895899053628,0.8384547848990342,0.677644814962931,134,"all","NB#134","NB",134
540,541,23,35,0.9592198581560284,0.9591474245115453,0.9592198581560284,0.9592198581560284,0.9491228070175439,0.9490781387181738,0.8981675021426413,134,"all","MLP#134","MLP",134
547,512,52,28,0.951304347826087,0.9481481481481482,0.951304347826087,0.951304347826087,0.9318568994889268,0.9297629499561019,0.8594555909281607,135,"all","DT#135","DT",135
551,537,27,24,0.9582608695652174,0.9572192513368984,0.9582608695652174,0.9582608695652174,0.9557675628794449,0.9552238805970149,0.9104348509868679,135,"all","RF#135","RF",135
533,494,70,42,0.9269565217391305,0.9216417910447762,0.9269565217391305,0.9269565217391305,0.9049235993208827,0.9016681299385426,0.8032244729226954,135,"all","NB#135","NB",135
543,541,23,32,0.9592198581560284,0.9593639575971732,0.9592198581560284,0.9592198581560284,0.9517966695880806,0.95171202809482,0.9034297879293787,135,"all","MLP#135","MLP",135
536,523,41,39,0.9321739130434783,0.9306049822064056,0.9321739130434783,0.9321739130434783,0.9305555555555555,0.9297629499561019,0.8595080314164218,136,"all","DT#136","DT",136
553,532,32,22,0.9617391304347827,0.9602888086642599,0.9617391304347827,0.9617391304347827,0.953448275862069,0.9525899912203687,0.9051550525065921,136,"all","RF#136","RF",136
519,507,57,56,0.9026086956521739,0.9010416666666666,0.9026086956521739,0.9026086956521739,0.901824500434405,0.9007901668129938,0.8015584599800489,136,"all","NB#136","NB",136
550,519,45,25,0.9565217391304348,0.9540441176470589,0.9565217391304348,0.9565217391304348,0.9401709401709402,0.9385425812115891,0.8770319874147875,136,"all","MLP#136","MLP",136
535,515,49,40,0.9304347826086956,0.9279279279279279,0.9304347826086956,0.9304347826086956,0.9232096635030198,0.9218612818261633,0.8436841269327264,137,"all","DT#137","DT",137
548,539,25,27,0.9556737588652482,0.956369982547993,0.9556737588652482,0.9556737588652482,0.9547038327526133,0.9543459174714662,0.9086864152002245,137,"all","RF#137","RF",137
520,502,62,55,0.9043478260869565,0.9012567324955116,0.9043478260869565,0.9043478260869565,0.898876404494382,0.897278314310799,0.7945130704693589,137,"all","NB#137","NB",137
543,536,28,32,0.950354609929078,0.9509632224168126,0.950354609929078,0.950354609929078,0.9476439790575917,0.9473222124670764,0.8946417449325054,137,"all","MLP#137","MLP",137
536,528,36,39,0.9361702127659575,0.9370629370629371,0.9361702127659575,0.9361702127659575,0.9346120313862251,0.9341527655838455,0.8682999477362392,138,"all","DT#138","DT",138
557,539,25,18,0.9686956521739131,0.9676840215439856,0.9686956521739131,0.9686956521739131,0.9628349178910978,0.9622475856014048,0.924479162651132,138,"all","RF#138","RF",138
515,513,51,60,0.9095744680851063,0.9098939929328622,0.9095744680851063,0.9095744680851063,0.9027169149868538,0.9025460930640913,0.8051037538211095,138,"all","NB#138","NB",138
544,536,28,31,0.950354609929078,0.951048951048951,0.950354609929078,0.950354609929078,0.948561464690497,0.9482001755926251,0.8963959588858416,138,"all","MLP#138","MLP",138
538,521,43,37,0.9356521739130435,0.9336917562724014,0.9356521739130435,0.9356521739130435,0.9307958477508649,0.9297629499561019,0.8594984996931542,139,"all","DT#139","DT",139
551,547,17,24,0.9698581560283688,0.9700704225352113,0.9698581560283688,0.9698581560283688,0.9641294838145231,0.9640035118525022,0.9280088549462985,139,"all","RF#139","RF",139
515,510,54,60,0.9042553191489362,0.9050966608084359,0.9042553191489362,0.9042553191489362,0.9003496503496503,0.8999122036874452,0.7998261046517007,139,"all","NB#139","NB",139
540,538,26,35,0.9539007092198581,0.9540636042402827,0.9539007092198581,0.9539007092198581,0.946538124452235,0.9464442493415277,0.8928948557034928,139,"all","MLP#139","MLP",139
540,518,46,35,0.9391304347826087,0.9367088607594937,0.9391304347826087,0.9391304347826087,0.9302325581395349,0.9288849868305531,0.8577301655103712,140,"all","DT#140","DT",140
552,534,30,23,0.96,0.9587073608617595,0.96,0.96,0.9541918755401901,0.9534679543459175,0.9069161772211626,140,"all","RF#140","RF",140
522,488,76,53,0.9078260869565218,0.9020332717190388,0.9078260869565218,0.9078260869565218,0.8900255754475704,0.8867427568042142,0.7733759853905393,140,"all","NB#140","NB",140
539,534,30,36,0.9468085106382979,0.9472759226713533,0.9468085106382979,0.9468085106382979,0.9423076923076924,0.9420544337137841,0.8841098500615109,140,"all","MLP#140","MLP",140
539,527,37,36,0.9373913043478261,0.9360568383658969,0.9373913043478261,0.9373913043478261,0.9365768896611643,0.935908691834943,0.8718032529074653,141,"all","DT#141","DT",141
558,546,18,17,0.9704347826086956,0.9698046181172292,0.9704347826086956,0.9704347826086956,0.9695916594265855,0.9692712906057945,0.9385358061885107,141,"all","RF#141","RF",141
527,514,50,48,0.9165217391304348,0.9145907473309609,0.9165217391304348,0.9165217391304348,0.9149305555555556,0.9139596136962248,0.8278973384851167,141,"all","NB#141","NB",141
544,540,24,31,0.9574468085106383,0.9577464788732394,0.9574468085106383,0.9574468085106383,0.9518810148731409,0.95171202809482,0.9034265127328394,141,"all","MLP#141","MLP",141
538,525,39,37,0.9356521739130435,0.9341637010676157,0.9356521739130435,0.9356521739130435,0.9340277777777778,0.9332748024582967,0.8665326298456006,142,"all","DT#142","DT",142
551,543,21,24,0.9627659574468085,0.9632867132867133,0.9627659574468085,0.9627659574468085,0.9607672188317351,0.9604916593503073,0.9209799686417436,142,"all","RF#142","RF",142
500,521,43,75,0.9237588652482269,0.9208103130755064,0.9237588652482269,0.9237588652482269,0.8982758620689656,0.8964003511852502,0.7928937733453321,142,"all","NB#142","NB",142
546,543,21,29,0.9627659574468085,0.9629629629629629,0.9627659574468085,0.9627659574468085,0.9562171628721542,0.9561018437225637,0.9122074094171619,142,"all","MLP#142","MLP",142
531,523,41,44,0.9273049645390071,0.9283216783216783,0.9273049645390071,0.9273049645390071,0.9258936355710549,0.9253731343283582,0.8507399407677377,143,"all","DT#143","DT",143
548,544,20,27,0.9645390070921985,0.9647887323943662,0.9645390070921985,0.9645390070921985,0.9588801399825022,0.9587357330992098,0.9174735654262444,143,"all","RF#143","RF",143
503,528,36,72,0.9361702127659575,0.9332096474953617,0.9361702127659575,0.9361702127659575,0.9072164948453608,0.9051799824407375,0.8104579997411386,143,"all","NB#143","NB",143
540,544,20,35,0.9645390070921985,0.9642857142857143,0.9645390070921985,0.9645390070921985,0.9518810148731408,0.95171202809482,0.9034396121862308,143,"all","MLP#143","MLP",143
542,526,38,33,0.9426086956521739,0.9409660107334525,0.9426086956521739,0.9426086956521739,0.9385281385281385,0.9376646180860404,0.8753070334363845,144,"all","DT#144","DT",144
557,538,26,18,0.9686956521739131,0.9676258992805755,0.9686956521739131,0.9686956521739131,0.9620034542314335,0.961369622475856,0.9227215533405704,144,"all","RF#144","RF",144
496,524,40,79,0.9290780141843972,0.9253731343283582,0.9290780141843972,0.9290780141843972,0.8980291345329906,0.8955223880597015,0.7911634148859297,144,"all","NB#144","NB",144
541,534,30,34,0.9468085106382979,0.9474605954465849,0.9468085106382979,0.9468085106382979,0.944153577661431,0.9438103599648815,0.8876178612613391,144,"all","MLP#144","MLP",144
538,529,35,37,0.9379432624113475,0.9389179755671903,0.9379432624113475,0.9379432624113475,0.9372822299651568,0.9367866549604916,0.8735658056618492,145,"all","DT#145","DT",145
556,533,31,19,0.9669565217391304,0.9655797101449275,0.9669565217391304,0.9669565217391304,0.9569707401032701,0.9561018437225637,0.9121776248018407,145,"all","RF#145","RF",145
543,464,100,32,0.9443478260869566,0.9354838709677419,0.9443478260869566,0.9443478260869566,0.8916256157635468,0.884108867427568,0.7679284774917727,145,"all","NB#145","NB",145
537,534,30,38,0.9468085106382979,0.9470899470899471,0.9468085106382979,0.9468085106382979,0.9404553415061295,0.9402985074626866,0.8806020768073404,145,"all","MLP#145","MLP",145
522,518,46,53,0.9184397163120568,0.9190140845070423,0.9184397163120568,0.9184397163120568,0.9133858267716535,0.913081650570676,0.8261677229191108,146,"all","DT#146","DT",146
552,536,28,23,0.96,0.9588550983899821,0.96,0.96,0.9558441558441558,0.9552238805970149,0.910431812750079,146,"all","RF#146","RF",146
497,527,37,78,0.9343971631205674,0.9307116104868914,0.9343971631205674,0.9343971631205674,0.9016253207869975,0.8990342405618964,0.7981899727448228,146,"all","NB#146","NB",146
547,530,34,28,0.951304347826087,0.9498207885304659,0.951304347826087,0.951304347826087,0.9463667820069205,0.9455662862159789,0.8911113372621944,146,"all","MLP#146","MLP",146
538,533,31,37,0.9450354609929078,0.945518453427065,0.9450354609929078,0.9450354609929078,0.9405594405594405,0.9402985074626866,0.8805980273361022,147,"all","DT#147","DT",147
558,546,18,17,0.9704347826086956,0.9698046181172292,0.9704347826086956,0.9704347826086956,0.9695916594265855,0.9692712906057945,0.9385358061885107,147,"all","RF#147","RF",147
518,514,50,57,0.9113475177304965,0.9119718309859155,0.9113475177304965,0.9113475177304965,0.9063867016622923,0.9060579455662863,0.8121206702257057,147,"all","NB#147","NB",147
540,543,21,35,0.9627659574468085,0.9625668449197861,0.9627659574468085,0.9627659574468085,0.9509632224168125,0.9508340649692713,0.9016823017661546,147,"all","MLP#147","MLP",147
535,524,40,40,0.9304347826086956,0.9304347826086956,0.9304347826086956,0.9304347826086956,0.9304347826086956,0.9297629499561019,0.8595127967930929,148,"all","DT#148","DT",148
552,541,23,23,0.96,0.96,0.96,0.96,0.96,0.9596136962247586,0.9192198581560284,148,"all","RF#148","RF",148
501,526,38,74,0.9326241134751773,0.9294990723562152,0.9326241134751773,0.9326241134751773,0.9037800687285223,0.9016681299385426,0.8034379256574772,148,"all","NB#148","NB",148
543,530,34,32,0.9443478260869566,0.9430604982206405,0.9443478260869566,0.9443478260869566,0.9427083333333333,0.9420544337137841,0.884094125918548,148,"all","MLP#148","MLP",148
535,517,47,40,0.9304347826086956,0.9281867145421903,0.9304347826086956,0.9304347826086956,0.9248055315471045,0.9236172080772608,0.8472020267592669,149,"all","DT#149","DT",149
556,537,27,19,0.9669565217391304,0.9658273381294964,0.9669565217391304,0.9669565217391304,0.9602763385146803,0.9596136962247586,0.9192088966742327,149,"all","RF#149","RF",149
480,538,26,95,0.9539007092198581,0.9486166007905138,0.9539007092198581,0.9539007092198581,0.8989139515455304,0.8937664618086041,0.7877614693875038,149,"all","NB#149","NB",149
551,529,35,24,0.9582608695652174,0.9566003616636528,0.9582608695652174,0.9582608695652174,0.9491817398794143,0.9482001755926251,0.8963713551248383,149,"all","MLP#149","MLP",149
537,525,39,38,0.9339130434782609,0.9325044404973357,0.9339130434782609,0.9339130434782609,0.9331016507384883,0.932396839332748,0.8647787736147236,150,"all","DT#150","DT",150
553,538,26,22,0.9617391304347827,0.9607142857142857,0.9617391304347827,0.9617391304347827,0.9584055459272097,0.9578577699736611,0.915701959429872,150,"all","RF#150","RF",150
517,509,55,58,0.9024822695035462,0.9038461538461539,0.9024822695035462,0.9024822695035462,0.9014821272885789,0.9007901668129938,0.8015719212559336,150,"all","NB#150","NB",150
542,532,32,33,0.9432624113475178,0.9442508710801394,0.9432624113475178,0.9432624113475178,0.9434290687554394,0.9429323968393327,0.8858560832301641,150,"all","MLP#150","MLP",150
540,521,43,35,0.9391304347826087,0.9370503597122302,0.9391304347826087,0.9391304347826087,0.9326424870466322,0.9315188762071993,0.8630063900128294,151,"all","DT#151","DT",151
553,539,25,22,0.9617391304347827,0.9607843137254902,0.9617391304347827,0.9617391304347827,0.9592367736339984,0.9587357330992098,0.9174595685565253,151,"all","RF#151","RF",151
516,492,72,59,0.8973913043478261,0.8929219600725953,0.8973913043478261,0.8973913043478261,0.8873602751504729,0.8849868305531168,0.7699014738062817,151,"all","NB#151","NB",151
532,542,22,43,0.9609929078014184,0.9602888086642599,0.9609929078014184,0.9609929078014184,0.9434290687554396,0.9429323968393327,0.8858947861615735,151,"all","MLP#151","MLP",151
534,526,38,41,0.9326241134751773,0.9335664335664335,0.9326241134751773,0.9326241134751773,0.9311246730601569,0.9306409130816505,0.8612759449488385,152,"all","DT#152","DT",152
549,540,24,26,0.9574468085106383,0.9581151832460733,0.9574468085106383,0.9574468085106383,0.9564459930313588,0.9561018437225637,0.912198476154062,152,"all","RF#152","RF",152
517,506,58,58,0.8991304347826087,0.8991304347826087,0.8991304347826087,0.8991304347826087,0.8991304347826087,0.8981562774363476,0.7962935553499845,152,"all","NB#152","NB",152
547,538,26,28,0.9539007092198581,0.9546247818499127,0.9539007092198581,0.9539007092198581,0.9529616724738676,0.9525899912203687,0.9051743542463868,152,"all","MLP#152","MLP",152
531,518,46,44,0.9234782608695652,0.9217081850533808,0.9234782608695652,0.9234782608695652,0.9218750000000001,0.9209833187006146,0.8419465353434744,153,"all","DT#153","DT",153
555,540,24,20,0.9652173913043478,0.9642857142857143,0.9652173913043478,0.9652173913043478,0.9618717504332756,0.961369622475856,0.9227267961440492,153,"all","RF#153","RF",153
535,471,93,40,0.9304347826086956,0.9217221135029354,0.9304347826086956,0.9304347826086956,0.8894430590191188,0.8832309043020193,0.7662298982897054,153,"all","NB#153","NB",153
547,544,20,28,0.9645390070921985,0.9647266313932981,0.9645390070921985,0.9645390070921985,0.957968476357268,0.9578577699736611,0.9157191130404755,153,"all","MLP#153","MLP",153
538,527,37,37,0.9356521739130435,0.9356521739130435,0.9356521739130435,0.9356521739130435,0.9356521739130435,0.9350307287093942,0.8700493370336109,154,"all","DT#154","DT",154
556,544,20,19,0.9669565217391304,0.9662522202486679,0.9669565217391304,0.9669565217391304,0.9661164205039096,0.9657594381035997,0.9315113268957691,154,"all","RF#154","RF",154
532,504,60,43,0.9252173913043479,0.9213893967093236,0.9252173913043479,0.9252173913043479,0.9117395029991432,0.9095697980684812,0.8190705615094084,154,"all","NB#154","NB",154
546,546,18,29,0.9680851063829787,0.9680851063829787,0.9680851063829787,0.9680851063829787,0.9587357330992099,0.9587357330992098,0.9174791628450442,154,"all","MLP#154","MLP",154
532,528,36,43,0.9361702127659575,0.9366197183098591,0.9361702127659575,0.9361702127659575,0.9308836395450569,0.9306409130816505,0.8612853546526237,155,"all","DT#155","DT",155
546,542,22,29,0.9609929078014184,0.9612676056338029,0.9609929078014184,0.9609929078014184,0.9553805774278217,0.9552238805970149,0.9104500390795418,155,"all","RF#155","RF",155
511,502,62,64,0.8900709219858156,0.8917975567190227,0.8900709219858156,0.8900709219858156,0.8902439024390244,0.8893766461808604,0.7787401599082363,155,"all","NB#155","NB",155
540,533,31,35,0.9450354609929078,0.9457092819614711,0.9450354609929078,0.9450354609929078,0.9424083769633508,0.9420544337137841,0.884105919425756,155,"all","MLP#155","MLP",155
539,521,43,36,0.9373913043478261,0.9353680430879713,0.9373913043478261,0.9373913043478261,0.9317199654278306,0.9306409130816505,0.8612524151032422,156,"all","DT#156","DT",156
552,532,32,23,0.96,0.9585585585585585,0.96,0.96,0.9525452976704055,0.95171202809482,0.9034003031606737,156,"all","RF#156","RF",156
451,533,31,124,0.9450354609929078,0.9356846473029046,0.9450354609929078,0.9450354609929078,0.8730548730548731,0.8639157155399473,0.7282346838089168,156,"all","NB#156","NB",156
540,533,31,35,0.9450354609929078,0.9457092819614711,0.9450354609929078,0.9450354609929078,0.9424083769633508,0.9420544337137841,0.884105919425756,156,"all","MLP#156","MLP",156
526,522,42,49,0.925531914893617,0.926056338028169,0.925531914893617,0.925531914893617,0.9203849518810149,0.9201053555750659,0.840214775612516,157,"all","DT#157","DT",157
552,528,36,23,0.96,0.9582577132486388,0.96,0.96,0.9492691315563199,0.9482001755926251,0.8963678393478675,157,"all","RF#157","RF",157
523,506,58,52,0.9095652173913044,0.9068100358422939,0.9095652173913044,0.9095652173913044,0.9048442906574394,0.9034240561896401,0.8068104370780869,157,"all","NB#157","NB",157
543,533,31,32,0.9450354609929078,0.945993031358885,0.9450354609929078,0.9450354609929078,0.9451697127937337,0.9446883230904302,0.889368203746159,157,"all","MLP#157","MLP",157
536,522,42,39,0.9321739130434783,0.93048128342246,0.9321739130434783,0.9321739130434783,0.9297484822202949,0.9288849868305531,0.8577494692144373,158,"all","DT#158","DT",158
553,532,32,22,0.9617391304347827,0.9602888086642599,0.9617391304347827,0.9617391304347827,0.953448275862069,0.9525899912203687,0.9051550525065921,158,"all","RF#158","RF",158
522,490,74,53,0.9078260869565218,0.9023941068139963,0.9078260869565218,0.9078260869565218,0.8915456874466268,0.8884986830553117,0.776897106431677,158,"all","NB#158","NB",158
555,530,34,20,0.9652173913043478,0.9636363636363636,0.9652173913043478,0.9652173913043478,0.9536082474226805,0.9525899912203687,0.9051486168470465,158,"all","MLP#158","MLP",158
539,523,41,36,0.9373913043478261,0.9355992844364938,0.9373913043478261,0.9373913043478261,0.9333333333333333,0.932396839332748,0.8647695996422761,159,"all","DT#159","DT",159
548,536,28,27,0.9530434782608695,0.9520426287744227,0.9530434782608695,0.9530434782608695,0.9522154648132058,0.95171202809482,0.9034134097248027,159,"all","RF#159","RF",159
530,463,101,45,0.9217391304347826,0.9114173228346457,0.9217391304347826,0.9217391304347826,0.8789386401326699,0.8718173836698858,0.7433671201758068,159,"all","NB#159","NB",159
535,532,32,40,0.9432624113475178,0.9435626102292769,0.9432624113475178,0.9432624113475178,0.9369527145359019,0.9367866549604916,0.8735786695607132,159,"all","MLP#159","MLP",159
540,518,46,35,0.9391304347826087,0.9367088607594937,0.9391304347826087,0.9391304347826087,0.9302325581395349,0.9288849868305531,0.8577301655103712,160,"all","DT#160","DT",160
551,536,28,24,0.9582608695652174,0.9571428571428572,0.9582608695652174,0.9582608695652174,0.9549393414211439,0.9543459174714662,0.9086771227156947,160,"all","RF#160","RF",160
498,516,48,77,0.9148936170212766,0.9120879120879121,0.9148936170212766,0.9148936170212766,0.891961970613656,0.8902546093064091,0.7805966538196599,160,"all","NB#160","NB",160
542,538,26,33,0.9539007092198581,0.954225352112676,0.9539007092198581,0.9539007092198581,0.9483814523184602,0.9482001755926251,0.8964029863861368,160,"all","MLP#160","MLP",160
547,529,35,28,0.951304347826087,0.9497307001795332,0.951304347826087,0.951304347826087,0.9455488331892826,0.9446883230904302,0.8893531917911931,161,"all","DT#161","DT",161
562,533,31,13,0.9773913043478261,0.9761904761904762,0.9773913043478261,0.9773913043478261,0.9623287671232876,0.961369622475856,0.9227084432188672,161,"all","RF#161","RF",161
497,520,44,78,0.9219858156028369,0.9186691312384473,0.9219858156028369,0.9219858156028369,0.8950086058519793,0.8928884986830553,0.7858804821148458,161,"all","NB#161","NB",161
548,528,36,27,0.9530434782608695,0.9513513513513514,0.9530434782608695,0.9530434782608695,0.9456427955133735,0.9446883230904302,0.8893494381658624,161,"all","MLP#161","MLP",161
541,521,43,34,0.9408695652173913,0.9387387387387387,0.9408695652173913,0.9408695652173913,0.9335634167385677,0.932396839332748,0.8647604244249429,162,"all","DT#162","DT",162
549,536,28,26,0.9547826086956521,0.9537366548042705,0.9547826086956521,0.9547826086956521,0.953125,0.9525899912203687,0.9051679212060846,162,"all","RF#162","RF",162
529,483,81,46,0.92,0.9130434782608695,0.92,0.92,0.8928270042194093,0.8884986830553117,0.7768441026511266,162,"all","NB#162","NB",162
550,537,27,25,0.9565217391304348,0.9555160142348754,0.9565217391304348,0.9565217391304348,0.954861111111111,0.9543459174714662,0.9086802204206742,162,"all","MLP#162","MLP",162
540,535,29,35,0.9485815602836879,0.9490333919156415,0.9485815602836879,0.9485815602836879,0.9440559440559441,0.9438103599648815,0.8876216727869196,163,"all","DT#163","DT",163
553,539,25,22,0.9617391304347827,0.9607843137254902,0.9617391304347827,0.9617391304347827,0.9592367736339984,0.9587357330992098,0.9174595685565253,163,"all","RF#163","RF",163
531,502,62,44,0.9234782608695652,0.9194139194139194,0.9234782608695652,0.9234782608695652,0.9092465753424658,0.9069359086918349,0.8137976132090894,163,"all","NB#163","NB",163
546,540,24,29,0.9574468085106383,0.9578947368421052,0.9574468085106383,0.9574468085106383,0.9537117903930131,0.9534679543459175,0.9069351195936206,163,"all","MLP#163","MLP",163
539,520,44,36,0.9373913043478261,0.935251798561151,0.9373913043478261,0.9373913043478261,0.9309153713298791,0.9297629499561019,0.8594937333464917,164,"all","DT#164","DT",164
548,542,22,27,0.9609929078014184,0.9614035087719298,0.9609929078014184,0.9609929078014184,0.9572052401746726,0.9569798068481123,0.9139588841525926,164,"all","RF#164","RF",164
514,497,67,61,0.8939130434782608,0.8906810035842294,0.8939130434782608,0.8939130434782608,0.889273356401384,0.887620719929763,0.7751975995090467,164,"all","NB#164","NB",164
547,537,27,28,0.9521276595744681,0.9529616724738676,0.9521276595744681,0.9521276595744681,0.9521322889469104,0.95171202809482,0.9034166858101389,164,"all","MLP#164","MLP",164
525,524,40,50,0.9290780141843972,0.9292035398230089,0.9290780141843972,0.9290780141843972,0.9210526315789473,0.9209833187006146,0.8419786961816527,165,"all","DT#165","DT",165
559,542,22,16,0.9721739130434782,0.9713261648745519,0.9721739130434782,0.9721739130434782,0.9671280276816608,0.9666374012291484,0.9332617873542483,165,"all","RF#165","RF",165
518,507,57,57,0.9008695652173913,0.9008695652173913,0.9008695652173913,0.9008695652173913,0.9008695652173913,0.8999122036874452,0.7998057354301573,165,"all","NB#165","NB",165
547,536,28,28,0.951304347826087,0.951304347826087,0.951304347826087,0.951304347826087,0.951304347826087,0.9508340649692713,0.9016589577551649,165,"all","MLP#165","MLP",165
546,512,52,29,0.9495652173913044,0.9463955637707948,0.9495652173913044,0.9495652173913044,0.9309462915601023,0.9288849868305531,0.8577012001289432,166,"all","DT#166","DT",166
556,539,25,19,0.9669565217391304,0.9659498207885304,0.9669565217391304,0.9669565217391304,0.9619377162629758,0.961369622475856,0.9227241748312347,166,"all","RF#166","RF",166
548,424,140,27,0.9530434782608695,0.9401330376940134,0.9530434782608695,0.9530434782608695,0.8677751385589865,0.8533801580333626,0.7061698568177992,166,"all","NB#166","NB",166
551,543,21,24,0.9627659574468085,0.9632867132867133,0.9627659574468085,0.9627659574468085,0.9607672188317351,0.9604916593503073,0.9209799686417436,166,"all","MLP#166","MLP",166
540,522,42,35,0.9391304347826087,0.9371633752244165,0.9391304347826087,0.9391304347826087,0.9334485738980121,0.932396839332748,0.8647650121892361,167,"all","DT#167","DT",167
555,542,22,20,0.9652173913043478,0.9644128113879004,0.9652173913043478,0.9652173913043478,0.9635416666666666,0.9631255487269534,0.9262417164936214,167,"all","RF#167","RF",167
519,513,51,56,0.9095744680851063,0.9105263157894737,0.9095744680851063,0.9095744680851063,0.9065502183406114,0.9060579455662863,0.8121142980474984,167,"all","NB#167","NB",167
544,542,22,31,0.9609929078014184,0.9611307420494699,0.9609929078014184,0.9609929078014184,0.9535495179666958,0.9534679543459175,0.9069414320046739,167,"all","MLP#167","MLP",167
536,522,42,39,0.9321739130434783,0.93048128342246,0.9321739130434783,0.9321739130434783,0.9297484822202949,0.9288849868305531,0.8577494692144373,168,"all","DT#168","DT",168
563,542,22,12,0.9791304347826087,0.9783393501805054,0.9791304347826087,0.9791304347826087,0.9706896551724138,0.9701492537313433,0.9402828108374841,168,"all","RF#168","RF",168
513,519,45,62,0.9202127659574468,0.9193548387096774,0.9202127659574468,0.9202127659574468,0.9065502183406114,0.9060579455662863,0.8121525246344332,168,"all","NB#168","NB",168
549,522,42,26,0.9547826086956521,0.9525547445255474,0.9547826086956521,0.9547826086956521,0.941680960548885,0.9402985074626866,0.8805534650167175,168,"all","MLP#168","MLP",168
519,517,47,56,0.9166666666666666,0.9169611307420494,0.9166666666666666,0.9166666666666666,0.9097283085013147,0.9095697980684812,0.819150330122291,169,"all","DT#169","DT",169
549,536,28,26,0.9547826086956521,0.9537366548042705,0.9547826086956521,0.9547826086956521,0.953125,0.9525899912203687,0.9051679212060846,169,"all","RF#169","RF",169
531,491,73,44,0.9234782608695652,0.9177570093457944,0.9234782608695652,0.9234782608695652,0.9007633587786259,0.897278314310799,0.7944363632437169,169,"all","NB#169","NB",169
536,526,38,39,0.9326241134751773,0.9337979094076655,0.9326241134751773,0.9326241134751773,0.9329852045256746,0.932396839332748,0.8647833601341943,169,"all","MLP#169","MLP",169
535,522,42,40,0.9304347826086956,0.9288256227758007,0.9304347826086956,0.9304347826086956,0.9288194444444443,0.9280070237050044,0.8559957322018323,170,"all","DT#170","DT",170
531,542,22,44,0.9609929078014184,0.9602169981916817,0.9609929078014184,0.9609929078014184,0.942608695652174,0.9420544337137841,0.8841412855517985,170,"all","RF#170","RF",170
495,523,41,80,0.9273049645390071,0.9235074626865671,0.9273049645390071,0.9273049645390071,0.8963153384747216,0.8937664618086041,0.787653556312584,170,"all","NB#170","NB",170
533,533,31,42,0.9450354609929078,0.9450354609929078,0.9450354609929078,0.9450354609929078,0.9359086918349429,0.935908691834943,0.8718293380359199,170,"all","MLP#170","MLP",170
530,529,35,45,0.9379432624113475,0.9380530973451328,0.9379432624113475,0.9379432624113475,0.9298245614035088,0.9297629499561019,0.8595366188281358,171,"all","DT#171","DT",171
555,539,25,20,0.9652173913043478,0.964221824686941,0.9652173913043478,0.9652173913043478,0.961038961038961,0.9604916593503073,0.9209692465441874,171,"all","RF#171","RF",171
490,535,29,85,0.9485815602836879,0.9441233140655106,0.9485815602836879,0.9485815602836879,0.9037162162162161,0.8999122036874452,0.7999956871056783,171,"all","NB#171","NB",171
548,534,30,27,0.9530434782608695,0.9518716577540107,0.9530434782608695,0.9530434782608695,0.9505637467476149,0.9499561018437226,0.8998977746323819,171,"all","MLP#171","MLP",171
535,520,44,40,0.9304347826086956,0.9285714285714286,0.9304347826086956,0.9304347826086956,0.9272097053726169,0.926251097453907,0.852478429002276,172,"all","DT#172","DT",172
562,537,27,13,0.9773913043478261,0.9763636363636363,0.9773913043478261,0.9773913043478261,0.9656357388316151,0.9648814749780509,0.9297397161829974,172,"all","RF#172","RF",172
533,495,69,42,0.9269565217391305,0.9217877094972067,0.9269565217391305,0.9269565217391305,0.9056924384027187,0.9025460930640913,0.8049847062253298,172,"all","NB#172","NB",172
554,527,37,21,0.9634782608695652,0.9616788321167883,0.9634782608695652,0.9634782608695652,0.9502572898799313,0.9490781387181738,0.8981191319260237,172,"all","MLP#172","MLP",172
530,524,40,45,0.9290780141843972,0.9298245614035088,0.9290780141843972,0.9290780141843972,0.925764192139738,0.9253731343283582,0.8507450031218444,173,"all","DT#173","DT",173
548,545,19,27,0.9663120567375887,0.9664902998236331,0.9663120567375887,0.9663120567375887,0.9597197898423818,0.9596136962247586,0.9192308166637889,173,"all","RF#173","RF",173
533,490,74,42,0.9269565217391305,0.9210526315789473,0.9269565217391305,0.9269565217391305,0.9018612521150592,0.8981562774363476,0.7961829423307129,173,"all","NB#173","NB",173
539,529,35,36,0.9379432624113475,0.9390243902439024,0.9379432624113475,0.9379432624113475,0.938207136640557,0.9376646180860404,0.8753197216821793,173,"all","MLP#173","MLP",173
540,535,29,35,0.9485815602836879,0.9490333919156415,0.9485815602836879,0.9485815602836879,0.9440559440559441,0.9438103599648815,0.8876216727869196,174,"all","DT#174","DT",174
558,548,16,17,0.9716312056737588,0.9721254355400697,0.9716312056737588,0.9716312056737588,0.9712793733681462,0.971027216856892,0.9420500114860832,174,"all","RF#174","RF",174
506,530,34,69,0.9397163120567376,0.937037037037037,0.9397163120567376,0.9397163120567376,0.9114359415305245,0.9095697980684812,0.8192300284290084,174,"all","NB#174","NB",174
547,543,21,28,0.9627659574468085,0.9630281690140845,0.9627659574468085,0.9627659574468085,0.9571303587051618,0.9569798068481123,0.9139618022528931,174,"all","MLP#174","MLP",174
526,517,47,49,0.9166666666666666,0.9179755671902269,0.9166666666666666,0.9166666666666666,0.9163763066202091,0.9157155399473222,0.8314210742157991,175,"all","DT#175","DT",175
557,537,27,18,0.9686956521739131,0.9675675675675676,0.9686956521739131,0.9686956521739131,0.9611734253666955,0.9604916593503073,0.9209638844041876,175,"all","RF#175","RF",175
526,512,52,49,0.9147826086956522,0.9126559714795008,0.9147826086956522,0.9147826086956522,0.9124024284475281,0.9113257243195786,0.8226258813661503,175,"all","NB#175","NB",175
552,519,45,23,0.96,0.9575645756457565,0.96,0.96,0.9419795221843003,0.9402985074626866,0.880541305883478,175,"all","MLP#175","MLP",175
543,521,43,32,0.9443478260869566,0.9421338155515371,0.9443478260869566,0.9443478260869566,0.9354005167958656,0.9341527655838455,0.8682686717688622,176,"all","DT#176","DT",176
553,532,32,22,0.9617391304347827,0.9602888086642599,0.9617391304347827,0.9617391304347827,0.953448275862069,0.9525899912203687,0.9051550525065921,176,"all","RF#176","RF",176
530,502,62,45,0.9217391304347826,0.9177330895795247,0.9217391304347826,0.9217391304347826,0.9083119108826051,0.9060579455662863,0.8120441755486087,176,"all","NB#176","NB",176
535,537,27,40,0.9521276595744681,0.9519572953736655,0.9521276595744681,0.9521276595744681,0.9412795793163892,0.9411764705882353,0.882367902235554,176,"all","MLP#176","MLP",176
534,522,42,41,0.928695652173913,0.9271758436944938,0.928695652173913,0.928695652173913,0.9278887923544743,0.9271290605794557,0.8542420546756112,177,"all","DT#177","DT",177
557,543,21,18,0.9686956521739131,0.9679144385026738,0.9686956521739131,0.9686956521739131,0.966175195143105,0.9657594381035997,0.9315090036958402,177,"all","RF#177","RF",177
435,552,12,140,0.9787234042553191,0.9731543624161074,0.9787234042553191,0.9787234042553191,0.8789808917197452,0.8665496049165935,0.7336525088921982,177,"all","NB#177","NB",177
538,550,14,37,0.975177304964539,0.9746376811594203,0.975177304964539,0.975177304964539,0.9556907037358818,0.9552238805970149,0.9104743293165015,177,"all","MLP#177","MLP",177
533,525,39,42,0.9308510638297872,0.9318181818181818,0.9308510638297872,0.9308510638297872,0.9293809938971228,0.9288849868305531,0.8577639435551382,178,"all","DT#178","DT",178
558,537,27,17,0.9704347826086956,0.9693140794223827,0.9704347826086956,0.9704347826086956,0.9620689655172413,0.961369622475856,0.9227189316720381,178,"all","RF#178","RF",178
516,507,57,59,0.898936170212766,0.900523560209424,0.898936170212766,0.898936170212766,0.8989547038327526,0.8981562774363476,0.7963004646774238,178,"all","NB#178","NB",178
544,526,38,31,0.9460869565217391,0.9443447037701975,0.9460869565217391,0.9460869565217391,0.9403630077787382,0.9394205443371378,0.8788154005332116,178,"all","MLP#178","MLP",178
537,538,26,38,0.9539007092198581,0.9538188277087034,0.9539007092198581,0.9539007092198581,0.943859649122807,0.9438103599648815,0.8876331058125698,179,"all","DT#179","DT",179
553,549,15,22,0.973404255319149,0.9735915492957746,0.973404255319149,0.973404255319149,0.9676290463692039,0.9675153643546971,0.9350323812930009,179,"all","RF#179","RF",179
430,546,18,145,0.9680851063829787,0.9598214285714286,0.9680851063829787,0.9680851063829787,0.8701195219123506,0.8568920105355575,0.7143725278732056,179,"all","NB#179","NB",179
547,543,21,28,0.9627659574468085,0.9630281690140845,0.9627659574468085,0.9627659574468085,0.9571303587051618,0.9569798068481123,0.9139618022528931,179,"all","MLP#179","MLP",179
530,530,34,45,0.9397163120567376,0.9397163120567376,0.9397163120567376,0.9397163120567376,0.9306409130816505,0.9306409130816505,0.861294763079968,180,"all","DT#180","DT",180
558,543,21,17,0.9704347826086956,0.9696428571428571,0.9704347826086956,0.9704347826086956,0.9670710571923744,0.9666374012291484,0.9332640512153154,180,"all","RF#180","RF",180
487,532,32,88,0.9432624113475178,0.9383429672447013,0.9432624113475178,0.9432624113475178,0.8986486486486487,0.8946444249341527,0.7894691443217665,180,"all","NB#180","NB",180
545,531,33,30,0.9478260869565217,0.946524064171123,0.9478260869565217,0.9478260869565217,0.9453599306157849,0.9446883230904302,0.8893606982778957,180,"all","MLP#180","MLP",180
534,518,46,41,0.928695652173913,0.9266547406082289,0.928695652173913,0.928695652173913,0.9246753246753245,0.9236172080772608,0.847207209985429,181,"all","DT#181","DT",181
558,541,23,17,0.9704347826086956,0.9695340501792115,0.9704347826086956,0.9704347826086956,0.9653979238754326,0.9648814749780509,0.9297492498465769,181,"all","RF#181","RF",181
516,510,54,59,0.9042553191489362,0.9052631578947369,0.9042553191489362,0.9042553191489362,0.9013100436681224,0.9007901668129938,0.8015786512090403,181,"all","NB#181","NB",181
544,536,28,31,0.950354609929078,0.951048951048951,0.950354609929078,0.950354609929078,0.948561464690497,0.9482001755926251,0.8963959588858416,181,"all","MLP#181","MLP",181
525,517,47,50,0.9166666666666666,0.9178321678321678,0.9166666666666666,0.9166666666666666,0.9154315605928509,0.9148375768217735,0.8296679324055359,182,"all","DT#182","DT",182
553,539,25,22,0.9617391304347827,0.9607843137254902,0.9617391304347827,0.9617391304347827,0.9592367736339984,0.9587357330992098,0.9174595685565253,182,"all","RF#182","RF",182
517,511,53,58,0.9060283687943262,0.9070175438596492,0.9060283687943262,0.9060283687943262,0.903056768558952,0.9025460930640913,0.8050905334885262,182,"all","NB#182","NB",182
549,528,36,26,0.9547826086956521,0.9530685920577617,0.9547826086956521,0.9547826086956521,0.946551724137931,0.9455662862159789,0.8911039491742355,182,"all","MLP#182","MLP",182
532,529,35,43,0.9379432624113475,0.9382716049382716,0.9379432624113475,0.9379432624113475,0.9316987740805605,0.9315188762071993,0.8630435586907726,183,"all","DT#183","DT",183
549,543,21,26,0.9627659574468085,0.9631578947368421,0.9627659574468085,0.9627659574468085,0.9589519650655022,0.9587357330992098,0.9174707664320786,183,"all","RF#183","RF",183
525,489,75,50,0.9130434782608695,0.9072356215213359,0.9130434782608695,0.9130434782608695,0.8936170212765957,0.8902546093064091,0.7803956349053329,183,"all","NB#183","NB",183
535,536,28,40,0.950354609929078,0.9502664298401421,0.950354609929078,0.950354609929078,0.9403508771929825,0.9402985074626866,0.8806101749258555,183,"all","MLP#183","MLP",183
539,521,43,36,0.9373913043478261,0.9353680430879713,0.9373913043478261,0.9373913043478261,0.9317199654278306,0.9306409130816505,0.8612524151032422,184,"all","DT#184","DT",184
552,534,30,23,0.96,0.9587073608617595,0.96,0.96,0.9541918755401901,0.9534679543459175,0.9069161772211626,184,"all","RF#184","RF",184
524,511,53,51,0.9113043478260869,0.9092526690391459,0.9113043478260869,0.9113043478260869,0.9097222222222222,0.9086918349429324,0.8173604408413482,184,"all","NB#184","NB",184
553,529,35,22,0.9617391304347827,0.9600725952813067,0.9617391304347827,0.9617391304347827,0.9509888220120379,0.9499561018437226,0.8998807939462448,184,"all","MLP#184","MLP",184
534,515,49,41,0.928695652173913,0.9262589928057554,0.928695652173913,0.928695652173913,0.9222797927461139,0.9209833187006146,0.841930450014803,185,"all","DT#185","DT",185
550,534,30,25,0.9565217391304348,0.9552772808586762,0.9565217391304348,0.9565217391304348,0.9523809523809523,0.95171202809482,0.9034068568873401,185,"all","RF#185","RF",185
523,487,77,52,0.9095652173913044,0.9035250463821892,0.9095652173913044,0.9095652173913044,0.8902127659574468,0.8867427568042142,0.7733682952223037,185,"all","NB#185","NB",185
552,521,43,23,0.96,0.9577205882352942,0.96,0.96,0.9435897435897436,0.9420544337137841,0.8840587309910856,185,"all","MLP#185","MLP",185
540,529,35,35,0.9391304347826087,0.9391304347826087,0.9391304347826087,0.9391304347826087,0.9391304347826087,0.9385425812115891,0.8770736971939561,186,"all","DT#186","DT",186
551,547,17,24,0.9698581560283688,0.9700704225352113,0.9698581560283688,0.9698581560283688,0.9641294838145231,0.9640035118525022,0.9280088549462985,186,"all","RF#186","RF",186
513,528,36,62,0.9361702127659575,0.9344262295081968,0.9361702127659575,0.9361702127659575,0.9150779896013865,0.9139596136962248,0.8279790286737578,186,"all","NB#186","NB",186
552,539,25,23,0.96,0.9590747330960854,0.96,0.96,0.9583333333333334,0.9578577699736611,0.9157048188498531,186,"all","MLP#186","MLP",186
540,527,37,35,0.9391304347826087,0.9377224199288257,0.9391304347826087,0.9391304347826087,0.9375,0.9367866549604916,0.8735572282747796,187,"all","DT#187","DT",187
552,543,21,23,0.9627659574468085,0.9633507853403142,0.9627659574468085,0.9627659574468085,0.9616724738675958,0.961369622475856,0.9227346590155745,187,"all","RF#187","RF",187
499,525,39,76,0.9308510638297872,0.9275092936802974,0.9308510638297872,0.9308510638297872,0.9012875536480687,0.8990342405618964,0.7981762908566472,187,"all","NB#187","NB",187
546,537,27,29,0.9521276595744681,0.9528795811518325,0.9521276595744681,0.9521276595744681,0.951219512195122,0.9508340649692713,0.9016622932925493,187,"all","MLP#187","MLP",187
530,527,37,45,0.9343971631205674,0.9347442680776014,0.9343971631205674,0.9343971631205674,0.9281961471103327,0.9280070237050044,0.8560201514441457,188,"all","DT#188","DT",188
545,543,21,30,0.9627659574468085,0.9628975265017667,0.9627659574468085,0.9627659574468085,0.9553023663453111,0.9552238805970149,0.9104530760799693,188,"all","RF#188","RF",188
491,530,34,84,0.9397163120567376,0.9352380952380952,0.9397163120567376,0.9397163120567376,0.8998302207130731,0.8964003511852502,0.7929569436956019,188,"all","NB#188","NB",188
537,539,25,38,0.9556737588652482,0.9555160142348754,0.9556737588652482,0.9556737588652482,0.9447852760736196,0.9446883230904302,0.8893907140423865,188,"all","MLP#188","MLP",188
532,531,33,43,0.9414893617021277,0.9415929203539823,0.9414893617021277,0.9414893617021277,0.9333333333333333,0.9332748024582967,0.8665597878867289,189,"all","DT#189","DT",189
555,541,23,20,0.9652173913043478,0.964349376114082,0.9652173913043478,0.9652173913043478,0.9627059843885516,0.9622475856014048,0.9244842861261828,189,"all","RF#189","RF",189
550,415,149,25,0.9565217391304348,0.9431818181818182,0.9565217391304348,0.9565217391304348,0.8634222919937206,0.8472344161545216,0.6937963895704194,189,"all","NB#189","NB",189
545,527,37,30,0.9478260869565217,0.9461400359066428,0.9478260869565217,0.9478260869565217,0.9420916162489196,0.9411764705882353,0.8823279976192054,189,"all","MLP#189","MLP",189
537,523,41,38,0.9339130434782609,0.9322638146167558,0.9339130434782609,0.9339130434782609,0.9314830875975715,0.9306409130816505,0.861261827999266,190,"all","DT#190","DT",190
559,537,27,16,0.9721739130434782,0.9710669077757685,0.9721739130434782,0.9721739130434782,0.9629629629629629,0.9622475856014048,0.9244740384808144,190,"all","RF#190","RF",190
519,506,58,56,0.9026086956521739,0.900355871886121,0.9026086956521739,0.9026086956521739,0.9010416666666667,0.8999122036874452,0.7997989447684011,190,"all","NB#190","NB",190
549,538,26,26,0.9547826086956521,0.9547826086956521,0.9547826086956521,0.9547826086956521,0.9547826086956521,0.9543459174714662,0.9086833179155104,190,"all","MLP#190","MLP",190
546,516,48,29,0.9495652173913044,0.9467889908256881,0.9495652173913044,0.9495652173913044,0.9341317365269463,0.932396839332748,0.8647374809335724,191,"all","DT#191","DT",191
559,531,33,16,0.9721739130434782,0.9707495429616088,0.9721739130434782,0.9721739130434782,0.958011996572408,0.9569798068481123,0.9139267719802039,191,"all","RF#191","RF",191
520,498,66,55,0.9043478260869565,0.9005424954792043,0.9043478260869565,0.9043478260869565,0.8957795004306631,0.8937664618086041,0.7874734571204312,191,"all","NB#191","NB",191
541,531,33,34,0.9414893617021277,0.9425087108013938,0.9414893617021277,0.9414893617021277,0.9416884247171453,0.9411764705882353,0.8823439627141691,191,"all","MLP#191","MLP",191
539,534,30,36,0.9468085106382979,0.9472759226713533,0.9468085106382979,0.9468085106382979,0.9423076923076924,0.9420544337137841,0.8841098500615109,192,"all","DT#192","DT",192
553,537,27,22,0.9617391304347827,0.960644007155635,0.9617391304347827,0.9617391304347827,0.9575757575757575,0.9569798068481123,0.9139442906814484,192,"all","RF#192","RF",192
543,429,135,32,0.9443478260869566,0.93058568329718,0.9443478260869566,0.9443478260869566,0.8667198723064644,0.8533801580333626,0.7062197764519274,192,"all","NB#192","NB",192
537,538,26,38,0.9539007092198581,0.9538188277087034,0.9539007092198581,0.9539007092198581,0.943859649122807,0.9438103599648815,0.8876331058125698,192,"all","MLP#192","MLP",192
522,537,27,53,0.9521276595744681,0.9508196721311475,0.9521276595744681,0.9521276595744681,0.9306759098786829,0.9297629499561019,0.8595747172847001,193,"all","DT#193","DT",193
549,547,17,26,0.9698581560283688,0.9699646643109541,0.9698581560283688,0.9698581560283688,0.9623137598597722,0.9622475856014048,0.9244996523811506,193,"all","RF#193","RF",193
547,409,155,28,0.951304347826087,0.9359267734553776,0.951304347826087,0.951304347826087,0.8566953797963979,0.839332748024583,0.6779418513202196,193,"all","NB#193","NB",193
545,536,28,30,0.950354609929078,0.9511343804537522,0.950354609929078,0.950354609929078,0.9494773519163764,0.9490781387181738,0.8981502323387118,193,"all","MLP#193","MLP",193
536,518,46,39,0.9321739130434783,0.9299820466786356,0.9321739130434783,0.9321739130434783,0.9265341400172862,0.9253731343283582,0.8507146238452608,194,"all","DT#194","DT",194
556,534,30,19,0.9669565217391304,0.9656419529837251,0.9669565217391304,0.9669565217391304,0.9577950043066322,0.9569798068481123,0.9139355322223233,194,"all","RF#194","RF",194
523,516,48,52,0.9148936170212766,0.9159369527145359,0.9148936170212766,0.9148936170212766,0.9127399650959861,0.9122036874451273,0.8244029082208422,194,"all","NB#194","NB",194
548,530,34,27,0.9530434782608695,0.9515260323159784,0.9530434782608695,0.9530434782608695,0.9472774416594643,0.9464442493415277,0.8928657888771871,194,"all","MLP#194","MLP",194
521,529,35,54,0.9379432624113475,0.9370503597122302,0.9379432624113475,0.9379432624113475,0.9224062772449869,0.9218612818261633,0.8437583325755346,195,"all","DT#195","DT",195
551,542,22,24,0.9609929078014184,0.9616055846422339,0.9609929078014184,0.9609929078014184,0.9599303135888502,0.9596136962247586,0.919222598061737,195,"all","RF#195","RF",195
515,510,54,60,0.9042553191489362,0.9050966608084359,0.9042553191489362,0.9042553191489362,0.9003496503496503,0.8999122036874452,0.7998261046517007,195,"all","NB#195","NB",195
538,540,24,37,0.9574468085106383,0.9572953736654805,0.9574468085106383,0.9574468085106383,0.9465381244522348,0.9464442493415277,0.892902119945803,195,"all","MLP#195","MLP",195
526,521,43,49,0.9237588652482269,0.9244288224956063,0.9237588652482269,0.9237588652482269,0.9195804195804196,0.9192273924495171,0.8384561546311969,196,"all","DT#196","DT",196
552,537,27,23,0.96,0.9589285714285715,0.96,0.96,0.9566724436741767,0.9561018437225637,0.9121895410727833,196,"all","RF#196","RF",196
404,543,21,171,0.9627659574468085,0.9505882352941176,0.9627659574468085,0.9627659574468085,0.8497652582159623,0.8314310798946444,0.6636862745098038,196,"all","NB#196","NB",196
544,527,37,31,0.9460869565217391,0.9444444444444444,0.9460869565217391,0.9460869565217391,0.9411764705882352,0.9402985074626866,0.880573724739181,196,"all","MLP#196","MLP",196
540,526,38,35,0.9391304347826087,0.9376114081996435,0.9391304347826087,0.9391304347826087,0.9366869037294016,0.935908691834943,0.8717989043537523,197,"all","DT#197","DT",197
551,544,20,24,0.9645390070921985,0.9649737302977233,0.9645390070921985,0.9645390070921985,0.9616055846422339,0.961369622475856,0.9227372796171706,197,"all","RF#197","RF",197
493,528,36,82,0.9361702127659575,0.9319470699432892,0.9361702127659575,0.9361702127659575,0.899488926746167,0.8964003511852502,0.792942909170459,197,"all","NB#197","NB",197
538,545,19,37,0.9663120567375887,0.9658886894075404,0.9663120567375887,0.9663120567375887,0.9511343804537521,0.9508340649692713,0.9016889694481178,197,"all","MLP#197","MLP",197
544,511,53,31,0.9460869565217391,0.9428044280442804,0.9460869565217391,0.9460869565217391,0.9283276450511946,0.926251097453907,0.8524333778560611,198,"all","DT#198","DT",198
552,535,29,23,0.96,0.9587813620071685,0.96,0.96,0.9550173010380623,0.9543459174714662,0.9086740248005503,198,"all","RF#198","RF",198
531,504,60,44,0.9234782608695652,0.9197080291970803,0.9234782608695652,0.9234782608695652,0.9108061749571184,0.9086918349429324,0.8173170641432149,198,"all","NB#198","NB",198
538,529,35,37,0.9379432624113475,0.9389179755671903,0.9379432624113475,0.9379432624113475,0.9372822299651568,0.9367866549604916,0.8735658056618492,198,"all","MLP#198","MLP",198
540,531,33,35,0.9414893617021277,0.9424083769633508,0.9414893617021277,0.9414893617021277,0.940766550522648,0.9402985074626866,0.8805899275695244,199,"all","DT#199","DT",199
557,535,29,18,0.9686956521739131,0.9674502712477396,0.9686956521739131,0.9686956521739131,0.9595176571920758,0.9587357330992098,0.9174483676418203,199,"all","RF#199","RF",199
506,509,55,69,0.9024822695035462,0.9019607843137255,0.9024822695035462,0.9024822695035462,0.8914185639229422,0.8911325724319579,0.7822965253393428,199,"all","NB#199","NB",199
548,531,33,27,0.9530434782608695,0.9516129032258065,0.9530434782608695,0.9530434782608695,0.9480968858131488,0.9473222124670764,0.8946238747698655,199,"all","MLP#199","MLP",199
523,520,44,52,0.9219858156028369,0.9223985890652557,0.9219858156028369,0.9219858156028369,0.9159369527145358,0.9157155399473222,0.8314382260809511,200,"all","DT#200","DT",200
554,539,25,21,0.9634782608695652,0.9625,0.9634782608695652,0.9634782608695652,0.9601386481802425,0.9596136962247586,0.9192143777869606,200,"all","RF#200","RF",200
499,523,41,76,0.9273049645390071,0.924074074074074,0.9273049645390071,0.9273049645390071,0.8993981083404987,0.897278314310799,0.794659352681495,200,"all","NB#200","NB",200
541,536,28,34,0.950354609929078,0.9507908611599297,0.950354609929078,0.950354609929078,0.9458041958041958,0.9455662862159789,0.8911334955123283,200,"all","MLP#200","MLP",200
532,520,44,43,0.9252173913043479,0.9236234458259325,0.9252173913043479,0.9252173913043479,0.9244135534317984,0.9236172080772608,0.8472175753828697,201,"all","DT#201","DT",201
543,537,27,32,0.9521276595744681,0.9526315789473684,0.9521276595744681,0.9521276595744681,0.948471615720524,0.9482001755926251,0.8963994727551627,201,"all","RF#201","RF",201
519,488,76,56,0.9026086956521739,0.8970588235294118,0.9026086956521739,0.9026086956521739,0.8871794871794872,0.884108867427568,0.7681174619821709,201,"all","NB#201","NB",201
530,532,32,45,0.9432624113475178,0.9430604982206405,0.9432624113475178,0.9432624113475178,0.9325153374233129,0.932396839332748,0.8648108727184723,201,"all","MLP#201","MLP",201
535,528,36,40,0.9361702127659575,0.9369527145359019,0.9361702127659575,0.9361702127659575,0.9336823734729495,0.9332748024582967,0.8665462102478401,202,"all","DT#202","DT",202
544,545,19,31,0.9663120567375887,0.9662522202486679,0.9663120567375887,0.9663120567375887,0.9561403508771931,0.9561018437225637,0.9122133639160702,202,"all","RF#202","RF",202
494,527,37,81,0.9343971631205674,0.9303201506591338,0.9343971631205674,0.9343971631205674,0.8993174061433448,0.8964003511852502,0.79293589119436,202,"all","NB#202","NB",202
543,535,29,32,0.9485815602836879,0.9493006993006993,0.9485815602836879,0.9485815602836879,0.946817785527463,0.9464442493415277,0.8928839574921412,202,"all","MLP#202","MLP",202
542,518,46,33,0.9426086956521739,0.9401088929219601,0.9426086956521739,0.9426086956521739,0.9320722269991402,0.9306409130816505,0.8612382933640935,203,"all","DT#203","DT",203
554,533,31,21,0.9634782608695652,0.9620938628158845,0.9634782608695652,0.9634782608695652,0.9551724137931035,0.9543459174714662,0.9086678283396815,203,"all","RF#203","RF",203
523,507,57,52,0.9095652173913044,0.9069767441860465,0.9095652173913044,0.9095652173913044,0.9056277056277057,0.9043020193151887,0.8085699527403648,203,"all","NB#203","NB",203
544,532,32,31,0.9460869565217391,0.9449378330373002,0.9460869565217391,0.9460869565217391,0.945264986967854,0.9446883230904302,0.8893644511393193,203,"all","MLP#203","MLP",203
539,523,41,36,0.9373913043478261,0.9355992844364938,0.9373913043478261,0.9373913043478261,0.9333333333333333,0.932396839332748,0.8647695996422761,204,"all","DT#204","DT",204
552,538,26,23,0.96,0.9590017825311943,0.96,0.96,0.9575021682567215,0.9569798068481123,0.9139472097716966,204,"all","RF#204","RF",204
503,520,44,72,0.9219858156028369,0.9195612431444241,0.9219858156028369,0.9219858156028369,0.8996539792387545,0.8981562774363476,0.7963902433010533,204,"all","NB#204","NB",204
550,527,37,25,0.9565217391304348,0.9547101449275363,0.9565217391304348,0.9565217391304348,0.9466437177280551,0.9455662862159789,0.8911002547542825,204,"all","MLP#204","MLP",204
531,525,39,44,0.9308510638297872,0.9315789473684211,0.9308510638297872,0.9308510638297872,0.9275109170305675,0.9271290605794557,0.8542568854013304,205,"all","DT#205","DT",205
552,539,25,23,0.96,0.9590747330960854,0.96,0.96,0.9583333333333334,0.9578577699736611,0.9157048188498531,205,"all","RF#205","RF",205
460,534,30,115,0.9468085106382979,0.9387755102040817,0.9468085106382979,0.9468085106382979,0.8804616652926627,0.8726953467954346,0.7457334862632499,205,"all","NB#205","NB",205
535,536,28,40,0.950354609929078,0.9502664298401421,0.950354609929078,0.950354609929078,0.9403508771929825,0.9402985074626866,0.8806101749258555,205,"all","MLP#205","MLP",205
528,532,32,47,0.9432624113475178,0.9428571428571428,0.9432624113475178,0.9432624113475178,0.9308836395450569,0.9306409130816505,0.8613041702311314,206,"all","DT#206","DT",206
548,549,15,27,0.973404255319149,0.9733570159857904,0.973404255319149,0.973404255319149,0.9631578947368422,0.9631255487269534,0.9262592256894988,206,"all","RF#206","RF",206
518,503,61,57,0.9008695652173913,0.8982142857142857,0.9008695652173913,0.9008695652173913,0.8977469670710572,0.8964003511852502,0.7927673169317684,206,"all","NB#206","NB",206
550,538,26,25,0.9565217391304348,0.955595026642984,0.9565217391304348,0.9565217391304348,0.9556907037358819,0.9552238805970149,0.9104378890175442,206,"all","MLP#206","MLP",206
544,515,49,31,0.9460869565217391,0.9432234432234432,0.9460869565217391,0.9460869565217391,0.9315068493150686,0.9297629499561019,0.8594698967615769,207,"all","DT#207","DT",207
556,540,24,19,0.9669565217391304,0.9660107334525939,0.9669565217391304,0.9669565217391304,0.9627705627705627,0.9622475856014048,0.9244817244755569,207,"all","RF#207","RF",207
515,514,50,60,0.9113475177304965,0.911504424778761,0.9113475177304965,0.9113475177304965,0.9035087719298245,0.9034240561896401,0.8068628508886867,207,"all","NB#207","NB",207
541,542,22,34,0.9609929078014184,0.9609236234458259,0.9609929078014184,0.9609929078014184,0.9508771929824562,0.9508340649692713,0.9016789675859984,207,"all","MLP#207","MLP",207
525,525,39,50,0.9308510638297872,0.9308510638297872,0.9308510638297872,0.9308510638297872,0.9218612818261632,0.9218612818261633,0.8437371381533818,208,"all","DT#208","DT",208
544,544,20,31,0.9645390070921985,0.9645390070921985,0.9645390070921985,0.9645390070921985,0.9552238805970149,0.9552238805970149,0.9104561128744096,208,"all","RF#208","RF",208
538,428,136,37,0.9356521739130435,0.9204301075268817,0.9356521739130435,0.9356521739130435,0.8614891913530824,0.8481123792800702,0.6956854787022922,208,"all","NB#208","NB",208
539,537,27,36,0.9521276595744681,0.9522968197879859,0.9521276595744681,0.9521276595744681,0.9447852760736196,0.9446883230904302,0.8893832116281972,208,"all","MLP#208","MLP",208
538,539,25,37,0.9556737588652482,0.955595026642984,0.9556737588652482,0.9556737588652482,0.9456140350877192,0.9455662862159789,0.8911445712559269,209,"all","DT#209","DT",209
554,543,21,21,0.9634782608695652,0.9634782608695652,0.9634782608695652,0.9634782608695652,0.9634782608695652,0.9631255487269534,0.9262442183163737,209,"all","RF#209","RF",209
502,526,38,73,0.9326241134751773,0.9296296296296296,0.9326241134751773,0.9326241134751773,0.9045571797076525,0.9025460930640913,0.8051896422875721,209,"all","NB#209","NB",209
533,533,31,42,0.9450354609929078,0.9450354609929078,0.9450354609929078,0.9450354609929078,0.9359086918349429,0.935908691834943,0.8718293380359199,209,"all","MLP#209","MLP",209
532,525,39,43,0.9308510638297872,0.9316987740805605,0.9308510638297872,0.9308510638297872,0.9284467713787086,0.9280070237050044,0.8560103847410907,210,"all","DT#210","DT",210
554,536,28,21,0.9634782608695652,0.9622980251346499,0.9634782608695652,0.9634782608695652,0.9576490924805532,0.9569798068481123,0.9139413713931502,210,"all","RF#210","RF",210
507,510,54,68,0.9042553191489362,0.9037433155080213,0.9042553191489362,0.9042553191489362,0.893169877408056,0.8928884986830553,0.7858078717048372,210,"all","NB#210","NB",210
540,529,35,35,0.9391304347826087,0.9391304347826087,0.9391304347826087,0.9391304347826087,0.9391304347826087,0.9385425812115891,0.8770736971939561,210,"all","MLP#210","MLP",210
536,531,33,39,0.9414893617021277,0.9420035149384886,0.9414893617021277,0.9414893617021277,0.9370629370629371,0.9367866549604916,0.8735743818852845,211,"all","DT#211","DT",211
549,543,21,26,0.9627659574468085,0.9631578947368421,0.9627659574468085,0.9627659574468085,0.9589519650655022,0.9587357330992098,0.9174707664320786,211,"all","RF#211","RF",211
549,469,95,26,0.9547826086956521,0.9474747474747475,0.9547826086956521,0.9547826086956521,0.900738310090238,0.8937664618086041,0.7872641589525826,211,"all","NB#211","NB",211
533,530,34,42,0.9397163120567376,0.9400352733686067,0.9397163120567376,0.9397163120567376,0.9334500875656743,0.9332748024582967,0.8665552623140862,211,"all","MLP#211","MLP",211
542,527,37,33,0.9426086956521739,0.9410714285714286,0.9426086956521739,0.9426086956521739,0.9393414211438474,0.9385425812115891,0.8770653575018964,212,"all","DT#212","DT",212
546,541,23,29,0.9592198581560284,0.9595782073813708,0.9592198581560284,0.9592198581560284,0.9545454545454546,0.9543459174714662,0.9086926091393723,212,"all","RF#212","RF",212
354,553,11,221,0.9804964539007093,0.9698630136986301,0.9804964539007093,0.9804964539007093,0.8266068759342303,0.7963125548726954,0.5940329692276966,212,"all","NB#212","NB",212
530,547,17,45,0.9698581560283688,0.9689213893967094,0.9698581560283688,0.9698581560283688,0.9463667820069205,0.9455662862159789,0.8911740955574596,212,"all","MLP#212","MLP",212
520,530,34,55,0.9397163120567376,0.9386281588447654,0.9397163120567376,0.9397163120567376,0.9225413402959095,0.9218612818261633,0.84376363028277,213,"all","DT#213","DT",213
550,550,14,25,0.975177304964539,0.975177304964539,0.975177304964539,0.975177304964539,0.9657594381035997,0.9657594381035997,0.9315252627863133,213,"all","RF#213","RF",213
501,527,37,74,0.9343971631205674,0.9312267657992565,0.9343971631205674,0.9343971631205674,0.9047210300429185,0.9025460930640913,0.8051962459572855,213,"all","NB#213","NB",213
542,536,28,33,0.950354609929078,0.9508771929824561,0.950354609929078,0.950354609929078,0.9467248908296942,0.9464442493415277,0.8928875904756767,213,"all","MLP#213","MLP",213
531,516,48,44,0.9234782608695652,0.9214285714285714,0.9234782608695652,0.9234782608695652,0.9202772963604854,0.9192273924495171,0.8384287555739212,214,"all","DT#214","DT",214
552,533,31,23,0.96,0.9586330935251799,0.96,0.96,0.9533678756476682,0.9525899912203687,0.9051582700088817,214,"all","RF#214","RF",214
532,478,86,43,0.9252173913043479,0.9174664107485605,0.9252173913043479,0.9252173913043479,0.8918692372170998,0.8867427568042142,0.7732990602150505,214,"all","NB#214","NB",214
540,533,31,35,0.9450354609929078,0.9457092819614711,0.9450354609929078,0.9450354609929078,0.9424083769633508,0.9420544337137841,0.884105919425756,214,"all","MLP#214","MLP",214
544,526,38,31,0.9460869565217391,0.9443447037701975,0.9460869565217391,0.9460869565217391,0.9403630077787382,0.9394205443371378,0.8788154005332116,215,"all","DT#215","DT",215
560,543,21,15,0.9739130434782609,0.9731182795698925,0.9739130434782609,0.9739130434782609,0.9688581314878892,0.9683933274802459,0.9367743248619194,215,"all","RF#215","RF",215
538,493,71,37,0.9356521739130435,0.930188679245283,0.9356521739130435,0.9356521739130435,0.9087837837837838,0.9051799824407375,0.8102328508884248,215,"all","NB#215","NB",215
555,532,32,20,0.9652173913043478,0.9637681159420289,0.9652173913043478,0.9652173913043478,0.9552495697074009,0.9543459174714662,0.9086647297939143,215,"all","MLP#215","MLP",215
546,518,46,29,0.9495652173913044,0.946983546617916,0.9495652173913044,0.9495652173913044,0.9357326478149101,0.9341527655838455,0.8682552632350061,216,"all","DT#216","DT",216
559,535,29,16,0.9721739130434782,0.9709618874773139,0.9721739130434782,0.9721739130434782,0.9613069647463456,0.9604916593503073,0.920958521536509,216,"all","RF#216","RF",216
498,525,39,77,0.9308510638297872,0.9273743016759777,0.9308510638297872,0.9308510638297872,0.9005145797598628,0.8981562774363476,0.7964247524721964,216,"all","NB#216","NB",216
549,537,27,26,0.9547826086956521,0.9538188277087034,0.9547826086956521,0.9547826086956521,0.9539530842745438,0.9534679543459175,0.9069256493711734,216,"all","MLP#216","MLP",216
538,518,46,37,0.9356521739130435,0.9333333333333333,0.9356521739130435,0.9356521739130435,0.9283865401207938,0.9271290605794557,0.8542222756788347,217,"all","DT#217","DT",217
556,543,21,19,0.9669565217391304,0.9661921708185054,0.9669565217391304,0.9669565217391304,0.9652777777777777,0.9648814749780509,0.9297540157082108,217,"all","RF#217","RF",217
436,545,19,139,0.9663120567375887,0.9582417582417583,0.9663120567375887,0.9663120567375887,0.8733974358974359,0.8612818261633012,0.7231013047759726,217,"all","NB#217","NB",217
548,539,25,27,0.9556737588652482,0.956369982547993,0.9556737588652482,0.9556737588652482,0.9547038327526133,0.9543459174714662,0.9086864152002245,217,"all","MLP#217","MLP",217
540,519,45,35,0.9391304347826087,0.9368231046931408,0.9391304347826087,0.9391304347826087,0.9310344827586208,0.9297629499561019,0.859488966676433,218,"all","DT#218","DT",218
554,526,38,21,0.9634782608695652,0.9616087751371115,0.9634782608695652,0.9634782608695652,0.9494430162810625,0.9482001755926251,0.8963608070782049,218,"all","RF#218","RF",218
539,471,93,36,0.9373913043478261,0.9289940828402367,0.9373913043478261,0.9373913043478261,0.8931234465617233,0.8867427568042142,0.7732451815121926,218,"all","NB#218","NB",218
543,523,41,32,0.9443478260869566,0.9423423423423424,0.9443478260869566,0.9443478260869566,0.9370146678170838,0.935908691834943,0.8717858569223487,218,"all","MLP#218","MLP",218
538,529,35,37,0.9379432624113475,0.9389179755671903,0.9379432624113475,0.9379432624113475,0.9372822299651568,0.9367866549604916,0.8735658056618492,219,"all","DT#219","DT",219
545,535,29,30,0.9485815602836879,0.9494773519163763,0.9485815602836879,0.9485815602836879,0.9486510008703221,0.9482001755926251,0.8963924447781491,219,"all","RF#219","RF",219
513,514,50,62,0.9113475177304965,0.911190053285968,0.9113475177304965,0.9113475177304965,0.9017543859649124,0.9016681299385426,0.8033579351719972,219,"all","NB#219","NB",219
551,535,29,24,0.9582608695652174,0.9570661896243292,0.9582608695652174,0.9582608695652174,0.9541125541125541,0.9534679543459175,0.9069193348187096,219,"all","MLP#219","MLP",219
538,534,30,37,0.9468085106382979,0.9471830985915493,0.9468085106382979,0.9468085106382979,0.9413823272090989,0.9411764705882353,0.8823559336927315,220,"all","DT#220","DT",220
552,543,21,23,0.9627659574468085,0.9633507853403142,0.9627659574468085,0.9627659574468085,0.9616724738675958,0.961369622475856,0.9227346590155745,220,"all","RF#220","RF",220
515,508,56,60,0.900709219858156,0.9019264448336253,0.900709219858156,0.900709219858156,0.8987783595113439,0.8981562774363476,0.7963073735361769,220,"all","NB#220","NB",220
539,536,28,36,0.950354609929078,0.9506172839506173,0.950354609929078,0.950354609929078,0.9439579684763573,0.9438103599648815,0.8876254840539674,220,"all","MLP#220","MLP",220
539,520,44,36,0.9373913043478261,0.935251798561151,0.9373913043478261,0.9373913043478261,0.9309153713298791,0.9297629499561019,0.8594937333464917,221,"all","DT#221","DT",221
551,540,24,24,0.9582608695652174,0.9582608695652174,0.9582608695652174,0.9582608695652174,0.9582608695652175,0.9578577699736611,0.9157076780758557,221,"all","RF#221","RF",221
529,485,79,46,0.92,0.9133709981167608,0.92,0.92,0.8943364327979713,0.8902546093064091,0.7803658229937507,221,"all","NB#221","NB",221
540,539,25,35,0.9556737588652482,0.9557522123893806,0.9556737588652482,0.9556737588652482,0.9473684210526316,0.9473222124670764,0.8946524641211018,221,"all","MLP#221","MLP",221
535,524,40,40,0.9304347826086956,0.9304347826086956,0.9304347826086956,0.9304347826086956,0.9304347826086956,0.9297629499561019,0.8595127967930929,222,"all","DT#222","DT",222
554,546,18,21,0.9680851063829787,0.9685314685314685,0.9680851063829787,0.9680851063829787,0.965998256320837,0.9657594381035997,0.9315159728228444,222,"all","RF#222","RF",222
520,518,46,55,0.9184397163120568,0.9187279151943463,0.9184397163120568,0.9184397163120568,0.9114811568799299,0.9113257243195786,0.8226619741975862,222,"all","NB#222","NB",222
541,542,22,34,0.9609929078014184,0.9609236234458259,0.9609929078014184,0.9609929078014184,0.9508771929824562,0.9508340649692713,0.9016789675859984,222,"all","MLP#222","MLP",222
529,526,38,46,0.9326241134751773,0.9329805996472663,0.9326241134751773,0.9326241134751773,0.9264448336252189,0.926251097453907,0.8525084478208322,223,"all","DT#223","DT",223
550,535,29,25,0.9565217391304348,0.9553571428571429,0.9565217391304348,0.9565217391304348,0.953206239168111,0.9525899912203687,0.9051647043586057,223,"all","RF#223","RF",223
526,489,75,49,0.9147826086956522,0.9089219330855018,0.9147826086956522,0.9147826086956522,0.8945578231292517,0.8911325724319579,0.782148773588107,223,"all","NB#223","NB",223
543,537,27,32,0.9521276595744681,0.9526315789473684,0.9521276595744681,0.9521276595744681,0.948471615720524,0.9482001755926251,0.8963994727551627,223,"all","MLP#223","MLP",223
537,513,51,38,0.9339130434782609,0.9310344827586207,0.9339130434782609,0.9339130434782609,0.9234737747205503,0.9218612818261633,0.8436735203722068,224,"all","DT#224","DT",224
557,534,30,18,0.9686956521739131,0.967391304347826,0.9686956521739131,0.9686956521739131,0.9586919104991394,0.9578577699736611,0.915690519809767,224,"all","RF#224","RF",224
528,490,74,47,0.9182608695652174,0.9124767225325885,0.9182608695652174,0.9182608695652174,0.8971962616822431,0.8937664618086041,0.7874157608402245,224,"all","NB#224","NB",224
544,525,39,31,0.9460869565217391,0.9442446043165468,0.9460869565217391,0.9460869565217391,0.9395509499136442,0.9385425812115891,0.8770570166781801,224,"all","MLP#224","MLP",224
548,524,40,27,0.9530434782608695,0.9509981851179673,0.9530434782608695,0.9530434782608695,0.942390369733448,0.9411764705882353,0.8823160209543578,225,"all","DT#225","DT",225
558,546,18,17,0.9704347826086956,0.9698046181172292,0.9704347826086956,0.9704347826086956,0.9695916594265855,0.9692712906057945,0.9385358061885107,225,"all","RF#225","RF",225
493,542,22,82,0.9609929078014184,0.9572815533980582,0.9609929078014184,0.9609929078014184,0.9124579124579124,0.9086918349429324,0.8175522902997258,225,"all","NB#225","NB",225
550,540,24,25,0.9574468085106383,0.9581881533101045,0.9574468085106383,0.9574468085106383,0.9573542210617928,0.9569798068481123,0.9139530473581237,225,"all","MLP#225","MLP",225
540,527,37,35,0.9391304347826087,0.9377224199288257,0.9391304347826087,0.9391304347826087,0.9375,0.9367866549604916,0.8735572282747796,226,"all","DT#226","DT",226
560,540,24,15,0.9739130434782609,0.972972972972973,0.9739130434782609,0.9739130434782609,0.9663503019844694,0.9657594381035997,0.9315020331502959,226,"all","RF#226","RF",226
390,549,15,185,0.973404255319149,0.9629629629629629,0.973404255319149,0.973404255319149,0.8459167950693376,0.8244073748902546,0.649791689086353,226,"all","NB#226","NB",226
539,538,26,36,0.9539007092198581,0.9539823008849557,0.9539007092198581,0.9539007092198581,0.9456140350877194,0.9455662862159789,0.8911408795918052,226,"all","MLP#226","MLP",226
542,514,50,33,0.9426086956521739,0.9396709323583181,0.9426086956521739,0.9426086956521739,0.9288774635818338,0.9271290605794557,0.8542024913134068,227,"all","DT#227","DT",227
558,533,31,17,0.9704347826086956,0.9690909090909091,0.9704347826086956,0.9704347826086956,0.9587628865979382,0.9578577699736611,0.9156876594195971,227,"all","RF#227","RF",227
513,512,52,62,0.9078014184397163,0.9079646017699115,0.9078014184397163,0.9078014184397163,0.9,0.8999122036874452,0.7998396818300936,227,"all","NB#227","NB",227
547,533,31,28,0.951304347826087,0.9500891265597148,0.951304347826087,0.951304347826087,0.9488291413703382,0.9482001755926251,0.8963854158475533,227,"all","MLP#227","MLP",227
531,539,25,44,0.9556737588652482,0.9550359712230215,0.9556737588652482,0.9556737588652482,0.939843068875327,0.9394205443371378,0.8788688196372121,228,"all","DT#228","DT",228
552,546,18,23,0.9680851063829787,0.968421052631579,0.9680851063829787,0.9680851063829787,0.9641921397379913,0.9640035118525022,0.9280064132705368,228,"all","RF#228","RF",228
545,428,136,30,0.9478260869565217,0.9344978165938864,0.9478260869565217,0.9478260869565217,0.8678343949044585,0.8542581211589113,0.7079640550233691,228,"all","NB#228","NB",228
541,539,25,34,0.9556737588652482,0.9558303886925795,0.9556737588652482,0.9556737588652482,0.9482909728308501,0.9482001755926251,0.8964064997787881,228,"all","MLP#228","MLP",228
537,520,44,38,0.9339130434782609,0.931899641577061,0.9339130434782609,0.9339130434782609,0.9290657439446367,0.9280070237050044,0.8559859621854831,229,"all","DT#229","DT",229
561,538,26,14,0.9756521739130435,0.9746376811594203,0.9756521739130435,0.9756521739130435,0.9655765920826161,0.9648814749780509,0.9297420998414724,229,"all","RF#229","RF",229
533,484,80,42,0.9269565217391305,0.9201520912547528,0.9269565217391305,0.9269565217391305,0.8973063973063973,0.8928884986830553,0.7856188539638559,229,"all","NB#229","NB",229
553,535,29,22,0.9617391304347827,0.9605026929982047,0.9617391304347827,0.9617391304347827,0.9559204840103717,0.9552238805970149,0.9104287743071564,229,"all","MLP#229","MLP",229
535,530,34,40,0.9397163120567376,0.9402460456942003,0.9397163120567376,0.9397163120567376,0.9353146853146853,0.9350307287093942,0.8700625591598757,230,"all","DT#230","DT",230
550,540,24,25,0.9574468085106383,0.9581881533101045,0.9574468085106383,0.9574468085106383,0.9573542210617928,0.9569798068481123,0.9139530473581237,230,"all","RF#230","RF",230
527,522,42,48,0.925531914893617,0.9261862917398945,0.925531914893617,0.925531914893617,0.9213286713286712,0.9209833187006146,0.8419679773566057,230,"all","NB#230","NB",230
546,536,28,29,0.950354609929078,0.9512195121951219,0.950354609929078,0.950354609929078,0.9503916449086163,0.9499561018437226,0.899904565294144,230,"all","MLP#230","MLP",230
537,519,45,38,0.9339130434782609,0.9317773788150808,0.9339130434782609,0.9339130434782609,0.9282627484874677,0.9271290605794557,0.8542272209312546,231,"all","DT#231","DT",231
558,538,26,17,0.9704347826086956,0.9693693693693693,0.9704347826086956,0.9704347826086956,0.9628990509059535,0.9622475856014048,0.9244766006528904,231,"all","RF#231","RF",231
519,511,53,56,0.9060283687943262,0.9073426573426573,0.9060283687943262,0.9060283687943262,0.9049694856146469,0.9043020193151887,0.8085959240433341,231,"all","NB#231","NB",231
544,537,27,31,0.9521276595744681,0.9527145359019265,0.9521276595744681,0.9521276595744681,0.9493891797556718,0.9490781387181738,0.8981536867680885,231,"all","MLP#231","MLP",231
532,540,24,43,0.9574468085106383,0.9568345323741008,0.9574468085106383,0.9574468085106383,0.941586748038361,0.9411764705882353,0.8823798683433798,232,"all","DT#232","DT",232
554,546,18,21,0.9680851063829787,0.9685314685314685,0.9680851063829787,0.9680851063829787,0.965998256320837,0.9657594381035997,0.9315159728228444,232,"all","RF#232","RF",232
525,495,69,50,0.9130434782608695,0.908256880733945,0.9130434782608695,0.9130434782608695,0.8982035928143712,0.8955223880597015,0.7909579250791576,232,"all","NB#232","NB",232
534,548,16,41,0.9716312056737588,0.9709090909090909,0.9716312056737588,0.9716312056737588,0.950563746747615,0.9499561018437226,0.89994528992487,232,"all","MLP#232","MLP",232
542,530,34,33,0.9426086956521739,0.9413854351687388,0.9426086956521739,0.9426086956521739,0.9417897480451781,0.9411764705882353,0.8823399718465778,233,"all","DT#233","DT",233
557,542,22,18,0.9686956521739131,0.9678571428571429,0.9686956521739131,0.9686956521739131,0.9653379549393415,0.9648814749780509,0.9297516328582265,233,"all","RF#233","RF",233
515,511,53,60,0.9060283687943262,0.9066901408450704,0.9060283687943262,0.9060283687943262,0.9011373578302713,0.9007901668129938,0.8015853807056517,233,"all","NB#233","NB",233
550,527,37,25,0.9565217391304348,0.9547101449275363,0.9565217391304348,0.9565217391304348,0.9466437177280551,0.9455662862159789,0.8911002547542825,233,"all","MLP#233","MLP",233
543,525,39,32,0.9443478260869566,0.9425493716337523,0.9443478260869566,0.9443478260869566,0.9386343993085566,0.9376646180860404,0.8753028034472178,234,"all","DT#234","DT",234
555,537,27,20,0.9652173913043478,0.9640933572710951,0.9652173913043478,0.9652173913043478,0.9593777009507347,0.9587357330992098,0.9174539684791441,234,"all","RF#234","RF",234
520,513,51,55,0.9095744680851063,0.9106830122591943,0.9095744680851063,0.9095744680851063,0.9075043630017452,0.9069359086918349,0.8138670827140928,234,"all","NB#234","NB",234
551,529,35,24,0.9582608695652174,0.9566003616636528,0.9582608695652174,0.9582608695652174,0.9491817398794143,0.9482001755926251,0.8963713551248383,234,"all","MLP#234","MLP",234
546,527,37,29,0.9495652173913044,0.947841726618705,0.9495652173913044,0.9495652173913044,0.9430051813471504,0.9420544337137841,0.8840823300108557,235,"all","DT#235","DT",235
555,534,30,20,0.9652173913043478,0.9638989169675091,0.9652173913043478,0.9652173913043478,0.9568965517241379,0.9561018437225637,0.9121806041727707,235,"all","RF#235","RF",235
515,518,46,60,0.9184397163120568,0.9180035650623886,0.9184397163120568,0.9184397163120568,0.9071803852889667,0.9069359086918349,0.813898642628793,235,"all","NB#235","NB",235
542,528,36,33,0.9426086956521739,0.9411764705882353,0.9426086956521739,0.9426086956521739,0.940156114483955,0.9394205443371378,0.8788236219234096,235,"all","MLP#235","MLP",235
533,522,42,42,0.9269565217391305,0.9269565217391305,0.9269565217391305,0.9269565217391305,0.9269565217391305,0.926251097453907,0.8524884366327475,236,"all","DT#236","DT",236
553,542,22,22,0.9617391304347827,0.9617391304347827,0.9617391304347827,0.9617391304347827,0.9617391304347827,0.961369622475856,0.922732038236201,236,"all","RF#236","RF",236
515,507,57,60,0.898936170212766,0.9003496503496503,0.898936170212766,0.898936170212766,0.897994768962511,0.897278314310799,0.7945479184685331,236,"all","NB#236","NB",236
545,531,33,30,0.9478260869565217,0.946524064171123,0.9478260869565217,0.9478260869565217,0.9453599306157849,0.9446883230904302,0.8893606982778957,236,"all","MLP#236","MLP",236
528,520,44,47,0.9219858156028369,0.9230769230769231,0.9219858156028369,0.9219858156028369,0.9206625980819528,0.9201053555750659,0.840203936586637,237,"all","DT#237","DT",237
547,542,22,28,0.9609929078014184,0.961335676625659,0.9609929078014184,0.9609929078014184,0.9562937062937062,0.9561018437225637,0.9122044318647811,237,"all","RF#237","RF",237
522,520,44,53,0.9219858156028369,0.9222614840989399,0.9219858156028369,0.9219858156028369,0.9149868536371604,0.9148375768217735,0.8296852623481769,237,"all","NB#237","NB",237
547,533,31,28,0.951304347826087,0.9500891265597148,0.951304347826087,0.951304347826087,0.9488291413703382,0.9482001755926251,0.8963854158475533,237,"all","MLP#237","MLP",237
542,520,44,33,0.9426086956521739,0.9403254972875226,0.9426086956521739,0.9426086956521739,0.9336778639104222,0.932396839332748,0.864755836349365,238,"all","DT#238","DT",238
562,538,26,13,0.9773913043478261,0.9764065335753176,0.9773913043478261,0.9773913043478261,0.9664660361134996,0.9657594381035997,0.9314973853316412,238,"all","RF#238","RF",238
537,489,75,38,0.9339130434782609,0.9278937381404174,0.9339130434782609,0.9339130434782609,0.9048020219039595,0.9007901668129938,0.8014372262582286,238,"all","NB#238","NB",238
545,538,26,30,0.9539007092198581,0.9544658493870403,0.9539007092198581,0.9539007092198581,0.9511343804537522,0.9508340649692713,0.9016656286036716,238,"all","MLP#238","MLP",238
531,528,36,44,0.9361702127659575,0.9365079365079365,0.9361702127659575,0.9361702127659575,0.9299474605954466,0.9297629499561019,0.8595318550674592,239,"all","DT#239","DT",239
552,542,22,23,0.9609929078014184,0.9616724738675958,0.9609929078014184,0.9609929078014184,0.9608355091383811,0.9604916593503073,0.9209772883901137,239,"all","RF#239","RF",239
514,505,59,61,0.8953900709219859,0.8970331588132635,0.8953900709219859,0.8953900709219859,0.8954703832752613,0.8946444249341527,0.7892763427697488,239,"all","NB#239","NB",239
538,531,33,37,0.9414893617021277,0.9422066549912435,0.9414893617021277,0.9414893617021277,0.9389179755671904,0.9385425812115891,0.8770820357545894,239,"all","MLP#239","MLP",239
532,521,43,43,0.9252173913043479,0.9252173913043479,0.9252173913043479,0.9252173913043479,0.9252173913043479,0.9244951712028094,0.8489762565525747,240,"all","DT#240","DT",240
548,529,35,27,0.9530434782608695,0.9514388489208633,0.9530434782608695,0.9530434782608695,0.9464594127806563,0.9455662862159789,0.891107643343531,240,"all","RF#240","RF",240
504,514,50,71,0.9113475177304965,0.9097472924187726,0.9113475177304965,0.9113475177304965,0.8946910356832029,0.8937664618086041,0.7875887557776987,240,"all","NB#240","NB",240
541,523,41,34,0.9408695652173913,0.9389587073608617,0.9408695652173913,0.9408695652173913,0.9351771823681937,0.9341527655838455,0.8682776092752301,240,"all","MLP#240","MLP",240
531,525,39,44,0.9308510638297872,0.9315789473684211,0.9308510638297872,0.9308510638297872,0.9275109170305675,0.9271290605794557,0.8542568854013304,241,"all","DT#241","DT",241
550,533,31,25,0.9565217391304348,0.9551971326164874,0.9565217391304348,0.9565217391304348,0.9515570934256056,0.9508340649692713,0.9016489497852078,241,"all","RF#241","RF",241
408,548,16,167,0.9716312056737588,0.9622641509433962,0.9716312056737588,0.9716312056737588,0.8569194683346364,0.839332748024583,0.6794564028905317,241,"all","NB#241","NB",241
543,530,34,32,0.9443478260869566,0.9430604982206405,0.9443478260869566,0.9443478260869566,0.9427083333333333,0.9420544337137841,0.884094125918548,241,"all","MLP#241","MLP",241
549,527,37,26,0.9547826086956521,0.9529837251356239,0.9547826086956521,0.9547826086956521,0.945736434108527,0.9446883230904302,0.8893456842858442,242,"all","DT#242","DT",242
549,540,24,26,0.9574468085106383,0.9581151832460733,0.9574468085106383,0.9574468085106383,0.9564459930313588,0.9561018437225637,0.912198476154062,242,"all","RF#242","RF",242
496,531,33,79,0.9414893617021277,0.9376181474480151,0.9414893617021277,0.9414893617021277,0.9045996592844975,0.9016681299385426,0.8034712358228087,242,"all","NB#242","NB",242
547,526,38,28,0.951304347826087,0.9494584837545126,0.951304347826087,0.951304347826087,0.9431034482758621,0.9420544337137841,0.8840783975080573,242,"all","MLP#242","MLP",242
525,524,40,50,0.9290780141843972,0.9292035398230089,0.9290780141843972,0.9290780141843972,0.9210526315789473,0.9209833187006146,0.8419786961816527,243,"all","DT#243","DT",243
548,537,27,27,0.9530434782608695,0.9530434782608695,0.9530434782608695,0.9530434782608695,0.9530434782608695,0.9525899912203687,0.9051711378353375,243,"all","RF#243","RF",243
508,503,61,67,0.8918439716312057,0.8927943760984183,0.8918439716312057,0.8918439716312057,0.8881118881118881,0.887620719929763,0.7752433455738393,243,"all","NB#243","NB",243
538,538,26,37,0.9539007092198581,0.9539007092198581,0.9539007092198581,0.9539007092198581,0.9446883230904302,0.9446883230904302,0.8893869629625061,243,"all","MLP#243","MLP",243
542,527,37,33,0.9426086956521739,0.9410714285714286,0.9426086956521739,0.9426086956521739,0.9393414211438474,0.9385425812115891,0.8770653575018964,244,"all","DT#244","DT",244
554,541,23,21,0.9634782608695652,0.9626334519572953,0.9634782608695652,0.9634782608695652,0.9618055555555556,0.961369622475856,0.9227294172790319,244,"all","RF#244","RF",244
491,525,39,84,0.9308510638297872,0.9264150943396227,0.9308510638297872,0.9308510638297872,0.8951406649616369,0.8920105355575065,0.7841656460148361,244,"all","NB#244","NB",244
544,543,21,31,0.9627659574468085,0.9628318584070796,0.9627659574468085,0.9627659574468085,0.9543859649122808,0.9543459174714662,0.9086988022382883,244,"all","MLP#244","MLP",244
536,523,41,39,0.9321739130434783,0.9306049822064056,0.9321739130434783,0.9321739130434783,0.9305555555555555,0.9297629499561019,0.8595080314164218,245,"all","DT#245","DT",245
558,536,28,17,0.9704347826086956,0.969258589511754,0.9704347826086956,0.9704347826086956,0.9612403100775193,0.9604916593503073,0.9209612030613175,245,"all","RF#245","RF",245
509,523,41,66,0.9273049645390071,0.9254545454545454,0.9273049645390071,0.9273049645390071,0.9071986123156982,0.9060579455662863,0.8121780003852823,245,"all","NB#245","NB",245
546,536,28,29,0.950354609929078,0.9512195121951219,0.950354609929078,0.950354609929078,0.9503916449086163,0.9499561018437226,0.899904565294144,245,"all","MLP#245","MLP",245
539,528,36,36,0.9373913043478261,0.9373913043478261,0.9373913043478261,0.9373913043478261,0.9373913043478261,0.9367866549604916,0.8735615171137835,246,"all","DT#246","DT",246
554,536,28,21,0.9634782608695652,0.9622980251346499,0.9634782608695652,0.9634782608695652,0.9576490924805532,0.9569798068481123,0.9139413713931502,246,"all","RF#246","RF",246
505,524,40,70,0.9290780141843972,0.926605504587156,0.9290780141843972,0.9290780141843972,0.9050086355785838,0.9034240561896401,0.8069283281709891,246,"all","NB#246","NB",246
546,525,39,29,0.9495652173913044,0.9476534296028881,0.9495652173913044,0.9495652173913044,0.9413793103448276,0.9402985074626866,0.8805656216749681,246,"all","MLP#246","MLP",246
546,515,49,29,0.9495652173913044,0.9466911764705882,0.9495652173913044,0.9495652173913044,0.9333333333333333,0.9315188762071993,0.8629785002621919,247,"all","DT#247","DT",247
556,542,22,19,0.9669565217391304,0.966131907308378,0.9669565217391304,0.9669565217391304,0.9644405897658281,0.9640035118525022,0.9279966449110115,247,"all","RF#247","RF",247
415,552,12,160,0.9787234042553191,0.9718969555035128,0.9787234042553191,0.9787234042553191,0.8652037617554859,0.848990342405619,0.6987087606193519,247,"all","NB#247","NB",247
548,528,36,27,0.9530434782608695,0.9513513513513514,0.9530434782608695,0.9530434782608695,0.9456427955133735,0.9446883230904302,0.8893494381658624,247,"all","MLP#247","MLP",247
543,521,43,32,0.9443478260869566,0.9421338155515371,0.9443478260869566,0.9443478260869566,0.9354005167958656,0.9341527655838455,0.8682686717688622,248,"all","DT#248","DT",248
553,546,18,22,0.9680851063829787,0.968476357267951,0.9680851063829787,0.9680851063829787,0.9650959860383944,0.9648814749780509,0.9297611632883368,248,"all","RF#248","RF",248
405,546,18,170,0.9680851063829787,0.9574468085106383,0.9680851063829787,0.9680851063829787,0.853125,0.8349429323968394,0.6707039515771861,248,"all","NB#248","NB",248
553,522,42,22,0.9617391304347827,0.9595588235294118,0.9617391304347827,0.9617391304347827,0.9452991452991453,0.9438103599648815,0.8875721027792345,248,"all","MLP#248","MLP",248
524,530,34,51,0.9397163120567376,0.9390681003584229,0.9397163120567376,0.9397163120567376,0.9257641921397379,0.9253731343283582,0.8507753700366992,249,"all","DT#249","DT",249
544,544,20,31,0.9645390070921985,0.9645390070921985,0.9645390070921985,0.9645390070921985,0.9552238805970149,0.9552238805970149,0.9104561128744096,249,"all","RF#249","RF",249
389,547,17,186,0.9698581560283688,0.958128078817734,0.9698581560283688,0.9698581560283688,0.843484965304549,0.8217734855136084,0.6445325531663025,249,"all","NB#249","NB",249
548,548,16,27,0.9716312056737588,0.9716312056737588,0.9716312056737588,0.9716312056737588,0.9622475856014047,0.9622475856014048,0.9245022128156788,249,"all","MLP#249","MLP",249
542,521,43,33,0.9426086956521739,0.9404332129963899,0.9426086956521739,0.9426086956521739,0.9344827586206897,0.9332748024582967,0.8665145183426113,250,"all","DT#250","DT",250
558,542,22,17,0.9704347826086956,0.9695885509838998,0.9704347826086956,0.9704347826086956,0.9662337662337662,0.9657594381035997,0.9315066803382958,250,"all","RF#250","RF",250
526,498,66,49,0.9147826086956522,0.9104204753199269,0.9147826086956522,0.9147826086956522,0.9014567266495287,0.8990342405618964,0.7979914036270093,250,"all","NB#250","NB",250
555,531,33,20,0.9652173913043478,0.9637023593466425,0.9652173913043478,0.9652173913043478,0.9544282029234736,0.9534679543459175,0.9069067031429995,250,"all","MLP#250","MLP",250
539,528,36,36,0.9373913043478261,0.9373913043478261,0.9373913043478261,0.9373913043478261,0.9373913043478261,0.9367866549604916,0.8735615171137835,251,"all","DT#251","DT",251
555,546,18,20,0.9680851063829787,0.9685863874345549,0.9680851063829787,0.9680851063829787,0.9668989547038327,0.9666374012291484,0.9332708418770872,251,"all","RF#251","RF",251
518,514,50,57,0.9113475177304965,0.9119718309859155,0.9113475177304965,0.9113475177304965,0.9063867016622923,0.9060579455662863,0.8121206702257057,251,"all","NB#251","NB",251
553,536,28,22,0.9617391304347827,0.9605734767025089,0.9617391304347827,0.9617391304347827,0.9567474048442908,0.9561018437225637,0.9121865623082214,251,"all","MLP#251","MLP",251
540,523,41,35,0.9391304347826087,0.9372759856630825,0.9391304347826087,0.9391304347826087,0.9342560553633218,0.9332748024582967,0.8665235747084964,252,"all","DT#252","DT",252
554,538,26,21,0.9634782608695652,0.962432915921288,0.9634782608695652,0.9634782608695652,0.9593073593073593,0.9587357330992098,0.9174567686128178,252,"all","RF#252","RF",252
547,399,165,28,0.951304347826087,0.9344262295081968,0.951304347826087,0.951304347826087,0.8500388500388502,0.8305531167690957,0.660285306748798,252,"all","NB#252","NB",252
537,541,23,38,0.9592198581560284,0.9589285714285715,0.9592198581560284,0.9592198581560284,0.9466316710411198,0.9464442493415277,0.892905751697456,252,"all","MLP#252","MLP",252
532,525,39,43,0.9308510638297872,0.9316987740805605,0.9308510638297872,0.9308510638297872,0.9284467713787086,0.9280070237050044,0.8560103847410907,253,"all","DT#253","DT",253
547,542,22,28,0.9609929078014184,0.961335676625659,0.9609929078014184,0.9609929078014184,0.9562937062937062,0.9561018437225637,0.9122044318647811,253,"all","RF#253","RF",253
499,527,37,76,0.9343971631205674,0.9309701492537313,0.9343971631205674,0.9343971631205674,0.9031705227077977,0.9007901668129938,0.8016929906059668,253,"all","NB#253","NB",253
537,539,25,38,0.9556737588652482,0.9555160142348754,0.9556737588652482,0.9556737588652482,0.9447852760736196,0.9446883230904302,0.8893907140423865,253,"all","MLP#253","MLP",253
533,512,52,42,0.9269565217391305,0.924187725631769,0.9269565217391305,0.9269565217391305,0.9189655172413792,0.9174714661984197,0.8348995358448088,254,"all","DT#254","DT",254
546,537,27,29,0.9521276595744681,0.9528795811518325,0.9521276595744681,0.9521276595744681,0.951219512195122,0.9508340649692713,0.9016622932925493,254,"all","RF#254","RF",254
493,522,42,82,0.925531914893617,0.9214953271028037,0.925531914893617,0.925531914893617,0.8938356164383561,0.8911325724319579,0.7823924565512141,254,"all","NB#254","NB",254
524,524,40,51,0.9290780141843972,0.9290780141843972,0.9290780141843972,0.9290780141843972,0.9201053555750658,0.9201053555750659,0.8402256131680645,254,"all","MLP#254","MLP",254
531,518,46,44,0.9234782608695652,0.9217081850533808,0.9234782608695652,0.9234782608695652,0.9218750000000001,0.9209833187006146,0.8419465353434744,255,"all","DT#255","DT",255
551,537,27,24,0.9582608695652174,0.9572192513368984,0.9582608695652174,0.9582608695652174,0.9557675628794449,0.9552238805970149,0.9104348509868679,255,"all","RF#255","RF",255
501,517,47,74,0.9166666666666666,0.9142335766423357,0.9166666666666666,0.9166666666666666,0.8952380952380952,0.8937664618086041,0.7876103603499477,255,"all","NB#255","NB",255
535,525,39,40,0.9308510638297872,0.9320557491289199,0.9308510638297872,0.9308510638297872,0.9312445604873804,0.9306409130816505,0.8612712396181994,255,"all","MLP#255","MLP",255
539,522,42,36,0.9373913043478261,0.9354838709677419,0.9373913043478261,0.9373913043478261,0.9325259515570935,0.9315188762071993,0.8630110372008253,256,"all","DT#256","DT",256
552,540,24,23,0.96,0.9591474245115453,0.96,0.96,0.9591659426585578,0.9587357330992098,0.9174623683102858,256,"all","RF#256","RF",256
501,527,37,74,0.9343971631205674,0.9312267657992565,0.9343971631205674,0.9343971631205674,0.9047210300429185,0.9025460930640913,0.8051962459572855,256,"all","NB#256","NB",256
533,523,41,42,0.9273049645390071,0.9285714285714286,0.9273049645390071,0.9273049645390071,0.927763272410792,0.9271290605794557,0.8542469985862096,256,"all","MLP#256","MLP",256
535,511,53,40,0.9304347826086956,0.9274047186932849,0.9304347826086956,0.9304347826086956,0.9200343938091143,0.9183494293239683,0.8366476111754518,257,"all","DT#257","DT",257
551,536,28,24,0.9582608695652174,0.9571428571428572,0.9582608695652174,0.9582608695652174,0.9549393414211439,0.9543459174714662,0.9086771227156947,257,"all","RF#257","RF",257
501,519,45,74,0.9202127659574468,0.9175824175824175,0.9202127659574468,0.9202127659574468,0.8971477960242005,0.8955223880597015,0.7911280144363163,257,"all","NB#257","NB",257
538,533,31,37,0.9450354609929078,0.945518453427065,0.9450354609929078,0.9450354609929078,0.9405594405594405,0.9402985074626866,0.8805980273361022,257,"all","MLP#257","MLP",257
536,517,47,39,0.9321739130434783,0.9298561151079137,0.9321739130434783,0.9321739130434783,0.9257340241796201,0.9244951712028094,0.8489557633474785,258,"all","DT#258","DT",258
556,531,33,19,0.9669565217391304,0.9654545454545455,0.9669565217391304,0.9669565217391304,0.9553264604810996,0.9543459174714662,0.9086616310378969,258,"all","RF#258","RF",258
518,506,58,57,0.9008695652173913,0.8993055555555556,0.9008695652173913,0.9008695652173913,0.900086880973067,0.8990342405618964,0.7980462203336782,258,"all","NB#258","NB",258
554,531,33,21,0.9634782608695652,0.9619565217391305,0.9634782608695652,0.9634782608695652,0.9535283993115319,0.9525899912203687,0.9051518347859878,258,"all","MLP#258","MLP",258
538,526,38,37,0.9356521739130435,0.9342806394316163,0.9356521739130435,0.9356521739130435,0.9348392701998262,0.9341527655838455,0.8682910132610946,259,"all","DT#259","DT",259
552,531,33,23,0.96,0.9584837545126353,0.96,0.96,0.9517241379310344,0.9508340649692713,0.901642276673503,259,"all","RF#259","RF",259
505,511,53,70,0.9060283687943262,0.9050179211469535,0.9060283687943262,0.9060283687943262,0.8925764192139739,0.8920105355575065,0.784063182523694,259,"all","NB#259","NB",259
548,528,36,27,0.9530434782608695,0.9513513513513514,0.9530434782608695,0.9530434782608695,0.9456427955133735,0.9446883230904302,0.8893494381658624,259,"all","MLP#259","MLP",259
534,526,38,41,0.9326241134751773,0.9335664335664335,0.9326241134751773,0.9326241134751773,0.9311246730601569,0.9306409130816505,0.8612759449488385,260,"all","DT#260","DT",260
555,542,22,20,0.9652173913043478,0.9644128113879004,0.9652173913043478,0.9652173913043478,0.9635416666666666,0.9631255487269534,0.9262417164936214,260,"all","RF#260","RF",260
495,525,39,80,0.9308510638297872,0.9269662921348315,0.9308510638297872,0.9308510638297872,0.8982035928143711,0.8955223880597015,0.7911704935359472,260,"all","NB#260","NB",260
554,527,37,21,0.9634782608695652,0.9616788321167883,0.9634782608695652,0.9634782608695652,0.9502572898799313,0.9490781387181738,0.8981191319260237,260,"all","MLP#260","MLP",260
535,524,40,40,0.9304347826086956,0.9304347826086956,0.9304347826086956,0.9304347826086956,0.9304347826086956,0.9297629499561019,0.8595127967930929,261,"all","DT#261","DT",261
558,541,23,17,0.9704347826086956,0.9695340501792115,0.9704347826086956,0.9704347826086956,0.9653979238754326,0.9648814749780509,0.9297492498465769,261,"all","RF#261","RF",261
517,515,49,58,0.9131205673758865,0.9134275618374559,0.9131205673758865,0.9131205673758865,0.9062226117440841,0.9060579455662863,0.8121270419717004,261,"all","NB#261","NB",261
543,536,28,32,0.950354609929078,0.9509632224168126,0.950354609929078,0.950354609929078,0.9476439790575917,0.9473222124670764,0.8946417449325054,261,"all","MLP#261","MLP",261
532,531,33,43,0.9414893617021277,0.9415929203539823,0.9414893617021277,0.9414893617021277,0.9333333333333333,0.9332748024582967,0.8665597878867289,262,"all","DT#262","DT",262
554,543,21,21,0.9634782608695652,0.9634782608695652,0.9634782608695652,0.9634782608695652,0.9634782608695652,0.9631255487269534,0.9262442183163737,262,"all","RF#262","RF",262
521,504,60,54,0.9060869565217391,0.9032258064516129,0.9060869565217391,0.9060869565217391,0.9013840830449827,0.8999122036874452,0.7997853620627446,262,"all","NB#262","NB",262
532,540,24,43,0.9574468085106383,0.9568345323741008,0.9574468085106383,0.9574468085106383,0.941586748038361,0.9411764705882353,0.8823798683433798,262,"all","MLP#262","MLP",262
537,529,35,38,0.9379432624113475,0.9388111888111889,0.9379432624113475,0.9379432624113475,0.9363557105492589,0.935908691834943,0.8718119491299395,263,"all","DT#263","DT",263
558,542,22,17,0.9704347826086956,0.9695885509838998,0.9704347826086956,0.9704347826086956,0.9662337662337662,0.9657594381035997,0.9315066803382958,263,"all","RF#263","RF",263
504,516,48,71,0.9148936170212766,0.9130434782608695,0.9148936170212766,0.9148936170212766,0.8966116420503909,0.8955223880597015,0.7911067684051705,263,"all","NB#263","NB",263
551,533,31,24,0.9582608695652174,0.9569120287253142,0.9582608695652174,0.9582608695652174,0.9524632670700085,0.95171202809482,0.9034035801351687,263,"all","MLP#263","MLP",263
550,523,41,25,0.9565217391304348,0.9543795620437956,0.9565217391304348,0.9565217391304348,0.9433962264150944,0.9420544337137841,0.8840665983985788,264,"all","DT#264","DT",264
560,536,28,15,0.9739130434782609,0.9727767695099818,0.9739130434782609,0.9739130434782609,0.9630266552020637,0.9622475856014048,0.9244714761348864,264,"all","RF#264","RF",264
485,535,29,90,0.9485815602836879,0.943579766536965,0.9485815602836879,0.9485815602836879,0.8999158957106812,0.8955223880597015,0.7912412536521731,264,"all","NB#264","NB",264
547,526,38,28,0.951304347826087,0.9494584837545126,0.951304347826087,0.951304347826087,0.9431034482758621,0.9420544337137841,0.8840783975080573,264,"all","MLP#264","MLP",264
534,519,45,41,0.928695652173913,0.9267857142857143,0.928695652173913,0.928695652173913,0.9254766031195839,0.9244951712028094,0.8489660106451871,265,"all","DT#265","DT",265
549,535,29,26,0.9547826086956521,0.9536541889483066,0.9547826086956521,0.9547826086956521,0.9522983521248916,0.95171202809482,0.9034101334172105,265,"all","RF#265","RF",265
410,545,19,165,0.9663120567375887,0.9557109557109557,0.9663120567375887,0.9663120567375887,0.8555729984301411,0.8384547848990342,0.6776775360424234,265,"all","NB#265","NB",265
541,518,46,34,0.9408695652173913,0.9384057971014492,0.9408695652173913,0.9408695652173913,0.9311531841652323,0.9297629499561019,0.8594841996829451,265,"all","MLP#265","MLP",265
529,530,34,46,0.9397163120567376,0.9396092362344582,0.9397163120567376,0.9397163120567376,0.9298245614035087,0.9297629499561019,0.8595413822657122,266,"all","DT#266","DT",266
562,537,27,13,0.9773913043478261,0.9763636363636363,0.9773913043478261,0.9773913043478261,0.9656357388316151,0.9648814749780509,0.9297397161829974,266,"all","RF#266","RF",266
537,493,71,38,0.9339130434782609,0.928436911487759,0.9339130434782609,0.9339130434782609,0.907861369399831,0.9043020193151887,0.8084789976505505,266,"all","NB#266","NB",266
546,538,26,29,0.9539007092198581,0.9545454545454546,0.9539007092198581,0.9539007092198581,0.952048823016565,0.95171202809482,0.903419961673242,266,"all","MLP#266","MLP",266
531,532,32,44,0.9432624113475178,0.9431616341030196,0.9432624113475178,0.9432624113475178,0.9333333333333333,0.9332748024582967,0.8665643131524265,267,"all","DT#267","DT",267
554,544,20,21,0.9645390070921985,0.9651567944250871,0.9645390070921985,0.9645390070921985,0.9643167972149695,0.9640035118525022,0.9280015294221036,267,"all","RF#267","RF",267
512,523,41,63,0.9273049645390071,0.9258589511754068,0.9273049645390071,0.9273049645390071,0.9095652173913044,0.9086918349429324,0.8174347529907127,267,"all","NB#267","NB",267
533,540,24,42,0.9574468085106383,0.9569120287253142,0.9574468085106383,0.9574468085106383,0.9424083769633509,0.9420544337137841,0.884133428278139,267,"all","MLP#267","MLP",267
533,521,43,42,0.9269565217391305,0.9253996447602132,0.9269565217391305,0.9269565217391305,0.9261511728931364,0.9253731343283582,0.8507298150292404,268,"all","DT#268","DT",268
562,528,36,13,0.9773913043478261,0.9759704251386322,0.9773913043478261,0.9773913043478261,0.958226768968457,0.9569798068481123,0.9139180099545459,268,"all","RF#268","RF",268
413,541,23,162,0.9592198581560284,0.9472477064220184,0.9592198581560284,0.9592198581560284,0.8539857932123126,0.8375768217734855,0.6758874008081472,268,"all","NB#268","NB",268
556,521,43,19,0.9669565217391304,0.9648148148148148,0.9669565217391304,0.9669565217391304,0.9471890971039182,0.9455662862159789,0.8910780829693246,268,"all","MLP#268","MLP",268
528,533,31,47,0.9450354609929078,0.9445438282647585,0.9450354609929078,0.9450354609929078,0.9318181818181818,0.9315188762071993,0.8630621354674033,269,"all","DT#269","DT",269
545,543,21,30,0.9627659574468085,0.9628975265017667,0.9627659574468085,0.9627659574468085,0.9553023663453111,0.9552238805970149,0.9104530760799693,269,"all","RF#269","RF",269
512,519,45,63,0.9202127659574468,0.9192100538599641,0.9202127659574468,0.9202127659574468,0.9057591623036649,0.9051799824407375,0.8104001553642274,269,"all","NB#269","NB",269
520,548,16,55,0.9716312056737588,0.9701492537313433,0.9716312056737588,0.9716312056737588,0.9391602399314483,0.9376646180860404,0.8754000206462269,269,"all","MLP#269","MLP",269
537,520,44,38,0.9339130434782609,0.931899641577061,0.9339130434782609,0.9339130434782609,0.9290657439446367,0.9280070237050044,0.8559859621854831,270,"all","DT#270","DT",270
553,549,15,22,0.973404255319149,0.9735915492957746,0.973404255319149,0.973404255319149,0.9676290463692039,0.9675153643546971,0.9350323812930009,270,"all","RF#270","RF",270
536,480,84,39,0.9321739130434783,0.9248554913294798,0.9321739130434783,0.9321739130434783,0.897071129707113,0.8920105355575065,0.7838359525076954,270,"all","NB#270","NB",270
542,549,15,33,0.973404255319149,0.9730700179533214,0.973404255319149,0.973404255319149,0.9581151832460733,0.9578577699736611,0.9157334023841011,270,"all","MLP#270","MLP",270
542,525,39,33,0.9426086956521739,0.9408602150537635,0.9426086956521739,0.9426086956521739,0.9377162629757786,0.9367866549604916,0.8735486497238386,271,"all","DT#271","DT",271
554,540,24,21,0.9634782608695652,0.9625668449197861,0.9634782608695652,0.9634782608695652,0.960971379011275,0.9604916593503073,0.9209719273413542,271,"all","RF#271","RF",271
523,509,55,52,0.9095652173913044,0.9073083778966132,0.9095652173913044,0.9095652173913044,0.9071986123156981,0.9060579455662863,0.8120888050116642,271,"all","NB#271","NB",271
546,533,31,29,0.9495652173913044,0.9483985765124555,0.9495652173913044,0.9495652173913044,0.9479166666666667,0.9473222124670764,0.8946310235623163,271,"all","MLP#271","MLP",271
539,537,27,36,0.9521276595744681,0.9522968197879859,0.9521276595744681,0.9521276595744681,0.9447852760736196,0.9446883230904302,0.8893832116281972,272,"all","DT#272","DT",272
554,540,24,21,0.9634782608695652,0.9625668449197861,0.9634782608695652,0.9634782608695652,0.960971379011275,0.9604916593503073,0.9209719273413542,272,"all","RF#272","RF",272
513,501,63,62,0.8921739130434783,0.890625,0.8921739130434783,0.8921739130434783,0.891398783666377,0.8902546093064091,0.780485022101824,272,"all","NB#272","NB",272
549,530,34,26,0.9547826086956521,0.9532374100719424,0.9547826086956521,0.9547826086956521,0.9481865284974094,0.9473222124670764,0.8946203000098687,272,"all","MLP#272","MLP",272
537,510,54,38,0.9339130434782609,0.9306569343065694,0.9339130434782609,0.9339130434782609,0.9210977701543739,0.9192273924495171,0.8383958644343824,273,"all","DT#273","DT",273
560,527,37,15,0.9739130434782609,0.9723247232472325,0.9739130434782609,0.9739130434782609,0.9556313993174063,0.9543459174714662,0.908649233910895,273,"all","RF#273","RF",273
510,515,49,65,0.9131205673758865,0.9123434704830053,0.9131205673758865,0.9131205673758865,0.9003496503496503,0.8999122036874452,0.7998600441446664,273,"all","NB#273","NB",273
547,528,36,28,0.951304347826087,0.9496402877697842,0.951304347826087,0.951304347826087,0.9447322970639034,0.9438103599648815,0.8875949866771934,273,"all","MLP#273","MLP",273
534,531,33,41,0.9414893617021277,0.9417989417989417,0.9414893617021277,0.9414893617021277,0.9352014010507881,0.9350307287093942,0.8700669659373996,274,"all","DT#274","DT",274
551,546,18,24,0.9680851063829787,0.968365553602812,0.9680851063829787,0.9680851063829787,0.9632867132867133,0.9631255487269534,0.926251722766416,274,"all","RF#274","RF",274
527,491,73,48,0.9165217391304348,0.9109461966604824,0.9165217391304348,0.9165217391304348,0.8970212765957447,0.8937664618086041,0.7874229745883624,274,"all","NB#274","NB",274
530,544,20,45,0.9645390070921985,0.9636363636363636,0.9645390070921985,0.9645390070921985,0.9436253252385082,0.9429323968393327,0.8859025235985358,274,"all","MLP#274","MLP",274
529,525,39,46,0.9308510638297872,0.9313380281690141,0.9308510638297872,0.9308510638297872,0.9256342957130359,0.9253731343283582,0.8507500651325698,275,"all","DT#275","DT",275
551,540,24,24,0.9582608695652174,0.9582608695652174,0.9582608695652174,0.9582608695652174,0.9582608695652175,0.9578577699736611,0.9157076780758557,275,"all","RF#275","RF",275
519,506,58,56,0.9026086956521739,0.900355871886121,0.9026086956521739,0.9026086956521739,0.9010416666666667,0.8999122036874452,0.7997989447684011,275,"all","NB#275","NB",275
543,533,31,32,0.9450354609929078,0.945993031358885,0.9450354609929078,0.9450354609929078,0.9451697127937337,0.9446883230904302,0.889368203746159,275,"all","MLP#275","MLP",275
533,519,45,42,0.9269565217391305,0.9251336898395722,0.9269565217391305,0.9269565217391305,0.9245446660884649,0.9236172080772608,0.8472123928599513,276,"all","DT#276","DT",276
547,538,26,28,0.9539007092198581,0.9546247818499127,0.9539007092198581,0.9539007092198581,0.9529616724738676,0.9525899912203687,0.9051743542463868,276,"all","RF#276","RF",276
529,480,84,46,0.92,0.9125475285171103,0.92,0.92,0.8905723905723906,0.8858647936786654,0.7715610738959119,276,"all","NB#276","NB",276
542,528,36,33,0.9426086956521739,0.9411764705882353,0.9426086956521739,0.9426086956521739,0.940156114483955,0.9394205443371378,0.8788236219234096,276,"all","MLP#276","MLP",276
549,519,45,26,0.9547826086956521,0.9522935779816514,0.9547826086956521,0.9547826086956521,0.9392643284858854,0.9376646180860404,0.8752774174842033,277,"all","DT#277","DT",277
556,537,27,19,0.9669565217391304,0.9658273381294964,0.9669565217391304,0.9669565217391304,0.9602763385146803,0.9596136962247586,0.9192088966742327,277,"all","RF#277","RF",277
511,520,44,64,0.9219858156028369,0.9207207207207208,0.9219858156028369,0.9219858156028369,0.9059233449477352,0.9051799824407375,0.8104065842606578,277,"all","NB#277","NB",277
545,540,24,30,0.9574468085106383,0.9578207381370826,0.9574468085106383,0.9574468085106383,0.9527972027972028,0.9525899912203687,0.9051807864139633,277,"all","MLP#277","MLP",277
542,525,39,33,0.9426086956521739,0.9408602150537635,0.9426086956521739,0.9426086956521739,0.9377162629757786,0.9367866549604916,0.8735486497238386,278,"all","DT#278","DT",278
553,537,27,22,0.9617391304347827,0.960644007155635,0.9617391304347827,0.9617391304347827,0.9575757575757575,0.9569798068481123,0.9139442906814484,278,"all","RF#278","RF",278
526,482,82,49,0.9147826086956522,0.9077212806026366,0.9147826086956522,0.9147826086956522,0.889264581572274,0.8849868305531168,0.7698233824974509,278,"all","NB#278","NB",278
551,537,27,24,0.9582608695652174,0.9572192513368984,0.9582608695652174,0.9582608695652174,0.9557675628794449,0.9552238805970149,0.9104348509868679,278,"all","MLP#278","MLP",278
527,520,44,48,0.9219858156028369,0.9229422066549913,0.9219858156028369,0.9219858156028369,0.9197207678883073,0.9192273924495171,0.8384506755631749,279,"all","DT#279","DT",279
551,534,30,24,0.9582608695652174,0.956989247311828,0.9582608695652174,0.9582608695652174,0.953287197231834,0.9525899912203687,0.9051614872928789,279,"all","RF#279","RF",279
487,523,41,88,0.9273049645390071,0.9223484848484849,0.9273049645390071,0.9273049645390071,0.8902127659574469,0.8867427568042142,0.7736448128765692,279,"all","NB#279","NB",279
538,531,33,37,0.9414893617021277,0.9422066549912435,0.9414893617021277,0.9414893617021277,0.9389179755671904,0.9385425812115891,0.8770820357545894,279,"all","MLP#279","MLP",279
545,530,34,30,0.9478260869565217,0.9464285714285714,0.9478260869565217,0.9478260869565217,0.9445407279029463,0.9438103599648815,0.8876026125731625,280,"all","DT#280","DT",280
553,546,18,22,0.9680851063829787,0.968476357267951,0.9680851063829787,0.9680851063829787,0.9650959860383944,0.9648814749780509,0.9297611632883368,280,"all","RF#280","RF",280
485,533,31,90,0.9450354609929078,0.939922480620155,0.9450354609929078,0.9450354609929078,0.8980623420387532,0.8937664618086041,0.7877255105514218,280,"all","NB#280","NB",280
536,543,21,39,0.9627659574468085,0.9622980251346499,0.9627659574468085,0.9627659574468085,0.9476439790575917,0.9473222124670764,0.8946667529801263,280,"all","MLP#280","MLP",280
539,526,38,36,0.9373913043478261,0.9359430604982206,0.9373913043478261,0.9373913043478261,0.9357638888888891,0.9350307287093942,0.87004492906019,281,"all","DT#281","DT",281
554,542,22,21,0.9634782608695652,0.9626998223801065,0.9634782608695652,0.9634782608695652,0.9626411815812338,0.9622475856014048,0.9244868476030276,281,"all","RF#281","RF",281
530,493,71,45,0.9217391304347826,0.9163568773234201,0.9217391304347826,0.9217391304347826,0.901360544217687,0.8981562774363476,0.7962036914211322,281,"all","NB#281","NB",281
538,541,23,37,0.9592198581560284,0.9590017825311943,0.9592198581560284,0.9592198581560284,0.9474605954465849,0.9473222124670764,0.8946596090351657,281,"all","MLP#281","MLP",281
544,519,45,31,0.9460869565217391,0.9436363636363636,0.9460869565217391,0.9460869565217391,0.9347079037800686,0.9332748024582967,0.8665054607476952,282,"all","DT#282","DT",282
561,533,31,14,0.9756521739130435,0.9744058500914077,0.9756521739130435,0.9756521739130435,0.961439588688946,0.9604916593503073,0.9209531579410037,282,"all","RF#282","RF",282
528,512,52,47,0.9182608695652174,0.9159212880143113,0.9182608695652174,0.9182608695652174,0.9142857142857143,0.913081650570676,0.8261323423972122,282,"all","NB#282","NB",282
557,520,44,18,0.9686956521739131,0.966542750929368,0.9686956521739131,0.9686956521739131,0.9472789115646258,0.9455662862159789,0.8910743867940535,282,"all","MLP#282","MLP",282
517,535,29,58,0.9485815602836879,0.9468864468864469,0.9485815602836879,0.9485815602836879,0.9248055315471047,0.9236172080772608,0.8472952710584833,283,"all","DT#283","DT",283
546,543,21,29,0.9627659574468085,0.9629629629629629,0.9627659574468085,0.9627659574468085,0.9562171628721542,0.9561018437225637,0.9122074094171619,283,"all","RF#283","RF",283
519,505,59,56,0.9026086956521739,0.9001782531194296,0.9026086956521739,0.9026086956521739,0.9002601908065914,0.8990342405618964,0.7980393698723494,283,"all","NB#283","NB",283
537,540,24,38,0.9574468085106383,0.9572192513368984,0.9574468085106383,0.9574468085106383,0.9457092819614711,0.9455662862159789,0.8911482626696713,283,"all","MLP#283","MLP",283
539,522,42,36,0.9373913043478261,0.9354838709677419,0.9373913043478261,0.9373913043478261,0.9325259515570935,0.9315188762071993,0.8630110372008253,284,"all","DT#284","DT",284
558,541,23,17,0.9704347826086956,0.9695340501792115,0.9704347826086956,0.9704347826086956,0.9653979238754326,0.9648814749780509,0.9297492498465769,284,"all","RF#284","RF",284
522,518,46,53,0.9184397163120568,0.9190140845070423,0.9184397163120568,0.9184397163120568,0.9133858267716535,0.913081650570676,0.8261677229191108,284,"all","NB#284","NB",284
550,533,31,25,0.9565217391304348,0.9551971326164874,0.9565217391304348,0.9565217391304348,0.9515570934256056,0.9508340649692713,0.9016489497852078,284,"all","MLP#284","MLP",284
532,525,39,43,0.9308510638297872,0.9316987740805605,0.9308510638297872,0.9308510638297872,0.9284467713787086,0.9280070237050044,0.8560103847410907,285,"all","DT#285","DT",285
556,538,26,19,0.9669565217391304,0.9658886894075404,0.9669565217391304,0.9669565217391304,0.9611063094209161,0.9604916593503073,0.9209665655651381,285,"all","RF#285","RF",285
507,525,39,68,0.9308510638297872,0.9285714285714286,0.9308510638297872,0.9308510638297872,0.9075194468452895,0.9060579455662863,0.8121907356696291,285,"all","NB#285","NB",285
553,532,32,22,0.9617391304347827,0.9602888086642599,0.9617391304347827,0.9617391304347827,0.953448275862069,0.9525899912203687,0.9051550525065921,285,"all","MLP#285","MLP",285
540,521,43,35,0.9391304347826087,0.9370503597122302,0.9391304347826087,0.9391304347826087,0.9326424870466322,0.9315188762071993,0.8630063900128294,286,"all","DT#286","DT",286
559,539,25,16,0.9721739130434782,0.9711711711711711,0.9721739130434782,0.9721739130434782,0.9646246764452113,0.9640035118525022,0.9279893169015931,286,"all","RF#286","RF",286
499,527,37,76,0.9343971631205674,0.9309701492537313,0.9343971631205674,0.9343971631205674,0.9031705227077977,0.9007901668129938,0.8016929906059668,286,"all","NB#286","NB",286
553,534,30,22,0.9617391304347827,0.960431654676259,0.9617391304347827,0.9617391304347827,0.9550949913644214,0.9543459174714662,0.9086709266752196,286,"all","MLP#286","MLP",286
536,519,45,39,0.9321739130434783,0.9301075268817204,0.9321739130434783,0.9321739130434783,0.9273356401384083,0.926251097453907,0.8524734246778118,287,"all","DT#287","DT",287
560,539,25,15,0.9739130434782609,0.9729241877256317,0.9739130434782609,0.9739130434782609,0.9655172413793104,0.9648814749780509,0.9297444833382164,287,"all","RF#287","RF",287
505,508,56,70,0.900709219858156,0.9001782531194296,0.900709219858156,0.900709219858156,0.8896672504378283,0.8893766461808604,0.7787851789738484,287,"all","NB#287","NB",287
558,534,30,17,0.9704347826086956,0.969147005444646,0.9704347826086956,0.9704347826086956,0.9595872742906276,0.9587357330992098,0.9174455669381315,287,"all","MLP#287","MLP",287
529,532,32,46,0.9432624113475178,0.9429590017825312,0.9432624113475178,0.9432624113475178,0.9316987740805605,0.9315188762071993,0.8630574917457156,288,"all","DT#288","DT",288
545,544,20,30,0.9645390070921985,0.9646017699115044,0.9645390070921985,0.9645390070921985,0.956140350877193,0.9561018437225637,0.9122103867675848,288,"all","RF#288","RF",288
480,535,29,95,0.9485815602836879,0.9430255402750491,0.9485815602836879,0.9485815602836879,0.8961474036850922,0.8911325724319579,0.7824883032559916,288,"all","NB#288","NB",288
537,546,18,38,0.9680851063829787,0.9675675675675676,0.9680851063829787,0.9680851063829787,0.9512195121951219,0.9508340649692713,0.9016923029499706,288,"all","MLP#288","MLP",288
545,529,35,30,0.9478260869565217,0.9463327370304114,0.9478260869565217,0.9478260869565217,0.9437229437229439,0.9429323968393327,0.8858444672304928,289,"all","DT#289","DT",289
558,543,21,17,0.9704347826086956,0.9696428571428571,0.9704347826086956,0.9704347826086956,0.9670710571923744,0.9666374012291484,0.9332640512153154,289,"all","RF#289","RF",289
518,517,47,57,0.9166666666666666,0.9168141592920354,0.9166666666666666,0.9166666666666666,0.9087719298245613,0.9086918349429324,0.8173976044765765,289,"all","NB#289","NB",289
555,531,33,20,0.9652173913043478,0.9637023593466425,0.9652173913043478,0.9652173913043478,0.9544282029234736,0.9534679543459175,0.9069067031429995,289,"all","MLP#289","MLP",289
535,518,46,40,0.9304347826086956,0.9283154121863799,0.9304347826086956,0.9304347826086956,0.9256055363321799,0.9244951712028094,0.8489608871701405,290,"all","DT#290","DT",290
557,545,19,18,0.9686956521739131,0.9680284191829485,0.9686956521739131,0.9686956521739131,0.9678540399652477,0.9675153643546971,0.9350235665421399,290,"all","RF#290","RF",290
526,501,63,49,0.9147826086956522,0.9109090909090909,0.9147826086956522,0.9147826086956522,0.9037800687285225,0.9016681299385426,0.803271205312393,290,"all","NB#290","NB",290
553,538,26,22,0.9617391304347827,0.9607142857142857,0.9617391304347827,0.9617391304347827,0.9584055459272097,0.9578577699736611,0.915701959429872,290,"all","MLP#290","MLP",290
532,523,41,43,0.9273049645390071,0.9284467713787086,0.9273049645390071,0.9273049645390071,0.926829268292683,0.926251097453907,0.8524934399388243,291,"all","DT#291","DT",291
558,537,27,17,0.9704347826086956,0.9693140794223827,0.9704347826086956,0.9704347826086956,0.9620689655172413,0.961369622475856,0.9227189316720381,291,"all","RF#291","RF",291
522,507,57,53,0.9078260869565218,0.9053571428571429,0.9078260869565218,0.9078260869565218,0.904679376083189,0.9034240561896401,0.8068169903601231,291,"all","NB#291","NB",291
544,533,31,31,0.9460869565217391,0.9460869565217391,0.9460869565217391,0.9460869565217391,0.9460869565217391,0.9455662862159789,0.8911224175146469,291,"all","MLP#291","MLP",291
536,515,49,39,0.9321739130434783,0.9296028880866426,0.9321739130434783,0.9321739130434783,0.9241379310344828,0.922739244951712,0.8454378633440762,292,"all","DT#292","DT",292
558,530,34,17,0.9704347826086956,0.9689213893967094,0.9704347826086956,0.9704347826086956,0.9562982005141388,0.9552238805970149,0.9104135789998041,292,"all","RF#292","RF",292
507,515,49,68,0.9131205673758865,0.9118705035971223,0.9131205673758865,0.9131205673758865,0.8979947689625108,0.897278314310799,0.7946036506891858,292,"all","NB#292","NB",292
543,532,32,32,0.9443478260869566,0.9443478260869566,0.9443478260869566,0.9443478260869566,0.9443478260869566,0.9438103599648815,0.8876102374344743,292,"all","MLP#292","MLP",292
533,528,36,42,0.9361702127659575,0.9367311072056239,0.9361702127659575,0.9361702127659575,0.9318181818181819,0.9315188762071993,0.8630389137090583,293,"all","DT#293","DT",293
554,540,24,21,0.9634782608695652,0.9625668449197861,0.9634782608695652,0.9634782608695652,0.960971379011275,0.9604916593503073,0.9209719273413542,293,"all","RF#293","RF",293
521,512,52,54,0.9078014184397163,0.9092495636998255,0.9078014184397163,0.9078014184397163,0.9076655052264808,0.9069359086918349,0.8138607694466115,293,"all","NB#293","NB",293
554,531,33,21,0.9634782608695652,0.9619565217391305,0.9634782608695652,0.9634782608695652,0.9535283993115319,0.9525899912203687,0.9051518347859878,293,"all","MLP#293","MLP",293
535,525,39,40,0.9308510638297872,0.9320557491289199,0.9308510638297872,0.9308510638297872,0.9312445604873804,0.9306409130816505,0.8612712396181994,294,"all","DT#294","DT",294
549,531,33,26,0.9547826086956521,0.9533213644524237,0.9547826086956521,0.9547826086956521,0.9490060501296457,0.9482001755926251,0.8963783859631811,294,"all","RF#294","RF",294
503,521,43,72,0.9237588652482269,0.9212454212454212,0.9237588652482269,0.9237588652482269,0.9006050129645635,0.8990342405618964,0.7981489215140872,294,"all","NB#294","NB",294
534,524,40,41,0.9290780141843972,0.9303135888501742,0.9290780141843972,0.9290780141843972,0.9295039164490861,0.9288849868305531,0.8577591191022045,294,"all","MLP#294","MLP",294
532,528,36,43,0.9361702127659575,0.9366197183098591,0.9361702127659575,0.9361702127659575,0.9308836395450569,0.9306409130816505,0.8612853546526237,295,"all","DT#295","DT",295
547,540,24,28,0.9574468085106383,0.957968476357268,0.9574468085106383,0.9574468085106383,0.9546247818499128,0.9543459174714662,0.9086895122748381,295,"all","RF#295","RF",295
528,494,70,47,0.9182608695652174,0.9131238447319778,0.9182608695652174,0.9182608695652174,0.9002557544757033,0.897278314310799,0.7944572890751403,295,"all","NB#295","NB",295
541,528,36,34,0.9408695652173913,0.9395017793594306,0.9408695652173913,0.9408695652173913,0.939236111111111,0.9385425812115891,0.877069527489369,295,"all","MLP#295","MLP",295
536,519,45,39,0.9321739130434783,0.9301075268817204,0.9321739130434783,0.9321739130434783,0.9273356401384083,0.926251097453907,0.8524734246778118,296,"all","DT#296","DT",296
558,537,27,17,0.9704347826086956,0.9693140794223827,0.9704347826086956,0.9704347826086956,0.9620689655172413,0.961369622475856,0.9227189316720381,296,"all","RF#296","RF",296
525,505,59,50,0.9130434782608695,0.9099099099099099,0.9130434782608695,0.9130434782608695,0.90595340811044,0.9043020193151887,0.8085569644456985,296,"all","NB#296","NB",296
543,529,35,32,0.9443478260869566,0.9429590017825312,0.9443478260869566,0.9443478260869566,0.9418907198612315,0.9411764705882353,0.8823359807082383,296,"all","MLP#296","MLP",296
522,535,29,53,0.9485815602836879,0.9473684210526315,0.9485815602836879,0.9485815602836879,0.9288194444444444,0.9280070237050044,0.8560592050106032,297,"all","DT#297","DT",297
547,546,18,28,0.9680851063829787,0.968141592920354,0.9680851063829787,0.9680851063829787,0.9596491228070176,0.9596136962247586,0.919233555826178,297,"all","RF#297","RF",297
542,430,134,33,0.9426086956521739,0.9287257019438445,0.9426086956521739,0.9426086956521739,0.8665067945643484,0.8533801580333626,0.7062297583433851,297,"all","NB#297","NB",297
543,542,22,32,0.9609929078014184,0.9610619469026549,0.9609929078014184,0.9609929078014184,0.9526315789473684,0.9525899912203687,0.9051872177089915,297,"all","MLP#297","MLP",297
526,531,33,49,0.9414893617021277,0.9409660107334525,0.9414893617021277,0.9414893617021277,0.9283216783216783,0.9280070237050044,0.8560396808759881,298,"all","DT#298","DT",298
548,543,21,27,0.9627659574468085,0.9630931458699473,0.9627659574468085,0.9627659574468085,0.958041958041958,0.9578577699736611,0.9157162545901898,298,"all","RF#298","RF",298
516,513,51,59,0.9095744680851063,0.91005291005291,0.9095744680851063,0.9095744680851063,0.9036777583187391,0.9034240561896401,0.8068563007177564,298,"all","NB#298","NB",298
553,530,34,22,0.9617391304347827,0.9601449275362319,0.9617391304347827,0.9617391304347827,0.9518072289156627,0.9508340649692713,0.9016389397780614,298,"all","MLP#298","MLP",298
546,517,47,29,0.9495652173913044,0.9468864468864469,0.9495652173913044,0.9495652173913044,0.934931506849315,0.9332748024582967,0.8664964019234981,299,"all","DT#299","DT",299
560,534,30,15,0.9739130434782609,0.9726775956284153,0.9739130434782609,0.9739130434782609,0.9613733905579399,0.9604916593503073,0.920955839829744,299,"all","RF#299","RF",299
528,510,54,47,0.9182608695652174,0.9156193895870736,0.9182608695652174,0.9182608695652174,0.912705272255834,0.9113257243195786,0.8226138471573098,299,"all","NB#299","NB",299
539,537,27,36,0.9521276595744681,0.9522968197879859,0.9521276595744681,0.9521276595744681,0.9447852760736196,0.9446883230904302,0.8893832116281972,299,"all","MLP#299","MLP",299
529,532,32,46,0.9432624113475178,0.9429590017825312,0.9432624113475178,0.9432624113475178,0.9316987740805605,0.9315188762071993,0.8630574917457156,300,"all","DT#300","DT",300
543,539,25,32,0.9556737588652482,0.9559859154929577,0.9556737588652482,0.9556737588652482,0.9501312335958005,0.9499561018437226,0.899914749559488,300,"all","RF#300","RF",300
523,513,51,52,0.9095744680851063,0.9111498257839721,0.9095744680851063,0.9095744680851063,0.9103568320278502,0.9095697980684812,0.8191257934262601,300,"all","NB#300","NB",300
541,530,34,34,0.9408695652173913,0.9408695652173913,0.9408695652173913,0.9408695652173913,0.9408695652173913,0.9402985074626866,0.880585877274129,300,"all","MLP#300","MLP",300
535,515,49,40,0.9304347826086956,0.9279279279279279,0.9304347826086956,0.9304347826086956,0.9232096635030198,0.9218612818261633,0.8436841269327264,301,"all","DT#301","DT",301
551,528,36,24,0.9582608695652174,0.9565217391304348,0.9582608695652174,0.9582608695652174,0.9483648881239243,0.9473222124670764,0.8946131497622087,301,"all","RF#301","RF",301
485,525,39,90,0.9308510638297872,0.9255725190839694,0.9308510638297872,0.9308510638297872,0.89058524173028,0.8867427568042142,0.7736601551849234,301,"all","NB#301","NB",301
547,529,35,28,0.951304347826087,0.9497307001795332,0.951304347826087,0.951304347826087,0.9455488331892826,0.9446883230904302,0.8893531917911931,301,"all","MLP#301","MLP",301
535,532,32,40,0.9432624113475178,0.9435626102292769,0.9432624113475178,0.9432624113475178,0.9369527145359019,0.9367866549604916,0.8735786695607132,302,"all","DT#302","DT",302
550,544,20,25,0.9645390070921985,0.9649122807017544,0.9645390070921985,0.9645390070921985,0.9606986899563318,0.9604916593503073,0.9209826487115648,302,"all","RF#302","RF",302
491,528,36,84,0.9361702127659575,0.9316888045540797,0.9361702127659575,0.9361702127659575,0.8979591836734694,0.8946444249341527,0.7894406033940917,302,"all","NB#302","NB",302
544,545,19,31,0.9663120567375887,0.9662522202486679,0.9663120567375887,0.9663120567375887,0.9561403508771931,0.9561018437225637,0.9122133639160702,302,"all","MLP#302","MLP",302
537,522,42,38,0.9339130434782609,0.9321428571428572,0.9339130434782609,0.9339130434782609,0.9306759098786829,0.9297629499561019,0.8595032657164532,303,"all","DT#303","DT",303
551,538,26,24,0.9582608695652174,0.9572953736654805,0.9582608695652174,0.9582608695652174,0.9565972222222223,0.9561018437225637,0.9121925196352636,303,"all","RF#303","RF",303
539,475,89,36,0.9373913043478261,0.9295499021526419,0.9373913043478261,0.9373913043478261,0.8960931005818787,0.8902546093064091,0.7802912577910764,303,"all","NB#303","NB",303
539,526,38,36,0.9373913043478261,0.9359430604982206,0.9373913043478261,0.9373913043478261,0.9357638888888891,0.9350307287093942,0.87004492906019,303,"all","MLP#303","MLP",303
537,517,47,38,0.9339130434782609,0.9315315315315316,0.9339130434782609,0.9339130434782609,0.9266609145815358,0.9253731343283582,0.8507095594301319,304,"all","DT#304","DT",304
554,529,35,21,0.9634782608695652,0.9618181818181818,0.9634782608695652,0.9634782608695652,0.9518900343642612,0.9508340649692713,0.9016356026561965,304,"all","RF#304","RF",304
535,480,84,40,0.9304347826086956,0.9230769230769231,0.9304347826086956,0.9304347826086956,0.896147403685092,0.8911325724319579,0.7820822198495331,304,"all","NB#304","NB",304
531,520,44,44,0.9234782608695652,0.9234782608695652,0.9234782608695652,0.9234782608695652,0.9234782608695652,0.922739244951712,0.8454640764724021,304,"all","MLP#304","MLP",304
524,523,41,51,0.9273049645390071,0.9274336283185841,0.9273049645390071,0.9273049645390071,0.9192982456140352,0.9192273924495171,0.8384671116523561,305,"all","DT#305","DT",305
549,544,20,26,0.9645390070921985,0.9648506151142355,0.9645390070921985,0.9645390070921985,0.9597902097902098,0.9596136962247586,0.9192280773155985,305,"all","RF#305","RF",305
513,494,70,62,0.8921739130434783,0.8884892086330936,0.8921739130434783,0.8921739130434783,0.8860103626943007,0.884108867427568,0.7681646600217111,305,"all","NB#305","NB",305
524,552,12,51,0.9787234042553191,0.9776119402985075,0.9787234042553191,0.9787234042553191,0.9460154241645244,0.9446883230904302,0.8894394549396097,305,"all","MLP#305","MLP",305
550,516,48,25,0.9565217391304348,0.9537892791127541,0.9565217391304348,0.9565217391304348,0.9377664109121909,0.935908691834943,0.871755402585344,306,"all","DT#306","DT",306
560,528,36,15,0.9739130434782609,0.9723756906077348,0.9739130434782609,0.9739130434782609,0.9564474807856532,0.9552238805970149,0.9104074994331931,306,"all","RF#306","RF",306
552,372,192,23,0.96,0.9417721518987342,0.96,0.96,0.8369977255496589,0.8112379280070237,0.6213553802836065,306,"all","NB#306","NB",306
553,521,43,22,0.9617391304347827,0.9594843462246777,0.9617391304347827,0.9617391304347827,0.9444918872758327,0.9429323968393327,0.8858134796697559,306,"all","MLP#306","MLP",306
541,518,46,34,0.9408695652173913,0.9384057971014492,0.9408695652173913,0.9408695652173913,0.9311531841652323,0.9297629499561019,0.8594841996829451,307,"all","DT#307","DT",307
557,536,28,18,0.9686956521739131,0.9675090252707581,0.9686956521739131,0.9686956521739131,0.9603448275862069,0.9596136962247586,0.9192061558389489,307,"all","RF#307","RF",307
397,545,19,178,0.9663120567375887,0.9543269230769231,0.9663120567375887,0.9663120567375887,0.846930846930847,0.8270412642669008,0.6549806334752573,307,"all","NB#307","NB",307
552,527,37,23,0.96,0.9581818181818181,0.96,0.96,0.9484536082474226,0.9473222124670764,0.8946095742744963,307,"all","MLP#307","MLP",307
536,507,57,39,0.9321739130434783,0.9285714285714286,0.9321739130434783,0.9321739130434783,0.9178082191780821,0.9157155399473222,0.8313638761138924,308,"all","DT#308","DT",308
547,536,28,28,0.951304347826087,0.951304347826087,0.951304347826087,0.951304347826087,0.951304347826087,0.9508340649692713,0.9016589577551649,308,"all","RF#308","RF",308
538,427,137,37,0.9356521739130435,0.9202586206896551,0.9356521739130435,0.9356521739130435,0.8607999999999999,0.8472344161545216,0.6939212355212356,308,"all","NB#308","NB",308
543,532,32,32,0.9443478260869566,0.9443478260869566,0.9443478260869566,0.9443478260869566,0.9443478260869566,0.9438103599648815,0.8876102374344743,308,"all","MLP#308","MLP",308
537,524,40,38,0.9339130434782609,0.9323843416370107,0.9339130434782609,0.9339130434782609,0.9322916666666667,0.9315188762071993,0.8630203306310112,309,"all","DT#309","DT",309
559,539,25,16,0.9721739130434782,0.9711711711711711,0.9721739130434782,0.9721739130434782,0.9646246764452113,0.9640035118525022,0.9279893169015931,309,"all","RF#309","RF",309
531,506,58,44,0.9234782608695652,0.92,0.9234782608695652,0.9234782608695652,0.9123711340206185,0.9104477611940298,0.8208362762666436,309,"all","NB#309","NB",309
550,539,25,25,0.9565217391304348,0.9565217391304348,0.9565217391304348,0.9565217391304348,0.9565217391304348,0.9561018437225637,0.9121954979956831,309,"all","MLP#309","MLP",309
549,524,40,26,0.9547826086956521,0.9527272727272728,0.9547826086956521,0.9547826086956521,0.9432989690721649,0.9420544337137841,0.8840705317019459,310,"all","DT#310","DT",310
564,539,25,11,0.9808695652173913,0.98,0.9808695652173913,0.9808695652173913,0.9690721649484536,0.9683933274802459,0.9367657445646979,310,"all","RF#310","RF",310
534,502,62,41,0.928695652173913,0.9244935543278084,0.928695652173913,0.928695652173913,0.9120409906063193,0.9095697980684812,0.819058283168998,310,"all","NB#310","NB",310
550,525,39,25,0.9565217391304348,0.9545454545454546,0.9565217391304348,0.9565217391304348,0.9450171821305843,0.9438103599648815,0.8875835458927961,310,"all","MLP#310","MLP",310
531,524,40,44,0.9290780141843972,0.9299474605954466,0.9290780141843972,0.9290780141843972,0.9267015706806283,0.926251097453907,0.8524984429055076,311,"all","DT#311","DT",311
553,540,24,22,0.9617391304347827,0.9608540925266904,0.9617391304347827,0.9617391304347827,0.9600694444444445,0.9596136962247586,0.9192171180644425,311,"all","RF#311","RF",311
520,524,40,55,0.9290780141843972,0.9285714285714286,0.9290780141843972,0.9290780141843972,0.9168853893263342,0.9165935030728709,0.8332138755943985,311,"all","NB#311","NB",311
530,544,20,45,0.9645390070921985,0.9636363636363636,0.9645390070921985,0.9645390070921985,0.9436253252385082,0.9429323968393327,0.8859025235985358,311,"all","MLP#311","MLP",311
527,527,37,48,0.9343971631205674,0.9343971631205674,0.9343971631205674,0.9343971631205674,0.9253731343283583,0.9253731343283582,0.8507601881240162,312,"all","DT#312","DT",312
552,539,25,23,0.96,0.9590747330960854,0.96,0.96,0.9583333333333334,0.9578577699736611,0.9157048188498531,312,"all","RF#312","RF",312
528,515,49,47,0.9182608695652174,0.9163701067615658,0.9182608695652174,0.9182608695652174,0.9166666666666666,0.9157155399473222,0.8314096376997061,312,"all","NB#312","NB",312
548,533,31,27,0.9530434782608695,0.9517857142857142,0.9530434782608695,0.9530434782608695,0.9497400346620449,0.9490781387181738,0.8981398676444285,312,"all","MLP#312","MLP",312
538,529,35,37,0.9379432624113475,0.9389179755671903,0.9379432624113475,0.9379432624113475,0.9372822299651568,0.9367866549604916,0.8735658056618492,313,"all","DT#313","DT",313
550,536,28,25,0.9565217391304348,0.9554367201426025,0.9565217391304348,0.9565217391304348,0.9540329575021683,0.9534679543459175,0.9069224922020392,313,"all","RF#313","RF",313
323,555,9,252,0.9840425531914894,0.9728915662650602,0.9840425531914894,0.9840425531914894,0.8096280087527352,0.7708516242317822,0.5435416484331453,313,"all","NB#313","NB",313
543,535,29,32,0.9485815602836879,0.9493006993006993,0.9485815602836879,0.9485815602836879,0.946817785527463,0.9464442493415277,0.8928839574921412,313,"all","MLP#313","MLP",313
541,521,43,34,0.9408695652173913,0.9387387387387387,0.9408695652173913,0.9408695652173913,0.9335634167385677,0.932396839332748,0.8647604244249429,314,"all","DT#314","DT",314
553,535,29,22,0.9617391304347827,0.9605026929982047,0.9617391304347827,0.9617391304347827,0.9559204840103717,0.9552238805970149,0.9104287743071564,314,"all","RF#314","RF",314
519,507,57,56,0.9026086956521739,0.9010416666666666,0.9026086956521739,0.9026086956521739,0.901824500434405,0.9007901668129938,0.8015584599800489,314,"all","NB#314","NB",314
549,526,38,26,0.9547826086956521,0.9528985507246377,0.9547826086956521,0.9547826086956521,0.9449225473321858,0.9438103599648815,0.887587359746356,314,"all","MLP#314","MLP",314
522,533,31,53,0.9450354609929078,0.9439421338155516,0.9450354609929078,0.9450354609929078,0.9269565217391305,0.926251097453907,0.8525434543386526,315,"all","DT#315","DT",315
543,546,18,32,0.9680851063829787,0.9679144385026738,0.9680851063829787,0.9680851063829787,0.9562171628721541,0.9561018437225637,0.9122163408626381,315,"all","RF#315","RF",315
521,499,65,54,0.9060869565217391,0.9023508137432188,0.9060869565217391,0.9060869565217391,0.8975021533161067,0.8955223880597015,0.7909862925399281,315,"all","NB#315","NB",315
531,538,26,44,0.9539007092198581,0.9533213644524237,0.9539007092198581,0.9539007092198581,0.9389179755671903,0.9385425812115891,0.8771112118101473,315,"all","MLP#315","MLP",315
527,520,44,48,0.9219858156028369,0.9229422066549913,0.9219858156028369,0.9219858156028369,0.9197207678883073,0.9192273924495171,0.8384506755631749,316,"all","DT#316","DT",316
553,538,26,22,0.9617391304347827,0.9607142857142857,0.9617391304347827,0.9617391304347827,0.9584055459272097,0.9578577699736611,0.915701959429872,316,"all","RF#316","RF",316
536,496,68,39,0.9321739130434783,0.9271028037383178,0.9321739130434783,0.9321739130434783,0.9092451229855809,0.9060579455662863,0.8120059048468181,316,"all","NB#316","NB",316
542,536,28,33,0.950354609929078,0.9508771929824561,0.950354609929078,0.950354609929078,0.9467248908296942,0.9464442493415277,0.8928875904756767,316,"all","MLP#316","MLP",316
533,526,38,42,0.9326241134751773,0.9334500875656743,0.9326241134751773,0.9326241134751773,0.9301919720767889,0.9297629499561019,0.8595223265766738,317,"all","DT#317","DT",317
545,537,27,30,0.9521276595744681,0.9527972027972028,0.9521276595744681,0.9521276595744681,0.9503051438535309,0.9499561018437226,0.8999079602795418,317,"all","RF#317","RF",317
531,503,61,44,0.9234782608695652,0.9195612431444241,0.9234782608695652,0.9234782608695652,0.910025706940874,0.9078138718173837,0.8155573685290086,317,"all","NB#317","NB",317
542,536,28,33,0.950354609929078,0.9508771929824561,0.950354609929078,0.950354609929078,0.9467248908296942,0.9464442493415277,0.8928875904756767,317,"all","MLP#317","MLP",317
541,524,40,34,0.9408695652173913,0.9390681003584229,0.9408695652173913,0.9408695652173913,0.9359861591695501,0.9350307287093942,0.8700361122161675,318,"all","DT#318","DT",318
551,541,23,24,0.9592198581560284,0.9599303135888502,0.9592198581560284,0.9592198581560284,0.959094865100087,0.9587357330992098,0.9174651678741186,318,"all","RF#318","RF",318
472,532,32,103,0.9432624113475178,0.9365079365079365,0.9432624113475178,0.9432624113475178,0.8874061718098416,0.8814749780509219,0.7632129674259026,318,"all","NB#318","NB",318
536,544,20,39,0.9645390070921985,0.9640287769784173,0.9645390070921985,0.9645390070921985,0.948561464690497,0.9482001755926251,0.896424063168051,318,"all","MLP#318","MLP",318
543,530,34,32,0.9443478260869566,0.9430604982206405,0.9443478260869566,0.9443478260869566,0.9427083333333333,0.9420544337137841,0.884094125918548,319,"all","DT#319","DT",319
561,540,24,14,0.9756521739130435,0.9747292418772563,0.9756521739130435,0.9756521739130435,0.9672413793103449,0.9666374012291484,0.9332572591713058,319,"all","RF#319","RF",319
504,519,45,71,0.9202127659574468,0.9180327868852459,0.9202127659574468,0.9202127659574468,0.8994800693240902,0.8981562774363476,0.7963833400628152,319,"all","NB#319","NB",319
549,533,31,26,0.9547826086956521,0.9534883720930233,0.9547826086956521,0.9547826086956521,0.9506493506493506,0.9499561018437226,0.8998943789559707,319,"all","MLP#319","MLP",319
536,527,37,39,0.9343971631205674,0.9354275741710296,0.9343971631205674,0.9343971631205674,0.9337979094076655,0.9332748024582967,0.8665416837541743,320,"all","DT#320","DT",320
543,547,17,32,0.9698581560283688,0.9696428571428571,0.9698581560283688,0.9698581560283688,0.9571303587051617,0.9569798068481123,0.9139734726750055,320,"all","RF#320","RF",320
515,494,70,60,0.8956521739130435,0.8916967509025271,0.8956521739130435,0.8956521739130435,0.8879310344827586,0.8858647936786654,0.7716695708492034,320,"all","NB#320","NB",320
545,539,25,30,0.9556737588652482,0.956140350877193,0.9556737588652482,0.9556737588652482,0.9519650655021834,0.95171202809482,0.9034232373141347,320,"all","MLP#320","MLP",320
531,533,31,44,0.9450354609929078,0.9448398576512456,0.9450354609929078,0.9450354609929078,0.934268185801928,0.9341527655838455,0.8683222786218888,321,"all","DT#321","DT",321
550,539,25,25,0.9565217391304348,0.9565217391304348,0.9565217391304348,0.9565217391304348,0.9565217391304348,0.9561018437225637,0.9121954979956831,321,"all","RF#321","RF",321
514,514,50,61,0.9113475177304965,0.9113475177304965,0.9113475177304965,0.9113475177304965,0.9025460930640913,0.9025460930640913,0.8051103633148918,321,"all","NB#321","NB",321
552,539,25,23,0.96,0.9590747330960854,0.96,0.96,0.9583333333333334,0.9578577699736611,0.9157048188498531,321,"all","MLP#321","MLP",321
534,532,32,41,0.9432624113475178,0.9434628975265018,0.9432624113475178,0.9432624113475178,0.9360210341805434,0.935908691834943,0.8718249912517209,322,"all","DT#322","DT",322
553,543,21,22,0.9627659574468085,0.9634146341463414,0.9627659574468085,0.9627659574468085,0.9625761531766753,0.9622475856014048,0.9244894089061086,322,"all","RF#322","RF",322
538,431,133,37,0.9356521739130435,0.9209401709401709,0.9356521739130435,0.9356521739130435,0.8635634028892455,0.8507462686567164,0.7009778486095154,322,"all","NB#322","NB",322
554,521,43,21,0.9634782608695652,0.9612546125461254,0.9634782608695652,0.9634782608695652,0.9453924914675768,0.9438103599648815,0.8875682878903323,322,"all","MLP#322","MLP",322
527,525,39,48,0.9308510638297872,0.931095406360424,0.9308510638297872,0.9308510638297872,0.9237510955302366,0.9236172080772608,0.8472434827246536,323,"all","DT#323","DT",323
542,536,28,33,0.950354609929078,0.9508771929824561,0.950354609929078,0.950354609929078,0.9467248908296942,0.9464442493415277,0.8928875904756767,323,"all","RF#323","RF",323
505,511,53,70,0.9060283687943262,0.9050179211469535,0.9060283687943262,0.9060283687943262,0.8925764192139739,0.8920105355575065,0.784063182523694,323,"all","NB#323","NB",323
538,535,29,37,0.9485815602836879,0.9488536155202821,0.9485815602836879,0.9485815602836879,0.9422066549912433,0.9420544337137841,0.8841137804306538,323,"all","MLP#323","MLP",323
528,535,29,47,0.9485815602836879,0.947935368043088,0.9485815602836879,0.9485815602836879,0.9336823734729494,0.9332748024582967,0.86657788710816,324,"all","DT#324","DT",324
551,542,22,24,0.9609929078014184,0.9616055846422339,0.9609929078014184,0.9609929078014184,0.9599303135888502,0.9596136962247586,0.919222598061737,324,"all","RF#324","RF",324
523,494,70,52,0.9095652173913044,0.9047619047619048,0.9095652173913044,0.9095652173913044,0.8955479452054794,0.8928884986830553,0.7856915925614048,324,"all","NB#324","NB",324
540,540,24,35,0.9574468085106383,0.9574468085106383,0.9574468085106383,0.9574468085106383,0.9482001755926251,0.9482001755926251,0.8964100129331407,324,"all","MLP#324","MLP",324
536,525,39,39,0.9321739130434783,0.9321739130434783,0.9321739130434783,0.9321739130434783,0.9321739130434783,0.9315188762071993,0.8630249768732655,325,"all","DT#325","DT",325
553,538,26,22,0.9617391304347827,0.9607142857142857,0.9617391304347827,0.9617391304347827,0.9584055459272097,0.9578577699736611,0.915701959429872,325,"all","RF#325","RF",325
514,510,54,61,0.9042553191489362,0.9049295774647887,0.9042553191489362,0.9042553191489362,0.899387576552931,0.8990342405618964,0.7980736175323003,325,"all","NB#325","NB",325
540,530,34,35,0.9397163120567376,0.9407665505226481,0.9397163120567376,0.9397163120567376,0.9399477806788512,0.9394205443371378,0.8788318421981742,325,"all","MLP#325","MLP",325
543,519,45,32,0.9443478260869566,0.941923774954628,0.9443478260869566,0.9443478260869566,0.9337919174548581,0.932396839332748,0.8647512479624708,326,"all","DT#326","DT",326
552,541,23,23,0.96,0.96,0.96,0.96,0.96,0.9596136962247586,0.9192198581560284,326,"all","RF#326","RF",326
537,471,93,38,0.9339130434782609,0.925343811394892,0.9339130434782609,0.9339130434782609,0.8912863070539419,0.8849868305531168,0.7697374208134322,326,"all","NB#326","NB",326
552,531,33,23,0.96,0.9584837545126353,0.96,0.96,0.9517241379310344,0.9508340649692713,0.901642276673503,326,"all","MLP#326","MLP",326
535,529,35,40,0.9379432624113475,0.9385964912280702,0.9379432624113475,0.9379432624113475,0.9344978165938864,0.9341527655838455,0.8683044145192745,327,"all","DT#327","DT",327
553,539,25,22,0.9617391304347827,0.9607843137254902,0.9617391304347827,0.9617391304347827,0.9592367736339984,0.9587357330992098,0.9174595685565253,327,"all","RF#327","RF",327
500,526,38,75,0.9326241134751773,0.929368029739777,0.9326241134751773,0.9326241134751773,0.9030042918454935,0.9007901668129938,0.8016862684069663,327,"all","NB#327","NB",327
546,536,28,29,0.950354609929078,0.9512195121951219,0.950354609929078,0.950354609929078,0.9503916449086163,0.9499561018437226,0.899904565294144,327,"all","MLP#327","MLP",327
526,522,42,49,0.925531914893617,0.926056338028169,0.925531914893617,0.925531914893617,0.9203849518810149,0.9201053555750659,0.840214775612516,328,"all","DT#328","DT",328
552,542,22,23,0.9609929078014184,0.9616724738675958,0.9609929078014184,0.9609929078014184,0.9608355091383811,0.9604916593503073,0.9209772883901137,328,"all","RF#328","RF",328
517,520,44,58,0.9219858156028369,0.9215686274509803,0.9219858156028369,0.9219858156028369,0.9106830122591945,0.9104477611940298,0.8209213353597818,328,"all","NB#328","NB",328
534,531,33,41,0.9414893617021277,0.9417989417989417,0.9414893617021277,0.9414893617021277,0.9352014010507881,0.9350307287093942,0.8700669659373996,328,"all","MLP#328","MLP",328
534,519,45,41,0.928695652173913,0.9267857142857143,0.928695652173913,0.928695652173913,0.9254766031195839,0.9244951712028094,0.8489660106451871,329,"all","DT#329","DT",329
549,532,32,26,0.9547826086956521,0.953405017921147,0.9547826086956521,0.9547826086956521,0.9498269896193772,0.9490781387181738,0.8981364122775367,329,"all","RF#329","RF",329
517,511,53,58,0.9060283687943262,0.9070175438596492,0.9060283687943262,0.9060283687943262,0.903056768558952,0.9025460930640913,0.8050905334885262,329,"all","NB#329","NB",329
540,529,35,35,0.9391304347826087,0.9391304347826087,0.9391304347826087,0.9391304347826087,0.9391304347826087,0.9385425812115891,0.8770736971939561,329,"all","MLP#329","MLP",329
535,526,38,40,0.9326241134751773,0.9336823734729494,0.9326241134751773,0.9326241134751773,0.9320557491289198,0.9315188762071993,0.8630296228003368,330,"all","DT#330","DT",330
550,535,29,25,0.9565217391304348,0.9553571428571429,0.9565217391304348,0.9565217391304348,0.953206239168111,0.9525899912203687,0.9051647043586057,330,"all","RF#330","RF",330
392,554,10,183,0.9822695035460993,0.9751243781094527,0.9822695035460993,0.9822695035460993,0.8516525749423519,0.8305531167690957,0.6620661242146463,330,"all","NB#330","NB",330
545,534,30,30,0.9478260869565217,0.9478260869565217,0.9478260869565217,0.9478260869565217,0.9478260869565217,0.9473222124670764,0.8946345975948196,330,"all","MLP#330","MLP",330
547,531,33,28,0.951304347826087,0.9499105545617174,0.951304347826087,0.951304347826087,0.9471861471861474,0.9464442493415277,0.8928694230932319,331,"all","DT#331","DT",331
561,542,22,14,0.9756521739130435,0.9748201438848921,0.9756521739130435,0.9756521739130435,0.9689119170984457,0.9683933274802459,0.9367721800059213,331,"all","RF#331","RF",331
518,530,34,57,0.9397163120567376,0.9384057971014492,0.9397163120567376,0.9397163120567376,0.9209383145091226,0.9201053555750659,0.8402581170157186,331,"all","NB#331","NB",331
551,527,37,24,0.9582608695652174,0.956442831215971,0.9582608695652174,0.9582608695652174,0.9475494411006019,0.9464442493415277,0.89285488474949,331,"all","MLP#331","MLP",331
542,526,38,33,0.9426086956521739,0.9409660107334525,0.9426086956521739,0.9426086956521739,0.9385281385281385,0.9376646180860404,0.8753070334363845,332,"all","DT#332","DT",332
557,543,21,18,0.9686956521739131,0.9679144385026738,0.9686956521739131,0.9686956521739131,0.966175195143105,0.9657594381035997,0.9315090036958402,332,"all","RF#332","RF",332
508,515,49,67,0.9131205673758865,0.9120287253141831,0.9131205673758865,0.9131205673758865,0.8987783595113439,0.8981562774363476,0.7963557224282442,332,"all","NB#332","NB",332
555,535,29,20,0.9652173913043478,0.963963963963964,0.9652173913043478,0.9652173913043478,0.9577221742881795,0.9569798068481123,0.9139384519067819,332,"all","MLP#332","MLP",332
548,539,25,27,0.9556737588652482,0.956369982547993,0.9556737588652482,0.9556737588652482,0.9547038327526133,0.9543459174714662,0.9086864152002245,333,"all","DT#333","DT",333
560,542,22,15,0.9739130434782609,0.9730700179533214,0.9739130434782609,0.9739130434782609,0.9680207433016422,0.9675153643546971,0.9350169539091134,333,"all","RF#333","RF",333
544,418,146,31,0.9460869565217391,0.9309576837416481,0.9460869565217391,0.9460869565217391,0.8600790513833992,0.8446005267778753,0.6885646535410568,333,"all","NB#333","NB",333
561,542,22,14,0.9756521739130435,0.9748201438848921,0.9756521739130435,0.9756521739130435,0.9689119170984457,0.9683933274802459,0.9367721800059213,333,"all","MLP#333","MLP",333
540,522,42,35,0.9391304347826087,0.9371633752244165,0.9391304347826087,0.9391304347826087,0.9334485738980121,0.932396839332748,0.8647650121892361,334,"all","DT#334","DT",334
549,541,23,26,0.9592198581560284,0.9597902097902098,0.9592198581560284,0.9592198581560284,0.9572798605056669,0.9569798068481123,0.9139559658543428,334,"all","RF#334","RF",334
528,515,49,47,0.9182608695652174,0.9163701067615658,0.9182608695652174,0.9182608695652174,0.9166666666666666,0.9157155399473222,0.8314096376997061,334,"all","NB#334","NB",334
547,530,34,28,0.951304347826087,0.9498207885304659,0.951304347826087,0.951304347826087,0.9463667820069205,0.9455662862159789,0.8911113372621944,334,"all","MLP#334","MLP",334
532,529,35,43,0.9379432624113475,0.9382716049382716,0.9379432624113475,0.9379432624113475,0.9316987740805605,0.9315188762071993,0.8630435586907726,335,"all","DT#335","DT",335
548,547,17,27,0.9698581560283688,0.9699115044247788,0.9698581560283688,0.9698581560283688,0.9614035087719299,0.961369622475856,0.9227451403554746,335,"all","RF#335","RF",335
531,491,73,44,0.9234782608695652,0.9177570093457944,0.9234782608695652,0.9234782608695652,0.9007633587786259,0.897278314310799,0.7944363632437169,335,"all","NB#335","NB",335
546,533,31,29,0.9495652173913044,0.9483985765124555,0.9495652173913044,0.9495652173913044,0.9479166666666667,0.9473222124670764,0.8946310235623163,335,"all","MLP#335","MLP",335
539,518,46,36,0.9373913043478261,0.9350180505415162,0.9373913043478261,0.9373913043478261,0.9293103448275861,0.9280070237050044,0.8559761908433439,336,"all","DT#336","DT",336
562,542,22,13,0.9773913043478261,0.9765765765765766,0.9773913043478261,0.9773913043478261,0.9698015530629852,0.9692712906057945,0.9385274656477013,336,"all","RF#336","RF",336
388,548,16,187,0.9716312056737588,0.9603960396039604,0.9716312056737588,0.9716312056737588,0.8437259430331023,0.8217734855136084,0.6445445754756863,336,"all","NB#336","NB",336
554,528,36,21,0.9634782608695652,0.9617486338797814,0.9634782608695652,0.9634782608695652,0.9510729613733906,0.9499561018437226,0.8998773971176757,336,"all","MLP#336","MLP",336
540,526,38,35,0.9391304347826087,0.9376114081996435,0.9391304347826087,0.9391304347826087,0.9366869037294016,0.935908691834943,0.8717989043537523,337,"all","DT#337","DT",337
553,533,31,22,0.9617391304347827,0.9603603603603603,0.9617391304347827,0.9617391304347827,0.9542709232096636,0.9534679543459175,0.9069130194093764,337,"all","RF#337","RF",337
511,502,62,64,0.8900709219858156,0.8917975567190227,0.8900709219858156,0.8900709219858156,0.8902439024390244,0.8893766461808604,0.7787401599082363,337,"all","NB#337","NB",337
536,528,36,39,0.9361702127659575,0.9370629370629371,0.9361702127659575,0.9361702127659575,0.9346120313862251,0.9341527655838455,0.8682999477362392,337,"all","MLP#337","MLP",337
543,517,47,32,0.9443478260869566,0.941712204007286,0.9443478260869566,0.9443478260869566,0.9321888412017167,0.9306409130816505,0.8612335854788837,338,"all","DT#338","DT",338
549,537,27,26,0.9547826086956521,0.9538188277087034,0.9547826086956521,0.9547826086956521,0.9539530842745438,0.9534679543459175,0.9069256493711734,338,"all","RF#338","RF",338
527,500,64,48,0.9165217391304348,0.9124087591240876,0.9165217391304348,0.9165217391304348,0.9039451114922814,0.9016681299385426,0.80326453061577,338,"all","NB#338","NB",338
551,533,31,24,0.9582608695652174,0.9569120287253142,0.9582608695652174,0.9582608695652174,0.9524632670700085,0.95171202809482,0.9034035801351687,338,"all","MLP#338","MLP",338
539,528,36,36,0.9373913043478261,0.9373913043478261,0.9373913043478261,0.9373913043478261,0.9373913043478261,0.9367866549604916,0.8735615171137835,339,"all","DT#339","DT",339
561,545,19,14,0.9756521739130435,0.9749552772808586,0.9756521739130435,0.9756521739130435,0.9714285714285715,0.971027216856892,0.942044114132404,339,"all","RF#339","RF",339
547,454,110,28,0.951304347826087,0.941908713692946,0.951304347826087,0.951304347826087,0.887987012987013,0.8788410886742757,0.7573220852928371,339,"all","NB#339","NB",339
537,540,24,38,0.9574468085106383,0.9572192513368984,0.9574468085106383,0.9574468085106383,0.9457092819614711,0.9455662862159789,0.8911482626696713,339,"all","MLP#339","MLP",339
536,522,42,39,0.9321739130434783,0.93048128342246,0.9321739130434783,0.9321739130434783,0.9297484822202949,0.9288849868305531,0.8577494692144373,340,"all","DT#340","DT",340
555,541,23,20,0.9652173913043478,0.964349376114082,0.9652173913043478,0.9652173913043478,0.9627059843885516,0.9622475856014048,0.9244842861261828,340,"all","RF#340","RF",340
527,504,60,48,0.9165217391304348,0.9130434782608695,0.9165217391304348,0.9165217391304348,0.9070567986230637,0.9051799824407375,0.8103036695719757,340,"all","NB#340","NB",340
544,523,41,31,0.9460869565217391,0.944043321299639,0.9460869565217391,0.9460869565217391,0.9379310344827586,0.9367866549604916,0.8735400700087896,340,"all","MLP#340","MLP",340
527,526,38,48,0.9326241134751773,0.9327433628318584,0.9326241134751773,0.9326241134751773,0.9245614035087719,0.9244951712028094,0.8490018652402459,341,"all","DT#341","DT",341
545,542,22,30,0.9609929078014184,0.9611992945326279,0.9609929078014184,0.9609929078014184,0.9544658493870403,0.9543459174714662,0.9086957057938485,341,"all","RF#341","RF",341
486,537,27,89,0.9521276595744681,0.9473684210526315,0.9521276595744681,0.9521276595744681,0.9025210084033614,0.8981562774363476,0.7965075267757307,341,"all","NB#341","NB",341
540,540,24,35,0.9574468085106383,0.9574468085106383,0.9574468085106383,0.9574468085106383,0.9482001755926251,0.9482001755926251,0.8964100129331407,341,"all","MLP#341","MLP",341
540,521,43,35,0.9391304347826087,0.9370503597122302,0.9391304347826087,0.9391304347826087,0.9326424870466322,0.9315188762071993,0.8630063900128294,342,"all","DT#342","DT",342
549,536,28,26,0.9547826086956521,0.9537366548042705,0.9547826086956521,0.9547826086956521,0.953125,0.9525899912203687,0.9051679212060846,342,"all","RF#342","RF",342
540,407,157,35,0.9391304347826087,0.920814479638009,0.9391304347826087,0.9391304347826087,0.8490566037735848,0.8314310798946444,0.6621316383884014,342,"all","NB#342","NB",342
545,521,43,30,0.9478260869565217,0.9455535390199638,0.9478260869565217,0.9478260869565217,0.937231298366294,0.935908691834943,0.8717771571592258,342,"all","MLP#342","MLP",342
546,514,50,29,0.9495652173913044,0.9465930018416207,0.9495652173913044,0.9495652173913044,0.9325362937660119,0.9306409130816505,0.8612194599063187,343,"all","DT#343","DT",343
552,535,29,23,0.96,0.9587813620071685,0.96,0.96,0.9550173010380623,0.9543459174714662,0.9086740248005503,343,"all","RF#343","RF",343
516,503,61,59,0.8973913043478261,0.895017793594306,0.8973913043478261,0.8973913043478261,0.8958333333333334,0.8946444249341527,0.7892620471246325,343,"all","NB#343","NB",343
548,524,40,27,0.9530434782608695,0.9509981851179673,0.9530434782608695,0.9530434782608695,0.942390369733448,0.9411764705882353,0.8823160209543578,343,"all","MLP#343","MLP",343
539,510,54,36,0.9373913043478261,0.9340659340659341,0.9373913043478261,0.9373913043478261,0.9229452054794521,0.9209833187006146,0.841903633856774,344,"all","DT#344","DT",344
560,531,33,15,0.9739130434782609,0.9725274725274725,0.9739130434782609,0.9739130434782609,0.958904109589041,0.9578577699736611,0.9156819380569462,344,"all","RF#344","RF",344
522,500,64,53,0.9078260869565218,0.9041591320072333,0.9078260869565218,0.9078260869565218,0.8992248062015504,0.897278314310799,0.7944991279594251,344,"all","NB#344","NB",344
554,527,37,21,0.9634782608695652,0.9616788321167883,0.9634782608695652,0.9634782608695652,0.9502572898799313,0.9490781387181738,0.8981191319260237,344,"all","MLP#344","MLP",344
534,521,43,41,0.928695652173913,0.9270462633451957,0.928695652173913,0.928695652173913,0.9270833333333331,0.926251097453907,0.8524834329872429,345,"all","DT#345","DT",345
560,537,27,15,0.9739130434782609,0.9728260869565217,0.9739130434782609,0.9739130434782609,0.963855421686747,0.9631255487269534,0.9262292048335461,345,"all","RF#345","RF",345
448,545,19,127,0.9663120567375887,0.9593147751605996,0.9663120567375887,0.9663120567375887,0.8818770226537218,0.8718173836698858,0.7440796075027546,345,"all","NB#345","NB",345
546,537,27,29,0.9521276595744681,0.9528795811518325,0.9521276595744681,0.9521276595744681,0.951219512195122,0.9508340649692713,0.9016622932925493,345,"all","MLP#345","MLP",345
539,522,42,36,0.9373913043478261,0.9354838709677419,0.9373913043478261,0.9373913043478261,0.9325259515570935,0.9315188762071993,0.8630110372008253,346,"all","DT#346","DT",346
548,535,29,27,0.9530434782608695,0.9519572953736655,0.9530434782608695,0.9530434782608695,0.9513888888888888,0.9508340649692713,0.9016556219914952,346,"all","RF#346","RF",346
531,474,90,44,0.9234782608695652,0.915057915057915,0.9234782608695652,0.9234782608695652,0.8879598662207359,0.8823529411764706,0.7645002113890885,346,"all","NB#346","NB",346
542,535,29,33,0.9485815602836879,0.9492119089316988,0.9485815602836879,0.9485815602836879,0.9458987783595112,0.9455662862159789,0.8911298030969222,346,"all","MLP#346","MLP",346
526,522,42,49,0.925531914893617,0.926056338028169,0.925531914893617,0.925531914893617,0.9203849518810149,0.9201053555750659,0.840214775612516,347,"all","DT#347","DT",347
546,530,34,29,0.9495652173913044,0.9481216457960644,0.9495652173913044,0.9495652173913044,0.9454545454545455,0.9446883230904302,0.8893569451618623,347,"all","RF#347","RF",347
519,470,94,56,0.9026086956521739,0.8935361216730038,0.9026086956521739,0.9026086956521739,0.8737373737373738,0.8683055311676909,0.7364166237260522,347,"all","NB#347","NB",347
549,523,41,26,0.9547826086956521,0.9526411657559198,0.9547826086956521,0.9547826086956521,0.9424892703862662,0.9411764705882353,0.882312028190952,347,"all","MLP#347","MLP",347
541,531,33,34,0.9414893617021277,0.9425087108013938,0.9414893617021277,0.9414893617021277,0.9416884247171453,0.9411764705882353,0.8823439627141691,348,"all","DT#348","DT",348
558,538,26,17,0.9704347826086956,0.9693693693693693,0.9704347826086956,0.9704347826086956,0.9628990509059535,0.9622475856014048,0.9244766006528904,348,"all","RF#348","RF",348
539,486,78,36,0.9373913043478261,0.9310344827586207,0.9373913043478261,0.9373913043478261,0.9043624161073825,0.8999122036874452,0.7996630347240866,348,"all","NB#348","NB",348
535,545,19,40,0.9663120567375887,0.9657039711191335,0.9663120567375887,0.9663120567375887,0.9486510008703221,0.9482001755926251,0.8964275751312746,348,"all","MLP#348","MLP",348
544,525,39,31,0.9460869565217391,0.9442446043165468,0.9460869565217391,0.9460869565217391,0.9395509499136442,0.9385425812115891,0.8770570166781801,349,"all","DT#349","DT",349
551,537,27,24,0.9582608695652174,0.9572192513368984,0.9582608695652174,0.9582608695652174,0.9557675628794449,0.9552238805970149,0.9104348509868679,349,"all","RF#349","RF",349
523,518,46,52,0.9184397163120568,0.9191564147627417,0.9184397163120568,0.9184397163120568,0.9143356643356644,0.9139596136962248,0.8279206864549707,349,"all","NB#349","NB",349
549,532,32,26,0.9547826086956521,0.953405017921147,0.9547826086956521,0.9547826086956521,0.9498269896193772,0.9490781387181738,0.8981364122775367,349,"all","MLP#349","MLP",349
533,526,38,42,0.9326241134751773,0.9334500875656743,0.9326241134751773,0.9326241134751773,0.9301919720767889,0.9297629499561019,0.8595223265766738,350,"all","DT#350","DT",350
552,543,21,23,0.9627659574468085,0.9633507853403142,0.9627659574468085,0.9627659574468085,0.9616724738675958,0.961369622475856,0.9227346590155745,350,"all","RF#350","RF",350
522,511,53,53,0.9078260869565218,0.9078260869565218,0.9078260869565218,0.9078260869565218,0.9078260869565217,0.9069359086918349,0.813854455750848,350,"all","NB#350","NB",350
554,517,47,21,0.9634782608695652,0.9609665427509294,0.9634782608695652,0.9634782608695652,0.9421768707482994,0.9402985074626866,0.8805331984192846,350,"all","MLP#350","MLP",350
545,510,54,30,0.9478260869565217,0.9444444444444444,0.9478260869565217,0.9478260869565217,0.928449744463373,0.926251097453907,0.8524283704745689,351,"all","DT#351","DT",351
561,533,31,14,0.9756521739130435,0.9744058500914077,0.9756521739130435,0.9756521739130435,0.961439588688946,0.9604916593503073,0.9209531579410037,351,"all","RF#351","RF",351
519,518,46,56,0.9184397163120568,0.9185840707964602,0.9184397163120568,0.9184397163120568,0.9105263157894736,0.9104477611940298,0.8209091890058731,351,"all","NB#351","NB",351
547,534,30,28,0.951304347826087,0.9501779359430605,0.951304347826087,0.951304347826087,0.9496527777777778,0.9490781387181738,0.8981433227769057,351,"all","MLP#351","MLP",351
541,525,39,34,0.9408695652173913,0.9391771019677997,0.9408695652173913,0.9408695652173913,0.9367965367965368,0.935908691834943,0.8717945555050152,352,"all","DT#352","DT",352
550,540,24,25,0.9574468085106383,0.9581881533101045,0.9574468085106383,0.9574468085106383,0.9573542210617928,0.9569798068481123,0.9139530473581237,352,"all","RF#352","RF",352
522,503,61,53,0.9078260869565218,0.9046762589928058,0.9078260869565218,0.9078260869565218,0.9015544041450777,0.8999122036874452,0.7997785700187507,352,"all","NB#352","NB",352
529,542,22,46,0.9609929078014184,0.9600725952813067,0.9609929078014184,0.9609929078014184,0.9409722222222222,0.9402985074626866,0.8806344626917197,352,"all","MLP#352","MLP",352
543,529,35,32,0.9443478260869566,0.9429590017825312,0.9443478260869566,0.9443478260869566,0.9418907198612315,0.9411764705882353,0.8823359807082383,353,"all","DT#353","DT",353
556,534,30,19,0.9669565217391304,0.9656419529837251,0.9669565217391304,0.9669565217391304,0.9577950043066322,0.9569798068481123,0.9139355322223233,353,"all","RF#353","RF",353
508,519,45,67,0.9202127659574468,0.918625678119349,0.9202127659574468,0.9202127659574468,0.9026086956521738,0.9016681299385426,0.8033912724515369,353,"all","NB#353","NB",353
542,538,26,33,0.9539007092198581,0.954225352112676,0.9539007092198581,0.9539007092198581,0.9483814523184602,0.9482001755926251,0.8964029863861368,353,"all","MLP#353","MLP",353
534,525,39,41,0.9308510638297872,0.9319371727748691,0.9308510638297872,0.9308510638297872,0.9303135888501742,0.9297629499561019,0.8595175618464993,354,"all","DT#354","DT",354
544,545,19,31,0.9663120567375887,0.9662522202486679,0.9663120567375887,0.9663120567375887,0.9561403508771931,0.9561018437225637,0.9122133639160702,354,"all","RF#354","RF",354
509,517,47,66,0.9166666666666666,0.9154676258992805,0.9166666666666666,0.9166666666666666,0.9014821272885789,0.9007901668129938,0.8016257481015213,354,"all","NB#354","NB",354
530,543,21,45,0.9627659574468085,0.9618874773139746,0.9627659574468085,0.9627659574468085,0.9427083333333334,0.9420544337137841,0.8841452137890221,354,"all","MLP#354","MLP",354
533,535,29,42,0.9485815602836879,0.9483985765124555,0.9485815602836879,0.9485815602836879,0.9377738825591585,0.9376646180860404,0.8753450904287214,355,"all","DT#355","DT",355
551,550,14,24,0.975177304964539,0.9752212389380531,0.975177304964539,0.975177304964539,0.9666666666666667,0.9666374012291484,0.9332798939433645,355,"all","RF#355","RF",355
530,507,57,45,0.9217391304347826,0.9184782608695652,0.9217391304347826,0.9217391304347826,0.9122203098106713,0.9104477611940298,0.8208423545957548,355,"all","NB#355","NB",355
536,546,18,39,0.9680851063829787,0.9675090252707581,0.9680851063829787,0.9680851063829787,0.9503916449086162,0.9499561018437226,0.8999385047878414,355,"all","MLP#355","MLP",355
535,531,33,40,0.9414893617021277,0.9419014084507042,0.9414893617021277,0.9414893617021277,0.9361329833770778,0.935908691834943,0.8718206441726777,356,"all","DT#356","DT",356
551,542,22,24,0.9609929078014184,0.9616055846422339,0.9609929078014184,0.9609929078014184,0.9599303135888502,0.9596136962247586,0.919222598061737,356,"all","RF#356","RF",356
510,516,48,65,0.9148936170212766,0.9139784946236559,0.9148936170212766,0.9148936170212766,0.9013100436681223,0.9007901668129938,0.801619021342906,356,"all","NB#356","NB",356
542,526,38,33,0.9426086956521739,0.9409660107334525,0.9426086956521739,0.9426086956521739,0.9385281385281385,0.9376646180860404,0.8753070334363845,356,"all","MLP#356","MLP",356
540,536,28,35,0.950354609929078,0.9507042253521126,0.950354609929078,0.950354609929078,0.9448818897637795,0.9446883230904302,0.889379460039434,357,"all","DT#357","DT",357
552,547,17,23,0.9698581560283688,0.9701230228471002,0.9698581560283688,0.9698581560283688,0.965034965034965,0.9648814749780509,0.9297635454918247,357,"all","RF#357","RF",357
505,522,42,70,0.925531914893617,0.923217550274223,0.925531914893617,0.925531914893617,0.903114186851211,0.9016681299385426,0.8034112693941207,357,"all","NB#357","NB",357
547,548,16,28,0.9716312056737588,0.9715808170515098,0.9716312056737588,0.9716312056737588,0.9614035087719298,0.961369622475856,0.9227477602461417,357,"all","MLP#357","MLP",357
536,520,44,39,0.9321739130434783,0.9302325581395349,0.9321739130434783,0.9321739130434783,0.928138528138528,0.9271290605794557,0.8542321658481677,358,"all","DT#358","DT",358
555,538,26,20,0.9652173913043478,0.96415770609319,0.9652173913043478,0.9652173913043478,0.9602076124567475,0.9596136962247586,0.9192116373235636,358,"all","RF#358","RF",358
551,449,115,24,0.9582608695652174,0.9492600422832981,0.9582608695652174,0.9582608695652174,0.8879935535858179,0.8779631255487269,0.7555261820972545,358,"all","NB#358","NB",358
550,538,26,25,0.9565217391304348,0.955595026642984,0.9565217391304348,0.9565217391304348,0.9556907037358819,0.9552238805970149,0.9104378890175442,358,"all","MLP#358","MLP",358
531,537,27,44,0.9521276595744681,0.9516129032258065,0.9521276595744681,0.9521276595744681,0.9379912663755459,0.9376646180860404,0.8753535443835958,359,"all","DT#359","DT",359
555,549,15,20,0.973404255319149,0.9736842105263158,0.973404255319149,0.973404255319149,0.9694323144104805,0.9692712906057945,0.9385420601089948,359,"all","RF#359","RF",359
505,525,39,70,0.9308510638297872,0.9283088235294118,0.9308510638297872,0.9308510638297872,0.9059534081104399,0.9043020193151887,0.8086867681345453,359,"all","NB#359","NB",359
548,543,21,27,0.9627659574468085,0.9630931458699473,0.9627659574468085,0.9627659574468085,0.958041958041958,0.9578577699736611,0.9157162545901898,359,"all","MLP#359","MLP",359
531,520,44,44,0.9234782608695652,0.9234782608695652,0.9234782608695652,0.9234782608695652,0.9234782608695652,0.922739244951712,0.8454640764724021,360,"all","DT#360","DT",360
551,537,27,24,0.9582608695652174,0.9572192513368984,0.9582608695652174,0.9582608695652174,0.9557675628794449,0.9552238805970149,0.9104348509868679,360,"all","RF#360","RF",360
512,506,58,63,0.8971631205673759,0.8982456140350877,0.8971631205673759,0.8971631205673759,0.8943231441048035,0.8937664618086041,0.7875311220910963,360,"all","NB#360","NB",360
545,525,39,30,0.9478260869565217,0.9459459459459459,0.9478260869565217,0.9478260869565217,0.9404659188955997,0.9394205443371378,0.8788112894197542,360,"all","MLP#360","MLP",360
539,528,36,36,0.9373913043478261,0.9373913043478261,0.9373913043478261,0.9373913043478261,0.9373913043478261,0.9367866549604916,0.8735615171137835,361,"all","DT#361","DT",361
557,541,23,18,0.9686956521739131,0.9677996422182469,0.9686956521739131,0.9686956521739131,0.9645021645021645,0.9640035118525022,0.9279942024069263,361,"all","RF#361","RF",361
520,502,62,55,0.9043478260869565,0.9012567324955116,0.9043478260869565,0.9043478260869565,0.898876404494382,0.897278314310799,0.7945130704693589,361,"all","NB#361","NB",361
547,536,28,28,0.951304347826087,0.951304347826087,0.951304347826087,0.951304347826087,0.951304347826087,0.9508340649692713,0.9016589577551649,361,"all","MLP#361","MLP",361
548,513,51,27,0.9530434782608695,0.95,0.9530434782608695,0.9530434782608695,0.9335604770017035,0.9315188762071993,0.8629692011549567,362,"all","DT#362","DT",362
556,528,36,19,0.9669565217391304,0.9652650822669104,0.9669565217391304,0.9669565217391304,0.9528706083976006,0.95171202809482,0.9033871930390045,362,"all","RF#362","RF",362
496,518,46,79,0.9184397163120568,0.915129151291513,0.9184397163120568,0.9184397163120568,0.892334194659776,0.8902546093064091,0.7806115294708635,362,"all","NB#362","NB",362
543,533,31,32,0.9450354609929078,0.945993031358885,0.9450354609929078,0.9450354609929078,0.9451697127937337,0.9446883230904302,0.889368203746159,362,"all","MLP#362","MLP",362
538,523,41,37,0.9356521739130435,0.9339285714285714,0.9356521739130435,0.9356521739130435,0.9324090121317158,0.9315188762071993,0.8630156840735419,363,"all","DT#363","DT",363
559,540,24,16,0.9721739130434782,0.9712230215827338,0.9721739130434782,0.9721739130434782,0.9654576856649396,0.9648814749780509,0.9297468666732457,363,"all","RF#363","RF",363
535,509,55,40,0.9304347826086956,0.9271402550091075,0.9304347826086956,0.9304347826086956,0.9184549356223176,0.9165935030728709,0.8331289951961259,363,"all","NB#363","NB",363
551,545,19,24,0.9663120567375887,0.9666666666666667,0.9663120567375887,0.9663120567375887,0.9624454148471616,0.9622475856014048,0.9244945309910508,363,"all","MLP#363","MLP",363
543,525,39,32,0.9443478260869566,0.9425493716337523,0.9443478260869566,0.9443478260869566,0.9386343993085566,0.9376646180860404,0.8753028034472178,364,"all","DT#364","DT",364
561,545,19,14,0.9756521739130435,0.9749552772808586,0.9756521739130435,0.9756521739130435,0.9714285714285715,0.971027216856892,0.942044114132404,364,"all","RF#364","RF",364
511,536,28,64,0.950354609929078,0.948051948051948,0.950354609929078,0.950354609929078,0.9209621993127147,0.9192273924495171,0.8385382960757848,364,"all","NB#364","NB",364
549,535,29,26,0.9547826086956521,0.9536541889483066,0.9547826086956521,0.9547826086956521,0.9522983521248916,0.95171202809482,0.9034101334172105,364,"all","MLP#364","MLP",364
540,528,36,35,0.9391304347826087,0.9378330373001776,0.9391304347826087,0.9391304347826087,0.9383145091225022,0.9376646180860404,0.8753154925538361,365,"all","DT#365","DT",365
556,536,28,19,0.9669565217391304,0.9657657657657658,0.9669565217391304,0.9669565217391304,0.9594477998274374,0.9587357330992098,0.9174511681554847,365,"all","RF#365","RF",365
519,518,46,56,0.9184397163120568,0.9185840707964602,0.9184397163120568,0.9184397163120568,0.9105263157894736,0.9104477611940298,0.8209091890058731,365,"all","NB#365","NB",365
546,530,34,29,0.9495652173913044,0.9481216457960644,0.9495652173913044,0.9495652173913044,0.9454545454545455,0.9446883230904302,0.8893569451618623,365,"all","MLP#365","MLP",365
527,525,39,48,0.9308510638297872,0.931095406360424,0.9308510638297872,0.9308510638297872,0.9237510955302366,0.9236172080772608,0.8472434827246536,366,"all","DT#366","DT",366
548,548,16,27,0.9716312056737588,0.9716312056737588,0.9716312056737588,0.9716312056737588,0.9622475856014047,0.9622475856014048,0.9245022128156788,366,"all","RF#366","RF",366
519,489,75,56,0.9026086956521739,0.8972477064220183,0.9026086956521739,0.9026086956521739,0.8879384088964927,0.8849868305531168,0.7698780519778962,366,"all","NB#366","NB",366
538,542,22,37,0.9609929078014184,0.9607142857142857,0.9609929078014184,0.9609929078014184,0.9483814523184602,0.9482001755926251,0.8964170385270476,366,"all","MLP#366","MLP",366
541,503,61,34,0.9408695652173913,0.9366852886405959,0.9408695652173913,0.9408695652173913,0.9192863211554799,0.9165935030728709,0.8330950188414984,367,"all","DT#367","DT",367
559,540,24,16,0.9721739130434782,0.9712230215827338,0.9721739130434782,0.9721739130434782,0.9654576856649396,0.9648814749780509,0.9297468666732457,367,"all","RF#367","RF",367
518,514,50,57,0.9113475177304965,0.9119718309859155,0.9113475177304965,0.9113475177304965,0.9063867016622923,0.9060579455662863,0.8121206702257057,367,"all","NB#367","NB",367
561,535,29,14,0.9756521739130435,0.9744990892531876,0.9756521739130435,0.9756521739130435,0.9630901287553648,0.9622475856014048,0.9244689136150886,367,"all","MLP#367","MLP",367
537,530,34,38,0.9397163120567376,0.9404553415061296,0.9397163120567376,0.9397163120567376,0.93717277486911,0.9367866549604916,0.8735700939190063,368,"all","DT#368","DT",368
552,539,25,23,0.96,0.9590747330960854,0.96,0.96,0.9583333333333334,0.9578577699736611,0.9157048188498531,368,"all","RF#368","RF",368
507,525,39,68,0.9308510638297872,0.9285714285714286,0.9308510638297872,0.9308510638297872,0.9075194468452895,0.9060579455662863,0.8121907356696291,368,"all","NB#368","NB",368
538,533,31,37,0.9450354609929078,0.945518453427065,0.9450354609929078,0.9450354609929078,0.9405594405594405,0.9402985074626866,0.8805980273361022,368,"all","MLP#368","MLP",368
529,522,42,46,0.925531914893617,0.9264448336252189,0.925531914893617,0.925531914893617,0.9232111692844677,0.922739244951712,0.8454745592343411,369,"all","DT#369","DT",369
550,543,21,25,0.9627659574468085,0.9632224168126094,0.9627659574468085,0.9627659574468085,0.9598603839441535,0.9596136962247586,0.9192253377815874,369,"all","RF#369","RF",369
488,526,38,87,0.9326241134751773,0.9277566539923955,0.9326241134751773,0.9326241134751773,0.8937977909940527,0.8902546093064091,0.7806710119096218,369,"all","NB#369","NB",369
544,535,29,31,0.9485815602836879,0.9493891797556719,0.9485815602836879,0.9485815602836879,0.9477351916376306,0.9473222124670764,0.8946381713848743,369,"all","MLP#369","MLP",369
536,518,46,39,0.9321739130434783,0.9299820466786356,0.9321739130434783,0.9321739130434783,0.9265341400172862,0.9253731343283582,0.8507146238452608,370,"all","DT#370","DT",370
550,539,25,25,0.9565217391304348,0.9565217391304348,0.9565217391304348,0.9565217391304348,0.9565217391304348,0.9561018437225637,0.9121954979956831,370,"all","RF#370","RF",370
524,489,75,51,0.9113043478260869,0.9055555555555556,0.9113043478260869,0.9113043478260869,0.8926746166950595,0.8893766461808604,0.7786425557118531,370,"all","NB#370","NB",370
532,546,18,43,0.9680851063829787,0.9672727272727273,0.9680851063829787,0.9680851063829787,0.9470945359930615,0.9464442493415277,0.8929239067617031,370,"all","MLP#370","MLP",370
537,524,40,38,0.9339130434782609,0.9323843416370107,0.9339130434782609,0.9339130434782609,0.9322916666666667,0.9315188762071993,0.8630203306310112,371,"all","DT#371","DT",371
550,533,31,25,0.9565217391304348,0.9551971326164874,0.9565217391304348,0.9565217391304348,0.9515570934256056,0.9508340649692713,0.9016489497852078,371,"all","RF#371","RF",371
510,511,53,65,0.9060283687943262,0.9058614564831261,0.9060283687943262,0.9060283687943262,0.8964912280701754,0.8964003511852502,0.7928235388419254,371,"all","NB#371","NB",371
541,535,29,34,0.9485815602836879,0.9491228070175438,0.9485815602836879,0.9485815602836879,0.9449781659388645,0.9446883230904302,0.8893757081961905,371,"all","MLP#371","MLP",371
545,520,44,30,0.9478260869565217,0.9454545454545454,0.9478260869565217,0.9478260869565217,0.9364261168384879,0.9350307287093942,0.8700184749385453,372,"all","DT#372","DT",372
553,537,27,22,0.9617391304347827,0.960644007155635,0.9617391304347827,0.9617391304347827,0.9575757575757575,0.9569798068481123,0.9139442906814484,372,"all","RF#372","RF",372
506,518,46,69,0.9184397163120568,0.9166666666666666,0.9184397163120568,0.9184397163120568,0.900086880973067,0.8990342405618964,0.7981283896352487,372,"all","NB#372","NB",372
543,531,33,32,0.9443478260869566,0.9431616341030196,0.9443478260869566,0.9443478260869566,0.9435273675065161,0.9429323968393327,0.8858522114929485,372,"all","MLP#372","MLP",372
537,522,42,38,0.9339130434782609,0.9321428571428572,0.9339130434782609,0.9339130434782609,0.9306759098786829,0.9297629499561019,0.8595032657164532,373,"all","DT#373","DT",373
558,542,22,17,0.9704347826086956,0.9695885509838998,0.9704347826086956,0.9704347826086956,0.9662337662337662,0.9657594381035997,0.9315066803382958,373,"all","RF#373","RF",373
505,520,44,70,0.9219858156028369,0.9198542805100182,0.9219858156028369,0.9219858156028369,0.901213171577123,0.8999122036874452,0.7998939721306978,373,"all","NB#373","NB",373
549,537,27,26,0.9547826086956521,0.9538188277087034,0.9547826086956521,0.9547826086956521,0.9539530842745438,0.9534679543459175,0.9069256493711734,373,"all","MLP#373","MLP",373
529,524,40,46,0.9290780141843972,0.929701230228471,0.9290780141843972,0.9290780141843972,0.9248251748251748,0.9244951712028094,0.8489916228074231,374,"all","DT#374","DT",374
556,533,31,19,0.9669565217391304,0.9655797101449275,0.9669565217391304,0.9669565217391304,0.9569707401032701,0.9561018437225637,0.9121776248018407,374,"all","RF#374","RF",374
516,500,64,59,0.8973913043478261,0.8944543828264758,0.8973913043478261,0.8973913043478261,0.8935064935064936,0.8920105355575065,0.7839826072207787,374,"all","NB#374","NB",374
531,534,30,44,0.9468085106382979,0.946524064171123,0.9468085106382979,0.9468085106382979,0.9352014010507881,0.9350307287093942,0.8700801844767044,374,"all","MLP#374","MLP",374
531,517,47,44,0.9234782608695652,0.9215686274509803,0.9234782608695652,0.9234782608695652,0.9210754553339114,0.9201053555750659,0.8401876752902939,375,"all","DT#375","DT",375
551,534,30,24,0.9582608695652174,0.956989247311828,0.9582608695652174,0.9582608695652174,0.953287197231834,0.9525899912203687,0.9051614872928789,375,"all","RF#375","RF",375
511,504,60,64,0.8936170212765957,0.8949211908931699,0.8936170212765957,0.8936170212765957,0.8917975567190227,0.8911325724319579,0.7822596061938444,375,"all","NB#375","NB",375
541,536,28,34,0.950354609929078,0.9507908611599297,0.950354609929078,0.950354609929078,0.9458041958041958,0.9455662862159789,0.8911334955123283,375,"all","MLP#375","MLP",375
528,541,23,47,0.9592198581560284,0.9582577132486388,0.9592198581560284,0.9592198581560284,0.939236111111111,0.9385425812115891,0.8771237115944173,376,"all","DT#376","DT",376
547,544,20,28,0.9645390070921985,0.9647266313932981,0.9645390070921985,0.9645390070921985,0.957968476357268,0.9578577699736611,0.9157191130404755,376,"all","RF#376","RF",376
524,519,45,51,0.9202127659574468,0.9209138840070299,0.9202127659574468,0.9202127659574468,0.9160839160839161,0.9157155399473222,0.8314325091803795,376,"all","NB#376","NB",376
540,537,27,35,0.9521276595744681,0.9523809523809523,0.9521276595744681,0.9521276595744681,0.9457092819614711,0.9455662862159789,0.8911371876772808,376,"all","MLP#376","MLP",376
533,524,40,42,0.9290780141843972,0.9301919720767888,0.9290780141843972,0.9290780141843972,0.9285714285714286,0.9280070237050044,0.8560055008926618,377,"all","DT#377","DT",377
548,538,26,27,0.9539007092198581,0.9547038327526133,0.9539007092198581,0.9539007092198581,0.9538729329852046,0.9534679543459175,0.9069288063261338,377,"all","RF#377","RF",377
544,410,154,31,0.9460869565217391,0.9297052154195011,0.9460869565217391,0.9460869565217391,0.8546739984289081,0.8375768217734855,0.6744442229936948,377,"all","NB#377","NB",377
547,532,32,28,0.951304347826087,0.95,0.951304347826087,0.951304347826087,0.9480069324090121,0.9473222124670764,0.8946274492873398,377,"all","MLP#377","MLP",377
522,526,38,53,0.9326241134751773,0.9321428571428572,0.9326241134751773,0.9326241134751773,0.9203849518810148,0.9201053555750659,0.8402364492535819,378,"all","DT#378","DT",378
548,540,24,27,0.9574468085106383,0.958041958041958,0.9574468085106383,0.9574468085106383,0.9555361813426329,0.9552238805970149,0.9104439644606426,378,"all","RF#378","RF",378
536,445,119,39,0.9321739130434783,0.9194214876033058,0.9321739130434783,0.9321739130434783,0.8715447154471544,0.8612818261633012,0.7221608102266412,378,"all","NB#378","NB",378
538,540,24,37,0.9574468085106383,0.9572953736654805,0.9574468085106383,0.9574468085106383,0.9465381244522348,0.9464442493415277,0.892902119945803,378,"all","MLP#378","MLP",378
543,531,33,32,0.9443478260869566,0.9431616341030196,0.9443478260869566,0.9443478260869566,0.9435273675065161,0.9429323968393327,0.8858522114929485,379,"all","DT#379","DT",379
551,543,21,24,0.9627659574468085,0.9632867132867133,0.9627659574468085,0.9627659574468085,0.9607672188317351,0.9604916593503073,0.9209799686417436,379,"all","RF#379","RF",379
527,490,74,48,0.9165217391304348,0.9107806691449815,0.9165217391304348,0.9165217391304348,0.8962585034013606,0.8928884986830553,0.7856625030463633,379,"all","NB#379","NB",379
550,533,31,25,0.9565217391304348,0.9551971326164874,0.9565217391304348,0.9565217391304348,0.9515570934256056,0.9508340649692713,0.9016489497852078,379,"all","MLP#379","MLP",379
535,517,47,40,0.9304347826086956,0.9281867145421903,0.9304347826086956,0.9304347826086956,0.9248055315471045,0.9236172080772608,0.8472020267592669,380,"all","DT#380","DT",380
548,536,28,27,0.9530434782608695,0.9520426287744227,0.9530434782608695,0.9530434782608695,0.9522154648132058,0.95171202809482,0.9034134097248027,380,"all","RF#380","RF",380
472,530,34,103,0.9397163120567376,0.932806324110672,0.9397163120567376,0.9397163120567376,0.8855472013366751,0.8797190517998245,0.7596968702982481,380,"all","NB#380","NB",380
532,521,43,43,0.9252173913043479,0.9252173913043479,0.9252173913043479,0.9252173913043479,0.9252173913043479,0.9244951712028094,0.8489762565525747,380,"all","MLP#380","MLP",380
544,513,51,31,0.9460869565217391,0.9430147058823529,0.9460869565217391,0.9460869565217391,0.9299145299145298,0.9280070237050044,0.8559517566858942,381,"all","DT#381","DT",381
556,531,33,19,0.9669565217391304,0.9654545454545455,0.9669565217391304,0.9669565217391304,0.9553264604810996,0.9543459174714662,0.9086616310378969,381,"all","RF#381","RF",381
532,497,67,43,0.9252173913043479,0.9203703703703704,0.9252173913043479,0.9252173913043479,0.9063032367972742,0.9034240561896401,0.806751437526221,381,"all","NB#381","NB",381
545,517,47,30,0.9478260869565217,0.9451553930530164,0.9478260869565217,0.9478260869565217,0.9340188517566409,0.932396839332748,0.8647420702546061,381,"all","MLP#381","MLP",381
536,519,45,39,0.9321739130434783,0.9301075268817204,0.9321739130434783,0.9321739130434783,0.9273356401384083,0.926251097453907,0.8524734246778118,382,"all","DT#382","DT",382
550,538,26,25,0.9565217391304348,0.955595026642984,0.9565217391304348,0.9565217391304348,0.9556907037358819,0.9552238805970149,0.9104378890175442,382,"all","RF#382","RF",382
513,517,47,62,0.9166666666666666,0.9160714285714285,0.9166666666666666,0.9166666666666666,0.9046369203849518,0.9043020193151887,0.8086348677872572,382,"all","NB#382","NB",382
555,529,35,20,0.9652173913043478,0.9635701275045537,0.9652173913043478,0.9652173913043478,0.9527896995708155,0.95171202809482,0.9033904709030204,382,"all","MLP#382","MLP",382
539,528,36,36,0.9373913043478261,0.9373913043478261,0.9373913043478261,0.9373913043478261,0.9373913043478261,0.9367866549604916,0.8735615171137835,383,"all","DT#383","DT",383
552,547,17,23,0.9698581560283688,0.9701230228471002,0.9698581560283688,0.9698581560283688,0.965034965034965,0.9648814749780509,0.9297635454918247,383,"all","RF#383","RF",383
495,535,29,80,0.9485815602836879,0.9446564885496184,0.9485815602836879,0.9485815602836879,0.9075487701441899,0.9043020193151887,0.8087516039934622,383,"all","NB#383","NB",383
551,541,23,24,0.9592198581560284,0.9599303135888502,0.9592198581560284,0.9592198581560284,0.959094865100087,0.9587357330992098,0.9174651678741186,383,"all","MLP#383","MLP",383
533,517,47,42,0.9269565217391305,0.924865831842576,0.9269565217391305,0.9269565217391305,0.922943722943723,0.9218612818261633,0.8436947320540595,384,"all","DT#384","DT",384
548,533,31,27,0.9530434782608695,0.9517857142857142,0.9530434782608695,0.9530434782608695,0.9497400346620449,0.9490781387181738,0.8981398676444285,384,"all","RF#384","RF",384
532,482,82,43,0.9252173913043479,0.9180952380952381,0.9252173913043479,0.9252173913043479,0.894869638351556,0.8902546093064091,0.7803434587477687,384,"all","NB#384","NB",384
548,525,39,27,0.9530434782608695,0.9510869565217391,0.9530434782608695,0.9530434782608695,0.9432013769363167,0.9420544337137841,0.8840744647384298,384,"all","MLP#384","MLP",384
542,523,41,33,0.9426086956521739,0.9406474820143885,0.9426086956521739,0.9426086956521739,0.9360967184801381,0.9350307287093942,0.8700317033455047,385,"all","DT#385","DT",385
549,537,27,26,0.9547826086956521,0.9538188277087034,0.9547826086956521,0.9547826086956521,0.9539530842745438,0.9534679543459175,0.9069256493711734,385,"all","RF#385","RF",385
516,516,48,59,0.9148936170212766,0.9148936170212766,0.9148936170212766,0.9148936170212766,0.9060579455662862,0.9060579455662863,0.8121334132855265,385,"all","NB#385","NB",385
551,516,48,24,0.9582608695652174,0.9555555555555556,0.9582608695652174,0.9582608695652174,0.938671209540034,0.9367866549604916,0.8735100318353446,385,"all","MLP#385","MLP",385
547,529,35,28,0.951304347826087,0.9497307001795332,0.951304347826087,0.951304347826087,0.9455488331892826,0.9446883230904302,0.8893531917911931,386,"all","DT#386","DT",386
554,539,25,21,0.9634782608695652,0.9625,0.9634782608695652,0.9634782608695652,0.9601386481802425,0.9596136962247586,0.9192143777869606,386,"all","RF#386","RF",386
530,503,61,45,0.9217391304347826,0.9178832116788321,0.9217391304347826,0.9217391304347826,0.9090909090909091,0.9069359086918349,0.8138039307613536,386,"all","NB#386","NB",386
550,537,27,25,0.9565217391304348,0.9555160142348754,0.9565217391304348,0.9565217391304348,0.954861111111111,0.9543459174714662,0.9086802204206742,386,"all","MLP#386","MLP",386
538,520,44,37,0.9356521739130435,0.933572710951526,0.9356521739130435,0.9356521739130435,0.9299913569576491,0.9288849868305531,0.8577398180172484,387,"all","DT#387","DT",387
557,537,27,18,0.9686956521739131,0.9675675675675676,0.9686956521739131,0.9686956521739131,0.9611734253666955,0.9604916593503073,0.9209638844041876,387,"all","RF#387","RF",387
520,521,43,55,0.9237588652482269,0.9236234458259325,0.9237588652482269,0.9237588652482269,0.9140350877192982,0.9139596136962248,0.8279381932754976,387,"all","NB#387","NB",387
546,534,30,29,0.9495652173913044,0.9484902309058615,0.9495652173913044,0.9495652173913044,0.94874022589053,0.9482001755926251,0.896388930432061,387,"all","MLP#387","MLP",387
534,526,38,41,0.9326241134751773,0.9335664335664335,0.9326241134751773,0.9326241134751773,0.9311246730601569,0.9306409130816505,0.8612759449488385,388,"all","DT#388","DT",388
550,542,22,25,0.9609929078014184,0.9615384615384616,0.9609929078014184,0.9609929078014184,0.959023539668701,0.9587357330992098,0.9174679672480431,388,"all","RF#388","RF",388
528,506,58,47,0.9182608695652174,0.9150090415913201,0.9182608695652174,0.9182608695652174,0.9095607235142119,0.9078138718173837,0.8155761404764071,388,"all","NB#388","NB",388
542,536,28,33,0.950354609929078,0.9508771929824561,0.950354609929078,0.950354609929078,0.9467248908296942,0.9464442493415277,0.8928875904756767,388,"all","MLP#388","MLP",388
532,516,48,43,0.9252173913043479,0.9230769230769231,0.9252173913043479,0.9252173913043479,0.9212121212121213,0.9201053555750659,0.8401822541226901,389,"all","DT#389","DT",389
561,541,23,14,0.9756521739130435,0.9747747747747748,0.9756521739130435,0.9756521739130435,0.9680759275237273,0.9675153643546971,0.9350147493989985,389,"all","RF#389","RF",389
525,509,55,50,0.9130434782608695,0.9105545617173524,0.9130434782608695,0.9130434782608695,0.9090909090909092,0.9078138718173837,0.8155949086031039,389,"all","NB#389","NB",389
554,529,35,21,0.9634782608695652,0.9618181818181818,0.9634782608695652,0.9634782608695652,0.9518900343642612,0.9508340649692713,0.9016356026561965,389,"all","MLP#389","MLP",389
536,529,35,39,0.9379432624113475,0.9387040280210157,0.9379432624113475,0.9379432624113475,0.9354275741710297,0.9350307287093942,0.8700581520834232,390,"all","DT#390","DT",390
545,546,18,30,0.9680851063829787,0.9680284191829485,0.9680851063829787,0.9680851063829787,0.9578947368421052,0.9578577699736611,0.9157248293594273,390,"all","RF#390","RF",390
508,524,40,67,0.9290780141843972,0.927007299270073,0.9290780141843972,0.9290780141843972,0.9073593073593074,0.9060579455662863,0.8121843682433423,390,"all","NB#390","NB",390
525,543,21,50,0.9627659574468085,0.9615384615384616,0.9627659574468085,0.9627659574468085,0.9386343993085565,0.9376646180860404,0.8753788993695668,390,"all","MLP#390","MLP",390
543,519,45,32,0.9443478260869566,0.941923774954628,0.9443478260869566,0.9443478260869566,0.9337919174548581,0.932396839332748,0.8647512479624708,391,"all","DT#391","DT",391
551,534,30,24,0.9582608695652174,0.956989247311828,0.9582608695652174,0.9582608695652174,0.953287197231834,0.9525899912203687,0.9051614872928789,391,"all","RF#391","RF",391
529,486,78,46,0.92,0.9135338345864662,0.92,0.92,0.895093062605753,0.8911325724319579,0.7821265935259345,391,"all","NB#391","NB",391
547,530,34,28,0.951304347826087,0.9498207885304659,0.951304347826087,0.951304347826087,0.9463667820069205,0.9455662862159789,0.8911113372621944,391,"all","MLP#391","MLP",391
541,516,48,34,0.9408695652173913,0.9381818181818182,0.9408695652173913,0.9408695652173913,0.929553264604811,0.9280070237050044,0.855966418175145,392,"all","DT#392","DT",392
558,543,21,17,0.9704347826086956,0.9696428571428571,0.9704347826086956,0.9704347826086956,0.9670710571923744,0.9666374012291484,0.9332640512153154,392,"all","RF#392","RF",392
536,486,78,39,0.9321739130434783,0.9257142857142857,0.9321739130434783,0.9321739130434783,0.9015979814970564,0.897278314310799,0.7944014773879116,392,"all","NB#392","NB",392
548,537,27,27,0.9530434782608695,0.9530434782608695,0.9530434782608695,0.9530434782608695,0.9530434782608695,0.9525899912203687,0.9051711378353375,392,"all","MLP#392","MLP",392
537,526,38,38,0.9339130434782609,0.9339130434782609,0.9339130434782609,0.9339130434782609,0.9339130434782609,0.9332748024582967,0.8665371569534381,393,"all","DT#393","DT",393
556,533,31,19,0.9669565217391304,0.9655797101449275,0.9669565217391304,0.9669565217391304,0.9569707401032701,0.9561018437225637,0.9121776248018407,393,"all","RF#393","RF",393
522,509,55,53,0.9078260869565218,0.905693950177936,0.9078260869565218,0.9078260869565218,0.90625,0.9051799824407375,0.8103358424121694,393,"all","NB#393","NB",393
543,526,38,32,0.9443478260869566,0.942652329749104,0.9443478260869566,0.9443478260869566,0.9394463667820069,0.9385425812115891,0.8770611872315097,393,"all","MLP#393","MLP",393
535,536,28,40,0.950354609929078,0.9502664298401421,0.950354609929078,0.950354609929078,0.9403508771929825,0.9402985074626866,0.8806101749258555,394,"all","DT#394","DT",394
554,547,17,21,0.9698581560283688,0.9702276707530648,0.9698581560283688,0.9698581560283688,0.9668411867364748,0.9666374012291484,0.9332731051239201,394,"all","RF#394","RF",394
507,525,39,68,0.9308510638297872,0.9285714285714286,0.9308510638297872,0.9308510638297872,0.9075194468452895,0.9060579455662863,0.8121907356696291,394,"all","NB#394","NB",394
551,552,12,24,0.9787234042553191,0.9786856127886323,0.9787234042553191,0.9787234042553191,0.968421052631579,0.9683933274802459,0.9367936220195706,394,"all","MLP#394","MLP",394
540,526,38,35,0.9391304347826087,0.9376114081996435,0.9391304347826087,0.9391304347826087,0.9366869037294016,0.935908691834943,0.8717989043537523,395,"all","DT#395","DT",395
553,545,19,22,0.9663120567375887,0.9667832167832168,0.9663120567375887,0.9663120567375887,0.964254577157803,0.9640035118525022,0.9280039714291441,395,"all","RF#395","RF",395
496,522,42,79,0.925531914893617,0.9219330855018587,0.925531914893617,0.925531914893617,0.8961373390557941,0.8937664618086041,0.7876463582056897,395,"all","NB#395","NB",395
538,538,26,37,0.9539007092198581,0.9539007092198581,0.9539007092198581,0.9539007092198581,0.9446883230904302,0.9446883230904302,0.8893869629625061,395,"all","MLP#395","MLP",395
541,517,47,34,0.9408695652173913,0.9382940108892922,0.9408695652173913,0.9408695652173913,0.9303525365434221,0.9288849868305531,0.8577253387657161,396,"all","DT#396","DT",396
564,540,24,11,0.9808695652173913,0.9800362976406534,0.9808695652173913,0.9808695652173913,0.9699054170249355,0.9692712906057945,0.9385232945283958,396,"all","RF#396","RF",396
530,511,53,45,0.9217391304347826,0.9190647482014388,0.9217391304347826,0.9217391304347826,0.9153713298791017,0.9139596136962248,0.8278798233494523,396,"all","NB#396","NB",396
560,541,23,15,0.9739130434782609,0.9730215827338129,0.9739130434782609,0.9739130434782609,0.9671848013816926,0.9666374012291484,0.9332595233395836,396,"all","MLP#396","MLP",396
531,522,42,44,0.925531914893617,0.9267015706806283,0.925531914893617,0.925531914893617,0.9250871080139373,0.9244951712028094,0.8489813789849866,397,"all","DT#397","DT",397
552,537,27,23,0.96,0.9589285714285715,0.96,0.96,0.9566724436741767,0.9561018437225637,0.9121895410727833,397,"all","RF#397","RF",397
546,420,144,29,0.9495652173913044,0.9354120267260579,0.9495652173913044,0.9495652173913044,0.8632411067193676,0.8481123792800702,0.6956027404666826,397,"all","NB#397","NB",397
544,527,37,31,0.9460869565217391,0.9444444444444444,0.9460869565217391,0.9460869565217391,0.9411764705882352,0.9402985074626866,0.880573724739181,397,"all","MLP#397","MLP",397
543,525,39,32,0.9443478260869566,0.9425493716337523,0.9443478260869566,0.9443478260869566,0.9386343993085566,0.9376646180860404,0.8753028034472178,398,"all","DT#398","DT",398
549,532,32,26,0.9547826086956521,0.953405017921147,0.9547826086956521,0.9547826086956521,0.9498269896193772,0.9490781387181738,0.8981364122775367,398,"all","RF#398","RF",398
500,520,44,75,0.9219858156028369,0.9191176470588235,0.9219858156028369,0.9219858156028369,0.89732528041415,0.8955223880597015,0.7911350954863385,398,"all","NB#398","NB",398
547,519,45,28,0.951304347826087,0.9488117001828154,0.951304347826087,0.951304347826087,0.9374464438731792,0.935908691834943,0.871768456215406,398,"all","MLP#398","MLP",398
536,526,38,39,0.9326241134751773,0.9337979094076655,0.9326241134751773,0.9326241134751773,0.9329852045256746,0.932396839332748,0.8647833601341943,399,"all","DT#399","DT",399
553,531,33,22,0.9617391304347827,0.9602169981916817,0.9617391304347827,0.9617391304347827,0.9526270456503015,0.95171202809482,0.9033970259638323,399,"all","RF#399","RF",399
526,496,68,49,0.9147826086956522,0.9100917431192661,0.9147826086956522,0.9147826086956522,0.8999144568006843,0.897278314310799,0.7944712372627011,399,"all","NB#399","NB",399
542,527,37,33,0.9426086956521739,0.9410714285714286,0.9426086956521739,0.9426086956521739,0.9393414211438474,0.9385425812115891,0.8770653575018964,399,"all","MLP#399","MLP",399
542,517,47,33,0.9426086956521739,0.94,0.9426086956521739,0.9426086956521739,0.9312714776632302,0.9297629499561019,0.859479432365995,400,"all","DT#400","DT",400
556,538,26,19,0.9669565217391304,0.9658886894075404,0.9669565217391304,0.9669565217391304,0.9611063094209161,0.9604916593503073,0.9209665655651381,400,"all","RF#400","RF",400
483,523,41,92,0.9273049645390071,0.9217557251908397,0.9273049645390071,0.9273049645390071,0.8871925360474979,0.8832309043020193,0.7666418654232156,400,"all","NB#400","NB",400
547,532,32,28,0.951304347826087,0.95,0.951304347826087,0.951304347826087,0.9480069324090121,0.9473222124670764,0.8946274492873398,400,"all","MLP#400","MLP",400
532,530,34,43,0.9397163120567376,0.9399293286219081,0.9397163120567376,0.9397163120567376,0.9325153374233129,0.932396839332748,0.86480170310113,401,"all","DT#401","DT",401
550,538,26,25,0.9565217391304348,0.955595026642984,0.9565217391304348,0.9565217391304348,0.9556907037358819,0.9552238805970149,0.9104378890175442,401,"all","RF#401","RF",401
515,502,62,60,0.8956521739130435,0.8932384341637011,0.8956521739130435,0.8956521739130435,0.8940972222222222,0.8928884986830553,0.7857497479100432,401,"all","NB#401","NB",401
540,537,27,35,0.9521276595744681,0.9523809523809523,0.9521276595744681,0.9521276595744681,0.9457092819614711,0.9455662862159789,0.8911371876772808,401,"all","MLP#401","MLP",401
540,522,42,35,0.9391304347826087,0.9371633752244165,0.9391304347826087,0.9391304347826087,0.9334485738980121,0.932396839332748,0.8647650121892361,402,"all","DT#402","DT",402
558,537,27,17,0.9704347826086956,0.9693140794223827,0.9704347826086956,0.9704347826086956,0.9620689655172413,0.961369622475856,0.9227189316720381,402,"all","RF#402","RF",402
413,548,16,162,0.9716312056737588,0.9627039627039627,0.9716312056737588,0.9716312056737588,0.8602825745682888,0.8437225636523266,0.6881880511714747,402,"all","NB#402","NB",402
560,526,38,15,0.9739130434782609,0.9722735674676525,0.9739130434782609,0.9739130434782609,0.9548167092924128,0.9534679543459175,0.9068909087263456,402,"all","MLP#402","MLP",402
541,525,39,34,0.9408695652173913,0.9391771019677997,0.9408695652173913,0.9408695652173913,0.9367965367965368,0.935908691834943,0.8717945555050152,403,"all","DT#403","DT",403
554,537,27,21,0.9634782608695652,0.9623655913978495,0.9634782608695652,0.9634782608695652,0.9584775086505191,0.9578577699736611,0.9156990998158925,403,"all","RF#403","RF",403
527,488,76,48,0.9165217391304348,0.9104477611940298,0.9165217391304348,0.9165217391304348,0.8947368421052633,0.8911325724319579,0.7821413807358413,403,"all","NB#403","NB",403
551,536,28,24,0.9582608695652174,0.9571428571428572,0.9582608695652174,0.9582608695652174,0.9549393414211439,0.9543459174714662,0.9086771227156947,403,"all","MLP#403","MLP",403
540,523,41,35,0.9391304347826087,0.9372759856630825,0.9391304347826087,0.9391304347826087,0.9342560553633218,0.9332748024582967,0.8665235747084964,404,"all","DT#404","DT",404
553,535,29,22,0.9617391304347827,0.9605026929982047,0.9617391304347827,0.9617391304347827,0.9559204840103717,0.9552238805970149,0.9104287743071564,404,"all","RF#404","RF",404
521,499,65,54,0.9060869565217391,0.9023508137432188,0.9060869565217391,0.9060869565217391,0.8975021533161067,0.8955223880597015,0.7909862925399281,404,"all","NB#404","NB",404
539,533,31,36,0.9450354609929078,0.9456140350877194,0.9450354609929078,0.9450354609929078,0.9414847161572053,0.9411764705882353,0.8823519436372185,404,"all","MLP#404","MLP",404
533,530,34,42,0.9397163120567376,0.9400352733686067,0.9397163120567376,0.9397163120567376,0.9334500875656743,0.9332748024582967,0.8665552623140862,405,"all","DT#405","DT",405
555,541,23,20,0.9652173913043478,0.964349376114082,0.9652173913043478,0.9652173913043478,0.9627059843885516,0.9622475856014048,0.9244842861261828,405,"all","RF#405","RF",405
518,511,53,57,0.9060283687943262,0.9071803852889667,0.9060283687943262,0.9060283687943262,0.9040139616055846,0.9034240561896401,0.8068431990429266,405,"all","NB#405","NB",405
548,541,23,27,0.9592198581560284,0.9597197898423818,0.9592198581560284,0.9592198581560284,0.956369982547993,0.9561018437225637,0.9122014541104212,405,"all","MLP#405","MLP",405
536,522,42,39,0.9321739130434783,0.93048128342246,0.9321739130434783,0.9321739130434783,0.9297484822202949,0.9288849868305531,0.8577494692144373,406,"all","DT#406","DT",406
547,539,25,28,0.9556737588652482,0.9562937062937062,0.9556737588652482,0.9556737588652482,0.953792502179599,0.9534679543459175,0.9069319630669423,406,"all","RF#406","RF",406
528,461,103,47,0.9182608695652174,0.90748031496063,0.9182608695652174,0.9182608695652174,0.8756218905472636,0.8683055311676909,0.7363360823724042,406,"all","NB#406","NB",406
542,538,26,33,0.9539007092198581,0.954225352112676,0.9539007092198581,0.9539007092198581,0.9483814523184602,0.9482001755926251,0.8964029863861368,406,"all","MLP#406","MLP",406
537,517,47,38,0.9339130434782609,0.9315315315315316,0.9339130434782609,0.9339130434782609,0.9266609145815358,0.9253731343283582,0.8507095594301319,407,"all","DT#407","DT",407
551,535,29,24,0.9582608695652174,0.9570661896243292,0.9582608695652174,0.9582608695652174,0.9541125541125541,0.9534679543459175,0.9069193348187096,407,"all","RF#407","RF",407
524,498,66,51,0.9113043478260869,0.907103825136612,0.9113043478260869,0.9113043478260869,0.8995708154506438,0.897278314310799,0.7944851835573342,407,"all","NB#407","NB",407
546,525,39,29,0.9495652173913044,0.9476534296028881,0.9495652173913044,0.9495652173913044,0.9413793103448276,0.9402985074626866,0.8805656216749681,407,"all","MLP#407","MLP",407
537,531,33,38,0.9414893617021277,0.9421052631578948,0.9414893617021277,0.9414893617021277,0.9379912663755459,0.9376646180860404,0.8753281790782466,408,"all","DT#408","DT",408
556,545,19,19,0.9669565217391304,0.9669565217391304,0.9669565217391304,0.9669565217391304,0.9669565217391304,0.9666374012291484,0.9332685784767192,408,"all","RF#408","RF",408
543,503,61,32,0.9443478260869566,0.9401869158878504,0.9443478260869566,0.9443478260869566,0.9211195928753181,0.9183494293239683,0.8366032630911594,408,"all","NB#408","NB",408
558,539,25,17,0.9704347826086956,0.9694244604316546,0.9704347826086956,0.9704347826086956,0.9637305699481865,0.9631255487269534,0.9262342100069081,408,"all","MLP#408","MLP",408
541,513,51,34,0.9408695652173913,0.9378427787934186,0.9408695652173913,0.9408695652173913,0.9271636675235646,0.9253731343283582,0.8506892983330069,409,"all","DT#409","DT",409
557,537,27,18,0.9686956521739131,0.9675675675675676,0.9686956521739131,0.9686956521739131,0.9611734253666955,0.9604916593503073,0.9209638844041876,409,"all","RF#409","RF",409
538,507,57,37,0.9356521739130435,0.9319852941176471,0.9356521739130435,0.9356521739130435,0.9196581196581195,0.9174714661984197,0.8348715259570005,409,"all","NB#409","NB",409
554,529,35,21,0.9634782608695652,0.9618181818181818,0.9634782608695652,0.9634782608695652,0.9518900343642612,0.9508340649692713,0.9016356026561965,409,"all","MLP#409","MLP",409
543,524,40,32,0.9443478260869566,0.9424460431654677,0.9443478260869566,0.9443478260869566,0.9378238341968913,0.9367866549604916,0.8735443600118424,410,"all","DT#410","DT",410
557,542,22,18,0.9686956521739131,0.9678571428571429,0.9686956521739131,0.9686956521739131,0.9653379549393415,0.9648814749780509,0.9297516328582265,410,"all","RF#410","RF",410
535,490,74,40,0.9304347826086956,0.9245283018867925,0.9304347826086956,0.9304347826086956,0.9037162162162163,0.8999122036874452,0.7996902314933373,410,"all","NB#410","NB",410
545,543,21,30,0.9627659574468085,0.9628975265017667,0.9627659574468085,0.9627659574468085,0.9553023663453111,0.9552238805970149,0.9104530760799693,410,"all","MLP#410","MLP",410
547,521,43,28,0.951304347826087,0.9489981785063752,0.951304347826087,0.951304347826087,0.9390557939914164,0.9376646180860404,0.8752858806202627,411,"all","DT#411","DT",411
555,531,33,20,0.9652173913043478,0.9637023593466425,0.9652173913043478,0.9652173913043478,0.9544282029234736,0.9534679543459175,0.9069067031429995,411,"all","RF#411","RF",411
379,547,17,196,0.9698581560283688,0.9570707070707071,0.9698581560283688,0.9698581560283688,0.8370313695485846,0.8129938542581212,0.6270849056748786,411,"all","NB#411","NB",411
546,524,40,29,0.9495652173913044,0.9475587703435805,0.9495652173913044,0.9495652173913044,0.9405684754521964,0.9394205443371378,0.8788071780273532,411,"all","MLP#411","MLP",411
541,527,37,34,0.9408695652173913,0.9393939393939394,0.9408695652173913,0.9408695652173913,0.9384215091066783,0.9376646180860404,0.875311263138581,412,"all","DT#412","DT",412
552,535,29,23,0.96,0.9587813620071685,0.96,0.96,0.9550173010380623,0.9543459174714662,0.9086740248005503,412,"all","RF#412","RF",412
546,392,172,29,0.9495652173913044,0.9311163895486936,0.9495652173913044,0.9495652173913044,0.8445475638051043,0.8235294117647058,0.6461677797062564,412,"all","NB#412","NB",412
552,531,33,23,0.96,0.9584837545126353,0.96,0.96,0.9517241379310344,0.9508340649692713,0.901642276673503,412,"all","MLP#412","MLP",412
534,536,28,41,0.950354609929078,0.9501779359430605,0.950354609929078,0.950354609929078,0.939526730937774,0.9394205443371378,0.8788564963321377,413,"all","DT#413","DT",413
549,542,22,26,0.9609929078014184,0.9614711033274956,0.9609929078014184,0.9609929078014184,0.9581151832460733,0.9578577699736611,0.9157133959460043,413,"all","RF#413","RF",413
514,517,47,61,0.9166666666666666,0.9162210338680927,0.9166666666666666,0.9166666666666666,0.9054290718038529,0.9051799824407375,0.8103872962632985,413,"all","NB#413","NB",413
536,544,20,39,0.9645390070921985,0.9640287769784173,0.9645390070921985,0.9645390070921985,0.948561464690497,0.9482001755926251,0.896424063168051,413,"all","MLP#413","MLP",413
529,516,48,46,0.92,0.9181494661921709,0.92,0.92,0.9184027777777778,0.9174714661984197,0.8349219369142956,414,"all","DT#414","DT",414
552,538,26,23,0.96,0.9590017825311943,0.96,0.96,0.9575021682567215,0.9569798068481123,0.9139472097716966,414,"all","RF#414","RF",414
504,518,46,71,0.9184397163120568,0.9163636363636364,0.9184397163120568,0.9184397163120568,0.8985255854293149,0.897278314310799,0.7946245424773647,414,"all","NB#414","NB",414
539,532,32,36,0.9432624113475178,0.9439579684763573,0.9432624113475178,0.9432624113475178,0.9406631762652705,0.9402985074626866,0.8805939775901729,414,"all","MLP#414","MLP",414
533,528,36,42,0.9361702127659575,0.9367311072056239,0.9361702127659575,0.9361702127659575,0.9318181818181819,0.9315188762071993,0.8630389137090583,415,"all","DT#415","DT",415
546,534,30,29,0.9495652173913044,0.9484902309058615,0.9495652173913044,0.9495652173913044,0.94874022589053,0.9482001755926251,0.896388930432061,415,"all","RF#415","RF",415
544,416,148,31,0.9460869565217391,0.930648769574944,0.9460869565217391,0.9460869565217391,0.8587213891081295,0.8428446005267779,0.6850349058338084,415,"all","NB#415","NB",415
537,538,26,38,0.9539007092198581,0.9538188277087034,0.9539007092198581,0.9539007092198581,0.943859649122807,0.9438103599648815,0.8876331058125698,415,"all","MLP#415","MLP",415
527,519,45,48,0.9202127659574468,0.9213286713286714,0.9202127659574468,0.9202127659574468,0.9189189189189189,0.9183494293239683,0.8366919351929364,416,"all","DT#416","DT",416
548,536,28,27,0.9530434782608695,0.9520426287744227,0.9530434782608695,0.9530434782608695,0.9522154648132058,0.95171202809482,0.9034134097248027,416,"all","RF#416","RF",416
522,496,68,53,0.9078260869565218,0.9034608378870674,0.9078260869565218,0.9078260869565218,0.8961373390557941,0.8937664618086041,0.7874590359866448,416,"all","NB#416","NB",416
548,527,37,27,0.9530434782608695,0.9512635379061372,0.9530434782608695,0.9530434782608695,0.9448275862068966,0.9438103599648815,0.8875911733411465,416,"all","MLP#416","MLP",416
535,526,38,40,0.9326241134751773,0.9336823734729494,0.9326241134751773,0.9326241134751773,0.9320557491289198,0.9315188762071993,0.8630296228003368,417,"all","DT#417","DT",417
555,545,19,20,0.9663120567375887,0.9668989547038328,0.9663120567375887,0.9663120567375887,0.9660574412532639,0.9657594381035997,0.9315136499380985,417,"all","RF#417","RF",417
423,543,21,152,0.9627659574468085,0.9527027027027027,0.9627659574468085,0.9627659574468085,0.8625893566322479,0.8481123792800702,0.696869889745416,417,"all","NB#417","NB",417
545,536,28,30,0.950354609929078,0.9511343804537522,0.950354609929078,0.950354609929078,0.9494773519163764,0.9490781387181738,0.8981502323387118,417,"all","MLP#417","MLP",417
540,522,42,35,0.9391304347826087,0.9371633752244165,0.9391304347826087,0.9391304347826087,0.9334485738980121,0.932396839332748,0.8647650121892361,418,"all","DT#418","DT",418
549,542,22,26,0.9609929078014184,0.9614711033274956,0.9609929078014184,0.9609929078014184,0.9581151832460733,0.9578577699736611,0.9157133959460043,418,"all","RF#418","RF",418
487,534,30,88,0.9468085106382979,0.941972920696325,0.9468085106382979,0.9468085106382979,0.9005059021922428,0.8964003511852502,0.7929850070390212,418,"all","NB#418","NB",418
544,538,26,31,0.9539007092198581,0.9543859649122807,0.9539007092198581,0.9539007092198581,0.9502183406113536,0.9499561018437226,0.8999113550346487,418,"all","MLP#418","MLP",418
550,523,41,25,0.9565217391304348,0.9543795620437956,0.9565217391304348,0.9565217391304348,0.9433962264150944,0.9420544337137841,0.8840665983985788,419,"all","DT#419","DT",419
550,541,23,25,0.9592198581560284,0.9598603839441536,0.9592198581560284,0.9592198581560284,0.9581881533101047,0.9578577699736611,0.9157105371078995,419,"all","RF#419","RF",419
502,527,37,73,0.9343971631205674,0.9313543599257885,0.9343971631205674,0.9343971631205674,0.9054982817869415,0.9034240561896401,0.8069479626993079,419,"all","NB#419","NB",419
535,537,27,40,0.9521276595744681,0.9519572953736655,0.9521276595744681,0.9521276595744681,0.9412795793163892,0.9411764705882353,0.882367902235554,419,"all","MLP#419","MLP",419
545,526,38,30,0.9478260869565217,0.9460431654676259,0.9478260869565217,0.9478260869565217,0.9412780656303973,0.9402985074626866,0.880569673344518,420,"all","DT#420","DT",420
561,535,29,14,0.9756521739130435,0.9744990892531876,0.9756521739130435,0.9756521739130435,0.9630901287553648,0.9622475856014048,0.9244689136150886,420,"all","RF#420","RF",420
437,541,23,138,0.9592198581560284,0.95,0.9592198581560284,0.9592198581560284,0.8704746580852776,0.858647936786655,0.7178198548929393,420,"all","NB#420","NB",420
553,537,27,22,0.9617391304347827,0.960644007155635,0.9617391304347827,0.9617391304347827,0.9575757575757575,0.9569798068481123,0.9139442906814484,420,"all","MLP#420","MLP",420
539,521,43,36,0.9373913043478261,0.9353680430879713,0.9373913043478261,0.9373913043478261,0.9317199654278306,0.9306409130816505,0.8612524151032422,421,"all","DT#421","DT",421
556,543,21,19,0.9669565217391304,0.9661921708185054,0.9669565217391304,0.9669565217391304,0.9652777777777777,0.9648814749780509,0.9297540157082108,421,"all","RF#421","RF",421
517,514,50,58,0.9113475177304965,0.9118165784832452,0.9113475177304965,0.9113475177304965,0.9054290718038529,0.9051799824407375,0.8103680043410699,421,"all","NB#421","NB",421
543,543,21,32,0.9627659574468085,0.9627659574468085,0.9627659574468085,0.9627659574468085,0.9534679543459175,0.9534679543459175,0.9069445878890925,421,"all","MLP#421","MLP",421
531,525,39,44,0.9308510638297872,0.9315789473684211,0.9308510638297872,0.9308510638297872,0.9275109170305675,0.9271290605794557,0.8542568854013304,422,"all","DT#422","DT",422
556,537,27,19,0.9669565217391304,0.9658273381294964,0.9669565217391304,0.9669565217391304,0.9602763385146803,0.9596136962247586,0.9192088966742327,422,"all","RF#422","RF",422
545,444,120,30,0.9478260869565217,0.9367088607594937,0.9478260869565217,0.9478260869565217,0.8790322580645162,0.8683055311676909,0.7361838143327002,422,"all","NB#422","NB",422
558,531,33,17,0.9704347826086956,0.968978102189781,0.9704347826086956,0.9704347826086956,0.9571183533447686,0.9561018437225637,0.9121716654534687,422,"all","MLP#422","MLP",422
539,510,54,36,0.9373913043478261,0.9340659340659341,0.9373913043478261,0.9373913043478261,0.9229452054794521,0.9209833187006146,0.841903633856774,423,"all","DT#423","DT",423
549,534,30,26,0.9547826086956521,0.9535714285714286,0.9547826086956521,0.9547826086956521,0.951473136915078,0.9508340649692713,0.9016522860015171,423,"all","RF#423","RF",423
533,486,78,42,0.9269565217391305,0.9204545454545454,0.9269565217391305,0.9269565217391305,0.8988195615514334,0.8946444249341527,0.7891404557824389,423,"all","NB#423","NB",423
535,541,23,40,0.9592198581560284,0.9587813620071685,0.9592198581560284,0.9592198581560284,0.9449781659388646,0.9446883230904302,0.8893982154389651,423,"all","MLP#423","MLP",423
548,517,47,27,0.9530434782608695,0.9503676470588235,0.9530434782608695,0.9530434782608695,0.9367521367521366,0.9350307287093942,0.8700052438384898,424,"all","DT#424","DT",424
561,536,28,14,0.9756521739130435,0.9745454545454545,0.9756521739130435,0.9756521739130435,0.9639175257731959,0.9631255487269534,0.9262267019921473,424,"all","RF#424","RF",424
526,506,58,49,0.9147826086956522,0.9117117117117117,0.9147826086956522,0.9147826086956522,0.907679033649698,0.9060579455662863,0.8120696806944014,424,"all","NB#424","NB",424
553,524,40,22,0.9617391304347827,0.9597069597069597,0.9617391304347827,0.9617391304347827,0.9469178082191781,0.9455662862159789,0.8910891699902221,424,"all","MLP#424","MLP",424
532,527,37,43,0.9343971631205674,0.9349736379613357,0.9343971631205674,0.9343971631205674,0.9300699300699301,0.9297629499561019,0.8595270909836495,425,"all","DT#425","DT",425
555,531,33,20,0.9652173913043478,0.9637023593466425,0.9652173913043478,0.9652173913043478,0.9544282029234736,0.9534679543459175,0.9069067031429995,425,"all","RF#425","RF",425
523,500,64,52,0.9095652173913044,0.9057971014492754,0.9095652173913044,0.9095652173913044,0.900172117039587,0.8981562774363476,0.7962520895402702,425,"all","NB#425","NB",425
555,531,33,20,0.9652173913043478,0.9637023593466425,0.9652173913043478,0.9652173913043478,0.9544282029234736,0.9534679543459175,0.9069067031429995,425,"all","MLP#425","MLP",425
539,526,38,36,0.9373913043478261,0.9359430604982206,0.9373913043478261,0.9373913043478261,0.9357638888888891,0.9350307287093942,0.87004492906019,426,"all","DT#426","DT",426
552,542,22,23,0.9609929078014184,0.9616724738675958,0.9609929078014184,0.9609929078014184,0.9608355091383811,0.9604916593503073,0.9209772883901137,426,"all","RF#426","RF",426
542,473,91,33,0.9426086956521739,0.9347826086956522,0.9426086956521739,0.9426086956521739,0.8973509933774834,0.8911325724319579,0.782030427710267,426,"all","NB#426","NB",426
553,536,28,22,0.9617391304347827,0.9605734767025089,0.9617391304347827,0.9617391304347827,0.9567474048442908,0.9561018437225637,0.9121865623082214,426,"all","MLP#426","MLP",426
537,530,34,38,0.9397163120567376,0.9404553415061296,0.9397163120567376,0.9397163120567376,0.93717277486911,0.9367866549604916,0.8735700939190063,427,"all","DT#427","DT",427
553,538,26,22,0.9617391304347827,0.9607142857142857,0.9617391304347827,0.9617391304347827,0.9584055459272097,0.9578577699736611,0.915701959429872,427,"all","RF#427","RF",427
517,512,52,58,0.9078014184397163,0.9086115992970123,0.9078014184397163,0.9078014184397163,0.9038461538461537,0.9034240561896401,0.8068497501025181,427,"all","NB#427","NB",427
542,542,22,33,0.9609929078014184,0.9609929078014184,0.9609929078014184,0.9609929078014184,0.95171202809482,0.95171202809482,0.9034330629037752,427,"all","MLP#427","MLP",427
528,536,28,47,0.950354609929078,0.9496402877697842,0.950354609929078,0.950354609929078,0.934612031386225,0.9341527655838455,0.8683356735187089,428,"all","DT#428","DT",428
542,550,14,33,0.975177304964539,0.9748201438848921,0.975177304964539,0.975177304964539,0.9590235396687009,0.9587357330992098,0.9174903554050574,428,"all","RF#428","RF",428
502,527,37,73,0.9343971631205674,0.9313543599257885,0.9343971631205674,0.9343971631205674,0.9054982817869415,0.9034240561896401,0.8069479626993079,428,"all","NB#428","NB",428
540,545,19,35,0.9663120567375887,0.9660107334525939,0.9663120567375887,0.9663120567375887,0.9527972027972028,0.9525899912203687,0.9051968630158944,428,"all","MLP#428","MLP",428
540,519,45,35,0.9391304347826087,0.9368231046931408,0.9391304347826087,0.9391304347826087,0.9310344827586208,0.9297629499561019,0.859488966676433,429,"all","DT#429","DT",429
558,542,22,17,0.9704347826086956,0.9695885509838998,0.9704347826086956,0.9704347826086956,0.9662337662337662,0.9657594381035997,0.9315066803382958,429,"all","RF#429","RF",429
535,504,60,40,0.9304347826086956,0.9264705882352942,0.9304347826086956,0.9304347826086956,0.9145299145299145,0.9122036874451273,0.8243314105925537,429,"all","NB#429","NB",429
547,528,36,28,0.951304347826087,0.9496402877697842,0.951304347826087,0.951304347826087,0.9447322970639034,0.9438103599648815,0.8875949866771934,429,"all","MLP#429","MLP",429
536,522,42,39,0.9321739130434783,0.93048128342246,0.9321739130434783,0.9321739130434783,0.9297484822202949,0.9288849868305531,0.8577494692144373,430,"all","DT#430","DT",430
550,543,21,25,0.9627659574468085,0.9632224168126094,0.9627659574468085,0.9627659574468085,0.9598603839441535,0.9596136962247586,0.9192253377815874,430,"all","RF#430","RF",430
497,525,39,78,0.9308510638297872,0.9272388059701493,0.9308510638297872,0.9308510638297872,0.8997429305912596,0.897278314310799,0.7946732734592754,430,"all","NB#430","NB",430
548,543,21,27,0.9627659574468085,0.9630931458699473,0.9627659574468085,0.9627659574468085,0.958041958041958,0.9578577699736611,0.9157162545901898,430,"all","MLP#430","MLP",430
534,530,34,41,0.9397163120567376,0.9401408450704225,0.9397163120567376,0.9397163120567376,0.9343832020997376,0.9341527655838455,0.8683088809993265,431,"all","DT#431","DT",431
550,540,24,25,0.9574468085106383,0.9581881533101045,0.9574468085106383,0.9574468085106383,0.9573542210617928,0.9569798068481123,0.9139530473581237,431,"all","RF#431","RF",431
500,529,35,75,0.9379432624113475,0.9345794392523364,0.9379432624113475,0.9379432624113475,0.9058219178082192,0.9034240561896401,0.8069610501663996,431,"all","NB#431","NB",431
541,530,34,34,0.9408695652173913,0.9408695652173913,0.9408695652173913,0.9408695652173913,0.9408695652173913,0.9402985074626866,0.880585877274129,431,"all","MLP#431","MLP",431
540,524,40,35,0.9391304347826087,0.9373881932021467,0.9391304347826087,0.9391304347826087,0.935064935064935,0.9341527655838455,0.8682820775736457,432,"all","DT#432","DT",432
552,534,30,23,0.96,0.9587073608617595,0.96,0.96,0.9541918755401901,0.9534679543459175,0.9069161772211626,432,"all","RF#432","RF",432
473,530,34,102,0.9397163120567376,0.9329388560157791,0.9397163120567376,0.9397163120567376,0.8862876254180602,0.8805970149253731,0.7614468667032162,432,"all","NB#432","NB",432
543,535,29,32,0.9485815602836879,0.9493006993006993,0.9485815602836879,0.9485815602836879,0.946817785527463,0.9464442493415277,0.8928839574921412,432,"all","MLP#432","MLP",432
535,518,46,40,0.9304347826086956,0.9283154121863799,0.9304347826086956,0.9304347826086956,0.9256055363321799,0.9244951712028094,0.8489608871701405,433,"all","DT#433","DT",433
551,540,24,24,0.9582608695652174,0.9582608695652174,0.9582608695652174,0.9582608695652174,0.9582608695652175,0.9578577699736611,0.9157076780758557,433,"all","RF#433","RF",433
487,521,43,88,0.9237588652482269,0.9188679245283019,0.9237588652482269,0.9237588652482269,0.8883205456095481,0.8849868305531168,0.7701276392515735,433,"all","NB#433","NB",433
539,534,30,36,0.9468085106382979,0.9472759226713533,0.9468085106382979,0.9468085106382979,0.9423076923076924,0.9420544337137841,0.8841098500615109,433,"all","MLP#433","MLP",433
534,511,53,41,0.928695652173913,0.9257246376811594,0.928695652173913,0.928695652173913,0.919104991394148,0.9174714661984197,0.8348939346274604,434,"all","DT#434","DT",434
550,539,25,25,0.9565217391304348,0.9565217391304348,0.9565217391304348,0.9565217391304348,0.9565217391304348,0.9561018437225637,0.9121954979956831,434,"all","RF#434","RF",434
490,522,42,85,0.925531914893617,0.9210526315789473,0.925531914893617,0.925531914893617,0.8915456874466268,0.8884986830553117,0.7771390891317309,434,"all","NB#434","NB",434
534,544,20,41,0.9645390070921985,0.9638989169675091,0.9645390070921985,0.9645390070921985,0.946910356832028,0.9464442493415277,0.8929166454747076,434,"all","MLP#434","MLP",434
537,520,44,38,0.9339130434782609,0.931899641577061,0.9339130434782609,0.9339130434782609,0.9290657439446367,0.9280070237050044,0.8559859621854831,435,"all","DT#435","DT",435
562,543,21,13,0.9773913043478261,0.9766187050359713,0.9773913043478261,0.9773913043478261,0.9706390328151987,0.9701492537313433,0.940284836672259,435,"all","RF#435","RF",435
536,498,66,39,0.9321739130434783,0.9273743016759777,0.9321739130434783,0.9321739130434783,0.9107901444350042,0.9078138718173837,0.8155260734563932,435,"all","NB#435","NB",435
550,537,27,25,0.9565217391304348,0.9555160142348754,0.9565217391304348,0.9565217391304348,0.954861111111111,0.9543459174714662,0.9086802204206742,435,"all","MLP#435","MLP",435
539,536,28,36,0.950354609929078,0.9506172839506173,0.950354609929078,0.950354609929078,0.9439579684763573,0.9438103599648815,0.8876254840539674,436,"all","DT#436","DT",436
554,544,20,21,0.9645390070921985,0.9651567944250871,0.9645390070921985,0.9645390070921985,0.9643167972149695,0.9640035118525022,0.9280015294221036,436,"all","RF#436","RF",436
526,489,75,49,0.9147826086956522,0.9089219330855018,0.9147826086956522,0.9147826086956522,0.8945578231292517,0.8911325724319579,0.782148773588107,436,"all","NB#436","NB",436
543,545,19,32,0.9663120567375887,0.9661921708185054,0.9663120567375887,0.9663120567375887,0.9553023663453111,0.9552238805970149,0.9104591494628843,436,"all","MLP#436","MLP",436
532,514,50,43,0.9252173913043479,0.9228007181328546,0.9252173913043479,0.9252173913043479,0.9196197061365601,0.9183494293239683,0.8366642355012851,437,"all","DT#437","DT",437
541,532,32,34,0.9432624113475178,0.944153577661431,0.9432624113475178,0.9432624113475178,0.9425087108013936,0.9420544337137841,0.8841019885233619,437,"all","RF#437","RF",437
515,501,63,60,0.8956521739130435,0.893048128342246,0.8956521739130435,0.8956521739130435,0.8933217692974849,0.8920105355575065,0.7839899347330345,437,"all","NB#437","NB",437
542,526,38,33,0.9426086956521739,0.9409660107334525,0.9426086956521739,0.9426086956521739,0.9385281385281385,0.9376646180860404,0.8753070334363845,437,"all","MLP#437","MLP",437
542,527,37,33,0.9426086956521739,0.9410714285714286,0.9426086956521739,0.9426086956521739,0.9393414211438474,0.9385425812115891,0.8770653575018964,438,"all","DT#438","DT",438
554,538,26,21,0.9634782608695652,0.962432915921288,0.9634782608695652,0.9634782608695652,0.9593073593073593,0.9587357330992098,0.9174567686128178,438,"all","RF#438","RF",438
524,512,52,51,0.9113043478260869,0.9097222222222222,0.9113043478260869,0.9113043478260869,0.9105125977410946,0.9095697980684812,0.8191196582119031,438,"all","NB#438","NB",438
544,536,28,31,0.950354609929078,0.951048951048951,0.950354609929078,0.950354609929078,0.948561464690497,0.9482001755926251,0.8963959588858416,438,"all","MLP#438","MLP",438
548,527,37,27,0.9530434782608695,0.9512635379061372,0.9530434782608695,0.9530434782608695,0.9448275862068966,0.9438103599648815,0.8875911733411465,439,"all","DT#439","DT",439
559,543,21,16,0.9721739130434782,0.9713774597495528,0.9721739130434782,0.9721739130434782,0.9679653679653679,0.9675153643546971,0.9350191582696652,439,"all","RF#439","RF",439
528,518,46,47,0.9184397163120568,0.9198606271777003,0.9184397163120568,0.9184397163120568,0.9190600522193212,0.9183494293239683,0.8366863960062347,439,"all","NB#439","NB",439
556,535,29,19,0.9669565217391304,0.9657039711191335,0.9669565217391304,0.9669565217391304,0.9586206896551723,0.9578577699736611,0.9156933800058598,439,"all","MLP#439","MLP",439
547,524,40,28,0.951304347826087,0.9492753623188406,0.951304347826087,0.951304347826087,0.9414802065404475,0.9402985074626866,0.8805615697305034,440,"all","DT#440","DT",440
557,538,26,18,0.9686956521739131,0.9676258992805755,0.9686956521739131,0.9686956521739131,0.9620034542314335,0.961369622475856,0.9227215533405704,440,"all","RF#440","RF",440
531,509,55,44,0.9234782608695652,0.9204339963833634,0.9234782608695652,0.9234782608695652,0.9147286821705426,0.913081650570676,0.8261146467348981,440,"all","NB#440","NB",440
549,526,38,26,0.9547826086956521,0.9528985507246377,0.9547826086956521,0.9547826086956521,0.9449225473321858,0.9438103599648815,0.887587359746356,440,"all","MLP#440","MLP",440
539,535,29,36,0.9485815602836879,0.948943661971831,0.9485815602836879,0.9485815602836879,0.9431321084864392,0.9429323968393327,0.8858676968660828,441,"all","DT#441","DT",441
557,542,22,18,0.9686956521739131,0.9678571428571429,0.9686956521739131,0.9686956521739131,0.9653379549393415,0.9648814749780509,0.9297516328582265,441,"all","RF#441","RF",441
460,534,30,115,0.9468085106382979,0.9387755102040817,0.9468085106382979,0.9468085106382979,0.8804616652926627,0.8726953467954346,0.7457334862632499,441,"all","NB#441","NB",441
540,538,26,35,0.9539007092198581,0.9540636042402827,0.9539007092198581,0.9539007092198581,0.946538124452235,0.9464442493415277,0.8928948557034928,441,"all","MLP#441","MLP",441
532,526,38,43,0.9326241134751773,0.9333333333333333,0.9326241134751773,0.9326241134751773,0.9292576419213975,0.9288849868305531,0.8577687676808164,442,"all","DT#442","DT",442
556,525,39,19,0.9669565217391304,0.9650735294117647,0.9669565217391304,0.9669565217391304,0.9504273504273504,0.9490781387181738,0.8981122181436811,442,"all","RF#442","RF",442
498,519,45,77,0.9202127659574468,0.9171270718232044,0.9202127659574468,0.9202127659574468,0.8948275862068966,0.8928884986830553,0.7858732232892417,442,"all","NB#442","NB",442
530,539,25,45,0.9556737588652482,0.954954954954955,0.9556737588652482,0.9556737588652482,0.9390243902439024,0.9385425812115891,0.8771153786874633,442,"all","MLP#442","MLP",442
538,528,36,37,0.9361702127659575,0.9372822299651568,0.9361702127659575,0.9361702127659575,0.9364664926022629,0.935908691834943,0.8718076011661844,443,"all","DT#443","DT",443
551,547,17,24,0.9698581560283688,0.9700704225352113,0.9698581560283688,0.9698581560283688,0.9641294838145231,0.9640035118525022,0.9280088549462985,443,"all","RF#443","RF",443
533,496,68,42,0.9269565217391305,0.9219330855018587,0.9269565217391305,0.9269565217391305,0.9064625850340137,0.9034240561896401,0.8067448797959014,443,"all","NB#443","NB",443
531,543,21,44,0.9627659574468085,0.9619565217391305,0.9627659574468085,0.9627659574468085,0.9435273675065161,0.9429323968393327,0.8858986550112274,443,"all","MLP#443","MLP",443
541,522,42,34,0.9408695652173913,0.9388489208633094,0.9408695652173913,0.9408695652173913,0.9343696027633852,0.9332748024582967,0.866519046679167,444,"all","DT#444","DT",444
554,541,23,21,0.9634782608695652,0.9626334519572953,0.9634782608695652,0.9634782608695652,0.9618055555555556,0.961369622475856,0.9227294172790319,444,"all","RF#444","RF",444
520,512,52,55,0.9078014184397163,0.9090909090909091,0.9078014184397163,0.9078014184397163,0.9067131647776808,0.9060579455662863,0.8121079254370346,444,"all","NB#444","NB",444
549,544,20,26,0.9645390070921985,0.9648506151142355,0.9645390070921985,0.9645390070921985,0.9597902097902098,0.9596136962247586,0.9192280773155985,444,"all","MLP#444","MLP",444
538,531,33,37,0.9414893617021277,0.9422066549912435,0.9414893617021277,0.9414893617021277,0.9389179755671904,0.9385425812115891,0.8770820357545894,445,"all","DT#445","DT",445
551,532,32,24,0.9582608695652174,0.9568345323741008,0.9582608695652174,0.9582608695652174,0.9516407599309155,0.9508340649692713,0.9016456133425441,445,"all","RF#445","RF",445
526,493,71,49,0.9147826086956522,0.9095940959409594,0.9147826086956522,0.9147826086956522,0.8976109215017066,0.8946444249341527,0.7891905397943728,445,"all","NB#445","NB",445
553,530,34,22,0.9617391304347827,0.9601449275362319,0.9617391304347827,0.9617391304347827,0.9518072289156627,0.9508340649692713,0.9016389397780614,445,"all","MLP#445","MLP",445
539,520,44,36,0.9373913043478261,0.935251798561151,0.9373913043478261,0.9373913043478261,0.9309153713298791,0.9297629499561019,0.8594937333464917,446,"all","DT#446","DT",446
554,541,23,21,0.9634782608695652,0.9626334519572953,0.9634782608695652,0.9634782608695652,0.9618055555555556,0.961369622475856,0.9227294172790319,446,"all","RF#446","RF",446
470,536,28,105,0.950354609929078,0.9437751004016064,0.950354609929078,0.950354609929078,0.8896265560165976,0.8832309043020193,0.7667446304317366,446,"all","NB#446","NB",446
547,534,30,28,0.951304347826087,0.9501779359430605,0.951304347826087,0.951304347826087,0.9496527777777778,0.9490781387181738,0.8981433227769057,446,"all","MLP#446","MLP",446
544,520,44,31,0.9460869565217391,0.9437386569872959,0.9460869565217391,0.9460869565217391,0.9355116079105762,0.9341527655838455,0.8682642025608484,447,"all","DT#447","DT",447
561,537,27,14,0.9756521739130435,0.9745916515426497,0.9756521739130435,0.9756521739130435,0.9647463456577816,0.9640035118525022,0.9279844307332638,447,"all","RF#447","RF",447
525,510,54,50,0.9130434782608695,0.9107142857142857,0.9130434782608695,0.9130434782608695,0.9098786828422876,0.9086918349429324,0.8173542454313891,447,"all","NB#447","NB",447
551,531,33,24,0.9582608695652174,0.9567567567567568,0.9582608695652174,0.9582608695652174,0.9508196721311475,0.9499561018437226,0.8998875869119709,447,"all","MLP#447","MLP",447
545,521,43,30,0.9478260869565217,0.9455535390199638,0.9478260869565217,0.9478260869565217,0.937231298366294,0.935908691834943,0.8717771571592258,448,"all","DT#448","DT",448
557,538,26,18,0.9686956521739131,0.9676258992805755,0.9686956521739131,0.9686956521739131,0.9620034542314335,0.961369622475856,0.9227215533405704,448,"all","RF#448","RF",448
532,489,75,43,0.9252173913043479,0.9191729323308271,0.9252173913043479,0.9252173913043479,0.9001692047377328,0.8964003511852502,0.7926688551295182,448,"all","NB#448","NB",448
541,541,23,34,0.9592198581560284,0.9592198581560284,0.9592198581560284,0.9592198581560284,0.9499561018437226,0.9499561018437226,0.899921537918458,448,"all","MLP#448","MLP",448
534,537,27,41,0.9521276595744681,0.9518716577540107,0.9521276595744681,0.9521276595744681,0.9404553415061295,0.9402985074626866,0.880614223573188,449,"all","DT#449","DT",449
552,542,22,23,0.9609929078014184,0.9616724738675958,0.9609929078014184,0.9609929078014184,0.9608355091383811,0.9604916593503073,0.9209772883901137,449,"all","RF#449","RF",449
551,406,158,24,0.9582608695652174,0.9441860465116279,0.9582608695652174,0.9582608695652174,0.8582554517133957,0.8402107111501317,0.6796636203768663,449,"all","NB#449","NB",449
551,535,29,24,0.9582608695652174,0.9570661896243292,0.9582608695652174,0.9582608695652174,0.9541125541125541,0.9534679543459175,0.9069193348187096,449,"all","MLP#449","MLP",449
536,524,40,39,0.9321739130434783,0.9307282415630551,0.9321739130434783,0.9321739130434783,0.9313640312771503,0.9306409130816505,0.8612665339683527,450,"all","DT#450","DT",450
554,532,32,21,0.9634782608695652,0.9620253164556962,0.9634782608695652,0.9634782608695652,0.954349698535745,0.9534679543459175,0.9069098613833293,450,"all","RF#450","RF",450
487,524,40,88,0.9290780141843972,0.9240986717267552,0.9290780141843972,0.9290780141843972,0.891156462585034,0.887620719929763,0.7754033102870314,450,"all","NB#450","NB",450
546,519,45,29,0.9495652173913044,0.9470802919708029,0.9495652173913044,0.9495652173913044,0.9365351629502574,0.9350307287093942,0.8700140648711336,450,"all","MLP#450","MLP",450
536,534,30,39,0.9468085106382979,0.9469964664310954,0.9468085106382979,0.9468085106382979,0.9395267309377738,0.9394205443371378,0.8788482794023114,451,"all","DT#451","DT",451
551,537,27,24,0.9582608695652174,0.9572192513368984,0.9582608695652174,0.9582608695652174,0.9557675628794449,0.9552238805970149,0.9104348509868679,451,"all","RF#451","RF",451
508,515,49,67,0.9131205673758865,0.9120287253141831,0.9131205673758865,0.9131205673758865,0.8987783595113439,0.8981562774363476,0.7963557224282442,451,"all","NB#451","NB",451
539,545,19,36,0.9663120567375887,0.9659498207885304,0.9663120567375887,0.9663120567375887,0.9519650655021834,0.95171202809482,0.9034428864943347,451,"all","MLP#451","MLP",451
545,514,50,30,0.9478260869565217,0.9448529411764706,0.9478260869565217,0.9478260869565217,0.9316239316239316,0.9297629499561019,0.859465128474043,452,"all","DT#452","DT",452
561,537,27,14,0.9756521739130435,0.9745916515426497,0.9756521739130435,0.9756521739130435,0.9647463456577816,0.9640035118525022,0.9279844307332638,452,"all","RF#452","RF",452
529,485,79,46,0.92,0.9133709981167608,0.92,0.92,0.8943364327979713,0.8902546093064091,0.7803658229937507,452,"all","NB#452","NB",452
549,530,34,26,0.9547826086956521,0.9532374100719424,0.9547826086956521,0.9547826086956521,0.9481865284974094,0.9473222124670764,0.8946203000098687,452,"all","MLP#452","MLP",452
538,528,36,37,0.9361702127659575,0.9372822299651568,0.9361702127659575,0.9361702127659575,0.9364664926022629,0.935908691834943,0.8718076011661844,453,"all","DT#453","DT",453
551,543,21,24,0.9627659574468085,0.9632867132867133,0.9627659574468085,0.9627659574468085,0.9607672188317351,0.9604916593503073,0.9209799686417436,453,"all","RF#453","RF",453
517,513,51,58,0.9095744680851063,0.9102112676056338,0.9095744680851063,0.9095744680851063,0.9046369203849518,0.9043020193151887,0.8086089070523542,453,"all","NB#453","NB",453
536,540,24,39,0.9574468085106383,0.9571428571428572,0.9574468085106383,0.9574468085106383,0.9448818897637796,0.9446883230904302,0.8893944648678642,453,"all","MLP#453","MLP",453
531,521,43,44,0.9237588652482269,0.9250871080139372,0.9237588652482269,0.9237588652482269,0.9242819843342036,0.9236172080772608,0.8472227575542197,454,"all","DT#454","DT",454
549,544,20,26,0.9645390070921985,0.9648506151142355,0.9645390070921985,0.9645390070921985,0.9597902097902098,0.9596136962247586,0.9192280773155985,454,"all","RF#454","RF",454
534,420,144,41,0.928695652173913,0.911062906724512,0.928695652173913,0.928695652173913,0.8523543495610535,0.8375768217734855,0.6745548421772847,454,"all","NB#454","NB",454
544,540,24,31,0.9574468085106383,0.9577464788732394,0.9574468085106383,0.9574468085106383,0.9518810148731409,0.95171202809482,0.9034265127328394,454,"all","MLP#454","MLP",454
522,518,46,53,0.9184397163120568,0.9190140845070423,0.9184397163120568,0.9184397163120568,0.9133858267716535,0.913081650570676,0.8261677229191108,455,"all","DT#455","DT",455
552,537,27,23,0.96,0.9589285714285715,0.96,0.96,0.9566724436741767,0.9561018437225637,0.9121895410727833,455,"all","RF#455","RF",455
516,493,71,59,0.8973913043478261,0.8931159420289855,0.8973913043478261,0.8973913043478261,0.8881239242685026,0.8858647936786654,0.7716618244847856,455,"all","NB#455","NB",455
542,532,32,33,0.9432624113475178,0.9442508710801394,0.9432624113475178,0.9432624113475178,0.9434290687554394,0.9429323968393327,0.8858560832301641,455,"all","MLP#455","MLP",455
526,518,46,49,0.9184397163120568,0.9195804195804196,0.9184397163120568,0.9184397163120568,0.9171752397558849,0.9165935030728709,0.8331799337992362,456,"all","DT#456","DT",456
557,543,21,18,0.9686956521739131,0.9679144385026738,0.9686956521739131,0.9686956521739131,0.966175195143105,0.9657594381035997,0.9315090036958402,456,"all","RF#456","RF",456
536,492,72,39,0.9321739130434783,0.9265536723163842,0.9321739130434783,0.9321739130434783,0.9061707523245985,0.9025460930640913,0.8049648508184506,456,"all","NB#456","NB",456
540,538,26,35,0.9539007092198581,0.9540636042402827,0.9539007092198581,0.9539007092198581,0.946538124452235,0.9464442493415277,0.8928948557034928,456,"all","MLP#456","MLP",456
528,528,36,47,0.9361702127659575,0.9361702127659575,0.9361702127659575,0.9361702127659575,0.9271290605794558,0.9271290605794557,0.8542717131093335,457,"all","DT#457","DT",457
547,547,17,28,0.9698581560283688,0.9698581560283688,0.9698581560283688,0.9698581560283688,0.9604916593503073,0.9604916593503073,0.9209906878303616,457,"all","RF#457","RF",457
529,491,73,46,0.92,0.9143389199255121,0.92,0.92,0.8988954970263382,0.8955223880597015,0.7909295499172455,457,"all","NB#457","NB",457
532,540,24,43,0.9574468085106383,0.9568345323741008,0.9574468085106383,0.9574468085106383,0.941586748038361,0.9411764705882353,0.8823798683433798,457,"all","MLP#457","MLP",457
536,518,46,39,0.9321739130434783,0.9299820466786356,0.9321739130434783,0.9321739130434783,0.9265341400172862,0.9253731343283582,0.8507146238452608,458,"all","DT#458","DT",458
552,535,29,23,0.96,0.9587813620071685,0.96,0.96,0.9550173010380623,0.9543459174714662,0.9086740248005503,458,"all","RF#458","RF",458
526,494,70,49,0.9147826086956522,0.9097605893186004,0.9147826086956522,0.9147826086956522,0.8983774551665243,0.8955223880597015,0.7909508320107841,458,"all","NB#458","NB",458
541,536,28,34,0.950354609929078,0.9507908611599297,0.950354609929078,0.950354609929078,0.9458041958041958,0.9455662862159789,0.8911334955123283,458,"all","MLP#458","MLP",458
542,523,41,33,0.9426086956521739,0.9406474820143885,0.9426086956521739,0.9426086956521739,0.9360967184801381,0.9350307287093942,0.8700317033455047,459,"all","DT#459","DT",459
553,544,20,22,0.9645390070921985,0.9650959860383944,0.9645390070921985,0.9645390070921985,0.9634146341463415,0.9631255487269534,0.926246719969412,459,"all","RF#459","RF",459
489,531,33,86,0.9414893617021277,0.9367816091954023,0.9414893617021277,0.9414893617021277,0.899237933954276,0.8955223880597015,0.791212955360815,459,"all","NB#459","NB",459
549,546,18,26,0.9680851063829787,0.9682539682539683,0.9680851063829787,0.9680851063829787,0.9614711033274956,0.961369622475856,0.9227425202871025,459,"all","MLP#459","MLP",459
548,521,43,27,0.9530434782608695,0.9507299270072993,0.9530434782608695,0.9530434782608695,0.939965694682676,0.9385425812115891,0.8770403316348561,460,"all","DT#460","DT",460
558,537,27,17,0.9704347826086956,0.9693140794223827,0.9704347826086956,0.9704347826086956,0.9620689655172413,0.961369622475856,0.9227189316720381,460,"all","RF#460","RF",460
524,505,59,51,0.9113043478260869,0.908273381294964,0.9113043478260869,0.9113043478260869,0.9050086355785837,0.9034240561896401,0.806803883351426,460,"all","NB#460","NB",460
550,533,31,25,0.9565217391304348,0.9551971326164874,0.9565217391304348,0.9565217391304348,0.9515570934256056,0.9508340649692713,0.9016489497852078,460,"all","MLP#460","MLP",460
529,521,43,46,0.9237588652482269,0.9248251748251748,0.9237588652482269,0.9237588652482269,0.9224062772449869,0.9218612818261633,0.8437159379803372,461,"all","DT#461","DT",461
546,541,23,29,0.9592198581560284,0.9595782073813708,0.9592198581560284,0.9592198581560284,0.9545454545454546,0.9543459174714662,0.9086926091393723,461,"all","RF#461","RF",461
501,511,53,74,0.9060283687943262,0.9043321299638989,0.9060283687943262,0.9060283687943262,0.8894691035683203,0.8884986830553117,0.7770559668079976,461,"all","NB#461","NB",461
548,532,32,27,0.9530434782608695,0.9516994633273703,0.9530434782608695,0.9530434782608695,0.9489177489177489,0.9482001755926251,0.8963819010246012,461,"all","MLP#461","MLP",461
536,518,46,39,0.9321739130434783,0.9299820466786356,0.9321739130434783,0.9321739130434783,0.9265341400172862,0.9253731343283582,0.8507146238452608,462,"all","DT#462","DT",462
553,540,24,22,0.9617391304347827,0.9608540925266904,0.9617391304347827,0.9617391304347827,0.9600694444444445,0.9596136962247586,0.9192171180644425,462,"all","RF#462","RF",462
504,524,40,71,0.9290780141843972,0.9264705882352942,0.9290780141843972,0.9290780141843972,0.904227782571182,0.9025460930640913,0.805176433604904,462,"all","NB#462","NB",462
549,533,31,26,0.9547826086956521,0.9534883720930233,0.9547826086956521,0.9547826086956521,0.9506493506493506,0.9499561018437226,0.8998943789559707,462,"all","MLP#462","MLP",462
543,515,49,32,0.9443478260869566,0.9414990859232175,0.9443478260869566,0.9443478260869566,0.9305912596401028,0.9288849868305531,0.8577156842938065,463,"all","DT#463","DT",463
556,537,27,19,0.9669565217391304,0.9658273381294964,0.9669565217391304,0.9669565217391304,0.9602763385146803,0.9596136962247586,0.9192088966742327,463,"all","RF#463","RF",463
518,501,63,57,0.9008695652173913,0.8978494623655914,0.9008695652173913,0.9008695652173913,0.8961937716262975,0.8946444249341527,0.7892477495397311,463,"all","NB#463","NB",463
543,525,39,32,0.9443478260869566,0.9425493716337523,0.9443478260869566,0.9443478260869566,0.9386343993085566,0.9376646180860404,0.8753028034472178,463,"all","MLP#463","MLP",463
537,515,49,38,0.9339130434782609,0.9312839059674503,0.9339130434782609,0.9339130434782609,0.9250645994832041,0.9236172080772608,0.8471916592518802,464,"all","DT#464","DT",464
552,541,23,23,0.96,0.96,0.96,0.96,0.96,0.9596136962247586,0.9192198581560284,464,"all","RF#464","RF",464
467,530,34,108,0.9397163120567376,0.9321357285429142,0.9397163120567376,0.9397163120567376,0.8818635607321131,0.8753292361720808,0.7509477775348238,464,"all","NB#464","NB",464
549,530,34,26,0.9547826086956521,0.9532374100719424,0.9547826086956521,0.9547826086956521,0.9481865284974094,0.9473222124670764,0.8946203000098687,464,"all","MLP#464","MLP",464
535,529,35,40,0.9379432624113475,0.9385964912280702,0.9379432624113475,0.9379432624113475,0.9344978165938864,0.9341527655838455,0.8683044145192745,465,"all","DT#465","DT",465
550,534,30,25,0.9565217391304348,0.9552772808586762,0.9565217391304348,0.9565217391304348,0.9523809523809523,0.95171202809482,0.9034068568873401,465,"all","RF#465","RF",465
519,514,50,56,0.9113475177304965,0.9121265377855887,0.9113475177304965,0.9113475177304965,0.9073426573426574,0.9069359086918349,0.8138733955533356,465,"all","NB#465","NB",465
545,538,26,30,0.9539007092198581,0.9544658493870403,0.9539007092198581,0.9539007092198581,0.9511343804537522,0.9508340649692713,0.9016656286036716,465,"all","MLP#465","MLP",465
525,522,42,50,0.925531914893617,0.9259259259259259,0.925531914893617,0.925531914893617,0.9194395796847635,0.9192273924495171,0.8384616333275781,466,"all","DT#466","DT",466
551,541,23,24,0.9592198581560284,0.9599303135888502,0.9592198581560284,0.9592198581560284,0.959094865100087,0.9587357330992098,0.9174651678741186,466,"all","RF#466","RF",466
518,514,50,57,0.9113475177304965,0.9119718309859155,0.9113475177304965,0.9113475177304965,0.9063867016622923,0.9060579455662863,0.8121206702257057,466,"all","NB#466","NB",466
542,535,29,33,0.9485815602836879,0.9492119089316988,0.9485815602836879,0.9485815602836879,0.9458987783595112,0.9455662862159789,0.8911298030969222,466,"all","MLP#466","MLP",466
531,525,39,44,0.9308510638297872,0.9315789473684211,0.9308510638297872,0.9308510638297872,0.9275109170305675,0.9271290605794557,0.8542568854013304,467,"all","DT#467","DT",467
550,535,29,25,0.9565217391304348,0.9553571428571429,0.9565217391304348,0.9565217391304348,0.953206239168111,0.9525899912203687,0.9051647043586057,467,"all","RF#467","RF",467
529,514,50,46,0.92,0.9178571428571428,0.92,0.92,0.9168110918544194,0.9157155399473222,0.8314039188597439,467,"all","NB#467","NB",467
540,543,21,35,0.9627659574468085,0.9625668449197861,0.9627659574468085,0.9627659574468085,0.9509632224168125,0.9508340649692713,0.9016823017661546,467,"all","MLP#467","MLP",467
537,511,53,38,0.9339130434782609,0.930783242258652,0.9339130434782609,0.9339130434782609,0.9218884120171673,0.9201053555750659,0.8401551427668156,468,"all","DT#468","DT",468
555,537,27,20,0.9652173913043478,0.9640933572710951,0.9652173913043478,0.9652173913043478,0.9593777009507347,0.9587357330992098,0.9174539684791441,468,"all","RF#468","RF",468
514,512,52,61,0.9078014184397163,0.9081272084805654,0.9078014184397163,0.9078014184397163,0.9009640666082385,0.9007901668129938,0.8015921097458143,468,"all","NB#468","NB",468
540,529,35,35,0.9391304347826087,0.9391304347826087,0.9391304347826087,0.9391304347826087,0.9391304347826087,0.9385425812115891,0.8770736971939561,468,"all","MLP#468","MLP",468
529,530,34,46,0.9397163120567376,0.9396092362344582,0.9397163120567376,0.9397163120567376,0.9298245614035087,0.9297629499561019,0.8595413822657122,469,"all","DT#469","DT",469
551,537,27,24,0.9582608695652174,0.9572192513368984,0.9582608695652174,0.9582608695652174,0.9557675628794449,0.9552238805970149,0.9104348509868679,469,"all","RF#469","RF",469
511,519,45,64,0.9202127659574468,0.9190647482014388,0.9202127659574468,0.9202127659574468,0.9049694856146469,0.9043020193151887,0.8086478455138567,469,"all","NB#469","NB",469
548,533,31,27,0.9530434782608695,0.9517857142857142,0.9530434782608695,0.9530434782608695,0.9497400346620449,0.9490781387181738,0.8981398676444285,469,"all","MLP#469","MLP",469
522,530,34,53,0.9397163120567376,0.9388489208633094,0.9397163120567376,0.9397163120567376,0.9241499564080208,0.9236172080772608,0.8472693812817023,470,"all","DT#470","DT",470
551,544,20,24,0.9645390070921985,0.9649737302977233,0.9645390070921985,0.9645390070921985,0.9616055846422339,0.961369622475856,0.9227372796171706,470,"all","RF#470","RF",470
516,520,44,59,0.9219858156028369,0.9214285714285714,0.9219858156028369,0.9219858156028369,0.9098862642169728,0.9095697980684812,0.8191687282760322,470,"all","NB#470","NB",470
539,529,35,36,0.9379432624113475,0.9390243902439024,0.9379432624113475,0.9379432624113475,0.938207136640557,0.9376646180860404,0.8753197216821793,470,"all","MLP#470","MLP",470
538,518,46,37,0.9356521739130435,0.9333333333333333,0.9356521739130435,0.9356521739130435,0.9283865401207938,0.9271290605794557,0.8542222756788347,471,"all","DT#471","DT",471
561,536,28,14,0.9756521739130435,0.9745454545454545,0.9756521739130435,0.9756521739130435,0.9639175257731959,0.9631255487269534,0.9262267019921473,471,"all","RF#471","RF",471
513,518,46,62,0.9184397163120568,0.9177101967799642,0.9184397163120568,0.9184397163120568,0.9055944055944057,0.9051799824407375,0.8103937260317892,471,"all","NB#471","NB",471
550,530,34,25,0.9565217391304348,0.954954954954955,0.9565217391304348,0.9565217391304348,0.9490940465918895,0.9482001755926251,0.8963748706632682,471,"all","MLP#471","MLP",471
528,519,45,47,0.9202127659574468,0.9214659685863874,0.9202127659574468,0.9202127659574468,0.9198606271777003,0.9192273924495171,0.8384451961234741,472,"all","DT#472","DT",472
555,546,18,20,0.9680851063829787,0.9685863874345549,0.9680851063829787,0.9680851063829787,0.9668989547038327,0.9666374012291484,0.9332708418770872,472,"all","RF#472","RF",472
518,510,54,57,0.9042553191489362,0.9055944055944056,0.9042553191489362,0.9042553191489362,0.903225806451613,0.9025460930640913,0.8050839226496339,472,"all","NB#472","NB",472
549,524,40,26,0.9547826086956521,0.9527272727272728,0.9547826086956521,0.9547826086956521,0.9432989690721649,0.9420544337137841,0.8840705317019459,472,"all","MLP#472","MLP",472
537,518,46,38,0.9339130434782609,0.9316546762589928,0.9339130434782609,0.9339130434782609,0.927461139896373,0.926251097453907,0.8524684200138163,473,"all","DT#473","DT",473
561,533,31,14,0.9756521739130435,0.9744058500914077,0.9756521739130435,0.9756521739130435,0.961439588688946,0.9604916593503073,0.9209531579410037,473,"all","RF#473","RF",473
513,514,50,62,0.9113475177304965,0.911190053285968,0.9113475177304965,0.9113475177304965,0.9017543859649124,0.9016681299385426,0.8033579351719972,473,"all","NB#473","NB",473
551,526,38,24,0.9582608695652174,0.9563636363636364,0.9582608695652174,0.9582608695652174,0.9467353951890034,0.9455662862159789,0.8910965600836461,473,"all","MLP#473","MLP",473
536,528,36,39,0.9361702127659575,0.9370629370629371,0.9361702127659575,0.9361702127659575,0.9346120313862251,0.9341527655838455,0.8682999477362392,474,"all","DT#474","DT",474
549,545,19,26,0.9663120567375887,0.9665492957746479,0.9663120567375887,0.9663120567375887,0.9606299212598426,0.9604916593503073,0.9209853285995959,474,"all","RF#474","RF",474
527,495,69,48,0.9165217391304348,0.9116022099447514,0.9165217391304348,0.9165217391304348,0.9000853970964987,0.897278314310799,0.7944642634055608,474,"all","NB#474","NB",474
545,538,26,30,0.9539007092198581,0.9544658493870403,0.9539007092198581,0.9539007092198581,0.9511343804537522,0.9508340649692713,0.9016656286036716,474,"all","MLP#474","MLP",474
539,528,36,36,0.9373913043478261,0.9373913043478261,0.9373913043478261,0.9373913043478261,0.9373913043478261,0.9367866549604916,0.8735615171137835,475,"all","DT#475","DT",475
555,537,27,20,0.9652173913043478,0.9640933572710951,0.9652173913043478,0.9652173913043478,0.9593777009507347,0.9587357330992098,0.9174539684791441,475,"all","RF#475","RF",475
492,531,33,83,0.9414893617021277,0.9371428571428572,0.9414893617021277,0.9414893617021277,0.901528013582343,0.8981562774363476,0.7964661480397441,475,"all","NB#475","NB",475
543,539,25,32,0.9556737588652482,0.9559859154929577,0.9556737588652482,0.9556737588652482,0.9501312335958005,0.9499561018437226,0.899914749559488,475,"all","MLP#475","MLP",475
544,520,44,31,0.9460869565217391,0.9437386569872959,0.9460869565217391,0.9460869565217391,0.9355116079105762,0.9341527655838455,0.8682642025608484,476,"all","DT#476","DT",476
553,540,24,22,0.9617391304347827,0.9608540925266904,0.9617391304347827,0.9617391304347827,0.9600694444444445,0.9596136962247586,0.9192171180644425,476,"all","RF#476","RF",476
515,518,46,60,0.9184397163120568,0.9180035650623886,0.9184397163120568,0.9184397163120568,0.9071803852889667,0.9069359086918349,0.813898642628793,476,"all","NB#476","NB",476
547,536,28,28,0.951304347826087,0.951304347826087,0.951304347826087,0.951304347826087,0.951304347826087,0.9508340649692713,0.9016589577551649,476,"all","MLP#476","MLP",476
534,520,44,41,0.928695652173913,0.9269162210338681,0.928695652173913,0.928695652173913,0.9262792714657416,0.9253731343283582,0.85072475164478,477,"all","DT#477","DT",477
557,532,32,18,0.9686956521739131,0.9672727272727273,0.9686956521739131,0.9686956521739131,0.9570446735395189,0.9561018437225637,0.9121746452287469,477,"all","RF#477","RF",477
484,519,45,91,0.9202127659574468,0.9149338374291115,0.9202127659574468,0.9202127659574468,0.8841567291311755,0.8805970149253731,0.7613579292134104,477,"all","NB#477","NB",477
537,529,35,38,0.9379432624113475,0.9388111888111889,0.9379432624113475,0.9379432624113475,0.9363557105492589,0.935908691834943,0.8718119491299395,477,"all","MLP#477","MLP",477
542,516,48,33,0.9426086956521739,0.9398907103825137,0.9426086956521739,0.9426086956521739,0.9304721030042917,0.9288849868305531,0.857720511693539,478,"all","DT#478","DT",478
558,534,30,17,0.9704347826086956,0.969147005444646,0.9704347826086956,0.9704347826086956,0.9595872742906276,0.9587357330992098,0.9174455669381315,478,"all","RF#478","RF",478
502,518,46,73,0.9184397163120568,0.916058394160584,0.9184397163120568,0.9184397163120568,0.896969696969697,0.8955223880597015,0.7911209329061469,478,"all","NB#478","NB",478
535,530,34,40,0.9397163120567376,0.9402460456942003,0.9397163120567376,0.9397163120567376,0.9353146853146853,0.9350307287093942,0.8700625591598757,478,"all","MLP#478","MLP",478
535,528,36,40,0.9361702127659575,0.9369527145359019,0.9361702127659575,0.9361702127659575,0.9336823734729495,0.9332748024582967,0.8665462102478401,479,"all","DT#479","DT",479
555,540,24,20,0.9652173913043478,0.9642857142857143,0.9652173913043478,0.9652173913043478,0.9618717504332756,0.961369622475856,0.9227267961440492,479,"all","RF#479","RF",479
495,531,33,80,0.9414893617021277,0.9375,0.9414893617021277,0.9414893617021277,0.9038297872340426,0.9007901668129938,0.8017198748453668,479,"all","NB#479","NB",479
538,536,28,37,0.950354609929078,0.950530035335689,0.950354609929078,0.950354609929078,0.9430324276950044,0.9429323968393327,0.885871567552902,479,"all","MLP#479","MLP",479
535,535,29,40,0.9485815602836879,0.9485815602836879,0.9485815602836879,0.9485815602836879,0.9394205443371378,0.9394205443371378,0.8788523880065543,480,"all","DT#480","DT",480
553,539,25,22,0.9617391304347827,0.9607843137254902,0.9617391304347827,0.9617391304347827,0.9592367736339984,0.9587357330992098,0.9174595685565253,480,"all","RF#480","RF",480
517,512,52,58,0.9078014184397163,0.9086115992970123,0.9078014184397163,0.9078014184397163,0.9038461538461537,0.9034240561896401,0.8068497501025181,480,"all","NB#480","NB",480
551,531,33,24,0.9582608695652174,0.9567567567567568,0.9582608695652174,0.9582608695652174,0.9508196721311475,0.9499561018437226,0.8998875869119709,480,"all","MLP#480","MLP",480
536,521,43,39,0.9321739130434783,0.9303571428571429,0.9321739130434783,0.9321739130434783,0.9289428076256501,0.9280070237050044,0.8559908473593646,481,"all","DT#481","DT",481
551,541,23,24,0.9592198581560284,0.9599303135888502,0.9592198581560284,0.9592198581560284,0.959094865100087,0.9587357330992098,0.9174651678741186,481,"all","RF#481","RF",481
489,537,27,86,0.9521276595744681,0.9476744186046512,0.9521276595744681,0.9521276595744681,0.9048020219039594,0.9007901668129938,0.8017601875397574,481,"all","NB#481","NB",481
544,541,23,31,0.9592198581560284,0.9594356261022927,0.9592198581560284,0.9592198581560284,0.9527145359019263,0.9525899912203687,0.9051840021705347,481,"all","MLP#481","MLP",481
542,512,52,33,0.9426086956521739,0.9394495412844037,0.9426086956521739,0.9426086956521739,0.9272882805816938,0.9253731343283582,0.8506842321993983,482,"all","DT#482","DT",482
558,535,29,17,0.9704347826086956,0.9692028985507246,0.9704347826086956,0.9704347826086956,0.9604130808950085,0.9596136962247586,0.9192034148176934,482,"all","RF#482","RF",482
529,509,55,46,0.92,0.9171171171171171,0.92,0.92,0.9128559102674719,0.9113257243195786,0.8226078294405097,482,"all","NB#482","NB",482
545,535,29,30,0.9485815602836879,0.9494773519163763,0.9485815602836879,0.9485815602836879,0.9486510008703221,0.9482001755926251,0.8963924447781491,482,"all","MLP#482","MLP",482
543,518,46,32,0.9443478260869566,0.9418181818181818,0.9443478260869566,0.9443478260869566,0.9329896907216496,0.9315188762071993,0.8629924465568451,483,"all","DT#483","DT",483
554,533,31,21,0.9634782608695652,0.9620938628158845,0.9634782608695652,0.9634782608695652,0.9551724137931035,0.9543459174714662,0.9086678283396815,483,"all","RF#483","RF",483
531,491,73,44,0.9234782608695652,0.9177570093457944,0.9234782608695652,0.9234782608695652,0.9007633587786259,0.897278314310799,0.7944363632437169,483,"all","NB#483","NB",483
534,536,28,41,0.950354609929078,0.9501779359430605,0.950354609929078,0.950354609929078,0.939526730937774,0.9394205443371378,0.8788564963321377,483,"all","MLP#483","MLP",483
546,523,41,29,0.9495652173913044,0.947463768115942,0.9495652173913044,0.9495652173913044,0.9397590361445782,0.9385425812115891,0.8770486747225767,484,"all","DT#484","DT",484
555,540,24,20,0.9652173913043478,0.9642857142857143,0.9652173913043478,0.9652173913043478,0.9618717504332756,0.961369622475856,0.9227267961440492,484,"all","RF#484","RF",484
548,414,150,27,0.9530434782608695,0.9387755102040817,0.9530434782608695,0.9530434782608695,0.8609583660644149,0.8446005267778753,0.6885223106480216,484,"all","NB#484","NB",484
538,544,20,37,0.9645390070921985,0.96415770609319,0.9645390070921985,0.9645390070921985,0.9502183406113536,0.9499561018437226,0.8999317187304924,484,"all","MLP#484","MLP",484
526,528,36,49,0.9361702127659575,0.9359430604982206,0.9361702127659575,0.9361702127659575,0.9255039439088519,0.9253731343283582,0.8507652491048073,485,"all","DT#485","DT",485
554,547,17,21,0.9698581560283688,0.9702276707530648,0.9698581560283688,0.9698581560283688,0.9668411867364748,0.9666374012291484,0.9332731051239201,485,"all","RF#485","RF",485
508,524,40,67,0.9290780141843972,0.927007299270073,0.9290780141843972,0.9290780141843972,0.9073593073593074,0.9060579455662863,0.8121843682433423,485,"all","NB#485","NB",485
552,528,36,23,0.96,0.9582577132486388,0.96,0.96,0.9492691315563199,0.9482001755926251,0.8963678393478675,485,"all","MLP#485","MLP",485
542,521,43,33,0.9426086956521739,0.9404332129963899,0.9426086956521739,0.9426086956521739,0.9344827586206897,0.9332748024582967,0.8665145183426113,486,"all","DT#486","DT",486
560,534,30,15,0.9739130434782609,0.9726775956284153,0.9739130434782609,0.9739130434782609,0.9613733905579399,0.9604916593503073,0.920955839829744,486,"all","RF#486","RF",486
520,512,52,55,0.9078014184397163,0.9090909090909091,0.9078014184397163,0.9078014184397163,0.9067131647776808,0.9060579455662863,0.8121079254370346,486,"all","NB#486","NB",486
548,533,31,27,0.9530434782608695,0.9517857142857142,0.9530434782608695,0.9530434782608695,0.9497400346620449,0.9490781387181738,0.8981398676444285,486,"all","MLP#486","MLP",486
527,517,47,48,0.9166666666666666,0.9181184668989547,0.9166666666666666,0.9166666666666666,0.9173194081810271,0.9165935030728709,0.8331742754902398,487,"all","DT#487","DT",487
546,537,27,29,0.9521276595744681,0.9528795811518325,0.9521276595744681,0.9521276595744681,0.951219512195122,0.9508340649692713,0.9016622932925493,487,"all","RF#487","RF",487
494,526,38,81,0.9326241134751773,0.9285714285714286,0.9326241134751773,0.9326241134751773,0.8983774551665242,0.8955223880597015,0.7911775717061101,487,"all","NB#487","NB",487
540,541,23,35,0.9592198581560284,0.9591474245115453,0.9592198581560284,0.9592198581560284,0.9491228070175439,0.9490781387181738,0.8981675021426413,487,"all","MLP#487","MLP",487
525,524,40,50,0.9290780141843972,0.9292035398230089,0.9290780141843972,0.9290780141843972,0.9210526315789473,0.9209833187006146,0.8419786961816527,488,"all","DT#488","DT",488
546,538,26,29,0.9539007092198581,0.9545454545454546,0.9539007092198581,0.9539007092198581,0.952048823016565,0.95171202809482,0.903419961673242,488,"all","RF#488","RF",488
544,417,147,31,0.9460869565217391,0.9308035714285714,0.9460869565217391,0.9460869565217391,0.8593996840442338,0.8437225636523266,0.6867998096779974,488,"all","NB#488","NB",488
536,543,21,39,0.9627659574468085,0.9622980251346499,0.9627659574468085,0.9627659574468085,0.9476439790575917,0.9473222124670764,0.8946667529801263,488,"all","MLP#488","MLP",488
532,530,34,43,0.9397163120567376,0.9399293286219081,0.9397163120567376,0.9397163120567376,0.9325153374233129,0.932396839332748,0.86480170310113,489,"all","DT#489","DT",489
546,547,17,29,0.9698581560283688,0.9698046181172292,0.9698581560283688,0.9698581560283688,0.9596491228070175,0.9596136962247586,0.9192362948027845,489,"all","RF#489","RF",489
513,510,54,62,0.9042553191489362,0.9047619047619048,0.9042553191489362,0.9042553191489362,0.8984238178633976,0.8981562774363476,0.7963211898478157,489,"all","NB#489","NB",489
533,542,22,42,0.9609929078014184,0.9603603603603603,0.9609929078014184,0.9609929078014184,0.9442508710801395,0.9438103599648815,0.8876483462285379,489,"all","MLP#489","MLP",489
547,519,45,28,0.951304347826087,0.9488117001828154,0.951304347826087,0.951304347826087,0.9374464438731792,0.935908691834943,0.871768456215406,490,"all","DT#490","DT",490
557,538,26,18,0.9686956521739131,0.9676258992805755,0.9686956521739131,0.9686956521739131,0.9620034542314335,0.961369622475856,0.9227215533405704,490,"all","RF#490","RF",490
516,516,48,59,0.9148936170212766,0.9148936170212766,0.9148936170212766,0.9148936170212766,0.9060579455662862,0.9060579455662863,0.8121334132855265,490,"all","NB#490","NB",490
552,526,38,23,0.96,0.9581056466302368,0.96,0.96,0.9476394849785408,0.9464442493415277,0.8928512495469864,490,"all","MLP#490","MLP",490
540,528,36,35,0.9391304347826087,0.9378330373001776,0.9391304347826087,0.9391304347826087,0.9383145091225022,0.9376646180860404,0.8753154925538361,491,"all","DT#491","DT",491
555,543,21,20,0.9652173913043478,0.9644760213143873,0.9652173913043478,0.9652173913043478,0.9643788010425717,0.9640035118525022,0.9279990872493984,491,"all","RF#491","RF",491
419,547,17,156,0.9698581560283688,0.9610091743119266,0.9698581560283688,0.9698581560283688,0.8634569850039463,0.8481123792800702,0.6969109207557269,491,"all","NB#491","NB",491
544,537,27,31,0.9521276595744681,0.9527145359019265,0.9521276595744681,0.9521276595744681,0.9493891797556718,0.9490781387181738,0.8981536867680885,491,"all","MLP#491","MLP",491
551,523,41,24,0.9582608695652174,0.9561243144424132,0.9582608695652174,0.9582608695652174,0.9443016281062553,0.9429323968393327,0.8858212281370053,492,"all","DT#492","DT",492
558,545,19,17,0.9704347826086956,0.9697508896797153,0.9704347826086956,0.9704347826086956,0.96875,0.9683933274802459,0.9367786141373898,492,"all","RF#492","RF",492
544,497,67,31,0.9460869565217391,0.9412878787878788,0.9460869565217391,0.9460869565217391,0.9173693086003373,0.9139596136962248,0.8277980388889918,492,"all","NB#492","NB",492
535,545,19,40,0.9663120567375887,0.9657039711191335,0.9663120567375887,0.9663120567375887,0.9486510008703221,0.9482001755926251,0.8964275751312746,492,"all","MLP#492","MLP",492
553,521,43,22,0.9617391304347827,0.9594843462246777,0.9617391304347827,0.9617391304347827,0.9444918872758327,0.9429323968393327,0.8858134796697559,493,"all","DT#493","DT",493
557,543,21,18,0.9686956521739131,0.9679144385026738,0.9686956521739131,0.9686956521739131,0.966175195143105,0.9657594381035997,0.9315090036958402,493,"all","RF#493","RF",493
550,390,174,25,0.9565217391304348,0.9397590361445783,0.9565217391304348,0.9565217391304348,0.8468052347959969,0.8252853380158033,0.6496527611401614,493,"all","NB#493","NB",493
552,537,27,23,0.96,0.9589285714285715,0.96,0.96,0.9566724436741767,0.9561018437225637,0.9121895410727833,493,"all","MLP#493","MLP",493
532,525,39,43,0.9308510638297872,0.9316987740805605,0.9308510638297872,0.9308510638297872,0.9284467713787086,0.9280070237050044,0.8560103847410907,494,"all","DT#494","DT",494
547,541,23,28,0.9592198581560284,0.9596491228070175,0.9592198581560284,0.9592198581560284,0.9554585152838427,0.9552238805970149,0.9104470018731067,494,"all","RF#494","RF",494
431,543,21,144,0.9627659574468085,0.9535398230088495,0.9627659574468085,0.9627659574468085,0.8681055155875299,0.8551360842844601,0.7108483228787313,494,"all","NB#494","NB",494
538,544,20,37,0.9645390070921985,0.96415770609319,0.9645390070921985,0.9645390070921985,0.9502183406113536,0.9499561018437226,0.8999317187304924,494,"all","MLP#494","MLP",494
537,521,43,38,0.9339130434782609,0.9320214669051878,0.9339130434782609,0.9339130434782609,0.9298701298701298,0.9288849868305531,0.8577446437795372,495,"all","DT#495","DT",495
553,538,26,22,0.9617391304347827,0.9607142857142857,0.9617391304347827,0.9617391304347827,0.9584055459272097,0.9578577699736611,0.915701959429872,495,"all","RF#495","RF",495
531,509,55,44,0.9234782608695652,0.9204339963833634,0.9234782608695652,0.9234782608695652,0.9147286821705426,0.913081650570676,0.8261146467348981,495,"all","NB#495","NB",495
539,536,28,36,0.950354609929078,0.9506172839506173,0.950354609929078,0.950354609929078,0.9439579684763573,0.9438103599648815,0.8876254840539674,495,"all","MLP#495","MLP",495
535,520,44,40,0.9304347826086956,0.9285714285714286,0.9304347826086956,0.9304347826086956,0.9272097053726169,0.926251097453907,0.852478429002276,496,"all","DT#496","DT",496
549,535,29,26,0.9547826086956521,0.9536541889483066,0.9547826086956521,0.9547826086956521,0.9522983521248916,0.95171202809482,0.9034101334172105,496,"all","RF#496","RF",496
525,487,77,50,0.9130434782608695,0.9068901303538175,0.9130434782608695,0.9130434782608695,0.8920985556499575,0.8884986830553117,0.7768743936091611,496,"all","NB#496","NB",496
543,530,34,32,0.9443478260869566,0.9430604982206405,0.9443478260869566,0.9443478260869566,0.9427083333333333,0.9420544337137841,0.884094125918548,496,"all","MLP#496","MLP",496
538,521,43,37,0.9356521739130435,0.9336917562724014,0.9356521739130435,0.9356521739130435,0.9307958477508649,0.9297629499561019,0.8594984996931542,497,"all","DT#497","DT",497
557,539,25,18,0.9686956521739131,0.9676840215439856,0.9686956521739131,0.9686956521739131,0.9628349178910978,0.9622475856014048,0.924479162651132,497,"all","RF#497","RF",497
515,510,54,60,0.9042553191489362,0.9050966608084359,0.9042553191489362,0.9042553191489362,0.9003496503496503,0.8999122036874452,0.7998261046517007,497,"all","NB#497","NB",497
542,532,32,33,0.9432624113475178,0.9442508710801394,0.9432624113475178,0.9432624113475178,0.9434290687554394,0.9429323968393327,0.8858560832301641,497,"all","MLP#497","MLP",497
527,529,35,48,0.9379432624113475,0.9377224199288257,0.9379432624113475,0.9379432624113475,0.9272567922874672,0.9271290605794557,0.8542766550082236,498,"all","DT#498","DT",498
549,549,15,26,0.973404255319149,0.973404255319149,0.973404255319149,0.973404255319149,0.9640035118525022,0.9640035118525022,0.928013737800996,498,"all","RF#498","RF",498
516,507,57,59,0.898936170212766,0.900523560209424,0.898936170212766,0.898936170212766,0.8989547038327526,0.8981562774363476,0.7963004646774238,498,"all","NB#498","NB",498
545,530,34,30,0.9478260869565217,0.9464285714285714,0.9478260869565217,0.9478260869565217,0.9445407279029463,0.9438103599648815,0.8876026125731625,498,"all","MLP#498","MLP",498
542,524,40,33,0.9426086956521739,0.940754039497307,0.9426086956521739,0.9426086956521739,0.9369057908383751,0.935908691834943,0.871790206361224,499,"all","DT#499","DT",499
559,540,24,16,0.9721739130434782,0.9712230215827338,0.9721739130434782,0.9721739130434782,0.9654576856649396,0.9648814749780509,0.9297468666732457,499,"all","RF#499","RF",499
533,498,66,42,0.9269565217391305,0.9222222222222223,0.9269565217391305,0.9269565217391305,0.9080068143100511,0.9051799824407375,0.810265047753017,499,"all","NB#499","NB",499
540,531,33,35,0.9414893617021277,0.9424083769633508,0.9414893617021277,0.9414893617021277,0.940766550522648,0.9402985074626866,0.8805899275695244,499,"all","MLP#499","MLP",499
518,526,38,57,0.9326241134751773,0.9316546762589928,0.9326241134751773,0.9326241134751773,0.9171752397558849,0.9165935030728709,0.8332251864570311,500,"all","DT#500","DT",500
549,537,27,26,0.9547826086956521,0.9538188277087034,0.9547826086956521,0.9547826086956521,0.9539530842745438,0.9534679543459175,0.9069256493711734,500,"all","RF#500","RF",500
511,504,60,64,0.8936170212765957,0.8949211908931699,0.8936170212765957,0.8936170212765957,0.8917975567190227,0.8911325724319579,0.7822596061938444,500,"all","NB#500","NB",500
534,524,40,41,0.9290780141843972,0.9303135888501742,0.9290780141843972,0.9290780141843972,0.9295039164490861,0.9288849868305531,0.8577591191022045,500,"all","MLP#500","MLP",500
532,513,51,43,0.9252173913043479,0.9226618705035972,0.9252173913043479,0.9252173913043479,0.918825561312608,0.9174714661984197,0.8349051366821277,501,"all","DT#501","DT",501
549,532,32,26,0.9547826086956521,0.953405017921147,0.9547826086956521,0.9547826086956521,0.9498269896193772,0.9490781387181738,0.8981364122775367,501,"all","RF#501","RF",501
524,484,80,51,0.9113043478260869,0.9046728971962616,0.9113043478260869,0.9113043478260869,0.8888888888888888,0.8849868305531168,0.7698390049993753,501,"all","NB#501","NB",501
532,535,29,43,0.9485815602836879,0.948306595365419,0.9485815602836879,0.9485815602836879,0.9369527145359019,0.9367866549604916,0.8735915308421989,501,"all","MLP#501","MLP",501
539,523,41,36,0.9373913043478261,0.9355992844364938,0.9373913043478261,0.9373913043478261,0.9333333333333333,0.932396839332748,0.8647695996422761,502,"all","DT#502","DT",502
551,546,18,24,0.9680851063829787,0.968365553602812,0.9680851063829787,0.9680851063829787,0.9632867132867133,0.9631255487269534,0.926251722766416,502,"all","RF#502","RF",502
507,526,38,68,0.9326241134751773,0.9302752293577982,0.9326241134751773,0.9326241134751773,0.9084628670120898,0.9069359086918349,0.8139491162374985,502,"all","NB#502","NB",502
547,543,21,28,0.9627659574468085,0.9630281690140845,0.9627659574468085,0.9627659574468085,0.9571303587051618,0.9569798068481123,0.9139618022528931,502,"all","MLP#502","MLP",502
523,523,41,52,0.9273049645390071,0.9273049645390071,0.9273049645390071,0.9273049645390071,0.9183494293239683,0.9183494293239683,0.8367140881827471,503,"all","DT#503","DT",503
550,534,30,25,0.9565217391304348,0.9552772808586762,0.9565217391304348,0.9565217391304348,0.9523809523809523,0.95171202809482,0.9034068568873401,503,"all","RF#503","RF",503
487,520,44,88,0.9219858156028369,0.9171374764595104,0.9219858156028369,0.9219858156028369,0.8873720136518771,0.884108867427568,0.7683689630309789,503,"all","NB#503","NB",503
551,534,30,24,0.9582608695652174,0.956989247311828,0.9582608695652174,0.9582608695652174,0.953287197231834,0.9525899912203687,0.9051614872928789,503,"all","MLP#503","MLP",503
533,531,33,42,0.9414893617021277,0.941696113074205,0.9414893617021277,0.9414893617021277,0.9342681858019282,0.9341527655838455,0.8683133471764255,504,"all","DT#504","DT",504
550,550,14,25,0.975177304964539,0.975177304964539,0.975177304964539,0.975177304964539,0.9657594381035997,0.9657594381035997,0.9315252627863133,504,"all","RF#504","RF",504
493,536,28,82,0.950354609929078,0.946257197696737,0.950354609929078,0.950354609929078,0.9069373942470389,0.9034240561896401,0.807006842330644,504,"all","NB#504","NB",504
542,537,27,33,0.9521276595744681,0.9525483304042179,0.9521276595744681,0.9521276595744681,0.9475524475524475,0.9473222124670764,0.8946453182377371,504,"all","MLP#504","MLP",504
546,514,50,29,0.9495652173913044,0.9465930018416207,0.9495652173913044,0.9495652173913044,0.9325362937660119,0.9306409130816505,0.8612194599063187,505,"all","DT#505","DT",505
547,544,20,28,0.9645390070921985,0.9647266313932981,0.9645390070921985,0.9645390070921985,0.957968476357268,0.9578577699736611,0.9157191130404755,505,"all","RF#505","RF",505
507,518,46,68,0.9184397163120568,0.9168173598553345,0.9184397163120568,0.9184397163120568,0.9008695652173914,0.8999122036874452,0.7998804023167428,505,"all","NB#505","NB",505
544,537,27,31,0.9521276595744681,0.9527145359019265,0.9521276595744681,0.9521276595744681,0.9493891797556718,0.9490781387181738,0.8981536867680885,505,"all","MLP#505","MLP",505
545,508,56,30,0.9478260869565217,0.9442379182156134,0.9478260869565217,0.9478260869565217,0.9268707482993197,0.9244951712028094,0.8489096332949774,506,"all","DT#506","DT",506
560,529,35,15,0.9739130434782609,0.9724264705882353,0.9739130434782609,0.9739130434782609,0.9572649572649573,0.9561018437225637,0.9121657052962769,506,"all","RF#506","RF",506
537,500,64,38,0.9339130434782609,0.929368029739777,0.9339130434782609,0.9339130434782609,0.9132653061224489,0.9104477611940298,0.8207997976289266,506,"all","NB#506","NB",506
559,521,43,16,0.9721739130434782,0.9702048417132216,0.9721739130434782,0.9721739130434782,0.949872557349193,0.9482001755926251,0.8963432222278781,506,"all","MLP#506","MLP",506
531,535,29,44,0.9485815602836879,0.9482142857142857,0.9485815602836879,0.9485815602836879,0.9361329833770778,0.935908691834943,0.8718380307199063,507,"all","DT#507","DT",507
547,537,27,28,0.9521276595744681,0.9529616724738676,0.9521276595744681,0.9521276595744681,0.9521322889469104,0.95171202809482,0.9034166858101389,507,"all","RF#507","RF",507
482,532,32,93,0.9432624113475178,0.9377431906614786,0.9432624113475178,0.9432624113475178,0.894869638351556,0.8902546093064091,0.780715602575812,507,"all","NB#507","NB",507
536,539,25,39,0.9556737588652482,0.9554367201426025,0.9556737588652482,0.9556737588652482,0.9439579684763573,0.9438103599648815,0.8876369163041768,507,"all","MLP#507","MLP",507
537,521,43,38,0.9339130434782609,0.9320214669051878,0.9339130434782609,0.9339130434782609,0.9298701298701298,0.9288849868305531,0.8577446437795372,508,"all","DT#508","DT",508
546,533,31,29,0.9495652173913044,0.9483985765124555,0.9495652173913044,0.9495652173913044,0.9479166666666667,0.9473222124670764,0.8946310235623163,508,"all","RF#508","RF",508
515,500,64,60,0.8956521739130435,0.8928571428571429,0.8956521739130435,0.8956521739130435,0.8925476603119585,0.8911325724319579,0.7822300618605025,508,"all","NB#508","NB",508
543,531,33,32,0.9443478260869566,0.9431616341030196,0.9443478260869566,0.9443478260869566,0.9435273675065161,0.9429323968393327,0.8858522114929485,508,"all","MLP#508","MLP",508
540,526,38,35,0.9391304347826087,0.9376114081996435,0.9391304347826087,0.9391304347826087,0.9366869037294016,0.935908691834943,0.8717989043537523,509,"all","DT#509","DT",509
555,536,28,20,0.9652173913043478,0.9640287769784173,0.9652173913043478,0.9652173913043478,0.9585492227979274,0.9578577699736611,0.9156962400078951,509,"all","RF#509","RF",509
484,529,35,91,0.9379432624113475,0.9325626204238922,0.9379432624113475,0.9379432624113475,0.893581081081081,0.8893766461808604,0.7789426015378549,509,"all","NB#509","NB",509
549,533,31,26,0.9547826086956521,0.9534883720930233,0.9547826086956521,0.9547826086956521,0.9506493506493506,0.9499561018437226,0.8998943789559707,509,"all","MLP#509","MLP",509
535,529,35,40,0.9379432624113475,0.9385964912280702,0.9379432624113475,0.9379432624113475,0.9344978165938864,0.9341527655838455,0.8683044145192745,510,"all","DT#510","DT",510
550,543,21,25,0.9627659574468085,0.9632224168126094,0.9627659574468085,0.9627659574468085,0.9598603839441535,0.9596136962247586,0.9192253377815874,510,"all","RF#510","RF",510
505,526,38,70,0.9326241134751773,0.9300184162062615,0.9326241134751773,0.9326241134751773,0.9068965517241379,0.9051799824407375,0.8104451484855583,510,"all","NB#510","NB",510
545,541,23,30,0.9592198581560284,0.9595070422535211,0.9592198581560284,0.9592198581560284,0.9536307961504812,0.9534679543459175,0.9069382759061906,510,"all","MLP#510","MLP",510
537,525,39,38,0.9339130434782609,0.9325044404973357,0.9339130434782609,0.9339130434782609,0.9331016507384883,0.932396839332748,0.8647787736147236,511,"all","DT#511","DT",511
558,545,19,17,0.9704347826086956,0.9697508896797153,0.9704347826086956,0.9704347826086956,0.96875,0.9683933274802459,0.9367786141373898,511,"all","RF#511","RF",511
527,510,54,48,0.9165217391304348,0.9139784946236559,0.9165217391304348,0.9165217391304348,0.9117647058823529,0.9104477611940298,0.8208605871087714,511,"all","NB#511","NB",511
546,540,24,29,0.9574468085106383,0.9578947368421052,0.9574468085106383,0.9574468085106383,0.9537117903930131,0.9534679543459175,0.9069351195936206,511,"all","MLP#511","MLP",511
532,524,40,43,0.9290780141843972,0.9300699300699301,0.9290780141843972,0.9290780141843972,0.927637314734089,0.9271290605794557,0.854251942161438,512,"all","DT#512","DT",512
555,533,31,20,0.9652173913043478,0.9638336347197106,0.9652173913043478,0.9652173913043478,0.9560723514211885,0.9552238805970149,0.9104226968028263,512,"all","RF#512","RF",512
517,512,52,58,0.9078014184397163,0.9086115992970123,0.9078014184397163,0.9078014184397163,0.9038461538461537,0.9034240561896401,0.8068497501025181,512,"all","NB#512","NB",512
545,537,27,30,0.9521276595744681,0.9527972027972028,0.9521276595744681,0.9521276595744681,0.9503051438535309,0.9499561018437226,0.8999079602795418,512,"all","MLP#512","MLP",512
542,510,54,33,0.9426086956521739,0.9392265193370166,0.9426086956521739,0.9426086956521739,0.9257045260461143,0.9236172080772608,0.8471657343272119,513,"all","DT#513","DT",513
554,532,32,21,0.9634782608695652,0.9620253164556962,0.9634782608695652,0.9634782608695652,0.954349698535745,0.9534679543459175,0.9069098613833293,513,"all","RF#513","RF",513
480,522,42,95,0.925531914893617,0.9195402298850575,0.925531914893617,0.925531914893617,0.8839966130397968,0.8797190517998245,0.7596317217179132,513,"all","NB#513","NB",513
551,525,39,24,0.9582608695652174,0.9562841530054644,0.9582608695652174,0.9582608695652174,0.9459227467811158,0.9446883230904302,0.8893381757616414,513,"all","MLP#513","MLP",513
529,527,37,46,0.9343971631205674,0.9346289752650176,0.9343971631205674,0.9343971631205674,0.9272567922874672,0.9271290605794557,0.8542667708752442,514,"all","DT#514","DT",514
547,544,20,28,0.9645390070921985,0.9647266313932981,0.9645390070921985,0.9645390070921985,0.957968476357268,0.9578577699736611,0.9157191130404755,514,"all","RF#514","RF",514
505,510,54,70,0.9042553191489362,0.9033989266547406,0.9042553191489362,0.9042553191489362,0.8916083916083916,0.8911325724319579,0.7823039076661282,514,"all","NB#514","NB",514
535,539,25,40,0.9556737588652482,0.9553571428571429,0.9556737588652482,0.9556737588652482,0.9431321084864391,0.9429323968393327,0.8858831780382727,514,"all","MLP#514","MLP",514
542,520,44,33,0.9426086956521739,0.9403254972875226,0.9426086956521739,0.9426086956521739,0.9336778639104222,0.932396839332748,0.864755836349365,515,"all","DT#515","DT",515
548,544,20,27,0.9645390070921985,0.9647887323943662,0.9645390070921985,0.9645390070921985,0.9588801399825022,0.9587357330992098,0.9174735654262444,515,"all","RF#515","RF",515
504,518,46,71,0.9184397163120568,0.9163636363636364,0.9184397163120568,0.9184397163120568,0.8985255854293149,0.897278314310799,0.7946245424773647,515,"all","NB#515","NB",515
545,530,34,30,0.9478260869565217,0.9464285714285714,0.9478260869565217,0.9478260869565217,0.9445407279029463,0.9438103599648815,0.8876026125731625,515,"all","MLP#515","MLP",515
539,523,41,36,0.9373913043478261,0.9355992844364938,0.9373913043478261,0.9373913043478261,0.9333333333333333,0.932396839332748,0.8647695996422761,516,"all","DT#516","DT",516
555,543,21,20,0.9652173913043478,0.9644760213143873,0.9652173913043478,0.9652173913043478,0.9643788010425717,0.9640035118525022,0.9279990872493984,516,"all","RF#516","RF",516
533,504,60,42,0.9269565217391305,0.9230769230769231,0.9269565217391305,0.9269565217391305,0.9126712328767123,0.9104477611940298,0.8208241183710105,516,"all","NB#516","NB",516
536,534,30,39,0.9468085106382979,0.9469964664310954,0.9468085106382979,0.9468085106382979,0.9395267309377738,0.9394205443371378,0.8788482794023114,516,"all","MLP#516","MLP",516
547,534,30,28,0.951304347826087,0.9501779359430605,0.951304347826087,0.951304347826087,0.9496527777777778,0.9490781387181738,0.8981433227769057,517,"all","DT#517","DT",517
558,538,26,17,0.9704347826086956,0.9693693693693693,0.9704347826086956,0.9704347826086956,0.9628990509059535,0.9622475856014048,0.9244766006528904,517,"all","RF#517","RF",517
527,512,52,48,0.9165217391304348,0.9142857142857143,0.9165217391304348,0.9165217391304348,0.9133448873483536,0.9122036874451273,0.8243790821455663,517,"all","NB#517","NB",517
549,532,32,26,0.9547826086956521,0.953405017921147,0.9547826086956521,0.9547826086956521,0.9498269896193772,0.9490781387181738,0.8981364122775367,517,"all","MLP#517","MLP",517
534,523,41,41,0.928695652173913,0.928695652173913,0.928695652173913,0.928695652173913,0.928695652173913,0.9280070237050044,0.8560006167129203,518,"all","DT#518","DT",518
545,536,28,30,0.950354609929078,0.9511343804537522,0.950354609929078,0.950354609929078,0.9494773519163764,0.9490781387181738,0.8981502323387118,518,"all","RF#518","RF",518
511,518,46,64,0.9184397163120568,0.9174147217235189,0.9184397163120568,0.9184397163120568,0.9040139616055847,0.9034240561896401,0.8068890471302316,518,"all","NB#518","NB",518
545,532,32,30,0.9478260869565217,0.9466192170818505,0.9478260869565217,0.9478260869565217,0.9461805555555556,0.9455662862159789,0.8911187243477269,518,"all","MLP#518","MLP",518
534,533,31,41,0.9450354609929078,0.9451327433628318,0.9450354609929078,0.9450354609929078,0.9368421052631579,0.9367866549604916,0.8735829569453221,519,"all","DT#519","DT",519
552,538,26,23,0.96,0.9590017825311943,0.96,0.96,0.9575021682567215,0.9569798068481123,0.9139472097716966,519,"all","RF#519","RF",519
515,522,42,60,0.925531914893617,0.9245960502692998,0.925531914893617,0.925531914893617,0.9109947643979057,0.9104477611940298,0.8209334800662147,519,"all","NB#519","NB",519
545,529,35,30,0.9478260869565217,0.9463327370304114,0.9478260869565217,0.9478260869565217,0.9437229437229439,0.9429323968393327,0.8858444672304928,519,"all","MLP#519","MLP",519
548,519,45,27,0.9530434782608695,0.9505494505494505,0.9530434782608695,0.9530434782608695,0.9383561643835616,0.9367866549604916,0.8735229070854191,520,"all","DT#520","DT",520
555,532,32,20,0.9652173913043478,0.9637681159420289,0.9652173913043478,0.9652173913043478,0.9552495697074009,0.9543459174714662,0.9086647297939143,520,"all","RF#520","RF",520
519,512,52,56,0.9078014184397163,0.9089316987740805,0.9078014184397163,0.9078014184397163,0.9057591623036649,0.9051799824407375,0.8103551408785097,520,"all","NB#520","NB",520
556,531,33,19,0.9669565217391304,0.9654545454545455,0.9669565217391304,0.9669565217391304,0.9553264604810996,0.9543459174714662,0.9086616310378969,520,"all","MLP#520","MLP",520
539,527,37,36,0.9373913043478261,0.9360568383658969,0.9373913043478261,0.9373913043478261,0.9365768896611643,0.935908691834943,0.8718032529074653,521,"all","DT#521","DT",521
556,539,25,19,0.9669565217391304,0.9659498207885304,0.9669565217391304,0.9669565217391304,0.9619377162629758,0.961369622475856,0.9227241748312347,521,"all","RF#521","RF",521
506,525,39,69,0.9308510638297872,0.9284403669724771,0.9308510638297872,0.9308510638297872,0.9067357512953369,0.9051799824407375,0.8104387222042438,521,"all","NB#521","NB",521
543,538,26,32,0.9539007092198581,0.9543057996485061,0.9539007092198581,0.9539007092198581,0.9493006993006994,0.9490781387181738,0.8981571409631458,521,"all","MLP#521","MLP",521
534,519,45,41,0.928695652173913,0.9267857142857143,0.928695652173913,0.928695652173913,0.9254766031195839,0.9244951712028094,0.8489660106451871,522,"all","DT#522","DT",522
553,541,23,22,0.9617391304347827,0.9609236234458259,0.9617391304347827,0.9617391304347827,0.9609035621198958,0.9604916593503073,0.9209746079566568,522,"all","RF#522","RF",522
525,488,76,50,0.9130434782608695,0.9070631970260223,0.9130434782608695,0.9130434782608695,0.8928571428571428,0.8893766461808604,0.7786350441298507,522,"all","NB#522","NB",522
543,534,30,32,0.9468085106382979,0.9476439790575916,0.9468085106382979,0.9468085106382979,0.945993031358885,0.9455662862159789,0.8911261104310368,522,"all","MLP#522","MLP",522
527,515,49,48,0.9165217391304348,0.9149305555555556,0.9165217391304348,0.9165217391304348,0.9157254561251086,0.9148375768217735,0.8296563771510155,523,"all","DT#523","DT",523
551,537,27,24,0.9582608695652174,0.9572192513368984,0.9582608695652174,0.9582608695652174,0.9557675628794449,0.9552238805970149,0.9104348509868679,523,"all","RF#523","RF",523
521,517,47,54,0.9166666666666666,0.9172535211267606,0.9166666666666666,0.9166666666666666,0.9116360454943132,0.9113257243195786,0.8226559597457594,523,"all","NB#523","NB",523
541,532,32,34,0.9432624113475178,0.944153577661431,0.9432624113475178,0.9432624113475178,0.9425087108013936,0.9420544337137841,0.8841019885233619,523,"all","MLP#523","MLP",523
544,522,42,31,0.9460869565217391,0.9439421338155516,0.9460869565217391,0.9460869565217391,0.9371231696813093,0.935908691834943,0.8717815071883592,524,"all","DT#524","DT",524
555,543,21,20,0.9652173913043478,0.9644760213143873,0.9652173913043478,0.9652173913043478,0.9643788010425717,0.9640035118525022,0.9279990872493984,524,"all","RF#524","RF",524
520,504,60,55,0.9043478260869565,0.9016100178890877,0.9043478260869565,0.9043478260869565,0.9004329004329004,0.8990342405618964,0.7980325189462566,524,"all","NB#524","NB",524
547,544,20,28,0.9645390070921985,0.9647266313932981,0.9645390070921985,0.9645390070921985,0.957968476357268,0.9578577699736611,0.9157191130404755,524,"all","MLP#524","MLP",524
534,528,36,41,0.9361702127659575,0.9368421052631579,0.9361702127659575,0.9361702127659575,0.9327510917030567,0.932396839332748,0.8647925322397884,525,"all","DT#525","DT",525
553,539,25,22,0.9617391304347827,0.9607843137254902,0.9617391304347827,0.9617391304347827,0.9592367736339984,0.9587357330992098,0.9174595685565253,525,"all","RF#525","RF",525
512,516,48,63,0.9148936170212766,0.9142857142857143,0.9148936170212766,0.9148936170212766,0.9028871391076115,0.9025460930640913,0.8051235809576657,525,"all","NB#525","NB",525
552,536,28,23,0.96,0.9588550983899821,0.96,0.96,0.9558441558441558,0.9552238805970149,0.910431812750079,525,"all","MLP#525","MLP",525
523,526,38,52,0.9326241134751773,0.9322638146167558,0.9326241134751773,0.9326241134751773,0.9211908931698773,0.9209833187006146,0.8419894135527487,526,"all","DT#526","DT",526
551,547,17,24,0.9698581560283688,0.9700704225352113,0.9698581560283688,0.9698581560283688,0.9641294838145231,0.9640035118525022,0.9280088549462985,526,"all","RF#526","RF",526
537,459,105,38,0.9339130434782609,0.9235412474849095,0.9339130434782609,0.9339130434782609,0.8824979457682827,0.874451273046532,0.748593452628102,526,"all","NB#526","NB",526
548,537,27,27,0.9530434782608695,0.9530434782608695,0.9530434782608695,0.9530434782608695,0.9530434782608695,0.9525899912203687,0.9051711378353375,526,"all","MLP#526","MLP",526
538,523,41,37,0.9356521739130435,0.9339285714285714,0.9356521739130435,0.9356521739130435,0.9324090121317158,0.9315188762071993,0.8630156840735419,527,"all","DT#527","DT",527
554,542,22,21,0.9634782608695652,0.9626998223801065,0.9634782608695652,0.9634782608695652,0.9626411815812338,0.9622475856014048,0.9244868476030276,527,"all","RF#527","RF",527
456,543,21,119,0.9627659574468085,0.9559748427672956,0.9627659574468085,0.9627659574468085,0.8858075040783036,0.8770851624231782,0.7545553335652432,527,"all","NB#527","NB",527
548,537,27,27,0.9530434782608695,0.9530434782608695,0.9530434782608695,0.9530434782608695,0.9530434782608695,0.9525899912203687,0.9051711378353375,527,"all","MLP#527","MLP",527
547,522,42,28,0.951304347826087,0.9490909090909091,0.951304347826087,0.951304347826087,0.9398625429553266,0.9385425812115891,0.8770445033202455,528,"all","DT#528","DT",528
559,545,19,16,0.9721739130434782,0.9714795008912656,0.9721739130434782,0.9721739130434782,0.9696444058976583,0.9692712906057945,0.9385337212654976,528,"all","RF#528","RF",528
538,509,55,37,0.9356521739130435,0.9322344322344323,0.9356521739130435,0.9356521739130435,0.9212328767123288,0.9192273924495171,0.8383903812758134,528,"all","NB#528","NB",528
546,527,37,29,0.9495652173913044,0.947841726618705,0.9495652173913044,0.9495652173913044,0.9430051813471504,0.9420544337137841,0.8840823300108557,528,"all","MLP#528","MLP",528
536,524,40,39,0.9321739130434783,0.9307282415630551,0.9321739130434783,0.9321739130434783,0.9313640312771503,0.9306409130816505,0.8612665339683527,529,"all","DT#529","DT",529
554,539,25,21,0.9634782608695652,0.9625,0.9634782608695652,0.9634782608695652,0.9601386481802425,0.9596136962247586,0.9192143777869606,529,"all","RF#529","RF",529
496,538,26,79,0.9539007092198581,0.9501915708812261,0.9539007092198581,0.9539007092198581,0.9110922946655376,0.9078138718173837,0.8157761370830722,529,"all","NB#529","NB",529
547,533,31,28,0.951304347826087,0.9500891265597148,0.951304347826087,0.951304347826087,0.9488291413703382,0.9482001755926251,0.8963854158475533,529,"all","MLP#529","MLP",529
536,530,34,39,0.9397163120567376,0.9403508771929825,0.9397163120567376,0.9397163120567376,0.9362445414847163,0.935908691834943,0.8718162967987606,530,"all","DT#530","DT",530
551,532,32,24,0.9582608695652174,0.9568345323741008,0.9582608695652174,0.9582608695652174,0.9516407599309155,0.9508340649692713,0.9016456133425441,530,"all","RF#530","RF",530
495,517,47,80,0.9166666666666666,0.9132841328413284,0.9166666666666666,0.9166666666666666,0.8906115417743324,0.8884986830553117,0.7771013139423975,530,"all","NB#530","NB",530
537,541,23,38,0.9592198581560284,0.9589285714285715,0.9592198581560284,0.9592198581560284,0.9466316710411198,0.9464442493415277,0.892905751697456,530,"all","MLP#530","MLP",530
533,536,28,42,0.950354609929078,0.9500891265597148,0.950354609929078,0.950354609929078,0.9387040280210157,0.9385425812115891,0.8771028772076933,531,"all","DT#531","DT",531
551,545,19,24,0.9663120567375887,0.9666666666666667,0.9663120567375887,0.9663120567375887,0.9624454148471616,0.9622475856014048,0.9244945309910508,531,"all","RF#531","RF",531
530,495,69,45,0.9217391304347826,0.9166666666666666,0.9217391304347826,0.9217391304347826,0.9028960817717206,0.8999122036874452,0.7997242170726291,531,"all","NB#531","NB",531
539,542,22,36,0.9609929078014184,0.9607843137254902,0.9609929078014184,0.9609929078014184,0.9492119089316987,0.9490781387181738,0.8981709554006602,531,"all","MLP#531","MLP",531
536,526,38,39,0.9326241134751773,0.9337979094076655,0.9326241134751773,0.9326241134751773,0.9329852045256746,0.932396839332748,0.8647833601341943,532,"all","DT#532","DT",532
553,533,31,22,0.9617391304347827,0.9603603603603603,0.9617391304347827,0.9617391304347827,0.9542709232096636,0.9534679543459175,0.9069130194093764,532,"all","RF#532","RF",532
518,508,56,57,0.9008695652173913,0.9024390243902439,0.9008695652173913,0.9008695652173913,0.9016536118363795,0.9007901668129938,0.8015651908462853,532,"all","NB#532","NB",532
548,530,34,27,0.9530434782608695,0.9515260323159784,0.9530434782608695,0.9530434782608695,0.9472774416594643,0.9464442493415277,0.8928657888771871,532,"all","MLP#532","MLP",532
548,519,45,27,0.9530434782608695,0.9505494505494505,0.9530434782608695,0.9530434782608695,0.9383561643835616,0.9367866549604916,0.8735229070854191,533,"all","DT#533","DT",533
559,535,29,16,0.9721739130434782,0.9709618874773139,0.9721739130434782,0.9721739130434782,0.9613069647463456,0.9604916593503073,0.920958521536509,533,"all","RF#533","RF",533
522,522,42,53,0.925531914893617,0.925531914893617,0.925531914893617,0.925531914893617,0.9165935030728709,0.9165935030728709,0.8332025631974299,533,"all","NB#533","NB",533
535,529,35,40,0.9379432624113475,0.9385964912280702,0.9379432624113475,0.9379432624113475,0.9344978165938864,0.9341527655838455,0.8683044145192745,533,"all","MLP#533","MLP",533
541,529,35,34,0.9408695652173913,0.9396092362344582,0.9408695652173913,0.9408695652173913,0.9400521285838401,0.9394205443371378,0.8788277322002069,534,"all","DT#534","DT",534
545,540,24,30,0.9574468085106383,0.9578207381370826,0.9574468085106383,0.9574468085106383,0.9527972027972028,0.9525899912203687,0.9051807864139633,534,"all","RF#534","RF",534
511,522,42,64,0.925531914893617,0.9240506329113924,0.925531914893617,0.925531914893617,0.9078260869565218,0.9069359086918349,0.8139238828559187,534,"all","NB#534","NB",534
533,533,31,42,0.9450354609929078,0.9450354609929078,0.9450354609929078,0.9450354609929078,0.9359086918349429,0.935908691834943,0.8718293380359199,534,"all","MLP#534","MLP",534
535,519,45,40,0.9304347826086956,0.9284436493738819,0.9304347826086956,0.9304347826086956,0.9264069264069263,0.9253731343283582,0.8507196879167984,535,"all","DT#535","DT",535
548,536,28,27,0.9530434782608695,0.9520426287744227,0.9530434782608695,0.9530434782608695,0.9522154648132058,0.95171202809482,0.9034134097248027,535,"all","RF#535","RF",535
472,529,35,103,0.9379432624113475,0.9309664694280079,0.9379432624113475,0.9379432624113475,0.8846153846153846,0.8788410886742757,0.7579387323900282,535,"all","NB#535","NB",535
543,527,37,32,0.9443478260869566,0.9427549194991055,0.9443478260869566,0.9443478260869566,0.9402597402597402,0.9394205443371378,0.8788195113677539,535,"all","MLP#535","MLP",535
542,527,37,33,0.9426086956521739,0.9410714285714286,0.9426086956521739,0.9426086956521739,0.9393414211438474,0.9385425812115891,0.8770653575018964,536,"all","DT#536","DT",536
558,537,27,17,0.9704347826086956,0.9693140794223827,0.9704347826086956,0.9704347826086956,0.9620689655172413,0.961369622475856,0.9227189316720381,536,"all","RF#536","RF",536
538,511,53,37,0.9356521739130435,0.9324817518248175,0.9356521739130435,0.9356521739130435,0.9228130360205833,0.9209833187006146,0.8419089978162436,536,"all","NB#536","NB",536
552,529,35,23,0.96,0.9583333333333334,0.96,0.96,0.9500860585197934,0.9490781387181738,0.8981260447701351,536,"all","MLP#536","MLP",536
535,530,34,40,0.9397163120567376,0.9402460456942003,0.9397163120567376,0.9397163120567376,0.9353146853146853,0.9350307287093942,0.8700625591598757,537,"all","DT#537","DT",537
554,542,22,21,0.9634782608695652,0.9626998223801065,0.9634782608695652,0.9634782608695652,0.9626411815812338,0.9622475856014048,0.9244868476030276,537,"all","RF#537","RF",537
510,522,42,65,0.925531914893617,0.9239130434782609,0.925531914893617,0.925531914893617,0.9070373588184188,0.9060579455662863,0.8121716320954054,537,"all","NB#537","NB",537
543,543,21,32,0.9627659574468085,0.9627659574468085,0.9627659574468085,0.9627659574468085,0.9534679543459175,0.9534679543459175,0.9069445878890925,537,"all","MLP#537","MLP",537
530,525,39,45,0.9308510638297872,0.9314586994727593,0.9308510638297872,0.9308510638297872,0.9265734265734265,0.926251097453907,0.8525034455328321,538,"all","DT#538","DT",538
553,539,25,22,0.9617391304347827,0.9607843137254902,0.9617391304347827,0.9617391304347827,0.9592367736339984,0.9587357330992098,0.9174595685565253,538,"all","RF#538","RF",538
515,521,43,60,0.9237588652482269,0.9229390681003584,0.9237588652482269,0.9237588652482269,0.9100436681222708,0.9095697980684812,0.8191748601621179,538,"all","NB#538","NB",538
550,540,24,25,0.9574468085106383,0.9581881533101045,0.9574468085106383,0.9574468085106383,0.9573542210617928,0.9569798068481123,0.9139530473581237,538,"all","MLP#538","MLP",538
536,521,43,39,0.9321739130434783,0.9303571428571429,0.9321739130434783,0.9321739130434783,0.9289428076256501,0.9280070237050044,0.8559908473593646,539,"all","DT#539","DT",539
550,536,28,25,0.9565217391304348,0.9554367201426025,0.9565217391304348,0.9565217391304348,0.9540329575021683,0.9534679543459175,0.9069224922020392,539,"all","RF#539","RF",539
501,519,45,74,0.9202127659574468,0.9175824175824175,0.9202127659574468,0.9202127659574468,0.8971477960242005,0.8955223880597015,0.7911280144363163,539,"all","NB#539","NB",539
544,527,37,31,0.9460869565217391,0.9444444444444444,0.9460869565217391,0.9460869565217391,0.9411764705882352,0.9402985074626866,0.880573724739181,539,"all","MLP#539","MLP",539
539,531,33,36,0.9414893617021277,0.9423076923076923,0.9414893617021277,0.9414893617021277,0.939843068875327,0.9394205443371378,0.87883595191734,540,"all","DT#540","DT",540
552,541,23,23,0.96,0.96,0.96,0.96,0.96,0.9596136962247586,0.9192198581560284,540,"all","RF#540","RF",540
512,505,59,63,0.8953900709219859,0.8966725043782837,0.8953900709219859,0.8953900709219859,0.893542757417103,0.8928884986830553,0.7857715480294275,540,"all","NB#540","NB",540
538,536,28,37,0.950354609929078,0.950530035335689,0.950354609929078,0.950354609929078,0.9430324276950044,0.9429323968393327,0.885871567552902,540,"all","MLP#540","MLP",540
531,519,45,44,0.9234782608695652,0.921875,0.9234782608695652,0.9234782608695652,0.9226759339704604,0.9218612818261633,0.8437053357364989,541,"all","DT#541","DT",541
550,536,28,25,0.9565217391304348,0.9554367201426025,0.9565217391304348,0.9565217391304348,0.9540329575021683,0.9534679543459175,0.9069224922020392,541,"all","RF#541","RF",541
525,492,72,50,0.9130434782608695,0.9077490774907749,0.9130434782608695,0.9130434782608695,0.8959044368600683,0.8928884986830553,0.7856770487909457,541,"all","NB#541","NB",541
546,518,46,29,0.9495652173913044,0.946983546617916,0.9495652173913044,0.9495652173913044,0.9357326478149101,0.9341527655838455,0.8682552632350061,541,"all","MLP#541","MLP",541
535,524,40,40,0.9304347826086956,0.9304347826086956,0.9304347826086956,0.9304347826086956,0.9304347826086956,0.9297629499561019,0.8595127967930929,542,"all","DT#542","DT",542
553,542,22,22,0.9617391304347827,0.9617391304347827,0.9617391304347827,0.9617391304347827,0.9617391304347827,0.961369622475856,0.922732038236201,542,"all","RF#542","RF",542
517,522,42,58,0.925531914893617,0.924865831842576,0.925531914893617,0.925531914893617,0.9125874125874125,0.9122036874451273,0.8244386352146195,542,"all","NB#542","NB",542
551,535,29,24,0.9582608695652174,0.9570661896243292,0.9582608695652174,0.9582608695652174,0.9541125541125541,0.9534679543459175,0.9069193348187096,542,"all","MLP#542","MLP",542
528,530,34,47,0.9397163120567376,0.9395017793594306,0.9397163120567376,0.9397163120567376,0.9290096406660824,0.9288849868305531,0.8577880609116398,543,"all","DT#543","DT",543
550,536,28,25,0.9565217391304348,0.9554367201426025,0.9565217391304348,0.9565217391304348,0.9540329575021683,0.9534679543459175,0.9069224922020392,543,"all","RF#543","RF",543
370,545,19,205,0.9663120567375887,0.9511568123393316,0.9663120567375887,0.9663120567375887,0.8295281582952816,0.8033362598770851,0.6078727910415186,543,"all","NB#543","NB",543
551,533,31,24,0.9582608695652174,0.9569120287253142,0.9582608695652174,0.9582608695652174,0.9524632670700085,0.95171202809482,0.9034035801351687,543,"all","MLP#543","MLP",543
538,522,42,37,0.9356521739130435,0.9338103756708408,0.9356521739130435,0.9356521739130435,0.9316017316017315,0.9306409130816505,0.8612571217109066,544,"all","DT#544","DT",544
555,538,26,20,0.9652173913043478,0.96415770609319,0.9652173913043478,0.9652173913043478,0.9602076124567475,0.9596136962247586,0.9192116373235636,544,"all","RF#544","RF",544
504,516,48,71,0.9148936170212766,0.9130434782608695,0.9148936170212766,0.9148936170212766,0.8966116420503909,0.8955223880597015,0.7911067684051705,544,"all","NB#544","NB",544
547,544,20,28,0.9645390070921985,0.9647266313932981,0.9645390070921985,0.9645390070921985,0.957968476357268,0.9578577699736611,0.9157191130404755,544,"all","MLP#544","MLP",544
527,529,35,48,0.9379432624113475,0.9377224199288257,0.9379432624113475,0.9379432624113475,0.9272567922874672,0.9271290605794557,0.8542766550082236,545,"all","DT#545","DT",545
553,546,18,22,0.9680851063829787,0.968476357267951,0.9680851063829787,0.9680851063829787,0.9650959860383944,0.9648814749780509,0.9297611632883368,545,"all","RF#545","RF",545
533,484,80,42,0.9269565217391305,0.9201520912547528,0.9269565217391305,0.9269565217391305,0.8973063973063973,0.8928884986830553,0.7856188539638559,545,"all","NB#545","NB",545
548,536,28,27,0.9530434782608695,0.9520426287744227,0.9530434782608695,0.9530434782608695,0.9522154648132058,0.95171202809482,0.9034134097248027,545,"all","MLP#545","MLP",545
536,522,42,39,0.9321739130434783,0.93048128342246,0.9321739130434783,0.9321739130434783,0.9297484822202949,0.9288849868305531,0.8577494692144373,546,"all","DT#546","DT",546
550,537,27,25,0.9565217391304348,0.9555160142348754,0.9565217391304348,0.9565217391304348,0.954861111111111,0.9543459174714662,0.9086802204206742,546,"all","RF#546","RF",546
521,510,54,54,0.9060869565217391,0.9060869565217391,0.9060869565217391,0.9060869565217391,0.9060869565217391,0.9051799824407375,0.8103422756706753,546,"all","NB#546","NB",546
548,525,39,27,0.9530434782608695,0.9510869565217391,0.9530434782608695,0.9530434782608695,0.9432013769363167,0.9420544337137841,0.8840744647384298,546,"all","MLP#546","MLP",546
544,514,50,31,0.9460869565217391,0.9431192660550459,0.9460869565217391,0.9460869565217391,0.93071000855432,0.9288849868305531,0.8577108565664854,547,"all","DT#547","DT",547
561,538,26,14,0.9756521739130435,0.9746376811594203,0.9756521739130435,0.9756521739130435,0.9655765920826161,0.9648814749780509,0.9297420998414724,547,"all","RF#547","RF",547
523,504,60,52,0.9095652173913044,0.9064748201438849,0.9095652173913044,0.9095652173913044,0.9032815198618308,0.9016681299385426,0.8032912266850883,547,"all","NB#547","NB",547
550,530,34,25,0.9565217391304348,0.954954954954955,0.9565217391304348,0.9565217391304348,0.9490940465918895,0.9482001755926251,0.8963748706632682,547,"all","MLP#547","MLP",547
540,522,42,35,0.9391304347826087,0.9371633752244165,0.9391304347826087,0.9391304347826087,0.9334485738980121,0.932396839332748,0.8647650121892361,548,"all","DT#548","DT",548
562,542,22,13,0.9773913043478261,0.9765765765765766,0.9773913043478261,0.9773913043478261,0.9698015530629852,0.9692712906057945,0.9385274656477013,548,"all","RF#548","RF",548
536,507,57,39,0.9321739130434783,0.9285714285714286,0.9321739130434783,0.9321739130434783,0.9178082191780821,0.9157155399473222,0.8313638761138924,548,"all","NB#548","NB",548
555,532,32,20,0.9652173913043478,0.9637681159420289,0.9652173913043478,0.9652173913043478,0.9552495697074009,0.9543459174714662,0.9086647297939143,548,"all","MLP#548","MLP",548
541,526,38,34,0.9408695652173913,0.9392857142857143,0.9408695652173913,0.9408695652173913,0.9376083188908144,0.9367866549604916,0.8735529391448078,549,"all","DT#549","DT",549
556,539,25,19,0.9669565217391304,0.9659498207885304,0.9669565217391304,0.9669565217391304,0.9619377162629758,0.961369622475856,0.9227241748312347,549,"all","RF#549","RF",549
439,547,17,136,0.9698581560283688,0.9627192982456141,0.9698581560283688,0.9698581560283688,0.8773055332798717,0.8656716417910447,0.7318593833905978,549,"all","NB#549","NB",549
540,538,26,35,0.9539007092198581,0.9540636042402827,0.9539007092198581,0.9539007092198581,0.946538124452235,0.9464442493415277,0.8928948557034928,549,"all","MLP#549","MLP",549
532,522,42,43,0.925531914893617,0.926829268292683,0.925531914893617,0.925531914893617,0.9260226283724978,0.9253731343283582,0.8507348780702146,550,"all","DT#550","DT",550
551,539,25,24,0.9582608695652174,0.9573712255772646,0.9582608695652174,0.9582608695652174,0.9574283231972198,0.9569798068481123,0.913950128663915,550,"all","RF#550","RF",550
504,520,44,71,0.9219858156028369,0.9197080291970803,0.9219858156028369,0.9219858156028369,0.9004329004329005,0.8990342405618964,0.7981420780185453,550,"all","NB#550","NB",550
543,527,37,32,0.9443478260869566,0.9427549194991055,0.9443478260869566,0.9443478260869566,0.9402597402597402,0.9394205443371378,0.8788195113677539,550,"all","MLP#550","MLP",550
523,531,33,52,0.9414893617021277,0.9406474820143885,0.9414893617021277,0.9414893617021277,0.925893635571055,0.9253731343283582,0.85078042998787,551,"all","DT#551","DT",551
547,546,18,28,0.9680851063829787,0.968141592920354,0.9680851063829787,0.9680851063829787,0.9596491228070176,0.9596136962247586,0.919233555826178,551,"all","RF#551","RF",551
509,519,45,66,0.9202127659574468,0.9187725631768953,0.9202127659574468,0.9202127659574468,0.9033942558746736,0.9025460930640913,0.8051434040605333,551,"all","NB#551","NB",551
535,539,25,40,0.9556737588652482,0.9553571428571429,0.9556737588652482,0.9556737588652482,0.9431321084864391,0.9429323968393327,0.8858831780382727,551,"all","MLP#551","MLP",551
537,514,50,38,0.9339130434782609,0.9311594202898551,0.9339130434782609,0.9339130434782609,0.9242685025817556,0.922739244951712,0.8454326196512395,552,"all","DT#552","DT",552
556,528,36,19,0.9669565217391304,0.9652650822669104,0.9669565217391304,0.9669565217391304,0.9528706083976006,0.95171202809482,0.9033871930390045,552,"all","RF#552","RF",552
548,431,133,27,0.9530434782608695,0.9410480349344978,0.9530434782608695,0.9530434782608695,0.8726114649681529,0.8595258999122037,0.7185195711068619,552,"all","NB#552","NB",552
555,526,38,20,0.9652173913043478,0.9633699633699634,0.9652173913043478,0.9652173913043478,0.9503424657534246,0.9490781387181738,0.8981156751521432,552,"all","MLP#552","MLP",552
549,512,52,26,0.9547826086956521,0.9516728624535316,0.9547826086956521,0.9547826086956521,0.9336734693877551,0.9315188762071993,0.8629645511280029,553,"all","DT#553","DT",553
560,538,26,15,0.9739130434782609,0.972875226039783,0.9739130434782609,0.9739130434782609,0.9646856158484065,0.9640035118525022,0.9279868739003114,553,"all","RF#553","RF",553
498,525,39,77,0.9308510638297872,0.9273743016759777,0.9308510638297872,0.9308510638297872,0.9005145797598628,0.8981562774363476,0.7964247524721964,553,"all","NB#553","NB",553
540,534,30,35,0.9468085106382979,0.9473684210526315,0.9468085106382979,0.9468085106382979,0.9432314410480349,0.9429323968393327,0.8858638259167045,553,"all","MLP#553","MLP",553
544,527,37,31,0.9460869565217391,0.9444444444444444,0.9460869565217391,0.9460869565217391,0.9411764705882352,0.9402985074626866,0.880573724739181,554,"all","DT#554","DT",554
558,539,25,17,0.9704347826086956,0.9694244604316546,0.9704347826086956,0.9704347826086956,0.9637305699481865,0.9631255487269534,0.9262342100069081,554,"all","RF#554","RF",554
490,530,34,85,0.9397163120567376,0.9351145038167938,0.9397163120567376,0.9397163120567376,0.899067005937235,0.8955223880597015,0.7912058795891929,554,"all","NB#554","NB",554
551,531,33,24,0.9582608695652174,0.9567567567567568,0.9582608695652174,0.9582608695652174,0.9508196721311475,0.9499561018437226,0.8998875869119709,554,"all","MLP#554","MLP",554
527,522,42,48,0.925531914893617,0.9261862917398945,0.925531914893617,0.925531914893617,0.9213286713286712,0.9209833187006146,0.8419679773566057,555,"all","DT#555","DT",555
548,542,22,27,0.9609929078014184,0.9614035087719298,0.9609929078014184,0.9609929078014184,0.9572052401746726,0.9569798068481123,0.9139588841525926,555,"all","RF#555","RF",555
519,530,34,56,0.9397163120567376,0.9385171790235082,0.9397163120567376,0.9397163120567376,0.9217391304347827,0.9209833187006146,0.8420108439342706,555,"all","NB#555","NB",555
533,550,14,42,0.975177304964539,0.9744058500914077,0.975177304964539,0.975177304964539,0.9515570934256056,0.9508340649692713,0.9017056346970602,555,"all","MLP#555","MLP",555
532,526,38,43,0.9326241134751773,0.9333333333333333,0.9326241134751773,0.9326241134751773,0.9292576419213975,0.9288849868305531,0.8577687676808164,556,"all","DT#556","DT",556
555,537,27,20,0.9652173913043478,0.9640933572710951,0.9652173913043478,0.9652173913043478,0.9593777009507347,0.9587357330992098,0.9174539684791441,556,"all","RF#556","RF",556
533,509,55,42,0.9269565217391305,0.9237749546279492,0.9269565217391305,0.9269565217391305,0.9165950128976784,0.9148375768217735,0.8296217019786971,556,"all","NB#556","NB",556
545,541,23,30,0.9592198581560284,0.9595070422535211,0.9592198581560284,0.9592198581560284,0.9536307961504812,0.9534679543459175,0.9069382759061906,556,"all","MLP#556","MLP",556
545,520,44,30,0.9478260869565217,0.9454545454545454,0.9478260869565217,0.9478260869565217,0.9364261168384879,0.9350307287093942,0.8700184749385453,557,"all","DT#557","DT",557
558,535,29,17,0.9704347826086956,0.9692028985507246,0.9704347826086956,0.9704347826086956,0.9604130808950085,0.9596136962247586,0.9192034148176934,557,"all","RF#557","RF",557
489,529,35,86,0.9379432624113475,0.933206106870229,0.9379432624113475,0.9379432624113475,0.897370653095844,0.8937664618086041,0.787696734708339,557,"all","NB#557","NB",557
553,526,38,22,0.9617391304347827,0.9598540145985401,0.9617391304347827,0.9617391304347827,0.9485420240137221,0.9473222124670764,0.8946059985441625,557,"all","MLP#557","MLP",557
534,522,42,41,0.928695652173913,0.9271758436944938,0.928695652173913,0.928695652173913,0.9278887923544743,0.9271290605794557,0.8542420546756112,558,"all","DT#558","DT",558
546,536,28,29,0.950354609929078,0.9512195121951219,0.950354609929078,0.950354609929078,0.9503916449086163,0.9499561018437226,0.899904565294144,558,"all","RF#558","RF",558
529,494,70,46,0.92,0.9148148148148149,0.92,0.92,0.9011925042589439,0.8981562774363476,0.7962106068458329,558,"all","NB#558","NB",558
547,527,37,28,0.951304347826087,0.9495495495495495,0.951304347826087,0.951304347826087,0.9439171699741157,0.9429323968393327,0.8858367219171597,558,"all","MLP#558","MLP",558
537,522,42,38,0.9339130434782609,0.9321428571428572,0.9339130434782609,0.9339130434782609,0.9306759098786829,0.9297629499561019,0.8595032657164532,559,"all","DT#559","DT",559
547,534,30,28,0.951304347826087,0.9501779359430605,0.951304347826087,0.951304347826087,0.9496527777777778,0.9490781387181738,0.8981433227769057,559,"all","RF#559","RF",559
521,487,77,54,0.9060869565217391,0.9001848428835489,0.9060869565217391,0.9060869565217391,0.8883205456095481,0.8849868305531168,0.7698624347764391,559,"all","NB#559","NB",559
545,530,34,30,0.9478260869565217,0.9464285714285714,0.9478260869565217,0.9478260869565217,0.9445407279029463,0.9438103599648815,0.8876026125731625,559,"all","MLP#559","MLP",559
535,520,44,40,0.9304347826086956,0.9285714285714286,0.9304347826086956,0.9304347826086956,0.9272097053726169,0.926251097453907,0.852478429002276,560,"all","DT#560","DT",560
551,543,21,24,0.9627659574468085,0.9632867132867133,0.9627659574468085,0.9627659574468085,0.9607672188317351,0.9604916593503073,0.9209799686417436,560,"all","RF#560","RF",560
531,477,87,44,0.9234782608695652,0.9155470249520153,0.9234782608695652,0.9234782608695652,0.8901927912824812,0.8849868305531168,0.7697843169625707,560,"all","NB#560","NB",560
545,538,26,30,0.9539007092198581,0.9544658493870403,0.9539007092198581,0.9539007092198581,0.9511343804537522,0.9508340649692713,0.9016656286036716,560,"all","MLP#560","MLP",560
547,538,26,28,0.9539007092198581,0.9546247818499127,0.9539007092198581,0.9539007092198581,0.9529616724738676,0.9525899912203687,0.9051743542463868,561,"all","DT#561","DT",561
554,546,18,21,0.9680851063829787,0.9685314685314685,0.9680851063829787,0.9680851063829787,0.965998256320837,0.9657594381035997,0.9315159728228444,561,"all","RF#561","RF",561
485,535,29,90,0.9485815602836879,0.943579766536965,0.9485815602836879,0.9485815602836879,0.8999158957106812,0.8955223880597015,0.7912412536521731,561,"all","NB#561","NB",561
551,542,22,24,0.9609929078014184,0.9616055846422339,0.9609929078014184,0.9609929078014184,0.9599303135888502,0.9596136962247586,0.919222598061737,561,"all","MLP#561","MLP",561
537,528,36,38,0.9361702127659575,0.93717277486911,0.9361702127659575,0.9361702127659575,0.9355400696864111,0.9350307287093942,0.8700537447080117,562,"all","DT#562","DT",562
548,536,28,27,0.9530434782608695,0.9520426287744227,0.9530434782608695,0.9530434782608695,0.9522154648132058,0.95171202809482,0.9034134097248027,562,"all","RF#562","RF",562
475,529,35,100,0.9379432624113475,0.9313725490196079,0.9379432624113475,0.9379432624113475,0.8868398994132439,0.8814749780509219,0.763188899070559,562,"all","NB#562","NB",562
548,524,40,27,0.9530434782608695,0.9509981851179673,0.9530434782608695,0.9530434782608695,0.942390369733448,0.9411764705882353,0.8823160209543578,562,"all","MLP#562","MLP",562
540,526,38,35,0.9391304347826087,0.9376114081996435,0.9391304347826087,0.9391304347826087,0.9366869037294016,0.935908691834943,0.8717989043537523,563,"all","DT#563","DT",563
548,546,18,27,0.9680851063829787,0.9681978798586572,0.9680851063829787,0.9680851063829787,0.9605609114811569,0.9604916593503073,0.9209880083058554,563,"all","RF#563","RF",563
493,537,27,82,0.9521276595744681,0.948076923076923,0.9521276595744681,0.9521276595744681,0.907861369399831,0.9043020193151887,0.8087645658921295,563,"all","NB#563","NB",563
538,543,21,37,0.9627659574468085,0.962432915921288,0.9627659574468085,0.9627659574468085,0.9493006993006993,0.9490781387181738,0.8981744084244793,563,"all","MLP#563","MLP",563
536,517,47,39,0.9321739130434783,0.9298561151079137,0.9321739130434783,0.9321739130434783,0.9257340241796201,0.9244951712028094,0.8489557633474785,564,"all","DT#564","DT",564
558,536,28,17,0.9704347826086956,0.969258589511754,0.9704347826086956,0.9704347826086956,0.9612403100775193,0.9604916593503073,0.9209612030613175,564,"all","RF#564","RF",564
525,511,53,50,0.9130434782608695,0.910873440285205,0.9130434782608695,0.9130434782608695,0.9106678230702514,0.9095697980684812,0.8191135225813216,564,"all","NB#564","NB",564
551,530,34,24,0.9582608695652174,0.9566787003610109,0.9582608695652174,0.9582608695652174,0.95,0.9490781387181738,0.8981295008404139,564,"all","MLP#564","MLP",564
530,526,38,45,0.9326241134751773,0.9330985915492958,0.9326241134751773,0.9326241134751773,0.9273840769903763,0.9271290605794557,0.8542618283059211,565,"all","DT#565","DT",565
550,540,24,25,0.9574468085106383,0.9581881533101045,0.9574468085106383,0.9574468085106383,0.9573542210617928,0.9569798068481123,0.9139530473581237,565,"all","RF#565","RF",565
506,518,46,69,0.9184397163120568,0.9166666666666666,0.9184397163120568,0.9184397163120568,0.900086880973067,0.8990342405618964,0.7981283896352487,565,"all","NB#565","NB",565
534,535,29,41,0.9485815602836879,0.9484902309058615,0.9485815602836879,0.9485815602836879,0.9385964912280701,0.9385425812115891,0.877098709482498,565,"all","MLP#565","MLP",565
532,529,35,43,0.9379432624113475,0.9382716049382716,0.9379432624113475,0.9379432624113475,0.9316987740805605,0.9315188762071993,0.8630435586907726,566,"all","DT#566","DT",566
552,545,19,23,0.9663120567375887,0.9667250437828371,0.9663120567375887,0.9663120567375887,0.963350785340314,0.9631255487269534,0.9262492214527537,566,"all","RF#566","RF",566
421,556,8,154,0.9858156028368794,0.9813519813519813,0.9858156028368794,0.9858156028368794,0.8728414442700156,0.8577699736611062,0.7162160915156118,566,"all","NB#566","NB",566
532,546,18,43,0.9680851063829787,0.9672727272727273,0.9680851063829787,0.9680851063829787,0.9470945359930615,0.9464442493415277,0.8929239067617031,566,"all","MLP#566","MLP",566
527,531,33,48,0.9414893617021277,0.9410714285714286,0.9414893617021277,0.9414893617021277,0.9291338582677167,0.9288849868305531,0.8577928834015398,567,"all","DT#567","DT",567
548,546,18,27,0.9680851063829787,0.9681978798586572,0.9680851063829787,0.9680851063829787,0.9605609114811569,0.9604916593503073,0.9209880083058554,567,"all","RF#567","RF",567
499,530,34,76,0.9397163120567376,0.9362101313320825,0.9397163120567376,0.9397163120567376,0.905982905982906,0.9034240561896401,0.8069675932345448,567,"all","NB#567","NB",567
537,542,22,38,0.9609929078014184,0.960644007155635,0.9609929078014184,0.9609929078014184,0.9475524475524476,0.9473222124670764,0.8946631811287717,567,"all","MLP#567","MLP",567
531,527,37,44,0.9343971631205674,0.9348591549295775,0.9343971631205674,0.9343971631205674,0.9291338582677164,0.9288849868305531,0.8577735914792723,568,"all","DT#568","DT",568
552,534,30,23,0.96,0.9587073608617595,0.96,0.96,0.9541918755401901,0.9534679543459175,0.9069161772211626,568,"all","RF#568","RF",568
456,535,29,119,0.9485815602836879,0.9402061855670103,0.9485815602836879,0.9485815602836879,0.8784893267651889,0.8700614574187884,0.7404947736264411,568,"all","NB#568","NB",568
550,525,39,25,0.9565217391304348,0.9545454545454546,0.9565217391304348,0.9565217391304348,0.9450171821305843,0.9438103599648815,0.8875835458927961,568,"all","MLP#568","MLP",568
532,526,38,43,0.9326241134751773,0.9333333333333333,0.9326241134751773,0.9326241134751773,0.9292576419213975,0.9288849868305531,0.8577687676808164,569,"all","DT#569","DT",569
548,544,20,27,0.9645390070921985,0.9647887323943662,0.9645390070921985,0.9645390070921985,0.9588801399825022,0.9587357330992098,0.9174735654262444,569,"all","RF#569","RF",569
512,523,41,63,0.9273049645390071,0.9258589511754068,0.9273049645390071,0.9273049645390071,0.9095652173913044,0.9086918349429324,0.8174347529907127,569,"all","NB#569","NB",569
534,549,15,41,0.973404255319149,0.9726775956284153,0.973404255319149,0.973404255319149,0.951473136915078,0.9508340649692713,0.90170230209929,569,"all","MLP#569","MLP",569
545,528,36,30,0.9478260869565217,0.946236559139785,0.9478260869565217,0.9478260869565217,0.9429065743944638,0.9420544337137841,0.8840862622468522,570,"all","DT#570","DT",570
560,550,14,15,0.975177304964539,0.975609756097561,0.975177304964539,0.975177304964539,0.9747606614447345,0.974539069359087,0.9490742525180733,570,"all","RF#570","RF",570
533,490,74,42,0.9269565217391305,0.9210526315789473,0.9269565217391305,0.9269565217391305,0.9018612521150592,0.8981562774363476,0.7961829423307129,570,"all","NB#570","NB",570
548,544,20,27,0.9645390070921985,0.9647887323943662,0.9645390070921985,0.9645390070921985,0.9588801399825022,0.9587357330992098,0.9174735654262444,570,"all","MLP#570","MLP",570
544,514,50,31,0.9460869565217391,0.9431192660550459,0.9460869565217391,0.9460869565217391,0.93071000855432,0.9288849868305531,0.8577108565664854,571,"all","DT#571","DT",571
557,527,37,18,0.9686956521739131,0.9669724770642202,0.9686956521739131,0.9686956521739131,0.9529512403763901,0.95171202809482,0.9033839149525518,571,"all","RF#571","RF",571
540,493,71,35,0.9391304347826087,0.9337121212121212,0.9391304347826087,0.9391304347826087,0.9106239460370995,0.9069359086918349,0.8137407359411544,571,"all","NB#571","NB",571
553,531,33,22,0.9617391304347827,0.9602169981916817,0.9617391304347827,0.9617391304347827,0.9526270456503015,0.95171202809482,0.9033970259638323,571,"all","MLP#571","MLP",571
540,506,58,35,0.9391304347826087,0.9353049907578558,0.9391304347826087,0.9391304347826087,0.9207161125319694,0.9183494293239683,0.8366198964443422,572,"all","DT#572","DT",572
564,533,31,11,0.9808695652173913,0.9797794117647058,0.9808695652173913,0.9808695652173913,0.9641025641025641,0.9631255487269534,0.9262191924488725,572,"all","RF#572","RF",572
530,500,64,45,0.9217391304347826,0.9174311926605505,0.9217391304347826,0.9217391304347826,0.9067579127459368,0.9043020193151887,0.8085244859968753,572,"all","NB#572","NB",572
555,513,51,20,0.9652173913043478,0.9624765478424016,0.9652173913043478,0.9652173913043478,0.9398814563928873,0.9376646180860404,0.8752520211828915,572,"all","MLP#572","MLP",572
536,518,46,39,0.9321739130434783,0.9299820466786356,0.9321739130434783,0.9321739130434783,0.9265341400172862,0.9253731343283582,0.8507146238452608,573,"all","DT#573","DT",573
552,537,27,23,0.96,0.9589285714285715,0.96,0.96,0.9566724436741767,0.9561018437225637,0.9121895410727833,573,"all","RF#573","RF",573
515,491,73,60,0.8956521739130435,0.8911070780399274,0.8956521739130435,0.8956521739130435,0.885640584694755,0.8832309043020193,0.7663885192079044,573,"all","NB#573","NB",573
537,537,27,38,0.9521276595744681,0.9521276595744681,0.9521276595744681,0.9521276595744681,0.9429323968393328,0.9429323968393327,0.8858754379771888,573,"all","MLP#573","MLP",573
537,515,49,38,0.9339130434782609,0.9312839059674503,0.9339130434782609,0.9339130434782609,0.9250645994832041,0.9236172080772608,0.8471916592518802,574,"all","DT#574","DT",574
559,531,33,16,0.9721739130434782,0.9707495429616088,0.9721739130434782,0.9721739130434782,0.958011996572408,0.9569798068481123,0.9139267719802039,574,"all","RF#574","RF",574
527,494,70,48,0.9165217391304348,0.9114391143911439,0.9165217391304348,0.9165217391304348,0.8993174061433447,0.8964003511852502,0.7927040307977999,574,"all","NB#574","NB",574
552,522,42,23,0.96,0.9577981651376147,0.96,0.96,0.9443969204448246,0.9429323968393327,0.8858173540348339,574,"all","MLP#574","MLP",574
535,523,41,40,0.9304347826086956,0.9289520426287744,0.9304347826086956,0.9304347826086956,0.9296264118158123,0.9288849868305531,0.857754294321982,575,"all","DT#575","DT",575
560,544,20,15,0.9739130434782609,0.9731663685152058,0.9739130434782609,0.9739130434782609,0.9696969696969697,0.9692712906057945,0.9385316362010345,575,"all","RF#575","RF",575
390,552,12,185,0.9787234042553191,0.9701492537313433,0.9787234042553191,0.9787234042553191,0.8485780169100692,0.8270412642669008,0.6550623133175406,575,"all","NB#575","NB",575
549,536,28,26,0.9547826086956521,0.9537366548042705,0.9547826086956521,0.9547826086956521,0.953125,0.9525899912203687,0.9051679212060846,575,"all","MLP#575","MLP",575
539,522,42,36,0.9373913043478261,0.9354838709677419,0.9373913043478261,0.9373913043478261,0.9325259515570935,0.9315188762071993,0.8630110372008253,576,"all","DT#576","DT",576
553,539,25,22,0.9617391304347827,0.9607843137254902,0.9617391304347827,0.9617391304347827,0.9592367736339984,0.9587357330992098,0.9174595685565253,576,"all","RF#576","RF",576
524,507,57,51,0.9113043478260869,0.9086021505376344,0.9113043478260869,0.9113043478260869,0.9065743944636678,0.9051799824407375,0.810322974585758,576,"all","NB#576","NB",576
542,530,34,33,0.9426086956521739,0.9413854351687388,0.9426086956521739,0.9426086956521739,0.9417897480451781,0.9411764705882353,0.8823399718465778,576,"all","MLP#576","MLP",576
532,521,43,43,0.9252173913043479,0.9252173913043479,0.9252173913043479,0.9252173913043479,0.9252173913043479,0.9244951712028094,0.8489762565525747,577,"all","DT#577","DT",577
548,536,28,27,0.9530434782608695,0.9520426287744227,0.9530434782608695,0.9530434782608695,0.9522154648132058,0.95171202809482,0.9034134097248027,577,"all","RF#577","RF",577
511,518,46,64,0.9184397163120568,0.9174147217235189,0.9184397163120568,0.9184397163120568,0.9040139616055847,0.9034240561896401,0.8068890471302316,577,"all","NB#577","NB",577
535,532,32,40,0.9432624113475178,0.9435626102292769,0.9432624113475178,0.9432624113475178,0.9369527145359019,0.9367866549604916,0.8735786695607132,577,"all","MLP#577","MLP",577
539,527,37,36,0.9373913043478261,0.9360568383658969,0.9373913043478261,0.9373913043478261,0.9365768896611643,0.935908691834943,0.8718032529074653,578,"all","DT#578","DT",578
552,542,22,23,0.9609929078014184,0.9616724738675958,0.9609929078014184,0.9609929078014184,0.9608355091383811,0.9604916593503073,0.9209772883901137,578,"all","RF#578","RF",578
530,492,72,45,0.9217391304347826,0.9162011173184358,0.9217391304347826,0.9217391304347826,0.9005947323704333,0.897278314310799,0.7944433389942666,578,"all","NB#578","NB",578
547,537,27,28,0.9521276595744681,0.9529616724738676,0.9521276595744681,0.9521276595744681,0.9521322889469104,0.95171202809482,0.9034166858101389,578,"all","MLP#578","MLP",578
547,522,42,28,0.951304347826087,0.9490909090909091,0.951304347826087,0.951304347826087,0.9398625429553266,0.9385425812115891,0.8770445033202455,579,"all","DT#579","DT",579
559,532,32,16,0.9721739130434782,0.9708029197080292,0.9721739130434782,0.9721739130434782,0.9588336192109777,0.9578577699736611,0.91568479883533,579,"all","RF#579","RF",579
535,502,62,40,0.9304347826086956,0.9261992619926199,0.9304347826086956,0.9304347826086956,0.9129692832764507,0.9104477611940298,0.8208119588252168,579,"all","NB#579","NB",579
538,535,29,37,0.9485815602836879,0.9488536155202821,0.9485815602836879,0.9485815602836879,0.9422066549912433,0.9420544337137841,0.8841137804306538,579,"all","MLP#579","MLP",579
527,536,28,48,0.950354609929078,0.9495495495495495,0.950354609929078,0.950354609929078,0.9337979094076656,0.9332748024582967,0.8665824111463888,580,"all","DT#580","DT",580
547,538,26,28,0.9539007092198581,0.9546247818499127,0.9539007092198581,0.9539007092198581,0.9529616724738676,0.9525899912203687,0.9051743542463868,580,"all","RF#580","RF",580
513,503,61,62,0.8921739130434783,0.8937282229965157,0.8921739130434783,0.8921739130434783,0.8929503916449085,0.8920105355575065,0.7840045882663105,580,"all","NB#580","NB",580
544,542,22,31,0.9609929078014184,0.9611307420494699,0.9609929078014184,0.9609929078014184,0.9535495179666958,0.9534679543459175,0.9069414320046739,580,"all","MLP#580","MLP",580
537,526,38,38,0.9339130434782609,0.9339130434782609,0.9339130434782609,0.9339130434782609,0.9339130434782609,0.9332748024582967,0.8665371569534381,581,"all","DT#581","DT",581
558,540,24,17,0.9704347826086956,0.9694793536804309,0.9704347826086956,0.9704347826086956,0.9645635263612791,0.9640035118525022,0.9279917597371258,581,"all","RF#581","RF",581
524,513,51,51,0.9113043478260869,0.9113043478260869,0.9113043478260869,0.9113043478260869,0.9113043478260869,0.9104477611940298,0.8208788159111933,581,"all","NB#581","NB",581
531,538,26,44,0.9539007092198581,0.9533213644524237,0.9539007092198581,0.9539007092198581,0.9389179755671903,0.9385425812115891,0.8771112118101473,581,"all","MLP#581","MLP",581
536,522,42,39,0.9321739130434783,0.93048128342246,0.9321739130434783,0.9321739130434783,0.9297484822202949,0.9288849868305531,0.8577494692144373,582,"all","DT#582","DT",582
553,537,27,22,0.9617391304347827,0.960644007155635,0.9617391304347827,0.9617391304347827,0.9575757575757575,0.9569798068481123,0.9139442906814484,582,"all","RF#582","RF",582
481,528,36,94,0.9361702127659575,0.9303675048355899,0.9361702127659575,0.9361702127659575,0.8903878583473862,0.8858647936786654,0.7719326348734978,582,"all","NB#582","NB",582
550,529,35,25,0.9565217391304348,0.9548736462093863,0.9565217391304348,0.9565217391304348,0.9482758620689655,0.9473222124670764,0.8946167250073247,582,"all","MLP#582","MLP",582
529,509,55,46,0.92,0.9171171171171171,0.92,0.92,0.9128559102674719,0.9113257243195786,0.8226078294405097,583,"all","DT#583","DT",583
554,538,26,21,0.9634782608695652,0.962432915921288,0.9634782608695652,0.9634782608695652,0.9593073593073593,0.9587357330992098,0.9174567686128178,583,"all","RF#583","RF",583
546,420,144,29,0.9495652173913044,0.9354120267260579,0.9495652173913044,0.9495652173913044,0.8632411067193676,0.8481123792800702,0.6956027404666826,583,"all","NB#583","NB",583
541,533,31,34,0.9450354609929078,0.9458041958041958,0.9450354609929078,0.9450354609929078,0.9433304272013949,0.9429323968393327,0.8858599547047405,583,"all","MLP#583","MLP",583
536,522,42,39,0.9321739130434783,0.93048128342246,0.9321739130434783,0.9321739130434783,0.9297484822202949,0.9288849868305531,0.8577494692144373,584,"all","DT#584","DT",584
547,534,30,28,0.951304347826087,0.9501779359430605,0.951304347826087,0.951304347826087,0.9496527777777778,0.9490781387181738,0.8981433227769057,584,"all","RF#584","RF",584
531,499,65,44,0.9234782608695652,0.9189686924493554,0.9234782608695652,0.9234782608695652,0.9069171648163963,0.9043020193151887,0.8085179889846676,584,"all","NB#584","NB",584
544,534,30,31,0.9468085106382979,0.9477351916376306,0.9468085106382979,0.9468085106382979,0.9469103568320278,0.9464442493415277,0.8928803242621541,584,"all","MLP#584","MLP",584
539,527,37,36,0.9373913043478261,0.9360568383658969,0.9373913043478261,0.9373913043478261,0.9365768896611643,0.935908691834943,0.8718032529074653,585,"all","DT#585","DT",585
555,549,15,20,0.973404255319149,0.9736842105263158,0.973404255319149,0.973404255319149,0.9694323144104805,0.9692712906057945,0.9385420601089948,585,"all","RF#585","RF",585
519,517,47,56,0.9166666666666666,0.9169611307420494,0.9166666666666666,0.9166666666666666,0.9097283085013147,0.9095697980684812,0.819150330122291,585,"all","NB#585","NB",585
547,541,23,28,0.9592198581560284,0.9596491228070175,0.9592198581560284,0.9592198581560284,0.9554585152838427,0.9552238805970149,0.9104470018731067,585,"all","MLP#585","MLP",585
530,520,44,45,0.9219858156028369,0.9233449477351916,0.9219858156028369,0.9219858156028369,0.9225413402959094,0.9218612818261633,0.8437106370382248,586,"all","DT#586","DT",586
555,539,25,20,0.9652173913043478,0.964221824686941,0.9652173913043478,0.9652173913043478,0.961038961038961,0.9604916593503073,0.9209692465441874,586,"all","RF#586","RF",586
498,522,42,77,0.925531914893617,0.9222222222222223,0.925531914893617,0.925531914893617,0.8976784178847808,0.8955223880597015,0.791149256146136,586,"all","NB#586","NB",586
548,532,32,27,0.9530434782608695,0.9516994633273703,0.9530434782608695,0.9530434782608695,0.9489177489177489,0.9482001755926251,0.8963819010246012,586,"all","MLP#586","MLP",586
515,523,41,60,0.9273049645390071,0.9262589928057554,0.9273049645390071,0.9273049645390071,0.9119442022667829,0.9113257243195786,0.8226920403385279,587,"all","DT#587","DT",587
551,535,29,24,0.9582608695652174,0.9570661896243292,0.9582608695652174,0.9582608695652174,0.9541125541125541,0.9534679543459175,0.9069193348187096,587,"all","RF#587","RF",587
512,507,57,63,0.898936170212766,0.8998242530755711,0.898936170212766,0.898936170212766,0.8951048951048951,0.8946444249341527,0.7892906364754743,587,"all","NB#587","NB",587
530,536,28,45,0.950354609929078,0.9498207885304659,0.950354609929078,0.950354609929078,0.9362445414847161,0.935908691834943,0.8718423766197535,587,"all","MLP#587","MLP",587
535,521,43,40,0.9304347826086956,0.928698752228164,0.9304347826086956,0.9304347826086956,0.9280138768430181,0.9271290605794557,0.8542371104296087,588,"all","DT#588","DT",588
558,530,34,17,0.9704347826086956,0.9689213893967094,0.9704347826086956,0.9704347826086956,0.9562982005141388,0.9552238805970149,0.9104135789998041,588,"all","RF#588","RF",588
515,510,54,60,0.9042553191489362,0.9050966608084359,0.9042553191489362,0.9042553191489362,0.9003496503496503,0.8999122036874452,0.7998261046517007,588,"all","NB#588","NB",588
538,524,40,37,0.9356521739130435,0.9340463458110517,0.9356521739130435,0.9356521739130435,0.9332176929748482,0.932396839332748,0.8647741867840947,588,"all","MLP#588","MLP",588
546,527,37,29,0.9495652173913044,0.947841726618705,0.9495652173913044,0.9495652173913044,0.9430051813471504,0.9420544337137841,0.8840823300108557,589,"all","DT#589","DT",589
551,534,30,24,0.9582608695652174,0.956989247311828,0.9582608695652174,0.9582608695652174,0.953287197231834,0.9525899912203687,0.9051614872928789,589,"all","RF#589","RF",589
527,505,59,48,0.9165217391304348,0.9132007233273056,0.9165217391304348,0.9165217391304348,0.9078380706287682,0.9060579455662863,0.8120633050569102,589,"all","NB#589","NB",589
538,532,32,37,0.9432624113475178,0.9438596491228071,0.9432624113475178,0.9432624113475178,0.9397379912663756,0.9394205443371378,0.8788400613577325,589,"all","MLP#589","MLP",589
541,536,28,34,0.950354609929078,0.9507908611599297,0.950354609929078,0.950354609929078,0.9458041958041958,0.9455662862159789,0.8911334955123283,590,"all","DT#590","DT",590
554,545,19,21,0.9663120567375887,0.9668411867364747,0.9663120567375887,0.9663120567375887,0.9651567944250872,0.9648814749780509,0.9297587809232495,590,"all","RF#590","RF",590
527,507,57,48,0.9165217391304348,0.9135135135135135,0.9165217391304348,0.9165217391304348,0.9094046591889561,0.9078138718173837,0.8155823969431042,590,"all","NB#590","NB",590
548,533,31,27,0.9530434782608695,0.9517857142857142,0.9530434782608695,0.9530434782608695,0.9497400346620449,0.9490781387181738,0.8981398676444285,590,"all","MLP#590","MLP",590
540,527,37,35,0.9391304347826087,0.9377224199288257,0.9391304347826087,0.9391304347826087,0.9375,0.9367866549604916,0.8735572282747796,591,"all","DT#591","DT",591
554,537,27,21,0.9634782608695652,0.9623655913978495,0.9634782608695652,0.9634782608695652,0.9584775086505191,0.9578577699736611,0.9156990998158925,591,"all","RF#591","RF",591
539,466,98,36,0.9373913043478261,0.9282868525896414,0.9373913043478261,0.9373913043478261,0.8894389438943895,0.8823529411764706,0.7644362403884442,591,"all","NB#591","NB",591
546,533,31,29,0.9495652173913044,0.9483985765124555,0.9495652173913044,0.9495652173913044,0.9479166666666667,0.9473222124670764,0.8946310235623163,591,"all","MLP#591","MLP",591
535,523,41,40,0.9304347826086956,0.9289520426287744,0.9304347826086956,0.9304347826086956,0.9296264118158123,0.9288849868305531,0.857754294321982,592,"all","DT#592","DT",592
559,536,28,16,0.9721739130434782,0.9710144927536232,0.9721739130434782,0.9721739130434782,0.9621342512908777,0.961369622475856,0.9227163098256197,592,"all","RF#592","RF",592
526,497,67,49,0.9147826086956522,0.9102564102564102,0.9147826086956522,0.9147826086956522,0.9006849315068493,0.8981562774363476,0.7962313503042865,592,"all","NB#592","NB",592
556,520,44,19,0.9669565217391304,0.9647495361781077,0.9669565217391304,0.9669565217391304,0.9463829787234043,0.9446883230904302,0.8893193999922877,592,"all","MLP#592","MLP",592
539,536,28,36,0.950354609929078,0.9506172839506173,0.950354609929078,0.950354609929078,0.9439579684763573,0.9438103599648815,0.8876254840539674,593,"all","DT#593","DT",593
556,546,18,19,0.9680851063829787,0.9686411149825784,0.9680851063829787,0.9680851063829787,0.967798085291558,0.9675153643546971,0.9350257704540934,593,"all","RF#593","RF",593
542,472,92,33,0.9426086956521739,0.9346534653465347,0.9426086956521739,0.9426086956521739,0.8966087675765095,0.8902546093064091,0.7802688783565424,593,"all","NB#593","NB",593
539,547,17,36,0.9698581560283688,0.9694244604316546,0.9698581560283688,0.9698581560283688,0.953792502179599,0.9534679543459175,0.9069572092865542,593,"all","MLP#593","MLP",593
547,503,61,28,0.951304347826087,0.9472693032015066,0.951304347826087,0.951304347826087,0.9247675401521556,0.9218612818261633,0.8436204659715506,594,"all","DT#594","DT",594
560,531,33,15,0.9739130434782609,0.9725274725274725,0.9739130434782609,0.9739130434782609,0.958904109589041,0.9578577699736611,0.9156819380569462,594,"all","RF#594","RF",594
519,512,52,56,0.9078014184397163,0.9089316987740805,0.9078014184397163,0.9078014184397163,0.9057591623036649,0.9051799824407375,0.8103551408785097,594,"all","NB#594","NB",594
548,527,37,27,0.9530434782608695,0.9512635379061372,0.9530434782608695,0.9530434782608695,0.9448275862068966,0.9438103599648815,0.8875911733411465,594,"all","MLP#594","MLP",594
547,525,39,28,0.951304347826087,0.9493670886075949,0.951304347826087,0.951304347826087,0.94229112833764,0.9411764705882353,0.8823200134468502,595,"all","DT#595","DT",595
561,543,21,14,0.9756521739130435,0.9748653500897666,0.9756521739130435,0.9756521739130435,0.9697493517718238,0.9692712906057945,0.9385295509951073,595,"all","RF#595","RF",595
517,518,46,58,0.9184397163120568,0.9182948490230906,0.9184397163120568,0.9184397163120568,0.9087719298245615,0.9086918349429324,0.8174037969454258,595,"all","NB#595","NB",595
551,536,28,24,0.9582608695652174,0.9571428571428572,0.9582608695652174,0.9582608695652174,0.9549393414211439,0.9543459174714662,0.9086771227156947,595,"all","MLP#595","MLP",595
543,522,42,32,0.9443478260869566,0.9422382671480144,0.9443478260869566,0.9443478260869566,0.9362068965517243,0.9350307287093942,0.8700272941757005,596,"all","DT#596","DT",596
560,547,17,15,0.9739130434782609,0.9733096085409253,0.9739130434782609,0.9739130434782609,0.9722222222222223,0.9719051799824407,0.9438032125665687,596,"all","RF#596","RF",596
518,513,51,57,0.9095744680851063,0.9103690685413005,0.9095744680851063,0.9095744680851063,0.9055944055944056,0.9051799824407375,0.8103615728279269,596,"all","NB#596","NB",596
542,549,15,33,0.973404255319149,0.9730700179533214,0.973404255319149,0.973404255319149,0.9581151832460733,0.9578577699736611,0.9157334023841011,596,"all","MLP#596","MLP",596
536,505,59,39,0.9321739130434783,0.9283088235294118,0.9321739130434783,0.9321739130434783,0.9162393162393163,0.9139596136962248,0.8278447823807028,597,"all","DT#597","DT",597
559,533,31,16,0.9721739130434782,0.970856102003643,0.9721739130434782,0.9721739130434782,0.959656652360515,0.9587357330992098,0.9174427660443991,597,"all","RF#597","RF",597
508,520,44,67,0.9219858156028369,0.9202898550724637,0.9219858156028369,0.9219858156028369,0.9035621198957429,0.9025460930640913,0.8051500108653269,597,"all","NB#597","NB",597
542,531,33,33,0.9426086956521739,0.9426086956521739,0.9426086956521739,0.9426086956521739,0.9426086956521739,0.9420544337137841,0.8840980573543017,597,"all","MLP#597","MLP",597
535,522,42,40,0.9304347826086956,0.9288256227758007,0.9304347826086956,0.9304347826086956,0.9288194444444443,0.9280070237050044,0.8559957322018323,598,"all","DT#598","DT",598
558,530,34,17,0.9704347826086956,0.9689213893967094,0.9704347826086956,0.9704347826086956,0.9562982005141388,0.9552238805970149,0.9104135789998041,598,"all","RF#598","RF",598
486,531,33,89,0.9414893617021277,0.9364161849710982,0.9414893617021277,0.9414893617021277,0.8969594594594595,0.8928884986830553,0.7859602967271293,598,"all","NB#598","NB",598
554,522,42,21,0.9634782608695652,0.9613259668508287,0.9634782608695652,0.9634782608695652,0.9461998292058071,0.9446883230904302,0.8893269110645327,598,"all","MLP#598","MLP",598
540,531,33,35,0.9414893617021277,0.9424083769633508,0.9414893617021277,0.9414893617021277,0.940766550522648,0.9402985074626866,0.8805899275695244,599,"all","DT#599","DT",599
557,543,21,18,0.9686956521739131,0.9679144385026738,0.9686956521739131,0.9686956521739131,0.966175195143105,0.9657594381035997,0.9315090036958402,599,"all","RF#599","RF",599
530,509,55,45,0.9217391304347826,0.9187725631768953,0.9217391304347826,0.9217391304347826,0.9137931034482759,0.9122036874451273,0.824361208345541,599,"all","NB#599","NB",599
556,529,35,19,0.9669565217391304,0.9653284671532847,0.9669565217391304,0.9669565217391304,0.9536878216123499,0.9525899912203687,0.9051453986897461,599,"all","MLP#599","MLP",599
535,530,34,40,0.9397163120567376,0.9402460456942003,0.9397163120567376,0.9397163120567376,0.9353146853146853,0.9350307287093942,0.8700625591598757,600,"all","DT#600","DT",600
561,547,17,14,0.9756521739130435,0.9750445632798574,0.9756521739130435,0.9756521739130435,0.9731136166522117,0.9727831431079894,0.9455584388351549,600,"all","RF#600","RF",600
520,525,39,55,0.9308510638297872,0.9302325581395349,0.9308510638297872,0.9308510638297872,0.9178321678321679,0.9174714661984197,0.8349723171017425,600,"all","NB#600","NB",600
552,539,25,23,0.96,0.9590747330960854,0.96,0.96,0.9583333333333334,0.9578577699736611,0.9157048188498531,600,"all","MLP#600","MLP",600
524,522,42,51,0.925531914893617,0.9257950530035336,0.925531914893617,0.925531914893617,0.9184925503943909,0.9183494293239683,0.8367085504987675,601,"all","DT#601","DT",601
553,550,14,22,0.975177304964539,0.9753086419753086,0.975177304964539,0.975177304964539,0.9684763572679511,0.9683933274802459,0.9367893347803566,601,"all","RF#601","RF",601
539,460,104,36,0.9373913043478261,0.9274193548387096,0.9373913043478261,0.9373913043478261,0.885057471264368,0.8770851624231782,0.7538635367336984,601,"all","NB#601","NB",601
542,551,13,33,0.9769503546099291,0.9765765765765766,0.9769503546099291,0.9769503546099291,0.9599303135888502,0.9596136962247586,0.9192472488517617,601,"all","MLP#601","MLP",601
542,530,34,33,0.9426086956521739,0.9413854351687388,0.9426086956521739,0.9426086956521739,0.9417897480451781,0.9411764705882353,0.8823399718465778,602,"all","DT#602","DT",602
549,537,27,26,0.9547826086956521,0.9538188277087034,0.9547826086956521,0.9547826086956521,0.9539530842745438,0.9534679543459175,0.9069256493711734,602,"all","RF#602","RF",602
510,510,54,65,0.9042553191489362,0.9042553191489362,0.9042553191489362,0.9042553191489362,0.8955223880597015,0.8955223880597015,0.7910642633736229,602,"all","NB#602","NB",602
539,531,33,36,0.9414893617021277,0.9423076923076923,0.9414893617021277,0.9414893617021277,0.939843068875327,0.9394205443371378,0.87883595191734,602,"all","MLP#602","MLP",602
544,532,32,31,0.9460869565217391,0.9449378330373002,0.9460869565217391,0.9460869565217391,0.945264986967854,0.9446883230904302,0.8893644511393193,603,"all","DT#603","DT",603
556,538,26,19,0.9669565217391304,0.9658886894075404,0.9669565217391304,0.9669565217391304,0.9611063094209161,0.9604916593503073,0.9209665655651381,603,"all","RF#603","RF",603
527,495,69,48,0.9165217391304348,0.9116022099447514,0.9165217391304348,0.9165217391304348,0.9000853970964987,0.897278314310799,0.7944642634055608,603,"all","NB#603","NB",603
547,538,26,28,0.9539007092198581,0.9546247818499127,0.9539007092198581,0.9539007092198581,0.9529616724738676,0.9525899912203687,0.9051743542463868,603,"all","MLP#603","MLP",603
538,531,33,37,0.9414893617021277,0.9422066549912435,0.9414893617021277,0.9414893617021277,0.9389179755671904,0.9385425812115891,0.8770820357545894,604,"all","DT#604","DT",604
552,547,17,23,0.9698581560283688,0.9701230228471002,0.9698581560283688,0.9698581560283688,0.965034965034965,0.9648814749780509,0.9297635454918247,604,"all","RF#604","RF",604
519,516,48,56,0.9148936170212766,0.9153439153439153,0.9148936170212766,0.9148936170212766,0.9089316987740806,0.9086918349429324,0.8173914115876969,604,"all","NB#604","NB",604
550,535,29,25,0.9565217391304348,0.9553571428571429,0.9565217391304348,0.9565217391304348,0.953206239168111,0.9525899912203687,0.9051647043586057,604,"all","MLP#604","MLP",604
545,511,53,30,0.9478260869565217,0.944547134935305,0.9478260869565217,0.9478260869565217,0.9292412617220801,0.9271290605794557,0.8541876495148432,605,"all","DT#605","DT",605
559,539,25,16,0.9721739130434782,0.9711711711711711,0.9721739130434782,0.9721739130434782,0.9646246764452113,0.9640035118525022,0.9279893169015931,605,"all","RF#605","RF",605
518,505,59,57,0.9008695652173913,0.8985765124555161,0.9008695652173913,0.9008695652173913,0.8993055555555555,0.8981562774363476,0.7962866455538115,605,"all","NB#605","NB",605
556,537,27,19,0.9669565217391304,0.9658273381294964,0.9669565217391304,0.9669565217391304,0.9602763385146803,0.9596136962247586,0.9192088966742327,605,"all","MLP#605","MLP",605
540,513,51,35,0.9391304347826087,0.9361313868613139,0.9391304347826087,0.9391304347826087,0.9262435677530018,0.9244951712028094,0.8489352645799662,606,"all","DT#606","DT",606
549,531,33,26,0.9547826086956521,0.9533213644524237,0.9547826086956521,0.9547826086956521,0.9490060501296457,0.9482001755926251,0.8963783859631811,606,"all","RF#606","RF",606
513,513,51,62,0.9095744680851063,0.9095744680851063,0.9095744680851063,0.9095744680851063,0.9007901668129938,0.9007901668129938,0.8015988383295746,606,"all","NB#606","NB",606
548,515,49,27,0.9530434782608695,0.9501845018450185,0.9530434782608695,0.9530434782608695,0.9351535836177475,0.9332748024582967,0.8664873418697695,606,"all","MLP#606","MLP",606
530,510,54,45,0.9217391304347826,0.918918918918919,0.9217391304347826,0.9217391304347826,0.91458153580673,0.913081650570676,0.8261205456892124,607,"all","DT#607","DT",607
548,534,30,27,0.9530434782608695,0.9518716577540107,0.9530434782608695,0.9530434782608695,0.9505637467476149,0.9499561018437226,0.8998977746323819,607,"all","RF#607","RF",607
511,501,63,64,0.888695652173913,0.8902439024390244,0.888695652173913,0.888695652173913,0.8894691035683203,0.8884986830553117,0.7769803472343206,607,"all","NB#607","NB",607
538,537,27,37,0.9521276595744681,0.952212389380531,0.9521276595744681,0.9521276595744681,0.943859649122807,0.9438103599648815,0.8876292950625086,607,"all","MLP#607","MLP",607
535,530,34,40,0.9397163120567376,0.9402460456942003,0.9397163120567376,0.9397163120567376,0.9353146853146853,0.9350307287093942,0.8700625591598757,608,"all","DT#608","DT",608
552,540,24,23,0.96,0.9591474245115453,0.96,0.96,0.9591659426585578,0.9587357330992098,0.9174623683102858,608,"all","RF#608","RF",608
534,478,86,41,0.928695652173913,0.9210019267822736,0.928695652173913,0.928695652173913,0.893723849372385,0.8884986830553117,0.7768062273859946,608,"all","NB#608","NB",608
541,539,25,34,0.9556737588652482,0.9558303886925795,0.9556737588652482,0.9556737588652482,0.9482909728308501,0.9482001755926251,0.8964064997787881,608,"all","MLP#608","MLP",608
539,514,50,36,0.9373913043478261,0.9345454545454546,0.9373913043478261,0.9373913043478261,0.9261168384879724,0.9244951712028094,0.8489403897934445,609,"all","DT#609","DT",609
554,536,28,21,0.9634782608695652,0.9622980251346499,0.9634782608695652,0.9634782608695652,0.9576490924805532,0.9569798068481123,0.9139413713931502,609,"all","RF#609","RF",609
524,495,69,51,0.9113043478260869,0.9065934065934066,0.9113043478260869,0.9113043478260869,0.8972602739726028,0.8946444249341527,0.7892048451423653,609,"all","NB#609","NB",609
545,522,42,30,0.9478260869565217,0.9456521739130435,0.9478260869565217,0.9478260869565217,0.9380378657487092,0.9367866549604916,0.8735357797146505,609,"all","MLP#609","MLP",609
547,524,40,28,0.951304347826087,0.9492753623188406,0.951304347826087,0.951304347826087,0.9414802065404475,0.9402985074626866,0.8805615697305034,610,"all","DT#610","DT",610
560,544,20,15,0.9739130434782609,0.9731663685152058,0.9739130434782609,0.9739130434782609,0.9696969696969697,0.9692712906057945,0.9385316362010345,610,"all","RF#610","RF",610
536,508,56,39,0.9321739130434783,0.9287020109689214,0.9321739130434783,0.9321739130434783,0.9185946872322194,0.9165935030728709,0.8331233334310076,610,"all","NB#610","NB",610
551,534,30,24,0.9582608695652174,0.956989247311828,0.9582608695652174,0.9582608695652174,0.953287197231834,0.9525899912203687,0.9051614872928789,610,"all","MLP#610","MLP",610
537,523,41,38,0.9339130434782609,0.9322638146167558,0.9339130434782609,0.9339130434782609,0.9314830875975715,0.9306409130816505,0.861261827999266,611,"all","DT#611","DT",611
549,535,29,26,0.9547826086956521,0.9536541889483066,0.9547826086956521,0.9547826086956521,0.9522983521248916,0.95171202809482,0.9034101334172105,611,"all","RF#611","RF",611
519,504,60,56,0.9026086956521739,0.9,0.9026086956521739,0.9026086956521739,0.89948006932409,0.8981562774363476,0.796279735288857,611,"all","NB#611","NB",611
535,537,27,40,0.9521276595744681,0.9519572953736655,0.9521276595744681,0.9521276595744681,0.9412795793163892,0.9411764705882353,0.882367902235554,611,"all","MLP#611","MLP",611
536,521,43,39,0.9321739130434783,0.9303571428571429,0.9321739130434783,0.9321739130434783,0.9289428076256501,0.9280070237050044,0.8559908473593646,612,"all","DT#612","DT",612
556,534,30,19,0.9669565217391304,0.9656419529837251,0.9669565217391304,0.9669565217391304,0.9577950043066322,0.9569798068481123,0.9139355322223233,612,"all","RF#612","RF",612
517,509,55,58,0.9024822695035462,0.9038461538461539,0.9024822695035462,0.9024822695035462,0.9014821272885789,0.9007901668129938,0.8015719212559336,612,"all","NB#612","NB",612
543,522,42,32,0.9443478260869566,0.9422382671480144,0.9443478260869566,0.9443478260869566,0.9362068965517243,0.9350307287093942,0.8700272941757005,612,"all","MLP#612","MLP",612
544,523,41,31,0.9460869565217391,0.944043321299639,0.9460869565217391,0.9460869565217391,0.9379310344827586,0.9367866549604916,0.8735400700087896,613,"all","DT#613","DT",613
546,540,24,29,0.9574468085106383,0.9578947368421052,0.9574468085106383,0.9574468085106383,0.9537117903930131,0.9534679543459175,0.9069351195936206,613,"all","RF#613","RF",613
522,490,74,53,0.9078260869565218,0.9023941068139963,0.9078260869565218,0.9078260869565218,0.8915456874466268,0.8884986830553117,0.776897106431677,613,"all","NB#613","NB",613
548,540,24,27,0.9574468085106383,0.958041958041958,0.9574468085106383,0.9574468085106383,0.9555361813426329,0.9552238805970149,0.9104439644606426,613,"all","MLP#613","MLP",613
535,526,38,40,0.9326241134751773,0.9336823734729494,0.9326241134751773,0.9326241134751773,0.9320557491289198,0.9315188762071993,0.8630296228003368,614,"all","DT#614","DT",614
558,543,21,17,0.9704347826086956,0.9696428571428571,0.9704347826086956,0.9704347826086956,0.9670710571923744,0.9666374012291484,0.9332640512153154,614,"all","RF#614","RF",614
519,517,47,56,0.9166666666666666,0.9169611307420494,0.9166666666666666,0.9166666666666666,0.9097283085013147,0.9095697980684812,0.819150330122291,614,"all","NB#614","NB",614
543,547,17,32,0.9698581560283688,0.9696428571428571,0.9698581560283688,0.9698581560283688,0.9571303587051617,0.9569798068481123,0.9139734726750055,614,"all","MLP#614","MLP",614
521,524,40,54,0.9290780141843972,0.928698752228164,0.9290780141843972,0.9290780141843972,0.9176882661996497,0.9174714661984197,0.8349667208217598,615,"all","DT#615","DT",615
552,546,18,23,0.9680851063829787,0.968421052631579,0.9680851063829787,0.9680851063829787,0.9641921397379913,0.9640035118525022,0.9280064132705368,615,"all","RF#615","RF",615
532,487,77,43,0.9252173913043479,0.9188679245283019,0.9252173913043479,0.9252173913043479,0.8986486486486487,0.8946444249341527,0.7891476120982497,615,"all","NB#615","NB",615
541,546,18,34,0.9680851063829787,0.9677996422182469,0.9680851063829787,0.9680851063829787,0.9545454545454546,0.9543459174714662,0.9087080903116023,615,"all","MLP#615","MLP",615
542,520,44,33,0.9426086956521739,0.9403254972875226,0.9426086956521739,0.9426086956521739,0.9336778639104222,0.932396839332748,0.864755836349365,616,"all","DT#616","DT",616
557,540,24,18,0.9686956521739131,0.967741935483871,0.9686956521739131,0.9686956521739131,0.9636678200692042,0.9631255487269534,0.9262367123389058,616,"all","RF#616","RF",616
407,543,21,168,0.9627659574468085,0.9509345794392523,0.9627659574468085,0.9627659574468085,0.851764705882353,0.8340649692712906,0.6689243744780589,616,"all","NB#616","NB",616
537,529,35,38,0.9379432624113475,0.9388111888111889,0.9379432624113475,0.9379432624113475,0.9363557105492589,0.935908691834943,0.8718119491299395,616,"all","MLP#616","MLP",616
525,520,44,50,0.9219858156028369,0.9226713532513181,0.9219858156028369,0.9219858156028369,0.9178321678321677,0.9174714661984197,0.8349443319057882,617,"all","DT#617","DT",617
549,542,22,26,0.9609929078014184,0.9614711033274956,0.9609929078014184,0.9609929078014184,0.9581151832460733,0.9578577699736611,0.9157133959460043,617,"all","RF#617","RF",617
518,502,62,57,0.9008695652173913,0.8980322003577818,0.9008695652173913,0.9008695652173913,0.8969696969696969,0.8955223880597015,0.7910075630835177,617,"all","NB#617","NB",617
531,539,25,44,0.9556737588652482,0.9550359712230215,0.9556737588652482,0.9556737588652482,0.939843068875327,0.9394205443371378,0.8788688196372121,617,"all","MLP#617","MLP",617
541,510,54,34,0.9408695652173913,0.9375,0.9408695652173913,0.9408695652173913,0.9247863247863248,0.922739244951712,0.8454116413214472,618,"all","DT#618","DT",618
557,535,29,18,0.9686956521739131,0.9674502712477396,0.9686956521739131,0.9686956521739131,0.9595176571920758,0.9587357330992098,0.9174483676418203,618,"all","RF#618","RF",618
503,514,50,72,0.9113475177304965,0.9095840867992767,0.9113475177304965,0.9113475177304965,0.893913043478261,0.8928884986830553,0.7858369217775668,618,"all","NB#618","NB",618
557,530,34,18,0.9686956521739131,0.9671532846715328,0.9686956521739131,0.9686956521739131,0.9554030874785591,0.9543459174714662,0.9086585320716075,618,"all","MLP#618","MLP",618
542,526,38,33,0.9426086956521739,0.9409660107334525,0.9426086956521739,0.9426086956521739,0.9385281385281385,0.9376646180860404,0.8753070334363845,619,"all","DT#619","DT",619
552,534,30,23,0.96,0.9587073608617595,0.96,0.96,0.9541918755401901,0.9534679543459175,0.9069161772211626,619,"all","RF#619","RF",619
525,505,59,50,0.9130434782608695,0.9099099099099099,0.9130434782608695,0.9130434782608695,0.90595340811044,0.9043020193151887,0.8085569644456985,619,"all","NB#619","NB",619
541,537,27,34,0.9521276595744681,0.9524647887323944,0.9521276595744681,0.9521276595744681,0.9466316710411198,0.9464442493415277,0.8928912232127855,619,"all","MLP#619","MLP",619
534,522,42,41,0.928695652173913,0.9271758436944938,0.928695652173913,0.928695652173913,0.9278887923544743,0.9271290605794557,0.8542420546756112,620,"all","DT#620","DT",620
552,538,26,23,0.96,0.9590017825311943,0.96,0.96,0.9575021682567215,0.9569798068481123,0.9139472097716966,620,"all","RF#620","RF",620
550,411,153,25,0.9565217391304348,0.9426605504587156,0.9565217391304348,0.9565217391304348,0.8607198748043818,0.8437225636523266,0.6867359299867736,620,"all","NB#620","NB",620
546,536,28,29,0.950354609929078,0.9512195121951219,0.950354609929078,0.950354609929078,0.9503916449086163,0.9499561018437226,0.899904565294144,620,"all","MLP#620","MLP",620
535,533,31,40,0.9450354609929078,0.9452296819787986,0.9450354609929078,0.9450354609929078,0.9377738825591587,0.9376646180860404,0.8753366353270161,621,"all","DT#621","DT",621
550,541,23,25,0.9592198581560284,0.9598603839441536,0.9592198581560284,0.9592198581560284,0.9581881533101047,0.9578577699736611,0.9157105371078995,621,"all","RF#621","RF",621
537,492,72,38,0.9339130434782609,0.9283018867924528,0.9339130434782609,0.9339130434782609,0.9070945945945945,0.9034240561896401,0.8067186444233956,621,"all","NB#621","NB",621
544,537,27,31,0.9521276595744681,0.9527145359019265,0.9521276595744681,0.9521276595744681,0.9493891797556718,0.9490781387181738,0.8981536867680885,621,"all","MLP#621","MLP",621
535,530,34,40,0.9397163120567376,0.9402460456942003,0.9397163120567376,0.9397163120567376,0.9353146853146853,0.9350307287093942,0.8700625591598757,622,"all","DT#622","DT",622
552,545,19,23,0.9663120567375887,0.9667250437828371,0.9663120567375887,0.9663120567375887,0.963350785340314,0.9631255487269534,0.9262492214527537,622,"all","RF#622","RF",622
534,514,50,41,0.928695652173913,0.9261261261261261,0.928695652173913,0.928695652173913,0.9214840379637618,0.9201053555750659,0.8401714106840237,622,"all","NB#622","NB",622
546,543,21,29,0.9627659574468085,0.9629629629629629,0.9627659574468085,0.9627659574468085,0.9562171628721542,0.9561018437225637,0.9122074094171619,622,"all","MLP#622","MLP",622
544,522,42,31,0.9460869565217391,0.9439421338155516,0.9460869565217391,0.9460869565217391,0.9371231696813093,0.935908691834943,0.8717815071883592,623,"all","DT#623","DT",623
555,539,25,20,0.9652173913043478,0.964221824686941,0.9652173913043478,0.9652173913043478,0.961038961038961,0.9604916593503073,0.9209692465441874,623,"all","RF#623","RF",623
525,515,49,50,0.9131205673758865,0.9146341463414634,0.9131205673758865,0.9131205673758865,0.9138381201044385,0.913081650570676,0.82615003445825,623,"all","NB#623","NB",623
547,530,34,28,0.951304347826087,0.9498207885304659,0.951304347826087,0.951304347826087,0.9463667820069205,0.9455662862159789,0.8911113372621944,623,"all","MLP#623","MLP",623
536,533,31,39,0.9450354609929078,0.9453262786596119,0.9450354609929078,0.9450354609929078,0.9387040280210157,0.9385425812115891,0.8770903731840266,624,"all","DT#624","DT",624
555,535,29,20,0.9652173913043478,0.963963963963964,0.9652173913043478,0.9652173913043478,0.9577221742881795,0.9569798068481123,0.9139384519067819,624,"all","RF#624","RF",624
499,514,50,76,0.9113475177304965,0.9089253187613844,0.9113475177304965,0.9113475177304965,0.8908145580589254,0.8893766461808604,0.7788301797234028,624,"all","NB#624","NB",624
533,513,51,42,0.9269565217391305,0.9243243243243243,0.9269565217391305,0.9269565217391305,0.919758412424504,0.9183494293239683,0.8366586944353207,624,"all","MLP#624","MLP",624
529,523,41,46,0.9273049645390071,0.9280701754385965,0.9273049645390071,0.9273049645390071,0.9240174672489084,0.9236172080772608,0.8472331208423585,625,"all","DT#625","DT",625
551,539,25,24,0.9582608695652174,0.9573712255772646,0.9582608695652174,0.9582608695652174,0.9574283231972198,0.9569798068481123,0.913950128663915,625,"all","RF#625","RF",625
469,542,22,106,0.9609929078014184,0.955193482688391,0.9609929078014184,0.9609929078014184,0.8943894389438944,0.887620719929763,0.7755402417770553,625,"all","NB#625","NB",625
539,536,28,36,0.950354609929078,0.9506172839506173,0.950354609929078,0.950354609929078,0.9439579684763573,0.9438103599648815,0.8876254840539674,625,"all","MLP#625","MLP",625
539,516,48,36,0.9373913043478261,0.9347826086956522,0.9373913043478261,0.9373913043478261,0.927710843373494,0.926251097453907,0.8524584096670924,626,"all","DT#626","DT",626
556,534,30,19,0.9669565217391304,0.9656419529837251,0.9669565217391304,0.9669565217391304,0.9577950043066322,0.9569798068481123,0.9139355322223233,626,"all","RF#626","RF",626
516,516,48,59,0.9148936170212766,0.9148936170212766,0.9148936170212766,0.9148936170212766,0.9060579455662862,0.9060579455662863,0.8121334132855265,626,"all","NB#626","NB",626
544,537,27,31,0.9521276595744681,0.9527145359019265,0.9521276595744681,0.9521276595744681,0.9493891797556718,0.9490781387181738,0.8981536867680885,626,"all","MLP#626","MLP",626
539,514,50,36,0.9373913043478261,0.9345454545454546,0.9373913043478261,0.9373913043478261,0.9261168384879724,0.9244951712028094,0.8489403897934445,627,"all","DT#627","DT",627
556,542,22,19,0.9669565217391304,0.966131907308378,0.9669565217391304,0.9669565217391304,0.9644405897658281,0.9640035118525022,0.9279966449110115,627,"all","RF#627","RF",627
544,422,142,31,0.9460869565217391,0.9315673289183223,0.9460869565217391,0.9460869565217391,0.8628072957969866,0.8481123792800702,0.6956234292431481,627,"all","NB#627","NB",627
547,531,33,28,0.951304347826087,0.9499105545617174,0.951304347826087,0.951304347826087,0.9471861471861474,0.9464442493415277,0.8928694230932319,627,"all","MLP#627","MLP",627
543,519,45,32,0.9443478260869566,0.941923774954628,0.9443478260869566,0.9443478260869566,0.9337919174548581,0.932396839332748,0.8647512479624708,628,"all","DT#628","DT",628
553,532,32,22,0.9617391304347827,0.9602888086642599,0.9617391304347827,0.9617391304347827,0.953448275862069,0.9525899912203687,0.9051550525065921,628,"all","RF#628","RF",628
510,509,55,65,0.9024822695035462,0.9026548672566371,0.9024822695035462,0.9024822695035462,0.8947368421052632,0.8946444249341527,0.7893049282422037,628,"all","NB#628","NB",628
555,513,51,20,0.9652173913043478,0.9624765478424016,0.9652173913043478,0.9652173913043478,0.9398814563928873,0.9376646180860404,0.8752520211828915,628,"all","MLP#628","MLP",628
535,527,37,40,0.9343971631205674,0.9353146853146853,0.9343971631205674,0.9343971631205674,0.9328683522231909,0.932396839332748,0.8647879463425387,629,"all","DT#629","DT",629
552,541,23,23,0.96,0.96,0.96,0.96,0.96,0.9596136962247586,0.9192198581560284,629,"all","RF#629","RF",629
534,487,77,41,0.928695652173913,0.9223484848484849,0.928695652173913,0.928695652173913,0.9005059021922428,0.8964003511852502,0.7926547815193982,629,"all","NB#629","NB",629
540,541,23,35,0.9592198581560284,0.9591474245115453,0.9592198581560284,0.9592198581560284,0.9491228070175439,0.9490781387181738,0.8981675021426413,629,"all","MLP#629","MLP",629
526,513,51,49,0.9147826086956522,0.9128113879003559,0.9147826086956522,0.9147826086956522,0.9131944444444444,0.9122036874451273,0.8243850392705271,630,"all","DT#630","DT",630
551,541,23,24,0.9592198581560284,0.9599303135888502,0.9592198581560284,0.9592198581560284,0.959094865100087,0.9587357330992098,0.9174651678741186,630,"all","RF#630","RF",630
520,511,53,55,0.9060283687943262,0.9075043630017452,0.9060283687943262,0.9060283687943262,0.9059233449477353,0.9051799824407375,0.810348708492774,630,"all","NB#630","NB",630
539,544,20,36,0.9645390070921985,0.964221824686941,0.9645390070921985,0.9645390070921985,0.951048951048951,0.9508340649692713,0.9016856357201869,630,"all","MLP#630","MLP",630
533,531,33,42,0.9414893617021277,0.941696113074205,0.9414893617021277,0.9414893617021277,0.9342681858019282,0.9341527655838455,0.8683133471764255,631,"all","DT#631","DT",631
552,545,19,23,0.9663120567375887,0.9667250437828371,0.9663120567375887,0.9663120567375887,0.963350785340314,0.9631255487269534,0.9262492214527537,631,"all","RF#631","RF",631
496,535,29,79,0.9485815602836879,0.9447619047619048,0.9485815602836879,0.9485815602836879,0.9083191850594228,0.9051799824407375,0.8105029654163136,631,"all","NB#631","NB",631
547,535,29,28,0.951304347826087,0.9502664298401421,0.951304347826087,0.951304347826087,0.9504778453518681,0.9499561018437226,0.8999011700784318,631,"all","MLP#631","MLP",631
528,524,40,47,0.9290780141843972,0.9295774647887324,0.9290780141843972,0.9290780141843972,0.9238845144356955,0.9236172080772608,0.8472383019592186,632,"all","DT#632","DT",632
553,542,22,22,0.9617391304347827,0.9617391304347827,0.9617391304347827,0.9617391304347827,0.9617391304347827,0.961369622475856,0.922732038236201,632,"all","RF#632","RF",632
507,523,41,68,0.9273049645390071,0.9251824817518248,0.9273049645390071,0.9273049645390071,0.9056277056277056,0.9043020193151887,0.8086737956871428,632,"all","NB#632","NB",632
556,532,32,19,0.9669565217391304,0.9655172413793104,0.9669565217391304,0.9669565217391304,0.9561478933791917,0.9552238805970149,0.9104196577413768,632,"all","MLP#632","MLP",632
538,522,42,37,0.9356521739130435,0.9338103756708408,0.9356521739130435,0.9356521739130435,0.9316017316017315,0.9306409130816505,0.8612571217109066,633,"all","DT#633","DT",633
555,551,13,20,0.9769503546099291,0.977112676056338,0.9769503546099291,0.9769503546099291,0.9711286089238845,0.971027216856892,0.9420559076397035,633,"all","RF#633","RF",633
532,509,55,43,0.9252173913043479,0.9221014492753623,0.9252173913043479,0.9252173913043479,0.9156626506024097,0.9139596136962248,0.8278681446116077,633,"all","NB#633","NB",633
536,537,27,39,0.9521276595744681,0.9520426287744227,0.9521276595744681,0.9521276595744681,0.9421052631578947,0.9420544337137841,0.8841216403692126,633,"all","MLP#633","MLP",633
545,522,42,30,0.9478260869565217,0.9456521739130435,0.9478260869565217,0.9478260869565217,0.9380378657487092,0.9367866549604916,0.8735357797146505,634,"all","DT#634","DT",634
556,542,22,19,0.9669565217391304,0.966131907308378,0.9669565217391304,0.9669565217391304,0.9644405897658281,0.9640035118525022,0.9279966449110115,634,"all","RF#634","RF",634
547,404,160,28,0.951304347826087,0.9351851851851852,0.951304347826087,0.951304347826087,0.8533541341653667,0.8349429323968394,0.6691143293342481,634,"all","NB#634","NB",634
543,528,36,32,0.9443478260869566,0.9428571428571428,0.9443478260869566,0.9443478260869566,0.9410745233968806,0.9402985074626866,0.8805777758589853,634,"all","MLP#634","MLP",634
538,524,40,37,0.9356521739130435,0.9340463458110517,0.9356521739130435,0.9356521739130435,0.9332176929748482,0.932396839332748,0.8647741867840947,635,"all","DT#635","DT",635
554,536,28,21,0.9634782608695652,0.9622980251346499,0.9634782608695652,0.9634782608695652,0.9576490924805532,0.9569798068481123,0.9139413713931502,635,"all","RF#635","RF",635
518,495,69,57,0.9008695652173913,0.8967391304347826,0.9008695652173913,0.9008695652173913,0.891566265060241,0.8893766461808604,0.7786876145006385,635,"all","NB#635","NB",635
537,538,26,38,0.9539007092198581,0.9538188277087034,0.9539007092198581,0.9539007092198581,0.943859649122807,0.9438103599648815,0.8876331058125698,635,"all","MLP#635","MLP",635
542,524,40,33,0.9426086956521739,0.940754039497307,0.9426086956521739,0.9426086956521739,0.9369057908383751,0.935908691834943,0.871790206361224,636,"all","DT#636","DT",636
557,543,21,18,0.9686956521739131,0.9679144385026738,0.9686956521739131,0.9686956521739131,0.966175195143105,0.9657594381035997,0.9315090036958402,636,"all","RF#636","RF",636
486,539,25,89,0.9556737588652482,0.9510763209393346,0.9556737588652482,0.9556737588652482,0.9043624161073825,0.8999122036874452,0.8000227936374951,636,"all","NB#636","NB",636
548,536,28,27,0.9530434782608695,0.9520426287744227,0.9530434782608695,0.9530434782608695,0.9522154648132058,0.95171202809482,0.9034134097248027,636,"all","MLP#636","MLP",636
537,513,51,38,0.9339130434782609,0.9310344827586207,0.9339130434782609,0.9339130434782609,0.9234737747205503,0.9218612818261633,0.8436735203722068,637,"all","DT#637","DT",637
549,534,30,26,0.9547826086956521,0.9535714285714286,0.9547826086956521,0.9547826086956521,0.951473136915078,0.9508340649692713,0.9016522860015171,637,"all","RF#637","RF",637
531,474,90,44,0.9234782608695652,0.915057915057915,0.9234782608695652,0.9234782608695652,0.8879598662207359,0.8823529411764706,0.7645002113890885,637,"all","NB#637","NB",637
546,527,37,29,0.9495652173913044,0.947841726618705,0.9495652173913044,0.9495652173913044,0.9430051813471504,0.9420544337137841,0.8840823300108557,637,"all","MLP#637","MLP",637
543,518,46,32,0.9443478260869566,0.9418181818181818,0.9443478260869566,0.9443478260869566,0.9329896907216496,0.9315188762071993,0.8629924465568451,638,"all","DT#638","DT",638
558,533,31,17,0.9704347826086956,0.9690909090909091,0.9704347826086956,0.9704347826086956,0.9587628865979382,0.9578577699736611,0.9156876594195971,638,"all","RF#638","RF",638
539,480,84,36,0.9373913043478261,0.9302325581395349,0.9373913043478261,0.9373913043478261,0.8998330550918198,0.8946444249341527,0.7890975076843313,638,"all","NB#638","NB",638
533,528,36,42,0.9361702127659575,0.9367311072056239,0.9361702127659575,0.9361702127659575,0.9318181818181819,0.9315188762071993,0.8630389137090583,638,"all","MLP#638","MLP",638
529,528,36,46,0.9361702127659575,0.9362831858407079,0.9361702127659575,0.9361702127659575,0.9280701754385965,0.9280070237050044,0.8560250342988392,639,"all","DT#639","DT",639
553,542,22,22,0.9617391304347827,0.9617391304347827,0.9617391304347827,0.9617391304347827,0.9617391304347827,0.961369622475856,0.922732038236201,639,"all","RF#639","RF",639
547,404,160,28,0.951304347826087,0.9351851851851852,0.951304347826087,0.951304347826087,0.8533541341653667,0.8349429323968394,0.6691143293342481,639,"all","NB#639","NB",639
549,534,30,26,0.9547826086956521,0.9535714285714286,0.9547826086956521,0.9547826086956521,0.951473136915078,0.9508340649692713,0.9016522860015171,639,"all","MLP#639","MLP",639
537,529,35,38,0.9379432624113475,0.9388111888111889,0.9379432624113475,0.9379432624113475,0.9363557105492589,0.935908691834943,0.8718119491299395,640,"all","DT#640","DT",640
554,538,26,21,0.9634782608695652,0.962432915921288,0.9634782608695652,0.9634782608695652,0.9593073593073593,0.9587357330992098,0.9174567686128178,640,"all","RF#640","RF",640
463,544,20,112,0.9645390070921985,0.9585921325051759,0.9645390070921985,0.9645390070921985,0.8918032786885245,0.884108867427568,0.7685572310856326,640,"all","NB#640","NB",640
547,529,35,28,0.951304347826087,0.9497307001795332,0.951304347826087,0.951304347826087,0.9455488331892826,0.9446883230904302,0.8893531917911931,640,"all","MLP#640","MLP",640
534,517,47,41,0.928695652173913,0.9265232974910395,0.928695652173913,0.928695652173913,0.9238754325259516,0.922739244951712,0.8454483496624694,641,"all","DT#641","DT",641
555,536,28,20,0.9652173913043478,0.9640287769784173,0.9652173913043478,0.9652173913043478,0.9585492227979274,0.9578577699736611,0.9156962400078951,641,"all","RF#641","RF",641
521,511,53,54,0.9060869565217391,0.9076655052264808,0.9060869565217391,0.9060869565217391,0.906875543951262,0.9060579455662863,0.8121015523942703,641,"all","NB#641","NB",641
541,538,26,34,0.9539007092198581,0.9541446208112875,0.9539007092198581,0.9539007092198581,0.9474605954465849,0.9473222124670764,0.8946488913005943,641,"all","MLP#641","MLP",641
538,521,43,37,0.9356521739130435,0.9336917562724014,0.9356521739130435,0.9356521739130435,0.9307958477508649,0.9297629499561019,0.8594984996931542,642,"all","DT#642","DT",642
556,528,36,19,0.9669565217391304,0.9652650822669104,0.9669565217391304,0.9669565217391304,0.9528706083976006,0.95171202809482,0.9033871930390045,642,"all","RF#642","RF",642
511,531,33,64,0.9414893617021277,0.9393382352941176,0.9414893617021277,0.9414893617021277,0.916307161345988,0.9148375768217735,0.8297487753123935,642,"all","NB#642","NB",642
546,532,32,29,0.9495652173913044,0.948306595365419,0.9495652173913044,0.9495652173913044,0.9470945359930616,0.9464442493415277,0.8928730570627246,642,"all","MLP#642","MLP",642
534,522,42,41,0.928695652173913,0.9271758436944938,0.928695652173913,0.928695652173913,0.9278887923544743,0.9271290605794557,0.8542420546756112,643,"all","DT#643","DT",643
554,540,24,21,0.9634782608695652,0.9625668449197861,0.9634782608695652,0.9634782608695652,0.960971379011275,0.9604916593503073,0.9209719273413542,643,"all","RF#643","RF",643
503,523,41,72,0.9273049645390071,0.9246323529411765,0.9273049645390071,0.9273049645390071,0.902502157031924,0.9007901668129938,0.8016660990752627,643,"all","NB#643","NB",643
543,535,29,32,0.9485815602836879,0.9493006993006993,0.9485815602836879,0.9485815602836879,0.946817785527463,0.9464442493415277,0.8928839574921412,643,"all","MLP#643","MLP",643
533,534,30,42,0.9468085106382979,0.9467140319715808,0.9468085106382979,0.9468085106382979,0.9368421052631578,0.9367866549604916,0.8735872440391409,644,"all","DT#644","DT",644
553,544,20,22,0.9645390070921985,0.9650959860383944,0.9645390070921985,0.9645390070921985,0.9634146341463415,0.9631255487269534,0.926246719969412,644,"all","RF#644","RF",644
488,534,30,87,0.9468085106382979,0.9420849420849421,0.9468085106382979,0.9468085106382979,0.90126582278481,0.897278314310799,0.7947358936088611,644,"all","NB#644","NB",644
536,550,14,39,0.975177304964539,0.9745454545454545,0.975177304964539,0.975177304964539,0.9540329575021683,0.9534679543459175,0.906966673088037,644,"all","MLP#644","MLP",644
534,516,48,41,0.928695652173913,0.926391382405745,0.928695652173913,0.928695652173913,0.923076923076923,0.9218612818261633,0.8436894296732731,645,"all","DT#645","DT",645
553,540,24,22,0.9617391304347827,0.9608540925266904,0.9617391304347827,0.9617391304347827,0.9600694444444445,0.9596136962247586,0.9192171180644425,645,"all","RF#645","RF",645
519,516,48,56,0.9148936170212766,0.9153439153439153,0.9148936170212766,0.9148936170212766,0.9089316987740806,0.9086918349429324,0.8173914115876969,645,"all","NB#645","NB",645
536,535,29,39,0.9485815602836879,0.9486725663716814,0.9485815602836879,0.9485815602836879,0.9403508771929826,0.9402985074626866,0.8806061260039155,645,"all","MLP#645","MLP",645
537,522,42,38,0.9339130434782609,0.9321428571428572,0.9339130434782609,0.9339130434782609,0.9306759098786829,0.9297629499561019,0.8595032657164532,646,"all","DT#646","DT",646
551,536,28,24,0.9582608695652174,0.9571428571428572,0.9582608695652174,0.9582608695652174,0.9549393414211439,0.9543459174714662,0.9086771227156947,646,"all","RF#646","RF",646
549,445,119,26,0.9547826086956521,0.9447983014861996,0.9547826086956521,0.9547826086956521,0.8833467417538214,0.8726953467954346,0.744964691457541,646,"all","NB#646","NB",646
544,535,29,31,0.9485815602836879,0.9493891797556719,0.9485815602836879,0.9485815602836879,0.9477351916376306,0.9473222124670764,0.8946381713848743,646,"all","MLP#646","MLP",646
527,514,50,48,0.9165217391304348,0.9145907473309609,0.9165217391304348,0.9165217391304348,0.9149305555555556,0.9139596136962248,0.8278973384851167,647,"all","DT#647","DT",647
550,538,26,25,0.9565217391304348,0.955595026642984,0.9565217391304348,0.9565217391304348,0.9556907037358819,0.9552238805970149,0.9104378890175442,647,"all","RF#647","RF",647
540,487,77,35,0.9391304347826087,0.9329501915708812,0.9391304347826087,0.9391304347826087,0.9060402684563759,0.9016681299385426,0.8031777183254184,647,"all","NB#647","NB",647
548,522,42,27,0.9530434782608695,0.9508196721311475,0.9530434782608695,0.9530434782608695,0.940772532188841,0.9394205443371378,0.8787989544056073,647,"all","MLP#647","MLP",647
536,524,40,39,0.9321739130434783,0.9307282415630551,0.9321739130434783,0.9321739130434783,0.9313640312771503,0.9306409130816505,0.8612665339683527,648,"all","DT#648","DT",648
548,543,21,27,0.9627659574468085,0.9630931458699473,0.9627659574468085,0.9627659574468085,0.958041958041958,0.9578577699736611,0.9157162545901898,648,"all","RF#648","RF",648
483,529,35,92,0.9379432624113475,0.9324324324324325,0.9379432624113475,0.9379432624113475,0.8928270042194093,0.8884986830553117,0.7771919528916696,648,"all","NB#648","NB",648
548,530,34,27,0.9530434782608695,0.9515260323159784,0.9530434782608695,0.9530434782608695,0.9472774416594643,0.9464442493415277,0.8928657888771871,648,"all","MLP#648","MLP",648
532,524,40,43,0.9290780141843972,0.9300699300699301,0.9290780141843972,0.9290780141843972,0.927637314734089,0.9271290605794557,0.854251942161438,649,"all","DT#649","DT",649
555,538,26,20,0.9652173913043478,0.96415770609319,0.9652173913043478,0.9652173913043478,0.9602076124567475,0.9596136962247586,0.9192116373235636,649,"all","RF#649","RF",649
480,531,33,95,0.9414893617021277,0.935672514619883,0.9414893617021277,0.9414893617021277,0.8924369747899161,0.887620719929763,0.7754565812697719,649,"all","NB#649","NB",649
544,525,39,31,0.9460869565217391,0.9442446043165468,0.9460869565217391,0.9460869565217391,0.9395509499136442,0.9385425812115891,0.8770570166781801,649,"all","MLP#649","MLP",649
533,522,42,42,0.9269565217391305,0.9269565217391305,0.9269565217391305,0.9269565217391305,0.9269565217391305,0.926251097453907,0.8524884366327475,650,"all","DT#650","DT",650
559,538,26,16,0.9721739130434782,0.9711191335740073,0.9721739130434782,0.9721739130434782,0.9637931034482758,0.9631255487269534,0.9262317075051273,650,"all","RF#650","RF",650
509,533,31,66,0.9450354609929078,0.9425925925925925,0.9450354609929078,0.9450354609929078,0.9165950128976784,0.9148375768217735,0.8297603180350855,650,"all","NB#650","NB",650
551,532,32,24,0.9582608695652174,0.9568345323741008,0.9582608695652174,0.9582608695652174,0.9516407599309155,0.9508340649692713,0.9016456133425441,650,"all","MLP#650","MLP",650
538,517,47,37,0.9356521739130435,0.9332129963898917,0.9356521739130435,0.9356521739130435,0.9275862068965517,0.926251097453907,0.8524634150102547,651,"all","DT#651","DT",651
554,543,21,21,0.9634782608695652,0.9634782608695652,0.9634782608695652,0.9634782608695652,0.9634782608695652,0.9631255487269534,0.9262442183163737,651,"all","RF#651","RF",651
502,541,23,73,0.9592198581560284,0.9561904761904761,0.9592198581560284,0.9592198581560284,0.9185059422750425,0.9157155399473222,0.8315581914811677,651,"all","NB#651","NB",651
530,543,21,45,0.9627659574468085,0.9618874773139746,0.9627659574468085,0.9627659574468085,0.9427083333333334,0.9420544337137841,0.8841452137890221,651,"all","MLP#651","MLP",651
545,525,39,30,0.9478260869565217,0.9459459459459459,0.9478260869565217,0.9478260869565217,0.9404659188955997,0.9394205443371378,0.8788112894197542,652,"all","DT#652","DT",652
550,533,31,25,0.9565217391304348,0.9551971326164874,0.9565217391304348,0.9565217391304348,0.9515570934256056,0.9508340649692713,0.9016489497852078,652,"all","RF#652","RF",652
396,548,16,179,0.9716312056737588,0.9611650485436893,0.9716312056737588,0.9716312056737588,0.8489542989930285,0.8287971905179983,0.65850647224063,652,"all","NB#652","NB",652
548,526,38,27,0.9530434782608695,0.9511754068716094,0.9530434782608695,0.9530434782608695,0.9440137812230835,0.9429323968393327,0.8858328488663472,652,"all","MLP#652","MLP",652
524,525,39,51,0.9308510638297872,0.9307282415630551,0.9308510638297872,0.9308510638297872,0.9210526315789473,0.9209833187006146,0.8419840550489261,653,"all","DT#653","DT",653
555,543,21,20,0.9652173913043478,0.9644760213143873,0.9652173913043478,0.9652173913043478,0.9643788010425717,0.9640035118525022,0.9279990872493984,653,"all","RF#653","RF",653
510,528,36,65,0.9361702127659575,0.9340659340659341,0.9361702127659575,0.9361702127659575,0.9127052722558341,0.9113257243195786,0.8227220962862852,653,"all","NB#653","NB",653
559,539,25,16,0.9721739130434782,0.9711711711711711,0.9721739130434782,0.9721739130434782,0.9646246764452113,0.9640035118525022,0.9279893169015931,653,"all","MLP#653","MLP",653
537,524,40,38,0.9339130434782609,0.9323843416370107,0.9339130434782609,0.9339130434782609,0.9322916666666667,0.9315188762071993,0.8630203306310112,654,"all","DT#654","DT",654
559,535,29,16,0.9721739130434782,0.9709618874773139,0.9721739130434782,0.9721739130434782,0.9613069647463456,0.9604916593503073,0.920958521536509,654,"all","RF#654","RF",654
523,515,49,52,0.9131205673758865,0.9143356643356644,0.9131205673758865,0.9131205673758865,0.9119442022667829,0.9113257243195786,0.8226439296181354,654,"all","NB#654","NB",654
554,535,29,21,0.9634782608695652,0.9622302158273381,0.9634782608695652,0.9634782608695652,0.9568221070811744,0.9561018437225637,0.9121835833415574,654,"all","MLP#654","MLP",654
531,540,24,44,0.9574468085106383,0.9567567567567568,0.9574468085106383,0.9574468085106383,0.9407665505226481,0.9402985074626866,0.8806263678678217,655,"all","DT#655","DT",655
552,545,19,23,0.9663120567375887,0.9667250437828371,0.9663120567375887,0.9663120567375887,0.963350785340314,0.9631255487269534,0.9262492214527537,655,"all","RF#655","RF",655
525,492,72,50,0.9130434782608695,0.9077490774907749,0.9130434782608695,0.9130434782608695,0.8959044368600683,0.8928884986830553,0.7856770487909457,655,"all","NB#655","NB",655
536,537,27,39,0.9521276595744681,0.9520426287744227,0.9521276595744681,0.9521276595744681,0.9421052631578947,0.9420544337137841,0.8841216403692126,655,"all","MLP#655","MLP",655
538,531,33,37,0.9414893617021277,0.9422066549912435,0.9414893617021277,0.9414893617021277,0.9389179755671904,0.9385425812115891,0.8770820357545894,656,"all","DT#656","DT",656
554,539,25,21,0.9634782608695652,0.9625,0.9634782608695652,0.9634782608695652,0.9601386481802425,0.9596136962247586,0.9192143777869606,656,"all","RF#656","RF",656
526,502,62,49,0.9147826086956522,0.911070780399274,0.9147826086956522,0.9147826086956522,0.9045571797076526,0.9025460930640913,0.8050310197900554,656,"all","NB#656","NB",656
551,534,30,24,0.9582608695652174,0.956989247311828,0.9582608695652174,0.9582608695652174,0.953287197231834,0.9525899912203687,0.9051614872928789,656,"all","MLP#656","MLP",656
541,519,45,34,0.9408695652173913,0.9385171790235082,0.9408695652173913,0.9408695652173913,0.9319552110249785,0.9306409130816505,0.8612430009298682,657,"all","DT#657","DT",657
554,537,27,21,0.9634782608695652,0.9623655913978495,0.9634782608695652,0.9634782608695652,0.9584775086505191,0.9578577699736611,0.9156990998158925,657,"all","RF#657","RF",657
526,507,57,49,0.9147826086956522,0.9118705035971223,0.9147826086956522,0.9147826086956522,0.9084628670120898,0.9069359086918349,0.8138291966841014,657,"all","NB#657","NB",657
549,529,35,26,0.9547826086956521,0.9531531531531532,0.9547826086956521,0.9547826086956521,0.9473684210526315,0.9464442493415277,0.8928621544145654,657,"all","MLP#657","MLP",657
544,525,39,31,0.9460869565217391,0.9442446043165468,0.9460869565217391,0.9460869565217391,0.9395509499136442,0.9385425812115891,0.8770570166781801,658,"all","DT#658","DT",658
553,536,28,22,0.9617391304347827,0.9605734767025089,0.9617391304347827,0.9617391304347827,0.9567474048442908,0.9561018437225637,0.9121865623082214,658,"all","RF#658","RF",658
516,497,67,59,0.8973913043478261,0.8938848920863309,0.8973913043478261,0.8973913043478261,0.8911917098445595,0.8893766461808604,0.7787026300207244,658,"all","NB#658","NB",658
533,525,39,42,0.9308510638297872,0.9318181818181818,0.9308510638297872,0.9308510638297872,0.9293809938971228,0.9288849868305531,0.8577639435551382,658,"all","MLP#658","MLP",658
539,523,41,36,0.9373913043478261,0.9355992844364938,0.9373913043478261,0.9373913043478261,0.9333333333333333,0.932396839332748,0.8647695996422761,659,"all","DT#659","DT",659
552,544,20,23,0.9645390070921985,0.965034965034965,0.9645390070921985,0.9645390070921985,0.9625108979947689,0.9622475856014048,0.9244919700354438,659,"all","RF#659","RF",659
536,473,91,39,0.9321739130434783,0.923828125,0.9321739130434783,0.9321739130434783,0.891846921797005,0.8858647936786654,0.7715067867437826,659,"all","NB#659","NB",659
548,535,29,27,0.9530434782608695,0.9519572953736655,0.9530434782608695,0.9530434782608695,0.9513888888888888,0.9508340649692713,0.9016556219914952,659,"all","MLP#659","MLP",659
527,522,42,48,0.925531914893617,0.9261862917398945,0.925531914893617,0.925531914893617,0.9213286713286712,0.9209833187006146,0.8419679773566057,660,"all","DT#660","DT",660
548,539,25,27,0.9556737588652482,0.956369982547993,0.9556737588652482,0.9556737588652482,0.9547038327526133,0.9543459174714662,0.9086864152002245,660,"all","RF#660","RF",660
519,492,72,56,0.9026086956521739,0.8978102189781022,0.9026086956521739,0.9026086956521739,0.8902229845626072,0.887620719929763,0.77515946356088,660,"all","NB#660","NB",660
538,537,27,37,0.9521276595744681,0.952212389380531,0.9521276595744681,0.9521276595744681,0.943859649122807,0.9438103599648815,0.8876292950625086,660,"all","MLP#660","MLP",660
542,522,42,33,0.9426086956521739,0.9405405405405406,0.9426086956521739,0.9426086956521739,0.9352890422778257,0.9341527655838455,0.8682731406736459,661,"all","DT#661","DT",661
552,530,34,23,0.96,0.9584086799276673,0.96,0.96,0.9509043927648578,0.9499561018437226,0.8998841905443353,661,"all","RF#661","RF",661
521,488,76,54,0.9060869565217391,0.9003690036900369,0.9060869565217391,0.9060869565217391,0.8890784982935154,0.8858647936786654,0.7716230847772372,661,"all","NB#661","NB",661
538,540,24,37,0.9574468085106383,0.9572953736654805,0.9574468085106383,0.9574468085106383,0.9465381244522348,0.9464442493415277,0.892902119945803,661,"all","MLP#661","MLP",661
534,523,41,41,0.928695652173913,0.928695652173913,0.928695652173913,0.928695652173913,0.928695652173913,0.9280070237050044,0.8560006167129203,662,"all","DT#662","DT",662
551,545,19,24,0.9663120567375887,0.9666666666666667,0.9663120567375887,0.9663120567375887,0.9624454148471616,0.9622475856014048,0.9244945309910508,662,"all","RF#662","RF",662
538,465,99,37,0.9356521739130435,0.9262948207171314,0.9356521739130435,0.9356521739130435,0.8877887788778878,0.8805970149253731,0.7609203633793165,662,"all","NB#662","NB",662
532,536,28,43,0.950354609929078,0.95,0.950354609929078,0.950354609929078,0.9378827646544181,0.9376646180860404,0.875349317549498,662,"all","MLP#662","MLP",662
529,508,56,46,0.92,0.9169675090252708,0.92,0.92,0.9120689655172415,0.9104477611940298,0.820848432512452,663,"all","DT#663","DT",663
551,529,35,24,0.9582608695652174,0.9566003616636528,0.9582608695652174,0.9582608695652174,0.9491817398794143,0.9482001755926251,0.8963713551248383,663,"all","RF#663","RF",663
514,518,46,61,0.9184397163120568,0.9178571428571428,0.9184397163120568,0.9184397163120568,0.9063867016622922,0.9060579455662863,0.812146154616849,663,"all","NB#663","NB",663
545,530,34,30,0.9478260869565217,0.9464285714285714,0.9478260869565217,0.9478260869565217,0.9445407279029463,0.9438103599648815,0.8876026125731625,663,"all","MLP#663","MLP",663
537,517,47,38,0.9339130434782609,0.9315315315315316,0.9339130434782609,0.9339130434782609,0.9266609145815358,0.9253731343283582,0.8507095594301319,664,"all","DT#664","DT",664
559,539,25,16,0.9721739130434782,0.9711711711711711,0.9721739130434782,0.9721739130434782,0.9646246764452113,0.9640035118525022,0.9279893169015931,664,"all","RF#664","RF",664
494,530,34,81,0.9397163120567376,0.9356060606060606,0.9397163120567376,0.9397163120567376,0.902127659574468,0.8990342405618964,0.7982104920992672,664,"all","NB#664","NB",664
548,522,42,27,0.9530434782608695,0.9508196721311475,0.9530434782608695,0.9530434782608695,0.940772532188841,0.9394205443371378,0.8787989544056073,664,"all","MLP#664","MLP",664
526,526,38,49,0.9326241134751773,0.9326241134751773,0.9326241134751773,0.9326241134751773,0.9236172080772608,0.9236172080772608,0.8472486631386991,665,"all","DT#665","DT",665
545,537,27,30,0.9521276595744681,0.9527972027972028,0.9521276595744681,0.9521276595744681,0.9503051438535309,0.9499561018437226,0.8999079602795418,665,"all","RF#665","RF",665
510,511,53,65,0.9060283687943262,0.9058614564831261,0.9060283687943262,0.9060283687943262,0.8964912280701754,0.8964003511852502,0.7928235388419254,665,"all","NB#665","NB",665
526,532,32,49,0.9432624113475178,0.942652329749104,0.9432624113475178,0.9432624113475178,0.9292576419213974,0.9288849868305531,0.8577977055643838,665,"all","MLP#665","MLP",665
544,512,52,31,0.9460869565217391,0.9429097605893186,0.9460869565217391,0.9460869565217391,0.9291204099060633,0.9271290605794557,0.8541925971167653,666,"all","DT#666","DT",666
553,530,34,22,0.9617391304347827,0.9601449275362319,0.9617391304347827,0.9617391304347827,0.9518072289156627,0.9508340649692713,0.9016389397780614,666,"all","RF#666","RF",666
496,510,54,79,0.9042553191489362,0.9018181818181819,0.9042553191489362,0.9042553191489362,0.8846487424111014,0.8832309043020193,0.7665390098246967,666,"all","NB#666","NB",666
548,527,37,27,0.9530434782608695,0.9512635379061372,0.9530434782608695,0.9530434782608695,0.9448275862068966,0.9438103599648815,0.8875911733411465,666,"all","MLP#666","MLP",666
530,521,43,45,0.9237588652482269,0.924956369982548,0.9237588652482269,0.9237588652482269,0.9233449477351917,0.922739244951712,0.8454693180311491,667,"all","DT#667","DT",667
548,531,33,27,0.9530434782608695,0.9516129032258065,0.9530434782608695,0.9530434782608695,0.9480968858131488,0.9473222124670764,0.8946238747698655,667,"all","RF#667","RF",667
519,485,79,56,0.9026086956521739,0.8964879852125693,0.9026086956521739,0.9026086956521739,0.8849104859335039,0.8814749780509219,0.7628353335482388,667,"all","NB#667","NB",667
533,532,32,42,0.9432624113475178,0.9433628318584071,0.9432624113475178,0.9432624113475178,0.9350877192982456,0.9350307287093942,0.8700713724160255,667,"all","MLP#667","MLP",667
542,532,32,33,0.9432624113475178,0.9442508710801394,0.9432624113475178,0.9432624113475178,0.9434290687554394,0.9429323968393327,0.8858560832301641,668,"all","DT#668","DT",668
556,543,21,19,0.9669565217391304,0.9661921708185054,0.9669565217391304,0.9669565217391304,0.9652777777777777,0.9648814749780509,0.9297540157082108,668,"all","RF#668","RF",668
519,514,50,56,0.9113475177304965,0.9121265377855887,0.9113475177304965,0.9113475177304965,0.9073426573426574,0.9069359086918349,0.8138733955533356,668,"all","NB#668","NB",668
556,526,38,19,0.9669565217391304,0.9651376146788991,0.9669565217391304,0.9669565217391304,0.951240376390077,0.9499561018437226,0.8998706027690083,668,"all","MLP#668","MLP",668
530,517,47,45,0.9217391304347826,0.9199288256227758,0.9217391304347826,0.9217391304347826,0.9201388888888888,0.9192273924495171,0.838434236128885,669,"all","DT#669","DT",669
549,532,32,26,0.9547826086956521,0.953405017921147,0.9547826086956521,0.9547826086956521,0.9498269896193772,0.9490781387181738,0.8981364122775367,669,"all","RF#669","RF",669
507,512,52,68,0.9078014184397163,0.9069767441860465,0.9078014184397163,0.9078014184397163,0.8951048951048951,0.8946444249341527,0.7893263622575434,669,"all","NB#669","NB",669
537,521,43,38,0.9339130434782609,0.9320214669051878,0.9339130434782609,0.9339130434782609,0.9298701298701298,0.9288849868305531,0.8577446437795372,669,"all","MLP#669","MLP",669
534,536,28,41,0.950354609929078,0.9501779359430605,0.950354609929078,0.950354609929078,0.939526730937774,0.9394205443371378,0.8788564963321377,670,"all","DT#670","DT",670
539,541,23,36,0.9592198581560284,0.9590747330960854,0.9592198581560284,0.9592198581560284,0.9482909728308502,0.9482001755926251,0.8964135258492193,670,"all","RF#670","RF",670
519,511,53,56,0.9060283687943262,0.9073426573426573,0.9060283687943262,0.9060283687943262,0.9049694856146469,0.9043020193151887,0.8085959240433341,670,"all","NB#670","NB",670
537,541,23,38,0.9592198581560284,0.9589285714285715,0.9592198581560284,0.9592198581560284,0.9466316710411198,0.9464442493415277,0.892905751697456,670,"all","MLP#670","MLP",670
537,535,29,38,0.9485815602836879,0.9487632508833922,0.9485815602836879,0.9485815602836879,0.9412795793163892,0.9411764705882353,0.8823599234776067,671,"all","DT#671","DT",671
556,540,24,19,0.9669565217391304,0.9660107334525939,0.9669565217391304,0.9669565217391304,0.9627705627705627,0.9622475856014048,0.9244817244755569,671,"all","RF#671","RF",671
368,545,19,207,0.9663120567375887,0.9509043927648578,0.9663120567375887,0.9663120567375887,0.8282674772036476,0.8015803336259877,0.6043850319978852,671,"all","NB#671","NB",671
545,530,34,30,0.9478260869565217,0.9464285714285714,0.9478260869565217,0.9478260869565217,0.9445407279029463,0.9438103599648815,0.8876026125731625,671,"all","MLP#671","MLP",671
530,524,40,45,0.9290780141843972,0.9298245614035088,0.9290780141843972,0.9290780141843972,0.925764192139738,0.9253731343283582,0.8507450031218444,672,"all","DT#672","DT",672
546,537,27,29,0.9521276595744681,0.9528795811518325,0.9521276595744681,0.9521276595744681,0.951219512195122,0.9508340649692713,0.9016622932925493,672,"all","RF#672","RF",672
519,498,66,56,0.9026086956521739,0.8989169675090253,0.9026086956521739,0.9026086956521739,0.8948275862068965,0.8928884986830553,0.7857206741815602,672,"all","NB#672","NB",672
530,530,34,45,0.9397163120567376,0.9397163120567376,0.9397163120567376,0.9397163120567376,0.9306409130816505,0.9306409130816505,0.861294763079968,672,"all","MLP#672","MLP",672
542,519,45,33,0.9426086956521739,0.9402173913043478,0.9426086956521739,0.9426086956521739,0.9328743545611015,0.9315188762071993,0.8629970946908714,673,"all","DT#673","DT",673
559,536,28,16,0.9721739130434782,0.9710144927536232,0.9721739130434782,0.9721739130434782,0.9621342512908777,0.961369622475856,0.9227163098256197,673,"all","RF#673","RF",673
454,534,30,121,0.9468085106382979,0.9380165289256198,0.9468085106382979,0.9468085106382979,0.8761279737489744,0.8674275680421423,0.7352390159497908,673,"all","NB#673","NB",673
535,539,25,40,0.9556737588652482,0.9553571428571429,0.9556737588652482,0.9556737588652482,0.9431321084864391,0.9429323968393327,0.8858831780382727,673,"all","MLP#673","MLP",673
523,527,37,52,0.9343971631205674,0.9339285714285714,0.9343971631205674,0.9343971631205674,0.9221347331583553,0.9218612818261633,0.8437477360831734,674,"all","DT#674","DT",674
546,532,32,29,0.9495652173913044,0.948306595365419,0.9495652173913044,0.9495652173913044,0.9470945359930616,0.9464442493415277,0.8928730570627246,674,"all","RF#674","RF",674
528,494,70,47,0.9182608695652174,0.9131238447319778,0.9182608695652174,0.9182608695652174,0.9002557544757033,0.897278314310799,0.7944572890751403,674,"all","NB#674","NB",674
543,536,28,32,0.950354609929078,0.9509632224168126,0.950354609929078,0.950354609929078,0.9476439790575917,0.9473222124670764,0.8946417449325054,674,"all","MLP#674","MLP",674
528,540,24,47,0.9574468085106383,0.9565217391304348,0.9574468085106383,0.9574468085106383,0.9383145091225022,0.9376646180860404,0.8753662231661101,675,"all","DT#675","DT",675
543,545,19,32,0.9663120567375887,0.9661921708185054,0.9663120567375887,0.9663120567375887,0.9553023663453111,0.9552238805970149,0.9104591494628843,675,"all","RF#675","RF",675
461,531,33,114,0.9414893617021277,0.9331983805668016,0.9414893617021277,0.9414893617021277,0.8784119106699751,0.8709394205443372,0.7422088989685769,675,"all","NB#675","NB",675
537,536,28,38,0.950354609929078,0.9504424778761061,0.950354609929078,0.950354609929078,0.9421052631578947,0.9420544337137841,0.8841177105332121,675,"all","MLP#675","MLP",675
540,528,36,35,0.9391304347826087,0.9378330373001776,0.9391304347826087,0.9391304347826087,0.9383145091225022,0.9376646180860404,0.8753154925538361,676,"all","DT#676","DT",676
554,537,27,21,0.9634782608695652,0.9623655913978495,0.9634782608695652,0.9634782608695652,0.9584775086505191,0.9578577699736611,0.9156990998158925,676,"all","RF#676","RF",676
506,521,43,69,0.9237588652482269,0.9216757741347905,0.9237588652482269,0.9237588652482269,0.9029462738301559,0.9016681299385426,0.8034046041985803,676,"all","NB#676","NB",676
542,534,30,33,0.9468085106382979,0.9475524475524476,0.9468085106382979,0.9468085106382979,0.945074106364429,0.9446883230904302,0.8893719560984408,676,"all","MLP#676","MLP",676
536,514,50,39,0.9321739130434783,0.9294755877034359,0.9321739130434783,0.9321739130434783,0.9233419465977606,0.9218612818261633,0.8436788238323832,677,"all","DT#677","DT",677
553,533,31,22,0.9617391304347827,0.9603603603603603,0.9617391304347827,0.9617391304347827,0.9542709232096636,0.9534679543459175,0.9069130194093764,677,"all","RF#677","RF",677
523,501,63,52,0.9095652173913044,0.9059674502712477,0.9095652173913044,0.9095652173913044,0.900947459086994,0.8990342405618964,0.798011963378922,677,"all","NB#677","NB",677
536,542,22,39,0.9609929078014184,0.9605734767025089,0.9609929078014184,0.9609929078014184,0.9467248908296944,0.9464442493415277,0.8929093832028077,677,"all","MLP#677","MLP",677
548,519,45,27,0.9530434782608695,0.9505494505494505,0.9530434782608695,0.9530434782608695,0.9383561643835616,0.9367866549604916,0.8735229070854191,678,"all","DT#678","DT",678
552,543,21,23,0.9627659574468085,0.9633507853403142,0.9627659574468085,0.9627659574468085,0.9616724738675958,0.961369622475856,0.9227346590155745,678,"all","RF#678","RF",678
512,503,61,63,0.8918439716312057,0.893542757417103,0.8918439716312057,0.8918439716312057,0.89198606271777,0.8911325724319579,0.7822522208620738,678,"all","NB#678","NB",678
536,546,18,39,0.9680851063829787,0.9675090252707581,0.9680851063829787,0.9680851063829787,0.9503916449086162,0.9499561018437226,0.8999385047878414,678,"all","MLP#678","MLP",678
532,527,37,43,0.9343971631205674,0.9349736379613357,0.9343971631205674,0.9343971631205674,0.9300699300699301,0.9297629499561019,0.8595270909836495,679,"all","DT#679","DT",679
549,546,18,26,0.9680851063829787,0.9682539682539683,0.9680851063829787,0.9680851063829787,0.9614711033274956,0.961369622475856,0.9227425202871025,679,"all","RF#679","RF",679
484,527,37,91,0.9343971631205674,0.9289827255278311,0.9343971631205674,0.9343971631205674,0.8917089678510999,0.887620719929763,0.7754261438029312,679,"all","NB#679","NB",679
535,537,27,40,0.9521276595744681,0.9519572953736655,0.9521276595744681,0.9521276595744681,0.9412795793163892,0.9411764705882353,0.882367902235554,679,"all","MLP#679","MLP",679
541,514,50,34,0.9408695652173913,0.9379562043795621,0.9408695652173913,0.9408695652173913,0.927958833619211,0.926251097453907,0.8524483979618276,680,"all","DT#680","DT",680
552,537,27,23,0.96,0.9589285714285715,0.96,0.96,0.9566724436741767,0.9561018437225637,0.9121895410727833,680,"all","RF#680","RF",680
537,493,71,38,0.9339130434782609,0.928436911487759,0.9339130434782609,0.9339130434782609,0.907861369399831,0.9043020193151887,0.8084789976505505,680,"all","NB#680","NB",680
552,539,25,23,0.96,0.9590747330960854,0.96,0.96,0.9583333333333334,0.9578577699736611,0.9157048188498531,680,"all","MLP#680","MLP",680
531,535,29,44,0.9485815602836879,0.9482142857142857,0.9485815602836879,0.9485815602836879,0.9361329833770778,0.935908691834943,0.8718380307199063,681,"all","DT#681","DT",681
546,547,17,29,0.9698581560283688,0.9698046181172292,0.9698581560283688,0.9698581560283688,0.9596491228070175,0.9596136962247586,0.9192362948027845,681,"all","RF#681","RF",681
507,518,46,68,0.9184397163120568,0.9168173598553345,0.9184397163120568,0.9184397163120568,0.9008695652173914,0.8999122036874452,0.7998804023167428,681,"all","NB#681","NB",681
546,541,23,29,0.9592198581560284,0.9595782073813708,0.9592198581560284,0.9592198581560284,0.9545454545454546,0.9543459174714662,0.9086926091393723,681,"all","MLP#681","MLP",681
533,519,45,42,0.9269565217391305,0.9251336898395722,0.9269565217391305,0.9269565217391305,0.9245446660884649,0.9236172080772608,0.8472123928599513,682,"all","DT#682","DT",682
557,535,29,18,0.9686956521739131,0.9674502712477396,0.9686956521739131,0.9686956521739131,0.9595176571920758,0.9587357330992098,0.9174483676418203,682,"all","RF#682","RF",682
503,513,51,72,0.9095744680851063,0.907942238267148,0.9095744680851063,0.9095744680851063,0.8929503916449086,0.8920105355575065,0.7840778261211315,682,"all","NB#682","NB",682
530,532,32,45,0.9432624113475178,0.9430604982206405,0.9432624113475178,0.9432624113475178,0.9325153374233129,0.932396839332748,0.8648108727184723,682,"all","MLP#682","MLP",682
531,517,47,44,0.9234782608695652,0.9215686274509803,0.9234782608695652,0.9234782608695652,0.9210754553339114,0.9201053555750659,0.8401876752902939,683,"all","DT#683","DT",683
548,542,22,27,0.9609929078014184,0.9614035087719298,0.9609929078014184,0.9609929078014184,0.9572052401746726,0.9569798068481123,0.9139588841525926,683,"all","RF#683","RF",683
435,545,19,140,0.9663120567375887,0.9581497797356828,0.9663120567375887,0.9663120567375887,0.8726981585268215,0.8604038630377524,0.7213534975251219,683,"all","NB#683","NB",683
539,539,25,36,0.9556737588652482,0.9556737588652482,0.9556737588652482,0.9556737588652482,0.9464442493415276,0.9464442493415277,0.8928984879478234,683,"all","MLP#683","MLP",683
525,536,28,50,0.950354609929078,0.9493670886075949,0.950354609929078,0.950354609929078,0.9321739130434782,0.9315188762071993,0.8630760647430346,684,"all","DT#684","DT",684
551,538,26,24,0.9582608695652174,0.9572953736654805,0.9582608695652174,0.9582608695652174,0.9565972222222223,0.9561018437225637,0.9121925196352636,684,"all","RF#684","RF",684
406,544,20,169,0.9645390070921985,0.9530516431924883,0.9645390070921985,0.9645390070921985,0.8519968676585747,0.8340649692712906,0.668935575995903,684,"all","NB#684","NB",684
535,544,20,40,0.9645390070921985,0.963963963963964,0.9645390070921985,0.9645390070921985,0.9477351916376308,0.9473222124670764,0.8946703245892543,684,"all","MLP#684","MLP",684
541,522,42,34,0.9408695652173913,0.9388489208633094,0.9408695652173913,0.9408695652173913,0.9343696027633852,0.9332748024582967,0.866519046679167,685,"all","DT#685","DT",685
550,535,29,25,0.9565217391304348,0.9553571428571429,0.9565217391304348,0.9565217391304348,0.953206239168111,0.9525899912203687,0.9051647043586057,685,"all","RF#685","RF",685
505,526,38,70,0.9326241134751773,0.9300184162062615,0.9326241134751773,0.9326241134751773,0.9068965517241379,0.9051799824407375,0.8104451484855583,685,"all","NB#685","NB",685
541,534,30,34,0.9468085106382979,0.9474605954465849,0.9468085106382979,0.9468085106382979,0.944153577661431,0.9438103599648815,0.8876178612613391,685,"all","MLP#685","MLP",685
535,526,38,40,0.9326241134751773,0.9336823734729494,0.9326241134751773,0.9326241134751773,0.9320557491289198,0.9315188762071993,0.8630296228003368,686,"all","DT#686","DT",686
554,541,23,21,0.9634782608695652,0.9626334519572953,0.9634782608695652,0.9634782608695652,0.9618055555555556,0.961369622475856,0.9227294172790319,686,"all","RF#686","RF",686
543,427,137,32,0.9443478260869566,0.9302832244008714,0.9443478260869566,0.9443478260869566,0.8653386454183268,0.8516242317822651,0.7026913482998555,686,"all","NB#686","NB",686
544,538,26,31,0.9539007092198581,0.9543859649122807,0.9539007092198581,0.9539007092198581,0.9502183406113536,0.9499561018437226,0.8999113550346487,686,"all","MLP#686","MLP",686
526,530,34,49,0.9397163120567376,0.9392857142857143,0.9397163120567376,0.9397163120567376,0.9273840769903762,0.9271290605794557,0.8542815965719482,687,"all","DT#687","DT",687
553,544,20,22,0.9645390070921985,0.9650959860383944,0.9645390070921985,0.9645390070921985,0.9634146341463415,0.9631255487269534,0.926246719969412,687,"all","RF#687","RF",687
491,522,42,84,0.925531914893617,0.9212007504690432,0.925531914893617,0.925531914893617,0.8923076923076922,0.8893766461808604,0.7788901522504785,687,"all","NB#687","NB",687
548,548,16,27,0.9716312056737588,0.9716312056737588,0.9716312056737588,0.9716312056737588,0.9622475856014047,0.9622475856014048,0.9245022128156788,687,"all","MLP#687","MLP",687
553,516,48,22,0.9617391304347827,0.9591078066914498,0.9617391304347827,0.9617391304347827,0.9404761904761905,0.9385425812115891,0.877019468961028,688,"all","DT#688","DT",688
559,532,32,16,0.9721739130434782,0.9708029197080292,0.9721739130434782,0.9721739130434782,0.9588336192109777,0.9578577699736611,0.91568479883533,688,"all","RF#688","RF",688
500,514,50,75,0.9113475177304965,0.9090909090909091,0.9113475177304965,0.9113475177304965,0.8915871639202083,0.8902546093064091,0.7805817761510305,688,"all","NB#688","NB",688
548,530,34,27,0.9530434782608695,0.9515260323159784,0.9530434782608695,0.9530434782608695,0.9472774416594643,0.9464442493415277,0.8928657888771871,688,"all","MLP#688","MLP",688
537,530,34,38,0.9397163120567376,0.9404553415061296,0.9397163120567376,0.9397163120567376,0.93717277486911,0.9367866549604916,0.8735700939190063,689,"all","DT#689","DT",689
549,540,24,26,0.9574468085106383,0.9581151832460733,0.9574468085106383,0.9574468085106383,0.9564459930313588,0.9561018437225637,0.912198476154062,689,"all","RF#689","RF",689
528,498,66,47,0.9182608695652174,0.9137614678899083,0.9182608695652174,0.9182608695652174,0.9033361847733106,0.9007901668129938,0.8014978616297882,689,"all","NB#689","NB",689
537,539,25,38,0.9556737588652482,0.9555160142348754,0.9556737588652482,0.9556737588652482,0.9447852760736196,0.9446883230904302,0.8893907140423865,689,"all","MLP#689","MLP",689
535,509,55,40,0.9304347826086956,0.9271402550091075,0.9304347826086956,0.9304347826086956,0.9184549356223176,0.9165935030728709,0.8331289951961259,690,"all","DT#690","DT",690
551,529,35,24,0.9582608695652174,0.9566003616636528,0.9582608695652174,0.9582608695652174,0.9491817398794143,0.9482001755926251,0.8963713551248383,690,"all","RF#690","RF",690
546,378,186,29,0.9495652173913044,0.9287469287469288,0.9495652173913044,0.9495652173913044,0.8355011476664117,0.8112379280070237,0.6214326459753304,690,"all","NB#690","NB",690
547,517,47,28,0.951304347826087,0.9486238532110092,0.951304347826087,0.951304347826087,0.9358426005132592,0.9341527655838455,0.8682507931171162,690,"all","MLP#690","MLP",690
540,517,47,35,0.9391304347826087,0.9365942028985508,0.9391304347826087,0.9391304347826087,0.9294320137693631,0.9280070237050044,0.8559713046750187,691,"all","DT#691","DT",691
553,539,25,22,0.9617391304347827,0.9607843137254902,0.9617391304347827,0.9617391304347827,0.9592367736339984,0.9587357330992098,0.9174595685565253,691,"all","RF#691","RF",691
518,516,48,57,0.9148936170212766,0.9151943462897526,0.9148936170212766,0.9148936170212766,0.9079754601226994,0.9078138718173837,0.8156386860469956,691,"all","NB#691","NB",691
544,541,23,31,0.9592198581560284,0.9594356261022927,0.9592198581560284,0.9592198581560284,0.9527145359019263,0.9525899912203687,0.9051840021705347,691,"all","MLP#691","MLP",691
543,527,37,32,0.9443478260869566,0.9427549194991055,0.9443478260869566,0.9443478260869566,0.9402597402597402,0.9394205443371378,0.8788195113677539,692,"all","DT#692","DT",692
551,533,31,24,0.9582608695652174,0.9569120287253142,0.9582608695652174,0.9582608695652174,0.9524632670700085,0.95171202809482,0.9034035801351687,692,"all","RF#692","RF",692
523,502,62,52,0.9095652173913044,0.9061371841155235,0.9095652173913044,0.9095652173913044,0.9017241379310346,0.8999122036874452,0.799771777513917,692,"all","NB#692","NB",692
551,528,36,24,0.9582608695652174,0.9565217391304348,0.9582608695652174,0.9582608695652174,0.9483648881239243,0.9473222124670764,0.8946131497622087,692,"all","MLP#692","MLP",692
546,518,46,29,0.9495652173913044,0.946983546617916,0.9495652173913044,0.9495652173913044,0.9357326478149101,0.9341527655838455,0.8682552632350061,693,"all","DT#693","DT",693
546,541,23,29,0.9592198581560284,0.9595782073813708,0.9592198581560284,0.9592198581560284,0.9545454545454546,0.9543459174714662,0.9086926091393723,693,"all","RF#693","RF",693
499,518,46,76,0.9184397163120568,0.9155963302752294,0.9184397163120568,0.9184397163120568,0.8946459412780655,0.8928884986830553,0.7858659639714606,693,"all","NB#693","NB",693
543,528,36,32,0.9443478260869566,0.9428571428571428,0.9443478260869566,0.9443478260869566,0.9410745233968806,0.9402985074626866,0.8805777758589853,693,"all","MLP#693","MLP",693
520,528,36,55,0.9361702127659575,0.935251798561151,0.9361702127659575,0.9361702127659575,0.9206625980819529,0.9201053555750659,0.8402472838693668,694,"all","DT#694","DT",694
552,541,23,23,0.96,0.96,0.96,0.96,0.96,0.9596136962247586,0.9192198581560284,694,"all","RF#694","RF",694
504,508,56,71,0.900709219858156,0.9,0.900709219858156,0.900709219858156,0.8888888888888888,0.8884986830553117,0.7770332863209328,694,"all","NB#694","NB",694
542,534,30,33,0.9468085106382979,0.9475524475524476,0.9468085106382979,0.9468085106382979,0.945074106364429,0.9446883230904302,0.8893719560984408,694,"all","MLP#694","MLP",694
533,525,39,42,0.9308510638297872,0.9318181818181818,0.9308510638297872,0.9308510638297872,0.9293809938971228,0.9288849868305531,0.8577639435551382,695,"all","DT#695","DT",695
546,540,24,29,0.9574468085106383,0.9578947368421052,0.9574468085106383,0.9574468085106383,0.9537117903930131,0.9534679543459175,0.9069351195936206,695,"all","RF#695","RF",695
517,515,49,58,0.9131205673758865,0.9134275618374559,0.9131205673758865,0.9131205673758865,0.9062226117440841,0.9060579455662863,0.8121270419717004,695,"all","NB#695","NB",695
539,517,47,36,0.9373913043478261,0.9349005424954792,0.9373913043478261,0.9373913043478261,0.9285099052540914,0.9271290605794557,0.8542173300908742,695,"all","MLP#695","MLP",695
533,528,36,42,0.9361702127659575,0.9367311072056239,0.9361702127659575,0.9361702127659575,0.9318181818181819,0.9315188762071993,0.8630389137090583,696,"all","DT#696","DT",696
550,537,27,25,0.9565217391304348,0.9555160142348754,0.9565217391304348,0.9565217391304348,0.954861111111111,0.9543459174714662,0.9086802204206742,696,"all","RF#696","RF",696
524,515,49,51,0.9131205673758865,0.9144851657940664,0.9131205673758865,0.9131205673758865,0.9128919860627177,0.9122036874451273,0.8243969523081239,696,"all","NB#696","NB",696
550,538,26,25,0.9565217391304348,0.955595026642984,0.9565217391304348,0.9565217391304348,0.9556907037358819,0.9552238805970149,0.9104378890175442,696,"all","MLP#696","MLP",696
549,522,42,26,0.9547826086956521,0.9525547445255474,0.9547826086956521,0.9547826086956521,0.941680960548885,0.9402985074626866,0.8805534650167175,697,"all","DT#697","DT",697
551,536,28,24,0.9582608695652174,0.9571428571428572,0.9582608695652174,0.9582608695652174,0.9549393414211439,0.9543459174714662,0.9086771227156947,697,"all","RF#697","RF",697
533,489,75,42,0.9269565217391305,0.9209039548022598,0.9269565217391305,0.9269565217391305,0.9010989010989011,0.897278314310799,0.7944224103221508,697,"all","NB#697","NB",697
541,536,28,34,0.950354609929078,0.9507908611599297,0.950354609929078,0.950354609929078,0.9458041958041958,0.9455662862159789,0.8911334955123283,697,"all","MLP#697","MLP",697
546,521,43,29,0.9495652173913044,0.9472727272727273,0.9495652173913044,0.9495652173913044,0.9381443298969072,0.9367866549604916,0.8735314891293955,698,"all","DT#698","DT",698
559,545,19,16,0.9721739130434782,0.9714795008912656,0.9721739130434782,0.9721739130434782,0.9696444058976583,0.9692712906057945,0.9385337212654976,698,"all","RF#698","RF",698
414,550,14,161,0.975177304964539,0.9672897196261683,0.975177304964539,0.975177304964539,0.8627450980392156,0.8463564530289728,0.6934484948870916,698,"all","NB#698","NB",698
552,538,26,23,0.96,0.9590017825311943,0.96,0.96,0.9575021682567215,0.9569798068481123,0.9139472097716966,698,"all","MLP#698","MLP",698
539,527,37,36,0.9373913043478261,0.9360568383658969,0.9373913043478261,0.9373913043478261,0.9365768896611643,0.935908691834943,0.8718032529074653,699,"all","DT#699","DT",699
556,535,29,19,0.9669565217391304,0.9657039711191335,0.9669565217391304,0.9669565217391304,0.9586206896551723,0.9578577699736611,0.9156933800058598,699,"all","RF#699","RF",699
527,501,63,48,0.9165217391304348,0.912568306010929,0.9165217391304348,0.9165217391304348,0.9047210300429185,0.9025460930640913,0.8050244049133682,699,"all","NB#699","NB",699
541,526,38,34,0.9408695652173913,0.9392857142857143,0.9408695652173913,0.9408695652173913,0.9376083188908144,0.9367866549604916,0.8735529391448078,699,"all","MLP#699","MLP",699
541,515,49,34,0.9408695652173913,0.9380692167577414,0.9408695652173913,0.9408695652173913,0.928755364806867,0.9271290605794557,0.8542074379081943,700,"all","DT#700","DT",700
553,537,27,22,0.9617391304347827,0.960644007155635,0.9617391304347827,0.9617391304347827,0.9575757575757575,0.9569798068481123,0.9139442906814484,700,"all","RF#700","RF",700
507,506,58,68,0.8971631205673759,0.8973451327433628,0.8971631205673759,0.8971631205673759,0.8894736842105263,0.8893766461808604,0.778770174654314,700,"all","NB#700","NB",700
541,529,35,34,0.9408695652173913,0.9396092362344582,0.9408695652173913,0.9408695652173913,0.9400521285838401,0.9394205443371378,0.8788277322002069,700,"all","MLP#700","MLP",700
542,522,42,33,0.9426086956521739,0.9405405405405406,0.9426086956521739,0.9426086956521739,0.9352890422778257,0.9341527655838455,0.8682731406736459,701,"all","DT#701","DT",701
551,539,25,24,0.9582608695652174,0.9573712255772646,0.9582608695652174,0.9582608695652174,0.9574283231972198,0.9569798068481123,0.913950128663915,701,"all","RF#701","RF",701
515,514,50,60,0.9113475177304965,0.911504424778761,0.9113475177304965,0.9113475177304965,0.9035087719298245,0.9034240561896401,0.8068628508886867,701,"all","NB#701","NB",701
541,535,29,34,0.9485815602836879,0.9491228070175438,0.9485815602836879,0.9485815602836879,0.9449781659388645,0.9446883230904302,0.8893757081961905,701,"all","MLP#701","MLP",701
537,518,46,38,0.9339130434782609,0.9316546762589928,0.9339130434782609,0.9339130434782609,0.927461139896373,0.926251097453907,0.8524684200138163,702,"all","DT#702","DT",702
552,535,29,23,0.96,0.9587813620071685,0.96,0.96,0.9550173010380623,0.9543459174714662,0.9086740248005503,702,"all","RF#702","RF",702
406,550,14,169,0.975177304964539,0.9666666666666667,0.975177304964539,0.975177304964539,0.857365549493375,0.839332748024583,0.6794780910495846,702,"all","NB#702","NB",702
551,530,34,24,0.9582608695652174,0.9566787003610109,0.9582608695652174,0.9582608695652174,0.95,0.9490781387181738,0.8981295008404139,702,"all","MLP#702","MLP",702
542,526,38,33,0.9426086956521739,0.9409660107334525,0.9426086956521739,0.9426086956521739,0.9385281385281385,0.9376646180860404,0.8753070334363845,703,"all","DT#703","DT",703
551,534,30,24,0.9582608695652174,0.956989247311828,0.9582608695652174,0.9582608695652174,0.953287197231834,0.9525899912203687,0.9051614872928789,703,"all","RF#703","RF",703
535,476,88,40,0.9304347826086956,0.9224806201550387,0.9304347826086956,0.9304347826086956,0.8931552587646077,0.887620719929763,0.7750373415299535,703,"all","NB#703","NB",703
547,533,31,28,0.951304347826087,0.9500891265597148,0.951304347826087,0.951304347826087,0.9488291413703382,0.9482001755926251,0.8963854158475533,703,"all","MLP#703","MLP",703
524,528,36,51,0.9361702127659575,0.9357142857142857,0.9361702127659575,0.9361702127659575,0.9238845144356955,0.9236172080772608,0.847259022912765,704,"all","DT#704","DT",704
549,548,16,26,0.9716312056737588,0.9716814159292035,0.9716312056737588,0.9716312056737588,0.9631578947368421,0.9631255487269534,0.9262567248847712,704,"all","RF#704","RF",704
490,529,35,85,0.9379432624113475,0.9333333333333333,0.9379432624113475,0.9379432624113475,0.8981324278438031,0.8946444249341527,0.7894477393514595,704,"all","NB#704","NB",704
546,546,18,29,0.9680851063829787,0.9680851063829787,0.9680851063829787,0.9680851063829787,0.9587357330992099,0.9587357330992098,0.9174791628450442,704,"all","MLP#704","MLP",704
541,525,39,34,0.9408695652173913,0.9391771019677997,0.9408695652173913,0.9408695652173913,0.9367965367965368,0.935908691834943,0.8717945555050152,705,"all","DT#705","DT",705
559,541,23,16,0.9721739130434782,0.9712746858168761,0.9721739130434782,0.9721739130434782,0.9662921348314606,0.9657594381035997,0.9315043568231196,705,"all","RF#705","RF",705
511,516,48,64,0.9148936170212766,0.9141323792486583,0.9148936170212766,0.9148936170212766,0.9020979020979021,0.9016681299385426,0.803371271440374,705,"all","NB#705","NB",705
550,542,22,25,0.9609929078014184,0.9615384615384616,0.9609929078014184,0.9609929078014184,0.959023539668701,0.9587357330992098,0.9174679672480431,705,"all","MLP#705","MLP",705
537,528,36,38,0.9361702127659575,0.93717277486911,0.9361702127659575,0.9361702127659575,0.9355400696864111,0.9350307287093942,0.8700537447080117,706,"all","DT#706","DT",706
556,538,26,19,0.9669565217391304,0.9658886894075404,0.9669565217391304,0.9669565217391304,0.9611063094209161,0.9604916593503073,0.9209665655651381,706,"all","RF#706","RF",706
530,504,60,45,0.9217391304347826,0.9180327868852459,0.9217391304347826,0.9217391304347826,0.9098712446351932,0.9078138718173837,0.8155636262694026,706,"all","NB#706","NB",706
541,537,27,34,0.9521276595744681,0.9524647887323944,0.9521276595744681,0.9521276595744681,0.9466316710411198,0.9464442493415277,0.8928912232127855,706,"all","MLP#706","MLP",706
538,533,31,37,0.9450354609929078,0.945518453427065,0.9450354609929078,0.9450354609929078,0.9405594405594405,0.9402985074626866,0.8805980273361022,707,"all","DT#707","DT",707
548,541,23,27,0.9592198581560284,0.9597197898423818,0.9592198581560284,0.9592198581560284,0.956369982547993,0.9561018437225637,0.9122014541104212,707,"all","RF#707","RF",707
512,502,62,63,0.8904347826086957,0.89198606271777,0.8904347826086957,0.8904347826086957,0.8912097476066144,0.8902546093064091,0.7804924677503156,707,"all","NB#707","NB",707
530,540,24,45,0.9574468085106383,0.9566787003610109,0.9574468085106383,0.9574468085106383,0.9399477806788513,0.9394205443371378,0.8788729268484397,707,"all","MLP#707","MLP",707
548,527,37,27,0.9530434782608695,0.9512635379061372,0.9530434782608695,0.9530434782608695,0.9448275862068966,0.9438103599648815,0.8875911733411465,708,"all","DT#708","DT",708
556,538,26,19,0.9669565217391304,0.9658886894075404,0.9669565217391304,0.9669565217391304,0.9611063094209161,0.9604916593503073,0.9209665655651381,708,"all","RF#708","RF",708
521,505,59,54,0.9060869565217391,0.9033989266547406,0.9060869565217391,0.9060869565217391,0.9021645021645022,0.9007901668129938,0.801544996877626,708,"all","NB#708","NB",708
536,539,25,39,0.9556737588652482,0.9554367201426025,0.9556737588652482,0.9556737588652482,0.9439579684763573,0.9438103599648815,0.8876369163041768,708,"all","MLP#708","MLP",708
540,525,39,35,0.9391304347826087,0.9375,0.9391304347826087,0.9391304347826087,0.9358752166377816,0.9350307287093942,0.8700405207877192,709,"all","DT#709","DT",709
543,540,24,32,0.9574468085106383,0.9576719576719577,0.9574468085106383,0.9574468085106383,0.9509632224168125,0.9508340649692713,0.9016722985472213,709,"all","RF#709","RF",709
520,498,66,55,0.9043478260869565,0.9005424954792043,0.9043478260869565,0.9043478260869565,0.8957795004306631,0.8937664618086041,0.7874734571204312,709,"all","NB#709","NB",709
537,538,26,38,0.9539007092198581,0.9538188277087034,0.9539007092198581,0.9539007092198581,0.943859649122807,0.9438103599648815,0.8876331058125698,709,"all","MLP#709","MLP",709
538,525,39,37,0.9356521739130435,0.9341637010676157,0.9356521739130435,0.9356521739130435,0.9340277777777778,0.9332748024582967,0.8665326298456006,710,"all","DT#710","DT",710
551,543,21,24,0.9627659574468085,0.9632867132867133,0.9627659574468085,0.9627659574468085,0.9607672188317351,0.9604916593503073,0.9209799686417436,710,"all","RF#710","RF",710
532,489,75,43,0.9252173913043479,0.9191729323308271,0.9252173913043479,0.9252173913043479,0.9001692047377328,0.8964003511852502,0.7926688551295182,710,"all","NB#710","NB",710
544,534,30,31,0.9468085106382979,0.9477351916376306,0.9468085106382979,0.9468085106382979,0.9469103568320278,0.9464442493415277,0.8928803242621541,710,"all","MLP#710","MLP",710
519,523,41,56,0.9273049645390071,0.9267857142857143,0.9273049645390071,0.9273049645390071,0.9151356080489939,0.9148375768217735,0.829702588764807,711,"all","DT#711","DT",711
551,542,22,24,0.9609929078014184,0.9616055846422339,0.9609929078014184,0.9609929078014184,0.9599303135888502,0.9596136962247586,0.919222598061737,711,"all","RF#711","RF",711
519,501,63,56,0.9026086956521739,0.8994614003590664,0.9026086956521739,0.9026086956521739,0.8971477960242007,0.8955223880597015,0.7910004733833651,711,"all","NB#711","NB",711
539,534,30,36,0.9468085106382979,0.9472759226713533,0.9468085106382979,0.9468085106382979,0.9423076923076924,0.9420544337137841,0.8841098500615109,711,"all","MLP#711","MLP",711
546,528,36,29,0.9495652173913044,0.947935368043088,0.9495652173913044,0.9495652173913044,0.9438202247191011,0.9429323968393327,0.8858405947051993,712,"all","DT#712","DT",712
553,546,18,22,0.9680851063829787,0.968476357267951,0.9680851063829787,0.9680851063829787,0.9650959860383944,0.9648814749780509,0.9297611632883368,712,"all","RF#712","RF",712
477,530,34,98,0.9397163120567376,0.9334637964774951,0.9397163120567376,0.9397163120567376,0.889261744966443,0.884108867427568,0.7684474452644677,712,"all","NB#712","NB",712
538,540,24,37,0.9574468085106383,0.9572953736654805,0.9574468085106383,0.9574468085106383,0.9465381244522348,0.9464442493415277,0.892902119945803,712,"all","MLP#712","MLP",712
534,513,51,41,0.928695652173913,0.9259927797833934,0.928695652173913,0.928695652173913,0.9206896551724137,0.9192273924495171,0.8384123116778979,713,"all","DT#713","DT",713
547,530,34,28,0.951304347826087,0.9498207885304659,0.951304347826087,0.951304347826087,0.9463667820069205,0.9455662862159789,0.8911113372621944,713,"all","RF#713","RF",713
522,500,64,53,0.9078260869565218,0.9041591320072333,0.9078260869565218,0.9078260869565218,0.8992248062015504,0.897278314310799,0.7944991279594251,713,"all","NB#713","NB",713
527,533,31,48,0.9450354609929078,0.9444444444444444,0.9450354609929078,0.9450354609929078,0.9310043668122271,0.9306409130816505,0.8613088733282263,713,"all","MLP#713","MLP",713
544,519,45,31,0.9460869565217391,0.9436363636363636,0.9460869565217391,0.9460869565217391,0.9347079037800686,0.9332748024582967,0.8665054607476952,714,"all","DT#714","DT",714
552,540,24,23,0.96,0.9591474245115453,0.96,0.96,0.9591659426585578,0.9587357330992098,0.9174623683102858,714,"all","RF#714","RF",714
497,529,35,78,0.9379432624113475,0.9342105263157895,0.9379432624113475,0.9379432624113475,0.9035012809564474,0.9007901668129938,0.8017064336368944,714,"all","NB#714","NB",714
548,533,31,27,0.9530434782608695,0.9517857142857142,0.9530434782608695,0.9530434782608695,0.9497400346620449,0.9490781387181738,0.8981398676444285,714,"all","MLP#714","MLP",714
528,529,35,47,0.9379432624113475,0.9378330373001776,0.9379432624113475,0.9379432624113475,0.9280701754385966,0.9280070237050044,0.8560299168223551,715,"all","DT#715","DT",715
551,540,24,24,0.9582608695652174,0.9582608695652174,0.9582608695652174,0.9582608695652174,0.9582608695652175,0.9578577699736611,0.9157076780758557,715,"all","RF#715","RF",715
477,531,33,98,0.9414893617021277,0.9352941176470588,0.9414893617021277,0.9414893617021277,0.8901927912824812,0.8849868305531168,0.7702055242832831,715,"all","NB#715","NB",715
539,535,29,36,0.9485815602836879,0.948943661971831,0.9485815602836879,0.9485815602836879,0.9431321084864392,0.9429323968393327,0.8858676968660828,715,"all","MLP#715","MLP",715
541,514,50,34,0.9408695652173913,0.9379562043795621,0.9408695652173913,0.9408695652173913,0.927958833619211,0.926251097453907,0.8524483979618276,716,"all","DT#716","DT",716
555,532,32,20,0.9652173913043478,0.9637681159420289,0.9652173913043478,0.9652173913043478,0.9552495697074009,0.9543459174714662,0.9086647297939143,716,"all","RF#716","RF",716
510,502,62,65,0.8900709219858156,0.8916083916083916,0.8900709219858156,0.8900709219858156,0.889276373147341,0.8884986830553117,0.7769879115000315,716,"all","NB#716","NB",716
546,526,38,29,0.9495652173913044,0.9477477477477477,0.9495652173913044,0.9495652173913044,0.9421915444348576,0.9411764705882353,0.8823240056684569,716,"all","MLP#716","MLP",716
542,523,41,33,0.9426086956521739,0.9406474820143885,0.9426086956521739,0.9426086956521739,0.9360967184801381,0.9350307287093942,0.8700317033455047,717,"all","DT#717","DT",717
552,535,29,23,0.96,0.9587813620071685,0.96,0.96,0.9550173010380623,0.9543459174714662,0.9086740248005503,717,"all","RF#717","RF",717
519,503,61,56,0.9026086956521739,0.8998211091234347,0.9026086956521739,0.9026086956521739,0.8987012987012986,0.897278314310799,0.7945200410148872,717,"all","NB#717","NB",717
548,528,36,27,0.9530434782608695,0.9513513513513514,0.9530434782608695,0.9530434782608695,0.9456427955133735,0.9446883230904302,0.8893494381658624,717,"all","MLP#717","MLP",717
537,515,49,38,0.9339130434782609,0.9312839059674503,0.9339130434782609,0.9339130434782609,0.9250645994832041,0.9236172080772608,0.8471916592518802,718,"all","DT#718","DT",718
558,533,31,17,0.9704347826086956,0.9690909090909091,0.9704347826086956,0.9704347826086956,0.9587628865979382,0.9578577699736611,0.9156876594195971,718,"all","RF#718","RF",718
555,400,164,20,0.9652173913043478,0.9523809523809523,0.9652173913043478,0.9652173913043478,0.857805255023184,0.8384547848990342,0.6760883811219506,718,"all","NB#718","NB",718
548,531,33,27,0.9530434782608695,0.9516129032258065,0.9530434782608695,0.9530434782608695,0.9480968858131488,0.9473222124670764,0.8946238747698655,718,"all","MLP#718","MLP",718
534,528,36,41,0.9361702127659575,0.9368421052631579,0.9361702127659575,0.9361702127659575,0.9327510917030567,0.932396839332748,0.8647925322397884,719,"all","DT#719","DT",719
550,540,24,25,0.9574468085106383,0.9581881533101045,0.9574468085106383,0.9574468085106383,0.9573542210617928,0.9569798068481123,0.9139530473581237,719,"all","RF#719","RF",719
513,520,44,62,0.9219858156028369,0.9210053859964094,0.9219858156028369,0.9219858156028369,0.9075043630017452,0.9069359086918349,0.8139112635982232,719,"all","NB#719","NB",719
551,538,26,24,0.9582608695652174,0.9572953736654805,0.9582608695652174,0.9582608695652174,0.9565972222222223,0.9561018437225637,0.9121925196352636,719,"all","MLP#719","MLP",719
533,526,38,42,0.9326241134751773,0.9334500875656743,0.9326241134751773,0.9326241134751773,0.9301919720767889,0.9297629499561019,0.8595223265766738,720,"all","DT#720","DT",720
541,546,18,34,0.9680851063829787,0.9677996422182469,0.9680851063829787,0.9680851063829787,0.9545454545454546,0.9543459174714662,0.9087080903116023,720,"all","RF#720","RF",720
519,496,68,56,0.9026086956521739,0.8985507246376812,0.9026086956521739,0.9026086956521739,0.8932874354561102,0.8911325724319579,0.7822005095085648,720,"all","NB#720","NB",720
534,544,20,41,0.9645390070921985,0.9638989169675091,0.9645390070921985,0.9645390070921985,0.946910356832028,0.9464442493415277,0.8929166454747076,720,"all","MLP#720","MLP",720
528,531,33,47,0.9414893617021277,0.9411764705882353,0.9414893617021277,0.9414893617021277,0.9299474605954466,0.9297629499561019,0.8595461453802211,721,"all","DT#721","DT",721
556,546,18,19,0.9680851063829787,0.9686411149825784,0.9680851063829787,0.9680851063829787,0.967798085291558,0.9675153643546971,0.9350257704540934,721,"all","RF#721","RF",721
513,505,59,62,0.8953900709219859,0.8968531468531469,0.8953900709219859,0.8953900709219859,0.894507410636443,0.8937664618086041,0.7875239156811326,721,"all","NB#721","NB",721
547,539,25,28,0.9556737588652482,0.9562937062937062,0.9556737588652482,0.9556737588652482,0.953792502179599,0.9534679543459175,0.9069319630669423,721,"all","MLP#721","MLP",721
544,521,43,31,0.9460869565217391,0.9438405797101449,0.9460869565217391,0.9460869565217391,0.9363166953528399,0.9350307287093942,0.8700228847067241,722,"all","DT#722","DT",722
556,529,35,19,0.9669565217391304,0.9653284671532847,0.9669565217391304,0.9669565217391304,0.9536878216123499,0.9525899912203687,0.9051453986897461,722,"all","RF#722","RF",722
528,497,67,47,0.9182608695652174,0.9136029411764706,0.9182608695652174,0.9182608695652174,0.9025641025641026,0.8999122036874452,0.7997378080755113,722,"all","NB#722","NB",722
553,523,41,22,0.9617391304347827,0.9596330275229358,0.9617391304347827,0.9617391304347827,0.9461077844311377,0.9446883230904302,0.8893306662183774,722,"all","MLP#722","MLP",722
511,525,39,64,0.9308510638297872,0.9290909090909091,0.9308510638297872,0.9308510638297872,0.9106678230702515,0.9095697980684812,0.8191993835484493,723,"all","DT#723","DT",723
546,536,28,29,0.950354609929078,0.9512195121951219,0.950354609929078,0.950354609929078,0.9503916449086163,0.9499561018437226,0.899904565294144,723,"all","RF#723","RF",723
526,492,72,49,0.9147826086956522,0.9094269870609981,0.9147826086956522,0.9147826086956522,0.896845694799659,0.8937664618086041,0.7874301878469401,723,"all","NB#723","NB",723
544,522,42,31,0.9460869565217391,0.9439421338155516,0.9460869565217391,0.9460869565217391,0.9371231696813093,0.935908691834943,0.8717815071883592,723,"all","MLP#723","MLP",723
543,520,44,32,0.9443478260869566,0.9420289855072463,0.9443478260869566,0.9443478260869566,0.9345955249569707,0.9332748024582967,0.8665099896987978,724,"all","DT#724","DT",724
556,533,31,19,0.9669565217391304,0.9655797101449275,0.9669565217391304,0.9669565217391304,0.9569707401032701,0.9561018437225637,0.9121776248018407,724,"all","RF#724","RF",724
529,482,82,46,0.92,0.9128787878787878,0.92,0.92,0.8920741989881956,0.887620719929763,0.7750831528346015,724,"all","NB#724","NB",724
549,527,37,26,0.9547826086956521,0.9529837251356239,0.9547826086956521,0.9547826086956521,0.945736434108527,0.9446883230904302,0.8893456842858442,724,"all","MLP#724","MLP",724
538,523,41,37,0.9356521739130435,0.9339285714285714,0.9356521739130435,0.9356521739130435,0.9324090121317158,0.9315188762071993,0.8630156840735419,725,"all","DT#725","DT",725
561,530,34,14,0.9756521739130435,0.9742647058823529,0.9756521739130435,0.9756521739130435,0.958974358974359,0.9578577699736611,0.9156790770844259,725,"all","RF#725","RF",725
548,450,114,27,0.9530434782608695,0.9433962264150944,0.9530434782608695,0.9530434782608695,0.8860145513338722,0.8762071992976295,0.7520254214127227,725,"all","NB#725","NB",725
554,522,42,21,0.9634782608695652,0.9613259668508287,0.9634782608695652,0.9634782608695652,0.9461998292058071,0.9446883230904302,0.8893269110645327,725,"all","MLP#725","MLP",725
530,526,38,45,0.9326241134751773,0.9330985915492958,0.9326241134751773,0.9326241134751773,0.9273840769903763,0.9271290605794557,0.8542618283059211,726,"all","DT#726","DT",726
544,537,27,31,0.9521276595744681,0.9527145359019265,0.9521276595744681,0.9521276595744681,0.9493891797556718,0.9490781387181738,0.8981536867680885,726,"all","RF#726","RF",726
512,520,44,63,0.9219858156028369,0.920863309352518,0.9219858156028369,0.9219858156028369,0.9067131647776808,0.9060579455662863,0.8121588942200247,726,"all","NB#726","NB",726
535,536,28,40,0.950354609929078,0.9502664298401421,0.950354609929078,0.950354609929078,0.9403508771929825,0.9402985074626866,0.8806101749258555,726,"all","MLP#726","MLP",726
528,517,47,47,0.9182608695652174,0.9182608695652174,0.9182608695652174,0.9182608695652174,0.9182608695652174,0.9174714661984197,0.8349275362318841,727,"all","DT#727","DT",727
554,542,22,21,0.9634782608695652,0.9626998223801065,0.9634782608695652,0.9634782608695652,0.9626411815812338,0.9622475856014048,0.9244868476030276,727,"all","RF#727","RF",727
491,527,37,84,0.9343971631205674,0.9299242424242424,0.9343971631205674,0.9343971631205674,0.8970212765957447,0.8937664618086041,0.7876823438609681,727,"all","NB#727","NB",727
539,531,33,36,0.9414893617021277,0.9423076923076923,0.9414893617021277,0.9414893617021277,0.939843068875327,0.9394205443371378,0.87883595191734,727,"all","MLP#727","MLP",727
536,521,43,39,0.9321739130434783,0.9303571428571429,0.9321739130434783,0.9321739130434783,0.9289428076256501,0.9280070237050044,0.8559908473593646,728,"all","DT#728","DT",728
560,544,20,15,0.9739130434782609,0.9731663685152058,0.9739130434782609,0.9739130434782609,0.9696969696969697,0.9692712906057945,0.9385316362010345,728,"all","RF#728","RF",728
513,520,44,62,0.9219858156028369,0.9210053859964094,0.9219858156028369,0.9219858156028369,0.9075043630017452,0.9069359086918349,0.8139112635982232,728,"all","NB#728","NB",728
544,535,29,31,0.9485815602836879,0.9493891797556719,0.9485815602836879,0.9485815602836879,0.9477351916376306,0.9473222124670764,0.8946381713848743,728,"all","MLP#728","MLP",728
536,523,41,39,0.9321739130434783,0.9306049822064056,0.9321739130434783,0.9321739130434783,0.9305555555555555,0.9297629499561019,0.8595080314164218,729,"all","DT#729","DT",729
557,542,22,18,0.9686956521739131,0.9678571428571429,0.9686956521739131,0.9686956521739131,0.9653379549393415,0.9648814749780509,0.9297516328582265,729,"all","RF#729","RF",729
516,519,45,59,0.9202127659574468,0.9197860962566845,0.9202127659574468,0.9202127659574468,0.9089316987740806,0.9086918349429324,0.8174099889942874,729,"all","NB#729","NB",729
550,527,37,25,0.9565217391304348,0.9547101449275363,0.9565217391304348,0.9565217391304348,0.9466437177280551,0.9455662862159789,0.8911002547542825,729,"all","MLP#729","MLP",729
531,521,43,44,0.9237588652482269,0.9250871080139372,0.9237588652482269,0.9237588652482269,0.9242819843342036,0.9236172080772608,0.8472227575542197,730,"all","DT#730","DT",730
549,540,24,26,0.9574468085106383,0.9581151832460733,0.9574468085106383,0.9574468085106383,0.9564459930313588,0.9561018437225637,0.912198476154062,730,"all","RF#730","RF",730
488,534,30,87,0.9468085106382979,0.9420849420849421,0.9468085106382979,0.9468085106382979,0.90126582278481,0.897278314310799,0.7947358936088611,730,"all","NB#730","NB",730
543,534,30,32,0.9468085106382979,0.9476439790575916,0.9468085106382979,0.9468085106382979,0.945993031358885,0.9455662862159789,0.8911261104310368,730,"all","MLP#730","MLP",730
535,530,34,40,0.9397163120567376,0.9402460456942003,0.9397163120567376,0.9397163120567376,0.9353146853146853,0.9350307287093942,0.8700625591598757,731,"all","DT#731","DT",731
558,549,15,17,0.973404255319149,0.9738219895287958,0.973404255319149,0.973404255319149,0.9721254355400697,0.9719051799824407,0.9438070247385997,731,"all","RF#731","RF",731
521,517,47,54,0.9166666666666666,0.9172535211267606,0.9166666666666666,0.9166666666666666,0.9116360454943132,0.9113257243195786,0.8226559597457594,731,"all","NB#731","NB",731
537,549,15,38,0.973404255319149,0.9728260869565217,0.973404255319149,0.973404255319149,0.9539530842745438,0.9534679543459175,0.9069635187014624,731,"all","MLP#731","MLP",731
531,524,40,44,0.9290780141843972,0.9299474605954466,0.9290780141843972,0.9290780141843972,0.9267015706806283,0.926251097453907,0.8524984429055076,732,"all","DT#732","DT",732
555,536,28,20,0.9652173913043478,0.9640287769784173,0.9652173913043478,0.9652173913043478,0.9585492227979274,0.9578577699736611,0.9156962400078951,732,"all","RF#732","RF",732
506,515,49,69,0.9131205673758865,0.9117117117117117,0.9131205673758865,0.9131205673758865,0.8972125435540069,0.8964003511852502,0.7928516383588667,732,"all","NB#732","NB",732
540,542,22,35,0.9609929078014184,0.9608540925266904,0.9609929078014184,0.9609929078014184,0.9500438212094654,0.9499561018437226,0.8999249317526355,732,"all","MLP#732","MLP",732
529,523,41,46,0.9273049645390071,0.9280701754385965,0.9273049645390071,0.9273049645390071,0.9240174672489084,0.9236172080772608,0.8472331208423585,733,"all","DT#733","DT",733
554,535,29,21,0.9634782608695652,0.9622302158273381,0.9634782608695652,0.9634782608695652,0.9568221070811744,0.9561018437225637,0.9121835833415574,733,"all","RF#733","RF",733
516,515,49,59,0.9131205673758865,0.9132743362831859,0.9131205673758865,0.9131205673758865,0.9052631578947369,0.9051799824407375,0.8103744354179834,733,"all","NB#733","NB",733
542,535,29,33,0.9485815602836879,0.9492119089316988,0.9485815602836879,0.9485815602836879,0.9458987783595112,0.9455662862159789,0.8911298030969222,733,"all","MLP#733","MLP",733
543,524,40,32,0.9443478260869566,0.9424460431654677,0.9443478260869566,0.9443478260869566,0.9378238341968913,0.9367866549604916,0.8735443600118424,734,"all","DT#734","DT",734
554,535,29,21,0.9634782608695652,0.9622302158273381,0.9634782608695652,0.9634782608695652,0.9568221070811744,0.9561018437225637,0.9121835833415574,734,"all","RF#734","RF",734
521,504,60,54,0.9060869565217391,0.9032258064516129,0.9060869565217391,0.9060869565217391,0.9013840830449827,0.8999122036874452,0.7997853620627446,734,"all","NB#734","NB",734
539,533,31,36,0.9450354609929078,0.9456140350877194,0.9450354609929078,0.9450354609929078,0.9414847161572053,0.9411764705882353,0.8823519436372185,734,"all","MLP#734","MLP",734
537,525,39,38,0.9339130434782609,0.9325044404973357,0.9339130434782609,0.9339130434782609,0.9331016507384883,0.932396839332748,0.8647787736147236,735,"all","DT#735","DT",735
550,543,21,25,0.9627659574468085,0.9632224168126094,0.9627659574468085,0.9627659574468085,0.9598603839441535,0.9596136962247586,0.9192253377815874,735,"all","RF#735","RF",735
531,485,79,44,0.9234782608695652,0.9168241965973535,0.9234782608695652,0.9234782608695652,0.8962025316455695,0.8920105355575065,0.7838726348510909,735,"all","NB#735","NB",735
548,541,23,27,0.9592198581560284,0.9597197898423818,0.9592198581560284,0.9592198581560284,0.956369982547993,0.9561018437225637,0.9122014541104212,735,"all","MLP#735","MLP",735
546,504,60,29,0.9495652173913044,0.9455909943714822,0.9495652173913044,0.9495652173913044,0.9246401354784082,0.9218612818261633,0.8436257730320752,736,"all","DT#736","DT",736
561,535,29,14,0.9756521739130435,0.9744990892531876,0.9756521739130435,0.9756521739130435,0.9630901287553648,0.9622475856014048,0.9244689136150886,736,"all","RF#736","RF",736
515,509,55,60,0.9024822695035462,0.9035087719298246,0.9024822695035462,0.9024822695035462,0.8995633187772927,0.8990342405618964,0.7980667689295542,736,"all","NB#736","NB",736
543,526,38,32,0.9443478260869566,0.942652329749104,0.9443478260869566,0.9443478260869566,0.9394463667820069,0.9385425812115891,0.8770611872315097,736,"all","MLP#736","MLP",736
529,524,40,46,0.9290780141843972,0.929701230228471,0.9290780141843972,0.9290780141843972,0.9248251748251748,0.9244951712028094,0.8489916228074231,737,"all","DT#737","DT",737
546,539,25,29,0.9556737588652482,0.9562171628721541,0.9556737588652482,0.9556737588652482,0.9528795811518325,0.9525899912203687,0.9051775704392547,737,"all","RF#737","RF",737
502,527,37,73,0.9343971631205674,0.9313543599257885,0.9343971631205674,0.9343971631205674,0.9054982817869415,0.9034240561896401,0.8069479626993079,737,"all","NB#737","NB",737
544,529,35,31,0.9460869565217391,0.9446428571428571,0.9460869565217391,0.9460869565217391,0.9428076256499134,0.9420544337137841,0.8840901942160739,737,"all","MLP#737","MLP",737
528,529,35,47,0.9379432624113475,0.9378330373001776,0.9379432624113475,0.9379432624113475,0.9280701754385966,0.9280070237050044,0.8560299168223551,738,"all","DT#738","DT",738
553,543,21,22,0.9627659574468085,0.9634146341463414,0.9627659574468085,0.9627659574468085,0.9625761531766753,0.9622475856014048,0.9244894089061086,738,"all","RF#738","RF",738
509,524,40,66,0.9290780141843972,0.9271402550091075,0.9290780141843972,0.9290780141843972,0.9081455805892549,0.9069359086918349,0.8139365004022278,738,"all","NB#738","NB",738
546,533,31,29,0.9495652173913044,0.9483985765124555,0.9495652173913044,0.9495652173913044,0.9479166666666667,0.9473222124670764,0.8946310235623163,738,"all","MLP#738","MLP",738
542,514,50,33,0.9426086956521739,0.9396709323583181,0.9426086956521739,0.9426086956521739,0.9288774635818338,0.9271290605794557,0.8542024913134068,739,"all","DT#739","DT",739
546,529,35,29,0.9495652173913044,0.9480286738351255,0.9495652173913044,0.9495652173913044,0.9446366782006921,0.9438103599648815,0.8875987997545233,739,"all","RF#739","RF",739
466,528,36,109,0.9361702127659575,0.9282868525896414,0.9361702127659575,0.9361702127659575,0.8792672772689425,0.8726953467954346,0.7456818031330315,739,"all","NB#739","NB",739
525,531,33,50,0.9414893617021277,0.9408602150537635,0.9414893617021277,0.9414893617021277,0.9275109170305676,0.9271290605794557,0.8542865378005415,739,"all","MLP#739","MLP",739
543,517,47,32,0.9443478260869566,0.941712204007286,0.9443478260869566,0.9443478260869566,0.9321888412017167,0.9306409130816505,0.8612335854788837,740,"all","DT#740","DT",740
556,532,32,19,0.9669565217391304,0.9655172413793104,0.9669565217391304,0.9669565217391304,0.9561478933791917,0.9552238805970149,0.9104196577413768,740,"all","RF#740","RF",740
536,485,79,39,0.9321739130434783,0.9255725190839694,0.9321739130434783,0.9321739130434783,0.9008403361344538,0.8964003511852502,0.7926407059985188,740,"all","NB#740","NB",740
547,533,31,28,0.951304347826087,0.9500891265597148,0.951304347826087,0.951304347826087,0.9488291413703382,0.9482001755926251,0.8963854158475533,740,"all","MLP#740","MLP",740
532,518,46,43,0.9252173913043479,0.9233511586452763,0.9252173913043479,0.9252173913043479,0.9228100607111883,0.9218612818261633,0.8437000340751226,741,"all","DT#741","DT",741
550,543,21,25,0.9627659574468085,0.9632224168126094,0.9627659574468085,0.9627659574468085,0.9598603839441535,0.9596136962247586,0.9192253377815874,741,"all","RF#741","RF",741
518,495,69,57,0.9008695652173913,0.8967391304347826,0.9008695652173913,0.9008695652173913,0.891566265060241,0.8893766461808604,0.7786876145006385,741,"all","NB#741","NB",741
531,537,27,44,0.9521276595744681,0.9516129032258065,0.9521276595744681,0.9521276595744681,0.9379912663755459,0.9376646180860404,0.8753535443835958,741,"all","MLP#741","MLP",741
530,522,42,45,0.925531914893617,0.9265734265734266,0.925531914893617,0.925531914893617,0.9241499564080208,0.9236172080772608,0.8472279393740374,742,"all","DT#742","DT",742
554,538,26,21,0.9634782608695652,0.962432915921288,0.9634782608695652,0.9634782608695652,0.9593073593073593,0.9587357330992098,0.9174567686128178,742,"all","RF#742","RF",742
552,379,185,23,0.96,0.9427860696517413,0.96,0.96,0.8414634146341463,0.8173836698858647,0.6337269525585248,742,"all","NB#742","NB",742
539,530,34,36,0.9397163120567376,0.9406631762652705,0.9397163120567376,0.9397163120567376,0.9390243902439025,0.9385425812115891,0.8770778666156867,742,"all","MLP#742","MLP",742
534,533,31,41,0.9450354609929078,0.9451327433628318,0.9450354609929078,0.9450354609929078,0.9368421052631579,0.9367866549604916,0.8735829569453221,743,"all","DT#743","DT",743
560,539,25,15,0.9739130434782609,0.9729241877256317,0.9739130434782609,0.9739130434782609,0.9655172413793104,0.9648814749780509,0.9297444833382164,743,"all","RF#743","RF",743
531,510,54,44,0.9234782608695652,0.9205776173285198,0.9234782608695652,0.9234782608695652,0.9155172413793103,0.9139596136962248,0.8278739841786305,743,"all","NB#743","NB",743
546,539,25,29,0.9556737588652482,0.9562171628721541,0.9556737588652482,0.9556737588652482,0.9528795811518325,0.9525899912203687,0.9051775704392547,743,"all","MLP#743","MLP",743
533,528,36,42,0.9361702127659575,0.9367311072056239,0.9361702127659575,0.9361702127659575,0.9318181818181819,0.9315188762071993,0.8630389137090583,744,"all","DT#744","DT",744
548,532,32,27,0.9530434782608695,0.9516994633273703,0.9530434782608695,0.9530434782608695,0.9489177489177489,0.9482001755926251,0.8963819010246012,744,"all","RF#744","RF",744
504,513,51,71,0.9095744680851063,0.9081081081081082,0.9095744680851063,0.9095744680851063,0.8937282229965157,0.8928884986830553,0.7858296599981505,744,"all","NB#744","NB",744
541,532,32,34,0.9432624113475178,0.944153577661431,0.9432624113475178,0.9432624113475178,0.9425087108013936,0.9420544337137841,0.8841019885233619,744,"all","MLP#744","MLP",744
536,528,36,39,0.9361702127659575,0.9370629370629371,0.9361702127659575,0.9361702127659575,0.9346120313862251,0.9341527655838455,0.8682999477362392,745,"all","DT#745","DT",745
555,537,27,20,0.9652173913043478,0.9640933572710951,0.9652173913043478,0.9652173913043478,0.9593777009507347,0.9587357330992098,0.9174539684791441,745,"all","RF#745","RF",745
517,516,48,58,0.9148936170212766,0.9150442477876106,0.9148936170212766,0.9148936170212766,0.9070175438596491,0.9069359086918349,0.8138860199472799,745,"all","NB#745","NB",745
540,522,42,35,0.9391304347826087,0.9371633752244165,0.9391304347826087,0.9391304347826087,0.9334485738980121,0.932396839332748,0.8647650121892361,745,"all","MLP#745","MLP",745
539,520,44,36,0.9373913043478261,0.935251798561151,0.9373913043478261,0.9373913043478261,0.9309153713298791,0.9297629499561019,0.8594937333464917,746,"all","DT#746","DT",746
558,544,20,17,0.9704347826086956,0.9696969696969697,0.9704347826086956,0.9704347826086956,0.9679098005203817,0.9675153643546971,0.9350213624806689,746,"all","RF#746","RF",746
506,526,38,69,0.9326241134751773,0.9301470588235294,0.9326241134751773,0.9326241134751773,0.9076790336496978,0.9060579455662863,0.8121971026641869,746,"all","NB#746","NB",746
547,541,23,28,0.9592198581560284,0.9596491228070175,0.9592198581560284,0.9592198581560284,0.9554585152838427,0.9552238805970149,0.9104470018731067,746,"all","MLP#746","MLP",746
539,524,40,36,0.9373913043478261,0.9357142857142857,0.9373913043478261,0.9373913043478261,0.9341421143847486,0.9332748024582967,0.8665281024306305,747,"all","DT#747","DT",747
559,542,22,16,0.9721739130434782,0.9713261648745519,0.9721739130434782,0.9721739130434782,0.9671280276816608,0.9666374012291484,0.9332617873542483,747,"all","RF#747","RF",747
531,500,64,44,0.9234782608695652,0.9191176470588235,0.9234782608695652,0.9234782608695652,0.9076923076923077,0.9051799824407375,0.8102779234399581,747,"all","NB#747","NB",747
545,524,40,30,0.9478260869565217,0.9458483754512635,0.9478260869565217,0.9478260869565217,0.939655172413793,0.9385425812115891,0.8770528458418787,747,"all","MLP#747","MLP",747
537,512,52,38,0.9339130434782609,0.9309090909090909,0.9339130434782609,0.9339130434782609,0.922680412371134,0.9209833187006146,0.8419143614117444,748,"all","DT#748","DT",748
553,538,26,22,0.9617391304347827,0.9607142857142857,0.9617391304347827,0.9617391304347827,0.9584055459272097,0.9578577699736611,0.915701959429872,748,"all","RF#748","RF",748
524,503,61,51,0.9113043478260869,0.907942238267148,0.9113043478260869,0.9113043478260869,0.9034482758620691,0.9016681299385426,0.8032845533470062,748,"all","NB#748","NB",748
535,526,38,40,0.9326241134751773,0.9336823734729494,0.9326241134751773,0.9326241134751773,0.9320557491289198,0.9315188762071993,0.8630296228003368,748,"all","MLP#748","MLP",748
537,528,36,38,0.9361702127659575,0.93717277486911,0.9361702127659575,0.9361702127659575,0.9355400696864111,0.9350307287093942,0.8700537447080117,749,"all","DT#749","DT",749
554,542,22,21,0.9634782608695652,0.9626998223801065,0.9634782608695652,0.9634782608695652,0.9626411815812338,0.9622475856014048,0.9244868476030276,749,"all","RF#749","RF",749
537,475,89,38,0.9339130434782609,0.9259259259259259,0.9339130434782609,0.9339130434782609,0.894254787676936,0.8884986830553117,0.7767834960550213,749,"all","NB#749","NB",749
541,533,31,34,0.9450354609929078,0.9458041958041958,0.9450354609929078,0.9450354609929078,0.9433304272013949,0.9429323968393327,0.8858599547047405,749,"all","MLP#749","MLP",749
532,523,41,43,0.9273049645390071,0.9284467713787086,0.9273049645390071,0.9273049645390071,0.926829268292683,0.926251097453907,0.8524934399388243,750,"all","DT#750","DT",750
550,531,33,25,0.9565217391304348,0.9550359712230215,0.9565217391304348,0.9565217391304348,0.9499136442141624,0.9490781387181738,0.8981329566762064,750,"all","RF#750","RF",750
466,539,25,109,0.9556737588652482,0.9490835030549898,0.9556737588652482,0.9556737588652482,0.8894389438943894,0.8823529411764706,0.7650186906103545,750,"all","NB#750","NB",750
548,519,45,27,0.9530434782608695,0.9505494505494505,0.9530434782608695,0.9530434782608695,0.9383561643835616,0.9367866549604916,0.8735229070854191,750,"all","MLP#750","MLP",750
546,533,31,29,0.9495652173913044,0.9483985765124555,0.9495652173913044,0.9495652173913044,0.9479166666666667,0.9473222124670764,0.8946310235623163,751,"all","DT#751","DT",751
550,545,19,25,0.9663120567375887,0.9666080843585237,0.9663120567375887,0.9663120567375887,0.9615384615384615,0.961369622475856,0.9227399000410073,751,"all","RF#751","RF",751
523,503,61,52,0.9095652173913044,0.9063063063063063,0.9095652173913044,0.9095652173913044,0.902502157031924,0.9007901668129938,0.801531531948293,751,"all","NB#751","NB",751
536,545,19,39,0.9663120567375887,0.9657657657657658,0.9663120567375887,0.9663120567375887,0.9494773519163763,0.9490781387181738,0.8981813137696125,751,"all","MLP#751","MLP",751
539,514,50,36,0.9373913043478261,0.9345454545454546,0.9373913043478261,0.9373913043478261,0.9261168384879724,0.9244951712028094,0.8489403897934445,752,"all","DT#752","DT",752
558,533,31,17,0.9704347826086956,0.9690909090909091,0.9704347826086956,0.9704347826086956,0.9587628865979382,0.9578577699736611,0.9156876594195971,752,"all","RF#752","RF",752
528,482,82,47,0.9182608695652174,0.9111531190926276,0.9182608695652174,0.9182608695652174,0.8911392405063291,0.8867427568042142,0.7733298365511443,752,"all","NB#752","NB",752
547,535,29,28,0.951304347826087,0.9502664298401421,0.951304347826087,0.951304347826087,0.9504778453518681,0.9499561018437226,0.8999011700784318,752,"all","MLP#752","MLP",752
525,517,47,50,0.9166666666666666,0.9178321678321678,0.9166666666666666,0.9166666666666666,0.9154315605928509,0.9148375768217735,0.8296679324055359,753,"all","DT#753","DT",753
555,532,32,20,0.9652173913043478,0.9637681159420289,0.9652173913043478,0.9652173913043478,0.9552495697074009,0.9543459174714662,0.9086647297939143,753,"all","RF#753","RF",753
517,509,55,58,0.9024822695035462,0.9038461538461539,0.9024822695035462,0.9024822695035462,0.9014821272885789,0.9007901668129938,0.8015719212559336,753,"all","NB#753","NB",753
548,528,36,27,0.9530434782608695,0.9513513513513514,0.9530434782608695,0.9530434782608695,0.9456427955133735,0.9446883230904302,0.8893494381658624,753,"all","MLP#753","MLP",753
536,530,34,39,0.9397163120567376,0.9403508771929825,0.9397163120567376,0.9397163120567376,0.9362445414847163,0.935908691834943,0.8718162967987606,754,"all","DT#754","DT",754
549,541,23,26,0.9592198581560284,0.9597902097902098,0.9592198581560284,0.9592198581560284,0.9572798605056669,0.9569798068481123,0.9139559658543428,754,"all","RF#754","RF",754
525,511,53,50,0.9130434782608695,0.910873440285205,0.9130434782608695,0.9130434782608695,0.9106678230702514,0.9095697980684812,0.8191135225813216,754,"all","NB#754","NB",754
557,527,37,18,0.9686956521739131,0.9669724770642202,0.9686956521739131,0.9686956521739131,0.9529512403763901,0.95171202809482,0.9033839149525518,754,"all","MLP#754","MLP",754
525,524,40,50,0.9290780141843972,0.9292035398230089,0.9290780141843972,0.9290780141843972,0.9210526315789473,0.9209833187006146,0.8419786961816527,755,"all","DT#755","DT",755
544,537,27,31,0.9521276595744681,0.9527145359019265,0.9521276595744681,0.9521276595744681,0.9493891797556718,0.9490781387181738,0.8981536867680885,755,"all","RF#755","RF",755
407,548,16,168,0.9716312056737588,0.9621749408983451,0.9716312056737588,0.9716312056737588,0.85625,0.8384547848990342,0.6777102504797992,755,"all","NB#755","NB",755
544,526,38,31,0.9460869565217391,0.9443447037701975,0.9460869565217391,0.9460869565217391,0.9403630077787382,0.9394205443371378,0.8788154005332116,755,"all","MLP#755","MLP",755
532,529,35,43,0.9379432624113475,0.9382716049382716,0.9379432624113475,0.9379432624113475,0.9316987740805605,0.9315188762071993,0.8630435586907726,756,"all","DT#756","DT",756
552,538,26,23,0.96,0.9590017825311943,0.96,0.96,0.9575021682567215,0.9569798068481123,0.9139472097716966,756,"all","RF#756","RF",756
528,487,77,47,0.9182608695652174,0.9119850187265918,0.9182608695652174,0.9182608695652174,0.8949152542372881,0.8911325724319579,0.7821339873818008,756,"all","NB#756","NB",756
542,536,28,33,0.950354609929078,0.9508771929824561,0.950354609929078,0.950354609929078,0.9467248908296942,0.9464442493415277,0.8928875904756767,756,"all","MLP#756","MLP",756
526,518,46,49,0.9184397163120568,0.9195804195804196,0.9184397163120568,0.9184397163120568,0.9171752397558849,0.9165935030728709,0.8331799337992362,757,"all","DT#757","DT",757
550,539,25,25,0.9565217391304348,0.9565217391304348,0.9565217391304348,0.9565217391304348,0.9565217391304348,0.9561018437225637,0.9121954979956831,757,"all","RF#757","RF",757
523,524,40,52,0.9290780141843972,0.9289520426287744,0.9290780141843972,0.9290780141843972,0.9192982456140351,0.9192273924495171,0.838472589605569,757,"all","NB#757","NB",757
537,542,22,38,0.9609929078014184,0.960644007155635,0.9609929078014184,0.9609929078014184,0.9475524475524476,0.9473222124670764,0.8946631811287717,757,"all","MLP#757","MLP",757
543,521,43,32,0.9443478260869566,0.9421338155515371,0.9443478260869566,0.9443478260869566,0.9354005167958656,0.9341527655838455,0.8682686717688622,758,"all","DT#758","DT",758
559,540,24,16,0.9721739130434782,0.9712230215827338,0.9721739130434782,0.9721739130434782,0.9654576856649396,0.9648814749780509,0.9297468666732457,758,"all","RF#758","RF",758
548,445,119,27,0.9530434782608695,0.9427966101694916,0.9530434782608695,0.9530434782608695,0.8824476650563606,0.8718173836698858,0.7432101891943642,758,"all","NB#758","NB",758
547,532,32,28,0.951304347826087,0.95,0.951304347826087,0.951304347826087,0.9480069324090121,0.9473222124670764,0.8946274492873398,758,"all","MLP#758","MLP",758
520,516,48,55,0.9148936170212766,0.9154929577464789,0.9148936170212766,0.9148936170212766,0.9098862642169729,0.9095697980684812,0.8191441965724082,759,"all","DT#759","DT",759
554,542,22,21,0.9634782608695652,0.9626998223801065,0.9634782608695652,0.9634782608695652,0.9626411815812338,0.9622475856014048,0.9244868476030276,759,"all","RF#759","RF",759
526,506,58,49,0.9147826086956522,0.9117117117117117,0.9147826086956522,0.9147826086956522,0.907679033649698,0.9060579455662863,0.8120696806944014,759,"all","NB#759","NB",759
533,534,30,42,0.9468085106382979,0.9467140319715808,0.9468085106382979,0.9468085106382979,0.9368421052631578,0.9367866549604916,0.8735872440391409,759,"all","MLP#759","MLP",759
544,532,32,31,0.9460869565217391,0.9449378330373002,0.9460869565217391,0.9460869565217391,0.945264986967854,0.9446883230904302,0.8893644511393193,760,"all","DT#760","DT",760
553,541,23,22,0.9617391304347827,0.9609236234458259,0.9617391304347827,0.9617391304347827,0.9609035621198958,0.9604916593503073,0.9209746079566568,760,"all","RF#760","RF",760
522,518,46,53,0.9184397163120568,0.9190140845070423,0.9184397163120568,0.9184397163120568,0.9133858267716535,0.913081650570676,0.8261677229191108,760,"all","NB#760","NB",760
554,521,43,21,0.9634782608695652,0.9612546125461254,0.9634782608695652,0.9634782608695652,0.9453924914675768,0.9438103599648815,0.8875682878903323,760,"all","MLP#760","MLP",760
535,537,27,40,0.9521276595744681,0.9519572953736655,0.9521276595744681,0.9521276595744681,0.9412795793163892,0.9411764705882353,0.882367902235554,761,"all","DT#761","DT",761
551,543,21,24,0.9627659574468085,0.9632867132867133,0.9627659574468085,0.9627659574468085,0.9607672188317351,0.9604916593503073,0.9209799686417436,761,"all","RF#761","RF",761
526,490,74,49,0.9147826086956522,0.9090909090909091,0.9147826086956522,0.9147826086956522,0.8953191489361703,0.8920105355575065,0.7839093047468475,761,"all","NB#761","NB",761
543,536,28,32,0.950354609929078,0.9509632224168126,0.950354609929078,0.950354609929078,0.9476439790575917,0.9473222124670764,0.8946417449325054,761,"all","MLP#761","MLP",761
538,515,49,37,0.9356521739130435,0.9329710144927537,0.9356521739130435,0.9356521739130435,0.9259896729776248,0.9244951712028094,0.8489455146591658,762,"all","DT#762","DT",762
556,535,29,19,0.9669565217391304,0.9657039711191335,0.9669565217391304,0.9669565217391304,0.9586206896551723,0.9578577699736611,0.9156933800058598,762,"all","RF#762","RF",762
493,526,38,82,0.9326241134751773,0.928436911487759,0.9326241134751773,0.9326241134751773,0.8976109215017065,0.8946444249341527,0.7894263300281628,762,"all","NB#762","NB",762
535,534,30,40,0.9468085106382979,0.9469026548672567,0.9468085106382979,0.9468085106382979,0.9385964912280702,0.9385425812115891,0.8770945414746186,762,"all","MLP#762","MLP",762
531,520,44,44,0.9234782608695652,0.9234782608695652,0.9234782608695652,0.9234782608695652,0.9234782608695652,0.922739244951712,0.8454640764724021,763,"all","DT#763","DT",763
556,536,28,19,0.9669565217391304,0.9657657657657658,0.9669565217391304,0.9669565217391304,0.9594477998274374,0.9587357330992098,0.9174511681554847,763,"all","RF#763","RF",763
518,517,47,57,0.9166666666666666,0.9168141592920354,0.9166666666666666,0.9166666666666666,0.9087719298245613,0.9086918349429324,0.8173976044765765,763,"all","NB#763","NB",763
555,531,33,20,0.9652173913043478,0.9637023593466425,0.9652173913043478,0.9652173913043478,0.9544282029234736,0.9534679543459175,0.9069067031429995,763,"all","MLP#763","MLP",763
528,518,46,47,0.9184397163120568,0.9198606271777003,0.9184397163120568,0.9184397163120568,0.9190600522193212,0.9183494293239683,0.8366863960062347,764,"all","DT#764","DT",764
548,543,21,27,0.9627659574468085,0.9630931458699473,0.9627659574468085,0.9627659574468085,0.958041958041958,0.9578577699736611,0.9157162545901898,764,"all","RF#764","RF",764
525,489,75,50,0.9130434782608695,0.9072356215213359,0.9130434782608695,0.9130434782608695,0.8936170212765957,0.8902546093064091,0.7803956349053329,764,"all","NB#764","NB",764
537,536,28,38,0.950354609929078,0.9504424778761061,0.950354609929078,0.950354609929078,0.9421052631578947,0.9420544337137841,0.8841177105332121,764,"all","MLP#764","MLP",764
536,523,41,39,0.9321739130434783,0.9306049822064056,0.9321739130434783,0.9321739130434783,0.9305555555555555,0.9297629499561019,0.8595080314164218,765,"all","DT#765","DT",765
560,538,26,15,0.9739130434782609,0.972875226039783,0.9739130434782609,0.9739130434782609,0.9646856158484065,0.9640035118525022,0.9279868739003114,765,"all","RF#765","RF",765
533,491,73,42,0.9269565217391305,0.9212007504690432,0.9269565217391305,0.9269565217391305,0.9026248941574937,0.8990342405618964,0.7979434145920072,765,"all","NB#765","NB",765
539,535,29,36,0.9485815602836879,0.948943661971831,0.9485815602836879,0.9485815602836879,0.9431321084864392,0.9429323968393327,0.8858676968660828,765,"all","MLP#765","MLP",765
539,523,41,36,0.9373913043478261,0.9355992844364938,0.9373913043478261,0.9373913043478261,0.9333333333333333,0.932396839332748,0.8647695996422761,766,"all","DT#766","DT",766
555,538,26,20,0.9652173913043478,0.96415770609319,0.9652173913043478,0.9652173913043478,0.9602076124567475,0.9596136962247586,0.9192116373235636,766,"all","RF#766","RF",766
545,408,156,30,0.9478260869565217,0.9315068493150684,0.9478260869565217,0.9478260869565217,0.8542319749216302,0.8366988586479368,0.6726677729468151,766,"all","NB#766","NB",766
549,534,30,26,0.9547826086956521,0.9535714285714286,0.9547826086956521,0.9547826086956521,0.951473136915078,0.9508340649692713,0.9016522860015171,766,"all","MLP#766","MLP",766
534,516,48,41,0.928695652173913,0.926391382405745,0.928695652173913,0.928695652173913,0.923076923076923,0.9218612818261633,0.8436894296732731,767,"all","DT#767","DT",767
550,530,34,25,0.9565217391304348,0.954954954954955,0.9565217391304348,0.9565217391304348,0.9490940465918895,0.9482001755926251,0.8963748706632682,767,"all","RF#767","RF",767
444,546,18,131,0.9680851063829787,0.961038961038961,0.9680851063829787,0.9680851063829787,0.879935535858179,0.8691834942932397,0.7388430744041254,767,"all","NB#767","NB",767
537,529,35,38,0.9379432624113475,0.9388111888111889,0.9379432624113475,0.9379432624113475,0.9363557105492589,0.935908691834943,0.8718119491299395,767,"all","MLP#767","MLP",767
526,531,33,49,0.9414893617021277,0.9409660107334525,0.9414893617021277,0.9414893617021277,0.9283216783216783,0.9280070237050044,0.8560396808759881,768,"all","DT#768","DT",768
546,546,18,29,0.9680851063829787,0.9680851063829787,0.9680851063829787,0.9680851063829787,0.9587357330992099,0.9587357330992098,0.9174791628450442,768,"all","RF#768","RF",768
503,528,36,72,0.9361702127659575,0.9332096474953617,0.9361702127659575,0.9361702127659575,0.9072164948453608,0.9051799824407375,0.8104579997411386,768,"all","NB#768","NB",768
542,538,26,33,0.9539007092198581,0.954225352112676,0.9539007092198581,0.9539007092198581,0.9483814523184602,0.9482001755926251,0.8964029863861368,768,"all","MLP#768","MLP",768
538,520,44,37,0.9356521739130435,0.933572710951526,0.9356521739130435,0.9356521739130435,0.9299913569576491,0.9288849868305531,0.8577398180172484,769,"all","DT#769","DT",769
554,530,34,21,0.9634782608695652,0.9618874773139746,0.9634782608695652,0.9634782608695652,0.9527085124677559,0.95171202809482,0.9033937485446221,769,"all","RF#769","RF",769
465,536,28,110,0.950354609929078,0.9432048681541582,0.950354609929078,0.950354609929078,0.8859504132231405,0.8788410886742757,0.7579961262628906,769,"all","NB#769","NB",769
547,524,40,28,0.951304347826087,0.9492753623188406,0.951304347826087,0.951304347826087,0.9414802065404475,0.9402985074626866,0.8805615697305034,769,"all","MLP#769","MLP",769
545,525,39,30,0.9478260869565217,0.9459459459459459,0.9478260869565217,0.9478260869565217,0.9404659188955997,0.9394205443371378,0.8788112894197542,770,"all","DT#770","DT",770
558,536,28,17,0.9704347826086956,0.969258589511754,0.9704347826086956,0.9704347826086956,0.9612403100775193,0.9604916593503073,0.9209612030613175,770,"all","RF#770","RF",770
537,483,81,38,0.9339130434782609,0.927063339731286,0.9339130434782609,0.9339130434782609,0.9002514668901928,0.8955223880597015,0.7908727764774497,770,"all","NB#770","NB",770
550,528,36,25,0.9565217391304348,0.9547920433996383,0.9565217391304348,0.9565217391304348,0.9474590869939706,0.9464442493415277,0.8928585197053414,770,"all","MLP#770","MLP",770
533,516,48,42,0.9269565217391305,0.9247311827956989,0.9269565217391305,0.9269565217391305,0.9221453287197231,0.9209833187006146,0.8419358121547983,771,"all","DT#771","DT",771
555,539,25,20,0.9652173913043478,0.964221824686941,0.9652173913043478,0.9652173913043478,0.961038961038961,0.9604916593503073,0.9209692465441874,771,"all","RF#771","RF",771
537,489,75,38,0.9339130434782609,0.9278937381404174,0.9339130434782609,0.9339130434782609,0.9048020219039595,0.9007901668129938,0.8014372262582286,771,"all","NB#771","NB",771
551,535,29,24,0.9582608695652174,0.9570661896243292,0.9582608695652174,0.9582608695652174,0.9541125541125541,0.9534679543459175,0.9069193348187096,771,"all","MLP#771","MLP",771
545,522,42,30,0.9478260869565217,0.9456521739130435,0.9478260869565217,0.9478260869565217,0.9380378657487092,0.9367866549604916,0.8735357797146505,772,"all","DT#772","DT",772
558,536,28,17,0.9704347826086956,0.969258589511754,0.9704347826086956,0.9704347826086956,0.9612403100775193,0.9604916593503073,0.9209612030613175,772,"all","RF#772","RF",772
550,417,147,25,0.9565217391304348,0.9434389140271493,0.9565217391304348,0.9565217391304348,0.8647798742138365,0.848990342405619,0.6973262593896098,772,"all","NB#772","NB",772
542,529,35,33,0.9426086956521739,0.9412811387900356,0.9426086956521739,0.9426086956521739,0.9409722222222221,0.9402985074626866,0.8805818267039586,772,"all","MLP#772","MLP",772
528,531,33,47,0.9414893617021277,0.9411764705882353,0.9414893617021277,0.9414893617021277,0.9299474605954466,0.9297629499561019,0.8595461453802211,773,"all","DT#773","DT",773
554,546,18,21,0.9680851063829787,0.9685314685314685,0.9680851063829787,0.9680851063829787,0.965998256320837,0.9657594381035997,0.9315159728228444,773,"all","RF#773","RF",773
517,514,50,58,0.9113475177304965,0.9118165784832452,0.9113475177304965,0.9113475177304965,0.9054290718038529,0.9051799824407375,0.8103680043410699,773,"all","NB#773","NB",773
551,535,29,24,0.9582608695652174,0.9570661896243292,0.9582608695652174,0.9582608695652174,0.9541125541125541,0.9534679543459175,0.9069193348187096,773,"all","MLP#773","MLP",773
518,535,29,57,0.9485815602836879,0.946983546617916,0.9485815602836879,0.9485815602836879,0.92560553633218,0.9244951712028094,0.8490479389990568,774,"all","DT#774","DT",774
545,550,14,30,0.975177304964539,0.9749552772808586,0.975177304964539,0.975177304964539,0.9615384615384616,0.961369622475856,0.9227529994944326,774,"all","RF#774","RF",774
513,519,45,62,0.9202127659574468,0.9193548387096774,0.9202127659574468,0.9202127659574468,0.9065502183406114,0.9060579455662863,0.8121525246344332,774,"all","NB#774","NB",774
533,544,20,42,0.9645390070921985,0.9638336347197106,0.9645390070921985,0.9645390070921985,0.9460869565217391,0.9455662862159789,0.8911630258213864,774,"all","MLP#774","MLP",774
536,530,34,39,0.9397163120567376,0.9403508771929825,0.9397163120567376,0.9397163120567376,0.9362445414847163,0.935908691834943,0.8718162967987606,775,"all","DT#775","DT",775
550,539,25,25,0.9565217391304348,0.9565217391304348,0.9565217391304348,0.9565217391304348,0.9565217391304348,0.9561018437225637,0.9121954979956831,775,"all","RF#775","RF",775
525,496,68,50,0.9130434782608695,0.9084249084249084,0.9130434782608695,0.9130434782608695,0.8989726027397261,0.8964003511852502,0.7927180977233259,775,"all","NB#775","NB",775
544,541,23,31,0.9592198581560284,0.9594356261022927,0.9592198581560284,0.9592198581560284,0.9527145359019263,0.9525899912203687,0.9051840021705347,775,"all","MLP#775","MLP",775
529,536,28,46,0.950354609929078,0.9497307001795332,0.950354609929078,0.950354609929078,0.9354275741710296,0.9350307287093942,0.8700889953421558,776,"all","DT#776","DT",776
555,549,15,20,0.973404255319149,0.9736842105263158,0.973404255319149,0.973404255319149,0.9694323144104805,0.9692712906057945,0.9385420601089948,776,"all","RF#776","RF",776
516,512,52,59,0.9078014184397163,0.9084507042253521,0.9078014184397163,0.9078014184397163,0.9028871391076114,0.9025460930640913,0.8050971438790029,776,"all","NB#776","NB",776
538,539,25,37,0.9556737588652482,0.955595026642984,0.9556737588652482,0.9556737588652482,0.9456140350877192,0.9455662862159789,0.8911445712559269,776,"all","MLP#776","MLP",776
537,531,33,38,0.9414893617021277,0.9421052631578948,0.9414893617021277,0.9414893617021277,0.9379912663755459,0.9376646180860404,0.8753281790782466,777,"all","DT#777","DT",777
552,544,20,23,0.9645390070921985,0.965034965034965,0.9645390070921985,0.9645390070921985,0.9625108979947689,0.9622475856014048,0.9244919700354438,777,"all","RF#777","RF",777
518,520,44,57,0.9219858156028369,0.9217081850533808,0.9219858156028369,0.9219858156028369,0.9114811568799298,0.9113257243195786,0.822674001877477,777,"all","NB#777","NB",777
543,538,26,32,0.9539007092198581,0.9543057996485061,0.9539007092198581,0.9539007092198581,0.9493006993006994,0.9490781387181738,0.8981571409631458,777,"all","MLP#777","MLP",777
543,515,49,32,0.9443478260869566,0.9414990859232175,0.9443478260869566,0.9443478260869566,0.9305912596401028,0.9288849868305531,0.8577156842938065,778,"all","DT#778","DT",778
557,539,25,18,0.9686956521739131,0.9676840215439856,0.9686956521739131,0.9686956521739131,0.9628349178910978,0.9622475856014048,0.924479162651132,778,"all","RF#778","RF",778
525,497,67,50,0.9130434782608695,0.9085923217550275,0.9130434782608695,0.9130434782608695,0.8997429305912598,0.897278314310799,0.7944782106466095,778,"all","NB#778","NB",778
540,530,34,35,0.9397163120567376,0.9407665505226481,0.9397163120567376,0.9397163120567376,0.9399477806788512,0.9394205443371378,0.8788318421981742,778,"all","MLP#778","MLP",778
546,523,41,29,0.9495652173913044,0.947463768115942,0.9495652173913044,0.9495652173913044,0.9397590361445782,0.9385425812115891,0.8770486747225767,779,"all","DT#779","DT",779
552,534,30,23,0.96,0.9587073608617595,0.96,0.96,0.9541918755401901,0.9534679543459175,0.9069161772211626,779,"all","RF#779","RF",779
500,522,42,75,0.925531914893617,0.922509225092251,0.925531914893617,0.925531914893617,0.8992248062015503,0.897278314310799,0.7946523915847284,779,"all","NB#779","NB",779
540,531,33,35,0.9414893617021277,0.9424083769633508,0.9414893617021277,0.9414893617021277,0.940766550522648,0.9402985074626866,0.8805899275695244,779,"all","MLP#779","MLP",779
531,518,46,44,0.9234782608695652,0.9217081850533808,0.9234782608695652,0.9234782608695652,0.9218750000000001,0.9209833187006146,0.8419465353434744,780,"all","DT#780","DT",780
549,535,29,26,0.9547826086956521,0.9536541889483066,0.9547826086956521,0.9547826086956521,0.9522983521248916,0.95171202809482,0.9034101334172105,780,"all","RF#780","RF",780
546,385,179,29,0.9495652173913044,0.9299516908212561,0.9495652173913044,0.9495652173913044,0.8400000000000001,0.8173836698858647,0.633801684828812,780,"all","NB#780","NB",780
539,530,34,36,0.9397163120567376,0.9406631762652705,0.9397163120567376,0.9397163120567376,0.9390243902439025,0.9385425812115891,0.8770778666156867,780,"all","MLP#780","MLP",780
543,516,48,32,0.9443478260869566,0.9416058394160584,0.9443478260869566,0.9443478260869566,0.9313893653516295,0.9297629499561019,0.85947466472555,781,"all","DT#781","DT",781
560,531,33,15,0.9739130434782609,0.9725274725274725,0.9739130434782609,0.9739130434782609,0.958904109589041,0.9578577699736611,0.9156819380569462,781,"all","RF#781","RF",781
366,542,22,209,0.9609929078014184,0.9432989690721649,0.9609929078014184,0.9609929078014184,0.8243346007604564,0.797190517998244,0.595625652225366,781,"all","NB#781","NB",781
548,531,33,27,0.9530434782608695,0.9516129032258065,0.9530434782608695,0.9530434782608695,0.9480968858131488,0.9473222124670764,0.8946238747698655,781,"all","MLP#781","MLP",781
544,526,38,31,0.9460869565217391,0.9443447037701975,0.9460869565217391,0.9460869565217391,0.9403630077787382,0.9394205443371378,0.8788154005332116,782,"all","DT#782","DT",782
562,543,21,13,0.9773913043478261,0.9766187050359713,0.9773913043478261,0.9773913043478261,0.9706390328151987,0.9701492537313433,0.940284836672259,782,"all","RF#782","RF",782
545,435,129,30,0.9478260869565217,0.9354838709677419,0.9478260869565217,0.9478260869565217,0.8726981585268215,0.8604038630377524,0.7203120873622224,782,"all","NB#782","NB",782
558,530,34,17,0.9704347826086956,0.9689213893967094,0.9704347826086956,0.9704347826086956,0.9562982005141388,0.9552238805970149,0.9104135789998041,782,"all","MLP#782","MLP",782
539,533,31,36,0.9450354609929078,0.9456140350877194,0.9450354609929078,0.9450354609929078,0.9414847161572053,0.9411764705882353,0.8823519436372185,783,"all","DT#783","DT",783
553,546,18,22,0.9680851063829787,0.968476357267951,0.9680851063829787,0.9680851063829787,0.9650959860383944,0.9648814749780509,0.9297611632883368,783,"all","RF#783","RF",783
518,509,55,57,0.9024822695035462,0.9040139616055847,0.9024822695035462,0.9024822695035462,0.9024390243902439,0.9016681299385426,0.803324586585099,783,"all","NB#783","NB",783
549,529,35,26,0.9547826086956521,0.9531531531531532,0.9547826086956521,0.9547826086956521,0.9473684210526315,0.9464442493415277,0.8928621544145654,783,"all","MLP#783","MLP",783
520,530,34,55,0.9397163120567376,0.9386281588447654,0.9397163120567376,0.9397163120567376,0.9225413402959095,0.9218612818261633,0.84376363028277,784,"all","DT#784","DT",784
551,539,25,24,0.9582608695652174,0.9573712255772646,0.9582608695652174,0.9582608695652174,0.9574283231972198,0.9569798068481123,0.913950128663915,784,"all","RF#784","RF",784
547,420,144,28,0.951304347826087,0.9375,0.951304347826087,0.951304347826087,0.8641390205371248,0.848990342405619,0.6973571194641324,784,"all","NB#784","NB",784
544,537,27,31,0.9521276595744681,0.9527145359019265,0.9521276595744681,0.9521276595744681,0.9493891797556718,0.9490781387181738,0.8981536867680885,784,"all","MLP#784","MLP",784
525,525,39,50,0.9308510638297872,0.9308510638297872,0.9308510638297872,0.9308510638297872,0.9218612818261632,0.9218612818261633,0.8437371381533818,785,"all","DT#785","DT",785
553,538,26,22,0.9617391304347827,0.9607142857142857,0.9617391304347827,0.9617391304347827,0.9584055459272097,0.9578577699736611,0.915701959429872,785,"all","RF#785","RF",785
420,546,18,155,0.9680851063829787,0.958904109589041,0.9680851063829787,0.9680851063829787,0.8632411067193676,0.8481123792800702,0.6969006640445341,785,"all","NB#785","NB",785
537,540,24,38,0.9574468085106383,0.9572192513368984,0.9574468085106383,0.9574468085106383,0.9457092819614711,0.9455662862159789,0.8911482626696713,785,"all","MLP#785","MLP",785
533,529,35,42,0.9379432624113475,0.9383802816901409,0.9379432624113475,0.9379432624113475,0.9326334208223972,0.932396839332748,0.8647971178259749,786,"all","DT#786","DT",786
551,550,14,24,0.975177304964539,0.9752212389380531,0.975177304964539,0.975177304964539,0.9666666666666667,0.9666374012291484,0.9332798939433645,786,"all","RF#786","RF",786
537,471,93,38,0.9339130434782609,0.925343811394892,0.9339130434782609,0.9339130434782609,0.8912863070539419,0.8849868305531168,0.7697374208134322,786,"all","NB#786","NB",786
543,553,11,32,0.9804964539007093,0.98014440433213,0.9804964539007093,0.9804964539007093,0.9625761531766754,0.9622475856014048,0.9245150123838103,786,"all","MLP#786","MLP",786
541,526,38,34,0.9408695652173913,0.9392857142857143,0.9408695652173913,0.9408695652173913,0.9376083188908144,0.9367866549604916,0.8735529391448078,787,"all","DT#787","DT",787
558,541,23,17,0.9704347826086956,0.9695340501792115,0.9704347826086956,0.9704347826086956,0.9653979238754326,0.9648814749780509,0.9297492498465769,787,"all","RF#787","RF",787
515,518,46,60,0.9184397163120568,0.9180035650623886,0.9184397163120568,0.9184397163120568,0.9071803852889667,0.9069359086918349,0.813898642628793,787,"all","NB#787","NB",787
549,525,39,26,0.9547826086956521,0.9528130671506352,0.9547826086956521,0.9547826086956521,0.9441100601891659,0.9429323968393327,0.8858289755527351,787,"all","MLP#787","MLP",787
539,522,42,36,0.9373913043478261,0.9354838709677419,0.9373913043478261,0.9373913043478261,0.9325259515570935,0.9315188762071993,0.8630110372008253,788,"all","DT#788","DT",788
556,540,24,19,0.9669565217391304,0.9660107334525939,0.9669565217391304,0.9669565217391304,0.9627705627705627,0.9622475856014048,0.9244817244755569,788,"all","RF#788","RF",788
529,518,46,46,0.92,0.92,0.92,0.92,0.92,0.9192273924495171,0.8384397163120567,788,"all","NB#788","NB",788
546,537,27,29,0.9521276595744681,0.9528795811518325,0.9521276595744681,0.9521276595744681,0.951219512195122,0.9508340649692713,0.9016622932925493,788,"all","MLP#788","MLP",788
532,529,35,43,0.9379432624113475,0.9382716049382716,0.9379432624113475,0.9379432624113475,0.9316987740805605,0.9315188762071993,0.8630435586907726,789,"all","DT#789","DT",789
556,544,20,19,0.9669565217391304,0.9662522202486679,0.9669565217391304,0.9669565217391304,0.9661164205039096,0.9657594381035997,0.9315113268957691,789,"all","RF#789","RF",789
518,507,57,57,0.9008695652173913,0.9008695652173913,0.9008695652173913,0.9008695652173913,0.9008695652173913,0.8999122036874452,0.7998057354301573,789,"all","NB#789","NB",789
538,538,26,37,0.9539007092198581,0.9539007092198581,0.9539007092198581,0.9539007092198581,0.9446883230904302,0.9446883230904302,0.8893869629625061,789,"all","MLP#789","MLP",789
542,523,41,33,0.9426086956521739,0.9406474820143885,0.9426086956521739,0.9426086956521739,0.9360967184801381,0.9350307287093942,0.8700317033455047,790,"all","DT#790","DT",790
561,533,31,14,0.9756521739130435,0.9744058500914077,0.9756521739130435,0.9756521739130435,0.961439588688946,0.9604916593503073,0.9209531579410037,790,"all","RF#790","RF",790
544,438,126,31,0.9460869565217391,0.9339019189765458,0.9460869565217391,0.9460869565217391,0.8738955823293173,0.8621597892888498,0.7238489394723228,790,"all","NB#790","NB",790
532,539,25,43,0.9556737588652482,0.9551166965888689,0.9556737588652482,0.9556737588652482,0.9406631762652705,0.9402985074626866,0.8806223200441432,790,"all","MLP#790","MLP",790
533,522,42,42,0.9269565217391305,0.9269565217391305,0.9269565217391305,0.9269565217391305,0.9269565217391305,0.926251097453907,0.8524884366327475,791,"all","DT#791","DT",791
556,550,14,19,0.975177304964539,0.9754385964912281,0.975177304964539,0.975177304964539,0.97117903930131,0.971027216856892,0.9420539423884807,791,"all","RF#791","RF",791
502,522,42,73,0.925531914893617,0.9227941176470589,0.925531914893617,0.925531914893617,0.9007765314926661,0.8990342405618964,0.7981557645456213,791,"all","NB#791","NB",791
544,537,27,31,0.9521276595744681,0.9527145359019265,0.9521276595744681,0.9521276595744681,0.9493891797556718,0.9490781387181738,0.8981536867680885,791,"all","MLP#791","MLP",791
531,526,38,44,0.9326241134751773,0.9332161687170475,0.9326241134751773,0.9326241134751773,0.9283216783216784,0.9280070237050044,0.8560152682582408,792,"all","DT#792","DT",792
542,540,24,33,0.9574468085106383,0.9575971731448764,0.9574468085106383,0.9574468085106383,0.9500438212094653,0.9499561018437226,0.8999181438540834,792,"all","RF#792","RF",792
542,418,146,33,0.9426086956521739,0.926829268292683,0.9426086956521739,0.9426086956521739,0.8582739509105304,0.8428446005267779,0.6850563135951261,792,"all","NB#792","NB",792
537,533,31,38,0.9450354609929078,0.9454225352112676,0.9450354609929078,0.9450354609929078,0.9396325459317586,0.9394205443371378,0.8788441705193802,792,"all","MLP#792","MLP",792
532,540,24,43,0.9574468085106383,0.9568345323741008,0.9574468085106383,0.9574468085106383,0.941586748038361,0.9411764705882353,0.8823798683433798,793,"all","DT#793","DT",793
545,543,21,30,0.9627659574468085,0.9628975265017667,0.9627659574468085,0.9627659574468085,0.9553023663453111,0.9552238805970149,0.9104530760799693,793,"all","RF#793","RF",793
531,511,53,44,0.9234782608695652,0.9207207207207208,0.9234782608695652,0.9234782608695652,0.916307161345988,0.9148375768217735,0.8296332619379152,793,"all","NB#793","NB",793
535,540,24,40,0.9574468085106383,0.9570661896243292,0.9574468085106383,0.9574468085106383,0.9440559440559441,0.9438103599648815,0.8876407265373566,793,"all","MLP#793","MLP",793
548,522,42,27,0.9530434782608695,0.9508196721311475,0.9530434782608695,0.9530434782608695,0.940772532188841,0.9394205443371378,0.8787989544056073,794,"all","DT#794","DT",794
549,539,25,26,0.9556737588652482,0.9564459930313589,0.9556737588652482,0.9556737588652482,0.9556135770234987,0.9552238805970149,0.9104409268421287,794,"all","RF#794","RF",794
379,552,12,196,0.9787234042553191,0.969309462915601,0.9787234042553191,0.9787234042553191,0.8414634146341463,0.8173836698858647,0.6358695652173912,794,"all","NB#794","NB",794
540,539,25,35,0.9556737588652482,0.9557522123893806,0.9556737588652482,0.9556737588652482,0.9473684210526316,0.9473222124670764,0.8946524641211018,794,"all","MLP#794","MLP",794
530,523,41,45,0.9273049645390071,0.9281961471103327,0.9273049645390071,0.9273049645390071,0.9249563699825479,0.9244951712028094,0.8489865010699242,795,"all","DT#795","DT",795
550,539,25,25,0.9565217391304348,0.9565217391304348,0.9565217391304348,0.9565217391304348,0.9565217391304348,0.9561018437225637,0.9121954979956831,795,"all","RF#795","RF",795
491,533,31,84,0.9450354609929078,0.9406130268199234,0.9450354609929078,0.9450354609929078,0.9026248941574937,0.8990342405618964,0.7982310072814599,795,"all","NB#795","NB",795
551,531,33,24,0.9582608695652174,0.9567567567567568,0.9582608695652174,0.9582608695652174,0.9508196721311475,0.9499561018437226,0.8998875869119709,795,"all","MLP#795","MLP",795
535,531,33,40,0.9414893617021277,0.9419014084507042,0.9414893617021277,0.9414893617021277,0.9361329833770778,0.935908691834943,0.8718206441726777,796,"all","DT#796","DT",796
544,537,27,31,0.9521276595744681,0.9527145359019265,0.9521276595744681,0.9521276595744681,0.9493891797556718,0.9490781387181738,0.8981536867680885,796,"all","RF#796","RF",796
515,488,76,60,0.8956521739130435,0.8905109489051095,0.8956521739130435,0.8956521739130435,0.8833619210977702,0.8805970149253731,0.7611069300334349,796,"all","NB#796","NB",796
543,532,32,32,0.9443478260869566,0.9443478260869566,0.9443478260869566,0.9443478260869566,0.9443478260869566,0.9438103599648815,0.8876102374344743,796,"all","MLP#796","MLP",796
535,517,47,40,0.9304347826086956,0.9281867145421903,0.9304347826086956,0.9304347826086956,0.9248055315471045,0.9236172080772608,0.8472020267592669,797,"all","DT#797","DT",797
547,539,25,28,0.9556737588652482,0.9562937062937062,0.9556737588652482,0.9556737588652482,0.953792502179599,0.9534679543459175,0.9069319630669423,797,"all","RF#797","RF",797
418,548,16,157,0.9716312056737588,0.9631336405529954,0.9716312056737588,0.9716312056737588,0.8636721828211189,0.8481123792800702,0.6969211767727804,797,"all","NB#797","NB",797
530,537,27,45,0.9521276595744681,0.9515260323159784,0.9521276595744681,0.9521276595744681,0.93717277486911,0.9367866549604916,0.8736001035761515,797,"all","MLP#797","MLP",797
539,524,40,36,0.9373913043478261,0.9357142857142857,0.9373913043478261,0.9373913043478261,0.9341421143847486,0.9332748024582967,0.8665281024306305,798,"all","DT#798","DT",798
546,540,24,29,0.9574468085106383,0.9578947368421052,0.9574468085106383,0.9574468085106383,0.9537117903930131,0.9534679543459175,0.9069351195936206,798,"all","RF#798","RF",798
521,501,63,54,0.9060869565217391,0.9027027027027027,0.9060869565217391,0.9060869565217391,0.8990509059534081,0.897278314310799,0.7945060994508876,798,"all","NB#798","NB",798
544,532,32,31,0.9460869565217391,0.9449378330373002,0.9460869565217391,0.9460869565217391,0.945264986967854,0.9446883230904302,0.8893644511393193,798,"all","MLP#798","MLP",798
540,523,41,35,0.9391304347826087,0.9372759856630825,0.9391304347826087,0.9391304347826087,0.9342560553633218,0.9332748024582967,0.8665235747084964,799,"all","DT#799","DT",799
559,538,26,16,0.9721739130434782,0.9711191335740073,0.9721739130434782,0.9721739130434782,0.9637931034482758,0.9631255487269534,0.9262317075051273,799,"all","RF#799","RF",799
525,510,54,50,0.9130434782608695,0.9107142857142857,0.9130434782608695,0.9130434782608695,0.9098786828422876,0.9086918349429324,0.8173542454313891,799,"all","NB#799","NB",799
550,534,30,25,0.9565217391304348,0.9552772808586762,0.9565217391304348,0.9565217391304348,0.9523809523809523,0.95171202809482,0.9034068568873401,799,"all","MLP#799","MLP",799
527,518,46,48,0.9184397163120568,0.9197207678883071,0.9184397163120568,0.9184397163120568,0.9181184668989546,0.9174714661984197,0.8349331351696366,800,"all","DT#800","DT",800
556,538,26,19,0.9669565217391304,0.9658886894075404,0.9669565217391304,0.9669565217391304,0.9611063094209161,0.9604916593503073,0.9209665655651381,800,"all","RF#800","RF",800
500,520,44,75,0.9219858156028369,0.9191176470588235,0.9219858156028369,0.9219858156028369,0.89732528041415,0.8955223880597015,0.7911350954863385,800,"all","NB#800","NB",800
538,522,42,37,0.9356521739130435,0.9338103756708408,0.9356521739130435,0.9356521739130435,0.9316017316017315,0.9306409130816505,0.8612571217109066,800,"all","MLP#800","MLP",800
539,516,48,36,0.9373913043478261,0.9347826086956522,0.9373913043478261,0.9373913043478261,0.927710843373494,0.926251097453907,0.8524584096670924,801,"all","DT#801","DT",801
558,531,33,17,0.9704347826086956,0.968978102189781,0.9704347826086956,0.9704347826086956,0.9571183533447686,0.9561018437225637,0.9121716654534687,801,"all","RF#801","RF",801
523,507,57,52,0.9095652173913044,0.9069767441860465,0.9095652173913044,0.9095652173913044,0.9056277056277057,0.9043020193151887,0.8085699527403648,801,"all","NB#801","NB",801
548,526,38,27,0.9530434782608695,0.9511754068716094,0.9530434782608695,0.9530434782608695,0.9440137812230835,0.9429323968393327,0.8858328488663472,801,"all","MLP#801","MLP",801
526,526,38,49,0.9326241134751773,0.9326241134751773,0.9326241134751773,0.9326241134751773,0.9236172080772608,0.9236172080772608,0.8472486631386991,802,"all","DT#802","DT",802
552,543,21,23,0.9627659574468085,0.9633507853403142,0.9627659574468085,0.9627659574468085,0.9616724738675958,0.961369622475856,0.9227346590155745,802,"all","RF#802","RF",802
525,482,82,50,0.9130434782608695,0.9060150375939849,0.9130434782608695,0.9130434782608695,0.8883248730964466,0.884108867427568,0.768070244721156,802,"all","NB#802","NB",802
537,538,26,38,0.9539007092198581,0.9538188277087034,0.9539007092198581,0.9539007092198581,0.943859649122807,0.9438103599648815,0.8876331058125698,802,"all","MLP#802","MLP",802
518,534,30,57,0.9468085106382979,0.9452554744525548,0.9468085106382979,0.9468085106382979,0.9246753246753245,0.9236172080772608,0.8472900938053343,803,"all","DT#803","DT",803
549,546,18,26,0.9680851063829787,0.9682539682539683,0.9680851063829787,0.9680851063829787,0.9614711033274956,0.961369622475856,0.9227425202871025,803,"all","RF#803","RF",803
525,487,77,50,0.9130434782608695,0.9068901303538175,0.9130434782608695,0.9130434782608695,0.8920985556499575,0.8884986830553117,0.7768743936091611,803,"all","NB#803","NB",803
534,535,29,41,0.9485815602836879,0.9484902309058615,0.9485815602836879,0.9485815602836879,0.9385964912280701,0.9385425812115891,0.877098709482498,803,"all","MLP#803","MLP",803
541,527,37,34,0.9408695652173913,0.9393939393939394,0.9408695652173913,0.9408695652173913,0.9384215091066783,0.9376646180860404,0.875311263138581,804,"all","DT#804","DT",804
554,531,33,21,0.9634782608695652,0.9619565217391305,0.9634782608695652,0.9634782608695652,0.9535283993115319,0.9525899912203687,0.9051518347859878,804,"all","RF#804","RF",804
400,541,23,175,0.9592198581560284,0.9456264775413712,0.9592198581560284,0.9592198581560284,0.8453125,0.8261633011413521,0.6531882043206534,804,"all","NB#804","NB",804
540,523,41,35,0.9391304347826087,0.9372759856630825,0.9391304347826087,0.9391304347826087,0.9342560553633218,0.9332748024582967,0.8665235747084964,804,"all","MLP#804","MLP",804
537,526,38,38,0.9339130434782609,0.9339130434782609,0.9339130434782609,0.9339130434782609,0.9339130434782609,0.9332748024582967,0.8665371569534381,805,"all","DT#805","DT",805
551,542,22,24,0.9609929078014184,0.9616055846422339,0.9609929078014184,0.9609929078014184,0.9599303135888502,0.9596136962247586,0.919222598061737,805,"all","RF#805","RF",805
532,489,75,43,0.9252173913043479,0.9191729323308271,0.9252173913043479,0.9252173913043479,0.9001692047377328,0.8964003511852502,0.7926688551295182,805,"all","NB#805","NB",805
539,533,31,36,0.9450354609929078,0.9456140350877194,0.9450354609929078,0.9450354609929078,0.9414847161572053,0.9411764705882353,0.8823519436372185,805,"all","MLP#805","MLP",805
547,522,42,28,0.951304347826087,0.9490909090909091,0.951304347826087,0.951304347826087,0.9398625429553266,0.9385425812115891,0.8770445033202455,806,"all","DT#806","DT",806
557,530,34,18,0.9686956521739131,0.9671532846715328,0.9686956521739131,0.9686956521739131,0.9554030874785591,0.9543459174714662,0.9086585320716075,806,"all","RF#806","RF",806
504,522,42,71,0.925531914893617,0.9230769230769231,0.925531914893617,0.925531914893617,0.902333621434745,0.9007901668129938,0.8016593750529726,806,"all","NB#806","NB",806
553,522,42,22,0.9617391304347827,0.9595588235294118,0.9617391304347827,0.9617391304347827,0.9452991452991453,0.9438103599648815,0.8875721027792345,806,"all","MLP#806","MLP",806
537,513,51,38,0.9339130434782609,0.9310344827586207,0.9339130434782609,0.9339130434782609,0.9234737747205503,0.9218612818261633,0.8436735203722068,807,"all","DT#807","DT",807
552,533,31,23,0.96,0.9586330935251799,0.96,0.96,0.9533678756476682,0.9525899912203687,0.9051582700088817,807,"all","RF#807","RF",807
521,489,75,54,0.9060869565217391,0.9005524861878453,0.9060869565217391,0.9060869565217391,0.8898377455166524,0.8867427568042142,0.7733836750369003,807,"all","NB#807","NB",807
557,529,35,18,0.9686956521739131,0.9670932358318098,0.9686956521739131,0.9686956521739131,0.9545844044558698,0.9534679543459175,0.9069003860194043,807,"all","MLP#807","MLP",807
528,518,46,47,0.9184397163120568,0.9198606271777003,0.9184397163120568,0.9184397163120568,0.9190600522193212,0.9183494293239683,0.8366863960062347,808,"all","DT#808","DT",808
542,538,26,33,0.9539007092198581,0.954225352112676,0.9539007092198581,0.9539007092198581,0.9483814523184602,0.9482001755926251,0.8964029863861368,808,"all","RF#808","RF",808
505,509,55,70,0.9024822695035462,0.9017857142857143,0.9024822695035462,0.9024822695035462,0.8906386701662292,0.8902546093064091,0.7805445731505244,808,"all","NB#808","NB",808
528,542,22,47,0.9609929078014184,0.96,0.9609929078014184,0.9609929078014184,0.9401561144839549,0.9394205443371378,0.8788811404353689,808,"all","MLP#808","MLP",808
538,537,27,37,0.9521276595744681,0.952212389380531,0.9521276595744681,0.9521276595744681,0.943859649122807,0.9438103599648815,0.8876292950625086,809,"all","DT#809","DT",809
550,547,17,25,0.9698581560283688,0.9700176366843033,0.9698581560283688,0.9698581560283688,0.9632224168126096,0.9631255487269534,0.9262542239104159,809,"all","RF#809","RF",809
451,550,14,124,0.975177304964539,0.9698924731182795,0.975177304964539,0.975177304964539,0.8885298869143781,0.8788410886742757,0.7581108323971623,809,"all","NB#809","NB",809
541,538,26,34,0.9539007092198581,0.9541446208112875,0.9539007092198581,0.9539007092198581,0.9474605954465849,0.9473222124670764,0.8946488913005943,809,"all","MLP#809","MLP",809
533,526,38,42,0.9326241134751773,0.9334500875656743,0.9326241134751773,0.9326241134751773,0.9301919720767889,0.9297629499561019,0.8595223265766738,810,"all","DT#810","DT",810
551,537,27,24,0.9582608695652174,0.9572192513368984,0.9582608695652174,0.9582608695652174,0.9557675628794449,0.9552238805970149,0.9104348509868679,810,"all","RF#810","RF",810
511,520,44,64,0.9219858156028369,0.9207207207207208,0.9219858156028369,0.9219858156028369,0.9059233449477352,0.9051799824407375,0.8104065842606578,810,"all","NB#810","NB",810
531,526,38,44,0.9326241134751773,0.9332161687170475,0.9326241134751773,0.9326241134751773,0.9283216783216784,0.9280070237050044,0.8560152682582408,810,"all","MLP#810","MLP",810
535,517,47,40,0.9304347826086956,0.9281867145421903,0.9304347826086956,0.9304347826086956,0.9248055315471045,0.9236172080772608,0.8472020267592669,811,"all","DT#811","DT",811
549,537,27,26,0.9547826086956521,0.9538188277087034,0.9547826086956521,0.9547826086956521,0.9539530842745438,0.9534679543459175,0.9069256493711734,811,"all","RF#811","RF",811
517,513,51,58,0.9095744680851063,0.9102112676056338,0.9095744680851063,0.9095744680851063,0.9046369203849518,0.9043020193151887,0.8086089070523542,811,"all","NB#811","NB",811
547,536,28,28,0.951304347826087,0.951304347826087,0.951304347826087,0.951304347826087,0.951304347826087,0.9508340649692713,0.9016589577551649,811,"all","MLP#811","MLP",811
534,536,28,41,0.950354609929078,0.9501779359430605,0.950354609929078,0.950354609929078,0.939526730937774,0.9394205443371378,0.8788564963321377,812,"all","DT#812","DT",812
552,545,19,23,0.9663120567375887,0.9667250437828371,0.9663120567375887,0.9663120567375887,0.963350785340314,0.9631255487269534,0.9262492214527537,812,"all","RF#812","RF",812
523,510,54,52,0.9095652173913044,0.9074733096085409,0.9095652173913044,0.9095652173913044,0.9079861111111112,0.9069359086918349,0.8138481416267588,812,"all","NB#812","NB",812
543,538,26,32,0.9539007092198581,0.9543057996485061,0.9539007092198581,0.9539007092198581,0.9493006993006994,0.9490781387181738,0.8981571409631458,812,"all","MLP#812","MLP",812
533,524,40,42,0.9290780141843972,0.9301919720767888,0.9290780141843972,0.9290780141843972,0.9285714285714286,0.9280070237050044,0.8560055008926618,813,"all","DT#813","DT",813
554,534,30,21,0.9634782608695652,0.9621621621621622,0.9634782608695652,0.9634782608695652,0.9559965487489216,0.9552238805970149,0.9104257356580792,813,"all","RF#813","RF",813
553,408,156,22,0.9617391304347827,0.9488372093023256,0.9617391304347827,0.9617391304347827,0.8613707165109035,0.8437225636523266,0.6867039803685835,813,"all","NB#813","NB",813
546,533,31,29,0.9495652173913044,0.9483985765124555,0.9495652173913044,0.9495652173913044,0.9479166666666667,0.9473222124670764,0.8946310235623163,813,"all","MLP#813","MLP",813
547,531,33,28,0.951304347826087,0.9499105545617174,0.951304347826087,0.951304347826087,0.9471861471861474,0.9464442493415277,0.8928694230932319,814,"all","DT#814","DT",814
558,545,19,17,0.9704347826086956,0.9697508896797153,0.9704347826086956,0.9704347826086956,0.96875,0.9683933274802459,0.9367786141373898,814,"all","RF#814","RF",814
516,517,47,59,0.9166666666666666,0.91651865008881,0.9166666666666666,0.9166666666666666,0.9070175438596491,0.9069359086918349,0.8138923315020686,814,"all","NB#814","NB",814
544,540,24,31,0.9574468085106383,0.9577464788732394,0.9574468085106383,0.9574468085106383,0.9518810148731409,0.95171202809482,0.9034265127328394,814,"all","MLP#814","MLP",814
532,521,43,43,0.9252173913043479,0.9252173913043479,0.9252173913043479,0.9252173913043479,0.9252173913043479,0.9244951712028094,0.8489762565525747,815,"all","DT#815","DT",815
544,539,25,31,0.9556737588652482,0.9560632688927944,0.9556737588652482,0.9556737588652482,0.951048951048951,0.9508340649692713,0.9016689636885545,815,"all","RF#815","RF",815
432,550,14,143,0.975177304964539,0.968609865470852,0.975177304964539,0.975177304964539,0.8750994431185362,0.8621597892888498,0.7248957338170114,815,"all","NB#815","NB",815
547,525,39,28,0.951304347826087,0.9493670886075949,0.951304347826087,0.951304347826087,0.94229112833764,0.9411764705882353,0.8823200134468502,815,"all","MLP#815","MLP",815
541,526,38,34,0.9408695652173913,0.9392857142857143,0.9408695652173913,0.9408695652173913,0.9376083188908144,0.9367866549604916,0.8735529391448078,816,"all","DT#816","DT",816
552,540,24,23,0.96,0.9591474245115453,0.96,0.96,0.9591659426585578,0.9587357330992098,0.9174623683102858,816,"all","RF#816","RF",816
495,516,48,80,0.9148936170212766,0.9116022099447514,0.9148936170212766,0.9148936170212766,0.8896551724137931,0.887620719929763,0.7753423982051062,816,"all","NB#816","NB",816
530,546,18,45,0.9680851063829787,0.9671532846715328,0.9680851063829787,0.9680851063829787,0.9454545454545454,0.9446883230904302,0.8894169644797247,816,"all","MLP#816","MLP",816
530,530,34,45,0.9397163120567376,0.9397163120567376,0.9397163120567376,0.9397163120567376,0.9306409130816505,0.9306409130816505,0.861294763079968,817,"all","DT#817","DT",817
554,540,24,21,0.9634782608695652,0.9625668449197861,0.9634782608695652,0.9634782608695652,0.960971379011275,0.9604916593503073,0.9209719273413542,817,"all","RF#817","RF",817
544,381,183,31,0.9460869565217391,0.9247572815533981,0.9460869565217391,0.9460869565217391,0.8356374807987711,0.8121158911325724,0.6232254594019736,817,"all","NB#817","NB",817
533,534,30,42,0.9468085106382979,0.9467140319715808,0.9468085106382979,0.9468085106382979,0.9368421052631578,0.9367866549604916,0.8735872440391409,817,"all","MLP#817","MLP",817
534,531,33,41,0.9414893617021277,0.9417989417989417,0.9414893617021277,0.9414893617021277,0.9352014010507881,0.9350307287093942,0.8700669659373996,818,"all","DT#818","DT",818
558,544,20,17,0.9704347826086956,0.9696969696969697,0.9704347826086956,0.9704347826086956,0.9679098005203817,0.9675153643546971,0.9350213624806689,818,"all","RF#818","RF",818
516,512,52,59,0.9078014184397163,0.9084507042253521,0.9078014184397163,0.9078014184397163,0.9028871391076114,0.9025460930640913,0.8050971438790029,818,"all","NB#818","NB",818
546,534,30,29,0.9495652173913044,0.9484902309058615,0.9495652173913044,0.9495652173913044,0.94874022589053,0.9482001755926251,0.896388930432061,818,"all","MLP#818","MLP",818
534,526,38,41,0.9326241134751773,0.9335664335664335,0.9326241134751773,0.9326241134751773,0.9311246730601569,0.9306409130816505,0.8612759449488385,819,"all","DT#819","DT",819
557,539,25,18,0.9686956521739131,0.9676840215439856,0.9686956521739131,0.9686956521739131,0.9628349178910978,0.9622475856014048,0.924479162651132,819,"all","RF#819","RF",819
531,492,72,44,0.9234782608695652,0.917910447761194,0.9234782608695652,0.9234782608695652,0.9015280135823429,0.8981562774363476,0.7961967755270772,819,"all","NB#819","NB",819
551,532,32,24,0.9582608695652174,0.9568345323741008,0.9582608695652174,0.9582608695652174,0.9516407599309155,0.9508340649692713,0.9016456133425441,819,"all","MLP#819","MLP",819
537,529,35,38,0.9379432624113475,0.9388111888111889,0.9379432624113475,0.9379432624113475,0.9363557105492589,0.935908691834943,0.8718119491299395,820,"all","DT#820","DT",820
556,549,15,19,0.973404255319149,0.9737302977232924,0.973404255319149,0.973404255319149,0.9703315881326353,0.9701492537313433,0.9402969887950864,820,"all","RF#820","RF",820
529,508,56,46,0.92,0.9169675090252708,0.92,0.92,0.9120689655172415,0.9104477611940298,0.820848432512452,820,"all","NB#820","NB",820
545,540,24,30,0.9574468085106383,0.9578207381370826,0.9574468085106383,0.9574468085106383,0.9527972027972028,0.9525899912203687,0.9051807864139633,820,"all","MLP#820","MLP",820
540,518,46,35,0.9391304347826087,0.9367088607594937,0.9391304347826087,0.9391304347826087,0.9302325581395349,0.9288849868305531,0.8577301655103712,821,"all","DT#821","DT",821
556,539,25,19,0.9669565217391304,0.9659498207885304,0.9669565217391304,0.9669565217391304,0.9619377162629758,0.961369622475856,0.9227241748312347,821,"all","RF#821","RF",821
508,520,44,67,0.9219858156028369,0.9202898550724637,0.9219858156028369,0.9219858156028369,0.9035621198957429,0.9025460930640913,0.8051500108653269,821,"all","NB#821","NB",821
546,514,50,29,0.9495652173913044,0.9465930018416207,0.9495652173913044,0.9495652173913044,0.9325362937660119,0.9306409130816505,0.8612194599063187,821,"all","MLP#821","MLP",821
537,522,42,38,0.9339130434782609,0.9321428571428572,0.9339130434782609,0.9339130434782609,0.9306759098786829,0.9297629499561019,0.8595032657164532,822,"all","DT#822","DT",822
550,532,32,25,0.9565217391304348,0.9551166965888689,0.9565217391304348,0.9565217391304348,0.9507346585998271,0.9499561018437226,0.8998909830491749,822,"all","RF#822","RF",822
520,496,68,55,0.9043478260869565,0.9001814882032668,0.9043478260869565,0.9043478260869565,0.8942390369733448,0.8920105355575065,0.7839532921997912,822,"all","NB#822","NB",822
557,528,36,18,0.9686956521739131,0.967032967032967,0.9686956521739131,0.9686956521739131,0.9537671232876712,0.9525899912203687,0.9051421803140643,822,"all","MLP#822","MLP",822
536,526,38,39,0.9326241134751773,0.9337979094076655,0.9326241134751773,0.9326241134751773,0.9329852045256746,0.932396839332748,0.8647833601341943,823,"all","DT#823","DT",823
552,540,24,23,0.96,0.9591474245115453,0.96,0.96,0.9591659426585578,0.9587357330992098,0.9174623683102858,823,"all","RF#823","RF",823
496,527,37,79,0.9343971631205674,0.9305816135084428,0.9343971631205674,0.9343971631205674,0.9008547008547009,0.8981562774363476,0.7964385528655198,823,"all","NB#823","NB",823
535,538,26,40,0.9539007092198581,0.9536541889483066,0.9539007092198581,0.9539007092198581,0.9422066549912435,0.9420544337137841,0.8841255699386824,823,"all","MLP#823","MLP",823
541,508,56,34,0.9408695652173913,0.9372693726937269,0.9408695652173913,0.9408695652173913,0.9232081911262798,0.9209833187006146,0.8418929048457796,824,"all","DT#824","DT",824
551,521,43,24,0.9582608695652174,0.9559633027522936,0.9582608695652174,0.9582608695652174,0.9426860564585116,0.9411764705882353,0.8823040418512903,824,"all","RF#824","RF",824
522,487,77,53,0.9078260869565218,0.9018518518518519,0.9078260869565218,0.9078260869565218,0.8892674616695061,0.8858647936786654,0.771615335258261,824,"all","NB#824","NB",824
553,511,53,22,0.9617391304347827,0.9587242026266416,0.9617391304347827,0.9617391304347827,0.9364944961896698,0.9341527655838455,0.8682239660382657,824,"all","MLP#824","MLP",824
528,516,48,47,0.9182608695652174,0.9166666666666666,0.9182608695652174,0.9182608695652174,0.9174630755864466,0.9165935030728709,0.8331686167973863,825,"all","DT#825","DT",825
556,538,26,19,0.9669565217391304,0.9658886894075404,0.9669565217391304,0.9669565217391304,0.9611063094209161,0.9604916593503073,0.9209665655651381,825,"all","RF#825","RF",825
517,521,43,58,0.9237588652482269,0.9232142857142858,0.9237588652482269,0.9237588652482269,0.9116360454943132,0.9113257243195786,0.8226800151056237,825,"all","NB#825","NB",825
547,538,26,28,0.9539007092198581,0.9546247818499127,0.9539007092198581,0.9539007092198581,0.9529616724738676,0.9525899912203687,0.9051743542463868,825,"all","MLP#825","MLP",825
535,532,32,40,0.9432624113475178,0.9435626102292769,0.9432624113475178,0.9432624113475178,0.9369527145359019,0.9367866549604916,0.8735786695607132,826,"all","DT#826","DT",826
552,538,26,23,0.96,0.9590017825311943,0.96,0.96,0.9575021682567215,0.9569798068481123,0.9139472097716966,826,"all","RF#826","RF",826
504,519,45,71,0.9202127659574468,0.9180327868852459,0.9202127659574468,0.9202127659574468,0.8994800693240902,0.8981562774363476,0.7963833400628152,826,"all","NB#826","NB",826
549,537,27,26,0.9547826086956521,0.9538188277087034,0.9547826086956521,0.9547826086956521,0.9539530842745438,0.9534679543459175,0.9069256493711734,826,"all","MLP#826","MLP",826
542,516,48,33,0.9426086956521739,0.9398907103825137,0.9426086956521739,0.9426086956521739,0.9304721030042917,0.9288849868305531,0.857720511693539,827,"all","DT#827","DT",827
555,541,23,20,0.9652173913043478,0.964349376114082,0.9652173913043478,0.9652173913043478,0.9627059843885516,0.9622475856014048,0.9244842861261828,827,"all","RF#827","RF",827
533,510,54,42,0.9269565217391305,0.9239130434782609,0.9269565217391305,0.9269565217391305,0.9173838209982789,0.9157155399473222,0.8313810396195341,827,"all","NB#827","NB",827
552,528,36,23,0.96,0.9582577132486388,0.96,0.96,0.9492691315563199,0.9482001755926251,0.8963678393478675,827,"all","MLP#827","MLP",827
536,511,53,39,0.9321739130434783,0.9290909090909091,0.9321739130434783,0.9321739130434783,0.9209621993127147,0.9192273924495171,0.8384013472208942,828,"all","DT#828","DT",828
551,539,25,24,0.9582608695652174,0.9573712255772646,0.9582608695652174,0.9582608695652174,0.9574283231972198,0.9569798068481123,0.913950128663915,828,"all","RF#828","RF",828
526,507,57,49,0.9147826086956522,0.9118705035971223,0.9147826086956522,0.9147826086956522,0.9084628670120898,0.9069359086918349,0.8138291966841014,828,"all","NB#828","NB",828
550,524,40,25,0.9565217391304348,0.9544626593806922,0.9565217391304348,0.9565217391304348,0.944206008583691,0.9429323968393327,0.8858251019762967,828,"all","MLP#828","MLP",828
544,515,49,31,0.9460869565217391,0.9432234432234432,0.9460869565217391,0.9460869565217391,0.9315068493150686,0.9297629499561019,0.8594698967615769,829,"all","DT#829","DT",829
555,540,24,20,0.9652173913043478,0.9642857142857143,0.9652173913043478,0.9652173913043478,0.9618717504332756,0.961369622475856,0.9227267961440492,829,"all","RF#829","RF",829
546,387,177,29,0.9495652173913044,0.9302884615384616,0.9495652173913044,0.9495652173913044,0.8412942989214176,0.8191395961369623,0.6373351551535461,829,"all","NB#829","NB",829
548,526,38,27,0.9530434782608695,0.9511754068716094,0.9530434782608695,0.9530434782608695,0.9440137812230835,0.9429323968393327,0.8858328488663472,829,"all","MLP#829","MLP",829
534,528,36,41,0.9361702127659575,0.9368421052631579,0.9361702127659575,0.9361702127659575,0.9327510917030567,0.932396839332748,0.8647925322397884,830,"all","DT#830","DT",830
542,545,19,33,0.9663120567375887,0.966131907308378,0.9663120567375887,0.9663120567375887,0.9544658493870402,0.9543459174714662,0.9087049944971437,830,"all","RF#830","RF",830
516,485,79,59,0.8973913043478261,0.8915441176470589,0.8973913043478261,0.8973913043478261,0.882051282051282,0.8788410886742757,0.7575773466177241,830,"all","NB#830","NB",830
537,536,28,38,0.950354609929078,0.9504424778761061,0.950354609929078,0.950354609929078,0.9421052631578947,0.9420544337137841,0.8841177105332121,830,"all","MLP#830","MLP",830
539,519,45,36,0.9373913043478261,0.9351351351351351,0.9373913043478261,0.9373913043478261,0.9301121656600517,0.9288849868305531,0.8577349919275374,831,"all","DT#831","DT",831
556,537,27,19,0.9669565217391304,0.9658273381294964,0.9669565217391304,0.9669565217391304,0.9602763385146803,0.9596136962247586,0.9192088966742327,831,"all","RF#831","RF",831
437,538,26,138,0.9539007092198581,0.9438444924406048,0.9539007092198581,0.9539007092198581,0.8677419354838709,0.8560140474100087,0.7125472429797239,831,"all","NB#831","NB",831
547,529,35,28,0.951304347826087,0.9497307001795332,0.951304347826087,0.951304347826087,0.9455488331892826,0.9446883230904302,0.8893531917911931,831,"all","MLP#831","MLP",831
540,525,39,35,0.9391304347826087,0.9375,0.9391304347826087,0.9391304347826087,0.9358752166377816,0.9350307287093942,0.8700405207877192,832,"all","DT#832","DT",832
543,538,26,32,0.9539007092198581,0.9543057996485061,0.9539007092198581,0.9539007092198581,0.9493006993006994,0.9490781387181738,0.8981571409631458,832,"all","RF#832","RF",832
514,516,48,61,0.9148936170212766,0.9145907473309609,0.9148936170212766,0.9148936170212766,0.9044697633654689,0.9043020193151887,0.8086283782638116,832,"all","NB#832","NB",832
546,536,28,29,0.950354609929078,0.9512195121951219,0.950354609929078,0.950354609929078,0.9503916449086163,0.9499561018437226,0.899904565294144,832,"all","MLP#832","MLP",832
532,521,43,43,0.9252173913043479,0.9252173913043479,0.9252173913043479,0.9252173913043479,0.9252173913043479,0.9244951712028094,0.8489762565525747,833,"all","DT#833","DT",833
553,541,23,22,0.9617391304347827,0.9609236234458259,0.9617391304347827,0.9617391304347827,0.9609035621198958,0.9604916593503073,0.9209746079566568,833,"all","RF#833","RF",833
524,491,73,51,0.9113043478260869,0.9059040590405905,0.9113043478260869,0.9113043478260869,0.89419795221843,0.8911325724319579,0.7821635577875187,833,"all","NB#833","NB",833
539,533,31,36,0.9450354609929078,0.9456140350877194,0.9450354609929078,0.9450354609929078,0.9414847161572053,0.9411764705882353,0.8823519436372185,833,"all","MLP#833","MLP",833
540,527,37,35,0.9391304347826087,0.9377224199288257,0.9391304347826087,0.9391304347826087,0.9375,0.9367866549604916,0.8735572282747796,834,"all","DT#834","DT",834
550,544,20,25,0.9645390070921985,0.9649122807017544,0.9645390070921985,0.9645390070921985,0.9606986899563318,0.9604916593503073,0.9209826487115648,834,"all","RF#834","RF",834
496,529,35,79,0.9379432624113475,0.9340866290018832,0.9379432624113475,0.9379432624113475,0.9027303754266212,0.8999122036874452,0.7999550135267547,834,"all","NB#834","NB",834
551,536,28,24,0.9582608695652174,0.9571428571428572,0.9582608695652174,0.9582608695652174,0.9549393414211439,0.9543459174714662,0.9086771227156947,834,"all","MLP#834","MLP",834
545,514,50,30,0.9478260869565217,0.9448529411764706,0.9478260869565217,0.9478260869565217,0.9316239316239316,0.9297629499561019,0.859465128474043,835,"all","DT#835","DT",835
556,536,28,19,0.9669565217391304,0.9657657657657658,0.9669565217391304,0.9669565217391304,0.9594477998274374,0.9587357330992098,0.9174511681554847,835,"all","RF#835","RF",835
540,490,74,35,0.9391304347826087,0.9333333333333333,0.9391304347826087,0.9391304347826087,0.9083263246425568,0.9043020193151887,0.8084594960280542,835,"all","NB#835","NB",835
537,536,28,38,0.950354609929078,0.9504424778761061,0.950354609929078,0.950354609929078,0.9421052631578947,0.9420544337137841,0.8841177105332121,835,"all","MLP#835","MLP",835
529,522,42,46,0.925531914893617,0.9264448336252189,0.925531914893617,0.925531914893617,0.9232111692844677,0.922739244951712,0.8454745592343411,836,"all","DT#836","DT",836
556,536,28,19,0.9669565217391304,0.9657657657657658,0.9669565217391304,0.9669565217391304,0.9594477998274374,0.9587357330992098,0.9174511681554847,836,"all","RF#836","RF",836
519,501,63,56,0.9026086956521739,0.8994614003590664,0.9026086956521739,0.9026086956521739,0.8971477960242007,0.8955223880597015,0.7910004733833651,836,"all","NB#836","NB",836
550,527,37,25,0.9565217391304348,0.9547101449275363,0.9565217391304348,0.9565217391304348,0.9466437177280551,0.9455662862159789,0.8911002547542825,836,"all","MLP#836","MLP",836
537,520,44,38,0.9339130434782609,0.931899641577061,0.9339130434782609,0.9339130434782609,0.9290657439446367,0.9280070237050044,0.8559859621854831,837,"all","DT#837","DT",837
549,539,25,26,0.9556737588652482,0.9564459930313589,0.9556737588652482,0.9556737588652482,0.9556135770234987,0.9552238805970149,0.9104409268421287,837,"all","RF#837","RF",837
478,528,36,97,0.9361702127659575,0.9299610894941635,0.9361702127659575,0.9361702127659575,0.8881412952060554,0.8832309043020193,0.7666814011406641,837,"all","NB#837","NB",837
536,542,22,39,0.9609929078014184,0.9605734767025089,0.9609929078014184,0.9609929078014184,0.9467248908296944,0.9464442493415277,0.8929093832028077,837,"all","MLP#837","MLP",837
542,508,56,33,0.9426086956521739,0.9390018484288355,0.9426086956521739,0.9426086956521739,0.9241261722080136,0.9218612818261633,0.8436469976725427,838,"all","DT#838","DT",838
563,530,34,12,0.9791304347826087,0.977859778597786,0.9791304347826087,0.9791304347826087,0.9607508532423208,0.9596136962247586,0.9191897069211763,838,"all","RF#838","RF",838
529,504,60,46,0.92,0.9163636363636364,0.92,0.92,0.9089347079037802,0.9069359086918349,0.8138102478849434,838,"all","NB#838","NB",838
551,531,33,24,0.9582608695652174,0.9567567567567568,0.9582608695652174,0.9582608695652174,0.9508196721311475,0.9499561018437226,0.8998875869119709,838,"all","MLP#838","MLP",838
520,525,39,55,0.9308510638297872,0.9302325581395349,0.9308510638297872,0.9308510638297872,0.9178321678321679,0.9174714661984197,0.8349723171017425,839,"all","DT#839","DT",839
548,539,25,27,0.9556737588652482,0.956369982547993,0.9556737588652482,0.9556737588652482,0.9547038327526133,0.9543459174714662,0.9086864152002245,839,"all","RF#839","RF",839
523,492,72,52,0.9095652173913044,0.9044117647058824,0.9095652173913044,0.9095652173913044,0.8940170940170941,0.8911325724319579,0.7821709491347667,839,"all","NB#839","NB",839
541,532,32,34,0.9432624113475178,0.944153577661431,0.9432624113475178,0.9432624113475178,0.9425087108013936,0.9420544337137841,0.8841019885233619,839,"all","MLP#839","MLP",839
539,525,39,36,0.9373913043478261,0.9358288770053476,0.9373913043478261,0.9373913043478261,0.9349522983521249,0.9341527655838455,0.8682865455689236,840,"all","DT#840","DT",840
556,542,22,19,0.9669565217391304,0.966131907308378,0.9669565217391304,0.9669565217391304,0.9644405897658281,0.9640035118525022,0.9279966449110115,840,"all","RF#840","RF",840
393,546,18,182,0.9680851063829787,0.9562043795620438,0.9680851063829787,0.9680851063829787,0.8452012383900929,0.8244073748902546,0.6497561515611835,840,"all","NB#840","NB",840
553,539,25,22,0.9617391304347827,0.9607843137254902,0.9617391304347827,0.9617391304347827,0.9592367736339984,0.9587357330992098,0.9174595685565253,840,"all","MLP#840","MLP",840
539,526,38,36,0.9373913043478261,0.9359430604982206,0.9373913043478261,0.9373913043478261,0.9357638888888891,0.9350307287093942,0.87004492906019,841,"all","DT#841","DT",841
554,536,28,21,0.9634782608695652,0.9622980251346499,0.9634782608695652,0.9634782608695652,0.9576490924805532,0.9569798068481123,0.9139413713931502,841,"all","RF#841","RF",841
531,481,83,44,0.9234782608695652,0.9161904761904762,0.9234782608695652,0.9234782608695652,0.8931875525651808,0.8884986830553117,0.776828954087733,841,"all","NB#841","NB",841
551,540,24,24,0.9582608695652174,0.9582608695652174,0.9582608695652174,0.9582608695652174,0.9582608695652175,0.9578577699736611,0.9157076780758557,841,"all","MLP#841","MLP",841
528,527,37,47,0.9343971631205674,0.9345132743362832,0.9343971631205674,0.9343971631205674,0.9263157894736842,0.926251097453907,0.8525134497695427,842,"all","DT#842","DT",842
552,536,28,23,0.96,0.9588550983899821,0.96,0.96,0.9558441558441558,0.9552238805970149,0.910431812750079,842,"all","RF#842","RF",842
505,510,54,70,0.9042553191489362,0.9033989266547406,0.9042553191489362,0.9042553191489362,0.8916083916083916,0.8911325724319579,0.7823039076661282,842,"all","NB#842","NB",842
555,534,30,20,0.9652173913043478,0.9638989169675091,0.9652173913043478,0.9652173913043478,0.9568965517241379,0.9561018437225637,0.9121806041727707,842,"all","MLP#842","MLP",842
540,522,42,35,0.9391304347826087,0.9371633752244165,0.9391304347826087,0.9391304347826087,0.9334485738980121,0.932396839332748,0.8647650121892361,843,"all","DT#843","DT",843
555,529,35,20,0.9652173913043478,0.9635701275045537,0.9652173913043478,0.9652173913043478,0.9527896995708155,0.95171202809482,0.9033904709030204,843,"all","RF#843","RF",843
514,516,48,61,0.9148936170212766,0.9145907473309609,0.9148936170212766,0.9148936170212766,0.9044697633654689,0.9043020193151887,0.8086283782638116,843,"all","NB#843","NB",843
542,534,30,33,0.9468085106382979,0.9475524475524476,0.9468085106382979,0.9468085106382979,0.945074106364429,0.9446883230904302,0.8893719560984408,843,"all","MLP#843","MLP",843
522,522,42,53,0.925531914893617,0.925531914893617,0.925531914893617,0.925531914893617,0.9165935030728709,0.9165935030728709,0.8332025631974299,844,"all","DT#844","DT",844
545,542,22,30,0.9609929078014184,0.9611992945326279,0.9609929078014184,0.9609929078014184,0.9544658493870403,0.9543459174714662,0.9086957057938485,844,"all","RF#844","RF",844
511,509,55,64,0.9024822695035462,0.9028268551236749,0.9024822695035462,0.9024822695035462,0.8957055214723926,0.8955223880597015,0.7910571775199284,844,"all","NB#844","NB",844
545,538,26,30,0.9539007092198581,0.9544658493870403,0.9539007092198581,0.9539007092198581,0.9511343804537522,0.9508340649692713,0.9016656286036716,844,"all","MLP#844","MLP",844
533,524,40,42,0.9290780141843972,0.9301919720767888,0.9290780141843972,0.9290780141843972,0.9285714285714286,0.9280070237050044,0.8560055008926618,845,"all","DT#845","DT",845
560,536,28,15,0.9739130434782609,0.9727767695099818,0.9739130434782609,0.9739130434782609,0.9630266552020637,0.9622475856014048,0.9244714761348864,845,"all","RF#845","RF",845
510,516,48,65,0.9148936170212766,0.9139784946236559,0.9148936170212766,0.9148936170212766,0.9013100436681223,0.9007901668129938,0.801619021342906,845,"all","NB#845","NB",845
538,542,22,37,0.9609929078014184,0.9607142857142857,0.9609929078014184,0.9609929078014184,0.9483814523184602,0.9482001755926251,0.8964170385270476,845,"all","MLP#845","MLP",845
540,518,46,35,0.9391304347826087,0.9367088607594937,0.9391304347826087,0.9391304347826087,0.9302325581395349,0.9288849868305531,0.8577301655103712,846,"all","DT#846","DT",846
567,538,26,8,0.9860869565217392,0.9853479853479854,0.9860869565217392,0.9860869565217392,0.970890410958904,0.9701492537313433,0.9402747061236703,846,"all","RF#846","RF",846
541,505,59,34,0.9408695652173913,0.9369202226345084,0.9408695652173913,0.9408695652173913,0.9208510638297872,0.9183494293239683,0.8366143523695676,846,"all","NB#846","NB",846
555,520,44,20,0.9652173913043478,0.9629629629629629,0.9652173913043478,0.9652173913043478,0.9454855195911414,0.9438103599648815,0.8875644727425286,846,"all","MLP#846","MLP",846
538,531,33,37,0.9414893617021277,0.9422066549912435,0.9414893617021277,0.9414893617021277,0.9389179755671904,0.9385425812115891,0.8770820357545894,847,"all","DT#847","DT",847
548,541,23,27,0.9592198581560284,0.9597197898423818,0.9592198581560284,0.9592198581560284,0.956369982547993,0.9561018437225637,0.9122014541104212,847,"all","RF#847","RF",847
516,504,60,59,0.8973913043478261,0.8958333333333334,0.8973913043478261,0.8973913043478261,0.896611642050391,0.8955223880597015,0.7910217410409366,847,"all","NB#847","NB",847
531,536,28,44,0.950354609929078,0.9499105545617174,0.950354609929078,0.950354609929078,0.9370629370629371,0.9367866549604916,0.873595817354526,847,"all","MLP#847","MLP",847
525,534,30,50,0.9468085106382979,0.9459459459459459,0.9468085106382979,0.9468085106382979,0.9303135888501741,0.9297629499561019,0.8595604327856725,848,"all","DT#848","DT",848
556,546,18,19,0.9680851063829787,0.9686411149825784,0.9680851063829787,0.9680851063829787,0.967798085291558,0.9675153643546971,0.9350257704540934,848,"all","RF#848","RF",848
480,535,29,95,0.9485815602836879,0.9430255402750491,0.9485815602836879,0.9485815602836879,0.8961474036850922,0.8911325724319579,0.7824883032559916,848,"all","NB#848","NB",848
548,534,30,27,0.9530434782608695,0.9518716577540107,0.9530434782608695,0.9530434782608695,0.9505637467476149,0.9499561018437226,0.8998977746323819,848,"all","MLP#848","MLP",848
540,521,43,35,0.9391304347826087,0.9370503597122302,0.9391304347826087,0.9391304347826087,0.9326424870466322,0.9315188762071993,0.8630063900128294,849,"all","DT#849","DT",849
551,535,29,24,0.9582608695652174,0.9570661896243292,0.9582608695652174,0.9582608695652174,0.9541125541125541,0.9534679543459175,0.9069193348187096,849,"all","RF#849","RF",849
419,546,18,156,0.9680851063829787,0.9588100686498856,0.9680851063829787,0.9680851063829787,0.8625592417061613,0.8472344161545216,0.6951538028480984,849,"all","NB#849","NB",849
541,525,39,34,0.9408695652173913,0.9391771019677997,0.9408695652173913,0.9408695652173913,0.9367965367965368,0.935908691834943,0.8717945555050152,849,"all","MLP#849","MLP",849
531,509,55,44,0.9234782608695652,0.9204339963833634,0.9234782608695652,0.9234782608695652,0.9147286821705426,0.913081650570676,0.8261146467348981,850,"all","DT#850","DT",850
549,542,22,26,0.9609929078014184,0.9614711033274956,0.9609929078014184,0.9609929078014184,0.9581151832460733,0.9578577699736611,0.9157133959460043,850,"all","RF#850","RF",850
468,540,24,107,0.9574468085106383,0.9512195121951219,0.9574468085106383,0.9574468085106383,0.8918249380677127,0.8849868305531168,0.7702755757005634,850,"all","NB#850","NB",850
545,524,40,30,0.9478260869565217,0.9458483754512635,0.9478260869565217,0.9478260869565217,0.939655172413793,0.9385425812115891,0.8770528458418787,850,"all","MLP#850","MLP",850
524,523,41,51,0.9273049645390071,0.9274336283185841,0.9273049645390071,0.9273049645390071,0.9192982456140352,0.9192273924495171,0.8384671116523561,851,"all","DT#851","DT",851
546,548,16,29,0.9716312056737588,0.9715302491103203,0.9716312056737588,0.9716312056737588,0.9605609114811569,0.9604916593503073,0.9209933671731334,851,"all","RF#851","RF",851
501,529,35,74,0.9379432624113475,0.9347014925373134,0.9379432624113475,0.9379432624113475,0.9065981148243359,0.9043020193151887,0.8087127077526581,851,"all","NB#851","NB",851
541,529,35,34,0.9408695652173913,0.9396092362344582,0.9408695652173913,0.9408695652173913,0.9400521285838401,0.9394205443371378,0.8788277322002069,851,"all","MLP#851","MLP",851
540,537,27,35,0.9521276595744681,0.9523809523809523,0.9521276595744681,0.9521276595744681,0.9457092819614711,0.9455662862159789,0.8911371876772808,852,"all","DT#852","DT",852
551,544,20,24,0.9645390070921985,0.9649737302977233,0.9645390070921985,0.9645390070921985,0.9616055846422339,0.961369622475856,0.9227372796171706,852,"all","RF#852","RF",852
507,528,36,68,0.9361702127659575,0.9337016574585635,0.9361702127659575,0.9361702127659575,0.9103448275862069,0.9086918349429324,0.8174656985416486,852,"all","NB#852","NB",852
542,532,32,33,0.9432624113475178,0.9442508710801394,0.9432624113475178,0.9432624113475178,0.9434290687554394,0.9429323968393327,0.8858560832301641,852,"all","MLP#852","MLP",852
545,523,41,30,0.9478260869565217,0.945750452079566,0.9478260869565217,0.9478260869565217,0.9388458225667528,0.9376646180860404,0.8752943426078562,853,"all","DT#853","DT",853
559,539,25,16,0.9721739130434782,0.9711711711711711,0.9721739130434782,0.9721739130434782,0.9646246764452113,0.9640035118525022,0.9279893169015931,853,"all","RF#853","RF",853
450,536,28,125,0.950354609929078,0.9414225941422594,0.950354609929078,0.950354609929078,0.8751020408163265,0.8656716417910447,0.7317595014061049,853,"all","NB#853","NB",853
559,535,29,16,0.9721739130434782,0.9709618874773139,0.9721739130434782,0.9721739130434782,0.9613069647463456,0.9604916593503073,0.920958521536509,853,"all","MLP#853","MLP",853
546,518,46,29,0.9495652173913044,0.946983546617916,0.9495652173913044,0.9495652173913044,0.9357326478149101,0.9341527655838455,0.8682552632350061,854,"all","DT#854","DT",854
550,527,37,25,0.9565217391304348,0.9547101449275363,0.9565217391304348,0.9565217391304348,0.9466437177280551,0.9455662862159789,0.8911002547542825,854,"all","RF#854","RF",854
495,517,47,80,0.9166666666666666,0.9132841328413284,0.9166666666666666,0.9166666666666666,0.8906115417743324,0.8884986830553117,0.7771013139423975,854,"all","NB#854","NB",854
547,521,43,28,0.951304347826087,0.9489981785063752,0.951304347826087,0.951304347826087,0.9390557939914164,0.9376646180860404,0.8752858806202627,854,"all","MLP#854","MLP",854
549,510,54,26,0.9547826086956521,0.9514925373134329,0.9547826086956521,0.9547826086956521,0.932088285229202,0.9297629499561019,0.8594460520876396,855,"all","DT#855","DT",855
560,534,30,15,0.9739130434782609,0.9726775956284153,0.9739130434782609,0.9739130434782609,0.9613733905579399,0.9604916593503073,0.920955839829744,855,"all","RF#855","RF",855
557,417,147,18,0.9686956521739131,0.9586206896551724,0.9686956521739131,0.9686956521739131,0.870992963252541,0.8551360842844601,0.7096098309437391,855,"all","NB#855","NB",855
558,525,39,17,0.9704347826086956,0.9686346863468634,0.9704347826086956,0.9704347826086956,0.9522184300341296,0.9508340649692713,0.9016222519040406,855,"all","MLP#855","MLP",855
533,521,43,42,0.9269565217391305,0.9253996447602132,0.9269565217391305,0.9269565217391305,0.9261511728931364,0.9253731343283582,0.8507298150292404,856,"all","DT#856","DT",856
554,538,26,21,0.9634782608695652,0.962432915921288,0.9634782608695652,0.9634782608695652,0.9593073593073593,0.9587357330992098,0.9174567686128178,856,"all","RF#856","RF",856
528,508,56,47,0.9182608695652174,0.9153153153153153,0.9182608695652174,0.9182608695652174,0.9111302847282139,0.9095697980684812,0.819095113191807,856,"all","NB#856","NB",856
539,539,25,36,0.9556737588652482,0.9556737588652482,0.9556737588652482,0.9556737588652482,0.9464442493415276,0.9464442493415277,0.8928984879478234,856,"all","MLP#856","MLP",856
546,516,48,29,0.9495652173913044,0.9467889908256881,0.9495652173913044,0.9495652173913044,0.9341317365269463,0.932396839332748,0.8647374809335724,857,"all","DT#857","DT",857
558,534,30,17,0.9704347826086956,0.969147005444646,0.9704347826086956,0.9704347826086956,0.9595872742906276,0.9587357330992098,0.9174455669381315,857,"all","RF#857","RF",857
517,513,51,58,0.9095744680851063,0.9102112676056338,0.9095744680851063,0.9095744680851063,0.9046369203849518,0.9043020193151887,0.8086089070523542,857,"all","NB#857","NB",857
556,521,43,19,0.9669565217391304,0.9648148148148148,0.9669565217391304,0.9669565217391304,0.9471890971039182,0.9455662862159789,0.8910780829693246,857,"all","MLP#857","MLP",857
545,533,31,30,0.9478260869565217,0.9467140319715808,0.9478260869565217,0.9478260869565217,0.9470026064291919,0.9464442493415277,0.8928766907856903,858,"all","DT#858","DT",858
555,550,14,20,0.975177304964539,0.9753954305799648,0.975177304964539,0.975177304964539,0.9702797202797203,0.9701492537313433,0.9402990136680511,858,"all","RF#858","RF",858
523,522,42,52,0.925531914893617,0.9256637168141593,0.925531914893617,0.925531914893617,0.9175438596491229,0.9174714661984197,0.8349555271230595,858,"all","NB#858","NB",858
539,545,19,36,0.9663120567375887,0.9659498207885304,0.9663120567375887,0.9663120567375887,0.9519650655021834,0.95171202809482,0.9034428864943347,858,"all","MLP#858","MLP",858
539,513,51,36,0.9373913043478261,0.9344262295081968,0.9373913043478261,0.9373913043478261,0.9253218884120172,0.9236172080772608,0.847181290337505,859,"all","DT#859","DT",859
556,540,24,19,0.9669565217391304,0.9660107334525939,0.9669565217391304,0.9669565217391304,0.9627705627705627,0.9622475856014048,0.9244817244755569,859,"all","RF#859","RF",859
502,519,45,73,0.9202127659574468,0.9177330895795247,0.9202127659574468,0.9202127659574468,0.8979238754325258,0.8964003511852502,0.7928797302545199,859,"all","NB#859","NB",859
545,536,28,30,0.950354609929078,0.9511343804537522,0.950354609929078,0.950354609929078,0.9494773519163764,0.9490781387181738,0.8981502323387118,859,"all","MLP#859","MLP",859
530,532,32,45,0.9432624113475178,0.9430604982206405,0.9432624113475178,0.9432624113475178,0.9325153374233129,0.932396839332748,0.8648108727184723,860,"all","DT#860","DT",860
548,542,22,27,0.9609929078014184,0.9614035087719298,0.9609929078014184,0.9609929078014184,0.9572052401746726,0.9569798068481123,0.9139588841525926,860,"all","RF#860","RF",860
481,533,31,94,0.9450354609929078,0.939453125,0.9450354609929078,0.9450354609929078,0.8950461796809404,0.8902546093064091,0.7807230325908333,860,"all","NB#860","NB",860
539,532,32,36,0.9432624113475178,0.9439579684763573,0.9432624113475178,0.9432624113475178,0.9406631762652705,0.9402985074626866,0.8805939775901729,860,"all","MLP#860","MLP",860
528,530,34,47,0.9397163120567376,0.9395017793594306,0.9397163120567376,0.9397163120567376,0.9290096406660824,0.9288849868305531,0.8577880609116398,861,"all","DT#861","DT",861
546,542,22,29,0.9609929078014184,0.9612676056338029,0.9609929078014184,0.9609929078014184,0.9553805774278217,0.9552238805970149,0.9104500390795418,861,"all","RF#861","RF",861
493,529,35,82,0.9379432624113475,0.9337121212121212,0.9379432624113475,0.9379432624113475,0.9004255319148936,0.897278314310799,0.7947011093531675,861,"all","NB#861","NB",861
537,534,30,38,0.9468085106382979,0.9470899470899471,0.9468085106382979,0.9468085106382979,0.9404553415061295,0.9402985074626866,0.8806020768073404,861,"all","MLP#861","MLP",861
546,517,47,29,0.9495652173913044,0.9468864468864469,0.9495652173913044,0.9495652173913044,0.934931506849315,0.9332748024582967,0.8664964019234981,862,"all","DT#862","DT",862
554,540,24,21,0.9634782608695652,0.9625668449197861,0.9634782608695652,0.9634782608695652,0.960971379011275,0.9604916593503073,0.9209719273413542,862,"all","RF#862","RF",862
500,529,35,75,0.9379432624113475,0.9345794392523364,0.9379432624113475,0.9379432624113475,0.9058219178082192,0.9034240561896401,0.8069610501663996,862,"all","NB#862","NB",862
546,535,29,29,0.9495652173913044,0.9495652173913044,0.9495652173913044,0.9495652173913044,0.9495652173913044,0.9490781387181738,0.8981467776749923,862,"all","MLP#862","MLP",862
547,518,46,28,0.951304347826087,0.9487179487179487,0.951304347826087,0.951304347826087,0.9366438356164384,0.9350307287093942,0.8700096545044587,863,"all","DT#863","DT",863
558,544,20,17,0.9704347826086956,0.9696969696969697,0.9704347826086956,0.9704347826086956,0.9679098005203817,0.9675153643546971,0.9350213624806689,863,"all","RF#863","RF",863
538,486,78,37,0.9356521739130435,0.9292543021032504,0.9356521739130435,0.9356521739130435,0.9034424853064651,0.8990342405618964,0.7979091227480102,863,"all","NB#863","NB",863
552,530,34,23,0.96,0.9584086799276673,0.96,0.96,0.9509043927648578,0.9499561018437226,0.8998841905443353,863,"all","MLP#863","MLP",863
544,517,47,31,0.9460869565217391,0.9434306569343066,0.9460869565217391,0.9460869565217391,0.9331046312178387,0.9315188762071993,0.8629877981074112,864,"all","DT#864","DT",864
554,542,22,21,0.9634782608695652,0.9626998223801065,0.9634782608695652,0.9634782608695652,0.9626411815812338,0.9622475856014048,0.9244868476030276,864,"all","RF#864","RF",864
504,527,37,71,0.9343971631205674,0.9316081330868762,0.9343971631205674,0.9343971631205674,0.9070567986230637,0.9051799824407375,0.8104515743311751,864,"all","NB#864","NB",864
552,536,28,23,0.96,0.9588550983899821,0.96,0.96,0.9558441558441558,0.9552238805970149,0.910431812750079,864,"all","MLP#864","MLP",864
533,528,36,42,0.9361702127659575,0.9367311072056239,0.9361702127659575,0.9361702127659575,0.9318181818181819,0.9315188762071993,0.8630389137090583,865,"all","DT#865","DT",865
553,545,19,22,0.9663120567375887,0.9667832167832168,0.9663120567375887,0.9663120567375887,0.964254577157803,0.9640035118525022,0.9280039714291441,865,"all","RF#865","RF",865
510,518,46,65,0.9184397163120568,0.9172661870503597,0.9184397163120568,0.9184397163120568,0.903225806451613,0.9025460930640913,0.805136796807689,865,"all","NB#865","NB",865
539,536,28,36,0.950354609929078,0.9506172839506173,0.950354609929078,0.950354609929078,0.9439579684763573,0.9438103599648815,0.8876254840539674,865,"all","MLP#865","MLP",865
525,533,31,50,0.9450354609929078,0.9442446043165468,0.9450354609929078,0.9450354609929078,0.9293809938971229,0.9288849868305531,0.8578025274002055,866,"all","DT#866","DT",866
552,543,21,23,0.9627659574468085,0.9633507853403142,0.9627659574468085,0.9627659574468085,0.9616724738675958,0.961369622475856,0.9227346590155745,866,"all","RF#866","RF",866
524,507,57,51,0.9113043478260869,0.9086021505376344,0.9113043478260869,0.9113043478260869,0.9065743944636678,0.9051799824407375,0.810322974585758,866,"all","NB#866","NB",866
535,546,18,40,0.9680851063829787,0.9674502712477396,0.9680851063829787,0.9680851063829787,0.9495652173913044,0.9490781387181738,0.8981847660909743,866,"all","MLP#866","MLP",866
537,521,43,38,0.9339130434782609,0.9320214669051878,0.9339130434782609,0.9339130434782609,0.9298701298701298,0.9288849868305531,0.8577446437795372,867,"all","DT#867","DT",867
551,540,24,24,0.9582608695652174,0.9582608695652174,0.9582608695652174,0.9582608695652174,0.9582608695652175,0.9578577699736611,0.9157076780758557,867,"all","RF#867","RF",867
514,513,51,61,0.9095744680851063,0.9097345132743363,0.9095744680851063,0.9095744680851063,0.9017543859649122,0.9016681299385426,0.8033512663593901,867,"all","NB#867","NB",867
553,529,35,22,0.9617391304347827,0.9600725952813067,0.9617391304347827,0.9617391304347827,0.9509888220120379,0.9499561018437226,0.8998807939462448,867,"all","MLP#867","MLP",867
536,522,42,39,0.9321739130434783,0.93048128342246,0.9321739130434783,0.9321739130434783,0.9297484822202949,0.9288849868305531,0.8577494692144373,868,"all","DT#868","DT",868
555,544,20,20,0.9652173913043478,0.9652173913043478,0.9652173913043478,0.9652173913043478,0.9652173913043478,0.9648814749780509,0.9297563983965463,868,"all","RF#868","RF",868
468,531,33,107,0.9414893617021277,0.9341317365269461,0.9414893617021277,0.9414893617021277,0.8835274542429284,0.8770851624231782,0.7544555553160234,868,"all","NB#868","NB",868
555,543,21,20,0.9652173913043478,0.9644760213143873,0.9652173913043478,0.9652173913043478,0.9643788010425717,0.9640035118525022,0.9279990872493984,868,"all","MLP#868","MLP",868
535,506,58,40,0.9304347826086956,0.9267399267399268,0.9304347826086956,0.9304347826086956,0.916095890410959,0.9139596136962248,0.8278506235329318,869,"all","DT#869","DT",869
553,525,39,22,0.9617391304347827,0.9597806215722121,0.9617391304347827,0.9617391304347827,0.9477292202227936,0.9464442493415277,0.892847614097805,869,"all","RF#869","RF",869
515,498,66,60,0.8956521739130435,0.8924731182795699,0.8956521739130435,0.8956521739130435,0.8910034602076125,0.8893766461808604,0.7787101370167178,869,"all","NB#869","NB",869
544,524,40,31,0.9460869565217391,0.9441441441441442,0.9460869565217391,0.9460869565217391,0.9387402933563416,0.9376646180860404,0.8752985731710514,869,"all","MLP#869","MLP",869
532,534,30,43,0.9468085106382979,0.9466192170818505,0.9468085106382979,0.9468085106382979,0.9360210341805433,0.935908691834943,0.8718336845253052,870,"all","DT#870","DT",870
547,541,23,28,0.9592198581560284,0.9596491228070175,0.9592198581560284,0.9592198581560284,0.9554585152838427,0.9552238805970149,0.9104470018731067,870,"all","RF#870","RF",870
480,530,34,95,0.9397163120567376,0.933852140077821,0.9397163120567376,0.9397163120567376,0.8915054667788057,0.8867427568042142,0.773698501858238,870,"all","NB#870","NB",870
526,536,28,49,0.950354609929078,0.9494584837545126,0.950354609929078,0.950354609929078,0.9329852045256745,0.932396839332748,0.8648292082221717,870,"all","MLP#870","MLP",870
546,519,45,29,0.9495652173913044,0.9470802919708029,0.9495652173913044,0.9495652173913044,0.9365351629502574,0.9350307287093942,0.8700140648711336,871,"all","DT#871","DT",871
556,540,24,19,0.9669565217391304,0.9660107334525939,0.9669565217391304,0.9669565217391304,0.9627705627705627,0.9622475856014048,0.9244817244755569,871,"all","RF#871","RF",871
435,542,22,140,0.9609929078014184,0.9518599562363238,0.9609929078014184,0.9609929078014184,0.8699839486356341,0.8577699736611062,0.7160816004973088,871,"all","NB#871","NB",871
558,529,35,17,0.9704347826086956,0.9688644688644689,0.9704347826086956,0.9704347826086956,0.9554794520547946,0.9543459174714662,0.908655432895025,871,"all","MLP#871","MLP",871
530,527,37,45,0.9343971631205674,0.9347442680776014,0.9343971631205674,0.9343971631205674,0.9281961471103327,0.9280070237050044,0.8560201514441457,872,"all","DT#872","DT",872
558,539,25,17,0.9704347826086956,0.9694244604316546,0.9704347826086956,0.9704347826086956,0.9637305699481865,0.9631255487269534,0.9262342100069081,872,"all","RF#872","RF",872
523,519,45,52,0.9202127659574468,0.920774647887324,0.9202127659574468,0.9202127659574468,0.915135608048994,0.9148375768217735,0.829679486092462,872,"all","NB#872","NB",872
537,531,33,38,0.9414893617021277,0.9421052631578948,0.9414893617021277,0.9414893617021277,0.9379912663755459,0.9376646180860404,0.8753281790782466,872,"all","MLP#872","MLP",872
539,522,42,36,0.9373913043478261,0.9354838709677419,0.9373913043478261,0.9373913043478261,0.9325259515570935,0.9315188762071993,0.8630110372008253,873,"all","DT#873","DT",873
562,541,23,13,0.9773913043478261,0.9765342960288809,0.9773913043478261,0.9773913043478261,0.9689655172413794,0.9683933274802459,0.9367700350043949,873,"all","RF#873","RF",873
488,536,28,87,0.950354609929078,0.9457364341085271,0.950354609929078,0.950354609929078,0.9031171019376579,0.8990342405618964,0.7982515182926736,873,"all","NB#873","NB",873
551,534,30,24,0.9582608695652174,0.956989247311828,0.9582608695652174,0.9582608695652174,0.953287197231834,0.9525899912203687,0.9051614872928789,873,"all","MLP#873","MLP",873
530,527,37,45,0.9343971631205674,0.9347442680776014,0.9343971631205674,0.9343971631205674,0.9281961471103327,0.9280070237050044,0.8560201514441457,874,"all","DT#874","DT",874
550,541,23,25,0.9592198581560284,0.9598603839441536,0.9592198581560284,0.9592198581560284,0.9581881533101047,0.9578577699736611,0.9157105371078995,874,"all","RF#874","RF",874
541,459,105,34,0.9408695652173913,0.9310344827586207,0.9408695652173913,0.9408695652173913,0.8861588861588862,0.8779631255487269,0.7556092056577531,874,"all","NB#874","NB",874
540,540,24,35,0.9574468085106383,0.9574468085106383,0.9574468085106383,0.9574468085106383,0.9482001755926251,0.9482001755926251,0.8964100129331407,874,"all","MLP#874","MLP",874
545,523,41,30,0.9478260869565217,0.945750452079566,0.9478260869565217,0.9478260869565217,0.9388458225667528,0.9376646180860404,0.8752943426078562,875,"all","DT#875","DT",875
547,542,22,28,0.9609929078014184,0.961335676625659,0.9609929078014184,0.9609929078014184,0.9562937062937062,0.9561018437225637,0.9122044318647811,875,"all","RF#875","RF",875
490,527,37,85,0.9343971631205674,0.9297912713472486,0.9343971631205674,0.9343971631205674,0.8962585034013606,0.8928884986830553,0.7859312801173266,875,"all","NB#875","NB",875
532,550,14,43,0.975177304964539,0.9743589743589743,0.975177304964539,0.975177304964539,0.9507346585998272,0.9499561018437226,0.8999520741417649,875,"all","MLP#875","MLP",875
545,531,33,30,0.9478260869565217,0.946524064171123,0.9478260869565217,0.9478260869565217,0.9453599306157849,0.9446883230904302,0.8893606982778957,876,"all","DT#876","DT",876
557,545,19,18,0.9686956521739131,0.9680284191829485,0.9686956521739131,0.9686956521739131,0.9678540399652477,0.9675153643546971,0.9350235665421399,876,"all","RF#876","RF",876
543,460,104,32,0.9443478260869566,0.9349593495934959,0.9443478260869566,0.9443478260869566,0.8887070376432078,0.8805970149253731,0.7608797668444971,876,"all","NB#876","NB",876
553,536,28,22,0.9617391304347827,0.9605734767025089,0.9617391304347827,0.9617391304347827,0.9567474048442908,0.9561018437225637,0.9121865623082214,876,"all","MLP#876","MLP",876
534,511,53,41,0.928695652173913,0.9257246376811594,0.928695652173913,0.928695652173913,0.919104991394148,0.9174714661984197,0.8348939346274604,877,"all","DT#877","DT",877
552,538,26,23,0.96,0.9590017825311943,0.96,0.96,0.9575021682567215,0.9569798068481123,0.9139472097716966,877,"all","RF#877","RF",877
519,502,62,56,0.9026086956521739,0.899641577060932,0.9026086956521739,0.9026086956521739,0.8979238754325259,0.8964003511852502,0.7927602870474022,877,"all","NB#877","NB",877
549,528,36,26,0.9547826086956521,0.9530685920577617,0.9547826086956521,0.9547826086956521,0.946551724137931,0.9455662862159789,0.8911039491742355,877,"all","MLP#877","MLP",877
545,522,42,30,0.9478260869565217,0.9456521739130435,0.9478260869565217,0.9478260869565217,0.9380378657487092,0.9367866549604916,0.8735357797146505,878,"all","DT#878","DT",878
555,531,33,20,0.9652173913043478,0.9637023593466425,0.9652173913043478,0.9652173913043478,0.9544282029234736,0.9534679543459175,0.9069067031429995,878,"all","RF#878","RF",878
522,505,59,53,0.9078260869565218,0.9050179211469535,0.9078260869565218,0.9078260869565218,0.903114186851211,0.9016681299385426,0.8032978995704158,878,"all","NB#878","NB",878
555,521,43,20,0.9652173913043478,0.9630314232902033,0.9652173913043478,0.9652173913043478,0.9462915601023019,0.9446883230904302,0.8893231556558447,878,"all","MLP#878","MLP",878
538,524,40,37,0.9356521739130435,0.9340463458110517,0.9356521739130435,0.9356521739130435,0.9332176929748482,0.932396839332748,0.8647741867840947,879,"all","DT#879","DT",879
551,547,17,24,0.9698581560283688,0.9700704225352113,0.9698581560283688,0.9698581560283688,0.9641294838145231,0.9640035118525022,0.9280088549462985,879,"all","RF#879","RF",879
519,496,68,56,0.9026086956521739,0.8985507246376812,0.9026086956521739,0.9026086956521739,0.8932874354561102,0.8911325724319579,0.7822005095085648,879,"all","NB#879","NB",879
532,544,20,43,0.9645390070921985,0.9637681159420289,0.9645390070921985,0.9645390070921985,0.9452649869678541,0.9446883230904302,0.8894094656262665,879,"all","MLP#879","MLP",879
530,529,35,45,0.9379432624113475,0.9380530973451328,0.9379432624113475,0.9379432624113475,0.9298245614035088,0.9297629499561019,0.8595366188281358,880,"all","DT#880","DT",880
559,546,18,16,0.9721739130434782,0.9715302491103203,0.9721739130434782,0.9721739130434782,0.9704861111111112,0.9701492537313433,0.9402909133519793,880,"all","RF#880","RF",880
496,539,25,79,0.9556737588652482,0.9520153550863724,0.9556737588652482,0.9556737588652482,0.9120135363790187,0.9086918349429324,0.8175337418398815,880,"all","NB#880","NB",880
535,540,24,40,0.9574468085106383,0.9570661896243292,0.9574468085106383,0.9574468085106383,0.9440559440559441,0.9438103599648815,0.8876407265373566,880,"all","MLP#880","MLP",880
538,533,31,37,0.9450354609929078,0.945518453427065,0.9450354609929078,0.9450354609929078,0.9405594405594405,0.9402985074626866,0.8805980273361022,881,"all","DT#881","DT",881
550,539,25,25,0.9565217391304348,0.9565217391304348,0.9565217391304348,0.9565217391304348,0.9565217391304348,0.9561018437225637,0.9121954979956831,881,"all","RF#881","RF",881
530,486,78,45,0.9217391304347826,0.9152542372881356,0.9217391304347826,0.9217391304347826,0.8960270498732037,0.8920105355575065,0.7838799698258506,881,"all","NB#881","NB",881
549,530,34,26,0.9547826086956521,0.9532374100719424,0.9547826086956521,0.9547826086956521,0.9481865284974094,0.9473222124670764,0.8946203000098687,881,"all","MLP#881","MLP",881
536,532,32,39,0.9432624113475178,0.9436619718309859,0.9432624113475178,0.9432624113475178,0.9378827646544181,0.9376646180860404,0.8753324073460289,882,"all","DT#882","DT",882
553,534,30,22,0.9617391304347827,0.960431654676259,0.9617391304347827,0.9617391304347827,0.9550949913644214,0.9543459174714662,0.9086709266752196,882,"all","RF#882","RF",882
524,521,43,51,0.9237588652482269,0.9241622574955908,0.9237588652482269,0.9237588652482269,0.9176882661996496,0.9174714661984197,0.8349499297042645,882,"all","NB#882","NB",882
543,541,23,32,0.9592198581560284,0.9593639575971732,0.9592198581560284,0.9592198581560284,0.9517966695880806,0.95171202809482,0.9034297879293787,882,"all","MLP#882","MLP",882
533,541,23,42,0.9592198581560284,0.9586330935251799,0.9592198581560284,0.9592198581560284,0.9433304272013949,0.9429323968393327,0.8858909170495476,883,"all","DT#883","DT",883
545,553,11,30,0.9804964539007093,0.9802158273381295,0.9804964539007093,0.9804964539007093,0.964254577157803,0.9640035118525022,0.9280235015235608,883,"all","RF#883","RF",883
481,532,32,94,0.9432624113475178,0.9376218323586745,0.9432624113475178,0.9432624113475178,0.8941176470588236,0.8893766461808604,0.7789650721874317,883,"all","NB#883","NB",883
535,540,24,40,0.9574468085106383,0.9570661896243292,0.9574468085106383,0.9574468085106383,0.9440559440559441,0.9438103599648815,0.8876407265373566,883,"all","MLP#883","MLP",883
545,523,41,30,0.9478260869565217,0.945750452079566,0.9478260869565217,0.9478260869565217,0.9388458225667528,0.9376646180860404,0.8752943426078562,884,"all","DT#884","DT",884
558,532,32,17,0.9704347826086956,0.9690346083788707,0.9704347826086956,0.9704347826086956,0.9579399141630901,0.9569798068481123,0.9139296922590544,884,"all","RF#884","RF",884
507,527,37,68,0.9343971631205674,0.9319852941176471,0.9343971631205674,0.9343971631205674,0.909404659188956,0.9078138718173837,0.8157074371938282,884,"all","NB#884","NB",884
548,533,31,27,0.9530434782608695,0.9517857142857142,0.9530434782608695,0.9530434782608695,0.9497400346620449,0.9490781387181738,0.8981398676444285,884,"all","MLP#884","MLP",884
532,533,31,43,0.9450354609929078,0.9449378330373002,0.9450354609929078,0.9450354609929078,0.9350877192982456,0.9350307287093942,0.8700757785957838,885,"all","DT#885","DT",885
550,546,18,25,0.9680851063829787,0.9683098591549296,0.9680851063829787,0.9680851063829787,0.9623797025371829,0.9622475856014048,0.9244970917729471,885,"all","RF#885","RF",885
551,401,163,24,0.9582608695652174,0.9435294117647058,0.9582608695652174,0.9582608695652174,0.8549262994569434,0.835820895522388,0.6708351942831621,885,"all","NB#885","NB",885
548,544,20,27,0.9645390070921985,0.9647887323943662,0.9645390070921985,0.9645390070921985,0.9588801399825022,0.9587357330992098,0.9174735654262444,885,"all","MLP#885","MLP",885
531,529,35,44,0.9379432624113475,0.9381625441696113,0.9379432624113475,0.9379432624113475,0.9307624890446975,0.9306409130816505,0.8612900590258347,886,"all","DT#886","DT",886
551,550,14,24,0.975177304964539,0.9752212389380531,0.975177304964539,0.975177304964539,0.9666666666666667,0.9666374012291484,0.9332798939433645,886,"all","RF#886","RF",886
495,535,29,80,0.9485815602836879,0.9446564885496184,0.9485815602836879,0.9485815602836879,0.9075487701441899,0.9043020193151887,0.8087516039934622,886,"all","NB#886","NB",886
530,545,19,45,0.9663120567375887,0.9653916211293261,0.9663120567375887,0.9663120567375887,0.9445407279029463,0.9438103599648815,0.8876597738277602,886,"all","MLP#886","MLP",886
531,513,51,44,0.9234782608695652,0.9210053859964094,0.9234782608695652,0.9234782608695652,0.9178910976663786,0.9165935030728709,0.8331516384152913,887,"all","DT#887","DT",887
555,539,25,20,0.9652173913043478,0.964221824686941,0.9652173913043478,0.9652173913043478,0.961038961038961,0.9604916593503073,0.9209692465441874,887,"all","RF#887","RF",887
544,485,79,31,0.9460869565217391,0.939922480620155,0.9460869565217391,0.9460869565217391,0.9081803005008348,0.9034240561896401,0.8066727153773038,887,"all","NB#887","NB",887
540,540,24,35,0.9574468085106383,0.9574468085106383,0.9574468085106383,0.9574468085106383,0.9482001755926251,0.9482001755926251,0.8964100129331407,887,"all","MLP#887","MLP",887
541,526,38,34,0.9408695652173913,0.9392857142857143,0.9408695652173913,0.9408695652173913,0.9376083188908144,0.9367866549604916,0.8735529391448078,888,"all","DT#888","DT",888
558,540,24,17,0.9704347826086956,0.9694793536804309,0.9704347826086956,0.9704347826086956,0.9645635263612791,0.9640035118525022,0.9279917597371258,888,"all","RF#888","RF",888
510,511,53,65,0.9060283687943262,0.9058614564831261,0.9060283687943262,0.9060283687943262,0.8964912280701754,0.8964003511852502,0.7928235388419254,888,"all","NB#888","NB",888
555,536,28,20,0.9652173913043478,0.9640287769784173,0.9652173913043478,0.9652173913043478,0.9585492227979274,0.9578577699736611,0.9156962400078951,888,"all","MLP#888","MLP",888
527,530,34,48,0.9397163120567376,0.9393939393939394,0.9397163120567376,0.9397163120567376,0.9281961471103326,0.9280070237050044,0.8560347990147267,889,"all","DT#889","DT",889
545,538,26,30,0.9539007092198581,0.9544658493870403,0.9539007092198581,0.9539007092198581,0.9511343804537522,0.9508340649692713,0.9016656286036716,889,"all","RF#889","RF",889
510,509,55,65,0.9024822695035462,0.9026548672566371,0.9024822695035462,0.9024822695035462,0.8947368421052632,0.8946444249341527,0.7893049282422037,889,"all","NB#889","NB",889
537,530,34,38,0.9397163120567376,0.9404553415061296,0.9397163120567376,0.9397163120567376,0.93717277486911,0.9367866549604916,0.8735700939190063,889,"all","MLP#889","MLP",889
547,531,33,28,0.951304347826087,0.9499105545617174,0.951304347826087,0.951304347826087,0.9471861471861474,0.9464442493415277,0.8928694230932319,890,"all","DT#890","DT",890
558,540,24,17,0.9704347826086956,0.9694793536804309,0.9704347826086956,0.9704347826086956,0.9645635263612791,0.9640035118525022,0.9279917597371258,890,"all","RF#890","RF",890
523,507,57,52,0.9095652173913044,0.9069767441860465,0.9095652173913044,0.9095652173913044,0.9056277056277057,0.9043020193151887,0.8085699527403648,890,"all","NB#890","NB",890
549,536,28,26,0.9547826086956521,0.9537366548042705,0.9547826086956521,0.9547826086956521,0.953125,0.9525899912203687,0.9051679212060846,890,"all","MLP#890","MLP",890
541,512,52,34,0.9408695652173913,0.9377289377289377,0.9408695652173913,0.9408695652173913,0.9263698630136986,0.9244951712028094,0.8489301390186951,891,"all","DT#891","DT",891
554,534,30,21,0.9634782608695652,0.9621621621621622,0.9634782608695652,0.9634782608695652,0.9559965487489216,0.9552238805970149,0.9104257356580792,891,"all","RF#891","RF",891
527,507,57,48,0.9165217391304348,0.9135135135135135,0.9165217391304348,0.9165217391304348,0.9094046591889561,0.9078138718173837,0.8155823969431042,891,"all","NB#891","NB",891
536,540,24,39,0.9574468085106383,0.9571428571428572,0.9574468085106383,0.9574468085106383,0.9448818897637796,0.9446883230904302,0.8893944648678642,891,"all","MLP#891","MLP",891
545,522,42,30,0.9478260869565217,0.9456521739130435,0.9478260869565217,0.9478260869565217,0.9380378657487092,0.9367866549604916,0.8735357797146505,892,"all","DT#892","DT",892
563,540,24,12,0.9791304347826087,0.9782608695652174,0.9791304347826087,0.9791304347826087,0.9690189328743546,0.9683933274802459,0.9367678898573253,892,"all","RF#892","RF",892
537,491,73,38,0.9339130434782609,0.9281663516068053,0.9339130434782609,0.9339130434782609,0.9063291139240506,0.9025460930640913,0.8049582314509846,892,"all","NB#892","NB",892
550,539,25,25,0.9565217391304348,0.9565217391304348,0.9565217391304348,0.9565217391304348,0.9565217391304348,0.9561018437225637,0.9121954979956831,892,"all","MLP#892","MLP",892
534,527,37,41,0.9343971631205674,0.9352014010507881,0.9343971631205674,0.9343971631205674,0.9319371727748691,0.9315188762071993,0.8630342684122569,893,"all","DT#893","DT",893
555,539,25,20,0.9652173913043478,0.964221824686941,0.9652173913043478,0.9652173913043478,0.961038961038961,0.9604916593503073,0.9209692465441874,893,"all","RF#893","RF",893
521,507,57,54,0.9060869565217391,0.9037433155080213,0.9060869565217391,0.9060869565217391,0.9037294015611448,0.9025460930640913,0.8050640874420067,893,"all","NB#893","NB",893
542,539,25,33,0.9556737588652482,0.9559082892416225,0.9556737588652482,0.9556737588652482,0.9492119089316987,0.9490781387181738,0.8981605949239078,893,"all","MLP#893","MLP",893
530,530,34,45,0.9397163120567376,0.9397163120567376,0.9397163120567376,0.9397163120567376,0.9306409130816505,0.9306409130816505,0.861294763079968,894,"all","DT#894","DT",894
556,538,26,19,0.9669565217391304,0.9658886894075404,0.9669565217391304,0.9669565217391304,0.9611063094209161,0.9604916593503073,0.9209665655651381,894,"all","RF#894","RF",894
399,545,19,176,0.9663120567375887,0.9545454545454546,0.9663120567375887,0.9663120567375887,0.8482490272373541,0.8287971905179983,0.6584718149484798,894,"all","NB#894","NB",894
535,537,27,40,0.9521276595744681,0.9519572953736655,0.9521276595744681,0.9521276595744681,0.9412795793163892,0.9411764705882353,0.882367902235554,894,"all","MLP#894","MLP",894
530,534,30,45,0.9468085106382979,0.9464285714285714,0.9468085106382979,0.9468085106382979,0.9343832020997374,0.9341527655838455,0.8683267438903147,895,"all","DT#895","DT",895
550,544,20,25,0.9645390070921985,0.9649122807017544,0.9645390070921985,0.9645390070921985,0.9606986899563318,0.9604916593503073,0.9209826487115648,895,"all","RF#895","RF",895
539,489,75,36,0.9373913043478261,0.9314285714285714,0.9373913043478261,0.9373913043478261,0.9066442388561816,0.9025460930640913,0.8049449913680186,895,"all","NB#895","NB",895
536,543,21,39,0.9627659574468085,0.9622980251346499,0.9627659574468085,0.9627659574468085,0.9476439790575917,0.9473222124670764,0.8946667529801263,895,"all","MLP#895","MLP",895
533,527,37,42,0.9343971631205674,0.9350877192982456,0.9343971631205674,0.9343971631205674,0.9310043668122271,0.9306409130816505,0.8612806499603024,896,"all","DT#896","DT",896
550,542,22,25,0.9609929078014184,0.9615384615384616,0.9609929078014184,0.9609929078014184,0.959023539668701,0.9587357330992098,0.9174679672480431,896,"all","RF#896","RF",896
520,510,54,55,0.9043478260869565,0.9059233449477352,0.9043478260869565,0.9043478260869565,0.9051348999129678,0.9043020193151887,0.8085894318782751,896,"all","NB#896","NB",896
545,529,35,30,0.9478260869565217,0.9463327370304114,0.9478260869565217,0.9478260869565217,0.9437229437229439,0.9429323968393327,0.8858444672304928,896,"all","MLP#896","MLP",896
548,513,51,27,0.9530434782608695,0.95,0.9530434782608695,0.9530434782608695,0.9335604770017035,0.9315188762071993,0.8629692011549567,897,"all","DT#897","DT",897
557,534,30,18,0.9686956521739131,0.967391304347826,0.9686956521739131,0.9686956521739131,0.9586919104991394,0.9578577699736611,0.915690519809767,897,"all","RF#897","RF",897
523,510,54,52,0.9095652173913044,0.9074733096085409,0.9095652173913044,0.9095652173913044,0.9079861111111112,0.9069359086918349,0.8138481416267588,897,"all","NB#897","NB",897
553,521,43,22,0.9617391304347827,0.9594843462246777,0.9617391304347827,0.9617391304347827,0.9444918872758327,0.9429323968393327,0.8858134796697559,897,"all","MLP#897","MLP",897
527,531,33,48,0.9414893617021277,0.9410714285714286,0.9414893617021277,0.9414893617021277,0.9291338582677167,0.9288849868305531,0.8577928834015398,898,"all","DT#898","DT",898
550,541,23,25,0.9592198581560284,0.9598603839441536,0.9592198581560284,0.9592198581560284,0.9581881533101047,0.9578577699736611,0.9157105371078995,898,"all","RF#898","RF",898
497,531,33,78,0.9414893617021277,0.9377358490566038,0.9414893617021277,0.9414893617021277,0.9053708439897699,0.9025460930640913,0.8052226561597301,898,"all","NB#898","NB",898
537,529,35,38,0.9379432624113475,0.9388111888111889,0.9379432624113475,0.9379432624113475,0.9363557105492589,0.935908691834943,0.8718119491299395,898,"all","MLP#898","MLP",898
536,522,42,39,0.9321739130434783,0.93048128342246,0.9321739130434783,0.9321739130434783,0.9297484822202949,0.9288849868305531,0.8577494692144373,899,"all","DT#899","DT",899
555,538,26,20,0.9652173913043478,0.96415770609319,0.9652173913043478,0.9652173913043478,0.9602076124567475,0.9596136962247586,0.9192116373235636,899,"all","RF#899","RF",899
531,495,69,44,0.9234782608695652,0.9183673469387755,0.9234782608695652,0.9234782608695652,0.9038297872340426,0.9007901668129938,0.8014776539544209,899,"all","NB#899","NB",899
554,535,29,21,0.9634782608695652,0.9622302158273381,0.9634782608695652,0.9634782608695652,0.9568221070811744,0.9561018437225637,0.9121835833415574,899,"all","MLP#899","MLP",899
542,532,32,33,0.9432624113475178,0.9442508710801394,0.9432624113475178,0.9432624113475178,0.9434290687554394,0.9429323968393327,0.8858560832301641,900,"all","DT#900","DT",900
555,540,24,20,0.9652173913043478,0.9642857142857143,0.9652173913043478,0.9652173913043478,0.9618717504332756,0.961369622475856,0.9227267961440492,900,"all","RF#900","RF",900
527,521,43,48,0.9237588652482269,0.9245614035087719,0.9237588652482269,0.9237588652482269,0.9205240174672489,0.9201053555750659,0.8402093562833864,900,"all","NB#900","NB",900
544,537,27,31,0.9521276595744681,0.9527145359019265,0.9521276595744681,0.9521276595744681,0.9493891797556718,0.9490781387181738,0.8981536867680885,900,"all","MLP#900","MLP",900
536,528,36,39,0.9361702127659575,0.9370629370629371,0.9361702127659575,0.9361702127659575,0.9346120313862251,0.9341527655838455,0.8682999477362392,901,"all","DT#901","DT",901
549,543,21,26,0.9627659574468085,0.9631578947368421,0.9627659574468085,0.9627659574468085,0.9589519650655022,0.9587357330992098,0.9174707664320786,901,"all","RF#901","RF",901
512,510,54,63,0.9042553191489362,0.9045936395759717,0.9042553191489362,0.9042553191489362,0.8974583698510078,0.897278314310799,0.7945688215952237,901,"all","NB#901","NB",901
532,539,25,43,0.9556737588652482,0.9551166965888689,0.9556737588652482,0.9556737588652482,0.9406631762652705,0.9402985074626866,0.8806223200441432,901,"all","MLP#901","MLP",901
547,514,50,28,0.951304347826087,0.948339483394834,0.951304347826087,0.951304347826087,0.9334470989761092,0.9315188762071993,0.8629738508663424,902,"all","DT#902","DT",902
556,530,34,19,0.9669565217391304,0.9653916211293261,0.9669565217391304,0.9669565217391304,0.9545064377682403,0.9534679543459175,0.9069035446883651,902,"all","RF#902","RF",902
517,512,52,58,0.9078014184397163,0.9086115992970123,0.9078014184397163,0.9078014184397163,0.9038461538461537,0.9034240561896401,0.8068497501025181,902,"all","NB#902","NB",902
549,522,42,26,0.9547826086956521,0.9525547445255474,0.9547826086956521,0.9547826086956521,0.941680960548885,0.9402985074626866,0.8805534650167175,902,"all","MLP#902","MLP",902
527,518,46,48,0.9184397163120568,0.9197207678883071,0.9184397163120568,0.9184397163120568,0.9181184668989546,0.9174714661984197,0.8349331351696366,903,"all","DT#903","DT",903
552,543,21,23,0.9627659574468085,0.9633507853403142,0.9627659574468085,0.9627659574468085,0.9616724738675958,0.961369622475856,0.9227346590155745,903,"all","RF#903","RF",903
519,514,50,56,0.9113475177304965,0.9121265377855887,0.9113475177304965,0.9113475177304965,0.9073426573426574,0.9069359086918349,0.8138733955533356,903,"all","NB#903","NB",903
548,531,33,27,0.9530434782608695,0.9516129032258065,0.9530434782608695,0.9530434782608695,0.9480968858131488,0.9473222124670764,0.8946238747698655,903,"all","MLP#903","MLP",903
538,516,48,37,0.9356521739130435,0.9330922242314648,0.9356521739130435,0.9356521739130435,0.9267872523686478,0.9253731343283582,0.8507044946713772,904,"all","DT#904","DT",904
554,536,28,21,0.9634782608695652,0.9622980251346499,0.9634782608695652,0.9634782608695652,0.9576490924805532,0.9569798068481123,0.9139413713931502,904,"all","RF#904","RF",904
542,408,156,33,0.9426086956521739,0.9251700680272109,0.9426086956521739,0.9426086956521739,0.8515318146111547,0.8340649692712906,0.6674051791665314,904,"all","NB#904","NB",904
544,527,37,31,0.9460869565217391,0.9444444444444444,0.9460869565217391,0.9460869565217391,0.9411764705882352,0.9402985074626866,0.880573724739181,904,"all","MLP#904","MLP",904
532,513,51,43,0.9252173913043479,0.9226618705035972,0.9252173913043479,0.9252173913043479,0.918825561312608,0.9174714661984197,0.8349051366821277,905,"all","DT#905","DT",905
555,534,30,20,0.9652173913043478,0.9638989169675091,0.9652173913043478,0.9652173913043478,0.9568965517241379,0.9561018437225637,0.9121806041727707,905,"all","RF#905","RF",905
491,525,39,84,0.9308510638297872,0.9264150943396227,0.9308510638297872,0.9308510638297872,0.8951406649616369,0.8920105355575065,0.7841656460148361,905,"all","NB#905","NB",905
546,534,30,29,0.9495652173913044,0.9484902309058615,0.9495652173913044,0.9495652173913044,0.94874022589053,0.9482001755926251,0.896388930432061,905,"all","MLP#905","MLP",905
528,527,37,47,0.9343971631205674,0.9345132743362832,0.9343971631205674,0.9343971631205674,0.9263157894736842,0.926251097453907,0.8525134497695427,906,"all","DT#906","DT",906
544,536,28,31,0.950354609929078,0.951048951048951,0.950354609929078,0.950354609929078,0.948561464690497,0.9482001755926251,0.8963959588858416,906,"all","RF#906","RF",906
523,491,73,52,0.9095652173913044,0.9042357274401474,0.9095652173913044,0.9095652173913044,0.8932536293766012,0.8902546093064091,0.7804105378264536,906,"all","NB#906","NB",906
546,532,32,29,0.9495652173913044,0.948306595365419,0.9495652173913044,0.9495652173913044,0.9470945359930616,0.9464442493415277,0.8928730570627246,906,"all","MLP#906","MLP",906
530,527,37,45,0.9343971631205674,0.9347442680776014,0.9343971631205674,0.9343971631205674,0.9281961471103327,0.9280070237050044,0.8560201514441457,907,"all","DT#907","DT",907
552,545,19,23,0.9663120567375887,0.9667250437828371,0.9663120567375887,0.9663120567375887,0.963350785340314,0.9631255487269534,0.9262492214527537,907,"all","RF#907","RF",907
518,511,53,57,0.9060283687943262,0.9071803852889667,0.9060283687943262,0.9060283687943262,0.9040139616055846,0.9034240561896401,0.8068431990429266,907,"all","NB#907","NB",907
538,538,26,37,0.9539007092198581,0.9539007092198581,0.9539007092198581,0.9539007092198581,0.9446883230904302,0.9446883230904302,0.8893869629625061,907,"all","MLP#907","MLP",907
537,508,56,38,0.9339130434782609,0.9304029304029304,0.9339130434782609,0.9339130434782609,0.9195205479452055,0.9174714661984197,0.8348771286948529,908,"all","DT#908","DT",908
552,538,26,23,0.96,0.9590017825311943,0.96,0.96,0.9575021682567215,0.9569798068481123,0.9139472097716966,908,"all","RF#908","RF",908
547,383,181,28,0.951304347826087,0.9318734793187348,0.951304347826087,0.951304347826087,0.8396009209516501,0.8165057067603161,0.6320223459887436,908,"all","NB#908","NB",908
544,532,32,31,0.9460869565217391,0.9449378330373002,0.9460869565217391,0.9460869565217391,0.945264986967854,0.9446883230904302,0.8893644511393193,908,"all","MLP#908","MLP",908
538,523,41,37,0.9356521739130435,0.9339285714285714,0.9356521739130435,0.9356521739130435,0.9324090121317158,0.9315188762071993,0.8630156840735419,909,"all","DT#909","DT",909
547,540,24,28,0.9574468085106383,0.957968476357268,0.9574468085106383,0.9574468085106383,0.9546247818499128,0.9543459174714662,0.9086895122748381,909,"all","RF#909","RF",909
502,515,49,73,0.9131205673758865,0.911070780399274,0.9131205673758865,0.9131205673758865,0.8940972222222222,0.8928884986830553,0.7858441830645558,909,"all","NB#909","NB",909
536,537,27,39,0.9521276595744681,0.9520426287744227,0.9521276595744681,0.9521276595744681,0.9421052631578947,0.9420544337137841,0.8841216403692126,909,"all","MLP#909","MLP",909
536,526,38,39,0.9326241134751773,0.9337979094076655,0.9326241134751773,0.9326241134751773,0.9329852045256746,0.932396839332748,0.8647833601341943,910,"all","DT#910","DT",910
549,537,27,26,0.9547826086956521,0.9538188277087034,0.9547826086956521,0.9547826086956521,0.9539530842745438,0.9534679543459175,0.9069256493711734,910,"all","RF#910","RF",910
511,507,57,64,0.898936170212766,0.8996478873239436,0.898936170212766,0.898936170212766,0.8941382327209099,0.8937664618086041,0.7875383280122465,910,"all","NB#910","NB",910
544,521,43,31,0.9460869565217391,0.9438405797101449,0.9460869565217391,0.9460869565217391,0.9363166953528399,0.9350307287093942,0.8700228847067241,910,"all","MLP#910","MLP",910
536,510,54,39,0.9321739130434783,0.9289617486338798,0.9321739130434783,0.9321739130434783,0.9201716738197425,0.9183494293239683,0.8366420689814706,911,"all","DT#911","DT",911
560,539,25,15,0.9739130434782609,0.9729241877256317,0.9739130434782609,0.9739130434782609,0.9655172413793104,0.9648814749780509,0.9297444833382164,911,"all","RF#911","RF",911
519,502,62,56,0.9026086956521739,0.899641577060932,0.9026086956521739,0.9026086956521739,0.8979238754325259,0.8964003511852502,0.7927602870474022,911,"all","NB#911","NB",911
554,531,33,21,0.9634782608695652,0.9619565217391305,0.9634782608695652,0.9634782608695652,0.9535283993115319,0.9525899912203687,0.9051518347859878,911,"all","MLP#911","MLP",911
553,505,59,22,0.9617391304347827,0.9582542694497154,0.9617391304347827,0.9617391304347827,0.9317607413647853,0.9288849868305531,0.8576673922735975,912,"all","DT#912","DT",912
560,540,24,15,0.9739130434782609,0.972972972972973,0.9739130434782609,0.9739130434782609,0.9663503019844694,0.9657594381035997,0.9315020331502959,912,"all","RF#912","RF",912
471,547,17,104,0.9698581560283688,0.9651639344262295,0.9698581560283688,0.9698581560283688,0.9004115226337449,0.8937664618086041,0.7878261646014131,912,"all","NB#912","NB",912
557,521,43,18,0.9686956521739131,0.9666048237476809,0.9686956521739131,0.9686956521739131,0.9480851063829787,0.9464442493415277,0.8928330698338026,912,"all","MLP#912","MLP",912
532,523,41,43,0.9273049645390071,0.9284467713787086,0.9273049645390071,0.9273049645390071,0.926829268292683,0.926251097453907,0.8524934399388243,913,"all","DT#913","DT",913
544,541,23,31,0.9592198581560284,0.9594356261022927,0.9592198581560284,0.9592198581560284,0.9527145359019263,0.9525899912203687,0.9051840021705347,913,"all","RF#913","RF",913
450,543,21,125,0.9627659574468085,0.9554140127388535,0.9627659574468085,0.9627659574468085,0.8814935064935066,0.8718173836698858,0.7440622768351842,913,"all","NB#913","NB",913
535,540,24,40,0.9574468085106383,0.9570661896243292,0.9574468085106383,0.9574468085106383,0.9440559440559441,0.9438103599648815,0.8876407265373566,913,"all","MLP#913","MLP",913
534,517,47,41,0.928695652173913,0.9265232974910395,0.928695652173913,0.928695652173913,0.9238754325259516,0.922739244951712,0.8454483496624694,914,"all","DT#914","DT",914
551,536,28,24,0.9582608695652174,0.9571428571428572,0.9582608695652174,0.9582608695652174,0.9549393414211439,0.9543459174714662,0.9086771227156947,914,"all","RF#914","RF",914
520,486,78,55,0.9043478260869565,0.8983364140480592,0.9043478260869565,0.9043478260869565,0.886615515771526,0.8832309043020193,0.766348884162339,914,"all","NB#914","NB",914
537,535,29,38,0.9485815602836879,0.9487632508833922,0.9485815602836879,0.9485815602836879,0.9412795793163892,0.9411764705882353,0.8823599234776067,914,"all","MLP#914","MLP",914
539,512,52,36,0.9373913043478261,0.9343065693430657,0.9373913043478261,0.9373913043478261,0.9245283018867924,0.922739244951712,0.8454221311981048,915,"all","DT#915","DT",915
557,530,34,18,0.9686956521739131,0.9671532846715328,0.9686956521739131,0.9686956521739131,0.9554030874785591,0.9543459174714662,0.9086585320716075,915,"all","RF#915","RF",915
491,525,39,84,0.9308510638297872,0.9264150943396227,0.9308510638297872,0.9308510638297872,0.8951406649616369,0.8920105355575065,0.7841656460148361,915,"all","NB#915","NB",915
542,524,40,33,0.9426086956521739,0.940754039497307,0.9426086956521739,0.9426086956521739,0.9369057908383751,0.935908691834943,0.871790206361224,915,"all","MLP#915","MLP",915
534,515,49,41,0.928695652173913,0.9262589928057554,0.928695652173913,0.928695652173913,0.9222797927461139,0.9209833187006146,0.841930450014803,916,"all","DT#916","DT",916
557,539,25,18,0.9686956521739131,0.9676840215439856,0.9686956521739131,0.9686956521739131,0.9628349178910978,0.9622475856014048,0.924479162651132,916,"all","RF#916","RF",916
505,522,42,70,0.925531914893617,0.923217550274223,0.925531914893617,0.925531914893617,0.903114186851211,0.9016681299385426,0.8034112693941207,916,"all","NB#916","NB",916
543,539,25,32,0.9556737588652482,0.9559859154929577,0.9556737588652482,0.9556737588652482,0.9501312335958005,0.9499561018437226,0.899914749559488,916,"all","MLP#916","MLP",916
522,532,32,53,0.9432624113475178,0.9422382671480144,0.9432624113475178,0.9432624113475178,0.9260226283724978,0.9253731343283582,0.8507854895959039,917,"all","DT#917","DT",917
548,548,16,27,0.9716312056737588,0.9716312056737588,0.9716312056737588,0.9716312056737588,0.9622475856014047,0.9622475856014048,0.9245022128156788,917,"all","RF#917","RF",917
514,511,53,61,0.9060283687943262,0.9065255731922398,0.9060283687943262,0.9060283687943262,0.9001751313485113,0.8999122036874452,0.7998328934711294,917,"all","NB#917","NB",917
546,534,30,29,0.9495652173913044,0.9484902309058615,0.9495652173913044,0.9495652173913044,0.94874022589053,0.9482001755926251,0.896388930432061,917,"all","MLP#917","MLP",917
535,529,35,40,0.9379432624113475,0.9385964912280702,0.9379432624113475,0.9379432624113475,0.9344978165938864,0.9341527655838455,0.8683044145192745,918,"all","DT#918","DT",918
551,537,27,24,0.9582608695652174,0.9572192513368984,0.9582608695652174,0.9582608695652174,0.9557675628794449,0.9552238805970149,0.9104348509868679,918,"all","RF#918","RF",918
507,525,39,68,0.9308510638297872,0.9285714285714286,0.9308510638297872,0.9308510638297872,0.9075194468452895,0.9060579455662863,0.8121907356696291,918,"all","NB#918","NB",918
545,544,20,30,0.9645390070921985,0.9646017699115044,0.9645390070921985,0.9645390070921985,0.956140350877193,0.9561018437225637,0.9122103867675848,918,"all","MLP#918","MLP",918
535,514,50,40,0.9304347826086956,0.927797833935018,0.9304347826086956,0.9304347826086956,0.9224137931034483,0.9209833187006146,0.841925087510987,919,"all","DT#919","DT",919
549,538,26,26,0.9547826086956521,0.9547826086956521,0.9547826086956521,0.9547826086956521,0.9547826086956521,0.9543459174714662,0.9086833179155104,919,"all","RF#919","RF",919
510,514,50,65,0.9113475177304965,0.9107142857142857,0.9113475177304965,0.9113475177304965,0.8993875765529309,0.8990342405618964,0.7981010072984825,919,"all","NB#919","NB",919
547,529,35,28,0.951304347826087,0.9497307001795332,0.951304347826087,0.951304347826087,0.9455488331892826,0.9446883230904302,0.8893531917911931,919,"all","MLP#919","MLP",919
524,518,46,51,0.9184397163120568,0.9192982456140351,0.9184397163120568,0.9184397163120568,0.9152838427947598,0.9148375768217735,0.8296737094449284,920,"all","DT#920","DT",920
554,535,29,21,0.9634782608695652,0.9622302158273381,0.9634782608695652,0.9634782608695652,0.9568221070811744,0.9561018437225637,0.9121835833415574,920,"all","RF#920","RF",920
523,495,69,52,0.9095652173913044,0.9049360146252285,0.9095652173913044,0.9095652173913044,0.8963153384747216,0.8937664618086041,0.7874518246858099,920,"all","NB#920","NB",920
544,533,31,31,0.9460869565217391,0.9460869565217391,0.9460869565217391,0.9460869565217391,0.9460869565217391,0.9455662862159789,0.8911224175146469,920,"all","MLP#920","MLP",920
536,521,43,39,0.9321739130434783,0.9303571428571429,0.9321739130434783,0.9321739130434783,0.9289428076256501,0.9280070237050044,0.8559908473593646,921,"all","DT#921","DT",921
547,540,24,28,0.9574468085106383,0.957968476357268,0.9574468085106383,0.9574468085106383,0.9546247818499128,0.9543459174714662,0.9086895122748381,921,"all","RF#921","RF",921
516,508,56,59,0.900709219858156,0.9020979020979021,0.900709219858156,0.900709219858156,0.8997384481255448,0.8990342405618964,0.7980599198622333,921,"all","NB#921","NB",921
544,534,30,31,0.9468085106382979,0.9477351916376306,0.9468085106382979,0.9468085106382979,0.9469103568320278,0.9464442493415277,0.8928803242621541,921,"all","MLP#921","MLP",921
541,511,53,34,0.9408695652173913,0.9376146788990826,0.9408695652173913,0.9408695652173913,0.9255774165953806,0.9236172080772608,0.8471709200158547,922,"all","DT#922","DT",922
559,534,30,16,0.9721739130434782,0.9709090909090909,0.9721739130434782,0.9721739130434782,0.9604810996563574,0.9596136962247586,0.9192006736104471,922,"all","RF#922","RF",922
482,528,36,93,0.9361702127659575,0.9305019305019305,0.9361702127659575,0.9361702127659575,0.8911392405063292,0.8867427568042142,0.7736831647482314,922,"all","NB#922","NB",922
552,527,37,23,0.96,0.9581818181818181,0.96,0.96,0.9484536082474226,0.9473222124670764,0.8946095742744963,922,"all","MLP#922","MLP",922
524,524,40,51,0.9290780141843972,0.9290780141843972,0.9290780141843972,0.9290780141843972,0.9201053555750658,0.9201053555750659,0.8402256131680645,923,"all","DT#923","DT",923
548,538,26,27,0.9539007092198581,0.9547038327526133,0.9539007092198581,0.9539007092198581,0.9538729329852046,0.9534679543459175,0.9069288063261338,923,"all","RF#923","RF",923
508,501,63,67,0.8882978723404256,0.8896672504378283,0.8882978723404256,0.8882978723404256,0.8865619546247818,0.8858647936786654,0.7717237806870948,923,"all","NB#923","NB",923
540,533,31,35,0.9450354609929078,0.9457092819614711,0.9450354609929078,0.9450354609929078,0.9424083769633508,0.9420544337137841,0.884105919425756,923,"all","MLP#923","MLP",923
550,520,44,25,0.9565217391304348,0.9541284403669725,0.9565217391304348,0.9565217391304348,0.9409751924721985,0.9394205443371378,0.8787907296677469,924,"all","DT#924","DT",924
561,530,34,14,0.9756521739130435,0.9742647058823529,0.9756521739130435,0.9756521739130435,0.958974358974359,0.9578577699736611,0.9156790770844259,924,"all","RF#924","RF",924
357,548,16,218,0.9716312056737588,0.9571045576407506,0.9716312056737588,0.9716312056737588,0.8240601503759398,0.7945566286215979,0.590477887963222,924,"all","NB#924","NB",924
563,521,43,12,0.9791304347826087,0.9774859287054409,0.9791304347826087,0.9791304347826087,0.9534292972057579,0.95171202809482,0.9033642417613947,924,"all","MLP#924","MLP",924
532,521,43,43,0.9252173913043479,0.9252173913043479,0.9252173913043479,0.9252173913043479,0.9252173913043479,0.9244951712028094,0.8489762565525747,925,"all","DT#925","DT",925
554,537,27,21,0.9634782608695652,0.9623655913978495,0.9634782608695652,0.9634782608695652,0.9584775086505191,0.9578577699736611,0.9156990998158925,925,"all","RF#925","RF",925
523,508,56,52,0.9095652173913044,0.9071428571428571,0.9095652173913044,0.9095652173913044,0.9064124783362218,0.9051799824407375,0.8103294087172118,925,"all","NB#925","NB",925
542,536,28,33,0.950354609929078,0.9508771929824561,0.950354609929078,0.950354609929078,0.9467248908296942,0.9464442493415277,0.8928875904756767,925,"all","MLP#925","MLP",925
531,521,43,44,0.9237588652482269,0.9250871080139372,0.9237588652482269,0.9237588652482269,0.9242819843342036,0.9236172080772608,0.8472227575542197,926,"all","DT#926","DT",926
558,530,34,17,0.9704347826086956,0.9689213893967094,0.9704347826086956,0.9704347826086956,0.9562982005141388,0.9552238805970149,0.9104135789998041,926,"all","RF#926","RF",926
544,439,125,31,0.9460869565217391,0.9340425531914893,0.9460869565217391,0.9460869565217391,0.8745980707395499,0.8630377524143986,0.7256125244376636,926,"all","NB#926","NB",926
550,515,49,25,0.9565217391304348,0.9537037037037037,0.9565217391304348,0.9565217391304348,0.9369676320272572,0.9350307287093942,0.8699964216085486,926,"all","MLP#926","MLP",926
535,523,41,40,0.9304347826086956,0.9289520426287744,0.9304347826086956,0.9304347826086956,0.9296264118158123,0.9288849868305531,0.857754294321982,927,"all","DT#927","DT",927
552,533,31,23,0.96,0.9586330935251799,0.96,0.96,0.9533678756476682,0.9525899912203687,0.9051582700088817,927,"all","RF#927","RF",927
538,479,85,37,0.9356521739130435,0.9282945736434108,0.9356521739130435,0.9356521739130435,0.8981636060100167,0.8928884986830553,0.7855824661457369,927,"all","NB#927","NB",927
553,528,36,22,0.9617391304347827,0.96,0.9617391304347827,0.9617391304347827,0.950171821305842,0.9490781387181738,0.8981225884653463,927,"all","MLP#927","MLP",927
526,525,39,49,0.9308510638297872,0.9309734513274336,0.9308510638297872,0.9308510638297872,0.9228070175438596,0.922739244951712,0.8454902807109493,928,"all","DT#928","DT",928
549,534,30,26,0.9547826086956521,0.9535714285714286,0.9547826086956521,0.9547826086956521,0.951473136915078,0.9508340649692713,0.9016522860015171,928,"all","RF#928","RF",928
527,492,72,48,0.9165217391304348,0.9111111111111111,0.9165217391304348,0.9165217391304348,0.8977853492333902,0.8946444249341527,0.7891833863922411,928,"all","NB#928","NB",928
534,536,28,41,0.950354609929078,0.9501779359430605,0.950354609929078,0.950354609929078,0.939526730937774,0.9394205443371378,0.8788564963321377,928,"all","MLP#928","MLP",928
541,529,35,34,0.9408695652173913,0.9396092362344582,0.9408695652173913,0.9408695652173913,0.9400521285838401,0.9394205443371378,0.8788277322002069,929,"all","DT#929","DT",929
556,544,20,19,0.9669565217391304,0.9662522202486679,0.9669565217391304,0.9669565217391304,0.9661164205039096,0.9657594381035997,0.9315113268957691,929,"all","RF#929","RF",929
533,491,73,42,0.9269565217391305,0.9212007504690432,0.9269565217391305,0.9269565217391305,0.9026248941574937,0.8990342405618964,0.7979434145920072,929,"all","NB#929","NB",929
538,545,19,37,0.9663120567375887,0.9658886894075404,0.9663120567375887,0.9663120567375887,0.9511343804537521,0.9508340649692713,0.9016889694481178,929,"all","MLP#929","MLP",929
532,527,37,43,0.9343971631205674,0.9349736379613357,0.9343971631205674,0.9343971631205674,0.9300699300699301,0.9297629499561019,0.8595270909836495,930,"all","DT#930","DT",930
562,541,23,13,0.9773913043478261,0.9765342960288809,0.9773913043478261,0.9773913043478261,0.9689655172413794,0.9683933274802459,0.9367700350043949,930,"all","RF#930","RF",930
539,486,78,36,0.9373913043478261,0.9310344827586207,0.9373913043478261,0.9373913043478261,0.9043624161073825,0.8999122036874452,0.7996630347240866,930,"all","NB#930","NB",930
554,531,33,21,0.9634782608695652,0.9619565217391305,0.9634782608695652,0.9634782608695652,0.9535283993115319,0.9525899912203687,0.9051518347859878,930,"all","MLP#930","MLP",930
536,524,40,39,0.9321739130434783,0.9307282415630551,0.9321739130434783,0.9321739130434783,0.9313640312771503,0.9306409130816505,0.8612665339683527,931,"all","DT#931","DT",931
550,542,22,25,0.9609929078014184,0.9615384615384616,0.9609929078014184,0.9609929078014184,0.959023539668701,0.9587357330992098,0.9174679672480431,931,"all","RF#931","RF",931
528,515,49,47,0.9182608695652174,0.9163701067615658,0.9182608695652174,0.9182608695652174,0.9166666666666666,0.9157155399473222,0.8314096376997061,931,"all","NB#931","NB",931
543,534,30,32,0.9468085106382979,0.9476439790575916,0.9468085106382979,0.9468085106382979,0.945993031358885,0.9455662862159789,0.8911261104310368,931,"all","MLP#931","MLP",931
535,511,53,40,0.9304347826086956,0.9274047186932849,0.9304347826086956,0.9304347826086956,0.9200343938091143,0.9183494293239683,0.8366476111754518,932,"all","DT#932","DT",932
547,532,32,28,0.951304347826087,0.95,0.951304347826087,0.951304347826087,0.9480069324090121,0.9473222124670764,0.8946274492873398,932,"all","RF#932","RF",932
507,517,47,68,0.9166666666666666,0.9151624548736462,0.9166666666666666,0.9166666666666666,0.8999129677980854,0.8990342405618964,0.7981215447473995,932,"all","NB#932","NB",932
534,536,28,41,0.950354609929078,0.9501779359430605,0.950354609929078,0.950354609929078,0.939526730937774,0.9394205443371378,0.8788564963321377,932,"all","MLP#932","MLP",932
541,527,37,34,0.9408695652173913,0.9393939393939394,0.9408695652173913,0.9408695652173913,0.9384215091066783,0.9376646180860404,0.875311263138581,933,"all","DT#933","DT",933
549,542,22,26,0.9609929078014184,0.9614711033274956,0.9609929078014184,0.9609929078014184,0.9581151832460733,0.9578577699736611,0.9157133959460043,933,"all","RF#933","RF",933
495,519,45,80,0.9202127659574468,0.9166666666666666,0.9202127659574468,0.9202127659574468,0.8925193465176269,0.8902546093064091,0.7806189665400587,933,"all","NB#933","NB",933
540,533,31,35,0.9450354609929078,0.9457092819614711,0.9450354609929078,0.9450354609929078,0.9424083769633508,0.9420544337137841,0.884105919425756,933,"all","MLP#933","MLP",933
533,536,28,42,0.950354609929078,0.9500891265597148,0.950354609929078,0.950354609929078,0.9387040280210157,0.9385425812115891,0.8771028772076933,934,"all","DT#934","DT",934
544,544,20,31,0.9645390070921985,0.9645390070921985,0.9645390070921985,0.9645390070921985,0.9552238805970149,0.9552238805970149,0.9104561128744096,934,"all","RF#934","RF",934
543,425,139,32,0.9443478260869566,0.9299781181619255,0.9443478260869566,0.9443478260869566,0.8639618138424822,0.8498683055311677,0.6991626803496322,934,"all","NB#934","NB",934
531,547,17,44,0.9698581560283688,0.968978102189781,0.9698581560283688,0.9698581560283688,0.9471861471861471,0.9464442493415277,0.8929275370359241,934,"all","MLP#934","MLP",934
535,526,38,40,0.9326241134751773,0.9336823734729494,0.9326241134751773,0.9326241134751773,0.9320557491289198,0.9315188762071993,0.8630296228003368,935,"all","DT#935","DT",935
552,538,26,23,0.96,0.9590017825311943,0.96,0.96,0.9575021682567215,0.9569798068481123,0.9139472097716966,935,"all","RF#935","RF",935
433,541,23,142,0.9592198581560284,0.9495614035087719,0.9592198581560284,0.9592198581560284,0.8676824378508421,0.8551360842844601,0.710828746793782,935,"all","NB#935","NB",935
537,538,26,38,0.9539007092198581,0.9538188277087034,0.9539007092198581,0.9539007092198581,0.943859649122807,0.9438103599648815,0.8876331058125698,935,"all","MLP#935","MLP",935
544,513,51,31,0.9460869565217391,0.9430147058823529,0.9460869565217391,0.9460869565217391,0.9299145299145298,0.9280070237050044,0.8559517566858942,936,"all","DT#936","DT",936
558,535,29,17,0.9704347826086956,0.9692028985507246,0.9704347826086956,0.9704347826086956,0.9604130808950085,0.9596136962247586,0.9192034148176934,936,"all","RF#936","RF",936
505,522,42,70,0.925531914893617,0.923217550274223,0.925531914893617,0.925531914893617,0.903114186851211,0.9016681299385426,0.8034112693941207,936,"all","NB#936","NB",936
537,533,31,38,0.9450354609929078,0.9454225352112676,0.9450354609929078,0.9450354609929078,0.9396325459317586,0.9394205443371378,0.8788441705193802,936,"all","MLP#936","MLP",936
534,527,37,41,0.9343971631205674,0.9352014010507881,0.9343971631205674,0.9343971631205674,0.9319371727748691,0.9315188762071993,0.8630342684122569,937,"all","DT#937","DT",937
552,539,25,23,0.96,0.9590747330960854,0.96,0.96,0.9583333333333334,0.9578577699736611,0.9157048188498531,937,"all","RF#937","RF",937
510,514,50,65,0.9113475177304965,0.9107142857142857,0.9113475177304965,0.9113475177304965,0.8993875765529309,0.8990342405618964,0.7981010072984825,937,"all","NB#937","NB",937
536,541,23,39,0.9592198581560284,0.9588550983899821,0.9592198581560284,0.9592198581560284,0.945804195804196,0.9455662862159789,0.8911519538330641,937,"all","MLP#937","MLP",937
550,521,43,25,0.9565217391304348,0.9542124542124543,0.9565217391304348,0.9565217391304348,0.9417808219178083,0.9402985074626866,0.8805494122473405,938,"all","DT#938","DT",938
558,536,28,17,0.9704347826086956,0.969258589511754,0.9704347826086956,0.9704347826086956,0.9612403100775193,0.9604916593503073,0.9209612030613175,938,"all","RF#938","RF",938
539,457,107,36,0.9373913043478261,0.9269776876267748,0.9373913043478261,0.9373913043478261,0.8828828828828827,0.874451273046532,0.7485763770435878,938,"all","NB#938","NB",938
559,524,40,16,0.9721739130434782,0.9703703703703703,0.9721739130434782,0.9721739130434782,0.9522998296422487,0.9508340649692713,0.9016189136497125,938,"all","MLP#938","MLP",938
543,529,35,32,0.9443478260869566,0.9429590017825312,0.9443478260869566,0.9443478260869566,0.9418907198612315,0.9411764705882353,0.8823359807082383,939,"all","DT#939","DT",939
557,533,31,18,0.9686956521739131,0.9673321234119783,0.9686956521739131,0.9686956521739131,0.9578675838349098,0.9569798068481123,0.9139326123397542,939,"all","RF#939","RF",939
501,524,40,74,0.9290780141843972,0.9260628465804066,0.9290780141843972,0.9290780141843972,0.9018932874354562,0.8999122036874452,0.7999211062384627,939,"all","NB#939","NB",939
544,529,35,31,0.9460869565217391,0.9446428571428571,0.9460869565217391,0.9460869565217391,0.9428076256499134,0.9420544337137841,0.8840901942160739,939,"all","MLP#939","MLP",939
532,526,38,43,0.9326241134751773,0.9333333333333333,0.9326241134751773,0.9326241134751773,0.9292576419213975,0.9288849868305531,0.8577687676808164,940,"all","DT#940","DT",940
549,538,26,26,0.9547826086956521,0.9547826086956521,0.9547826086956521,0.9547826086956521,0.9547826086956521,0.9543459174714662,0.9086833179155104,940,"all","RF#940","RF",940
506,514,50,69,0.9113475177304965,0.9100719424460432,0.9113475177304965,0.9113475177304965,0.896251089799477,0.8955223880597015,0.7910926019830181,940,"all","NB#940","NB",940
543,538,26,32,0.9539007092198581,0.9543057996485061,0.9539007092198581,0.9539007092198581,0.9493006993006994,0.9490781387181738,0.8981571409631458,940,"all","MLP#940","MLP",940
535,525,39,40,0.9308510638297872,0.9320557491289199,0.9308510638297872,0.9308510638297872,0.9312445604873804,0.9306409130816505,0.8612712396181994,941,"all","DT#941","DT",941
550,542,22,25,0.9609929078014184,0.9615384615384616,0.9609929078014184,0.9609929078014184,0.959023539668701,0.9587357330992098,0.9174679672480431,941,"all","RF#941","RF",941
481,535,29,94,0.9485815602836879,0.9431372549019608,0.9485815602836879,0.9485815602836879,0.8968985750209555,0.8920105355575065,0.7842387747087314,941,"all","NB#941","NB",941
538,539,25,37,0.9556737588652482,0.955595026642984,0.9556737588652482,0.9556737588652482,0.9456140350877192,0.9455662862159789,0.8911445712559269,941,"all","MLP#941","MLP",941
543,524,40,32,0.9443478260869566,0.9424460431654677,0.9443478260869566,0.9443478260869566,0.9378238341968913,0.9367866549604916,0.8735443600118424,942,"all","DT#942","DT",942
560,537,27,15,0.9739130434782609,0.9728260869565217,0.9739130434782609,0.9739130434782609,0.963855421686747,0.9631255487269534,0.9262292048335461,942,"all","RF#942","RF",942
531,470,94,44,0.9234782608695652,0.914396887159533,0.9234782608695652,0.9234782608695652,0.8849999999999999,0.8788410886742757,0.7574539001620246,942,"all","NB#942","NB",942
549,533,31,26,0.9547826086956521,0.9534883720930233,0.9547826086956521,0.9547826086956521,0.9506493506493506,0.9499561018437226,0.8998943789559707,942,"all","MLP#942","MLP",942
531,522,42,44,0.925531914893617,0.9267015706806283,0.925531914893617,0.925531914893617,0.9250871080139373,0.9244951712028094,0.8489813789849866,943,"all","DT#943","DT",943
556,535,29,19,0.9669565217391304,0.9657039711191335,0.9669565217391304,0.9669565217391304,0.9586206896551723,0.9578577699736611,0.9156933800058598,943,"all","RF#943","RF",943
527,486,78,48,0.9165217391304348,0.9101123595505618,0.9165217391304348,0.9165217391304348,0.8932203389830509,0.8893766461808604,0.7786200194363461,943,"all","NB#943","NB",943
534,539,25,41,0.9556737588652482,0.9552772808586762,0.9556737588652482,0.9556737588652482,0.9423076923076923,0.9420544337137841,0.884129499241649,943,"all","MLP#943","MLP",943
531,518,46,44,0.9234782608695652,0.9217081850533808,0.9234782608695652,0.9234782608695652,0.9218750000000001,0.9209833187006146,0.8419465353434744,944,"all","DT#944","DT",944
557,542,22,18,0.9686956521739131,0.9678571428571429,0.9686956521739131,0.9686956521739131,0.9653379549393415,0.9648814749780509,0.9297516328582265,944,"all","RF#944","RF",944
522,493,71,53,0.9078260869565218,0.9029304029304029,0.9078260869565218,0.9078260869565218,0.8938356164383562,0.8911325724319579,0.7821783399804443,944,"all","NB#944","NB",944
540,533,31,35,0.9450354609929078,0.9457092819614711,0.9450354609929078,0.9450354609929078,0.9424083769633508,0.9420544337137841,0.884105919425756,944,"all","MLP#944","MLP",944
537,529,35,38,0.9379432624113475,0.9388111888111889,0.9379432624113475,0.9379432624113475,0.9363557105492589,0.935908691834943,0.8718119491299395,945,"all","DT#945","DT",945
549,538,26,26,0.9547826086956521,0.9547826086956521,0.9547826086956521,0.9547826086956521,0.9547826086956521,0.9543459174714662,0.9086833179155104,945,"all","RF#945","RF",945
492,525,39,83,0.9308510638297872,0.9265536723163842,0.9308510638297872,0.9308510638297872,0.8959044368600683,0.8928884986830553,0.7859167688619655,945,"all","NB#945","NB",945
549,525,39,26,0.9547826086956521,0.9528130671506352,0.9547826086956521,0.9547826086956521,0.9441100601891659,0.9429323968393327,0.8858289755527351,945,"all","MLP#945","MLP",945
532,539,25,43,0.9556737588652482,0.9551166965888689,0.9556737588652482,0.9556737588652482,0.9406631762652705,0.9402985074626866,0.8806223200441432,946,"all","DT#946","DT",946
551,544,20,24,0.9645390070921985,0.9649737302977233,0.9645390070921985,0.9645390070921985,0.9616055846422339,0.961369622475856,0.9227372796171706,946,"all","RF#946","RF",946
514,516,48,61,0.9148936170212766,0.9145907473309609,0.9148936170212766,0.9148936170212766,0.9044697633654689,0.9043020193151887,0.8086283782638116,946,"all","NB#946","NB",946
547,534,30,28,0.951304347826087,0.9501779359430605,0.951304347826087,0.951304347826087,0.9496527777777778,0.9490781387181738,0.8981433227769057,946,"all","MLP#946","MLP",946
540,530,34,35,0.9397163120567376,0.9407665505226481,0.9397163120567376,0.9397163120567376,0.9399477806788512,0.9394205443371378,0.8788318421981742,947,"all","DT#947","DT",947
553,540,24,22,0.9617391304347827,0.9608540925266904,0.9617391304347827,0.9617391304347827,0.9600694444444445,0.9596136962247586,0.9192171180644425,947,"all","RF#947","RF",947
521,523,41,54,0.9273049645390071,0.9270462633451957,0.9273049645390071,0.9273049645390071,0.9167397020157756,0.9165935030728709,0.8332082195877257,947,"all","NB#947","NB",947
553,524,40,22,0.9617391304347827,0.9597069597069597,0.9617391304347827,0.9617391304347827,0.9469178082191781,0.9455662862159789,0.8910891699902221,947,"all","MLP#947","MLP",947
541,530,34,34,0.9408695652173913,0.9408695652173913,0.9408695652173913,0.9408695652173913,0.9408695652173913,0.9402985074626866,0.880585877274129,948,"all","DT#948","DT",948
555,541,23,20,0.9652173913043478,0.964349376114082,0.9652173913043478,0.9652173913043478,0.9627059843885516,0.9622475856014048,0.9244842861261828,948,"all","RF#948","RF",948
504,534,30,71,0.9468085106382979,0.9438202247191011,0.9468085106382979,0.9468085106382979,0.913601368691189,0.9113257243195786,0.8227581499758879,948,"all","NB#948","NB",948
549,535,29,26,0.9547826086956521,0.9536541889483066,0.9547826086956521,0.9547826086956521,0.9522983521248916,0.95171202809482,0.9034101334172105,948,"all","MLP#948","MLP",948
537,530,34,38,0.9397163120567376,0.9404553415061296,0.9397163120567376,0.9397163120567376,0.93717277486911,0.9367866549604916,0.8735700939190063,949,"all","DT#949","DT",949
548,545,19,27,0.9663120567375887,0.9664902998236331,0.9663120567375887,0.9663120567375887,0.9597197898423818,0.9596136962247586,0.9192308166637889,949,"all","RF#949","RF",949
508,515,49,67,0.9131205673758865,0.9120287253141831,0.9131205673758865,0.9131205673758865,0.8987783595113439,0.8981562774363476,0.7963557224282442,949,"all","NB#949","NB",949
543,541,23,32,0.9592198581560284,0.9593639575971732,0.9592198581560284,0.9592198581560284,0.9517966695880806,0.95171202809482,0.9034297879293787,949,"all","MLP#949","MLP",949
534,525,39,41,0.9308510638297872,0.9319371727748691,0.9308510638297872,0.9308510638297872,0.9303135888501742,0.9297629499561019,0.8595175618464993,950,"all","DT#950","DT",950
553,535,29,22,0.9617391304347827,0.9605026929982047,0.9617391304347827,0.9617391304347827,0.9559204840103717,0.9552238805970149,0.9104287743071564,950,"all","RF#950","RF",950
499,529,35,76,0.9379432624113475,0.9344569288389513,0.9379432624113475,0.9379432624113475,0.9050470487596236,0.9025460930640913,0.8052094519536985,950,"all","NB#950","NB",950
547,525,39,28,0.951304347826087,0.9493670886075949,0.951304347826087,0.951304347826087,0.94229112833764,0.9411764705882353,0.8823200134468502,950,"all","MLP#950","MLP",950
527,531,33,48,0.9414893617021277,0.9410714285714286,0.9414893617021277,0.9414893617021277,0.9291338582677167,0.9288849868305531,0.8577928834015398,951,"all","DT#951","DT",951
543,538,26,32,0.9539007092198581,0.9543057996485061,0.9539007092198581,0.9539007092198581,0.9493006993006994,0.9490781387181738,0.8981571409631458,951,"all","RF#951","RF",951
505,519,45,70,0.9202127659574468,0.9181818181818182,0.9202127659574468,0.9202127659574468,0.9002601908065916,0.8990342405618964,0.7981352340589482,951,"all","NB#951","NB",951
539,541,23,36,0.9592198581560284,0.9590747330960854,0.9592198581560284,0.9592198581560284,0.9482909728308502,0.9482001755926251,0.8964135258492193,951,"all","MLP#951","MLP",951
538,535,29,37,0.9485815602836879,0.9488536155202821,0.9485815602836879,0.9485815602836879,0.9422066549912433,0.9420544337137841,0.8841137804306538,952,"all","DT#952","DT",952
563,544,20,12,0.9791304347826087,0.9784172661870504,0.9791304347826087,0.9791304347826087,0.9723661485319517,0.9719051799824407,0.9437974933385966,952,"all","RF#952","RF",952
540,488,76,35,0.9391304347826087,0.9330783938814532,0.9391304347826087,0.9391304347826087,0.906801007556675,0.9025460930640913,0.8049383706524271,952,"all","NB#952","NB",952
553,542,22,22,0.9617391304347827,0.9617391304347827,0.9617391304347827,0.9617391304347827,0.9617391304347827,0.961369622475856,0.922732038236201,952,"all","MLP#952","MLP",952
530,513,51,45,0.9217391304347826,0.9193548387096774,0.9217391304347826,0.9217391304347826,0.916955017301038,0.9157155399473222,0.831398199631785,953,"all","DT#953","DT",953
545,539,25,30,0.9556737588652482,0.956140350877193,0.9556737588652482,0.9556737588652482,0.9519650655021834,0.95171202809482,0.9034232373141347,953,"all","RF#953","RF",953
507,515,49,68,0.9131205673758865,0.9118705035971223,0.9131205673758865,0.9131205673758865,0.8979947689625108,0.897278314310799,0.7946036506891858,953,"all","NB#953","NB",953
533,541,23,42,0.9592198581560284,0.9586330935251799,0.9592198581560284,0.9592198581560284,0.9433304272013949,0.9429323968393327,0.8858909170495476,953,"all","MLP#953","MLP",953
549,523,41,26,0.9547826086956521,0.9526411657559198,0.9547826086956521,0.9547826086956521,0.9424892703862662,0.9411764705882353,0.882312028190952,954,"all","DT#954","DT",954
558,536,28,17,0.9704347826086956,0.969258589511754,0.9704347826086956,0.9704347826086956,0.9612403100775193,0.9604916593503073,0.9209612030613175,954,"all","RF#954","RF",954
527,495,69,48,0.9165217391304348,0.9116022099447514,0.9165217391304348,0.9165217391304348,0.9000853970964987,0.897278314310799,0.7944642634055608,954,"all","NB#954","NB",954
547,534,30,28,0.951304347826087,0.9501779359430605,0.951304347826087,0.951304347826087,0.9496527777777778,0.9490781387181738,0.8981433227769057,954,"all","MLP#954","MLP",954
531,519,45,44,0.9234782608695652,0.921875,0.9234782608695652,0.9234782608695652,0.9226759339704604,0.9218612818261633,0.8437053357364989,955,"all","DT#955","DT",955
551,538,26,24,0.9582608695652174,0.9572953736654805,0.9582608695652174,0.9582608695652174,0.9565972222222223,0.9561018437225637,0.9121925196352636,955,"all","RF#955","RF",955
515,506,58,60,0.8971631205673759,0.8987783595113438,0.8971631205673759,0.8971631205673759,0.897212543554007,0.8964003511852502,0.7927884037235863,955,"all","NB#955","NB",955
548,529,35,27,0.9530434782608695,0.9514388489208633,0.9530434782608695,0.9530434782608695,0.9464594127806563,0.9455662862159789,0.891107643343531,955,"all","MLP#955","MLP",955
538,527,37,37,0.9356521739130435,0.9356521739130435,0.9356521739130435,0.9356521739130435,0.9356521739130435,0.9350307287093942,0.8700493370336109,956,"all","DT#956","DT",956
548,543,21,27,0.9627659574468085,0.9630931458699473,0.9627659574468085,0.9627659574468085,0.958041958041958,0.9578577699736611,0.9157162545901898,956,"all","RF#956","RF",956
512,524,40,63,0.9290780141843972,0.927536231884058,0.9290780141843972,0.9290780141843972,0.9105125977410948,0.9095697980684812,0.8191932533254837,956,"all","NB#956","NB",956
539,540,24,36,0.9574468085106383,0.9573712255772646,0.9574468085106383,0.9574468085106383,0.9473684210526315,0.9473222124670764,0.8946560366992842,956,"all","MLP#956","MLP",956
533,527,37,42,0.9343971631205674,0.9350877192982456,0.9343971631205674,0.9343971631205674,0.9310043668122271,0.9306409130816505,0.8612806499603024,957,"all","DT#957","DT",957
559,544,20,16,0.9721739130434782,0.9714285714285714,0.9721739130434782,0.9721739130434782,0.9688041594454073,0.9683933274802459,0.936776469572404,957,"all","RF#957","RF",957
510,527,37,65,0.9343971631205674,0.9323583180987203,0.9343971631205674,0.9343971631205674,0.911764705882353,0.9104477611940298,0.8209638346267883,957,"all","NB#957","NB",957
540,538,26,35,0.9539007092198581,0.9540636042402827,0.9539007092198581,0.9539007092198581,0.946538124452235,0.9464442493415277,0.8928948557034928,957,"all","MLP#957","MLP",957
530,525,39,45,0.9308510638297872,0.9314586994727593,0.9308510638297872,0.9308510638297872,0.9265734265734265,0.926251097453907,0.8525034455328321,958,"all","DT#958","DT",958
559,536,28,16,0.9721739130434782,0.9710144927536232,0.9721739130434782,0.9721739130434782,0.9621342512908777,0.961369622475856,0.9227163098256197,958,"all","RF#958","RF",958
510,515,49,65,0.9131205673758865,0.9123434704830053,0.9131205673758865,0.9131205673758865,0.9003496503496503,0.8999122036874452,0.7998600441446664,958,"all","NB#958","NB",958
555,533,31,20,0.9652173913043478,0.9638336347197106,0.9652173913043478,0.9652173913043478,0.9560723514211885,0.9552238805970149,0.9104226968028263,958,"all","MLP#958","MLP",958
534,519,45,41,0.928695652173913,0.9267857142857143,0.928695652173913,0.928695652173913,0.9254766031195839,0.9244951712028094,0.8489660106451871,959,"all","DT#959","DT",959
557,537,27,18,0.9686956521739131,0.9675675675675676,0.9686956521739131,0.9686956521739131,0.9611734253666955,0.9604916593503073,0.9209638844041876,959,"all","RF#959","RF",959
521,513,51,54,0.9095744680851063,0.9108391608391608,0.9095744680851063,0.9095744680851063,0.9084568439407148,0.9078138718173837,0.8156199268307349,959,"all","NB#959","NB",959
539,545,19,36,0.9663120567375887,0.9659498207885304,0.9663120567375887,0.9663120567375887,0.9519650655021834,0.95171202809482,0.9034428864943347,959,"all","MLP#959","MLP",959
542,514,50,33,0.9426086956521739,0.9396709323583181,0.9426086956521739,0.9426086956521739,0.9288774635818338,0.9271290605794557,0.8542024913134068,960,"all","DT#960","DT",960
552,530,34,23,0.96,0.9584086799276673,0.96,0.96,0.9509043927648578,0.9499561018437226,0.8998841905443353,960,"all","RF#960","RF",960
512,514,50,63,0.9113475177304965,0.9110320284697508,0.9113475177304965,0.9113475177304965,0.9009640666082385,0.9007901668129938,0.8016055664569791,960,"all","NB#960","NB",960
551,526,38,24,0.9582608695652174,0.9563636363636364,0.9582608695652174,0.9582608695652174,0.9467353951890034,0.9455662862159789,0.8910965600836461,960,"all","MLP#960","MLP",960
538,526,38,37,0.9356521739130435,0.9342806394316163,0.9356521739130435,0.9356521739130435,0.9348392701998262,0.9341527655838455,0.8682910132610946,961,"all","DT#961","DT",961
549,542,22,26,0.9609929078014184,0.9614711033274956,0.9609929078014184,0.9609929078014184,0.9581151832460733,0.9578577699736611,0.9157133959460043,961,"all","RF#961","RF",961
516,511,53,59,0.9060283687943262,0.9068541300527241,0.9060283687943262,0.9060283687943262,0.9020979020979022,0.9016681299385426,0.8033379273771094,961,"all","NB#961","NB",961
551,529,35,24,0.9582608695652174,0.9566003616636528,0.9582608695652174,0.9582608695652174,0.9491817398794143,0.9482001755926251,0.8963713551248383,961,"all","MLP#961","MLP",961
535,527,37,40,0.9343971631205674,0.9353146853146853,0.9343971631205674,0.9343971631205674,0.9328683522231909,0.932396839332748,0.8647879463425387,962,"all","DT#962","DT",962
553,541,23,22,0.9617391304347827,0.9609236234458259,0.9617391304347827,0.9617391304347827,0.9609035621198958,0.9604916593503073,0.9209746079566568,962,"all","RF#962","RF",962
531,491,73,44,0.9234782608695652,0.9177570093457944,0.9234782608695652,0.9234782608695652,0.9007633587786259,0.897278314310799,0.7944363632437169,962,"all","NB#962","NB",962
540,544,20,35,0.9645390070921985,0.9642857142857143,0.9645390070921985,0.9645390070921985,0.9518810148731408,0.95171202809482,0.9034396121862308,962,"all","MLP#962","MLP",962
534,524,40,41,0.9290780141843972,0.9303135888501742,0.9290780141843972,0.9290780141843972,0.9295039164490861,0.9288849868305531,0.8577591191022045,963,"all","DT#963","DT",963
558,543,21,17,0.9704347826086956,0.9696428571428571,0.9704347826086956,0.9704347826086956,0.9670710571923744,0.9666374012291484,0.9332640512153154,963,"all","RF#963","RF",963
528,501,63,47,0.9182608695652174,0.9142335766423357,0.9182608695652174,0.9182608695652174,0.9056603773584906,0.9034240561896401,0.8067776639976312,963,"all","NB#963","NB",963
542,545,19,33,0.9663120567375887,0.966131907308378,0.9663120567375887,0.9663120567375887,0.9544658493870402,0.9543459174714662,0.9087049944971437,963,"all","MLP#963","MLP",963
547,524,40,28,0.951304347826087,0.9492753623188406,0.951304347826087,0.951304347826087,0.9414802065404475,0.9402985074626866,0.8805615697305034,964,"all","DT#964","DT",964
559,539,25,16,0.9721739130434782,0.9711711711711711,0.9721739130434782,0.9721739130434782,0.9646246764452113,0.9640035118525022,0.9279893169015931,964,"all","RF#964","RF",964
522,511,53,53,0.9078260869565218,0.9078260869565218,0.9078260869565218,0.9078260869565218,0.9078260869565217,0.9069359086918349,0.813854455750848,964,"all","NB#964","NB",964
547,529,35,28,0.951304347826087,0.9497307001795332,0.951304347826087,0.951304347826087,0.9455488331892826,0.9446883230904302,0.8893531917911931,964,"all","MLP#964","MLP",964
537,519,45,38,0.9339130434782609,0.9317773788150808,0.9339130434782609,0.9339130434782609,0.9282627484874677,0.9271290605794557,0.8542272209312546,965,"all","DT#965","DT",965
554,536,28,21,0.9634782608695652,0.9622980251346499,0.9634782608695652,0.9634782608695652,0.9576490924805532,0.9569798068481123,0.9139413713931502,965,"all","RF#965","RF",965
511,511,53,64,0.9060283687943262,0.9060283687943262,0.9060283687943262,0.9060283687943262,0.897278314310799,0.897278314310799,0.79457578835894,965,"all","NB#965","NB",965
545,529,35,30,0.9478260869565217,0.9463327370304114,0.9478260869565217,0.9478260869565217,0.9437229437229439,0.9429323968393327,0.8858444672304928,965,"all","MLP#965","MLP",965
536,517,47,39,0.9321739130434783,0.9298561151079137,0.9321739130434783,0.9321739130434783,0.9257340241796201,0.9244951712028094,0.8489557633474785,966,"all","DT#966","DT",966
556,536,28,19,0.9669565217391304,0.9657657657657658,0.9669565217391304,0.9669565217391304,0.9594477998274374,0.9587357330992098,0.9174511681554847,966,"all","RF#966","RF",966
531,509,55,44,0.9234782608695652,0.9204339963833634,0.9234782608695652,0.9234782608695652,0.9147286821705426,0.913081650570676,0.8261146467348981,966,"all","NB#966","NB",966
543,542,22,32,0.9609929078014184,0.9610619469026549,0.9609929078014184,0.9609929078014184,0.9526315789473684,0.9525899912203687,0.9051872177089915,966,"all","MLP#966","MLP",966
541,522,42,34,0.9408695652173913,0.9388489208633094,0.9408695652173913,0.9408695652173913,0.9343696027633852,0.9332748024582967,0.866519046679167,967,"all","DT#967","DT",967
551,548,16,24,0.9716312056737588,0.9717813051146384,0.9716312056737588,0.9716312056737588,0.9649737302977234,0.9648814749780509,0.9297659275337294,967,"all","RF#967","RF",967
489,527,37,86,0.9343971631205674,0.9296577946768061,0.9343971631205674,0.9343971631205674,0.8954970263381478,0.8920105355575065,0.7841802757190679,967,"all","NB#967","NB",967
543,530,34,32,0.9443478260869566,0.9430604982206405,0.9443478260869566,0.9443478260869566,0.9427083333333333,0.9420544337137841,0.884094125918548,967,"all","MLP#967","MLP",967
536,516,48,39,0.9321739130434783,0.9297297297297298,0.9321739130434783,0.9321739130434783,0.9249352890422777,0.9236172080772608,0.8471968431814292,968,"all","DT#968","DT",968
553,537,27,22,0.9617391304347827,0.960644007155635,0.9617391304347827,0.9617391304347827,0.9575757575757575,0.9569798068481123,0.9139442906814484,968,"all","RF#968","RF",968
513,506,58,62,0.8971631205673759,0.8984238178633975,0.8971631205673759,0.8971631205673759,0.8952879581151831,0.8946444249341527,0.7892834898650106,968,"all","NB#968","NB",968
536,536,28,39,0.950354609929078,0.950354609929078,0.950354609929078,0.950354609929078,0.9411764705882353,0.9411764705882353,0.8823639129918716,968,"all","MLP#968","MLP",968
528,529,35,47,0.9379432624113475,0.9378330373001776,0.9379432624113475,0.9379432624113475,0.9280701754385966,0.9280070237050044,0.8560299168223551,969,"all","DT#969","DT",969
552,544,20,23,0.9645390070921985,0.965034965034965,0.9645390070921985,0.9645390070921985,0.9625108979947689,0.9622475856014048,0.9244919700354438,969,"all","RF#969","RF",969
508,519,45,67,0.9202127659574468,0.918625678119349,0.9202127659574468,0.9202127659574468,0.9026086956521738,0.9016681299385426,0.8033912724515369,969,"all","NB#969","NB",969
543,529,35,32,0.9443478260869566,0.9429590017825312,0.9443478260869566,0.9443478260869566,0.9418907198612315,0.9411764705882353,0.8823359807082383,969,"all","MLP#969","MLP",969
545,525,39,30,0.9478260869565217,0.9459459459459459,0.9478260869565217,0.9478260869565217,0.9404659188955997,0.9394205443371378,0.8788112894197542,970,"all","DT#970","DT",970
563,543,21,12,0.9791304347826087,0.9783783783783784,0.9791304347826087,0.9791304347826087,0.9715271786022434,0.971027216856892,0.942040181896404,970,"all","RF#970","RF",970
504,524,40,71,0.9290780141843972,0.9264705882352942,0.9290780141843972,0.9290780141843972,0.904227782571182,0.9025460930640913,0.805176433604904,970,"all","NB#970","NB",970
553,538,26,22,0.9617391304347827,0.9607142857142857,0.9617391304347827,0.9617391304347827,0.9584055459272097,0.9578577699736611,0.915701959429872,970,"all","MLP#970","MLP",970
531,526,38,44,0.9326241134751773,0.9332161687170475,0.9326241134751773,0.9326241134751773,0.9283216783216784,0.9280070237050044,0.8560152682582408,971,"all","DT#971","DT",971
551,539,25,24,0.9582608695652174,0.9573712255772646,0.9582608695652174,0.9582608695652174,0.9574283231972198,0.9569798068481123,0.913950128663915,971,"all","RF#971","RF",971
522,507,57,53,0.9078260869565218,0.9053571428571429,0.9078260869565218,0.9078260869565218,0.904679376083189,0.9034240561896401,0.8068169903601231,971,"all","NB#971","NB",971
552,525,39,23,0.96,0.958029197080292,0.96,0.96,0.9468267581475128,0.9455662862159789,0.8910928651623012,971,"all","MLP#971","MLP",971
536,535,29,39,0.9485815602836879,0.9486725663716814,0.9485815602836879,0.9485815602836879,0.9403508771929826,0.9402985074626866,0.8806061260039155,972,"all","DT#972","DT",972
557,543,21,18,0.9686956521739131,0.9679144385026738,0.9686956521739131,0.9686956521739131,0.966175195143105,0.9657594381035997,0.9315090036958402,972,"all","RF#972","RF",972
531,480,84,44,0.9234782608695652,0.916030534351145,0.9234782608695652,0.9234782608695652,0.8924369747899159,0.887620719929763,0.7750678844729697,972,"all","NB#972","NB",972
548,537,27,27,0.9530434782608695,0.9530434782608695,0.9530434782608695,0.9530434782608695,0.9530434782608695,0.9525899912203687,0.9051711378353375,972,"all","MLP#972","MLP",972
525,524,40,50,0.9290780141843972,0.9292035398230089,0.9290780141843972,0.9290780141843972,0.9210526315789473,0.9209833187006146,0.8419786961816527,973,"all","DT#973","DT",973
555,538,26,20,0.9652173913043478,0.96415770609319,0.9652173913043478,0.9652173913043478,0.9602076124567475,0.9596136962247586,0.9192116373235636,973,"all","RF#973","RF",973
518,515,49,57,0.9131205673758865,0.9135802469135802,0.9131205673758865,0.9131205673758865,0.9071803852889666,0.9069359086918349,0.8138797079643834,973,"all","NB#973","NB",973
539,537,27,36,0.9521276595744681,0.9522968197879859,0.9521276595744681,0.9521276595744681,0.9447852760736196,0.9446883230904302,0.8893832116281972,973,"all","MLP#973","MLP",973
541,513,51,34,0.9408695652173913,0.9378427787934186,0.9408695652173913,0.9408695652173913,0.9271636675235646,0.9253731343283582,0.8506892983330069,974,"all","DT#974","DT",974
546,536,28,29,0.950354609929078,0.9512195121951219,0.950354609929078,0.950354609929078,0.9503916449086163,0.9499561018437226,0.899904565294144,974,"all","RF#974","RF",974
521,493,71,54,0.9060869565217391,0.9012797074954296,0.9060869565217391,0.9060869565217391,0.8928877463581834,0.8902546093064091,0.78042543872501,974,"all","NB#974","NB",974
543,525,39,32,0.9443478260869566,0.9425493716337523,0.9443478260869566,0.9443478260869566,0.9386343993085566,0.9376646180860404,0.8753028034472178,974,"all","MLP#974","MLP",974
544,521,43,31,0.9460869565217391,0.9438405797101449,0.9460869565217391,0.9460869565217391,0.9363166953528399,0.9350307287093942,0.8700228847067241,975,"all","DT#975","DT",975
557,538,26,18,0.9686956521739131,0.9676258992805755,0.9686956521739131,0.9686956521739131,0.9620034542314335,0.961369622475856,0.9227215533405704,975,"all","RF#975","RF",975
527,504,60,48,0.9165217391304348,0.9130434782608695,0.9165217391304348,0.9165217391304348,0.9070567986230637,0.9051799824407375,0.8103036695719757,975,"all","NB#975","NB",975
541,541,23,34,0.9592198581560284,0.9592198581560284,0.9592198581560284,0.9592198581560284,0.9499561018437226,0.9499561018437226,0.899921537918458,975,"all","MLP#975","MLP",975
548,523,41,27,0.9530434782608695,0.9509090909090909,0.9530434782608695,0.9530434782608695,0.9415807560137457,0.9402985074626866,0.8805575175110959,976,"all","DT#976","DT",976
551,534,30,24,0.9582608695652174,0.956989247311828,0.9582608695652174,0.9582608695652174,0.953287197231834,0.9525899912203687,0.9051614872928789,976,"all","RF#976","RF",976
503,524,40,72,0.9290780141843972,0.9263351749539595,0.9290780141843972,0.9290780141843972,0.9034482758620689,0.9016681299385426,0.8034245984294679,976,"all","NB#976","NB",976
546,536,28,29,0.950354609929078,0.9512195121951219,0.950354609929078,0.950354609929078,0.9503916449086163,0.9499561018437226,0.899904565294144,976,"all","MLP#976","MLP",976
541,520,44,34,0.9408695652173913,0.9386281588447654,0.9408695652173913,0.9408695652173913,0.9327586206896552,0.9315188762071993,0.8630017425095221,977,"all","DT#977","DT",977
551,532,32,24,0.9582608695652174,0.9568345323741008,0.9582608695652174,0.9582608695652174,0.9516407599309155,0.9508340649692713,0.9016456133425441,977,"all","RF#977","RF",977
525,507,57,50,0.9130434782608695,0.9102333931777379,0.9130434782608695,0.9130434782608695,0.9075194468452896,0.9060579455662863,0.8120760558993283,977,"all","NB#977","NB",977
547,527,37,28,0.951304347826087,0.9495495495495495,0.951304347826087,0.951304347826087,0.9439171699741157,0.9429323968393327,0.8858367219171597,977,"all","MLP#977","MLP",977
533,518,46,42,0.9269565217391305,0.925,0.9269565217391305,0.9269565217391305,0.9237435008665511,0.922739244951712,0.8454535922880985,978,"all","DT#978","DT",978
550,535,29,25,0.9565217391304348,0.9553571428571429,0.9565217391304348,0.9565217391304348,0.953206239168111,0.9525899912203687,0.9051647043586057,978,"all","RF#978","RF",978
525,485,79,50,0.9130434782608695,0.9065420560747663,0.9130434782608695,0.9130434782608695,0.8905852417302799,0.8867427568042142,0.7733529133199954,978,"all","NB#978","NB",978
534,525,39,41,0.9308510638297872,0.9319371727748691,0.9308510638297872,0.9308510638297872,0.9303135888501742,0.9297629499561019,0.8595175618464993,978,"all","MLP#978","MLP",978
546,518,46,29,0.9495652173913044,0.946983546617916,0.9495652173913044,0.9495652173913044,0.9357326478149101,0.9341527655838455,0.8682552632350061,979,"all","DT#979","DT",979
548,535,29,27,0.9530434782608695,0.9519572953736655,0.9530434782608695,0.9530434782608695,0.9513888888888888,0.9508340649692713,0.9016556219914952,979,"all","RF#979","RF",979
537,449,115,38,0.9339130434782609,0.9219712525667351,0.9339130434782609,0.9339130434782609,0.8753056234718827,0.8656716417910447,0.7309668963323982,979,"all","NB#979","NB",979
546,524,40,29,0.9495652173913044,0.9475587703435805,0.9495652173913044,0.9495652173913044,0.9405684754521964,0.9394205443371378,0.8788071780273532,979,"all","MLP#979","MLP",979
549,522,42,26,0.9547826086956521,0.9525547445255474,0.9547826086956521,0.9547826086956521,0.941680960548885,0.9402985074626866,0.8805534650167175,980,"all","DT#980","DT",980
559,537,27,16,0.9721739130434782,0.9710669077757685,0.9721739130434782,0.9721739130434782,0.9629629629629629,0.9622475856014048,0.9244740384808144,980,"all","RF#980","RF",980
437,541,23,138,0.9592198581560284,0.95,0.9592198581560284,0.9592198581560284,0.8704746580852776,0.858647936786655,0.7178198548929393,980,"all","NB#980","NB",980
549,538,26,26,0.9547826086956521,0.9547826086956521,0.9547826086956521,0.9547826086956521,0.9547826086956521,0.9543459174714662,0.9086833179155104,980,"all","MLP#980","MLP",980
537,519,45,38,0.9339130434782609,0.9317773788150808,0.9339130434782609,0.9339130434782609,0.9282627484874677,0.9271290605794557,0.8542272209312546,981,"all","DT#981","DT",981
559,543,21,16,0.9721739130434782,0.9713774597495528,0.9721739130434782,0.9721739130434782,0.9679653679653679,0.9675153643546971,0.9350191582696652,981,"all","RF#981","RF",981
532,494,70,43,0.9252173913043479,0.9199255121042831,0.9252173913043479,0.9252173913043479,0.9039932030586236,0.9007901668129938,0.8014709171483088,981,"all","NB#981","NB",981
553,542,22,22,0.9617391304347827,0.9617391304347827,0.9617391304347827,0.9617391304347827,0.9617391304347827,0.961369622475856,0.922732038236201,981,"all","MLP#981","MLP",981
534,535,29,41,0.9485815602836879,0.9484902309058615,0.9485815602836879,0.9485815602836879,0.9385964912280701,0.9385425812115891,0.877098709482498,982,"all","DT#982","DT",982
546,540,24,29,0.9574468085106383,0.9578947368421052,0.9574468085106383,0.9574468085106383,0.9537117903930131,0.9534679543459175,0.9069351195936206,982,"all","RF#982","RF",982
551,446,118,24,0.9582608695652174,0.948936170212766,0.9582608695652174,0.9582608695652174,0.8858520900321544,0.8753292361720808,0.7502370414753091,982,"all","NB#982","NB",982
544,535,29,31,0.9485815602836879,0.9493891797556719,0.9485815602836879,0.9485815602836879,0.9477351916376306,0.9473222124670764,0.8946381713848743,982,"all","MLP#982","MLP",982
548,526,38,27,0.9530434782608695,0.9511754068716094,0.9530434782608695,0.9530434782608695,0.9440137812230835,0.9429323968393327,0.8858328488663472,983,"all","DT#983","DT",983
551,541,23,24,0.9592198581560284,0.9599303135888502,0.9592198581560284,0.9592198581560284,0.959094865100087,0.9587357330992098,0.9174651678741186,983,"all","RF#983","RF",983
509,521,43,66,0.9237588652482269,0.9221014492753623,0.9237588652482269,0.9237588652482269,0.9052997393570809,0.9043020193151887,0.8086608214803661,983,"all","NB#983","NB",983
543,538,26,32,0.9539007092198581,0.9543057996485061,0.9539007092198581,0.9539007092198581,0.9493006993006994,0.9490781387181738,0.8981571409631458,983,"all","MLP#983","MLP",983
540,518,46,35,0.9391304347826087,0.9367088607594937,0.9391304347826087,0.9391304347826087,0.9302325581395349,0.9288849868305531,0.8577301655103712,984,"all","DT#984","DT",984
553,537,27,22,0.9617391304347827,0.960644007155635,0.9617391304347827,0.9617391304347827,0.9575757575757575,0.9569798068481123,0.9139442906814484,984,"all","RF#984","RF",984
496,537,27,79,0.9521276595744681,0.9483747609942639,0.9521276595744681,0.9521276595744681,0.9101694915254237,0.9069359086918349,0.8140184727622263,984,"all","NB#984","NB",984
537,523,41,38,0.9339130434782609,0.9322638146167558,0.9339130434782609,0.9339130434782609,0.9314830875975715,0.9306409130816505,0.861261827999266,984,"all","MLP#984","MLP",984
546,512,52,29,0.9495652173913044,0.9463955637707948,0.9495652173913044,0.9495652173913044,0.9309462915601023,0.9288849868305531,0.8577012001289432,985,"all","DT#985","DT",985
562,530,34,13,0.9773913043478261,0.9760589318600368,0.9773913043478261,0.9773913043478261,0.9598633646456021,0.9587357330992098,0.9174343622227465,985,"all","RF#985","RF",985
482,532,32,93,0.9432624113475178,0.9377431906614786,0.9432624113475178,0.9432624113475178,0.894869638351556,0.8902546093064091,0.780715602575812,985,"all","NB#985","NB",985
547,535,29,28,0.951304347826087,0.9502664298401421,0.951304347826087,0.951304347826087,0.9504778453518681,0.9499561018437226,0.8999011700784318,985,"all","MLP#985","MLP",985
547,508,56,28,0.951304347826087,0.9477611940298507,0.951304347826087,0.951304347826087,0.9286926994906621,0.926251097453907,0.8524183546920217,986,"all","DT#986","DT",986
558,535,29,17,0.9704347826086956,0.9692028985507246,0.9704347826086956,0.9704347826086956,0.9604130808950085,0.9596136962247586,0.9192034148176934,986,"all","RF#986","RF",986
536,479,85,39,0.9321739130434783,0.9247104247104247,0.9321739130434783,0.9321739130434783,0.8963210702341138,0.8911325724319579,0.7820748224794551,986,"all","NB#986","NB",986
558,531,33,17,0.9704347826086956,0.968978102189781,0.9704347826086956,0.9704347826086956,0.9571183533447686,0.9561018437225637,0.9121716654534687,986,"all","MLP#986","MLP",986
545,524,40,30,0.9478260869565217,0.9458483754512635,0.9478260869565217,0.9478260869565217,0.939655172413793,0.9385425812115891,0.8770528458418787,987,"all","DT#987","DT",987
557,540,24,18,0.9686956521739131,0.967741935483871,0.9686956521739131,0.9686956521739131,0.9636678200692042,0.9631255487269534,0.9262367123389058,987,"all","RF#987","RF",987
531,521,43,44,0.9237588652482269,0.9250871080139372,0.9237588652482269,0.9237588652482269,0.9242819843342036,0.9236172080772608,0.8472227575542197,987,"all","NB#987","NB",987
545,538,26,30,0.9539007092198581,0.9544658493870403,0.9539007092198581,0.9539007092198581,0.9511343804537522,0.9508340649692713,0.9016656286036716,987,"all","MLP#987","MLP",987
536,536,28,39,0.950354609929078,0.950354609929078,0.950354609929078,0.950354609929078,0.9411764705882353,0.9411764705882353,0.8823639129918716,988,"all","DT#988","DT",988
552,541,23,23,0.96,0.96,0.96,0.96,0.96,0.9596136962247586,0.9192198581560284,988,"all","RF#988","RF",988
469,534,30,106,0.9468085106382979,0.9398797595190381,0.9468085106382979,0.9468085106382979,0.8870431893687707,0.8805970149253731,0.7614791911751119,988,"all","NB#988","NB",988
538,533,31,37,0.9450354609929078,0.945518453427065,0.9450354609929078,0.9450354609929078,0.9405594405594405,0.9402985074626866,0.8805980273361022,988,"all","MLP#988","MLP",988
526,525,39,49,0.9308510638297872,0.9309734513274336,0.9308510638297872,0.9308510638297872,0.9228070175438596,0.922739244951712,0.8454902807109493,989,"all","DT#989","DT",989
548,535,29,27,0.9530434782608695,0.9519572953736655,0.9530434782608695,0.9530434782608695,0.9513888888888888,0.9508340649692713,0.9016556219914952,989,"all","RF#989","RF",989
507,519,45,68,0.9202127659574468,0.9184782608695652,0.9202127659574468,0.9202127659574468,0.9018245004344049,0.9007901668129938,0.8016392002502878,989,"all","NB#989","NB",989
534,540,24,41,0.9574468085106383,0.956989247311828,0.9574468085106383,0.9574468085106383,0.9432314410480349,0.9429323968393327,0.8858870476751228,989,"all","MLP#989","MLP",989
536,510,54,39,0.9321739130434783,0.9289617486338798,0.9321739130434783,0.9321739130434783,0.9201716738197425,0.9183494293239683,0.8366420689814706,990,"all","DT#990","DT",990
554,533,31,21,0.9634782608695652,0.9620938628158845,0.9634782608695652,0.9634782608695652,0.9551724137931035,0.9543459174714662,0.9086678283396815,990,"all","RF#990","RF",990
527,497,67,48,0.9165217391304348,0.9119266055045872,0.9165217391304348,0.9165217391304348,0.9016253207869974,0.8990342405618964,0.7979845494462446,990,"all","NB#990","NB",990
537,526,38,38,0.9339130434782609,0.9339130434782609,0.9339130434782609,0.9339130434782609,0.9339130434782609,0.9332748024582967,0.8665371569534381,990,"all","MLP#990","MLP",990
538,519,45,37,0.9356521739130435,0.9334532374100719,0.9356521739130435,0.9356521739130435,0.929188255613126,0.9280070237050044,0.855981076680154,991,"all","DT#991","DT",991
543,530,34,32,0.9443478260869566,0.9430604982206405,0.9443478260869566,0.9443478260869566,0.9427083333333333,0.9420544337137841,0.884094125918548,991,"all","RF#991","RF",991
501,526,38,74,0.9326241134751773,0.9294990723562152,0.9326241134751773,0.9326241134751773,0.9037800687285223,0.9016681299385426,0.8034379256574772,991,"all","NB#991","NB",991
544,522,42,31,0.9460869565217391,0.9439421338155516,0.9460869565217391,0.9460869565217391,0.9371231696813093,0.935908691834943,0.8717815071883592,991,"all","MLP#991","MLP",991
535,535,29,40,0.9485815602836879,0.9485815602836879,0.9485815602836879,0.9485815602836879,0.9394205443371378,0.9394205443371378,0.8788523880065543,992,"all","DT#992","DT",992
541,542,22,34,0.9609929078014184,0.9609236234458259,0.9609929078014184,0.9609929078014184,0.9508771929824562,0.9508340649692713,0.9016789675859984,992,"all","RF#992","RF",992
528,503,61,47,0.9182608695652174,0.9145454545454546,0.9182608695652174,0.9182608695652174,0.9072164948453608,0.9051799824407375,0.8102972336940932,992,"all","NB#992","NB",992
537,546,18,38,0.9680851063829787,0.9675675675675676,0.9680851063829787,0.9680851063829787,0.9512195121951219,0.9508340649692713,0.9016923029499706,992,"all","MLP#992","MLP",992
519,532,32,56,0.9432624113475178,0.941923774954628,0.9432624113475178,0.9432624113475178,0.9236111111111112,0.922739244951712,0.845526951718696,993,"all","DT#993","DT",993
548,541,23,27,0.9592198581560284,0.9597197898423818,0.9592198581560284,0.9592198581560284,0.956369982547993,0.9561018437225637,0.9122014541104212,993,"all","RF#993","RF",993
513,522,42,62,0.925531914893617,0.9243243243243243,0.925531914893617,0.925531914893617,0.9094076655052264,0.9086918349429324,0.8174285626213741,993,"all","NB#993","NB",993
546,534,30,29,0.9495652173913044,0.9484902309058615,0.9495652173913044,0.9495652173913044,0.94874022589053,0.9482001755926251,0.896388930432061,993,"all","MLP#993","MLP",993
537,524,40,38,0.9339130434782609,0.9323843416370107,0.9339130434782609,0.9339130434782609,0.9322916666666667,0.9315188762071993,0.8630203306310112,994,"all","DT#994","DT",994
553,538,26,22,0.9617391304347827,0.9607142857142857,0.9617391304347827,0.9617391304347827,0.9584055459272097,0.9578577699736611,0.915701959429872,994,"all","RF#994","RF",994
530,496,68,45,0.9217391304347826,0.9168207024029574,0.9217391304347826,0.9217391304347826,0.9036658141517476,0.9007901668129938,0.8014843903033406,994,"all","NB#994","NB",994
548,532,32,27,0.9530434782608695,0.9516994633273703,0.9530434782608695,0.9530434782608695,0.9489177489177489,0.9482001755926251,0.8963819010246012,994,"all","MLP#994","MLP",994
534,517,47,41,0.928695652173913,0.9265232974910395,0.928695652173913,0.928695652173913,0.9238754325259516,0.922739244951712,0.8454483496624694,995,"all","DT#995","DT",995
554,540,24,21,0.9634782608695652,0.9625668449197861,0.9634782608695652,0.9634782608695652,0.960971379011275,0.9604916593503073,0.9209719273413542,995,"all","RF#995","RF",995
531,493,71,44,0.9234782608695652,0.9180633147113594,0.9234782608695652,0.9234782608695652,0.9022939677145284,0.8990342405618964,0.7979571280712877,995,"all","NB#995","NB",995
546,530,34,29,0.9495652173913044,0.9481216457960644,0.9495652173913044,0.9495652173913044,0.9454545454545455,0.9446883230904302,0.8893569451618623,995,"all","MLP#995","MLP",995
535,521,43,40,0.9304347826086956,0.928698752228164,0.9304347826086956,0.9304347826086956,0.9280138768430181,0.9271290605794557,0.8542371104296087,996,"all","DT#996","DT",996
558,539,25,17,0.9704347826086956,0.9694244604316546,0.9704347826086956,0.9704347826086956,0.9637305699481865,0.9631255487269534,0.9262342100069081,996,"all","RF#996","RF",996
542,475,89,33,0.9426086956521739,0.9350393700787402,0.9426086956521739,0.9426086956521739,0.8988391376451077,0.8928884986830553,0.7855533469962221,996,"all","NB#996","NB",996
539,534,30,36,0.9468085106382979,0.9472759226713533,0.9468085106382979,0.9468085106382979,0.9423076923076924,0.9420544337137841,0.8841098500615109,996,"all","MLP#996","MLP",996
537,527,37,38,0.9343971631205674,0.9355400696864111,0.9343971631205674,0.9343971631205674,0.9347258485639687,0.9341527655838455,0.8682954806501895,997,"all","DT#997","DT",997
549,546,18,26,0.9680851063829787,0.9682539682539683,0.9680851063829787,0.9680851063829787,0.9614711033274956,0.961369622475856,0.9227425202871025,997,"all","RF#997","RF",997
518,519,45,57,0.9202127659574468,0.9200710479573713,0.9202127659574468,0.9202127659574468,0.9105263157894736,0.9104477611940298,0.820915262388783,997,"all","NB#997","NB",997
540,545,19,35,0.9663120567375887,0.9660107334525939,0.9663120567375887,0.9663120567375887,0.9527972027972028,0.9525899912203687,0.9051968630158944,997,"all","MLP#997","MLP",997
536,518,46,39,0.9321739130434783,0.9299820466786356,0.9321739130434783,0.9321739130434783,0.9265341400172862,0.9253731343283582,0.8507146238452608,998,"all","DT#998","DT",998
550,540,24,25,0.9574468085106383,0.9581881533101045,0.9574468085106383,0.9574468085106383,0.9573542210617928,0.9569798068481123,0.9139530473581237,998,"all","RF#998","RF",998
529,494,70,46,0.92,0.9148148148148149,0.92,0.92,0.9011925042589439,0.8981562774363476,0.7962106068458329,998,"all","NB#998","NB",998
553,530,34,22,0.9617391304347827,0.9601449275362319,0.9617391304347827,0.9617391304347827,0.9518072289156627,0.9508340649692713,0.9016389397780614,998,"all","MLP#998","MLP",998
534,522,42,41,0.928695652173913,0.9271758436944938,0.928695652173913,0.928695652173913,0.9278887923544743,0.9271290605794557,0.8542420546756112,999,"all","DT#999","DT",999
554,535,29,21,0.9634782608695652,0.9622302158273381,0.9634782608695652,0.9634782608695652,0.9568221070811744,0.9561018437225637,0.9121835833415574,999,"all","RF#999","RF",999
536,490,74,39,0.9321739130434783,0.9262759924385633,0.9321739130434783,0.9321739130434783,0.9046413502109704,0.9007901668129938,0.8014439653510024,999,"all","NB#999","NB",999
538,533,31,37,0.9450354609929078,0.945518453427065,0.9450354609929078,0.9450354609929078,0.9405594405594405,0.9402985074626866,0.8805980273361022,999,"all","MLP#999","MLP",999
