"TruePositives","TrueNegatives","FalsePositives","FalseNegatives","Recall","Precision","Sensitivity","Specificity","F-measure","Accuracy","Cohen's kappa","Iteration","Species","learner","learner_Arr[0]","learner_Arr[1]"
474,482,94,101,0.8368055555555556,0.8345070422535211,0.8368055555555556,0.8368055555555556,0.8317515099223469,0.8305821025195482,0.661160368542542,0,"all","DT#0","DT",0
505,525,51,70,0.9114583333333334,0.908273381294964,0.9114583333333334,0.9114583333333334,0.8966695132365499,0.894874022589053,0.7897418555181989,0,"all","RF#0","RF",0
490,422,154,85,0.8521739130434782,0.8323471400394478,0.8521739130434782,0.8521739130434782,0.8039376538146021,0.792354474370113,0.5847518902771299,0,"all","NB#0","NB",0
500,515,61,75,0.8940972222222222,0.8912655971479501,0.8940972222222222,0.8940972222222222,0.8833619210977701,0.8818418766290183,0.7636785801632281,0,"all","MLP#0","MLP",0
485,445,131,90,0.8434782608695652,0.8317757009345794,0.8434782608695652,0.8434782608695652,0.8144416456759025,0.8079930495221547,0.6160095767019252,1,"all","DT#1","DT",1
485,512,64,90,0.8888888888888888,0.8834244080145719,0.8888888888888888,0.8888888888888888,0.8692699490662139,0.8662033014769766,0.7323958971819546,1,"all","RF#1","RF",1
414,502,74,161,0.8715277777777778,0.8483606557377049,0.8715277777777778,0.8715277777777778,0.8103309120258274,0.7958297132927888,0.591605479584426,1,"all","NB#1","NB",1
463,512,64,112,0.8888888888888888,0.8785578747628083,0.8888888888888888,0.8888888888888888,0.8533333333333333,0.8470894874022589,0.694156581394787,1,"all","MLP#1","MLP",1
455,445,131,120,0.7913043478260869,0.7876106194690266,0.7913043478260869,0.7913043478260869,0.7838070628768302,0.7819287576020851,0.5638644285798393,2,"all","DT#2","DT",2
501,519,57,74,0.9010416666666666,0.8978494623655914,0.9010416666666666,0.9010416666666666,0.8879384088964927,0.8861859252823632,0.7723658366836106,2,"all","RF#2","RF",2
514,368,208,61,0.8939130434782608,0.8578088578088578,0.8939130434782608,0.8939130434782608,0.7925983037779492,0.7662901824500434,0.5326837190418189,2,"all","NB#2","NB",2
494,513,63,81,0.890625,0.8868940754039497,0.890625,0.890625,0.8769230769230768,0.8748913987836664,0.749775809125248,2,"all","MLP#2","MLP",2
470,470,106,105,0.8173913043478261,0.8173913043478261,0.8173913043478261,0.8173913043478261,0.8166811468288445,0.8166811468288445,0.6333625704067477,3,"all","DT#3","DT",3
497,516,60,78,0.8958333333333334,0.8922800718132855,0.8958333333333334,0.8958333333333334,0.8820512820512821,0.8801042571676803,0.7602018170783625,3,"all","RF#3","RF",3
476,465,111,99,0.8278260869565217,0.824468085106383,0.8278260869565217,0.8278260869565217,0.8192771084337348,0.8175499565595135,0.635106248075216,3,"all","NB#3","NB",3
494,495,81,81,0.859375,0.859375,0.859375,0.859375,0.859375,0.8592528236316247,0.7185054347826088,3,"all","MLP#3","MLP",3
489,468,108,86,0.8504347826086956,0.8447653429602888,0.8504347826086956,0.8504347826086956,0.8344709897610921,0.8314509122502172,0.6629127655784379,4,"all","DT#4","DT",4
511,525,51,64,0.9114583333333334,0.9092526690391459,0.9114583333333334,0.9114583333333334,0.9012875536480687,0.9000868809730669,0.8001696893205935,4,"all","RF#4","RF",4
428,501,75,147,0.8697916666666666,0.8508946322067594,0.8697916666666666,0.8697916666666666,0.818627450980392,0.8071242397914856,0.6142062543030038,4,"all","NB#4","NB",4
507,495,81,68,0.8817391304347826,0.8792184724689165,0.8817391304347826,0.8817391304347826,0.8718830610490111,0.8705473501303215,0.7410995859078853,4,"all","MLP#4","MLP",4
479,466,110,96,0.8330434782608696,0.8291814946619217,0.8330434782608696,0.8330434782608696,0.8230240549828178,0.8210251954821894,0.6420576859788591,5,"all","DT#5","DT",5
493,514,62,82,0.8923611111111112,0.8882882882882883,0.8923611111111112,0.8923611111111112,0.8771331058020477,0.8748913987836664,0.7497750535946134,5,"all","RF#5","RF",5
479,433,143,96,0.8330434782608696,0.8185255198487713,0.8330434782608696,0.8330434782608696,0.8003341687552213,0.792354474370113,0.5847380998027013,5,"all","NB#5","NB",5
494,508,68,81,0.8819444444444444,0.8790035587188612,0.8819444444444444,0.8819444444444444,0.8721030042918456,0.8705473501303215,0.7410894235545082,5,"all","MLP#5","MLP",5
465,469,107,110,0.8142361111111112,0.8129370629370629,0.8142361111111112,0.8142361111111112,0.8121212121212121,0.8114682884448305,0.6229345845467296,6,"all","DT#6","DT",6
497,523,53,78,0.9079861111111112,0.9036363636363637,0.9079861111111112,0.9079861111111112,0.8887000849617671,0.8861859252823632,0.7723630873749764,6,"all","RF#6","RF",6
476,457,119,99,0.8278260869565217,0.8219424460431655,0.8278260869565217,0.8278260869565217,0.8136752136752138,0.8105994787141616,0.6212101083904471,6,"all","NB#6","NB",6
470,517,59,105,0.8975694444444444,0.888468809073724,0.8975694444444444,0.8975694444444444,0.8631051752921536,0.8575152041702867,0.7150104022924297,6,"all","MLP#6","MLP",6
472,472,104,103,0.8208695652173913,0.8208695652173913,0.8208695652173913,0.8208695652173913,0.8201563857515203,0.8201563857515204,0.6403130430056718,7,"all","DT#7","DT",7
491,520,56,84,0.9027777777777778,0.8976234003656307,0.9027777777777778,0.9027777777777778,0.8813559322033898,0.8783666377063423,0.7567228083312699,7,"all","RF#7","RF",7
504,369,207,71,0.8765217391304347,0.8386363636363636,0.8765217391304347,0.8765217391304347,0.7838258164852255,0.7584708948740226,0.5170405834550879,7,"all","NB#7","NB",7
463,502,74,112,0.8715277777777778,0.8621973929236499,0.8715277777777778,0.8715277777777778,0.8436974789915966,0.838401390095569,0.6767839942508778,7,"all","MLP#7","MLP",7
478,473,103,97,0.831304347826087,0.8298245614035088,0.831304347826087,0.831304347826087,0.8269896193771626,0.8262380538662033,0.6524789932458341,8,"all","DT#8","DT",8
497,514,62,78,0.8923611111111112,0.889087656529517,0.8923611111111112,0.8923611111111112,0.8801369863013698,0.8783666377063423,0.7567272156332278,8,"all","RF#8","RF",8
409,512,64,166,0.8888888888888888,0.864693446088795,0.8888888888888888,0.8888888888888888,0.8165869218500797,0.8001737619461338,0.6002856720086728,8,"all","NB#8","NB",8
482,475,101,93,0.8382608695652174,0.8362676056338029,0.8382608695652174,0.8382608695652174,0.8324697754749568,0.8314509122502172,0.6629056412362169,8,"all","MLP#8","MLP",8
483,458,118,92,0.84,0.8327272727272728,0.84,0.84,0.8214285714285713,0.8175499565595135,0.635113959898917,9,"all","DT#9","DT",9
499,507,69,76,0.8802083333333334,0.8785211267605634,0.8802083333333334,0.8802083333333334,0.8748921484037963,0.8740225890529973,0.7480423253265055,9,"all","RF#9","RF",9
476,433,143,99,0.8278260869565217,0.8139097744360902,0.8278260869565217,0.8278260869565217,0.7973199329983249,0.789748045178106,0.5795237031356614,9,"all","NB#9","NB",9
497,481,95,78,0.8643478260869565,0.8604651162790697,0.8643478260869565,0.8643478260869565,0.8517566409597258,0.8496959165942659,0.6993993209715331,9,"all","MLP#9","MLP",9
455,454,122,120,0.7913043478260869,0.7909407665505227,0.7913043478260869,0.7913043478260869,0.7899305555555556,0.789748045178106,0.5794970425813932,10,"all","DT#10","DT",10
484,526,50,91,0.9131944444444444,0.9063670411985019,0.9131944444444444,0.9131944444444444,0.881810561609388,0.8774978279756733,0.7549803052423233,10,"all","RF#10","RF",10
491,401,175,84,0.8539130434782609,0.8268041237113402,0.8539130434782609,0.8539130434782609,0.7912973408541498,0.7749782797567333,0.5500180379808934,10,"all","NB#10","NB",10
481,514,62,94,0.8923611111111112,0.8858195211786372,0.8923611111111112,0.8923611111111112,0.8682432432432433,0.8644656820156386,0.7289180636745736,10,"all","MLP#10","MLP",10
466,472,104,109,0.8194444444444444,0.8175438596491228,0.8194444444444444,0.8194444444444444,0.8159031979256698,0.8149435273675065,0.62988398161218,11,"all","DT#11","DT",11
505,523,53,70,0.9079861111111112,0.9050179211469535,0.9079861111111112,0.9079861111111112,0.8947818648417452,0.893136403127715,0.7862671596342298,11,"all","RF#11","RF",11
509,382,194,66,0.8852173913043478,0.8526785714285714,0.8852173913043478,0.8852173913043478,0.7965571205007825,0.7741094700260643,0.5483058829211748,11,"all","NB#11","NB",11
490,495,81,85,0.859375,0.8581436077057794,0.859375,0.859375,0.856401384083045,0.8557775847089487,0.7115532098623784,11,"all","MLP#11","MLP",11
482,462,114,93,0.8382608695652174,0.8324324324324325,0.8382608695652174,0.8382608695652174,0.8232280102476516,0.8201563857515204,0.6403239027748214,12,"all","DT#12","DT",12
496,526,50,79,0.9131944444444444,0.9084249084249084,0.9131944444444444,0.9131944444444444,0.8907705334462319,0.8879235447437012,0.7758371063950567,12,"all","RF#12","RF",12
472,426,150,103,0.8208695652173913,0.8052930056710775,0.8208695652173913,0.8208695652173913,0.7886382623224729,0.7801911381407471,0.5604131349375875,12,"all","NB#12","NB",12
499,507,69,76,0.8802083333333334,0.8785211267605634,0.8802083333333334,0.8802083333333334,0.8748921484037963,0.8740225890529973,0.7480423253265055,12,"all","MLP#12","MLP",12
466,452,124,109,0.8104347826086956,0.8057040998217468,0.8104347826086956,0.8104347826086956,0.7999999999999999,0.7975673327541268,0.595143527848856,13,"all","DT#13","DT",13
504,519,57,71,0.9010416666666666,0.8983957219251337,0.9010416666666666,0.9010416666666666,0.8902229845626071,0.8887923544743701,0.7775798401536265,13,"all","RF#13","RF",13
521,347,229,54,0.9060869565217391,0.8653366583541147,0.9060869565217391,0.9060869565217391,0.7864150943396226,0.7541268462206777,0.5083832019016716,13,"all","NB#13","NB",13
488,506,70,87,0.8784722222222222,0.8745519713261649,0.8784722222222222,0.8784722222222222,0.8656971770744226,0.8635968722849696,0.7271865370940982,13,"all","MLP#13","MLP",13
476,447,129,99,0.8278260869565217,0.8186813186813187,0.8278260869565217,0.8278260869565217,0.8067796610169491,0.8019113814074718,0.6038404057787238,14,"all","DT#14","DT",14
488,521,55,87,0.9045138888888888,0.8987108655616943,0.9045138888888888,0.9045138888888888,0.8800675675675677,0.8766290182450044,0.7532459297550607,14,"all","RF#14","RF",14
514,328,248,61,0.8939130434782608,0.8431876606683805,0.8939130434782608,0.8939130434782608,0.768885564697083,0.731537793223284,0.46322671588787573,14,"all","NB#14","NB",14
462,521,55,113,0.9045138888888888,0.8936170212765957,0.9045138888888888,0.9045138888888888,0.8611570247933884,0.8540399652476107,0.7080541472532316,14,"all","MLP#14","MLP",14
463,482,94,112,0.8368055555555556,0.8312387791741472,0.8368055555555556,0.8368055555555556,0.8239316239316239,0.8210251954821894,0.6420403936097298,15,"all","DT#15","DT",15
508,528,48,67,0.9166666666666666,0.9136690647482014,0.9166666666666666,0.9166666666666666,0.9017933390264731,0.9000868809730669,0.8001678792115112,15,"all","RF#15","RF",15
428,507,69,147,0.8802083333333334,0.8611670020120724,0.8802083333333334,0.8802083333333334,0.824390243902439,0.8123370981754996,0.6246297118320093,15,"all","NB#15","NB",15
490,503,73,85,0.8732638888888888,0.8703374777975134,0.8732638888888888,0.8732638888888888,0.8642611683848797,0.8627280625543006,0.7254509441596163,15,"all","MLP#15","MLP",15
468,486,90,107,0.84375,0.8387096774193549,0.84375,0.84375,0.8314798973481609,0.8288444830582102,0.657679922341002,16,"all","DT#16","DT",16
495,526,50,80,0.9131944444444444,0.908256880733945,0.9131944444444444,0.9131944444444444,0.8900169204737732,0.8870547350130321,0.7740990684964596,16,"all","RF#16","RF",16
500,424,152,75,0.8695652173913043,0.8496993987975952,0.8695652173913043,0.8695652173913043,0.814995925020375,0.8027801911381407,0.6056059304700387,16,"all","NB#16","NB",16
492,507,69,83,0.8802083333333334,0.8770053475935828,0.8802083333333334,0.8802083333333334,0.8696397941680961,0.8679409209383145,0.7358760601824315,16,"all","MLP#16","MLP",16
449,482,94,126,0.8368055555555556,0.8268876611418048,0.8368055555555556,0.8368055555555556,0.8141891891891891,0.8088618592528236,0.6177049615923473,17,"all","DT#17","DT",17
484,522,54,91,0.90625,0.8996282527881041,0.90625,0.90625,0.878048780487805,0.8740225890529973,0.7480309135625026,17,"all","RF#17","RF",17
324,553,23,251,0.9600694444444444,0.9337175792507204,0.9600694444444444,0.9600694444444444,0.8014492753623188,0.7619461337966985,0.5237279740007127,17,"all","NB#17","NB",17
470,504,72,105,0.875,0.8671586715867159,0.875,0.875,0.8506329113924052,0.8462206776715899,0.6924258001983795,17,"all","MLP#17","MLP",17
482,456,120,93,0.8382608695652174,0.8306010928961749,0.8382608695652174,0.8382608695652174,0.8190314358538658,0.8149435273675065,0.6299018608842937,18,"all","DT#18","DT",18
515,515,61,60,0.8956521739130435,0.8956521739130435,0.8956521739130435,0.8956521739130435,0.894874022589053,0.894874022589053,0.7897482038825426,18,"all","RF#18","RF",18
352,545,31,223,0.9461805555555556,0.9190600522193212,0.9461805555555556,0.9461805555555556,0.8110119047619047,0.7793223284100782,0.5585163573982797,18,"all","NB#18","NB",18
501,507,69,74,0.8802083333333334,0.8789473684210526,0.8802083333333334,0.8802083333333334,0.8764044943820225,0.8757602085143353,0.7515183538523086,18,"all","MLP#18","MLP",18
462,460,116,113,0.8034782608695652,0.8027923211169284,0.8034782608695652,0.8034782608695652,0.8013876843018214,0.8010425716768028,0.6020866451389866,19,"all","DT#19","DT",19
495,523,53,80,0.9079861111111112,0.9032846715328468,0.9079861111111112,0.9079861111111112,0.8871925360474979,0.8844483058210252,0.7688870168319059,19,"all","RF#19","RF",19
510,353,223,65,0.8869565217391304,0.8444976076555024,0.8869565217391304,0.8869565217391304,0.779816513761468,0.7497827975673328,0.49968455591812344,19,"all","NB#19","NB",19
484,498,78,91,0.8645833333333334,0.8612099644128114,0.8645833333333334,0.8645833333333334,0.8549356223175966,0.8531711555169418,0.7063363260450461,19,"all","MLP#19","MLP",19
478,456,120,97,0.831304347826087,0.8245931283905967,0.831304347826087,0.831304347826087,0.815004262574595,0.8114682884448305,0.6229493843057986,20,"all","DT#20","DT",20
497,498,78,78,0.8645833333333334,0.8645833333333334,0.8645833333333334,0.8645833333333334,0.8645833333333333,0.8644656820156386,0.7289311594202897,20,"all","RF#20","RF",20
497,383,193,78,0.8643478260869565,0.8308026030368764,0.8643478260869565,0.8643478260869565,0.7857707509881422,0.7645525629887054,0.5291865089847022,20,"all","NB#20","NB",20
472,488,88,103,0.8472222222222222,0.8428571428571429,0.8472222222222222,0.8472222222222222,0.8363324764353042,0.8340573414422241,0.6681069166723279,20,"all","MLP#20","MLP",20
479,467,109,96,0.8330434782608696,0.8294849023090586,0.8330434782608696,0.8330434782608696,0.823731728288908,0.8218940052128584,0.6437947322893723,21,"all","DT#21","DT",21
504,524,52,71,0.9097222222222222,0.9064748201438849,0.9097222222222222,0.9097222222222222,0.8949615713065755,0.893136403127715,0.7862665142870946,21,"all","RF#21","RF",21
510,347,229,65,0.8869565217391304,0.8422330097087378,0.8869565217391304,0.8869565217391304,0.776255707762557,0.7445699391833188,0.489265942610827,21,"all","NB#21","NB",21
487,504,72,88,0.875,0.8711985688729875,0.875,0.875,0.863013698630137,0.8609904430929627,0.721973960723689,21,"all","MLP#21","MLP",21
466,471,105,109,0.8177083333333334,0.8161120840630472,0.8177083333333334,0.8177083333333334,0.814878892733564,0.8140747176368376,0.6281469090996927,22,"all","DT#22","DT",22
501,527,49,74,0.9149305555555556,0.9109090909090909,0.9149305555555556,0.9149305555555556,0.8954970263381479,0.893136403127715,0.7862645782223061,22,"all","RF#22","RF",22
491,450,126,84,0.8539130434782609,0.8426966292134831,0.8539130434782609,0.8539130434782609,0.8238255033557048,0.8175499565595135,0.6351227730125807,22,"all","NB#22","NB",22
498,515,61,77,0.8940972222222222,0.8908765652951699,0.8940972222222222,0.8940972222222222,0.8818493150684931,0.8801042571676803,0.7602025411241817,22,"all","MLP#22","MLP",22
476,455,121,99,0.8278260869565217,0.8212996389891697,0.8278260869565217,0.8278260869565217,0.8122866894197952,0.8088618592528236,0.6177361259136925,23,"all","DT#23","DT",23
517,520,56,58,0.9027777777777778,0.9022687609075044,0.9027777777777778,0.9027777777777778,0.9012131715771231,0.9009556907037359,0.8019106337881456,23,"all","RF#23","RF",23
530,301,275,45,0.9217391304347826,0.869942196531792,0.9217391304347826,0.9217391304347826,0.7681159420289854,0.7219808861859253,0.4441543546172072,23,"all","NB#23","NB",23
484,507,69,91,0.8802083333333334,0.8752260397830018,0.8802083333333334,0.8802083333333334,0.8637137989778535,0.8609904430929627,0.7219714422882404,23,"all","MLP#23","MLP",23
465,461,115,110,0.808695652173913,0.8073555166374781,0.808695652173913,0.808695652173913,0.8051948051948051,0.8045178105994787,0.6090382771869173,24,"all","DT#24","DT",24
501,522,54,74,0.90625,0.9027027027027027,0.90625,0.90625,0.8907849829351536,0.8887923544743701,0.777577825417434,24,"all","RF#24","RF",24
509,392,184,66,0.8852173913043478,0.8558951965065502,0.8852173913043478,0.8852173913043478,0.8028391167192429,0.7827975673327541,0.5656721779634666,24,"all","NB#24","NB",24
490,512,64,85,0.8888888888888888,0.8844765342960289,0.8888888888888888,0.8888888888888888,0.8729752770673487,0.8705473501303215,0.741086296516043,24,"all","MLP#24","MLP",24
474,468,108,101,0.8243478260869566,0.8224956063268892,0.8243478260869566,0.8243478260869566,0.8193604148660328,0.8184187662901824,0.6368410961840679,25,"all","DT#25","DT",25
502,541,35,73,0.9392361111111112,0.9348230912476723,0.9392361111111112,0.9392361111111112,0.9092436974789916,0.9061685490877498,0.8123261902101873,25,"all","RF#25","RF",25
519,325,251,56,0.9026086956521739,0.8530183727034121,0.9026086956521739,0.9026086956521739,0.7717472118959108,0.733275412684622,0.46670741554041306,25,"all","NB#25","NB",25
492,506,70,83,0.8784722222222222,0.8754448398576512,0.8784722222222222,0.8784722222222222,0.8686695278969957,0.8670721112076455,0.7341388040526157,25,"all","MLP#25","MLP",25
467,447,129,108,0.8121739130434783,0.8054054054054054,0.8121739130434783,0.8121739130434783,0.7976088812980359,0.794092093831451,0.5881969321624768,26,"all","DT#26","DT",26
500,515,61,75,0.8940972222222222,0.8912655971479501,0.8940972222222222,0.8940972222222222,0.8833619210977701,0.8818418766290183,0.7636785801632281,26,"all","RF#26","RF",26
516,348,228,59,0.8973913043478261,0.855036855036855,0.8973913043478261,0.8973913043478261,0.7824109173616376,0.7506516072980017,0.5014300397392574,26,"all","NB#26","NB",26
483,499,77,92,0.8663194444444444,0.8625,0.8663194444444444,0.8663194444444444,0.8551842330762639,0.8531711555169418,0.706335439359285,26,"all","MLP#26","MLP",26
462,458,118,113,0.8034782608695652,0.8021015761821366,0.8034782608695652,0.8034782608695652,0.8,0.7993049522154648,0.5986126312452352,27,"all","DT#27","DT",27
502,521,55,73,0.9045138888888888,0.9012567324955116,0.9045138888888888,0.9045138888888888,0.8905982905982905,0.8887923544743701,0.7775784970002204,27,"all","RF#27","RF",27
437,491,85,138,0.8524305555555556,0.8371647509578544,0.8524305555555556,0.8524305555555556,0.8149377593360997,0.8062554300608167,0.6124795613175571,27,"all","NB#27","NB",27
472,513,63,103,0.890625,0.8822429906542056,0.890625,0.890625,0.8607382550335569,0.8557775847089487,0.7115375324596895,27,"all","MLP#27","MLP",27
468,455,121,107,0.8139130434782609,0.8096085409252669,0.8139130434782609,0.8139130434782609,0.8041237113402061,0.8019113814074718,0.6038308369086401,28,"all","DT#28","DT",28
500,512,64,75,0.8888888888888888,0.8865248226950354,0.8888888888888888,0.8888888888888888,0.880481513327601,0.8792354474370113,0.7584667015907571,28,"all","RF#28","RF",28
448,467,109,127,0.8107638888888888,0.8043087971274686,0.8107638888888888,0.8107638888888888,0.7982905982905982,0.7949609035621199,0.5899103538441564,28,"all","NB#28","NB",28
476,507,69,99,0.8802083333333334,0.8733944954128441,0.8802083333333334,0.8802083333333334,0.8578680203045684,0.8540399652476107,0.7080664885185016,28,"all","MLP#28","MLP",28
472,470,106,103,0.8208695652173913,0.8202443280977313,0.8208695652173913,0.8208695652173913,0.818733738074588,0.8184187662901824,0.6368389032054504,29,"all","DT#29","DT",29
486,513,63,89,0.890625,0.8852459016393442,0.890625,0.890625,0.8709677419354839,0.8679409209383145,0.7358712751406306,29,"all","RF#29","RF",29
495,407,169,80,0.8608695652173913,0.8357289527720739,0.8608695652173913,0.8608695652173913,0.7990314769975788,0.7836663770634231,0.5673905528997464,29,"all","NB#29","NB",29
488,520,56,87,0.9027777777777778,0.8970588235294118,0.9027777777777778,0.9027777777777778,0.8791208791208792,0.8757602085143353,0.7515086001911321,29,"all","MLP#29","MLP",29
476,433,143,99,0.8278260869565217,0.8139097744360902,0.8278260869565217,0.8278260869565217,0.7973199329983249,0.789748045178106,0.5795237031356614,30,"all","DT#30","DT",30
499,520,56,76,0.9027777777777778,0.8990990990990991,0.9027777777777778,0.9027777777777778,0.8873720136518771,0.8853171155516942,0.770627132461729,30,"all","RF#30","RF",30
484,437,139,91,0.8417391304347827,0.8276515151515151,0.8417391304347827,0.8417391304347827,0.8080133555926545,0.8001737619461338,0.6003761804700142,30,"all","NB#30","NB",30
490,490,86,85,0.8521739130434782,0.8521739130434782,0.8521739130434782,0.8521739130434782,0.8514335360556038,0.8514335360556038,0.7028672963959898,30,"all","MLP#30","MLP",30
454,467,109,121,0.8107638888888888,0.8063943161634103,0.8107638888888888,0.8107638888888888,0.8024054982817869,0.8001737619461338,0.6003399820045048,31,"all","DT#31","DT",31
502,517,59,73,0.8975694444444444,0.8948306595365418,0.8975694444444444,0.8975694444444444,0.8867924528301887,0.8853171155516942,0.7706292101584273,31,"all","RF#31","RF",31
408,512,64,167,0.8888888888888888,0.864406779661017,0.8888888888888888,0.8888888888888888,0.8159362549800796,0.7993049522154648,0.5985471774747583,31,"all","NB#31","NB",31
484,507,69,91,0.8802083333333334,0.8752260397830018,0.8802083333333334,0.8802083333333334,0.8637137989778535,0.8609904430929627,0.7219714422882404,31,"all","MLP#31","MLP",31
478,468,108,97,0.831304347826087,0.8283185840707965,0.831304347826087,0.831304347826087,0.8234280792420327,0.8218940052128584,0.6437936568082353,32,"all","DT#32","DT",32
496,525,51,79,0.9114583333333334,0.906764168190128,0.9114583333333334,0.9114583333333334,0.8898305084745763,0.8870547350130321,0.7740997505933221,32,"all","RF#32","RF",32
489,380,196,86,0.8504347826086956,0.8154506437768241,0.8504347826086956,0.8504347826086956,0.7761904761904762,0.7549956559513467,0.5100723007954596,32,"all","NB#32","NB",32
484,514,62,91,0.8923611111111112,0.8864468864468864,0.8923611111111112,0.8923611111111112,0.8704487722269263,0.8670721112076455,0.7341323820034391,32,"all","MLP#32","MLP",32
466,448,128,109,0.8104347826086956,0.8043087971274686,0.8104347826086956,0.8104347826086956,0.7972626176218991,0.794092093831451,0.5881956888313893,33,"all","DT#33","DT",33
505,514,62,70,0.8923611111111112,0.890652557319224,0.8923611111111112,0.8923611111111112,0.8862068965517242,0.8853171155516942,0.7706312878174858,33,"all","RF#33","RF",33
476,458,118,99,0.8278260869565217,0.822262118491921,0.8278260869565217,0.8278260869565217,0.81437125748503,0.8114682884448305,0.6229471074954069,33,"all","NB#33","NB",33
485,513,63,90,0.890625,0.885036496350365,0.890625,0.890625,0.8702290076335878,0.8670721112076455,0.7341331847765533,33,"all","MLP#33","MLP",33
468,472,104,107,0.8194444444444444,0.8181818181818182,0.8194444444444444,0.8194444444444444,0.8173160173160173,0.8166811468288445,0.6333603564025805,34,"all","DT#34","DT",34
485,513,63,90,0.890625,0.885036496350365,0.890625,0.890625,0.8702290076335878,0.8670721112076455,0.7341331847765533,34,"all","RF#34","RF",34
539,202,374,36,0.9373913043478261,0.8487394957983193,0.9373913043478261,0.9373913043478261,0.7244623655913979,0.6437880104257168,0.28793882348680777,34,"all","NB#34","NB",34
488,505,71,87,0.8767361111111112,0.8729874776386404,0.8767361111111112,0.8767361111111112,0.8647260273972602,0.8627280625543006,0.7254492862146428,34,"all","MLP#34","MLP",34
470,472,104,105,0.8194444444444444,0.818815331010453,0.8194444444444444,0.8194444444444444,0.8187337380745879,0.8184187662901824,0.6368367102003475,35,"all","DT#35","DT",35
494,521,55,81,0.9045138888888888,0.8998178506375227,0.9045138888888888,0.9045138888888888,0.8845500848896434,0.8818418766290183,0.7636742988100379,35,"all","RF#35","RF",35
408,517,59,167,0.8975694444444444,0.8736616702355461,0.8975694444444444,0.8975694444444444,0.8206349206349207,0.8036490008688097,0.6072336673249866,35,"all","NB#35","NB",35
475,509,67,100,0.8836805555555556,0.8763837638376384,0.8836805555555556,0.8836805555555556,0.8590717299578059,0.8549087749782798,0.7098028736334994,35,"all","MLP#35","MLP",35
464,463,113,111,0.8069565217391305,0.8066202090592335,0.8069565217391305,0.8069565217391305,0.8055555555555556,0.8053866203301477,0.6107741220588102,36,"all","DT#36","DT",36
494,513,63,81,0.890625,0.8868940754039497,0.890625,0.890625,0.8769230769230768,0.8748913987836664,0.749775809125248,36,"all","RF#36","RF",36
294,549,27,281,0.953125,0.9158878504672897,0.953125,0.953125,0.7809388335704125,0.7324066029539531,0.4646075034811054,36,"all","NB#36","NB",36
471,501,75,104,0.8697916666666666,0.8626373626373627,0.8697916666666666,0.8697916666666666,0.8484335309060118,0.8444830582102519,0.6889522639125203,36,"all","MLP#36","MLP",36
474,468,108,101,0.8243478260869566,0.8224956063268892,0.8243478260869566,0.8243478260869566,0.8193604148660328,0.8184187662901824,0.6368410961840679,37,"all","DT#37","DT",37
506,524,52,69,0.9097222222222222,0.9068100358422939,0.9097222222222222,0.9097222222222222,0.8964927288280582,0.894874022589053,0.7897424903718846,37,"all","RF#37","RF",37
512,357,219,63,0.8904347826086957,0.85,0.8904347826086957,0.8904347826086957,0.7840735068912712,0.7549956559513467,0.5101063155416297,37,"all","NB#37","NB",37
487,497,79,88,0.8628472222222222,0.8604240282685512,0.8628472222222222,0.8628472222222222,0.8561584840654608,0.8549087749782798,0.7098133881649962,37,"all","MLP#37","MLP",37
453,466,110,122,0.8090277777777778,0.8046181172291297,0.8090277777777778,0.8090277777777778,0.8006872852233677,0.7984361424847958,0.5968646775001961,38,"all","DT#38","DT",38
497,516,60,78,0.8958333333333334,0.8922800718132855,0.8958333333333334,0.8958333333333334,0.8820512820512821,0.8801042571676803,0.7602018170783625,38,"all","RF#38","RF",38
463,450,126,112,0.8052173913043478,0.800711743772242,0.8052173913043478,0.8052173913043478,0.7955326460481098,0.7932232841007819,0.586454996422177,38,"all","NB#38","NB",38
481,489,87,94,0.8489583333333334,0.846830985915493,0.8489583333333334,0.8489583333333334,0.8438308886971528,0.8427454387489139,0.6854873164420516,38,"all","MLP#38","MLP",38
467,466,110,108,0.8121739130434783,0.8118466898954704,0.8121739130434783,0.8121739130434783,0.810763888888889,0.8105994787141616,0.6211998152179492,39,"all","DT#39","DT",39
502,523,53,73,0.9079861111111112,0.9045045045045045,0.9079861111111112,0.9079861111111112,0.8924914675767919,0.8905299739357081,0.7810531718952867,39,"all","RF#39","RF",39
429,499,77,146,0.8663194444444444,0.8478260869565217,0.8663194444444444,0.8663194444444444,0.8173628173628174,0.8062554300608167,0.6124701999453446,39,"all","NB#39","NB",39
466,514,62,109,0.8923611111111112,0.8825757575757576,0.8923611111111112,0.8923611111111112,0.8573811509591327,0.8514335360556038,0.7028457635128096,39,"all","MLP#39","MLP",39
473,476,100,102,0.8263888888888888,0.8254799301919721,0.8263888888888888,0.8263888888888888,0.8249566724436741,0.8245004344048653,0.648999544080749,40,"all","DT#40","DT",40
492,522,54,83,0.90625,0.9010989010989011,0.90625,0.90625,0.8839966130397967,0.8809730668983493,0.7619355315978509,40,"all","RF#40","RF",40
511,337,239,64,0.888695652173913,0.8403990024937655,0.888695652173913,0.888695652173913,0.7713207547169812,0.736750651607298,0.47363996528694874,40,"all","NB#40","NB",40
473,519,57,102,0.9010416666666666,0.8924528301886793,0.9010416666666666,0.9010416666666666,0.8671679197994987,0.8618592528236316,0.7236995266888603,40,"all","MLP#40","MLP",40
481,460,116,94,0.8365217391304348,0.8303249097472925,0.8365217391304348,0.8365217391304348,0.8208191126279865,0.8175499565595135,0.6351117565539792,41,"all","DT#41","DT",41
505,520,56,70,0.9027777777777778,0.9001782531194296,0.9027777777777778,0.9027777777777778,0.8919382504288165,0.8905299739357081,0.781055155151226,41,"all","RF#41","RF",41
487,434,142,88,0.8469565217391304,0.8314176245210728,0.8469565217391304,0.8469565217391304,0.808970099667774,0.8001737619461338,0.6003797999559214,41,"all","NB#41","NB",41
491,505,71,84,0.8767361111111112,0.8736654804270463,0.8767361111111112,0.8767361111111112,0.8669527896995709,0.8653344917463076,0.7306634943016697,41,"all","MLP#41","MLP",41
460,457,119,115,0.8,0.798951048951049,0.8,0.8,0.7972270363951474,0.7966985230234579,0.5933991944493089,42,"all","DT#42","DT",42
489,516,60,86,0.8958333333333334,0.8907103825136612,0.8958333333333334,0.8958333333333334,0.8760611205432937,0.8731537793223284,0.7462974090166583,42,"all","RF#42","RF",42
492,427,149,83,0.8556521739130435,0.8372549019607843,0.8556521739130435,0.8556521739130435,0.8092105263157895,0.7984361424847958,0.5969121434156619,42,"all","NB#42","NB",42
477,507,69,98,0.8802083333333334,0.8736263736263736,0.8802083333333334,0.8802083333333334,0.8585944115156647,0.8549087749782798,0.7098046261083291,42,"all","MLP#42","MLP",42
463,458,118,112,0.8052173913043478,0.8035087719298246,0.8052173913043478,0.8052173913043478,0.801038062283737,0.8001737619461338,0.6003508422327092,43,"all","DT#43","DT",43
488,520,56,87,0.9027777777777778,0.8970588235294118,0.9027777777777778,0.9027777777777778,0.8791208791208792,0.8757602085143353,0.7515086001911321,43,"all","RF#43","RF",43
508,354,222,67,0.8834782608695653,0.8408551068883611,0.8834782608695653,0.8834782608695653,0.7785440613026821,0.7489139878366637,0.49794507625782014,43,"all","NB#43","NB",43
484,494,82,91,0.8576388888888888,0.8551236749116607,0.8576388888888888,0.8576388888888888,0.8509905254091299,0.8496959165942659,0.6993875218715231,43,"all","MLP#43","MLP",43
478,459,117,97,0.831304347826087,0.8255395683453237,0.831304347826087,0.831304347826087,0.8170940170940171,0.8140747176368376,0.6281603816309894,44,"all","DT#44","DT",44
510,513,63,65,0.890625,0.8900523560209425,0.890625,0.890625,0.8890814558058925,0.8887923544743701,0.7775838695165143,44,"all","RF#44","RF",44
482,457,119,93,0.8382608695652174,0.8309090909090909,0.8382608695652174,0.8382608695652174,0.8197278911564625,0.8158123370981755,0.6316388547550971,44,"all","NB#44","NB",44
491,517,59,84,0.8975694444444444,0.8927272727272727,0.8975694444444444,0.8975694444444444,0.8785046728971964,0.8757602085143353,0.7515108511039819,44,"all","MLP#44","MLP",44
472,469,107,103,0.8208695652173913,0.8199300699300699,0.8208695652173913,0.8208695652173913,0.8180242634315424,0.8175499565595135,0.6351018411724566,45,"all","DT#45","DT",45
510,521,55,65,0.9045138888888888,0.9026548672566371,0.9045138888888888,0.9045138888888888,0.8967297762478484,0.895742832319722,0.7914823593351349,45,"all","RF#45","RF",45
528,296,280,47,0.9182608695652174,0.8629737609329446,0.9182608695652174,0.9182608695652174,0.7635574837310196,0.7158992180712423,0.4319978027052681,45,"all","NB#45","NB",45
501,512,64,74,0.8888888888888888,0.8867256637168142,0.8888888888888888,0.8888888888888888,0.8812392426850257,0.8801042571676803,0.7602047132354051,45,"all","MLP#45","MLP",45
479,471,105,96,0.8330434782608696,0.8306878306878307,0.8330434782608696,0.8330434782608696,0.8265746333045728,0.8253692441355344,0.650742969977763,46,"all","DT#46","DT",46
507,521,55,68,0.9045138888888888,0.902135231316726,0.9045138888888888,0.9045138888888888,0.8944206008583692,0.893136403127715,0.7862684503168088,46,"all","RF#46","RF",46
469,467,109,106,0.8156521739130435,0.8150087260034904,0.8156521739130435,0.8156521739130435,0.8135299219427581,0.8132059079061685,0.6264132257855113,46,"all","NB#46","NB",46
472,511,65,103,0.8871527777777778,0.8789571694599627,0.8871527777777778,0.8871527777777778,0.8588235294117648,0.8540399652476107,0.70806296254918,46,"all","MLP#46","MLP",46
460,474,102,115,0.8229166666666666,0.8185053380782918,0.8229166666666666,0.8229166666666666,0.8137339055793991,0.8114682884448305,0.6229288920223374,47,"all","DT#47","DT",47
481,512,64,94,0.8888888888888888,0.8825688073394495,0.8888888888888888,0.8888888888888888,0.8663282571912013,0.8627280625543006,0.7254434832495432,47,"all","RF#47","RF",47
481,428,148,94,0.8365217391304348,0.8199233716475096,0.8365217391304348,0.8365217391304348,0.7990033222591362,0.789748045178106,0.5795300503884044,47,"all","NB#47","NB",47
475,499,77,100,0.8663194444444444,0.8605072463768116,0.8663194444444444,0.8663194444444444,0.8493617021276596,0.8462206776715899,0.6924304436899228,47,"all","MLP#47","MLP",47
474,444,132,101,0.8243478260869566,0.8146788990825689,0.8243478260869566,0.8243478260869566,0.8027095681625741,0.7975673327541268,0.5951533065330578,48,"all","DT#48","DT",48
518,510,66,57,0.9008695652173913,0.8994708994708994,0.9008695652173913,0.9008695652173913,0.8938740293356341,0.893136403127715,0.7862755487923624,48,"all","RF#48","RF",48
402,505,71,173,0.8767361111111112,0.8498942917547568,0.8767361111111112,0.8767361111111112,0.8054226475279107,0.788010425716768,0.5759552346526791,48,"all","NB#48","NB",48
495,498,78,80,0.8645833333333334,0.8638743455497382,0.8645833333333334,0.8645833333333334,0.8630849220103985,0.8627280625543006,0.7254550889344472,48,"all","MLP#48","MLP",48
471,463,113,104,0.8191304347826087,0.8165784832451499,0.8191304347826087,0.8191304347826087,0.8127696289905091,0.8114682884448305,0.6229414153491271,49,"all","DT#49","DT",49
506,510,66,69,0.8854166666666666,0.8846153846153846,0.8854166666666666,0.8854166666666666,0.8831168831168831,0.8827106863596872,0.7654201332433571,49,"all","RF#49","RF",49
484,434,142,91,0.8417391304347827,0.8266666666666667,0.8417391304347827,0.8417391304347827,0.8059950041631975,0.7975673327541268,0.5951655292240483,49,"all","NB#49","NB",49
473,503,73,102,0.8732638888888888,0.8663003663003663,0.8732638888888888,0.8732638888888888,0.8518204911092294,0.8479582971329279,0.6959030513111233,49,"all","MLP#49","MLP",49
478,457,119,97,0.831304347826087,0.8249097472924187,0.831304347826087,0.831304347826087,0.8156996587030717,0.8123370981754996,0.6246863781698072,50,"all","DT#50","DT",50
501,519,57,74,0.9010416666666666,0.8978494623655914,0.9010416666666666,0.9010416666666666,0.8879384088964927,0.8861859252823632,0.7723658366836106,50,"all","RF#50","RF",50
455,475,101,120,0.8246527777777778,0.8183453237410072,0.8246527777777778,0.8246527777777778,0.8112724167378309,0.8079930495221547,0.6159747939629912,50,"all","NB#50","NB",50
486,503,73,89,0.8732638888888888,0.8694096601073346,0.8732638888888888,0.8732638888888888,0.8613013698630135,0.8592528236316247,0.7184986352327352,50,"all","MLP#50","MLP",50
479,471,105,96,0.8330434782608696,0.8306878306878307,0.8330434782608696,0.8330434782608696,0.8265746333045728,0.8253692441355344,0.650742969977763,51,"all","DT#51","DT",51
504,512,64,71,0.8888888888888888,0.8873239436619719,0.8888888888888888,0.8888888888888888,0.8835202761000862,0.8827106863596872,0.7654187166832982,51,"all","RF#51","RF",51
517,366,210,58,0.8991304347826087,0.8632075471698113,0.8991304347826087,0.8991304347826087,0.7941628264208911,0.7671589921807124,0.5344244678153564,51,"all","NB#51","NB",51
489,494,82,86,0.8576388888888888,0.8563922942206655,0.8576388888888888,0.8576388888888888,0.8546712802768166,0.8540399652476107,0.7080779473305997,51,"all","MLP#51","MLP",51
468,479,97,107,0.8315972222222222,0.8283185840707965,0.8315972222222222,0.8315972222222222,0.8244406196213424,0.8227628149435273,0.6455200108697292,52,"all","DT#52","DT",52
490,526,50,85,0.9131944444444444,0.9074074074074074,0.9131944444444444,0.9131944444444444,0.8862679022746419,0.8827106863596872,0.7654088002838313,52,"all","RF#52","RF",52
502,356,220,73,0.8730434782608696,0.8298368298368298,0.8730434782608696,0.8730434782608696,0.7740940632228219,0.7454387489139879,0.4909900731570742,52,"all","NB#52","NB",52
477,521,55,98,0.9045138888888888,0.8966165413533834,0.9045138888888888,0.9045138888888888,0.8719665271966527,0.8670721112076455,0.734126762455896,52,"all","MLP#52","MLP",52
455,460,116,120,0.7986111111111112,0.7968476357267951,0.7986111111111112,0.7986111111111112,0.7958477508650519,0.7949609035621199,0.5899190212501283,53,"all","DT#53","DT",53
496,533,43,79,0.9253472222222222,0.9202226345083488,0.9253472222222222,0.9253472222222222,0.8973063973063973,0.894005212858384,0.7879987438930859,53,"all","RF#53","RF",53
461,465,111,114,0.8072916666666666,0.8059440559440559,0.8072916666666666,0.8072916666666666,0.8051948051948051,0.8045178105994787,0.6090335554055952,53,"all","NB#53","NB",53
480,524,52,95,0.9097222222222222,0.9022556390977443,0.9097222222222222,0.9097222222222222,0.8769874476987448,0.8722849695916595,0.744553163928214,53,"all","MLP#53","MLP",53
463,468,108,112,0.8125,0.8108581436077058,0.8125,0.8125,0.8096885813148789,0.8088618592528236,0.6177211215043569,54,"all","DT#54","DT",54
503,521,55,72,0.9045138888888888,0.9014336917562724,0.9045138888888888,0.9045138888888888,0.891360136869119,0.889661164205039,0.77931649815892,54,"all","RF#54","RF",54
493,444,132,82,0.8573913043478261,0.844106463878327,0.8573913043478261,0.8573913043478261,0.8216666666666667,0.8140747176368376,0.6281772209223337,54,"all","NB#54","NB",54
478,519,57,97,0.9010416666666666,0.8934579439252337,0.9010416666666666,0.9010416666666666,0.8708053691275167,0.8662033014769766,0.7323902409565796,54,"all","MLP#54","MLP",54
468,468,108,107,0.8139130434782609,0.8139130434782609,0.8139130434782609,0.8139130434782609,0.8132059079061685,0.8132059079061685,0.6264120978078234,55,"all","DT#55","DT",55
487,529,47,88,0.9184027777777778,0.9119850187265918,0.9184027777777778,0.9184027777777778,0.8868398994132439,0.8827106863596872,0.7654066752320116,55,"all","RF#55","RF",55
484,440,136,91,0.8417391304347827,0.8286252354048964,0.8417391304347827,0.8417391304347827,0.8100418410041841,0.8027801911381407,0.605586878910702,55,"all","NB#55","NB",55
483,514,62,92,0.8923611111111112,0.8862385321100917,0.8923611111111112,0.8923611111111112,0.8697123519458545,0.8662033014769766,0.7323942811419599,55,"all","MLP#55","MLP",55
477,463,113,98,0.8295652173913044,0.8253119429590018,0.8295652173913044,0.8295652173913044,0.8188841201716739,0.8166811468288445,0.6333703192107667,56,"all","DT#56","DT",56
503,519,57,72,0.9010416666666666,0.8982142857142857,0.9010416666666666,0.9010416666666666,0.8894601542416452,0.8879235447437012,0.7758418442446614,56,"all","RF#56","RF",56
519,322,254,56,0.9026086956521739,0.8518518518518519,0.9026086956521739,0.9026086956521739,0.7700296735905043,0.7306689834926151,0.46149852550113346,56,"all","NB#56","NB",56
496,513,63,79,0.890625,0.8872987477638641,0.890625,0.890625,0.8784246575342466,0.8766290182450044,0.753251890142274,56,"all","MLP#56","MLP",56
474,473,103,101,0.8243478260869566,0.8240418118466899,0.8243478260869566,0.8243478260869566,0.8229166666666666,0.8227628149435273,0.6455264325892734,57,"all","DT#57","DT",57
504,520,56,71,0.9027777777777778,0.9,0.9027777777777778,0.9027777777777778,0.8911739502999143,0.889661164205039,0.7793171644889301,57,"all","RF#57","RF",57
435,497,79,140,0.8628472222222222,0.8463035019455253,0.8628472222222222,0.8628472222222222,0.8194558944765046,0.8097306689834927,0.6194260039043451,57,"all","NB#57","NB",57
487,507,69,88,0.8802083333333334,0.8758992805755396,0.8802083333333334,0.8802083333333334,0.8659265584970112,0.8635968722849696,0.727185713358324,57,"all","MLP#57","MLP",57
463,468,108,112,0.8125,0.8108581436077058,0.8125,0.8125,0.8096885813148789,0.8088618592528236,0.6177211215043569,58,"all","DT#58","DT",58
487,517,59,88,0.8975694444444444,0.891941391941392,0.8975694444444444,0.8975694444444444,0.8755292125317526,0.8722849695916595,0.7445585631013436,58,"all","RF#58","RF",58
417,506,70,158,0.8784722222222222,0.8562628336755647,0.8784722222222222,0.8784722222222222,0.8161290322580645,0.8019113814074718,0.6037698244935922,58,"all","NB#58","NB",58
476,515,61,99,0.8940972222222222,0.8864059590316573,0.8940972222222222,0.8940972222222222,0.865546218487395,0.8609904430929627,0.7219647262373144,58,"all","MLP#58","MLP",58
451,455,121,124,0.7899305555555556,0.7884615384615384,0.7899305555555556,0.7899305555555556,0.787878787878788,0.787141615986099,0.5742809825527592,59,"all","DT#59","DT",59
492,516,60,83,0.8958333333333334,0.8913043478260869,0.8958333333333334,0.8958333333333334,0.8782978723404256,0.8757602085143353,0.7515116013992031,59,"all","RF#59","RF",59
495,402,174,80,0.8608695652173913,0.8340248962655602,0.8608695652173913,0.8608695652173913,0.7958199356913184,0.7793223284100782,0.5587069467798954,59,"all","NB#59","NB",59
468,499,77,107,0.8663194444444444,0.8587155963302753,0.8663194444444444,0.8663194444444444,0.8443316412859562,0.840139009556907,0.6802632969488351,59,"all","MLP#59","MLP",59
486,464,112,89,0.8452173913043478,0.8390596745027125,0.8452173913043478,0.8452173913043478,0.8286445012787723,0.8253692441355344,0.6507503513615924,60,"all","DT#60","DT",60
511,522,54,64,0.90625,0.904424778761062,0.90625,0.90625,0.8984509466437177,0.89748045178106,0.794957653346216,60,"all","RF#60","RF",60
501,414,162,74,0.871304347826087,0.8483606557377049,0.871304347826087,0.871304347826087,0.8093699515347336,0.7949609035621199,0.5899759693760491,60,"all","NB#60","NB",60
491,505,71,84,0.8767361111111112,0.8736654804270463,0.8767361111111112,0.8767361111111112,0.8669527896995709,0.8653344917463076,0.7306634943016697,60,"all","MLP#60","MLP",60
485,458,118,90,0.8434782608695652,0.8357664233576643,0.8434782608695652,0.8434782608695652,0.8234295415959253,0.8192875760208514,0.6385901562132036,61,"all","DT#61","DT",61
512,522,54,63,0.90625,0.9045936395759717,0.90625,0.90625,0.8992248062015504,0.8983492615117289,0.7966956072772727,61,"all","RF#61","RF",61
449,482,94,126,0.8368055555555556,0.8268876611418048,0.8368055555555556,0.8368055555555556,0.8141891891891891,0.8088618592528236,0.6177049615923473,61,"all","NB#61","NB",61
501,500,76,74,0.871304347826087,0.8710801393728222,0.871304347826087,0.871304347826087,0.8697916666666666,0.8696785403996524,0.7393576710215246,61,"all","MLP#61","MLP",61
443,479,97,132,0.8315972222222222,0.8203703703703704,0.8315972222222222,0.8315972222222222,0.8070766638584668,0.8010425716768028,0.6020638167777584,62,"all","DT#62","DT",62
492,513,63,83,0.890625,0.8864864864864865,0.890625,0.890625,0.8754266211604096,0.8731537793223284,0.7462997071167607,62,"all","RF#62","RF",62
448,459,117,127,0.796875,0.7929203539823009,0.796875,0.796875,0.7900172117039588,0.788010425716768,0.5760141306481077,62,"all","NB#62","NB",62
472,496,80,103,0.8611111111111112,0.855072463768116,0.8611111111111112,0.8611111111111112,0.8442553191489361,0.8410078192875761,0.682004357035344,62,"all","MLP#62","MLP",62
472,456,120,103,0.8208695652173913,0.815742397137746,0.8208695652173913,0.8208695652173913,0.8089117395029991,0.8062554300608167,0.612520512003768,63,"all","DT#63","DT",63
505,516,60,70,0.8958333333333334,0.8938053097345132,0.8958333333333334,0.8958333333333334,0.8881239242685026,0.8870547350130321,0.7741058892797295,63,"all","RF#63","RF",63
497,408,168,78,0.8643478260869565,0.8395061728395061,0.8643478260869565,0.8643478260869565,0.8016129032258064,0.7862728062554301,0.5726033600507177,63,"all","NB#63","NB",63
491,487,89,84,0.8539130434782609,0.8528896672504378,0.8539130434782609,0.8539130434782609,0.8502164502164502,0.8496959165942659,0.6993938753481632,63,"all","MLP#63","MLP",63
461,470,106,114,0.8159722222222222,0.8130511463844797,0.8159722222222222,0.8159722222222222,0.810344827586207,0.8088618592528236,0.6177188130291428,64,"all","DT#64","DT",64
500,527,49,75,0.9149305555555556,0.9107468123861566,0.9149305555555556,0.9149305555555556,0.8947368421052632,0.8922675933970461,0.7845265665620934,64,"all","RF#64","RF",64
508,358,218,67,0.8834782608695653,0.8423529411764706,0.8834782608695653,0.8834782608695653,0.7809377401998462,0.7523892267593397,0.5048909442442923,64,"all","NB#64","NB",64
476,516,60,99,0.8958333333333334,0.8880597014925373,0.8958333333333334,0.8958333333333334,0.8664987405541561,0.8618592528236316,0.7237020295578996,64,"all","MLP#64","MLP",64
438,469,107,137,0.8142361111111112,0.8036697247706422,0.8142361111111112,0.8142361111111112,0.7935702199661591,0.788010425716768,0.5760013285625859,65,"all","DT#65","DT",65
472,512,64,103,0.8888888888888888,0.8805970149253731,0.8888888888888888,0.8888888888888888,0.8597816960537363,0.8549087749782798,0.7098002448815677,65,"all","RF#65","RF",65
519,323,253,56,0.9026086956521739,0.8522427440633246,0.9026086956521739,0.9026086956521739,0.7706013363028953,0.731537793223284,0.46323481694001023,65,"all","NB#65","NB",65
478,496,80,97,0.8611111111111112,0.8566308243727598,0.8611111111111112,0.8611111111111112,0.8485885372112917,0.8462206776715899,0.6924332297175502,65,"all","MLP#65","MLP",65
466,454,122,109,0.8104347826086956,0.8063943161634103,0.8104347826086956,0.8104347826086956,0.8013757523645744,0.7993049522154648,0.5986174788236343,66,"all","DT#66","DT",66
509,504,72,66,0.8852173913043478,0.8842105263157894,0.8852173913043478,0.8852173913043478,0.8806228373702422,0.8801042571676803,0.7602105053396255,66,"all","RF#66","RF",66
304,547,29,271,0.9496527777777778,0.9129129129129129,0.9496527777777778,0.9496527777777778,0.7847919655667146,0.739357080799305,0.4785232527584051,66,"all","NB#66","NB",66
479,499,77,96,0.8663194444444444,0.8615107913669064,0.8663194444444444,0.8663194444444444,0.8522630230572161,0.8496959165942659,0.6993829835094909,66,"all","MLP#66","MLP",66
480,440,136,95,0.8347826086956521,0.822429906542056,0.8347826086956521,0.8347826086956521,0.8060453400503779,0.7993049522154648,0.5986344444259942,67,"all","DT#67","DT",67
502,500,76,73,0.8730434782608696,0.8726003490401396,0.8730434782608696,0.8730434782608696,0.8707718993928881,0.8705473501303215,0.7410956774048428,67,"all","RF#67","RF",67
496,406,170,79,0.8626086956521739,0.8371134020618557,0.8626086956521739,0.8626086956521739,0.7993553585817887,0.7836663770634231,0.567391858908272,67,"all","NB#67","NB",67
504,477,99,71,0.8765217391304347,0.8704379562043796,0.8765217391304347,0.8765217391304347,0.8556876061120542,0.8523023457862728,0.7046169545973299,67,"all","MLP#67","MLP",67
463,478,98,112,0.8298611111111112,0.8253119429590018,0.8298611111111112,0.8298611111111112,0.8198970840480275,0.8175499565595135,0.6350919252520434,68,"all","DT#68","DT",68
492,520,56,83,0.9027777777777778,0.8978102189781022,0.9027777777777778,0.9027777777777778,0.8821034775233249,0.8792354474370113,0.7584608672153001,68,"all","RF#68","RF",68
418,497,79,157,0.8628472222222222,0.8410462776659959,0.8628472222222222,0.8628472222222222,0.8081300813008131,0.7949609035621199,0.5898732036683064,68,"all","NB#68","NB",68
477,511,65,98,0.8871527777777778,0.8800738007380073,0.8871527777777778,0.8871527777777778,0.8624472573839663,0.8583840139009556,0.7167537030075471,68,"all","MLP#68","MLP",68
488,474,102,87,0.8486956521739131,0.8449197860962567,0.8486956521739131,0.8486956521739131,0.8377682403433475,0.8357949609035621,0.6715971105726771,69,"all","DT#69","DT",69
509,520,56,66,0.9027777777777778,0.9008849557522124,0.9027777777777778,0.9027777777777778,0.8950086058519793,0.894005212858384,0.7880070653240537,69,"all","RF#69","RF",69
553,164,412,22,0.9617391304347827,0.8817204301075269,0.9617391304347827,0.9617391304347827,0.7181818181818181,0.6229365768896612,0.2463163294557855,69,"all","NB#69","NB",69
494,500,76,81,0.8680555555555556,0.8666666666666667,0.8680555555555556,0.8680555555555556,0.8643042350907519,0.8635968722849696,0.727191479404283,69,"all","MLP#69","MLP",69
455,465,111,120,0.8072916666666666,0.803886925795053,0.8072916666666666,0.8072916666666666,0.8010335917312661,0.7993049522154648,0.5986041477012821,70,"all","DT#70","DT",70
490,530,46,85,0.9201388888888888,0.914179104477612,0.9201388888888888,0.9201388888888888,0.8900083963056254,0.8861859252823632,0.772358275925062,70,"all","RF#70","RF",70
321,543,33,254,0.9427083333333334,0.9067796610169492,0.9427083333333334,0.9427083333333334,0.7909686817188637,0.7506516072980017,0.5011363996744083,70,"all","NB#70","NB",70
456,514,62,119,0.8923611111111112,0.8803088803088803,0.8923611111111112,0.8923611111111112,0.8502894954507858,0.8427454387489139,0.6854635740092369,70,"all","MLP#70","MLP",70
473,480,96,102,0.8333333333333334,0.8312829525483304,0.8333333333333334,0.8333333333333334,0.8290155440414508,0.8279756733275413,0.6559479705432115,71,"all","DT#71","DT",71
490,529,47,85,0.9184027777777778,0.9124767225325885,0.9184027777777778,0.9184027777777778,0.8890756302521008,0.8853171155516942,0.7706208991457845,71,"all","RF#71","RF",71
499,407,169,76,0.8678260869565217,0.8426501035196687,0.8678260869565217,0.8678260869565217,0.8028962188254224,0.787141615986099,0.5743426722999336,71,"all","NB#71","NB",71
492,498,78,83,0.8645833333333334,0.8631578947368421,0.8645833333333334,0.8645833333333334,0.860847018150389,0.8601216333622936,0.7202409438477041,71,"all","MLP#71","MLP",71
466,457,119,109,0.8104347826086956,0.8074204946996466,0.8104347826086956,0.8104347826086956,0.8034482758620689,0.8019113814074718,0.6038284446188916,72,"all","DT#72","DT",72
488,519,57,87,0.9010416666666666,0.8954128440366973,0.9010416666666666,0.9010416666666666,0.8781725888324873,0.8748913987836664,0.7497712758730015,72,"all","RF#72","RF",72
461,451,125,114,0.8017391304347826,0.7982300884955752,0.8017391304347826,0.8017391304347826,0.7941429801894918,0.792354474370113,0.5847155315959427,72,"all","NB#72","NB",72
463,514,62,112,0.8923611111111112,0.8819047619047619,0.8923611111111112,0.8923611111111112,0.8552412645590682,0.8488271068635969,0.6976311617724767,72,"all","MLP#72","MLP",72
471,456,120,104,0.8191304347826087,0.8142857142857143,0.8191304347826087,0.8191304347826087,0.8078902229845625,0.8053866203301477,0.6107823482524577,73,"all","DT#73","DT",73
479,521,55,96,0.9045138888888888,0.897003745318352,0.9045138888888888,0.9045138888888888,0.873428331936295,0.8688097306689835,0.737603021926176,73,"all","RF#73","RF",73
422,483,93,153,0.8385416666666666,0.8194174757281554,0.8385416666666666,0.8385416666666666,0.7970297029702971,0.7862728062554301,0.572506567623879,73,"all","NB#73","NB",73
481,510,66,94,0.8854166666666666,0.8793418647166362,0.8854166666666666,0.8854166666666666,0.864406779661017,0.8609904430929627,0.7219689238071658,73,"all","MLP#73","MLP",73
452,469,107,123,0.8142361111111112,0.8085867620751341,0.8142361111111112,0.8142361111111112,0.8030821917808219,0.8001737619461338,0.6003375685403028,74,"all","DT#74","DT",74
490,516,60,85,0.8958333333333334,0.8909090909090909,0.8958333333333334,0.8958333333333334,0.8768054375531011,0.8740225890529973,0.7480354783921493,74,"all","RF#74","RF",74
495,407,169,80,0.8608695652173913,0.8357289527720739,0.8608695652173913,0.8608695652173913,0.7990314769975788,0.7836663770634231,0.5673905528997464,74,"all","NB#74","NB",74
479,505,71,96,0.8767361111111112,0.8709090909090909,0.8767361111111112,0.8767361111111112,0.8581138487680543,0.8549087749782798,0.7098063785619929,74,"all","MLP#74","MLP",74
467,463,113,108,0.8121739130434783,0.8108581436077058,0.8121739130434783,0.8121739130434783,0.8086580086580087,0.8079930495221547,0.6159887078147055,75,"all","DT#75","DT",75
489,525,51,86,0.9114583333333334,0.9055555555555556,0.9114583333333334,0.9114583333333334,0.8845829823083403,0.8809730668983493,0.7619333751028512,75,"all","RF#75","RF",75
409,504,72,166,0.875,0.8503118503118503,0.875,0.875,0.8089887640449438,0.7932232841007819,0.5863875610367413,75,"all","NB#75","NB",75
474,504,72,101,0.875,0.8681318681318682,0.875,0.875,0.8535139712108383,0.8496959165942659,0.6993784450104248,75,"all","MLP#75","MLP",75
461,475,101,114,0.8246527777777778,0.8202846975088968,0.8246527777777778,0.8246527777777778,0.815450643776824,0.8132059079061685,0.6264042017732836,76,"all","DT#76","DT",76
494,516,60,81,0.8958333333333334,0.8916967509025271,0.8958333333333334,0.8958333333333334,0.8797953964194374,0.8774978279756733,0.7549877034145104,76,"all","RF#76","RF",76
460,462,114,115,0.8020833333333334,0.8013937282229965,0.8020833333333334,0.8020833333333334,0.8013876843018213,0.8010425716768028,0.6020842422769359,76,"all","NB#76","NB",76
462,502,74,113,0.8715277777777778,0.8619402985074627,0.8715277777777778,0.8715277777777778,0.8429890848026869,0.8375325803649001,0.6750457831907374,76,"all","MLP#76","MLP",76
473,450,126,102,0.8226086956521739,0.8152173913043478,0.8226086956521739,0.8226086956521739,0.8057921635434412,0.8019113814074718,0.6038368175066121,77,"all","DT#77","DT",77
498,524,52,77,0.9097222222222222,0.9054545454545454,0.9097222222222222,0.9097222222222222,0.8903993203058623,0.8879235447437012,0.7758384600868089,77,"all","RF#77","RF",77
484,454,122,91,0.8417391304347827,0.8330275229357799,0.8417391304347827,0.8417391304347827,0.8196443691786622,0.8149435273675065,0.6299040956718511,77,"all","NB#77","NB",77
486,512,64,89,0.8888888888888888,0.8836363636363637,0.8888888888888888,0.8888888888888888,0.8700084961767205,0.8670721112076455,0.7341339875448197,77,"all","MLP#77","MLP",77
486,482,94,89,0.8452173913043478,0.8441330998248686,0.8452173913043478,0.8452173913043478,0.8415584415584415,0.8410078192875761,0.6820177987786928,78,"all","DT#78","DT",78
494,517,59,81,0.8975694444444444,0.8933092224231465,0.8975694444444444,0.8975694444444444,0.8807495741056217,0.8783666377063423,0.7567250120022102,78,"all","RF#78","RF",78
479,416,160,96,0.8330434782608696,0.8125,0.8330434782608696,0.8330434782608696,0.7891268533772653,0.7775847089487402,0.5552120568061056,78,"all","NB#78","NB",78
481,520,56,94,0.9027777777777778,0.8957169459962756,0.9027777777777778,0.9027777777777778,0.8739495798319328,0.8696785403996524,0.7393419308474821,78,"all","MLP#78","MLP",78
458,470,106,117,0.8159722222222222,0.8120567375886525,0.8159722222222222,0.8159722222222222,0.8082545141874462,0.8062554300608167,0.6125041327679053,79,"all","DT#79","DT",79
493,527,49,82,0.9149305555555556,0.9095940959409594,0.9149305555555556,0.9149305555555556,0.8894514767932489,0.8861859252823632,0.7723603379999306,79,"all","RF#79","RF",79
502,358,218,73,0.8730434782608696,0.8306264501160093,0.8730434782608696,0.8730434782608696,0.7752895752895752,0.7471763683753258,0.49446301760635114,79,"all","NB#79","NB",79
468,530,46,107,0.9201388888888888,0.9105058365758755,0.9201388888888888,0.9201388888888888,0.8738664468260512,0.8670721112076455,0.7341195369742683,79,"all","MLP#79","MLP",79
468,461,115,107,0.8139130434782609,0.8116197183098591,0.8139130434782609,0.8139130434782609,0.8082901554404145,0.8071242397914856,0.6142528471878358,80,"all","DT#80","DT",80
512,512,64,63,0.8904347826086957,0.8904347826086957,0.8904347826086957,0.8904347826086957,0.8896611642050392,0.889661164205039,0.7793224949841561,80,"all","RF#80","RF",80
535,270,306,40,0.9304347826086956,0.8709677419354839,0.9304347826086956,0.9304347826086956,0.7556497175141242,0.6993918331885317,0.39902454630236045,80,"all","NB#80","NB",80
489,501,75,86,0.8697916666666666,0.8670212765957447,0.8697916666666666,0.8697916666666666,0.8615649183147033,0.8601216333622936,0.7202384097562007,80,"all","MLP#80","MLP",80
454,473,103,121,0.8211805555555556,0.8150807899461401,0.8211805555555556,0.8211805555555556,0.8085470085470086,0.8053866203301477,0.6107623697503858,81,"all","DT#81","DT",81
496,534,42,79,0.9270833333333334,0.9219330855018587,0.9270833333333334,0.9270833333333334,0.8982338099243062,0.894874022589053,0.7897361416625023,81,"all","RF#81","RF",81
437,500,76,138,0.8680555555555556,0.8518518518518519,0.8680555555555556,0.8680555555555556,0.8237232289950577,0.8140747176368376,0.6281143464515098,81,"all","NB#81","NB",81
474,508,68,101,0.8819444444444444,0.8745387453874539,0.8819444444444444,0.8819444444444444,0.8573839662447257,0.8531711555169418,0.7063274589464753,81,"all","MLP#81","MLP",81
485,478,98,90,0.8434782608695652,0.8415492957746479,0.8434782608695652,0.8434782608695652,0.8376511226252159,0.8366637706342311,0.6733312399608701,82,"all","DT#82","DT",82
499,528,48,76,0.9166666666666666,0.9122486288848263,0.9166666666666666,0.9166666666666666,0.8949152542372881,0.8922675933970461,0.7845259159505535,82,"all","RF#82","RF",82
510,376,200,65,0.8869565217391304,0.8526077097505669,0.8869565217391304,0.8869565217391304,0.7937743190661479,0.7697654213727194,0.5396243217339461,82,"all","NB#82","NB",82
487,518,58,88,0.8993055555555556,0.8935779816513761,0.8993055555555556,0.8993055555555556,0.8764805414551607,0.8731537793223284,0.7462958769267931,82,"all","MLP#82","MLP",82
459,470,106,116,0.8159722222222222,0.8123893805309734,0.8159722222222222,0.8159722222222222,0.8089500860585198,0.8071242397914856,0.6142423647699995,83,"all","DT#83","DT",83
501,511,65,74,0.8871527777777778,0.8851590106007067,0.8871527777777778,0.8871527777777778,0.8802756244616711,0.8792354474370113,0.7584674308678712,83,"all","RF#83","RF",83
522,264,312,53,0.9078260869565218,0.832807570977918,0.9078260869565218,0.9078260869565218,0.7409510290986515,0.6828844483058211,0.3660163070297092,83,"all","NB#83","NB",83
478,500,76,97,0.8680555555555556,0.8628158844765343,0.8680555555555556,0.8680555555555556,0.8525149190110827,0.8496959165942659,0.6993820758206405,83,"all","MLP#83","MLP",83
475,469,107,100,0.8260869565217391,0.8242530755711776,0.8260869565217391,0.8260869565217391,0.8210890233362145,0.8201563857515204,0.640316301005273,84,"all","DT#84","DT",84
497,521,55,78,0.9045138888888888,0.9003623188405797,0.9045138888888888,0.9045138888888888,0.8868085106382977,0.8844483058210252,0.7688884124901679,84,"all","RF#84","RF",84
492,447,129,83,0.8556521739130435,0.8433962264150944,0.8556521739130435,0.8556521739130435,0.822742474916388,0.8158123370981755,0.6316499759980435,84,"all","NB#84","NB",84
476,533,43,99,0.9253472222222222,0.9171483622350675,0.9253472222222222,0.9253472222222222,0.8824503311258279,0.8766290182450044,0.7532369886343049,84,"all","MLP#84","MLP",84
460,472,104,115,0.8194444444444444,0.8156028368794326,0.8194444444444444,0.8194444444444444,0.8116938950988822,0.8097306689834927,0.6194547312832793,85,"all","DT#85","DT",85
483,526,50,92,0.9131944444444444,0.9061913696060038,0.9131944444444444,0.9131944444444444,0.88107202680067,0.8766290182450044,0.7532422043668229,85,"all","RF#85","RF",85
501,367,209,74,0.871304347826087,0.8321995464852607,0.871304347826087,0.871304347826087,0.7797665369649806,0.7541268462206777,0.5083535209460633,85,"all","NB#85","NB",85
457,522,54,118,0.90625,0.8943248532289628,0.90625,0.90625,0.8585526315789475,0.8505647263249348,0.7011003478596965,85,"all","MLP#85","MLP",85
488,468,108,87,0.8486956521739131,0.8432432432432433,0.8486956521739131,0.8486956521739131,0.8334756618274979,0.8305821025195482,0.6611746910197593,86,"all","DT#86","DT",86
493,521,55,82,0.9045138888888888,0.8996350364963503,0.9045138888888888,0.9045138888888888,0.8837998303647159,0.8809730668983493,0.7619362504208355,86,"all","RF#86","RF",86
503,370,206,72,0.8747826086956522,0.8371040723981901,0.8747826086956522,0.8747826086956522,0.7834890965732088,0.7584708948740226,0.5170391255392178,86,"all","NB#86","NB",86
471,515,61,104,0.8940972222222222,0.8853383458646616,0.8940972222222222,0.8940972222222222,0.8619246861924686,0.8566463944396178,0.7132739595112606,86,"all","MLP#86","MLP",86
462,446,130,113,0.8034782608695652,0.7978533094812165,0.8034782608695652,0.8034782608695652,0.7917737789203085,0.788879235447437,0.577768988416662,87,"all","DT#87","DT",87
487,514,62,88,0.8923611111111112,0.8870673952641166,0.8923611111111112,0.8923611111111112,0.872665534804754,0.8696785403996524,0.7393466530993064,87,"all","RF#87","RF",87
459,456,120,116,0.7982608695652174,0.7972027972027972,0.7982608695652174,0.7982608695652174,0.7954939341421144,0.7949609035621199,0.5899239738890466,87,"all","NB#87","NB",87
480,511,65,95,0.8871527777777778,0.8807339449541285,0.8871527777777778,0.8871527777777778,0.8646362098138748,0.8609904430929627,0.721968084303335,87,"all","MLP#87","MLP",87
472,468,108,103,0.8208695652173913,0.819614711033275,0.8208695652173913,0.8208695652173913,0.8173160173160172,0.8166811468288445,0.6333647843841759,88,"all","DT#88","DT",88
508,523,53,67,0.9079861111111112,0.9055258467023173,0.9079861111111112,0.9079861111111112,0.8970840480274442,0.895742832319722,0.7914811001440247,88,"all","RF#88","RF",88
454,492,84,121,0.8541666666666666,0.8438661710037175,0.8541666666666666,0.8541666666666666,0.8275862068965518,0.8218940052128584,0.6437678433125039,88,"all","NB#88","NB",88
488,510,66,87,0.8854166666666666,0.8808664259927798,0.8854166666666666,0.8854166666666666,0.8695652173913043,0.8670721112076455,0.7341355930668091,88,"all","MLP#88","MLP",88
470,445,131,105,0.8173913043478261,0.8090909090909091,0.8173913043478261,0.8173913043478261,0.7993197278911566,0.7949609035621199,0.5899375930292591,89,"all","DT#89","DT",89
505,499,77,70,0.8782608695652174,0.8769771528998243,0.8782608695652174,0.8782608695652174,0.8729472774416595,0.8722849695916595,0.7445724456414259,89,"all","RF#89","RF",89
467,437,139,108,0.8121739130434783,0.8018348623853211,0.8121739130434783,0.8121739130434783,0.7908552074513124,0.7854039965247611,0.5708277541359026,89,"all","NB#89","NB",89
490,498,78,85,0.8645833333333334,0.8626760563380281,0.8645833333333334,0.8645833333333334,0.8593615185504746,0.8583840139009556,0.7167648208842786,89,"all","MLP#89","MLP",89
476,472,104,99,0.8278260869565217,0.8266199649737302,0.8278260869565217,0.8278260869565217,0.8242424242424243,0.8236316246741964,0.6472656456397522,90,"all","DT#90","DT",90
513,519,57,62,0.9010416666666666,0.9,0.9010416666666666,0.9010416666666666,0.8971477960242005,0.896611642050391,0.7932215671917814,90,"all","RF#90","RF",90
447,490,86,128,0.8506944444444444,0.8386491557223265,0.8506944444444444,0.8506944444444444,0.8207705192629816,0.8140747176368376,0.6281255755950711,90,"all","NB#90","NB",90
502,508,68,73,0.8819444444444444,0.8807017543859649,0.8819444444444444,0.8819444444444444,0.8781331028522039,0.8774978279756733,0.754993621630598,90,"all","MLP#90","MLP",90
458,472,104,117,0.8194444444444444,0.8149466192170819,0.8194444444444444,0.8194444444444444,0.8103004291845494,0.8079930495221547,0.615978272520445,91,"all","DT#91","DT",91
485,527,49,90,0.9149305555555556,0.9082397003745318,0.9149305555555556,0.9149305555555556,0.8834870075440068,0.8792354474370113,0.7584557619055527,91,"all","RF#91","RF",91
449,478,98,126,0.8298611111111112,0.8208409506398537,0.8298611111111112,0.8298611111111112,0.8101694915254237,0.8053866203301477,0.6107564933300321,91,"all","NB#91","NB",91
468,493,83,107,0.8559027777777778,0.8493647912885662,0.8559027777777778,0.8559027777777778,0.8384353741496599,0.8349261511728931,0.6698400908245469,91,"all","MLP#91","MLP",91
465,482,94,110,0.8368055555555556,0.8318425760286225,0.8368055555555556,0.8368055555555556,0.8253424657534246,0.8227628149435273,0.6455167999227034,92,"all","DT#92","DT",92
493,517,59,82,0.8975694444444444,0.8931159420289855,0.8975694444444444,0.8975694444444444,0.88,0.8774978279756733,0.7549869636173961,92,"all","RF#92","RF",92
517,332,244,58,0.8991304347826087,0.8512820512820513,0.8991304347826087,0.8991304347826087,0.7739520958083832,0.737619461337967,0.47538583670648027,92,"all","NB#92","NB",92
470,516,60,105,0.8958333333333334,0.8867924528301887,0.8958333333333334,0.8958333333333334,0.862155388471178,0.8566463944396178,0.7132730937337229,92,"all","MLP#92","MLP",92
463,479,97,112,0.8315972222222222,0.8267857142857142,0.8315972222222222,0.8315972222222222,0.8209083119108826,0.8184187662901824,0.6368290344739086,93,"all","DT#93","DT",93
503,518,58,72,0.8993055555555556,0.8966131907308378,0.8993055555555556,0.8993055555555556,0.888507718696398,0.8870547350130321,0.7741045251560268,93,"all","RF#93","RF",93
468,476,100,107,0.8263888888888888,0.823943661971831,0.8263888888888888,0.8263888888888888,0.821397756686799,0.8201563857515204,0.6403086989143907,93,"all","NB#93","NB",93
496,508,68,79,0.8819444444444444,0.8794326241134752,0.8819444444444444,0.8819444444444444,0.8736027515047291,0.8722849695916595,0.7445655045600094,93,"all","MLP#93","MLP",93
464,462,114,111,0.8069565217391305,0.806282722513089,0.8069565217391305,0.8069565217391305,0.8048568950563747,0.8045178105994787,0.6090370967522792,94,"all","DT#94","DT",94
495,518,58,80,0.8993055555555556,0.895117540687161,0.8993055555555556,0.8993055555555556,0.8824531516183988,0.8801042571676803,0.7602003689736072,94,"all","RF#94","RF",94
503,375,201,72,0.8747826086956522,0.8389261744966443,0.8747826086956522,0.8747826086956522,0.7865519937451133,0.7628149435273676,0.5257218929284606,94,"all","NB#94","NB",94
470,511,65,105,0.8871527777777778,0.8785046728971962,0.8871527777777778,0.8871527777777778,0.8573825503355706,0.8523023457862728,0.704586629627393,94,"all","MLP#94","MLP",94
459,471,105,116,0.8177083333333334,0.8138297872340425,0.8177083333333334,0.8177083333333334,0.8099742046431643,0.8079930495221547,0.6159794320255922,95,"all","DT#95","DT",95
494,529,47,81,0.9184027777777778,0.9131238447319778,0.9184027777777778,0.9184027777777778,0.8920741989881956,0.8887923544743701,0.7775731242243714,95,"all","RF#95","RF",95
509,384,192,66,0.8852173913043478,0.8533333333333334,0.8852173913043478,0.8852173913043478,0.797805642633229,0.7758470894874022,0.551779099990038,95,"all","NB#95","NB",95
480,513,63,95,0.890625,0.8839779005524862,0.890625,0.890625,0.8665540540540541,0.8627280625543006,0.7254426542345039,95,"all","MLP#95","MLP",95
473,461,115,102,0.8226086956521739,0.8188277087033747,0.8226086956521739,0.8226086956521739,0.8134135855546,0.8114682884448305,0.6229436922282624,96,"all","DT#96","DT",96
517,513,63,58,0.8991304347826087,0.8984238178633975,0.8991304347826087,0.8991304347826087,0.8952380952380952,0.894874022589053,0.7897494735094089,96,"all","RF#96","RF",96
485,449,127,90,0.8434782608695652,0.8330241187384044,0.8434782608695652,0.8434782608695652,0.8171861836562764,0.8114682884448305,0.6229573529256366,96,"all","NB#96","NB",96
484,507,69,91,0.8802083333333334,0.8752260397830018,0.8802083333333334,0.8802083333333334,0.8637137989778535,0.8609904430929627,0.7219714422882404,96,"all","MLP#96","MLP",96
468,468,108,107,0.8139130434782609,0.8139130434782609,0.8139130434782609,0.8139130434782609,0.8132059079061685,0.8132059079061685,0.6264120978078234,97,"all","DT#97","DT",97
496,528,48,79,0.9166666666666666,0.9117647058823529,0.9166666666666666,0.9166666666666666,0.8926458157227388,0.889661164205039,0.7793118337361802,97,"all","RF#97","RF",97
473,447,129,102,0.8226086956521739,0.8142076502732241,0.8226086956521739,0.8226086956521739,0.8037383177570094,0.7993049522154648,0.5986259618040931,97,"all","NB#97","NB",97
468,512,64,107,0.8888888888888888,0.8796992481203008,0.8888888888888888,0.8888888888888888,0.8569037656903766,0.8514335360556038,0.7028475580389426,97,"all","MLP#97","MLP",97
458,457,119,117,0.7965217391304348,0.7961672473867596,0.7965217391304348,0.7965217391304348,0.7951388888888887,0.7949609035621199,0.5899227357405321,98,"all","DT#98","DT",98
498,526,50,77,0.9131944444444444,0.9087591240875912,0.9131944444444444,0.9131944444444444,0.8922815945716709,0.889661164205039,0.7793131664485116,98,"all","RF#98","RF",98
498,399,177,77,0.8660869565217392,0.8382352941176471,0.8660869565217392,0.8660869565217392,0.7968,0.7793223284100782,0.5587109433962265,98,"all","NB#98","NB",98
490,511,65,85,0.8871527777777778,0.8828828828828829,0.8871527777777778,0.8871527777777778,0.8720136518771331,0.8696785403996524,0.7393490141610555,98,"all","MLP#98","MLP",98
472,457,119,103,0.8208695652173913,0.8160714285714286,0.8208695652173913,0.8208695652173913,0.809605488850772,0.8071242397914856,0.6142575058573464,99,"all","DT#99","DT",99
497,509,67,78,0.8836805555555556,0.8812056737588653,0.8836805555555556,0.8836805555555556,0.8753224419604472,0.8740225890529973,0.7480408038176962,99,"all","RF#99","RF",99
487,422,154,88,0.8469565217391304,0.8274509803921568,0.8469565217391304,0.8469565217391304,0.8009868421052632,0.789748045178106,0.579537666838751,99,"all","NB#99","NB",99
481,502,74,94,0.8715277777777778,0.8666666666666667,0.8715277777777778,0.8715277777777778,0.856655290102389,0.8540399652476107,0.7080708958603821,99,"all","MLP#99","MLP",99
472,467,109,103,0.8208695652173913,0.8192982456140351,0.8208695652173913,0.8208695652173913,0.8166089965397924,0.8158123370981755,0.6316277328405842,100,"all","DT#100","DT",100
503,529,47,72,0.9184027777777778,0.9145454545454546,0.9184027777777778,0.9184027777777778,0.8988954970263382,0.896611642050391,0.793215323645971,100,"all","RF#100","RF",100
501,386,190,74,0.871304347826087,0.8391304347826087,0.871304347826087,0.871304347826087,0.7914691943127963,0.7706342311033884,0.5413484353585423,100,"all","NB#100","NB",100
478,511,65,97,0.8871527777777778,0.8802946593001841,0.8871527777777778,0.8871527777777778,0.8631756756756758,0.8592528236316247,0.718491835354365,100,"all","MLP#100","MLP",100
458,467,109,117,0.8107638888888888,0.8077601410934744,0.8107638888888888,0.8107638888888888,0.8051724137931034,0.8036490008688097,0.6072929624753922,101,"all","DT#101","DT",101
492,526,50,83,0.9131944444444444,0.9077490774907749,0.9131944444444444,0.9131944444444444,0.8877637130801688,0.8844483058210252,0.7688849233129066,101,"all","RF#101","RF",101
493,368,208,82,0.8573913043478261,0.8177777777777778,0.8573913043478261,0.8573913043478261,0.7727272727272727,0.7480451781059948,0.49618581006632195,101,"all","NB#101","NB",101
460,513,63,115,0.890625,0.8795411089866156,0.890625,0.890625,0.8521594684385382,0.845351867940921,0.6906792199870764,101,"all","MLP#101","MLP",101
461,465,111,114,0.8072916666666666,0.8059440559440559,0.8072916666666666,0.8072916666666666,0.8051948051948051,0.8045178105994787,0.6090335554055952,102,"all","DT#102","DT",102
493,526,50,82,0.9131944444444444,0.9079189686924494,0.9131944444444444,0.9131944444444444,0.8885135135135135,0.8853171155516942,0.7706229769554086,102,"all","RF#102","RF",102
235,566,10,340,0.9826388888888888,0.9591836734693877,0.9826388888888888,0.9826388888888888,0.7638326585695007,0.6959165942658557,0.39152959656833863,102,"all","NB#102","NB",102
491,507,69,84,0.8802083333333334,0.8767857142857143,0.8802083333333334,0.8802083333333334,0.8688946015424164,0.8670721112076455,0.7341380013134354,102,"all","MLP#102","MLP",102
479,484,92,96,0.8402777777777778,0.8388791593695272,0.8402777777777778,0.8402777777777778,0.8373702422145328,0.8366637706342311,0.6733253220128141,103,"all","DT#103","DT",103
505,522,54,70,0.90625,0.9033989266547406,0.90625,0.90625,0.8938356164383562,0.8922675933970461,0.784529819560859,103,"all","RF#103","RF",103
484,440,136,91,0.8417391304347827,0.8286252354048964,0.8417391304347827,0.8417391304347827,0.8100418410041841,0.8027801911381407,0.605586878910702,103,"all","NB#103","NB",103
478,533,43,97,0.9253472222222222,0.9174664107485605,0.9253472222222222,0.9253472222222222,0.8839137645107794,0.8783666377063423,0.7567132586291756,103,"all","MLP#103","MLP",103
479,455,121,96,0.8330434782608696,0.8257713248638838,0.8330434782608696,0.8330434782608696,0.8153191489361702,0.8114682884448305,0.622950522700683,104,"all","DT#104","DT",104
500,516,60,75,0.8958333333333334,0.8928571428571429,0.8958333333333334,0.8958333333333334,0.8843187660668379,0.8827106863596872,0.7654158835118549,104,"all","RF#104","RF",104
509,283,293,66,0.8852173913043478,0.8108882521489972,0.8852173913043478,0.8852173913043478,0.7392883079157591,0.6880973066898349,0.3764078433266377,104,"all","NB#104","NB",104
488,507,69,87,0.8802083333333334,0.8761220825852782,0.8802083333333334,0.8802083333333334,0.8666666666666667,0.8644656820156386,0.7289237932190186,104,"all","MLP#104","MLP",104
453,479,97,122,0.8315972222222222,0.8236363636363636,0.8315972222222222,0.8315972222222222,0.8139337298215803,0.8097306689834927,0.61944668805435,105,"all","DT#105","DT",105
502,529,47,73,0.9184027777777778,0.9143897996357013,0.9184027777777778,0.9184027777777778,0.8981324278438031,0.895742832319722,0.7914773224794451,105,"all","RF#105","RF",105
489,435,141,86,0.8504347826086956,0.8349328214971209,0.8504347826086956,0.8504347826086956,0.8116182572614108,0.8027801911381407,0.605592832720713,105,"all","NB#105","NB",105
481,513,63,94,0.890625,0.8841911764705882,0.890625,0.890625,0.8672865595942519,0.8635968722849696,0.7271807708392151,105,"all","MLP#105","MLP",105
481,464,112,94,0.8365217391304348,0.8315412186379928,0.8365217391304348,0.8365217391304348,0.8236301369863014,0.8210251954821894,0.6420598474075282,106,"all","DT#106","DT",106
501,500,76,74,0.871304347826087,0.8710801393728222,0.871304347826087,0.871304347826087,0.8697916666666666,0.8696785403996524,0.7393576710215246,106,"all","RF#106","RF",106
521,330,246,54,0.9060869565217391,0.859375,0.9060869565217391,0.9060869565217391,0.7764530551415798,0.739357080799305,0.47886482179078527,106,"all","NB#106","NB",106
486,496,80,89,0.8611111111111112,0.8586572438162544,0.8611111111111112,0.8611111111111112,0.8544358311800172,0.8531711555169418,0.7063380994005051,106,"all","MLP#106","MLP",106
468,457,119,107,0.8139130434782609,0.8102836879432624,0.8139130434782609,0.8139130434782609,0.8055077452667814,0.8036490008688097,0.6073048193571372,107,"all","DT#107","DT",107
502,524,52,73,0.9097222222222222,0.9061371841155235,0.9097222222222222,0.9097222222222222,0.8934356351236147,0.891398783666377,0.7827905172114453,107,"all","RF#107","RF",107
472,447,129,103,0.8208695652173913,0.8127272727272727,0.8208695652173913,0.8208695652173913,0.8027210884353742,0.7984361424847958,0.5968878033168986,107,"all","NB#107","NB",107
476,510,66,99,0.8854166666666666,0.8782287822878229,0.8854166666666666,0.8854166666666666,0.8607594936708861,0.8566463944396178,0.7132782883205233,107,"all","MLP#107","MLP",107
470,463,113,105,0.8173913043478261,0.8151408450704225,0.8173913043478261,0.8173913043478261,0.8117443868739206,0.8105994787141616,0.6212032463376046,108,"all","DT#108","DT",108
512,522,54,63,0.90625,0.9045936395759717,0.90625,0.90625,0.8992248062015504,0.8983492615117289,0.7966956072772727,108,"all","RF#108","RF",108
512,362,214,63,0.8904347826086957,0.851764705882353,0.8904347826086957,0.8904347826086957,0.7870868562644121,0.7593397046046916,0.5187887423005928,108,"all","NB#108","NB",108
506,526,50,69,0.9131944444444444,0.9100719424460432,0.9131944444444444,0.9131944444444444,0.8983774551665242,0.896611642050391,0.793217196749303,108,"all","MLP#108","MLP",108
451,477,99,124,0.828125,0.82,0.828125,0.828125,0.81053525913339,0.8062554300608167,0.6124959426306851,109,"all","DT#109","DT",109
495,526,50,80,0.9131944444444444,0.908256880733945,0.9131944444444444,0.9131944444444444,0.8900169204737732,0.8870547350130321,0.7740990684964596,109,"all","RF#109","RF",109
471,453,123,104,0.8191304347826087,0.8132854578096947,0.8191304347826087,0.8191304347826087,0.8058169375534644,0.8027801911381407,0.605571398163398,109,"all","NB#109","NB",109
468,506,70,107,0.8784722222222222,0.8698884758364313,0.8784722222222222,0.8784722222222222,0.8511354079058031,0.8462206776715899,0.6924239427625034,109,"all","MLP#109","MLP",109
463,479,97,112,0.8315972222222222,0.8267857142857142,0.8315972222222222,0.8315972222222222,0.8209083119108826,0.8184187662901824,0.6368290344739086,110,"all","DT#110","DT",110
493,517,59,82,0.8975694444444444,0.8931159420289855,0.8975694444444444,0.8975694444444444,0.88,0.8774978279756733,0.7549869636173961,110,"all","RF#110","RF",110
467,452,124,108,0.8121739130434783,0.8071428571428572,0.8121739130434783,0.8121739130434783,0.8010291595197255,0.7984361424847958,0.5968817178329024,110,"all","NB#110","NB",110
476,509,67,99,0.8836805555555556,0.8766114180478821,0.8836805555555556,0.8836805555555556,0.8597972972972973,0.8557775847089487,0.7115410164742257,110,"all","MLP#110","MLP",110
476,465,111,99,0.8278260869565217,0.824468085106383,0.8278260869565217,0.8278260869565217,0.8192771084337348,0.8175499565595135,0.635106248075216,111,"all","DT#111","DT",111
507,514,62,68,0.8923611111111112,0.8910369068541301,0.8923611111111112,0.8923611111111112,0.8877374784110535,0.8870547350130321,0.774107253386957,111,"all","RF#111","RF",111
497,443,133,78,0.8643478260869565,0.8502879078694817,0.8643478260869565,0.8643478260869565,0.8248962655601659,0.8166811468288445,0.6333924568461254,111,"all","NB#111","NB",111
493,500,76,82,0.8680555555555556,0.8664323374340949,0.8680555555555556,0.8680555555555556,0.8635578583765112,0.8627280625543006,0.7254534310395323,111,"all","MLP#111","MLP",111
461,449,127,114,0.8017391304347826,0.7975133214920072,0.8017391304347826,0.8017391304347826,0.7927773000859845,0.790616854908775,0.5812416121060426,112,"all","DT#112","DT",112
493,515,61,82,0.8940972222222222,0.8898916967509025,0.8940972222222222,0.8940972222222222,0.8780903665814153,0.8757602085143353,0.7515123516898935,112,"all","RF#112","RF",112
514,351,225,61,0.8939130434782608,0.8519417475728155,0.8939130434782608,0.8939130434782608,0.7823439878234398,0.7515204170286707,0.503163467981961,112,"all","NB#112","NB",112
468,522,54,107,0.90625,0.896551724137931,0.90625,0.90625,0.866390041493776,0.8601216333622936,0.7202206698301645,112,"all","MLP#112","MLP",112
476,464,112,99,0.8278260869565217,0.8241563055062167,0.8278260869565217,0.8278260869565217,0.8185726569217541,0.8166811468288445,0.6333692122588175,113,"all","DT#113","DT",113
491,521,55,84,0.9045138888888888,0.8992673992673993,0.9045138888888888,0.9045138888888888,0.882303132938188,0.8792354474370113,0.7584601378985494,113,"all","RF#113","RF",113
496,395,181,79,0.8626086956521739,0.8333333333333334,0.8626086956521739,0.8626086956521739,0.792332268370607,0.7741094700260643,0.5482881561112269,113,"all","NB#113","NB",113
483,502,74,92,0.8715277777777778,0.8671454219030521,0.8715277777777778,0.8715277777777778,0.8581196581196582,0.8557775847089487,0.7115471132971608,113,"all","MLP#113","MLP",113
459,471,105,116,0.8177083333333334,0.8138297872340425,0.8177083333333334,0.8177083333333334,0.8099742046431643,0.8079930495221547,0.6159794320255922,114,"all","DT#114","DT",114
498,527,49,77,0.9149305555555556,0.9104204753199269,0.9149305555555556,0.9149305555555556,0.8932203389830509,0.8905299739357081,0.7810505274981431,114,"all","RF#114","RF",114
501,418,158,74,0.871304347826087,0.8495934959349594,0.871304347826087,0.871304347826087,0.8119935170178282,0.7984361424847958,0.5969230955011743,114,"all","NB#114","NB",114
489,506,70,86,0.8784722222222222,0.8747763864042933,0.8784722222222222,0.8784722222222222,0.8664383561643836,0.8644656820156386,0.7289246117055967,114,"all","MLP#114","MLP",114
471,464,112,104,0.8191304347826087,0.8169014084507042,0.8191304347826087,0.8191304347826087,0.8134715025906736,0.8123370981754996,0.624678445912489,115,"all","DT#115","DT",115
496,532,44,79,0.9236111111111112,0.9185185185185185,0.9236111111111112,0.9236111111111112,0.8963774220724515,0.893136403127715,0.786261351369713,115,"all","RF#115","RF",115
508,362,214,67,0.8834782608695653,0.8438228438228438,0.8834782608695653,0.8834782608695653,0.7833461835003857,0.7558644656820156,0.5118368960994465,115,"all","NB#115","NB",115
481,520,56,94,0.9027777777777778,0.8957169459962756,0.9027777777777778,0.9027777777777778,0.8739495798319328,0.8696785403996524,0.7393419308474821,115,"all","MLP#115","MLP",115
463,481,95,112,0.8350694444444444,0.8297491039426523,0.8350694444444444,0.8350694444444444,0.8229255774165953,0.8201563857515204,0.640303268652728,116,"all","DT#116","DT",116
478,520,56,97,0.9027777777777778,0.8951310861423221,0.9027777777777778,0.9027777777777778,0.8717518860016764,0.8670721112076455,0.7341275652629464,116,"all","RF#116","RF",116
536,221,355,39,0.9321739130434783,0.85,0.9321739130434783,0.9321739130434783,0.7312414733969989,0.6576889661164205,0.3157038610807645,116,"all","NB#116","NB",116
468,499,77,107,0.8663194444444444,0.8587155963302753,0.8663194444444444,0.8663194444444444,0.8443316412859562,0.840139009556907,0.6802632969488351,116,"all","MLP#116","MLP",116
468,454,122,107,0.8139130434782609,0.8092691622103387,0.8139130434782609,0.8139130434782609,0.8034334763948497,0.8010425716768028,0.6020938535510216,117,"all","DT#117","DT",117
495,505,71,80,0.8767361111111112,0.8745583038869258,0.8767361111111112,0.8767361111111112,0.8699397071490095,0.8688097306689835,0.7376156982809247,117,"all","RF#117","RF",117
432,508,68,143,0.8819444444444444,0.864,0.8819444444444444,0.8819444444444444,0.8280358598207009,0.8166811468288445,0.6333204997546523,117,"all","NB#117","NB",117
473,500,76,102,0.8680555555555556,0.8615664845173042,0.8680555555555556,0.8680555555555556,0.8488964346349746,0.845351867940921,0.6906913616778437,117,"all","MLP#117","MLP",117
484,464,112,91,0.8417391304347827,0.836036036036036,0.8417391304347827,0.8417391304347827,0.8266438941076004,0.8236316246741964,0.6472741655231341,118,"all","DT#118","DT",118
508,506,70,67,0.8834782608695653,0.8830715532286213,0.8834782608695653,0.8834782608695653,0.8811795316565482,0.8809730668983493,0.7619470322447213,118,"all","RF#118","RF",118
480,457,119,95,0.8347826086956521,0.8278985507246377,0.8347826086956521,0.8347826086956521,0.817717206132879,0.8140747176368376,0.6281626269579607,118,"all","NB#118","NB",118
512,490,86,63,0.8904347826086957,0.8860759493670886,0.8904347826086957,0.8904347826086957,0.8729752770673488,0.8705473501303215,0.7411034942929217,118,"all","MLP#118","MLP",118
475,476,100,100,0.8263888888888888,0.8263888888888888,0.8263888888888888,0.8263888888888888,0.8263888888888888,0.8262380538662033,0.652475845410628,119,"all","DT#119","DT",119
508,531,45,67,0.921875,0.918625678119349,0.921875,0.921875,0.9045996592844975,0.9026933101650738,0.8053800096017681,119,"all","RF#119","RF",119
495,428,148,80,0.8608695652173913,0.84251968503937,0.8608695652173913,0.8608695652173913,0.8128078817733991,0.8019113814074718,0.603863129992694,119,"all","NB#119","NB",119
492,506,70,83,0.8784722222222222,0.8754448398576512,0.8784722222222222,0.8784722222222222,0.8686695278969957,0.8670721112076455,0.7341388040526157,119,"all","MLP#119","MLP",119
465,469,107,110,0.8142361111111112,0.8129370629370629,0.8142361111111112,0.8142361111111112,0.8121212121212121,0.8114682884448305,0.6229345845467296,120,"all","DT#120","DT",120
509,522,54,66,0.90625,0.9040852575488455,0.90625,0.90625,0.8969072164948454,0.895742832319722,0.7914817297414808,120,"all","RF#120","RF",120
521,357,219,54,0.9060869565217391,0.8686131386861314,0.9060869565217391,0.9060869565217391,0.7923954372623575,0.7628149435273676,0.5257476624934913,120,"all","NB#120","NB",120
487,499,77,88,0.8663194444444444,0.8634751773049646,0.8663194444444444,0.8663194444444444,0.8581255374032674,0.8566463944396178,0.7132878112408269,120,"all","MLP#120","MLP",120
468,455,121,107,0.8139130434782609,0.8096085409252669,0.8139130434782609,0.8139130434782609,0.8041237113402061,0.8019113814074718,0.6038308369086401,121,"all","DT#121","DT",121
480,525,51,95,0.9114583333333334,0.903954802259887,0.9114583333333334,0.9114583333333334,0.8779264214046822,0.8731537793223284,0.7462905144665407,121,"all","RF#121","RF",121
504,371,205,71,0.8765217391304347,0.8393665158371041,0.8765217391304347,0.8765217391304347,0.7850467289719626,0.7602085143353605,0.5205136642044031,121,"all","NB#121","NB",121
452,519,57,123,0.9010416666666666,0.888015717092338,0.9010416666666666,0.9010416666666666,0.852216748768473,0.843614248479583,0.6871970939133428,121,"all","MLP#121","MLP",121
462,458,118,113,0.8034782608695652,0.8021015761821366,0.8034782608695652,0.8034782608695652,0.8,0.7993049522154648,0.5986126312452352,122,"all","DT#122","DT",122
486,529,47,89,0.9184027777777778,0.9118198874296435,0.9184027777777778,0.9184027777777778,0.8860971524288107,0.8818418766290183,0.7636685900978022,122,"all","RF#122","RF",122
508,385,191,67,0.8834782608695653,0.8517699115044248,0.8834782608695653,0.8834782608695653,0.7974882260596545,0.7758470894874022,0.5517777469193568,122,"all","NB#122","NB",122
487,506,70,88,0.8784722222222222,0.874326750448833,0.8784722222222222,0.8784722222222222,0.8649572649572651,0.8627280625543006,0.725448457234647,122,"all","MLP#122","MLP",122
461,477,99,114,0.828125,0.8232142857142857,0.828125,0.828125,0.8174807197943444,0.8149435273675065,0.629878393985371,123,"all","DT#123","DT",123
480,518,58,95,0.8993055555555556,0.8921933085501859,0.8993055555555556,0.8993055555555556,0.8713204373423045,0.8670721112076455,0.7341291708625028,123,"all","RF#123","RF",123
504,362,214,71,0.8765217391304347,0.836027713625866,0.8765217391304347,0.8765217391304347,0.7795823665893271,0.7523892267593397,0.5048849659569266,123,"all","NB#123","NB",123
470,526,50,105,0.9131944444444444,0.9038461538461539,0.9131944444444444,0.9131944444444444,0.8715824357912177,0.8653344917463076,0.7306464153877512,123,"all","MLP#123","MLP",123
467,465,111,108,0.8121739130434783,0.8115183246073299,0.8121739130434783,0.8121739130434783,0.8100607111882048,0.8097306689834927,0.6194627741722186,124,"all","DT#124","DT",124
489,521,55,86,0.9045138888888888,0.8988970588235294,0.9045138888888888,0.9045138888888888,0.8808114961961115,0.8774978279756733,0.7549840043842632,124,"all","RF#124","RF",124
503,363,213,72,0.8747826086956522,0.8344827586206897,0.8747826086956522,0.8747826086956522,0.7792408985282726,0.7523892267593397,0.504883471362527,124,"all","NB#124","NB",124
491,481,95,84,0.8539130434782609,0.8513274336283185,0.8539130434782609,0.8539130434782609,0.8458225667527993,0.8444830582102519,0.6889710466764591,124,"all","MLP#124","MLP",124
468,461,115,107,0.8139130434782609,0.8116197183098591,0.8139130434782609,0.8139130434782609,0.8082901554404145,0.8071242397914856,0.6142528471878358,125,"all","DT#125","DT",125
496,511,65,79,0.8871527777777778,0.8841354723707665,0.8871527777777778,0.8871527777777778,0.8765008576329332,0.8748913987836664,0.7497773201728298,125,"all","RF#125","RF",125
489,433,143,86,0.8504347826086956,0.8342967244701349,0.8504347826086956,0.8504347826086956,0.8102734051367027,0.8010425716768028,0.6021190809365741,125,"all","NB#125","NB",125
491,513,63,84,0.890625,0.8862815884476535,0.890625,0.890625,0.8746803069053709,0.8722849695916595,0.7445616482406598,125,"all","MLP#125","MLP",125
469,457,119,106,0.8156521739130435,0.8117229129662522,0.8156521739130435,0.8156521739130435,0.8065348237317284,0.8045178105994787,0.6090429988541891,126,"all","DT#126","DT",126
501,514,62,74,0.8923611111111112,0.8898756660746003,0.8923611111111112,0.8923611111111112,0.8831615120274914,0.8818418766290183,0.7636792937070116,126,"all","RF#126","RF",126
512,370,206,63,0.8904347826086957,0.8545034642032333,0.8904347826086957,0.8904347826086957,0.7919566898685227,0.7662901824500434,0.532680897692678,126,"all","NB#126","NB",126
488,501,75,87,0.8697916666666666,0.866785079928952,0.8697916666666666,0.8697916666666666,0.8608247422680413,0.8592528236316247,0.7185003351509991,126,"all","MLP#126","MLP",126
480,475,101,95,0.8347826086956521,0.8333333333333334,0.8347826086956521,0.8347826086956521,0.8304498269896193,0.8297132927888793,0.6594294133809175,127,"all","DT#127","DT",127
515,523,53,60,0.9079861111111112,0.9066901408450704,0.9079861111111112,0.9079861111111112,0.9025021570319242,0.9018245004344049,0.8036467776682423,127,"all","RF#127","RF",127
498,425,151,77,0.8660869565217392,0.8466135458167331,0.8660869565217392,0.8660869565217392,0.8137254901960784,0.8019113814074718,0.6038667177881698,127,"all","NB#127","NB",127
485,503,73,90,0.8732638888888888,0.8691756272401434,0.8732638888888888,0.8732638888888888,0.8605645851154833,0.8583840139009556,0.7167605448811336,127,"all","MLP#127","MLP",127
470,471,105,105,0.8177083333333334,0.8177083333333334,0.8177083333333334,0.8177083333333334,0.8177083333333333,0.8175499565595135,0.6350996376811594,128,"all","DT#128","DT",128
497,519,57,78,0.9010416666666666,0.8971119133574007,0.9010416666666666,0.9010416666666666,0.8849104859335039,0.8827106863596872,0.7654137585883609,128,"all","RF#128","RF",128
467,462,114,108,0.8121739130434783,0.8105263157894737,0.8121739130434783,0.8121739130434783,0.8079584775086506,0.8071242397914856,0.6142516825028758,128,"all","NB#128","NB",128
468,506,70,107,0.8784722222222222,0.8698884758364313,0.8784722222222222,0.8784722222222222,0.8511354079058031,0.8462206776715899,0.6924239427625034,128,"all","MLP#128","MLP",128
466,465,111,109,0.8104347826086956,0.8101045296167247,0.8104347826086956,0.8104347826086956,0.8090277777777778,0.8088618592528236,0.6177245841649028,129,"all","DT#129","DT",129
483,521,55,92,0.9045138888888888,0.8977695167286245,0.9045138888888888,0.9045138888888888,0.8763666947014298,0.8722849695916595,0.7445554778875029,129,"all","RF#129","RF",129
448,467,109,127,0.8107638888888888,0.8043087971274686,0.8107638888888888,0.8107638888888888,0.7982905982905982,0.7949609035621199,0.5899103538441564,129,"all","NB#129","NB",129
472,489,87,103,0.8489583333333334,0.8443649373881932,0.8489583333333334,0.8489583333333334,0.8373287671232876,0.8349261511728931,0.6698440783593806,129,"all","MLP#129","MLP",129
480,471,105,95,0.8347826086956521,0.8321554770318021,0.8347826086956521,0.8347826086956521,0.8275862068965518,0.8262380538662033,0.6524810917709576,130,"all","DT#130","DT",130
500,524,52,75,0.9097222222222222,0.9057971014492754,0.9097222222222222,0.9097222222222222,0.8919148936170213,0.889661164205039,0.7793144991447467,130,"all","RF#130","RF",130
483,433,143,92,0.84,0.8247619047619048,0.84,0.84,0.8043297252289758,0.7958297132927888,0.5916905552259714,130,"all","NB#130","NB",130
478,493,83,97,0.8559027777777778,0.8520499108734403,0.8559027777777778,0.8559027777777778,0.8456260720411664,0.843614248479583,0.6872216502160372,130,"all","MLP#130","MLP",130
452,478,98,123,0.8298611111111112,0.8218181818181818,0.8298611111111112,0.8298611111111112,0.8122344944774851,0.8079930495221547,0.6159713153425175,131,"all","DT#131","DT",131
492,517,59,83,0.8975694444444444,0.8929219600725953,0.8975694444444444,0.8975694444444444,0.8792517006802723,0.8766290182450044,0.7532489099846614,131,"all","RF#131","RF",131
476,442,134,99,0.8278260869565217,0.8170055452865065,0.8278260869565217,0.8278260869565217,0.8033755274261604,0.7975673327541268,0.5951557511302995,131,"all","NB#131","NB",131
470,519,57,105,0.9010416666666666,0.8918406072106262,0.9010416666666666,0.9010416666666666,0.8650000000000001,0.8592528236316247,0.7184850351474745,131,"all","MLP#131","MLP",131
464,457,119,111,0.8069565217391305,0.8045774647887324,0.8069565217391305,0.8069565217391305,0.8013816925734025,0.8001737619461338,0.6003520488882984,132,"all","DT#132","DT",132
503,509,67,72,0.8836805555555556,0.8824561403508772,0.8836805555555556,0.8836805555555556,0.8798617113223856,0.8792354474370113,0.7584688894088875,132,"all","RF#132","RF",132
497,405,171,78,0.8643478260869565,0.8385093167701864,0.8643478260869565,0.8643478260869565,0.7996781979082864,0.7836663770634231,0.5673931649089122,132,"all","NB#132","NB",132
475,499,77,100,0.8663194444444444,0.8605072463768116,0.8663194444444444,0.8663194444444444,0.8493617021276596,0.8462206776715899,0.6924304436899228,132,"all","MLP#132","MLP",132
461,448,128,114,0.8017391304347826,0.797153024911032,0.8017391304347826,0.8017391304347826,0.7920962199312713,0.789748045178106,0.5795046602275918,133,"all","DT#133","DT",133
480,530,46,95,0.9201388888888888,0.9125475285171103,0.9201388888888888,0.9201388888888888,0.8825978351373855,0.8774978279756733,0.7549773458483493,133,"all","RF#133","RF",133
544,172,404,31,0.9460869565217391,0.8472906403940886,0.9460869565217391,0.9460869565217391,0.7143795141168746,0.6220677671589921,0.2445603547519287,133,"all","NB#133","NB",133
479,500,76,96,0.8680555555555556,0.863063063063063,0.8680555555555556,0.8680555555555556,0.8532423208191127,0.8505647263249348,0.701120202904677,133,"all","MLP#133","MLP",133
479,474,102,96,0.8330434782608696,0.8315789473684211,0.8330434782608696,0.8330434782608696,0.8287197231833909,0.8279756733275413,0.6559542033133758,134,"all","DT#134","DT",134
494,515,61,81,0.8940972222222222,0.8900900900900901,0.8940972222222222,0.8940972222222222,0.8788395904436859,0.8766290182450044,0.753250400072466,134,"all","RF#134","RF",134
485,424,152,90,0.8434782608695652,0.8249027237354085,0.8434782608695652,0.8434782608695652,0.8003300330033004,0.789748045178106,0.5795351280526281,134,"all","NB#134","NB",134
487,500,76,88,0.8680555555555556,0.8650088809946714,0.8680555555555556,0.8680555555555556,0.8591065292096219,0.8575152041702867,0.7150250306466904,134,"all","MLP#134","MLP",134
451,468,108,124,0.8125,0.8067978533094812,0.8125,0.8125,0.8013698630136987,0.7984361424847958,0.5968622430493489,135,"all","DT#135","DT",135
491,523,53,84,0.9079861111111112,0.9025735294117647,0.9079861111111112,0.9079861111111112,0.8841927303465764,0.8809730668983493,0.7619348127705253,135,"all","RF#135","RF",135
447,470,106,128,0.8159722222222222,0.8083182640144665,0.8159722222222222,0.8159722222222222,0.8006814310051107,0.7966985230234579,0.5933832343465515,135,"all","NB#135","NB",135
477,505,71,98,0.8767361111111112,0.8704379562043796,0.8767361111111112,0.8767361111111112,0.8566581849024596,0.8531711555169418,0.7063301191322714,135,"all","MLP#135","MLP",135
449,480,96,126,0.8333333333333334,0.8238532110091743,0.8333333333333334,0.8333333333333334,0.8121827411167514,0.8071242397914856,0.6142307169708772,136,"all","DT#136","DT",136
485,525,51,90,0.9114583333333334,0.9048507462686567,0.9114583333333334,0.9114583333333334,0.8816120906801007,0.8774978279756733,0.7549810450796469,136,"all","RF#136","RF",136
501,409,167,74,0.871304347826087,0.8467908902691511,0.871304347826087,0.871304347826087,0.8061142397425585,0.790616854908775,0.5812921796909553,136,"all","NB#136","NB",136
485,500,76,90,0.8680555555555556,0.8645276292335116,0.8680555555555556,0.8680555555555556,0.8576329331046312,0.8557775847089487,0.7115488551992343,136,"all","MLP#136","MLP",136
458,472,104,117,0.8194444444444444,0.8149466192170819,0.8194444444444444,0.8194444444444444,0.8103004291845494,0.8079930495221547,0.615978272520445,137,"all","DT#137","DT",137
490,520,56,85,0.9027777777777778,0.8974358974358975,0.9027777777777778,0.9027777777777778,0.8806096528365791,0.8774978279756733,0.7549847441992479,137,"all","RF#137","RF",137
510,355,221,65,0.8869565217391304,0.8452380952380952,0.8869565217391304,0.8869565217391304,0.7810107197549769,0.7515204170286707,0.5031574689535676,137,"all","NB#137","NB",137
499,497,79,76,0.8678260869565217,0.8673647469458988,0.8678260869565217,0.8678260869565217,0.8655680832610582,0.8653344917463076,0.7306699999849037,137,"all","MLP#137","MLP",137
468,457,119,107,0.8139130434782609,0.8102836879432624,0.8139130434782609,0.8139130434782609,0.8055077452667814,0.8036490008688097,0.6073048193571372,138,"all","DT#138","DT",138
506,510,66,69,0.8854166666666666,0.8846153846153846,0.8854166666666666,0.8854166666666666,0.8831168831168831,0.8827106863596872,0.7654201332433571,138,"all","RF#138","RF",138
442,470,106,133,0.8159722222222222,0.8065693430656934,0.8159722222222222,0.8159722222222222,0.7972858354537744,0.792354474370113,0.5846917069385377,138,"all","NB#138","NB",138
489,486,90,86,0.8504347826086956,0.8496503496503497,0.8504347826086956,0.8504347826086956,0.8474870017331022,0.8470894874022589,0.694180590696916,138,"all","MLP#138","MLP",138
490,464,112,85,0.8521739130434782,0.8451730418943534,0.8521739130434782,0.8521739130434782,0.8326253186066269,0.8288444830582102,0.6577026600666941,139,"all","DT#139","DT",139
513,521,55,62,0.9045138888888888,0.903169014084507,0.9045138888888888,0.9045138888888888,0.899050905953408,0.8983492615117289,0.7966962211255251,139,"all","RF#139","RF",139
488,411,165,87,0.8486956521739131,0.8253012048192772,0.8486956521739131,0.8486956521739131,0.7947882736156352,0.7810599478714162,0.562171121154212,139,"all","NB#139","NB",139
476,513,63,99,0.890625,0.8831168831168831,0.890625,0.890625,0.8636363636363636,0.8592528236316247,0.7184901353334421,139,"all","MLP#139","MLP",139
462,475,101,113,0.8246527777777778,0.8206039076376554,0.8246527777777778,0.8246527777777778,0.8161512027491409,0.8140747176368376,0.6281424180389742,140,"all","DT#140","DT",140
489,518,58,86,0.8993055555555556,0.8939670932358318,0.8993055555555556,0.8993055555555556,0.8779661016949153,0.8748913987836664,0.7497720314264492,140,"all","RF#140","RF",140
457,474,102,118,0.8229166666666666,0.817531305903399,0.8229166666666666,0.8229166666666666,0.8116438356164384,0.8088618592528236,0.6177141959950723,140,"all","NB#140","NB",140
462,498,78,113,0.8645833333333334,0.8555555555555555,0.8645833333333334,0.8645833333333334,0.8390901432181972,0.8340573414422241,0.6680968952163836,140,"all","MLP#140","MLP",140
472,462,114,103,0.8208695652173913,0.8176991150442477,0.8208695652173913,0.8208695652173913,0.8130921619293713,0.8114682884448305,0.6229425537921319,141,"all","DT#141","DT",141
495,516,60,80,0.8958333333333334,0.8918918918918919,0.8958333333333334,0.8958333333333334,0.8805460750853242,0.8783666377063423,0.7567257465503184,141,"all","RF#141","RF",141
432,480,96,143,0.8333333333333334,0.8181818181818182,0.8333333333333334,0.8333333333333334,0.8006672226855713,0.792354474370113,0.5846791665471434,141,"all","NB#141","NB",141
481,516,60,94,0.8958333333333334,0.88909426987061,0.8958333333333334,0.8958333333333334,0.8701517706576728,0.8662033014769766,0.7323926650824469,141,"all","MLP#141","MLP",141
471,477,99,104,0.828125,0.8263157894736842,0.828125,0.828125,0.8245462402765773,0.8236316246741964,0.6472603205036269,142,"all","DT#142","DT",142
504,518,58,71,0.8993055555555556,0.896797153024911,0.8993055555555556,0.8993055555555556,0.8892703862660944,0.8879235447437012,0.7758425210639702,142,"all","RF#142","RF",142
457,468,108,118,0.8125,0.8088495575221238,0.8125,0.8125,0.8055077452667815,0.8036490008688097,0.6072917767478374,142,"all","NB#142","NB",142
478,505,71,97,0.8767361111111112,0.8706739526411658,0.8767361111111112,0.8767361111111112,0.8573853989813244,0.8540399652476107,0.7080682514712231,142,"all","MLP#142","MLP",142
481,465,111,94,0.8365217391304348,0.8318425760286225,0.8365217391304348,0.8365217391304348,0.8243359040274206,0.8218940052128584,0.6437968832321634,143,"all","DT#143","DT",143
515,520,56,60,0.9027777777777778,0.9019264448336253,0.9027777777777778,0.9027777777777778,0.8996539792387545,0.8992180712423979,0.7984347731568427,143,"all","RF#143","RF",143
496,436,140,79,0.8626086956521739,0.8466019417475729,0.8626086956521739,0.8626086956521739,0.819157720891825,0.8097306689834927,0.6194960910906454,143,"all","NB#143","NB",143
481,497,79,94,0.8628472222222222,0.8589285714285714,0.8628472222222222,0.8628472222222222,0.8517566409597257,0.8496959165942659,0.6993847988707474,143,"all","MLP#143","MLP",143
477,474,102,98,0.8295652173913044,0.8286713286713286,0.8295652173913044,0.8295652173913044,0.8266897746967072,0.8262380538662033,0.6524779439737682,144,"all","DT#144","DT",144
509,521,55,66,0.9045138888888888,0.9024822695035462,0.9045138888888888,0.9045138888888888,0.8959587274290627,0.894874022589053,0.7897443949099396,144,"all","RF#144","RF",144
519,399,177,56,0.9026086956521739,0.8769230769230769,0.9026086956521739,0.9026086956521739,0.8166797797010229,0.7975673327541268,0.5952083028311554,144,"all","NB#144","NB",144
478,485,91,97,0.8420138888888888,0.8400702987697716,0.8420138888888888,0.8420138888888888,0.8376511226252158,0.8366637706342311,0.6733243356672918,144,"all","MLP#144","MLP",144
468,477,99,107,0.828125,0.8253968253968254,0.828125,0.828125,0.8224137931034484,0.8210251954821894,0.6420457976545612,145,"all","DT#145","DT",145
483,527,49,92,0.9149305555555556,0.9078947368421053,0.9149305555555556,0.9149305555555556,0.8820083682008367,0.8774978279756733,0.7549795654005317,145,"all","RF#145","RF",145
511,363,213,64,0.888695652173913,0.8501170960187353,0.888695652173913,0.888695652173913,0.7867590454195535,0.7593397046046916,0.5187872896947999,145,"all","NB#145","NB",145
479,522,54,96,0.90625,0.8986866791744841,0.90625,0.90625,0.8743718592964823,0.8696785403996524,0.7393403567255169,145,"all","MLP#145","MLP",145
468,454,122,107,0.8139130434782609,0.8092691622103387,0.8139130434782609,0.8139130434782609,0.8034334763948497,0.8010425716768028,0.6020938535510216,146,"all","DT#146","DT",146
490,518,58,85,0.8993055555555556,0.8941605839416058,0.8993055555555556,0.8993055555555556,0.8787107718405428,0.8757602085143353,0.7515101008042296,146,"all","RF#146","RF",146
485,397,179,90,0.8434782608695652,0.8151950718685832,0.8434782608695652,0.8434782608695652,0.7828894269572236,0.7662901824500434,0.5326428061447058,146,"all","NB#146","NB",146
457,511,65,118,0.8871527777777778,0.8754789272030651,0.8871527777777778,0.8871527777777778,0.8481327800829875,0.8410078192875761,0.6819899539063362,146,"all","MLP#146","MLP",146
470,473,103,105,0.8211805555555556,0.8202443280977313,0.8211805555555556,0.8211805555555556,0.8197573656845754,0.8192875760208514,0.6385737879643357,147,"all","DT#147","DT",147
502,523,53,73,0.9079861111111112,0.9045045045045045,0.9079861111111112,0.9079861111111112,0.8924914675767919,0.8905299739357081,0.7810531718952867,147,"all","RF#147","RF",147
441,503,73,134,0.8732638888888888,0.857976653696498,0.8732638888888888,0.8732638888888888,0.829348722176422,0.8201563857515204,0.640279373553422,147,"all","NB#147","NB",147
499,491,85,76,0.8678260869565217,0.8659611992945326,0.8678260869565217,0.8678260869565217,0.8610871440897326,0.8601216333622936,0.7202468565493524,147,"all","MLP#147","MLP",147
485,467,109,90,0.8434782608695652,0.8384201077199281,0.8434782608695652,0.8434782608695652,0.8297690333618477,0.8271068635968722,0.654223384293023,148,"all","DT#148","DT",148
506,520,56,69,0.9027777777777778,0.900355871886121,0.9027777777777778,0.9027777777777778,0.8927038626609441,0.891398783666377,0.7827931405658625,148,"all","RF#148","RF",148
443,478,98,132,0.8298611111111112,0.8188539741219963,0.8298611111111112,0.8298611111111112,0.806070826306914,0.8001737619461338,0.6003267075906673,148,"all","NB#148","NB",148
488,505,71,87,0.8767361111111112,0.8729874776386404,0.8767361111111112,0.8767361111111112,0.8647260273972602,0.8627280625543006,0.7254492862146428,148,"all","MLP#148","MLP",148
476,471,105,99,0.8278260869565217,0.8263157894736842,0.8278260869565217,0.8278260869565217,0.8235294117647058,0.8227628149435273,0.6455285731107507,149,"all","DT#149","DT",149
496,525,51,79,0.9114583333333334,0.906764168190128,0.9114583333333334,0.9114583333333334,0.8898305084745763,0.8870547350130321,0.7740997505933221,149,"all","RF#149","RF",149
505,426,150,70,0.8782608695652174,0.8588709677419355,0.8782608695652174,0.8782608695652174,0.8211382113821138,0.8088618592528236,0.6177695930443182,149,"all","NB#149","NB",149
474,511,65,101,0.8871527777777778,0.8794063079777366,0.8871527777777778,0.8871527777777778,0.8602693602693603,0.8557775847089487,0.7115392744774776,149,"all","MLP#149","MLP",149
469,464,112,106,0.8156521739130435,0.8140350877192982,0.8156521739130435,0.8156521739130435,0.8114186851211074,0.8105994787141616,0.6212021026379592,150,"all","DT#150","DT",150
505,520,56,70,0.9027777777777778,0.9001782531194296,0.9027777777777778,0.9027777777777778,0.8919382504288165,0.8905299739357081,0.781055155151226,150,"all","RF#150","RF",150
543,179,397,32,0.9443478260869566,0.8483412322274881,0.9443478260869566,0.9443478260869566,0.7168316831683169,0.6272806255430061,0.25497121905954606,150,"all","NB#150","NB",150
494,504,72,81,0.875,0.872791519434629,0.875,0.875,0.8682170542635659,0.8670721112076455,0.7341404095164336,150,"all","MLP#150","MLP",150
468,480,96,107,0.8333333333333334,0.8297872340425532,0.8333333333333334,0.8333333333333334,0.825451418744626,0.8236316246741964,0.6472571253447749,151,"all","DT#151","DT",151
506,518,58,69,0.8993055555555556,0.8971631205673759,0.8993055555555556,0.8993055555555556,0.8907996560619089,0.889661164205039,0.7793184971368787,151,"all","RF#151","RF",151
409,521,55,166,0.9045138888888888,0.8814655172413793,0.9045138888888888,0.9045138888888888,0.8250197941409343,0.8079930495221547,0.6159214481895366,151,"all","NB#151","NB",151
489,484,92,86,0.8504347826086956,0.8491228070175438,0.8504347826086956,0.8504347826086956,0.8460207612456746,0.845351867940921,0.6907063039887925,151,"all","MLP#151","MLP",151
472,455,121,103,0.8208695652173913,0.8154121863799283,0.8208695652173913,0.8208695652173913,0.8082191780821917,0.8053866203301477,0.6107835233945937,152,"all","DT#152","DT",152
508,514,62,67,0.8923611111111112,0.8912280701754386,0.8923611111111112,0.8923611111111112,0.888504753673293,0.8879235447437012,0.7758452283003344,152,"all","RF#152","RF",152
496,423,153,79,0.8626086956521739,0.8426294820717132,0.8626086956521739,0.8626086956521739,0.8104575163398693,0.7984361424847958,0.596917011082699,152,"all","NB#152","NB",152
474,502,74,101,0.8715277777777778,0.864963503649635,0.8715277777777778,0.8715277777777778,0.8515691263782867,0.8479582971329279,0.6959039695156657,152,"all","MLP#152","MLP",152
475,459,117,100,0.8260869565217391,0.8211091234347049,0.8260869565217391,0.8260869565217391,0.8140531276778064,0.8114682884448305,0.6229459690798997,153,"all","DT#153","DT",153
507,509,67,68,0.8836805555555556,0.8832752613240418,0.8836805555555556,0.8836805555555556,0.8829141370338248,0.8827106863596872,0.7654208415169709,153,"all","RF#153","RF",153
478,455,121,97,0.831304347826087,0.8242753623188406,0.831304347826087,0.831304347826087,0.8143100511073254,0.8105994787141616,0.6212123956861467,153,"all","NB#153","NB",153
499,497,79,76,0.8678260869565217,0.8673647469458988,0.8678260869565217,0.8678260869565217,0.8655680832610582,0.8653344917463076,0.7306699999849037,153,"all","MLP#153","MLP",153
487,459,117,88,0.8469565217391304,0.8391224862888482,0.8469565217391304,0.8469565217391304,0.8261238337574215,0.8218940052128584,0.6438033359046781,154,"all","DT#154","DT",154
495,529,47,80,0.9184027777777778,0.9132841328413284,0.9184027777777778,0.9184027777777778,0.8928270042194093,0.889661164205039,0.7793111673739784,154,"all","RF#154","RF",154
436,490,86,139,0.8506944444444444,0.8352490421455939,0.8506944444444444,0.8506944444444444,0.8132780082987553,0.8045178105994787,0.6090040416881181,154,"all","NB#154","NB",154
479,486,90,96,0.84375,0.8418277680140598,0.84375,0.84375,0.8393782383419689,0.838401390095569,0.6767996086921076,154,"all","MLP#154","MLP",154
464,460,116,111,0.8069565217391305,0.8056042031523643,0.8069565217391305,0.8069565217391305,0.8034632034632037,0.8027801911381407,0.6055630618730232,155,"all","DT#155","DT",155
491,515,61,84,0.8940972222222222,0.8894927536231884,0.8940972222222222,0.8940972222222222,0.876595744680851,0.8740225890529973,0.74803623918101,155,"all","RF#155","RF",155
487,402,174,88,0.8469565217391304,0.8204081632653061,0.8469565217391304,0.8469565217391304,0.7880258899676374,0.7723718505647263,0.5448024562028482,155,"all","NB#155","NB",155
457,525,51,118,0.9114583333333334,0.8996062992125984,0.9114583333333334,0.9114583333333334,0.8613617719442166,0.8531711555169418,0.7063123836499163,155,"all","MLP#155","MLP",155
473,467,109,102,0.8226086956521739,0.820738137082601,0.8226086956521739,0.8226086956521739,0.8176318063958512,0.8166811468288445,0.633365891362863,156,"all","DT#156","DT",156
503,529,47,72,0.9184027777777778,0.9145454545454546,0.9184027777777778,0.9184027777777778,0.8988954970263382,0.896611642050391,0.793215323645971,156,"all","RF#156","RF",156
514,362,214,61,0.8939130434782608,0.8557919621749409,0.8939130434782608,0.8939130434782608,0.7889485801995395,0.7610773240660296,0.5222646339236259,156,"all","NB#156","NB",156
476,516,60,99,0.8958333333333334,0.8880597014925373,0.8958333333333334,0.8958333333333334,0.8664987405541561,0.8618592528236316,0.7237020295578996,156,"all","MLP#156","MLP",156
473,472,104,102,0.8226086956521739,0.8222996515679443,0.8226086956521739,0.8226086956521739,0.8211805555555555,0.8210251954821894,0.6420512015362273,157,"all","DT#157","DT",157
490,517,59,85,0.8975694444444444,0.8925318761384335,0.8975694444444444,0.8975694444444444,0.8777589134125637,0.8748913987836664,0.7497727869753342,157,"all","RF#157","RF",157
503,374,202,72,0.8747826086956522,0.8385650224215246,0.8747826086956522,0.8747826086956522,0.7859375000000001,0.7619461337966985,0.5239853289662355,157,"all","NB#157","NB",157
483,527,49,92,0.9149305555555556,0.9078947368421053,0.9149305555555556,0.9149305555555556,0.8820083682008367,0.8774978279756733,0.7549795654005317,157,"all","MLP#157","MLP",157
462,467,109,113,0.8107638888888888,0.809106830122592,0.8107638888888888,0.8107638888888888,0.8079584775086504,0.8071242397914856,0.6142458589725782,158,"all","DT#158","DT",158
495,523,53,80,0.9079861111111112,0.9032846715328468,0.9079861111111112,0.9079861111111112,0.8871925360474979,0.8844483058210252,0.7688870168319059,158,"all","RF#158","RF",158
464,468,108,111,0.8125,0.8111888111888111,0.8125,0.8125,0.8103896103896104,0.8097306689834927,0.6194593272614461,158,"all","NB#158","NB",158
486,509,67,89,0.8836805555555556,0.8788426763110307,0.8836805555555556,0.8836805555555556,0.8671209540034072,0.8644656820156386,0.7289221562310343,158,"all","MLP#158","MLP",158
463,469,107,112,0.8142361111111112,0.8122807017543859,0.8142361111111112,0.8142361111111112,0.8107173725151254,0.8097306689834927,0.6194581782773119,159,"all","DT#159","DT",159
484,517,59,91,0.8975694444444444,0.8913443830570903,0.8975694444444444,0.8975694444444444,0.8733108108108109,0.8696785403996524,0.7393442919947822,159,"all","RF#159","RF",159
516,277,299,59,0.8973913043478261,0.8244047619047619,0.8973913043478261,0.8973913043478261,0.7424460431654677,0.6889661164205039,0.3781570686949173,159,"all","NB#159","NB",159
475,509,67,100,0.8836805555555556,0.8763837638376384,0.8836805555555556,0.8836805555555556,0.8590717299578059,0.8549087749782798,0.7098028736334994,159,"all","MLP#159","MLP",159
475,464,112,100,0.8260869565217391,0.8226950354609929,0.8260869565217391,0.8260869565217391,0.8175559380378657,0.8158123370981755,0.6316310694854561,160,"all","DT#160","DT",160
483,526,50,92,0.9131944444444444,0.9061913696060038,0.9131944444444444,0.9131944444444444,0.88107202680067,0.8766290182450044,0.7532422043668229,160,"all","RF#160","RF",160
490,429,147,85,0.8521739130434782,0.8346303501945526,0.8521739130434782,0.8521739130434782,0.8085808580858086,0.7984361424847958,0.5969097095380564,160,"all","NB#160","NB",160
470,519,57,105,0.9010416666666666,0.8918406072106262,0.9010416666666666,0.9010416666666666,0.8650000000000001,0.8592528236316247,0.7184850351474745,160,"all","MLP#160","MLP",160
481,457,119,94,0.8365217391304348,0.8294010889292196,0.8365217391304348,0.8365217391304348,0.8187234042553191,0.8149435273675065,0.629900743480394,161,"all","DT#161","DT",161
499,522,54,76,0.90625,0.9023508137432188,0.90625,0.90625,0.8892674616695059,0.8870547350130321,0.7741017968591951,161,"all","RF#161","RF",161
503,411,165,72,0.8747826086956522,0.8509316770186336,0.8747826086956522,0.8747826086956522,0.8093322606596942,0.794092093831451,0.5882416870819768,161,"all","NB#161","NB",161
477,502,74,98,0.8715277777777778,0.8656987295825771,0.8715277777777778,0.8715277777777778,0.8537414965986394,0.8505647263249348,0.7011183980095897,161,"all","MLP#161","MLP",161
475,448,128,100,0.8260869565217391,0.8175182481751825,0.8260869565217391,0.8260869565217391,0.8064516129032259,0.8019113814074718,0.6038392096952423,162,"all","DT#162","DT",162
503,512,64,72,0.8888888888888888,0.8871252204585538,0.8888888888888888,0.8888888888888888,0.8827586206896552,0.8818418766290183,0.763680720781652,162,"all","RF#162","RF",162
483,413,163,92,0.84,0.8178217821782178,0.84,0.84,0.791154791154791,0.7784535186794093,0.556954191202332,162,"all","NB#162","NB",162
455,511,65,120,0.8871527777777778,0.875,0.8871527777777778,0.8871527777777778,0.8467274233637117,0.8392701998262381,0.6785134635273159,162,"all","MLP#162","MLP",162
462,451,125,113,0.8034782608695652,0.799645390070922,0.8034782608695652,0.8034782608695652,0.7951807228915663,0.7932232841007819,0.5864537478185781,163,"all","DT#163","DT",163
483,524,52,92,0.9097222222222222,0.902803738317757,0.9097222222222222,0.9097222222222222,0.8791946308724832,0.8748913987836664,0.7497674980373211,163,"all","RF#163","RF",163
395,509,67,180,0.8836805555555556,0.854978354978355,0.8836805555555556,0.8836805555555556,0.8047430830039526,0.7854039965247611,0.5707344399029425,163,"all","NB#163","NB",163
460,510,66,115,0.8854166666666666,0.8745247148288974,0.8854166666666666,0.8854166666666666,0.8492922564529558,0.8427454387489139,0.6854673730393703,163,"all","MLP#163","MLP",163
480,465,111,95,0.8347826086956521,0.8303571428571429,0.8347826086956521,0.8347826086956521,0.823327615780446,0.8210251954821894,0.6420587666964567,164,"all","DT#164","DT",164
507,517,59,68,0.8975694444444444,0.8957597173144877,0.8975694444444444,0.8975694444444444,0.8906115417743324,0.889661164205039,0.7793191634548173,164,"all","RF#164","RF",164
258,561,15,317,0.9739583333333334,0.945054945054945,0.9739583333333334,0.9739583333333334,0.7716643741403026,0.7115551694178974,0.42284676890732176,164,"all","NB#164","NB",164
489,500,76,86,0.8680555555555556,0.8654867256637168,0.8680555555555556,0.8680555555555556,0.8605851979345955,0.8592528236316247,0.7185011851024322,164,"all","MLP#164","MLP",164
452,478,98,123,0.8298611111111112,0.8218181818181818,0.8298611111111112,0.8298611111111112,0.8122344944774851,0.8079930495221547,0.6159713153425175,165,"all","DT#165","DT",165
495,537,39,80,0.9322916666666666,0.9269662921348315,0.9322916666666666,0.9322916666666666,0.9002514668901928,0.896611642050391,0.7932103285378473,165,"all","RF#165","RF",165
409,521,55,166,0.9045138888888888,0.8814655172413793,0.9045138888888888,0.9045138888888888,0.8250197941409343,0.8079930495221547,0.6159214481895366,165,"all","NB#165","NB",165
457,511,65,118,0.8871527777777778,0.8754789272030651,0.8871527777777778,0.8871527777777778,0.8481327800829875,0.8410078192875761,0.6819899539063362,165,"all","MLP#165","MLP",165
499,452,124,76,0.8678260869565217,0.8560606060606061,0.8678260869565217,0.8678260869565217,0.8330550918196995,0.8262380538662033,0.6525010264956645,166,"all","DT#166","DT",166
512,517,59,63,0.8975694444444444,0.8966725043782837,0.8975694444444444,0.8975694444444444,0.8944636678200691,0.894005212858384,0.7880089855615069,166,"all","RF#166","RF",166
510,357,219,65,0.8869565217391304,0.8459715639810427,0.8869565217391304,0.8869565217391304,0.7822085889570553,0.7532580364900087,0.5066304029558345,166,"all","NB#166","NB",166
481,505,71,94,0.8767361111111112,0.8713768115942029,0.8767361111111112,0.8767361111111112,0.8595744680851063,0.8566463944396178,0.7132826169990806,166,"all","MLP#166","MLP",166
485,451,125,90,0.8434782608695652,0.833641404805915,0.8434782608695652,0.8434782608695652,0.818565400843882,0.8132059079061685,0.6264312725022078,167,"all","DT#167","DT",167
501,520,56,74,0.9027777777777778,0.8994614003590664,0.9027777777777778,0.9027777777777778,0.888888888888889,0.8870547350130321,0.7741031610158488,167,"all","RF#167","RF",167
524,309,267,51,0.9113043478260869,0.8583333333333333,0.9113043478260869,0.9113043478260869,0.7672035139092239,0.7237185056472633,0.4476167191857728,167,"all","NB#167","NB",167
492,512,64,83,0.8888888888888888,0.8848920863309353,0.8888888888888888,0.8888888888888888,0.8744662681468831,0.8722849695916595,0.7445624195138448,167,"all","MLP#167","MLP",167
467,466,110,108,0.8121739130434783,0.8118466898954704,0.8121739130434783,0.8121739130434783,0.810763888888889,0.8105994787141616,0.6211998152179492,168,"all","DT#168","DT",168
496,521,55,79,0.9045138888888888,0.9001814882032668,0.9045138888888888,0.9045138888888888,0.8860544217687075,0.8835794960903562,0.7671503798446805,168,"all","RF#168","RF",168
456,461,115,119,0.8003472222222222,0.7985989492119089,0.8003472222222222,0.8003472222222222,0.7975778546712802,0.7966985230234579,0.593394283781907,168,"all","NB#168","NB",168
465,504,72,110,0.875,0.8659217877094972,0.875,0.875,0.8470588235294118,0.841876629018245,0.6837348760949451,168,"all","MLP#168","MLP",168
467,458,118,108,0.8121739130434783,0.8091872791519434,0.8121739130434783,0.8121739130434783,0.8051724137931034,0.8036490008688097,0.6073036337011821,169,"all","DT#169","DT",169
502,521,55,73,0.9045138888888888,0.9012567324955116,0.9045138888888888,0.9045138888888888,0.8905982905982905,0.8887923544743701,0.7775784970002204,169,"all","RF#169","RF",169
461,469,107,114,0.8142361111111112,0.8116197183098591,0.8142361111111112,0.8142361111111112,0.8093183779119932,0.8079930495221547,0.615981751014881,169,"all","NB#169","NB",169
507,503,73,68,0.8817391304347826,0.8809106830122592,0.8817391304347826,0.8817391304347826,0.8779220779220779,0.8774978279756733,0.7549973203704682,169,"all","MLP#169","MLP",169
474,446,130,101,0.8243478260869566,0.8153564899451554,0.8243478260869566,0.8243478260869566,0.8040712468193384,0.7993049522154648,0.5986271736291738,170,"all","DT#170","DT",170
519,510,66,56,0.9026086956521739,0.901060070671378,0.9026086956521739,0.9026086956521739,0.8948275862068965,0.894005212858384,0.788013465980284,170,"all","RF#170","RF",170
457,478,98,118,0.8298611111111112,0.8234234234234235,0.8298611111111112,0.8298611111111112,0.8156996587030717,0.8123370981754996,0.62466258039192,170,"all","NB#170","NB",170
487,507,69,88,0.8802083333333334,0.8758992805755396,0.8802083333333334,0.8802083333333334,0.8659265584970112,0.8635968722849696,0.727185713358324,170,"all","MLP#170","MLP",170
477,471,105,98,0.8295652173913044,0.827768014059754,0.8295652173913044,0.8295652173913044,0.8245462402765774,0.8236316246741964,0.6472667106476833,171,"all","DT#171","DT",171
505,518,58,70,0.8993055555555556,0.8969804618117229,0.8993055555555556,0.8993055555555556,0.8900343642611683,0.8887923544743701,0.7775805117242461,171,"all","RF#171","RF",171
512,355,221,63,0.8904347826086957,0.8492822966507177,0.8904347826086957,0.8904347826086957,0.7828746177370031,0.7532580364900087,0.5066333815303716,171,"all","NB#171","NB",171
482,517,59,93,0.8975694444444444,0.8909426987060998,0.8975694444444444,0.8975694444444444,0.8718381112984823,0.8679409209383145,0.7358680850164412,171,"all","MLP#171","MLP",171
468,463,113,107,0.8139130434782609,0.8122807017543859,0.8139130434782609,0.8139130434782609,0.8096885813148789,0.8088618592528236,0.6177268925704175,172,"all","DT#172","DT",172
500,533,43,75,0.9253472222222222,0.9208103130755064,0.9253472222222222,0.9253472222222222,0.9003378378378378,0.89748045178106,0.7949508430358955,172,"all","RF#172","RF",172
274,553,23,301,0.9600694444444444,0.9225589225589226,0.9600694444444444,0.9600694444444444,0.7734265734265735,0.7185056472632494,0.43677449170998706,172,"all","NB#172","NB",172
488,505,71,87,0.8767361111111112,0.8729874776386404,0.8767361111111112,0.8767361111111112,0.8647260273972602,0.8627280625543006,0.7254492862146428,172,"all","MLP#172","MLP",172
484,448,128,91,0.8417391304347827,0.8311688311688312,0.8417391304347827,0.8417391304347827,0.8155012636899748,0.8097306689834927,0.6194823054871634,173,"all","DT#173","DT",173
509,516,60,66,0.8958333333333334,0.8945518453427065,0.8958333333333334,0.8958333333333334,0.8911917098445595,0.8905299739357081,0.7810577994365892,173,"all","RF#173","RF",173
499,429,147,76,0.8678260869565217,0.8495049504950495,0.8678260869565217,0.8678260869565217,0.8173628173628174,0.8062554300608167,0.6125520966200785,173,"all","NB#173","NB",173
502,501,75,73,0.8730434782608696,0.872822299651568,0.8730434782608696,0.8730434782608696,0.8715277777777778,0.8714161598609904,0.742832902074571,173,"all","MLP#173","MLP",173
472,473,103,103,0.8211805555555556,0.8211805555555556,0.8211805555555556,0.8211805555555556,0.8211805555555555,0.8210251954821894,0.6420501207729469,174,"all","DT#174","DT",174
493,513,63,82,0.890625,0.8866906474820144,0.890625,0.890625,0.8761742100768574,0.8740225890529973,0.7480377607449489,174,"all","RF#174","RF",174
441,479,97,134,0.8315972222222222,0.8197026022304833,0.8315972222222222,0.8315972222222222,0.8057190916736753,0.7993049522154648,0.5985871795375044,174,"all","NB#174","NB",174
481,500,76,94,0.8680555555555556,0.8635547576301615,0.8680555555555556,0.8680555555555556,0.8547008547008547,0.8523023457862728,0.7045964413284178,174,"all","MLP#174","MLP",174
477,460,116,98,0.8295652173913044,0.8243727598566308,0.8295652173913044,0.8295652173913044,0.8167808219178082,0.8140747176368376,0.6281592589573352,175,"all","DT#175","DT",175
504,522,54,71,0.90625,0.9032258064516129,0.90625,0.90625,0.8930710008554319,0.891398783666377,0.7827918288965748,175,"all","RF#175","RF",175
511,388,188,64,0.888695652173913,0.8584070796460177,0.888695652173913,0.888695652173913,0.8021978021978022,0.7810599478714162,0.5622015202468138,175,"all","NB#175","NB",175
486,521,55,89,0.9045138888888888,0.8983364140480592,0.9045138888888888,0.9045138888888888,0.8785834738617201,0.8748913987836664,0.7497697647524179,175,"all","MLP#175","MLP",175
476,452,124,99,0.8278260869565217,0.8203266787658802,0.8278260869565217,0.8278260869565217,0.8102127659574468,0.8062554300608167,0.6125251915311167,176,"all","DT#176","DT",176
507,510,66,68,0.8854166666666666,0.8848167539267016,0.8854166666666666,0.8854166666666666,0.8838821490467937,0.8835794960903562,0.7671581134001009,176,"all","RF#176","RF",176
526,356,220,49,0.9147826086956522,0.8790123456790123,0.9147826086956522,0.9147826086956522,0.7963663890991673,0.7662901824500434,0.5327006464212892,176,"all","NB#176","NB",176
502,494,82,73,0.8730434782608696,0.8712522045855379,0.8730434782608696,0.8730434782608696,0.8662640207075065,0.8653344917463076,0.7306724395350909,176,"all","MLP#176","MLP",176
467,456,120,108,0.8121739130434783,0.8085106382978723,0.8121739130434783,0.8121739130434783,0.8037865748709123,0.8019113814074718,0.6038296407673773,177,"all","DT#177","DT",177
507,526,50,68,0.9131944444444444,0.9102333931777379,0.9131944444444444,0.9131944444444444,0.8991452991452991,0.89748045178106,0.7949551769220782,177,"all","RF#177","RF",177
415,504,72,160,0.875,0.8521560574948666,0.875,0.875,0.8129032258064516,0.7984361424847958,0.5968184179057604,177,"all","NB#177","NB",177
476,513,63,99,0.890625,0.8831168831168831,0.890625,0.890625,0.8636363636363636,0.8592528236316247,0.7184901353334421,177,"all","MLP#177","MLP",177
464,472,104,111,0.8194444444444444,0.8169014084507042,0.8194444444444444,0.8194444444444444,0.814495254529767,0.8132059079061685,0.6264075858289565,178,"all","DT#178","DT",178
508,524,52,67,0.9097222222222222,0.9071428571428571,0.9097222222222222,0.9097222222222222,0.8980291345329906,0.896611642050391,0.7932184454660055,178,"all","RF#178","RF",178
503,431,145,72,0.8747826086956522,0.856858846918489,0.8747826086956522,0.8747826086956522,0.8225674570727719,0.8114682884448305,0.6229778421158294,178,"all","NB#178","NB",178
468,515,61,107,0.8940972222222222,0.8846880907372401,0.8940972222222222,0.8940972222222222,0.8597662771285476,0.8540399652476107,0.7080594364946841,178,"all","MLP#178","MLP",178
454,461,115,121,0.8003472222222222,0.7978910369068541,0.8003472222222222,0.8003472222222222,0.7962003454231433,0.7949609035621199,0.5899177830717066,179,"all","DT#179","DT",179
498,510,66,77,0.8854166666666666,0.8829787234042553,0.8854166666666666,0.8854166666666666,0.8770421324161651,0.8757602085143353,0.7515161030753832,179,"all","RF#179","RF",179
506,384,192,69,0.88,0.847682119205298,0.88,0.88,0.7949725058915946,0.7732406602953953,0.5465651758504987,179,"all","NB#179","NB",179
496,499,77,79,0.8663194444444444,0.8656195462478184,0.8663194444444444,0.8663194444444444,0.8648180242634316,0.8644656820156386,0.7289303409732517,179,"all","MLP#179","MLP",179
463,470,106,112,0.8159722222222222,0.8137082601054482,0.8159722222222222,0.8159722222222222,0.8117443868739206,0.8105994787141616,0.621195240295051,180,"all","DT#180","DT",180
487,512,64,88,0.8888888888888888,0.8838475499092558,0.8888888888888888,0.8888888888888888,0.8707482993197277,0.8679409209383145,0.7358720726596375,180,"all","RF#180","RF",180
248,561,15,327,0.9739583333333334,0.9429657794676806,0.9739583333333334,0.9739583333333334,0.766393442622951,0.7028670721112077,0.4054536557073985,180,"all","NB#180","NB",180
472,495,81,103,0.859375,0.8535262206148282,0.859375,0.859375,0.8432708688245315,0.840139009556907,0.6802671586314762,180,"all","MLP#180","MLP",180
475,479,97,100,0.8315972222222222,0.8304195804195804,0.8315972222222222,0.8315972222222222,0.8294372294372293,0.8288444830582102,0.6576871573995656,181,"all","DT#181","DT",181
490,517,59,85,0.8975694444444444,0.8925318761384335,0.8975694444444444,0.8975694444444444,0.8777589134125637,0.8748913987836664,0.7497727869753342,181,"all","RF#181","RF",181
503,384,192,72,0.8747826086956522,0.8421052631578947,0.8747826086956522,0.8747826086956522,0.7921259842519685,0.7706342311033884,0.54135120449194,181,"all","NB#181","NB",181
488,499,77,87,0.8663194444444444,0.863716814159292,0.8663194444444444,0.8663194444444444,0.8588640275387264,0.8575152041702867,0.7150258910913511,181,"all","MLP#181","MLP",181
463,470,106,112,0.8159722222222222,0.8137082601054482,0.8159722222222222,0.8159722222222222,0.8117443868739206,0.8105994787141616,0.621195240295051,182,"all","DT#182","DT",182
494,518,58,81,0.8993055555555556,0.894927536231884,0.8993055555555556,0.8993055555555556,0.8817021276595746,0.8792354474370113,0.7584623258355891,182,"all","RF#182","RF",182
512,355,221,63,0.8904347826086957,0.8492822966507177,0.8904347826086957,0.8904347826086957,0.7828746177370031,0.7532580364900087,0.5066333815303716,182,"all","NB#182","NB",182
484,501,75,91,0.8697916666666666,0.8658318425760286,0.8697916666666666,0.8697916666666666,0.857876712328767,0.8557775847089487,0.7115479842508272,182,"all","MLP#182","MLP",182
477,453,123,98,0.8295652173913044,0.822141560798548,0.8295652173913044,0.8295652173913044,0.8119148936170213,0.8079930495221547,0.6160003019209722,183,"all","DT#183","DT",183
506,513,63,69,0.890625,0.8892794376098418,0.890625,0.890625,0.8860103626943004,0.8853171155516942,0.7706319803621411,183,"all","RF#183","RF",183
457,475,101,118,0.8246527777777778,0.8189964157706093,0.8246527777777778,0.8246527777777778,0.8126603934987169,0.8097306689834927,0.6194512842267994,183,"all","NB#183","NB",183
496,497,79,79,0.8628472222222222,0.8628472222222222,0.8628472222222222,0.8628472222222222,0.8628472222222222,0.8627280625543006,0.725455917874396,183,"all","MLP#183","MLP",183
490,471,105,85,0.8521739130434782,0.8471223021582733,0.8521739130434782,0.8521739130434782,0.8376068376068375,0.8349261511728931,0.6698620210742429,184,"all","DT#184","DT",184
496,522,54,79,0.90625,0.9018181818181819,0.90625,0.90625,0.887000849617672,0.8844483058210252,0.768887714663144,184,"all","RF#184","RF",184
502,418,158,73,0.8730434782608696,0.8513238289205702,0.8730434782608696,0.8730434782608696,0.8129554655870446,0.7993049522154648,0.5986611017607947,184,"all","NB#184","NB",184
487,517,59,88,0.8975694444444444,0.891941391941392,0.8975694444444444,0.8975694444444444,0.8755292125317526,0.8722849695916595,0.7445585631013436,184,"all","MLP#184","MLP",184
481,475,101,94,0.8365217391304348,0.8347978910369068,0.8365217391304348,0.8365217391304348,0.8314606741573034,0.8305821025195482,0.6611675299325036,185,"all","DT#185","DT",185
513,525,51,62,0.9114583333333334,0.9095744680851063,0.9114583333333334,0.9114583333333334,0.9028374892519346,0.9018245004344049,0.8036455919406874,185,"all","RF#185","RF",185
431,493,83,144,0.8559027777777778,0.8385214007782101,0.8559027777777778,0.8559027777777778,0.8128606760098928,0.8027801911381407,0.6055237574716269,185,"all","NB#185","NB",185
499,494,82,76,0.8678260869565217,0.8666666666666667,0.8678260869565217,0.8678260869565217,0.8633217993079586,0.8627280625543006,0.7254584046642089,185,"all","MLP#185","MLP",185
461,464,112,114,0.8055555555555556,0.8045375218150087,0.8055555555555556,0.8055555555555556,0.804159445407279,0.8036490008688097,0.6072965196150956,186,"all","DT#186","DT",186
511,518,58,64,0.8993055555555556,0.8980667838312829,0.8993055555555556,0.8993055555555556,0.8946459412780656,0.894005212858384,0.7880083454862211,186,"all","RF#186","RF",186
446,478,98,129,0.8298611111111112,0.8198529411764706,0.8298611111111112,0.8298611111111112,0.8081149619611158,0.8027801911381407,0.6055416240796293,186,"all","NB#186","NB",186
486,494,82,89,0.8576388888888888,0.8556338028169014,0.8576388888888888,0.8576388888888888,0.8524590163934427,0.8514335360556038,0.7028637077988444,186,"all","MLP#186","MLP",186
469,476,100,106,0.8263888888888888,0.8242530755711776,0.8263888888888888,0.8263888888888888,0.8221070811744386,0.8210251954821894,0.6420468784439474,187,"all","DT#187","DT",187
496,506,70,79,0.8784722222222222,0.8763250883392226,0.8784722222222222,0.8784722222222222,0.8716623600344531,0.8705473501303215,0.7410909870454158,187,"all","RF#187","RF",187
501,365,211,74,0.871304347826087,0.8314350797266514,0.871304347826087,0.871304347826087,0.7785547785547786,0.7523892267593397,0.5048804821466575,187,"all","NB#187","NB",187
467,495,81,108,0.859375,0.8521897810218978,0.859375,0.859375,0.8396946564885497,0.8357949609035621,0.6715762870769189,187,"all","MLP#187","MLP",187
466,476,100,109,0.8263888888888888,0.823321554770318,0.8263888888888888,0.8263888888888888,0.8199827734711456,0.8184187662901824,0.6368323241106837,188,"all","DT#188","DT",188
500,514,62,75,0.8923611111111112,0.8896797153024911,0.8923611111111112,0.8923611111111112,0.8824034334763948,0.8809730668983493,0.7619412820601855,188,"all","RF#188","RF",188
479,436,140,96,0.8330434782608696,0.8195488721804511,0.8330434782608696,0.8330434782608696,0.8023450586264657,0.7949609035621199,0.5899487352893227,188,"all","NB#188","NB",188
486,517,59,89,0.8975694444444444,0.8917431192660551,0.8975694444444444,0.8975694444444444,0.8747884940778343,0.8714161598609904,0.7428204779805848,188,"all","MLP#188","MLP",188
468,466,110,107,0.8139130434782609,0.8132635253054101,0.8139130434782609,0.8139130434782609,0.8117953165654813,0.8114682884448305,0.6229379999788648,189,"all","DT#189","DT",189
492,520,56,83,0.9027777777777778,0.8978102189781022,0.9027777777777778,0.9027777777777778,0.8821034775233249,0.8792354474370113,0.7584608672153001,189,"all","RF#189","RF",189
498,423,153,77,0.8660869565217392,0.846,0.8660869565217392,0.8660869565217392,0.8123980424143556,0.8001737619461338,0.6003930708433212,189,"all","NB#189","NB",189
474,503,73,101,0.8732638888888888,0.8665447897623401,0.8732638888888888,0.8732638888888888,0.852542372881356,0.8488271068635969,0.6976412046402928,189,"all","MLP#189","MLP",189
465,457,119,110,0.808695652173913,0.8059964726631393,0.808695652173913,0.808695652173913,0.8024158757549611,0.8010425716768028,0.6020902493776503,190,"all","DT#190","DT",190
499,518,58,76,0.8993055555555556,0.895870736086176,0.8993055555555556,0.8993055555555556,0.8854700854700855,0.8835794960903562,0.7671524890471058,190,"all","RF#190","RF",190
497,402,174,78,0.8643478260869565,0.8375,0.8643478260869565,0.8643478260869565,0.797752808988764,0.7810599478714162,0.5621830169540647,190,"all","NB#190","NB",190
471,518,58,104,0.8993055555555556,0.8903591682419659,0.8993055555555556,0.8993055555555556,0.8647746243739566,0.8592528236316247,0.7184858851913026,190,"all","MLP#190","MLP",190
469,458,118,106,0.8156521739130435,0.8120567375886525,0.8156521739130435,0.8156521739130435,0.8072289156626505,0.8053866203301477,0.6107799979468972,191,"all","DT#191","DT",191
504,523,53,71,0.9079861111111112,0.9048473967684022,0.9079861111111112,0.9079861111111112,0.8940170940170941,0.8922675933970461,0.7845291689689636,191,"all","RF#191","RF",191
489,420,156,86,0.8504347826086956,0.8300395256916996,0.8504347826086956,0.8504347826086956,0.8016393442622951,0.789748045178106,0.5795402055942157,191,"all","NB#191","NB",191
478,497,79,97,0.8628472222222222,0.8581687612208259,0.8628472222222222,0.8628472222222222,0.8495726495726496,0.8470894874022589,0.6941704333753029,191,"all","MLP#191","MLP",191
456,459,117,119,0.796875,0.7958115183246073,0.796875,0.796875,0.7954939341421144,0.7949609035621199,0.5899202594210732,192,"all","DT#192","DT",192
488,520,56,87,0.9027777777777778,0.8970588235294118,0.9027777777777778,0.9027777777777778,0.8791208791208792,0.8757602085143353,0.7515086001911321,192,"all","RF#192","RF",192
543,172,404,32,0.9443478260869566,0.8431372549019608,0.9443478260869566,0.9443478260869566,0.7135348226018396,0.6211989574283232,0.2428225694507312,192,"all","NB#192","NB",192
485,494,82,90,0.8576388888888888,0.855379188712522,0.8576388888888888,0.8576388888888888,0.8517241379310346,0.8505647263249348,0.701125617459148,192,"all","MLP#192","MLP",192
472,472,104,103,0.8208695652173913,0.8208695652173913,0.8208695652173913,0.8208695652173913,0.8201563857515203,0.8201563857515204,0.6403130430056718,193,"all","DT#193","DT",193
509,513,63,66,0.890625,0.8898601398601399,0.890625,0.890625,0.8883116883116884,0.8879235447437012,0.775845905099208,193,"all","RF#193","RF",193
543,196,380,32,0.9443478260869566,0.8596491228070176,0.9443478260869566,0.9443478260869566,0.7249666221628838,0.6420503909643788,0.28447615081448746,193,"all","NB#193","NB",193
485,507,69,90,0.8802083333333334,0.8754512635379061,0.8802083333333334,0.8802083333333334,0.8644501278772379,0.8618592528236316,0.7237095378929586,193,"all","MLP#193","MLP",193
465,458,118,110,0.808695652173913,0.8063380281690141,0.808695652173913,0.808695652173913,0.8031088082901554,0.8019113814074718,0.6038272484631828,194,"all","DT#194","DT",194
511,516,60,64,0.8958333333333334,0.8949211908931699,0.8958333333333334,0.8958333333333334,0.8927335640138409,0.8922675933970461,0.7845337230297286,194,"all","RF#194","RF",194
514,378,198,61,0.8939130434782608,0.8610478359908884,0.8939130434782608,0.8939130434782608,0.7987567987567988,0.7749782797567333,0.5500492802666115,194,"all","NB#194","NB",194
481,502,74,94,0.8715277777777778,0.8666666666666667,0.8715277777777778,0.8715277777777778,0.856655290102389,0.8540399652476107,0.7080708958603821,194,"all","MLP#194","MLP",194
467,481,95,108,0.8350694444444444,0.8309608540925267,0.8350694444444444,0.8350694444444444,0.8257510729613734,0.8236316246741964,0.6472560602789609,195,"all","DT#195","DT",195
491,528,48,84,0.9166666666666666,0.9109461966604824,0.9166666666666666,0.9166666666666666,0.888888888888889,0.8853171155516942,0.7706215917531751,195,"all","RF#195","RF",195
508,371,205,67,0.8834782608695653,0.8470319634703196,0.8834782608695653,0.8834782608695653,0.7888198757763976,0.7636837532580365,0.527465594426282,195,"all","NB#195","NB",195
489,492,84,86,0.8541666666666666,0.8534031413612565,0.8541666666666666,0.8541666666666666,0.8526863084922011,0.8523023457862728,0.7046035767016205,195,"all","MLP#195","MLP",195
468,451,125,107,0.8139130434782609,0.8082437275985663,0.8139130434782609,0.8139130434782609,0.8013698630136987,0.7984361424847958,0.5968829349444005,196,"all","DT#196","DT",196
508,517,59,67,0.8975694444444444,0.8959435626102292,0.8975694444444444,0.8975694444444444,0.8913793103448276,0.8905299739357081,0.7810571383712364,196,"all","RF#196","RF",196
493,433,143,82,0.8573913043478261,0.8407766990291262,0.8573913043478261,0.8573913043478261,0.8142031379025598,0.8045178105994787,0.6090713264629918,196,"all","NB#196","NB",196
494,502,74,81,0.8715277777777778,0.8697183098591549,0.8715277777777778,0.8715277777777778,0.8662640207075065,0.8653344917463076,0.7306659339697129,196,"all","MLP#196","MLP",196
452,470,106,123,0.8159722222222222,0.8100358422939068,0.8159722222222222,0.8159722222222222,0.8041060735671514,0.8010425716768028,0.6020746305385254,197,"all","DT#197","DT",197
500,509,67,75,0.8836805555555556,0.8818342151675485,0.8836805555555556,0.8836805555555556,0.8775862068965518,0.8766290182450044,0.7532548702279014,197,"all","RF#197","RF",197
428,495,81,147,0.859375,0.8408644400785854,0.859375,0.859375,0.812807881773399,0.8019113814074718,0.6037829856235675,197,"all","NB#197","NB",197
475,501,75,100,0.8697916666666666,0.8636363636363636,0.8697916666666666,0.8697916666666666,0.8513169073916738,0.8479582971329279,0.6959048877146632,197,"all","MLP#197","MLP",197
481,472,104,94,0.8365217391304348,0.833922261484099,0.8365217391304348,0.8365217391304348,0.8293103448275863,0.8279756733275413,0.6559562808532481,198,"all","DT#198","DT",198
496,510,66,79,0.8854166666666666,0.8825622775800712,0.8854166666666666,0.8854166666666666,0.8755364806866952,0.8740225890529973,0.7480400430564005,198,"all","RF#198","RF",198
484,409,167,91,0.8417391304347827,0.818,0.8417391304347827,0.8417391304347827,0.7895595432300164,0.7758470894874022,0.5517452707720732,198,"all","NB#198","NB",198
481,488,88,94,0.8472222222222222,0.8453427065026362,0.8472222222222222,0.8472222222222222,0.8428324697754749,0.841876629018245,0.6837501547417398,198,"all","MLP#198","MLP",198
474,453,123,101,0.8243478260869566,0.8176895306859205,0.8243478260869566,0.8243478260869566,0.8088737201365187,0.8053866203301477,0.610785873657578,199,"all","DT#199","DT",199
496,515,61,79,0.8940972222222222,0.8904847396768402,0.8940972222222222,0.8940972222222222,0.8803418803418804,0.8783666377063423,0.756726481093991,199,"all","RF#199","RF",199
460,459,117,115,0.8,0.7996515679442509,0.8,0.8,0.798611111111111,0.7984361424847958,0.5968731978466247,199,"all","NB#199","NB",199
491,504,72,84,0.875,0.872113676731794,0.875,0.875,0.8659793814432989,0.8644656820156386,0.728926248663925,199,"all","MLP#199","MLP",199
474,464,112,101,0.8243478260869566,0.8212389380530973,0.8243478260869566,0.8243478260869566,0.8165374677002585,0.8149435273675065,0.6298929214641665,200,"all","DT#200","DT",200
498,514,62,77,0.8923611111111112,0.8892857142857142,0.8923611111111112,0.8923611111111112,0.8808911739502999,0.8792354474370113,0.7584652430233173,200,"all","RF#200","RF",200
412,505,71,163,0.8767361111111112,0.8530020703933747,0.8767361111111112,0.8767361111111112,0.8118971061093249,0.7966985230234579,0.5933402586107974,200,"all","NB#200","NB",200
471,512,64,104,0.8888888888888888,0.8803738317757009,0.8888888888888888,0.8888888888888888,0.8590604026845637,0.8540399652476107,0.7080620810435412,200,"all","MLP#200","MLP",200
464,457,119,111,0.8069565217391305,0.8045774647887324,0.8069565217391305,0.8069565217391305,0.8013816925734025,0.8001737619461338,0.6003520488882984,201,"all","DT#201","DT",201
512,511,65,63,0.8904347826086957,0.8902439024390244,0.8904347826086957,0.8904347826086957,0.8888888888888888,0.8887923544743701,0.7775852126050343,201,"all","RF#201","RF",201
471,482,94,104,0.8368055555555556,0.8336283185840708,0.8368055555555556,0.8368055555555556,0.8296041308089501,0.8279756733275413,0.6559458929029727,201,"all","NB#201","NB",201
493,487,89,82,0.8573913043478261,0.8558875219683656,0.8573913043478261,0.8573913043478261,0.8522039757994814,0.8514335360556038,0.7028699877869646,201,"all","MLP#201","MLP",201
462,465,111,113,0.8072916666666666,0.806282722513089,0.8072916666666666,0.8072916666666666,0.8058925476603119,0.8053866203301477,0.6107717716539001,202,"all","DT#202","DT",202
486,523,53,89,0.9079861111111112,0.9016697588126159,0.9079861111111112,0.9079861111111112,0.8804713804713804,0.8766290182450044,0.7532444396132641,202,"all","RF#202","RF",202
514,311,265,61,0.8939130434782608,0.8360215053763441,0.8939130434782608,0.8939130434782608,0.759231905465288,0.7167680278019114,0.43371002891621546,202,"all","NB#202","NB",202
492,508,68,83,0.8819444444444444,0.8785714285714286,0.8819444444444444,0.8819444444444444,0.8706083976006855,0.8688097306689835,0.7376133215577043,202,"all","MLP#202","MLP",202
446,467,109,129,0.8107638888888888,0.8036036036036036,0.8107638888888888,0.8107638888888888,0.7969283276450512,0.7932232841007819,0.5864337691355415,203,"all","DT#203","DT",203
499,516,60,76,0.8958333333333334,0.8926654740608229,0.8958333333333334,0.8958333333333334,0.8835616438356165,0.8818418766290183,0.7636778666151356,203,"all","RF#203","RF",203
493,397,179,82,0.8573913043478261,0.8288100208768268,0.8573913043478261,0.8573913043478261,0.7906976744186046,0.7732406602953953,0.546547380591912,203,"all","NB#203","NB",203
498,489,87,77,0.8660869565217392,0.8639575971731449,0.8660869565217392,0.8660869565217392,0.8586206896551724,0.8575152041702867,0.7150344952521852,203,"all","MLP#203","MLP",203
463,463,113,112,0.8052173913043478,0.8052173913043478,0.8052173913043478,0.8052173913043478,0.8045178105994788,0.8045178105994787,0.6090359163105128,204,"all","DT#204","DT",204
500,522,54,75,0.90625,0.9025270758122743,0.90625,0.90625,0.8900255754475703,0.8879235447437012,0.7758398137622117,204,"all","RF#204","RF",204
452,468,108,123,0.8125,0.8071428571428572,0.8125,0.8125,0.8020565552699228,0.7993049522154648,0.5986005117869517,204,"all","NB#204","NB",204
477,507,69,98,0.8802083333333334,0.8736263736263736,0.8802083333333334,0.8802083333333334,0.8585944115156647,0.8549087749782798,0.7098046261083291,204,"all","MLP#204","MLP",204
479,455,121,96,0.8330434782608696,0.8257713248638838,0.8330434782608696,0.8330434782608696,0.8153191489361702,0.8114682884448305,0.622950522700683,205,"all","DT#205","DT",205
496,517,59,79,0.8975694444444444,0.8936936936936937,0.8975694444444444,0.8975694444444444,0.8822525597269625,0.8801042571676803,0.7602010930281711,205,"all","RF#205","RF",205
247,559,17,328,0.9704861111111112,0.9356060606060606,0.9704861111111112,0.9704861111111112,0.764183185235817,0.7002606429192006,0.4002392427604143,205,"all","NB#205","NB",205
478,512,64,97,0.8888888888888888,0.8819188191881919,0.8888888888888888,0.8888888888888888,0.8641350210970464,0.8601216333622936,0.7202291176945711,205,"all","MLP#205","MLP",205
473,446,130,102,0.8226086956521739,0.8138686131386861,0.8226086956521739,0.8226086956521739,0.8030560271646858,0.7984361424847958,0.59688902039165,206,"all","DT#206","DT",206
515,510,66,60,0.8956521739130435,0.8947368421052632,0.8956521739130435,0.8956521739130435,0.8910034602076125,0.8905299739357081,0.7810617657448755,206,"all","RF#206","RF",206
518,360,216,57,0.9008695652173913,0.8633093525179856,0.9008695652173913,0.9008695652173913,0.7914438502673795,0.7628149435273676,0.5257433677604562,206,"all","NB#206","NB",206
497,494,82,78,0.8643478260869565,0.8636363636363636,0.8643478260869565,0.8643478260869565,0.8613518197573656,0.8609904430929627,0.7219823551790147,206,"all","MLP#206","MLP",206
467,459,117,108,0.8121739130434783,0.8095238095238095,0.8121739130434783,0.8121739130434783,0.8058671268334772,0.8045178105994787,0.6090406380348092,207,"all","DT#207","DT",207
490,516,60,85,0.8958333333333334,0.8909090909090909,0.8958333333333334,0.8958333333333334,0.8768054375531011,0.8740225890529973,0.7480354783921493,207,"all","RF#207","RF",207
506,379,197,69,0.88,0.8459821428571429,0.88,0.88,0.7918622848200312,0.7688966116420504,0.5378821725270478,207,"all","NB#207","NB",207
460,510,66,115,0.8854166666666666,0.8745247148288974,0.8854166666666666,0.8854166666666666,0.8492922564529558,0.8427454387489139,0.6854673730393703,207,"all","MLP#207","MLP",207
467,452,124,108,0.8121739130434783,0.8071428571428572,0.8121739130434783,0.8121739130434783,0.8010291595197255,0.7984361424847958,0.5968817178329024,208,"all","DT#208","DT",208
501,517,59,74,0.8975694444444444,0.8946428571428572,0.8975694444444444,0.8975694444444444,0.8860325621251072,0.8844483058210252,0.7688912037561236,208,"all","RF#208","RF",208
481,421,155,94,0.8365217391304348,0.8174757281553398,0.8365217391304348,0.8365217391304348,0.7943848059454997,0.7836663770634231,0.5673722679523776,208,"all","NB#208","NB",208
467,504,72,108,0.875,0.8664192949907236,0.875,0.875,0.8484848484848485,0.843614248479583,0.6872112614816023,208,"all","MLP#208","MLP",208
482,469,107,93,0.8382608695652174,0.8345195729537367,0.8382608695652174,0.8382608695652174,0.8281786941580755,0.8262380538662033,0.652483190270737,209,"all","DT#209","DT",209
512,513,63,63,0.890625,0.890625,0.890625,0.890625,0.890625,0.8905299739357081,0.7810597826086957,209,"all","RF#209","RF",209
486,441,135,89,0.8452173913043478,0.8320754716981132,0.8452173913043478,0.8452173913043478,0.8127090301003345,0.8053866203301477,0.6107999746394424,209,"all","NB#209","NB",209
476,503,73,99,0.8732638888888888,0.8670309653916212,0.8732638888888888,0.8732638888888888,0.8539898132427843,0.8505647263249348,0.7011174955538714,209,"all","MLP#209","MLP",209
465,473,103,110,0.8211805555555556,0.8186619718309859,0.8211805555555556,0.8211805555555556,0.816220880069025,0.8149435273675065,0.629882864100315,210,"all","DT#210","DT",210
502,529,47,73,0.9184027777777778,0.9143897996357013,0.9184027777777778,0.9184027777777778,0.8981324278438031,0.895742832319722,0.7914773224794451,210,"all","RF#210","RF",210
504,433,143,71,0.8765217391304347,0.8591269841269841,0.8765217391304347,0.8765217391304347,0.8248772504091653,0.8140747176368376,0.6281895687666801,210,"all","NB#210","NB",210
470,517,59,105,0.8975694444444444,0.888468809073724,0.8975694444444444,0.8975694444444444,0.8631051752921536,0.8575152041702867,0.7150104022924297,210,"all","MLP#210","MLP",210
456,480,96,119,0.8333333333333334,0.8260869565217391,0.8333333333333334,0.8333333333333334,0.8170212765957446,0.8132059079061685,0.6263985615442564,211,"all","DT#211","DT",211
480,511,65,95,0.8871527777777778,0.8807339449541285,0.8871527777777778,0.8871527777777778,0.8646362098138748,0.8609904430929627,0.721968084303335,211,"all","RF#211","RF",211
253,551,25,322,0.9565972222222222,0.9100719424460432,0.9565972222222222,0.9565972222222222,0.7605244996549343,0.6985230234578628,0.3967751241121096,211,"all","NB#211","NB",211
478,512,64,97,0.8888888888888888,0.8819188191881919,0.8888888888888888,0.8888888888888888,0.8641350210970464,0.8601216333622936,0.7202291176945711,211,"all","MLP#211","MLP",211
465,472,104,110,0.8194444444444444,0.8172231985940246,0.8194444444444444,0.8194444444444444,0.8151986183074266,0.8140747176368376,0.6281457863446832,212,"all","DT#212","DT",212
503,514,62,72,0.8923611111111112,0.8902654867256637,0.8923611111111112,0.8923611111111112,0.8846815834767642,0.8835794960903562,0.7671553012575674,212,"all","RF#212","RF",212
494,416,160,81,0.8591304347826086,0.8370221327967807,0.8591304347826086,0.8591304347826086,0.8039056143205857,0.790616854908775,0.5812833312452168,212,"all","NB#212","NB",212
488,498,78,87,0.8645833333333334,0.8621908127208481,0.8645833333333334,0.8645833333333334,0.8578811369509044,0.8566463944396178,0.7132886769294873,212,"all","MLP#212","MLP",212
463,455,121,112,0.8052173913043478,0.8024691358024691,0.8052173913043478,0.8052173913043478,0.7989646246764451,0.7975673327541268,0.5951398607204913,213,"all","DT#213","DT",213
494,516,60,81,0.8958333333333334,0.8916967509025271,0.8958333333333334,0.8958333333333334,0.8797953964194374,0.8774978279756733,0.7549877034145104,213,"all","RF#213","RF",213
266,553,23,309,0.9600694444444444,0.9204152249134948,0.9600694444444444,0.9600694444444444,0.7691237830319888,0.7115551694178974,0.422860715828392,213,"all","NB#213","NB",213
479,515,61,96,0.8940972222222222,0.8870370370370371,0.8940972222222222,0.8940972222222222,0.8677337826453244,0.8635968722849696,0.7271791232930485,213,"all","MLP#213","MLP",213
474,478,98,101,0.8298611111111112,0.8286713286713286,0.8298611111111112,0.8298611111111112,0.8277056277056276,0.8271068635968722,0.6542119001142819,214,"all","DT#214","DT",214
502,511,65,73,0.8871527777777778,0.8853615520282186,0.8871527777777778,0.8871527777777778,0.8810344827586207,0.8801042571676803,0.760205437263735,214,"all","RF#214","RF",214
495,383,193,80,0.8608695652173913,0.8272138228941684,0.8608695652173913,0.8608695652173913,0.7838479809976246,0.7628149435273676,0.5257104388895012,214,"all","NB#214","NB",214
483,504,72,92,0.875,0.8702702702702703,0.875,0.875,0.8600682593856656,0.8575152041702867,0.7150215888160875,214,"all","MLP#214","MLP",214
477,467,109,98,0.8295652173913044,0.8265486725663717,0.8295652173913044,0.8295652173913044,0.8217054263565893,0.8201563857515204,0.6403184729722181,215,"all","DT#215","DT",215
492,513,63,83,0.890625,0.8864864864864865,0.890625,0.890625,0.8754266211604096,0.8731537793223284,0.7462997071167607,215,"all","RF#215","RF",215
502,403,173,73,0.8730434782608696,0.8466386554621849,0.8730434782608696,0.8730434782608696,0.8032,0.7862728062554301,0.5726098113207548,215,"all","NB#215","NB",215
475,518,58,100,0.8993055555555556,0.8911819887429644,0.8993055555555556,0.8993055555555556,0.8676716917922948,0.8627280625543006,0.7254385090842113,215,"all","MLP#215","MLP",215
477,477,99,98,0.8295652173913044,0.8295652173913044,0.8295652173913044,0.8295652173913044,0.8288444830582103,0.8288444830582102,0.6576892245029824,216,"all","DT#216","DT",216
499,519,57,76,0.9010416666666666,0.8974820143884892,0.9010416666666666,0.9010416666666666,0.8864218616567037,0.8844483058210252,0.7688898081315738,216,"all","RF#216","RF",216
498,420,156,77,0.8660869565217392,0.8450704225352113,0.8660869565217392,0.8660869565217392,0.8104149715215623,0.7975673327541268,0.5951826397515996,216,"all","NB#216","NB",216
478,510,66,97,0.8854166666666666,0.8786764705882353,0.8854166666666666,0.8854166666666666,0.8622147083685545,0.8583840139009556,0.7167545582598219,216,"all","MLP#216","MLP",216
477,470,106,98,0.8295652173913044,0.8274647887323944,0.8295652173913044,0.8295652173913044,0.8238341968911919,0.8227628149435273,0.6455296433617951,217,"all","DT#217","DT",217
503,520,56,72,0.9027777777777778,0.8998211091234347,0.9027777777777778,0.9027777777777778,0.8904109589041096,0.8887923544743701,0.7775791685789512,217,"all","RF#217","RF",217
508,371,205,67,0.8834782608695653,0.8470319634703196,0.8834782608695653,0.8834782608695653,0.7888198757763976,0.7636837532580365,0.527465594426282,217,"all","NB#217","NB",217
501,522,54,74,0.90625,0.9027027027027027,0.90625,0.90625,0.8907849829351536,0.8887923544743701,0.777577825417434,217,"all","MLP#217","MLP",217
475,482,94,100,0.8368055555555556,0.8347978910369068,0.8368055555555556,0.8368055555555556,0.8324697754749568,0.8314509122502172,0.6628985165928435,218,"all","DT#218","DT",218
506,525,51,69,0.9114583333333334,0.9084380610412927,0.9114583333333334,0.9114583333333334,0.8974358974358975,0.895742832319722,0.7914798409377066,218,"all","RF#218","RF",218
402,524,52,173,0.9097222222222222,0.8854625550660793,0.9097222222222222,0.9097222222222222,0.8232521602513747,0.8045178105994787,0.6089638958807391,218,"all","NB#218","NB",218
492,517,59,83,0.8975694444444444,0.8929219600725953,0.8975694444444444,0.8975694444444444,0.8792517006802723,0.8766290182450044,0.7532489099846614,218,"all","MLP#218","MLP",218
479,454,122,96,0.8330434782608696,0.8254545454545454,0.8330434782608696,0.8330434782608696,0.814625850340136,0.8105994787141616,0.6212135393236377,219,"all","DT#219","DT",219
512,505,71,63,0.8904347826086957,0.8890845070422535,0.8904347826086957,0.8904347826086957,0.8842832469775473,0.8835794960903562,0.7671616284827478,219,"all","RF#219","RF",219
507,387,189,68,0.8817391304347826,0.8505494505494505,0.8817391304347826,0.8817391304347826,0.7977970102281668,0.7767158992180713,0.5535130207193433,219,"all","NB#219","NB",219
467,508,68,108,0.8819444444444444,0.8728971962616823,0.8819444444444444,0.8819444444444444,0.8523489932885906,0.8470894874022589,0.694160275378948,219,"all","MLP#219","MLP",219
474,443,133,101,0.8243478260869566,0.8143382352941176,0.8243478260869566,0.8243478260869566,0.802030456852792,0.7966985230234579,0.5934163808511667,220,"all","DT#220","DT",220
498,527,49,77,0.9149305555555556,0.9104204753199269,0.9149305555555556,0.9149305555555556,0.8932203389830509,0.8905299739357081,0.7810505274981431,220,"all","RF#220","RF",220
504,395,181,71,0.8765217391304347,0.8476394849785408,0.8765217391304347,0.8765217391304347,0.7999999999999999,0.7810599478714162,0.5621922687959428,220,"all","NB#220","NB",220
476,514,62,99,0.8923611111111112,0.8847583643122676,0.8923611111111112,0.8923611111111112,0.864592094196804,0.8601216333622936,0.720227428162503,220,"all","MLP#220","MLP",220
466,456,120,109,0.8104347826086956,0.8070796460176991,0.8104347826086956,0.8104347826086956,0.8027562446167097,0.8010425716768028,0.6020914507760288,221,"all","DT#221","DT",221
500,526,50,75,0.9131944444444444,0.9090909090909091,0.9131944444444444,0.9131944444444444,0.8937977909940527,0.891398783666377,0.7827892055104736,221,"all","RF#221","RF",221
432,496,80,143,0.8611111111111112,0.84375,0.8611111111111112,0.8611111111111112,0.8164609053497942,0.8062554300608167,0.6124737105129262,221,"all","NB#221","NB",221
477,503,73,98,0.8732638888888888,0.8672727272727273,0.8732638888888888,0.8732638888888888,0.854715378079864,0.8514335360556038,0.7028556331383279,221,"all","MLP#221","MLP",221
473,480,96,102,0.8333333333333334,0.8312829525483304,0.8333333333333334,0.8333333333333334,0.8290155440414508,0.8279756733275413,0.6559479705432115,222,"all","DT#222","DT",222
485,530,46,90,0.9201388888888888,0.9133709981167608,0.9201388888888888,0.9201388888888888,0.8862876254180602,0.8818418766290183,0.7636678764893804,222,"all","RF#222","RF",222
494,398,178,81,0.8591304347826086,0.8308977035490606,0.8591304347826086,0.8591304347826086,0.7923015236567762,0.7749782797567333,0.5500221133076828,222,"all","NB#222","NB",222
468,504,72,107,0.875,0.8666666666666667,0.875,0.875,0.8491996630160067,0.8444830582102519,0.6889494463022653,222,"all","MLP#222","MLP",222
487,468,108,88,0.8469565217391304,0.841726618705036,0.8469565217391304,0.8469565217391304,0.8324786324786324,0.8297132927888793,0.6594366112134296,223,"all","DT#223","DT",223
502,529,47,73,0.9184027777777778,0.9143897996357013,0.9184027777777778,0.9184027777777778,0.8981324278438031,0.895742832319722,0.7914773224794451,223,"all","RF#223","RF",223
417,504,72,158,0.875,0.852760736196319,0.875,0.875,0.81421647819063,0.8001737619461338,0.6002953281978034,223,"all","NB#223","NB",223
486,517,59,89,0.8975694444444444,0.8917431192660551,0.8975694444444444,0.8975694444444444,0.8747884940778343,0.8714161598609904,0.7428204779805848,223,"all","MLP#223","MLP",223
435,442,134,140,0.7673611111111112,0.7644991212653779,0.7673611111111112,0.7673611111111112,0.7633851468048358,0.7619461337966985,0.5238875956002017,224,"all","DT#224","DT",224
486,517,59,89,0.8975694444444444,0.8917431192660551,0.8975694444444444,0.8975694444444444,0.8747884940778343,0.8714161598609904,0.7428204779805848,224,"all","RF#224","RF",224
424,482,94,151,0.8368055555555556,0.8185328185328186,0.8368055555555556,0.8368055555555556,0.7973531844499586,0.787141615986099,0.574246274211398,224,"all","NB#224","NB",224
469,516,60,106,0.8958333333333334,0.8865784499054821,0.8958333333333334,0.8958333333333334,0.8614357262103507,0.8557775847089487,0.7115349193935568,224,"all","MLP#224","MLP",224
454,456,120,121,0.7916666666666666,0.7909407665505227,0.7916666666666666,0.7916666666666666,0.7909800520381614,0.790616854908775,0.5812327615228888,225,"all","DT#225","DT",225
499,514,62,76,0.8923611111111112,0.8894830659536542,0.8923611111111112,0.8923611111111112,0.8816466552315609,0.8801042571676803,0.7602032651656285,225,"all","RF#225","RF",225
518,363,213,57,0.9008695652173913,0.8642857142857143,0.9008695652173913,0.9008695652173913,0.7932618683001531,0.7654213727193745,0.5309528553058157,225,"all","NB#225","NB",225
481,509,67,94,0.8836805555555556,0.8777372262773723,0.8836805555555556,0.8836805555555556,0.8634435962680238,0.8601216333622936,0.7202316519544123,225,"all","MLP#225","MLP",225
486,479,97,89,0.8452173913043478,0.8433098591549296,0.8452173913043478,0.8452173913043478,0.839378238341969,0.838401390095569,0.6768064395357544,226,"all","DT#226","DT",226
514,514,62,61,0.8939130434782608,0.8939130434782608,0.8939130434782608,0.8939130434782608,0.8931364031277149,0.893136403127715,0.7862729675830804,226,"all","RF#226","RF",226
478,452,124,97,0.831304347826087,0.8233151183970856,0.831304347826087,0.831304347826087,0.8122344944774851,0.8079930495221547,0.6160014612930935,226,"all","NB#226","NB",226
494,506,70,81,0.8784722222222222,0.875886524822695,0.8784722222222222,0.8784722222222222,0.8701633705932932,0.8688097306689835,0.7376149060446354,226,"all","MLP#226","MLP",226
486,480,96,89,0.8452173913043478,0.843585237258348,0.8452173913043478,0.8452173913043478,0.8401037165082109,0.8392701998262381,0.6785435540385291,227,"all","DT#227","DT",227
497,533,43,78,0.9253472222222222,0.9203703703703704,0.9253472222222222,0.9253472222222222,0.8980623420387531,0.894874022589053,0.7897367765506934,227,"all","RF#227","RF",227
472,454,122,103,0.8208695652173913,0.8150807899461401,0.8208695652173913,0.8208695652173913,0.8075278015397777,0.8045178105994787,0.6090465400297999,227,"all","NB#227","NB",227
482,529,47,93,0.9184027777777778,0.9111531190926276,0.9184027777777778,0.9184027777777778,0.8831385642737897,0.8783666377063423,0.7567161970789034,227,"all","MLP#227","MLP",227
460,454,122,115,0.8,0.7978910369068541,0.8,0.8,0.7951598962834917,0.794092093831451,0.5881882286871969,228,"all","DT#228","DT",228
500,519,57,75,0.9010416666666666,0.8976660682226212,0.9010416666666666,0.9010416666666666,0.8871794871794872,0.8853171155516942,0.7706278250314774,228,"all","RF#228","RF",228
465,456,120,110,0.808695652173913,0.8056537102473498,0.808695652173913,0.808695652173913,0.8017241379310344,0.8001737619461338,0.6003532555366011,228,"all","NB#228","NB",228
501,492,84,74,0.871304347826087,0.8692579505300353,0.871304347826087,0.871304347826087,0.863793103448276,0.8627280625543006,0.7254600624990564,228,"all","MLP#228","MLP",228
459,474,102,116,0.8229166666666666,0.8181818181818182,0.8229166666666666,0.8229166666666666,0.8130360205831904,0.8105994787141616,0.621190665261645,229,"all","DT#229","DT",229
493,523,53,82,0.9079861111111112,0.9029304029304029,0.9079861111111112,0.9079861111111112,0.8856900931414056,0.8827106863596872,0.7654109252971522,229,"all","RF#229","RF",229
487,442,134,88,0.8469565217391304,0.8339622641509434,0.8469565217391304,0.8469565217391304,0.8143812709030099,0.8071242397914856,0.6142749748658758,229,"all","NB#229","NB",229
492,512,64,83,0.8888888888888888,0.8848920863309353,0.8888888888888888,0.8888888888888888,0.8744662681468831,0.8722849695916595,0.7445624195138448,229,"all","MLP#229","MLP",229
468,470,106,107,0.8159722222222222,0.8153310104529616,0.8159722222222222,0.8159722222222222,0.8152645273200347,0.8149435273675065,0.6298862166156652,230,"all","DT#230","DT",230
499,516,60,76,0.8958333333333334,0.8926654740608229,0.8958333333333334,0.8958333333333334,0.8835616438356165,0.8818418766290183,0.7636778666151356,230,"all","RF#230","RF",230
514,352,224,61,0.8939130434782608,0.8523002421307506,0.8939130434782608,0.8939130434782608,0.7829398324447829,0.7523892267593397,0.5048999114046513,230,"all","NB#230","NB",230
492,503,73,83,0.8732638888888888,0.8707964601769912,0.8732638888888888,0.8732638888888888,0.8657487091222031,0.8644656820156386,0.7289270671356753,230,"all","MLP#230","MLP",230
477,479,97,98,0.8315972222222222,0.8310104529616724,0.8315972222222222,0.8315972222222222,0.8308759757155247,0.8305821025195482,0.6611634377467358,231,"all","DT#231","DT",231
500,529,47,75,0.9184027777777778,0.9140767824497258,0.9184027777777778,0.9184027777777778,0.8966101694915254,0.894005212858384,0.7880013044029638,231,"all","RF#231","RF",231
513,371,205,62,0.8921739130434783,0.8568129330254042,0.8921739130434783,0.8921739130434783,0.7935034802784223,0.7680278019113814,0.536155389159647,231,"all","NB#231","NB",231
485,501,75,90,0.8697916666666666,0.8660714285714286,0.8697916666666666,0.8697916666666666,0.858611825192802,0.8566463944396178,0.7132860798478228,231,"all","MLP#231","MLP",231
450,467,109,125,0.8107638888888888,0.8050089445438283,0.8107638888888888,0.8107638888888888,0.7996575342465753,0.7966985230234579,0.5933869175583952,232,"all","DT#232","DT",232
497,522,54,78,0.90625,0.9019963702359347,0.90625,0.90625,0.8877551020408163,0.8853171155516942,0.7706257473096852,232,"all","RF#232","RF",232
447,481,95,128,0.8350694444444444,0.8247232472324724,0.8350694444444444,0.8350694444444444,0.8118143459915612,0.8062554300608167,0.6124912623968284,232,"all","NB#232","NB",232
469,520,56,106,0.9027777777777778,0.8933333333333333,0.9027777777777778,0.9027777777777778,0.8652246256239601,0.8592528236316247,0.7184841850985129,232,"all","MLP#232","MLP",232
474,463,113,101,0.8243478260869566,0.8209219858156028,0.8243478260869566,0.8243478260869566,0.8158347676419966,0.8140747176368376,0.6281558908956965,233,"all","DT#233","DT",233
493,524,52,82,0.9097222222222222,0.9045871559633027,0.9097222222222222,0.9097222222222222,0.88663282571912,0.8835794960903562,0.7671482706040431,233,"all","RF#233","RF",233
203,562,14,372,0.9756944444444444,0.9354838709677419,0.9756944444444444,0.9756944444444444,0.7443708609271523,0.6646394439617723,0.3289156881285476,233,"all","NB#233","NB",233
484,519,57,91,0.9010416666666666,0.8946395563770795,0.9010416666666666,0.9010416666666666,0.875210792580101,0.8714161598609904,0.7428189248844295,233,"all","MLP#233","MLP",233
486,467,109,89,0.8452173913043478,0.8399280575539568,0.8452173913043478,0.8452173913043478,0.8307692307692308,0.8279756733275413,0.6559614745931585,234,"all","DT#234","DT",234
505,524,52,70,0.9097222222222222,0.9066427289048474,0.9097222222222222,0.9097222222222222,0.8957264957264959,0.894005212858384,0.788004504953335,234,"all","RF#234","RF",234
466,463,113,109,0.8104347826086956,0.8094405594405595,0.8104347826086956,0.8104347826086956,0.807625649913345,0.8071242397914856,0.6142505178108827,234,"all","NB#234","NB",234
478,491,85,97,0.8524305555555556,0.8490230905861457,0.8524305555555556,0.8524305555555556,0.8436426116838489,0.841876629018245,0.6837472901079126,234,"all","MLP#234","MLP",234
474,460,116,101,0.8243478260869566,0.8199643493761141,0.8243478260869566,0.8243478260869566,0.8137339055793992,0.8114682884448305,0.6229448306575182,235,"all","DT#235","DT",235
484,511,65,91,0.8871527777777778,0.8816029143897997,0.8871527777777778,0.8871527777777778,0.8675721561969439,0.8644656820156386,0.7289205192232787,235,"all","RF#235","RF",235
400,515,61,175,0.8940972222222222,0.8676789587852495,0.8940972222222222,0.8940972222222222,0.8135860979462876,0.7949609035621199,0.5898509103317902,235,"all","NB#235","NB",235
474,510,66,101,0.8854166666666666,0.8777777777777778,0.8854166666666666,0.8854166666666666,0.8593091828138164,0.8549087749782798,0.709801997388147,235,"all","MLP#235","MLP",235
457,471,105,118,0.8177083333333334,0.8131672597864769,0.8177083333333334,0.8177083333333334,0.8085836909871245,0.8062554300608167,0.6125029627694988,236,"all","DT#236","DT",236
482,515,61,93,0.8940972222222222,0.8876611418047882,0.8940972222222222,0.8940972222222222,0.8699324324324323,0.8662033014769766,0.7323934731146432,236,"all","RF#236","RF",236
404,496,80,171,0.8611111111111112,0.8347107438016529,0.8611111111111112,0.8611111111111112,0.7980691874497186,0.7819287576020851,0.5637972607951878,236,"all","NB#236","NB",236
462,518,58,113,0.8993055555555556,0.8884615384615384,0.8993055555555556,0.8993055555555556,0.8583264291632146,0.8514335360556038,0.7028421743955189,236,"all","MLP#236","MLP",236
465,476,100,110,0.8263888888888888,0.8230088495575221,0.8263888888888888,0.8263888888888888,0.8192771084337349,0.8175499565595135,0.6350941288364861,237,"all","DT#237","DT",237
499,519,57,76,0.9010416666666666,0.8974820143884892,0.9010416666666666,0.9010416666666666,0.8864218616567037,0.8844483058210252,0.7688898081315738,237,"all","RF#237","RF",237
553,153,423,22,0.9617391304347827,0.8742857142857143,0.9617391304347827,0.9617391304347827,0.7130883301096066,0.6133796698523023,0.22722657328519405,237,"all","NB#237","NB",237
494,511,65,81,0.8871527777777778,0.8837209302325582,0.8871527777777778,0.8871527777777778,0.875,0.8731537793223284,0.7463012391603662,237,"all","MLP#237","MLP",237
464,474,102,111,0.8229166666666666,0.8197879858657244,0.8229166666666666,0.8229166666666666,0.8165374677002583,0.8149435273675065,0.6298817465817017,238,"all","DT#238","DT",238
498,524,52,77,0.9097222222222222,0.9054545454545454,0.9097222222222222,0.9097222222222222,0.8903993203058623,0.8879235447437012,0.7758384600868089,238,"all","RF#238","RF",238
459,463,113,116,0.8038194444444444,0.8024475524475524,0.8038194444444444,0.8038194444444444,0.8017316017316016,0.8010425716768028,0.6020830408350281,238,"all","NB#238","NB",238
482,510,66,93,0.8854166666666666,0.8795620437956204,0.8854166666666666,0.8854166666666666,0.8651399491094148,0.8618592528236316,0.7237070351599476,238,"all","MLP#238","MLP",238
484,463,113,91,0.8417391304347827,0.8357400722021661,0.8417391304347827,0.8417391304347827,0.8259385665529011,0.8227628149435273,0.6455371349381511,239,"all","DT#239","DT",239
502,522,54,73,0.90625,0.9028776978417267,0.90625,0.90625,0.8915456874466268,0.889661164205039,0.7793158318248862,239,"all","RF#239","RF",239
528,312,264,47,0.9182608695652174,0.8690807799442897,0.9182608695652174,0.9182608695652174,0.7724945135332846,0.7298001737619462,0.4597769148693741,239,"all","NB#239","NB",239
483,515,61,92,0.8940972222222222,0.8878676470588235,0.8940972222222222,0.8940972222222222,0.8706677937447168,0.8670721112076455,0.734131579225477,239,"all","MLP#239","MLP",239
474,457,119,101,0.8243478260869566,0.8189964157706093,0.8243478260869566,0.8243478260869566,0.8116438356164384,0.8088618592528236,0.6177338176196902,240,"all","DT#240","DT",240
508,528,48,67,0.9166666666666666,0.9136690647482014,0.9166666666666666,0.9166666666666666,0.9017933390264731,0.9000868809730669,0.8001678792115112,240,"all","RF#240","RF",240
497,381,195,78,0.8643478260869565,0.8300653594771242,0.8643478260869565,0.8643478260869565,0.7845303867403314,0.7628149435273676,0.5257133024511069,240,"all","NB#240","NB",240
475,495,81,100,0.859375,0.85431654676259,0.859375,0.859375,0.8454312553373186,0.8427454387489139,0.6854816185850741,240,"all","MLP#240","MLP",240
467,476,100,108,0.8263888888888888,0.8236331569664903,0.8263888888888888,0.8263888888888888,0.8206896551724138,0.8192875760208514,0.6385705141366441,241,"all","DT#241","DT",241
506,507,69,69,0.8802083333333334,0.8802083333333334,0.8802083333333334,0.8802083333333334,0.8802083333333334,0.8801042571676803,0.7602083333333333,241,"all","RF#241","RF",241
443,479,97,132,0.8315972222222222,0.8203703703703704,0.8315972222222222,0.8315972222222222,0.8070766638584668,0.8010425716768028,0.6020638167777584,241,"all","NB#241","NB",241
475,502,74,100,0.8715277777777778,0.8652094717668488,0.8715277777777778,0.8715277777777778,0.8522920203735146,0.8488271068635969,0.6976421175951955,241,"all","MLP#241","MLP",241
456,463,113,119,0.8038194444444444,0.8014059753954306,0.8038194444444444,0.8038194444444444,0.7996545768566493,0.7984361424847958,0.5968683291213386,242,"all","DT#242","DT",242
477,527,49,98,0.9149305555555556,0.9068441064638784,0.9149305555555556,0.9149305555555556,0.8776019983347211,0.8722849695916595,0.7445508499270026,242,"all","RF#242","RF",242
400,513,63,175,0.890625,0.8639308855291576,0.890625,0.890625,0.8117088607594937,0.7932232841007819,0.5863763196675766,242,"all","NB#242","NB",242
468,513,63,107,0.890625,0.8813559322033898,0.890625,0.890625,0.8578595317725752,0.8523023457862728,0.7045848456117255,242,"all","MLP#242","MLP",242
461,459,117,114,0.8017391304347826,0.8010471204188482,0.8017391304347826,0.8017391304347826,0.7996530789245447,0.7993049522154648,0.5986114193323401,243,"all","DT#243","DT",243
502,523,53,73,0.9079861111111112,0.9045045045045045,0.9079861111111112,0.9079861111111112,0.8924914675767919,0.8905299739357081,0.7810531718952867,243,"all","RF#243","RF",243
515,297,279,60,0.8956521739130435,0.8319327731092437,0.8956521739130435,0.8956521739130435,0.7523739956172388,0.7054735013032146,0.41114124406333064,243,"all","NB#243","NB",243
478,507,69,97,0.8802083333333334,0.8738574040219378,0.8802083333333334,0.8802083333333334,0.8593220338983052,0.8557775847089487,0.7115427584499344,243,"all","MLP#243","MLP",243
462,486,90,113,0.84375,0.8369565217391305,0.84375,0.84375,0.8272340425531916,0.8236316246741964,0.6472507348534143,244,"all","DT#244","DT",244
496,521,55,79,0.9045138888888888,0.9001814882032668,0.9045138888888888,0.9045138888888888,0.8860544217687075,0.8835794960903562,0.7671503798446805,244,"all","RF#244","RF",244
536,252,324,39,0.9321739130434783,0.865979381443299,0.9321739130434783,0.9321739130434783,0.7470383275261324,0.684622067767159,0.3695149279069241,244,"all","NB#244","NB",244
483,518,58,92,0.8993055555555556,0.8927911275415896,0.8993055555555556,0.8993055555555556,0.8735244519392917,0.8696785403996524,0.7393435049504352,244,"all","MLP#244","MLP",244
480,469,107,95,0.8347826086956521,0.8315602836879432,0.8347826086956521,0.8347826086956521,0.8261617900172118,0.8245004344048653,0.6490069624342554,245,"all","DT#245","DT",245
493,518,58,82,0.8993055555555556,0.8947368421052632,0.8993055555555556,0.8993055555555556,0.8809523809523809,0.8783666377063423,0.756724277449666,245,"all","RF#245","RF",245
329,550,26,246,0.9548611111111112,0.9267605633802817,0.9548611111111112,0.9548611111111112,0.8017492711370262,0.7636837532580365,0.5272101241354316,245,"all","NB#245","NB",245
482,515,61,93,0.8940972222222222,0.8876611418047882,0.8940972222222222,0.8940972222222222,0.8699324324324323,0.8662033014769766,0.7323934731146432,245,"all","MLP#245","MLP",245
470,458,118,105,0.8173913043478261,0.8134991119005328,0.8173913043478261,0.8173913043478261,0.8082545141874462,0.8062554300608167,0.6125181721977075,246,"all","DT#246","DT",246
490,511,65,85,0.8871527777777778,0.8828828828828829,0.8871527777777778,0.8871527777777778,0.8720136518771331,0.8696785403996524,0.7393490141610555,246,"all","RF#246","RF",246
401,516,60,174,0.8958333333333334,0.8698481561822126,0.8958333333333334,0.8958333333333334,0.8151658767772512,0.7966985230234579,0.5933267500747412,246,"all","NB#246","NB",246
485,494,82,90,0.8576388888888888,0.855379188712522,0.8576388888888888,0.8576388888888888,0.8517241379310346,0.8505647263249348,0.701125617459148,246,"all","MLP#246","MLP",246
449,467,109,126,0.8107638888888888,0.8046594982078853,0.8107638888888888,0.8107638888888888,0.798973481608212,0.7958297132927888,0.5916486383255608,247,"all","DT#247","DT",247
501,518,58,74,0.8993055555555556,0.8962432915921288,0.8993055555555556,0.8993055555555556,0.886986301369863,0.8853171155516942,0.7706285175970435,247,"all","RF#247","RF",247
507,369,207,68,0.8817391304347826,0.8443935926773455,0.8817391304347826,0.8817391304347826,0.786656322730799,0.7610773240660296,0.5222545389780829,247,"all","NB#247","NB",247
487,498,78,88,0.8645833333333334,0.8619469026548673,0.8645833333333334,0.8645833333333334,0.8571428571428571,0.8557775847089487,0.7115505970802699,247,"all","MLP#247","MLP",247
457,467,109,118,0.8107638888888888,0.8074204946996466,0.8107638888888888,0.8107638888888888,0.8044788975021534,0.8027801911381407,0.6055547252302642,248,"all","DT#248","DT",248
526,520,56,49,0.9147826086956522,0.9138840070298769,0.9147826086956522,0.9147826086956522,0.909248055315471,0.9087749782797567,0.8175517468867327,248,"all","RF#248","RF",248
521,353,223,54,0.9060869565217391,0.8673218673218673,0.9060869565217391,0.9060869565217391,0.7899924184988627,0.7593397046046916,0.5188018153580986,248,"all","NB#248","NB",248
488,525,51,87,0.9114583333333334,0.9053803339517625,0.9114583333333334,0.9114583333333334,0.8838383838383839,0.8801042571676803,0.7601953004692283,248,"all","MLP#248","MLP",248
455,470,106,120,0.8159722222222222,0.8110516934046346,0.8159722222222222,0.8159722222222222,0.8061749571183533,0.8036490008688097,0.6072894052712468,249,"all","DT#249","DT",249
499,521,55,76,0.9045138888888888,0.9007220216606499,0.9045138888888888,0.9045138888888888,0.8883205456095481,0.8861859252823632,0.7723644620375948,249,"all","RF#249","RF",249
413,488,88,162,0.8472222222222222,0.8243512974051896,0.8472222222222222,0.8472222222222222,0.7960848287112562,0.7827975673327541,0.5655462717755303,249,"all","NB#249","NB",249
459,512,64,116,0.8888888888888888,0.8776290630975143,0.8888888888888888,0.8888888888888888,0.8504983388704319,0.843614248479583,0.6872037056049086,249,"all","MLP#249","MLP",249
469,473,103,106,0.8211805555555556,0.8199300699300699,0.8211805555555556,0.8211805555555556,0.819047619047619,0.8184187662901824,0.6368356136878639,250,"all","DT#250","DT",250
492,521,55,83,0.9045138888888888,0.8994515539305301,0.9045138888888888,0.9045138888888888,0.8830508474576272,0.8801042571676803,0.7601981967836804,250,"all","RF#250","RF",250
466,423,153,109,0.8104347826086956,0.7951127819548872,0.8104347826086956,0.8104347826086956,0.780569514237856,0.7723718505647263,0.5447735959567904,250,"all","NB#250","NB",250
462,513,63,113,0.890625,0.88,0.890625,0.890625,0.8535773710482529,0.8470894874022589,0.694155657884804,250,"all","MLP#250","MLP",250
452,459,117,123,0.796875,0.7943760984182777,0.796875,0.796875,0.7927461139896373,0.7914856646394439,0.5829672370220744,251,"all","DT#251","DT",251
486,519,57,89,0.9010416666666666,0.8950276243093923,0.9010416666666666,0.9010416666666666,0.8766891891891891,0.8731537793223284,0.7462951108749215,251,"all","RF#251","RF",251
213,557,19,362,0.9670138888888888,0.9181034482758621,0.9670138888888888,0.9670138888888888,0.7451505016722407,0.6689834926151172,0.3376234976746714,251,"all","NB#251","NB",251
480,492,84,95,0.8541666666666666,0.851063829787234,0.8541666666666666,0.8541666666666666,0.8460877042132415,0.8444830582102519,0.6889607164370182,251,"all","MLP#251","MLP",251
457,451,125,118,0.7947826086956522,0.7926186291739895,0.7947826086956522,0.7947826086956522,0.7899740708729474,0.788879235447437,0.5777626142235814,252,"all","DT#252","DT",252
501,523,53,74,0.9079861111111112,0.9043321299638989,0.9079861111111112,0.9079861111111112,0.8917306052855926,0.889661164205039,0.7793151654868284,252,"all","RF#252","RF",252
541,241,335,34,0.9408695652173913,0.8763636363636363,0.9408695652173913,0.9408695652173913,0.7456926257753272,0.6794092093831451,0.3591091608432762,252,"all","NB#252","NB",252
471,503,73,104,0.8732638888888888,0.8658088235294118,0.8732638888888888,0.8732638888888888,0.8503803888419272,0.8462206776715899,0.6924267289079049,252,"all","MLP#252","MLP",252
460,458,118,115,0.8,0.7993019197207679,0.8,0.8,0.797918473547268,0.7975673327541268,0.5951361935256937,253,"all","DT#253","DT",253
497,518,58,78,0.8993055555555556,0.8954954954954955,0.8993055555555556,0.8993055555555556,0.8839590443686007,0.8818418766290183,0.7636764395060237,253,"all","RF#253","RF",253
489,438,138,86,0.8504347826086956,0.8358778625954199,0.8504347826086956,0.8504347826086956,0.8136439267886856,0.8053866203301477,0.6108034997252633,253,"all","NB#253","NB",253
491,498,78,84,0.8645833333333334,0.8629173989455184,0.8645833333333334,0.8645833333333334,0.8601036269430052,0.8592528236316247,0.7185028849899003,253,"all","MLP#253","MLP",253
466,463,113,109,0.8104347826086956,0.8094405594405595,0.8104347826086956,0.8104347826086956,0.807625649913345,0.8071242397914856,0.6142505178108827,254,"all","DT#254","DT",254
505,518,58,70,0.8993055555555556,0.8969804618117229,0.8993055555555556,0.8993055555555556,0.8900343642611683,0.8887923544743701,0.7775805117242461,254,"all","RF#254","RF",254
363,533,43,212,0.9253472222222222,0.8940886699507389,0.9253472222222222,0.9253472222222222,0.8069644208932627,0.7784535186794093,0.5567936263932073,254,"all","NB#254","NB",254
494,506,70,81,0.8784722222222222,0.875886524822695,0.8784722222222222,0.8784722222222222,0.8701633705932932,0.8688097306689835,0.7376149060446354,254,"all","MLP#254","MLP",254
472,471,105,103,0.8208695652173913,0.8205574912891986,0.8208695652173913,0.8208695652173913,0.8194444444444444,0.8192875760208514,0.6385759704831809,255,"all","DT#255","DT",255
488,518,58,87,0.8993055555555556,0.8937728937728938,0.8993055555555556,0.8993055555555556,0.8772226926333615,0.8740225890529973,0.7480339568006449,255,"all","RF#255","RF",255
514,343,233,61,0.8939130434782608,0.849009900990099,0.8939130434782608,0.8939130434782608,0.7776096822995461,0.7445699391833188,0.48927210929529164,255,"all","NB#255","NB",255
479,520,56,96,0.9027777777777778,0.8953271028037383,0.9027777777777778,0.9027777777777778,0.87248322147651,0.8679409209383145,0.7358656923727279,255,"all","MLP#255","MLP",255
474,474,102,101,0.8243478260869566,0.8243478260869566,0.8243478260869566,0.8243478260869566,0.8236316246741965,0.8236316246741964,0.6472635156045962,256,"all","DT#256","DT",256
501,520,56,74,0.9027777777777778,0.8994614003590664,0.9027777777777778,0.9027777777777778,0.888888888888889,0.8870547350130321,0.7741031610158488,256,"all","RF#256","RF",256
420,498,78,155,0.8645833333333334,0.8433734939759037,0.8645833333333334,0.8645833333333334,0.8104149715215622,0.7975673327541268,0.595087291246114,256,"all","NB#256","NB",256
478,504,72,97,0.875,0.8690909090909091,0.875,0.875,0.8564146134239592,0.8531711555169418,0.7063310058501604,256,"all","MLP#256","MLP",256
482,479,97,93,0.8382608695652174,0.8374125874125874,0.8382608695652174,0.8382608695652174,0.8353552859618717,0.8349261511728931,0.6698540467750799,257,"all","DT#257","DT",257
505,516,60,70,0.8958333333333334,0.8938053097345132,0.8958333333333334,0.8958333333333334,0.8881239242685026,0.8870547350130321,0.7741058892797295,257,"all","RF#257","RF",257
436,492,84,139,0.8541666666666666,0.8384615384615385,0.8541666666666666,0.8541666666666666,0.815244407622204,0.8062554300608167,0.6124783911707645,257,"all","NB#257","NB",257
494,514,62,81,0.8923611111111112,0.8884892086330936,0.8923611111111112,0.8923611111111112,0.8778821520068317,0.8757602085143353,0.751513101976053,257,"all","MLP#257","MLP",257
473,469,107,102,0.8226086956521739,0.8213660245183888,0.8226086956521739,0.8226086956521739,0.819047619047619,0.8184187662901824,0.6368399996980698,258,"all","DT#258","DT",258
505,522,54,70,0.90625,0.9033989266547406,0.90625,0.90625,0.8938356164383562,0.8922675933970461,0.784529819560859,258,"all","RF#258","RF",258
541,225,351,34,0.9408695652173913,0.8687258687258688,0.9408695652173913,0.9408695652173913,0.7375596455351057,0.6655082536924414,0.3313360001327867,258,"all","NB#258","NB",258
487,517,59,88,0.8975694444444444,0.891941391941392,0.8975694444444444,0.8975694444444444,0.8755292125317526,0.8722849695916595,0.7445585631013436,258,"all","MLP#258","MLP",258
458,457,119,117,0.7965217391304348,0.7961672473867596,0.7965217391304348,0.7965217391304348,0.7951388888888887,0.7949609035621199,0.5899227357405321,259,"all","DT#259","DT",259
493,514,62,82,0.8923611111111112,0.8882882882882883,0.8923611111111112,0.8923611111111112,0.8771331058020477,0.8748913987836664,0.7497750535946134,259,"all","RF#259","RF",259
525,294,282,50,0.9130434782608695,0.8546511627906976,0.9130434782608695,0.9130434782608695,0.7597684515195368,0.7115551694178974,0.4233118835190572,259,"all","NB#259","NB",259
471,509,67,104,0.8836805555555556,0.8754646840148699,0.8836805555555556,0.8836805555555556,0.8561816652649286,0.8514335360556038,0.7028502497875032,259,"all","MLP#259","MLP",259
486,472,104,89,0.8452173913043478,0.8413547237076648,0.8452173913043478,0.8452173913043478,0.8343347639484979,0.8323197219808862,0.6646467848705117,260,"all","DT#260","DT",260
490,516,60,85,0.8958333333333334,0.8909090909090909,0.8958333333333334,0.8958333333333334,0.8768054375531011,0.8740225890529973,0.7480354783921493,260,"all","RF#260","RF",260
427,487,89,148,0.8454861111111112,0.8275193798449613,0.8454861111111112,0.8454861111111112,0.8042939719240297,0.794092093831451,0.5881471930621841,260,"all","NB#260","NB",260
478,504,72,97,0.875,0.8690909090909091,0.875,0.875,0.8564146134239592,0.8531711555169418,0.7063310058501604,260,"all","MLP#260","MLP",260
476,449,127,99,0.8278260869565217,0.8193430656934306,0.8278260869565217,0.8278260869565217,0.8081494057724956,0.8036490008688097,0.6073143043470385,261,"all","DT#261","DT",261
506,510,66,69,0.8854166666666666,0.8846153846153846,0.8854166666666666,0.8854166666666666,0.8831168831168831,0.8827106863596872,0.7654201332433571,261,"all","RF#261","RF",261
465,465,111,110,0.808695652173913,0.808695652173913,0.808695652173913,0.808695652173913,0.8079930495221546,0.8079930495221547,0.6159863889094371,261,"all","NB#261","NB",261
480,494,82,95,0.8576388888888888,0.8540925266903915,0.8576388888888888,0.8576388888888888,0.848068669527897,0.8462206776715899,0.6924350870412614,261,"all","MLP#261","MLP",261
466,466,110,109,0.8104347826086956,0.8104347826086956,0.8104347826086956,0.8104347826086956,0.8097306689834926,0.8097306689834927,0.6194616252088994,262,"all","DT#262","DT",262
507,520,56,68,0.9027777777777778,0.9005328596802842,0.9027777777777778,0.9027777777777778,0.8934707903780069,0.8922675933970461,0.7845311207328636,262,"all","RF#262","RF",262
544,209,367,31,0.9460869565217391,0.8708333333333333,0.9460869565217391,0.9460869565217391,0.7321668909825033,0.6542137271937446,0.3087775524492408,262,"all","NB#262","NB",262
485,513,63,90,0.890625,0.885036496350365,0.890625,0.890625,0.8702290076335878,0.8670721112076455,0.7341331847765533,262,"all","MLP#262","MLP",262
459,482,94,116,0.8368055555555556,0.8300180831826401,0.8368055555555556,0.8368055555555556,0.8211243611584328,0.8175499565595135,0.6350875180033153,263,"all","DT#263","DT",263
481,527,49,94,0.9149305555555556,0.9075471698113208,0.9149305555555556,0.9149305555555556,0.8805346700083543,0.8757602085143353,0.7515033479025598,263,"all","RF#263","RF",263
508,311,265,67,0.8834782608695653,0.8227513227513228,0.8834782608695653,0.8834782608695653,0.7537091988130564,0.7115551694178974,0.42328229182702026,263,"all","NB#263","NB",263
467,509,67,108,0.8836805555555556,0.8745318352059925,0.8836805555555556,0.8836805555555556,0.8533109807208717,0.8479582971329279,0.6958975419674225,263,"all","MLP#263","MLP",263
466,479,97,109,0.8315972222222222,0.827708703374778,0.8315972222222222,0.8315972222222222,0.8230240549828178,0.8210251954821894,0.6420436360562087,264,"all","DT#264","DT",264
496,529,47,79,0.9184027777777778,0.9134438305709024,0.9184027777777778,0.9184027777777778,0.8935810810810811,0.8905299739357081,0.7810492052756172,264,"all","RF#264","RF",264
508,376,200,67,0.8834782608695653,0.8487584650112867,0.8834782608695653,0.8834782608695653,0.7918939984411536,0.7680278019113814,0.5361483880802919,264,"all","NB#264","NB",264
460,528,48,115,0.9166666666666666,0.905511811023622,0.9166666666666666,0.9166666666666666,0.8662838392124693,0.8583840139009556,0.7167391629286174,264,"all","MLP#264","MLP",264
484,464,112,91,0.8417391304347827,0.836036036036036,0.8417391304347827,0.8417391304347827,0.8266438941076004,0.8236316246741964,0.6472741655231341,265,"all","DT#265","DT",265
496,516,60,79,0.8958333333333334,0.8920863309352518,0.8958333333333334,0.8958333333333334,0.8812980358667805,0.8792354474370113,0.7584637844382615,265,"all","RF#265","RF",265
514,287,289,61,0.8939130434782608,0.8247126436781609,0.8939130434782608,0.8939130434782608,0.7460087082728591,0.6959165942658557,0.3920419903777081,265,"all","NB#265","NB",265
476,485,91,99,0.8420138888888888,0.8395061728395061,0.8420138888888888,0.8420138888888888,0.8362068965517241,0.8349261511728931,0.6698480657978961,265,"all","MLP#265","MLP",265
476,461,115,99,0.8278260869565217,0.8232142857142857,0.8278260869565217,0.8278260869565217,0.8164665523156088,0.8140747176368376,0.6281581362769016,266,"all","DT#266","DT",266
505,520,56,70,0.9027777777777778,0.9001782531194296,0.9027777777777778,0.9027777777777778,0.8919382504288165,0.8905299739357081,0.781055155151226,266,"all","RF#266","RF",266
485,425,151,90,0.8434782608695652,0.8252427184466019,0.8434782608695652,0.8434782608695652,0.800990916597853,0.790616854908775,0.5812719541225824,266,"all","NB#266","NB",266
490,507,69,85,0.8802083333333334,0.8765652951699463,0.8802083333333334,0.8802083333333334,0.8681506849315068,0.8662033014769766,0.7323999371965506,266,"all","MLP#266","MLP",266
479,458,118,96,0.8330434782608696,0.8267148014440433,0.8330434782608696,0.8330434782608696,0.8174061433447098,0.8140747176368376,0.6281615042978647,267,"all","DT#267","DT",267
497,513,63,78,0.890625,0.8875,0.890625,0.890625,0.8791773778920309,0.8774978279756733,0.7549899227790484,267,"all","RF#267","RF",267
488,428,148,87,0.8486956521739131,0.8310679611650486,0.8486956521739131,0.8486956521739131,0.8059454995871181,0.7958297132927888,0.5916967187502358,267,"all","NB#267","NB",267
497,502,74,78,0.8715277777777778,0.8704028021015762,0.8715277777777778,0.8715277777777778,0.8685121107266436,0.8679409209383145,0.7358800475848285,267,"all","MLP#267","MLP",267
459,473,103,116,0.8211805555555556,0.8167259786476868,0.8211805555555556,0.8211805555555556,0.8120171673819743,0.8097306689834927,0.6194535822713914,268,"all","DT#268","DT",268
496,522,54,79,0.90625,0.9018181818181819,0.90625,0.90625,0.887000849617672,0.8844483058210252,0.768887714663144,268,"all","RF#268","RF",268
521,325,251,54,0.9060869565217391,0.8575197889182058,0.9060869565217391,0.9060869565217391,0.7735708982925018,0.73501303214596,0.47018323354920116,268,"all","NB#268","NB",268
477,521,55,98,0.9045138888888888,0.8966165413533834,0.9045138888888888,0.9045138888888888,0.8719665271966527,0.8670721112076455,0.734126762455896,268,"all","MLP#268","MLP",268
463,462,114,112,0.8052173913043478,0.8048780487804879,0.8052173913043478,0.8052173913043478,0.8038194444444444,0.8036490008688097,0.6072988910057638,269,"all","DT#269","DT",269
494,521,55,81,0.9045138888888888,0.8998178506375227,0.9045138888888888,0.9045138888888888,0.8845500848896434,0.8818418766290183,0.7636742988100379,269,"all","RF#269","RF",269
431,505,71,144,0.8767361111111112,0.8585657370517928,0.8767361111111112,0.8767361111111112,0.8244897959183674,0.8132059079061685,0.626370357844388,269,"all","NB#269","NB",269
475,497,79,100,0.8628472222222222,0.8574007220216606,0.8628472222222222,0.8628472222222222,0.8473998294970161,0.8444830582102519,0.6889560206467897,269,"all","MLP#269","MLP",269
466,454,122,109,0.8104347826086956,0.8063943161634103,0.8104347826086956,0.8104347826086956,0.8013757523645744,0.7993049522154648,0.5986174788236343,270,"all","DT#270","DT",270
489,501,75,86,0.8697916666666666,0.8670212765957447,0.8697916666666666,0.8697916666666666,0.8615649183147033,0.8601216333622936,0.7202384097562007,270,"all","RF#270","RF",270
296,545,31,279,0.9461805555555556,0.9051987767584098,0.9461805555555556,0.9461805555555556,0.7785714285714287,0.7306689834926151,0.4611358117169471,270,"all","NB#270","NB",270
490,498,78,85,0.8645833333333334,0.8626760563380281,0.8645833333333334,0.8645833333333334,0.8593615185504746,0.8583840139009556,0.7167648208842786,270,"all","MLP#270","MLP",270
467,452,124,108,0.8121739130434783,0.8071428571428572,0.8121739130434783,0.8121739130434783,0.8010291595197255,0.7984361424847958,0.5968817178329024,271,"all","DT#271","DT",271
501,505,71,74,0.8767361111111112,0.8758741258741258,0.8767361111111112,0.8767361111111112,0.8744588744588745,0.8740225890529973,0.748043846816939,271,"all","RF#271","RF",271
500,425,151,75,0.8695652173913043,0.85,0.8695652173913043,0.8695652173913043,0.8156606851549756,0.8036490008688097,0.6073427565677852,271,"all","NB#271","NB",271
500,504,72,75,0.875,0.8741258741258742,0.875,0.875,0.8727272727272728,0.8722849695916595,0.7445685895316556,271,"all","MLP#271","MLP",271
464,461,115,111,0.8069565217391305,0.8059440559440559,0.8069565217391305,0.8069565217391305,0.804159445407279,0.8036490008688097,0.6073000766903581,272,"all","DT#272","DT",272
490,519,57,85,0.9010416666666666,0.8957952468007313,0.9010416666666666,0.9010416666666666,0.8796610169491526,0.8766290182450044,0.7532474198788597,272,"all","RF#272","RF",272
433,489,87,142,0.8489583333333334,0.8326923076923077,0.8489583333333334,0.8489583333333334,0.8102734051367025,0.8010425716768028,0.6020518007986775,272,"all","NB#272","NB",272
463,501,75,112,0.8697916666666666,0.8605947955390335,0.8697916666666666,0.8697916666666666,0.8427249789739276,0.8375325803649001,0.6750467643875036,272,"all","MLP#272","MLP",272
455,449,127,120,0.7913043478260869,0.789103690685413,0.7913043478260869,0.7913043478260869,0.7865168539325842,0.7854039965247611,0.5708122045811713,273,"all","DT#273","DT",273
499,515,61,76,0.8940972222222222,0.8910714285714286,0.8940972222222222,0.8940972222222222,0.882604970008569,0.8809730668983493,0.7619405632675862,273,"all","RF#273","RF",273
282,544,32,293,0.9444444444444444,0.8980891719745223,0.9444444444444444,0.9444444444444444,0.769992922859165,0.7176368375325803,0.43505064646547015,273,"all","NB#273","NB",273
471,495,81,104,0.859375,0.8532608695652174,0.859375,0.859375,0.8425531914893617,0.8392701998262381,0.6785289948171509,273,"all","MLP#273","MLP",273
466,470,106,109,0.8159722222222222,0.8146853146853147,0.8159722222222222,0.8159722222222222,0.8138528138528139,0.8132059079061685,0.6264098418320132,274,"all","DT#274","DT",274
505,520,56,70,0.9027777777777778,0.9001782531194296,0.9027777777777778,0.9027777777777778,0.8919382504288165,0.8905299739357081,0.781055155151226,274,"all","RF#274","RF",274
508,364,212,67,0.8834782608695653,0.8445475638051044,0.8834782608695653,0.8834782608695653,0.7845559845559845,0.7576020851433536,0.5153099034782542,274,"all","NB#274","NB",274
476,513,63,99,0.890625,0.8831168831168831,0.890625,0.890625,0.8636363636363636,0.8592528236316247,0.7184901353334421,274,"all","MLP#274","MLP",274
493,452,124,82,0.8573913043478261,0.846441947565543,0.8573913043478261,0.8573913043478261,0.8271812080536912,0.8210251954821894,0.6420728154313888,275,"all","DT#275","DT",275
520,513,63,55,0.9043478260869565,0.903169014084507,0.9043478260869565,0.9043478260869565,0.8981001727115716,0.89748045178106,0.7949632250818227,275,"all","RF#275","RF",275
428,507,69,147,0.8802083333333334,0.8611670020120724,0.8802083333333334,0.8802083333333334,0.824390243902439,0.8123370981754996,0.6246297118320093,275,"all","NB#275","NB",275
500,496,80,75,0.8695652173913043,0.8686514886164624,0.8695652173913043,0.8695652173913043,0.8658008658008657,0.8653344917463076,0.7306708131732098,275,"all","MLP#275","MLP",275
454,469,107,121,0.8142361111111112,0.8092691622103387,0.8142361111111112,0.8142361111111112,0.8044596912521441,0.8019113814074718,0.6038140902736471,276,"all","DT#276","DT",276
484,514,62,91,0.8923611111111112,0.8864468864468864,0.8923611111111112,0.8923611111111112,0.8704487722269263,0.8670721112076455,0.7341323820034391,276,"all","RF#276","RF",276
473,424,152,102,0.8226086956521739,0.8060836501901141,0.8226086956521739,0.8226086956521739,0.7883333333333333,0.7793223284100782,0.5586776360480036,276,"all","NB#276","NB",276
478,494,82,97,0.8576388888888888,0.8535714285714285,0.8576388888888888,0.8576388888888888,0.8466152527849186,0.8444830582102519,0.6889588381379409,276,"all","MLP#276","MLP",276
474,446,130,101,0.8243478260869566,0.8153564899451554,0.8243478260869566,0.8243478260869566,0.8040712468193384,0.7993049522154648,0.5986271736291738,277,"all","DT#277","DT",277
503,505,71,72,0.8767361111111112,0.8763066202090593,0.8767361111111112,0.8767361111111112,0.8759757155247182,0.8757602085143353,0.7515198543476062,277,"all","RF#277","RF",277
329,537,39,246,0.9322916666666666,0.8940217391304348,0.9322916666666666,0.9322916666666666,0.7902869757174393,0.7523892267593397,0.5046232744834209,277,"all","NB#277","NB",277
478,492,84,97,0.8541666666666666,0.8505338078291815,0.8541666666666666,0.8541666666666666,0.8446351931330471,0.8427454387489139,0.6854844675393689,277,"all","MLP#277","MLP",277
463,477,99,112,0.828125,0.8238434163701067,0.828125,0.828125,0.8188841201716738,0.8166811468288445,0.6333548212751761,278,"all","DT#278","DT",278
504,509,67,71,0.8836805555555556,0.882661996497373,0.8836805555555556,0.8836805555555556,0.8806228373702424,0.8801042571676803,0.7602068853072784,278,"all","RF#278","RF",278
518,361,215,57,0.9008695652173913,0.8636363636363636,0.9008695652173913,0.9008695652173913,0.7920489296636086,0.7636837532580365,0.5274798583671165,278,"all","NB#278","NB",278
490,492,84,85,0.8541666666666666,0.8536585365853658,0.8541666666666666,0.8541666666666666,0.8534258456201214,0.8531711555169418,0.706341646047171,278,"all","MLP#278","MLP",278
480,463,113,95,0.8347826086956521,0.8297491039426523,0.8347826086956521,0.8347826086956521,0.821917808219178,0.8192875760208514,0.6385847002949798,279,"all","DT#279","DT",279
501,518,58,74,0.8993055555555556,0.8962432915921288,0.8993055555555556,0.8993055555555556,0.886986301369863,0.8853171155516942,0.7706285175970435,279,"all","RF#279","RF",279
481,445,131,94,0.8365217391304348,0.8256029684601113,0.8365217391304348,0.8365217391304348,0.8104465037910699,0.8045178105994787,0.6090571631717431,279,"all","NB#279","NB",279
497,512,64,78,0.8888888888888888,0.8859180035650623,0.8888888888888888,0.8888888888888888,0.8782161234991424,0.8766290182450044,0.7532526351704294,279,"all","MLP#279","MLP",279
466,443,133,109,0.8104347826086956,0.802536231884058,0.8104347826086956,0.8104347826086956,0.7938671209540035,0.789748045178106,0.5795110080552639,280,"all","DT#280","DT",280
507,514,62,68,0.8923611111111112,0.8910369068541301,0.8923611111111112,0.8923611111111112,0.8877374784110535,0.8870547350130321,0.774107253386957,280,"all","RF#280","RF",280
227,560,16,348,0.9722222222222222,0.934156378600823,0.9722222222222222,0.9722222222222222,0.7547169811320755,0.68375325803649,0.36718886881710033,280,"all","NB#280","NB",280
479,498,78,96,0.8645833333333334,0.8599640933572711,0.8645833333333334,0.8645833333333334,0.8512820512820513,0.8488271068635969,0.6976457693596746,280,"all","MLP#280","MLP",280
467,466,110,108,0.8121739130434783,0.8118466898954704,0.8121739130434783,0.8121739130434783,0.810763888888889,0.8105994787141616,0.6211998152179492,281,"all","DT#281","DT",281
515,520,56,60,0.9027777777777778,0.9019264448336253,0.9027777777777778,0.9027777777777778,0.8996539792387545,0.8992180712423979,0.7984347731568427,281,"all","RF#281","RF",281
520,346,230,55,0.9043478260869565,0.8628428927680798,0.9043478260869565,0.9043478260869565,0.7849056603773584,0.7523892267593397,0.5049088782401994,281,"all","NB#281","NB",281
490,512,64,85,0.8888888888888888,0.8844765342960289,0.8888888888888888,0.8888888888888888,0.8729752770673487,0.8705473501303215,0.741086296516043,281,"all","MLP#281","MLP",281
461,485,91,114,0.8420138888888888,0.8351449275362319,0.8420138888888888,0.8420138888888888,0.825531914893617,0.8218940052128584,0.6437753726352212,282,"all","DT#282","DT",282
501,523,53,74,0.9079861111111112,0.9043321299638989,0.9079861111111112,0.9079861111111112,0.8917306052855926,0.889661164205039,0.7793151654868284,282,"all","RF#282","RF",282
494,448,128,81,0.8591304347826086,0.8468809073724007,0.8591304347826086,0.8591304347826086,0.8253968253968254,0.8184187662901824,0.6368630245136592,282,"all","NB#282","NB",282
473,519,57,102,0.9010416666666666,0.8924528301886793,0.9010416666666666,0.9010416666666666,0.8671679197994987,0.8618592528236316,0.7236995266888603,282,"all","MLP#282","MLP",282
473,468,108,102,0.8226086956521739,0.8210526315789474,0.8226086956521739,0.8226086956521739,0.8183391003460206,0.8175499565595135,0.6351029429081259,283,"all","DT#283","DT",283
496,518,58,79,0.8993055555555556,0.8953068592057761,0.8993055555555556,0.8993055555555556,0.8832054560954816,0.8809730668983493,0.7619384068637443,283,"all","RF#283","RF",283
523,289,287,52,0.9095652173913044,0.8475073313782991,0.9095652173913044,0.9095652173913044,0.7552346570397113,0.7054735013032146,0.41115546266043906,283,"all","NB#283","NB",283
475,510,66,100,0.8854166666666666,0.878003696857671,0.8854166666666666,0.8854166666666666,0.8600337268128161,0.8557775847089487,0.7115401454784817,283,"all","MLP#283","MLP",283
463,467,109,112,0.8107638888888888,0.8094405594405595,0.8107638888888888,0.8107638888888888,0.8086580086580086,0.8079930495221547,0.6159840699761625,284,"all","DT#284","DT",284
516,513,63,59,0.8973913043478261,0.8968531468531469,0.8973913043478261,0.8973913043478261,0.8942807625649913,0.894005212858384,0.7880115458239986,284,"all","RF#284","RF",284
485,451,125,90,0.8434782608695652,0.833641404805915,0.8434782608695652,0.8434782608695652,0.818565400843882,0.8132059079061685,0.6264312725022078,284,"all","NB#284","NB",284
480,516,60,95,0.8958333333333334,0.8888888888888888,0.8958333333333334,0.8958333333333334,0.869418702611626,0.8653344917463076,0.7306545484740288,284,"all","MLP#284","MLP",284
467,466,110,108,0.8121739130434783,0.8118466898954704,0.8121739130434783,0.8121739130434783,0.810763888888889,0.8105994787141616,0.6211998152179492,285,"all","DT#285","DT",285
504,524,52,71,0.9097222222222222,0.9064748201438849,0.9097222222222222,0.9097222222222222,0.8949615713065755,0.893136403127715,0.7862665142870946,285,"all","RF#285","RF",285
531,266,310,44,0.9234782608695652,0.8580645161290322,0.9234782608695652,0.9234782608695652,0.7500000000000001,0.6924413553431799,0.3851291600896983,285,"all","NB#285","NB",285
485,509,67,90,0.8836805555555556,0.8786231884057971,0.8836805555555556,0.8836805555555556,0.8663829787234043,0.8635968722849696,0.7271840658718525,285,"all","MLP#285","MLP",285
470,475,101,105,0.8246527777777778,0.8231173380035026,0.8246527777777778,0.8246527777777778,0.8217993079584774,0.8210251954821894,0.642047959226807,286,"all","DT#286","DT",286
502,513,63,73,0.890625,0.8884955752212389,0.890625,0.890625,0.882960413080895,0.8818418766290183,0.7636800072464862,286,"all","RF#286","RF",286
510,376,200,65,0.8869565217391304,0.8526077097505669,0.8869565217391304,0.8869565217391304,0.7937743190661479,0.7697654213727194,0.5396243217339461,286,"all","NB#286","NB",286
489,525,51,86,0.9114583333333334,0.9055555555555556,0.9114583333333334,0.9114583333333334,0.8845829823083403,0.8809730668983493,0.7619333751028512,286,"all","MLP#286","MLP",286
464,452,124,111,0.8069565217391305,0.8028419182948491,0.8069565217391305,0.8069565217391305,0.7979363714531383,0.7958297132927888,0.5916671321365975,287,"all","DT#287","DT",287
509,512,64,66,0.8888888888888888,0.8883071553228621,0.8888888888888888,0.8888888888888888,0.8873483535528597,0.8870547350130321,0.7741086174777098,287,"all","RF#287","RF",287
538,200,376,37,0.9356521739130435,0.8438818565400844,0.9356521739130435,0.9356521739130435,0.722632639355272,0.6411815812337098,0.28272970203956604,287,"all","NB#287","NB",287
487,511,65,88,0.8871527777777778,0.8822463768115942,0.8871527777777778,0.8871527777777778,0.8697872340425533,0.8670721112076455,0.7341347903082382,287,"all","MLP#287","MLP",287
487,453,123,88,0.8469565217391304,0.8373382624768947,0.8469565217391304,0.8469565217391304,0.8219409282700421,0.8166811468288445,0.6333813883626318,288,"all","DT#288","DT",288
502,523,53,73,0.9079861111111112,0.9045045045045045,0.9079861111111112,0.9079861111111112,0.8924914675767919,0.8905299739357081,0.7810531718952867,288,"all","RF#288","RF",288
307,547,29,268,0.9496527777777778,0.9136904761904762,0.9496527777777778,0.9496527777777778,0.7864845434938893,0.7419635099913119,0.48374035921777325,288,"all","NB#288","NB",288
474,503,73,101,0.8732638888888888,0.8665447897623401,0.8732638888888888,0.8732638888888888,0.852542372881356,0.8488271068635969,0.6976412046402928,288,"all","MLP#288","MLP",288
485,462,114,90,0.8434782608695652,0.8369565217391305,0.8434782608695652,0.8434782608695652,0.8262350936967633,0.8227628149435273,0.6455382051374949,289,"all","DT#289","DT",289
488,514,62,87,0.8923611111111112,0.8872727272727273,0.8923611111111112,0.8923611111111112,0.8734069668649108,0.8705473501303215,0.7410847329684846,289,"all","RF#289","RF",289
491,432,144,84,0.8539130434782609,0.8372093023255814,0.8539130434782609,0.8539130434782609,0.8115702479338843,0.8019113814074718,0.6038583461642967,289,"all","NB#289","NB",289
493,491,85,82,0.8573913043478261,0.8568935427574171,0.8573913043478261,0.8573913043478261,0.8551604509973981,0.8549087749782798,0.7098186451450251,289,"all","MLP#289","MLP",289
474,468,108,101,0.8243478260869566,0.8224956063268892,0.8243478260869566,0.8243478260869566,0.8193604148660328,0.8184187662901824,0.6368410961840679,290,"all","DT#290","DT",290
504,529,47,71,0.9184027777777778,0.9147005444646098,0.9184027777777778,0.9184027777777778,0.8996598639455783,0.89748045178106,0.7949533195647186,290,"all","RF#290","RF",290
440,494,82,135,0.8576388888888888,0.842911877394636,0.8576388888888888,0.8576388888888888,0.8199170124481326,0.8114682884448305,0.6229061202058739,290,"all","NB#290","NB",290
465,501,75,110,0.8697916666666666,0.8611111111111112,0.8697916666666666,0.8697916666666666,0.8441449031171018,0.8392701998262381,0.6785231707593246,290,"all","MLP#290","MLP",290
484,466,110,91,0.8417391304347827,0.8366247755834829,0.8417391304347827,0.8417391304347827,0.8280581693755347,0.8253692441355344,0.6507482424266213,291,"all","DT#291","DT",291
509,524,52,66,0.9097222222222222,0.9073083778966132,0.9097222222222222,0.9097222222222222,0.8987993138936535,0.89748045178106,0.7949564151416244,291,"all","RF#291","RF",291
450,498,78,125,0.8645833333333334,0.8522727272727273,0.8645833333333334,0.8645833333333334,0.8306922435362802,0.8236316246741964,0.6472379531760255,291,"all","NB#291","NB",291
494,509,67,81,0.8836805555555556,0.8805704099821747,0.8836805555555556,0.8836805555555556,0.8730703259005146,0.8714161598609904,0.7428266901776305,291,"all","MLP#291","MLP",291
475,464,112,100,0.8260869565217391,0.8226950354609929,0.8260869565217391,0.8260869565217391,0.8175559380378657,0.8158123370981755,0.6316310694854561,292,"all","DT#292","DT",292
500,522,54,75,0.90625,0.9025270758122743,0.90625,0.90625,0.8900255754475703,0.8879235447437012,0.7758398137622117,292,"all","RF#292","RF",292
527,302,274,48,0.9165217391304348,0.8628571428571429,0.9165217391304348,0.9165217391304348,0.7659883720930233,0.7202432667245873,0.44067694295122734,292,"all","NB#292","NB",292
478,513,63,97,0.890625,0.8835489833641405,0.890625,0.890625,0.8650927487352446,0.8609904430929627,0.7219664052804644,292,"all","MLP#292","MLP",292
462,478,98,113,0.8298611111111112,0.825,0.8298611111111112,0.8298611111111112,0.8191945158526135,0.8166811468288445,0.6333537142296399,293,"all","DT#293","DT",293
497,530,46,78,0.9201388888888888,0.9152854511970534,0.9201388888888888,0.9201388888888888,0.8952702702702703,0.8922675933970461,0.7845246147156868,293,"all","RF#293","RF",293
501,387,189,74,0.871304347826087,0.8394793926247288,0.871304347826087,0.871304347826087,0.7920948616600791,0.7715030408340573,0.5430850622250062,293,"all","NB#293","NB",293
479,520,56,96,0.9027777777777778,0.8953271028037383,0.9027777777777778,0.9027777777777778,0.87248322147651,0.8679409209383145,0.7358656923727279,293,"all","MLP#293","MLP",293
478,464,112,97,0.831304347826087,0.8270944741532977,0.831304347826087,0.831304347826087,0.8206008583690987,0.8184187662901824,0.6368454820618493,294,"all","DT#294","DT",294
496,523,53,79,0.9079861111111112,0.9034608378870674,0.9079861111111112,0.9079861111111112,0.8879456706281833,0.8853171155516942,0.7706250547273897,294,"all","RF#294","RF",294
409,499,77,166,0.8663194444444444,0.8415637860082305,0.8663194444444444,0.8663194444444444,0.8041901692183722,0.788879235447437,0.5777014121764549,294,"all","NB#294","NB",294
487,500,76,88,0.8680555555555556,0.8650088809946714,0.8680555555555556,0.8680555555555556,0.8591065292096219,0.8575152041702867,0.7150250306466904,294,"all","MLP#294","MLP",294
469,464,112,106,0.8156521739130435,0.8140350877192982,0.8156521739130435,0.8156521739130435,0.8114186851211074,0.8105994787141616,0.6212021026379592,295,"all","DT#295","DT",295
500,515,61,75,0.8940972222222222,0.8912655971479501,0.8940972222222222,0.8940972222222222,0.8833619210977701,0.8818418766290183,0.7636785801632281,295,"all","RF#295","RF",295
436,490,86,139,0.8506944444444444,0.8352490421455939,0.8506944444444444,0.8506944444444444,0.8132780082987553,0.8045178105994787,0.6090040416881181,295,"all","NB#295","NB",295
476,509,67,99,0.8836805555555556,0.8766114180478821,0.8836805555555556,0.8836805555555556,0.8597972972972973,0.8557775847089487,0.7115410164742257,295,"all","MLP#295","MLP",295
449,449,127,126,0.7808695652173913,0.7808695652173913,0.7808695652173913,0.7808695652173913,0.7801911381407473,0.7801911381407471,0.5603826081180433,296,"all","DT#296","DT",296
487,511,65,88,0.8871527777777778,0.8822463768115942,0.8871527777777778,0.8871527777777778,0.8697872340425533,0.8670721112076455,0.7341347903082382,296,"all","RF#296","RF",296
518,270,306,57,0.9008695652173913,0.8256880733944955,0.9008695652173913,0.9008695652173913,0.7405289492494639,0.684622067767159,0.3694806752896329,296,"all","NB#296","NB",296
478,491,85,97,0.8524305555555556,0.8490230905861457,0.8524305555555556,0.8524305555555556,0.8436426116838489,0.841876629018245,0.6837472901079126,296,"all","MLP#296","MLP",296
475,451,125,100,0.8260869565217391,0.8185117967332124,0.8260869565217391,0.8260869565217391,0.8085106382978724,0.8045178105994787,0.6090500811412612,297,"all","DT#297","DT",297
490,514,62,85,0.8923611111111112,0.8876811594202898,0.8923611111111112,0.8923611111111112,0.8748936170212765,0.8722849695916595,0.7445608769628173,297,"all","RF#297","RF",297
451,477,99,124,0.828125,0.82,0.828125,0.828125,0.81053525913339,0.8062554300608167,0.6124959426306851,297,"all","NB#297","NB",297
491,483,93,84,0.8539130434782609,0.8518518518518519,0.8539130434782609,0.8539130434782609,0.8472821397756687,0.8462206776715899,0.6924453019207166,297,"all","MLP#297","MLP",297
469,449,127,106,0.8156521739130435,0.809009009009009,0.8156521739130435,0.8156521739130435,0.8010247651579846,0.7975673327541268,0.5951471949107894,298,"all","DT#298","DT",298
504,514,62,71,0.8923611111111112,0.8904593639575972,0.8923611111111112,0.8923611111111112,0.8854435831180018,0.8844483058210252,0.7688932971613442,298,"all","RF#298","RF",298
472,447,129,103,0.8208695652173913,0.8127272727272727,0.8208695652173913,0.8208695652173913,0.8027210884353742,0.7984361424847958,0.5968878033168986,298,"all","NB#298","NB",298
481,516,60,94,0.8958333333333334,0.88909426987061,0.8958333333333334,0.8958333333333334,0.8701517706576728,0.8662033014769766,0.7323926650824469,298,"all","MLP#298","MLP",298
466,466,110,109,0.8104347826086956,0.8104347826086956,0.8104347826086956,0.8104347826086956,0.8097306689834926,0.8097306689834927,0.6194616252088994,299,"all","DT#299","DT",299
497,530,46,78,0.9201388888888888,0.9152854511970534,0.9201388888888888,0.9201388888888888,0.8952702702702703,0.8922675933970461,0.7845246147156868,299,"all","RF#299","RF",299
486,430,146,89,0.8452173913043478,0.8285163776493256,0.8452173913043478,0.8452173913043478,0.8053024026512013,0.7958297132927888,0.5916942533628596,299,"all","NB#299","NB",299
475,513,63,100,0.890625,0.8828996282527881,0.890625,0.890625,0.8629100084104289,0.8583840139009556,0.716751992487503,299,"all","MLP#299","MLP",299
474,460,116,101,0.8243478260869566,0.8199643493761141,0.8243478260869566,0.8243478260869566,0.8137339055793992,0.8114682884448305,0.6229448306575182,300,"all","DT#300","DT",300
512,508,68,63,0.8904347826086957,0.8896672504378283,0.8904347826086957,0.8904347826086957,0.8865800865800867,0.8861859252823632,0.7723733969399386,300,"all","RF#300","RF",300
485,457,119,90,0.8434782608695652,0.8354661791590493,0.8434782608695652,0.8434782608695652,0.8227311280746396,0.8184187662901824,0.636853157093062,300,"all","NB#300","NB",300
495,509,67,80,0.8836805555555556,0.8807829181494662,0.8836805555555556,0.8836805555555556,0.8738197424892704,0.8722849695916595,0.7445647333054545,300,"all","MLP#300","MLP",300
476,481,95,99,0.8350694444444444,0.8336252189141856,0.8350694444444444,0.8350694444444444,0.8321799307958477,0.8314509122502172,0.6628995344174783,301,"all","DT#301","DT",301
502,518,58,73,0.8993055555555556,0.8964285714285715,0.8993055555555556,0.8993055555555556,0.8877463581833761,0.8861859252823632,0.7723665240003925,301,"all","RF#301","RF",301
477,444,132,98,0.8295652173913044,0.8191881918819188,0.8295652173913044,0.8295652173913044,0.8057432432432433,0.8001737619461338,0.6003677347479144,301,"all","NB#301","NB",301
472,502,74,103,0.8715277777777778,0.8644688644688645,0.8715277777777778,0.8715277777777778,0.8501270110076207,0.8462206776715899,0.6924276576118218,301,"all","MLP#301","MLP",301
490,455,121,85,0.8521739130434782,0.8425925925925926,0.8521739130434782,0.8521739130434782,0.8263069139966274,0.8210251954821894,0.6420695735135169,302,"all","DT#302","DT",302
499,521,55,76,0.9045138888888888,0.9007220216606499,0.9045138888888888,0.9045138888888888,0.8883205456095481,0.8861859252823632,0.7723644620375948,302,"all","RF#302","RF",302
503,381,195,72,0.8747826086956522,0.8410596026490066,0.8747826086956522,0.8747826086956522,0.7902592301649647,0.7680278019113814,0.5361413867895907,302,"all","NB#302","NB",302
483,495,81,92,0.859375,0.8563829787234043,0.859375,0.859375,0.8512467755803956,0.8496959165942659,0.6993866142100791,302,"all","MLP#302","MLP",302
483,461,115,92,0.84,0.833634719710669,0.84,0.84,0.8235294117647058,0.8201563857515204,0.6403249887156696,303,"all","DT#303","DT",303
510,518,58,65,0.8993055555555556,0.897887323943662,0.8993055555555556,0.8993055555555556,0.8938740293356343,0.893136403127715,0.7862703863114495,303,"all","RF#303","RF",303
414,515,61,161,0.8940972222222222,0.871578947368421,0.8940972222222222,0.8940972222222222,0.8226837060702875,0.8071242397914856,0.6141899441340781,303,"all","NB#303","NB",303
492,517,59,83,0.8975694444444444,0.8929219600725953,0.8975694444444444,0.8975694444444444,0.8792517006802723,0.8766290182450044,0.7532489099846614,303,"all","MLP#303","MLP",303
475,475,101,100,0.8260869565217391,0.8260869565217391,0.8260869565217391,0.8260869565217391,0.8253692441355343,0.8253692441355344,0.6507387519040583,304,"all","DT#304","DT",304
491,521,55,84,0.9045138888888888,0.8992673992673993,0.9045138888888888,0.9045138888888888,0.882303132938188,0.8792354474370113,0.7584601378985494,304,"all","RF#304","RF",304
414,486,90,161,0.84375,0.8214285714285714,0.84375,0.84375,0.794766966475879,0.7819287576020851,0.563810432579579,304,"all","NB#304","NB",304
471,500,76,104,0.8680555555555556,0.8610603290676416,0.8680555555555556,0.8680555555555556,0.847457627118644,0.843614248479583,0.6872150392830615,304,"all","MLP#304","MLP",304
468,472,104,107,0.8194444444444444,0.8181818181818182,0.8194444444444444,0.8194444444444444,0.8173160173160173,0.8166811468288445,0.6333603564025805,305,"all","DT#305","DT",305
499,526,50,76,0.9131944444444444,0.9089253187613844,0.9131944444444444,0.9131944444444444,0.8930390492359932,0.8905299739357081,0.7810511886034175,305,"all","RF#305","RF",305
521,301,275,54,0.9060869565217391,0.847887323943662,0.9060869565217391,0.9060869565217391,0.7600291757840991,0.7141615986099045,0.42851343377285067,305,"all","NB#305","NB",305
481,507,69,94,0.8802083333333334,0.8745454545454545,0.8802083333333334,0.8802083333333334,0.8615123194562447,0.8583840139009556,0.7167571239856576,305,"all","MLP#305","MLP",305
466,473,103,109,0.8211805555555556,0.8189806678383128,0.8211805555555556,0.8211805555555556,0.8169257340241796,0.8158123370981755,0.6316210593694991,306,"all","DT#306","DT",306
487,517,59,88,0.8975694444444444,0.891941391941392,0.8975694444444444,0.8975694444444444,0.8755292125317526,0.8722849695916595,0.7445585631013436,306,"all","RF#306","RF",306
453,475,101,122,0.8246527777777778,0.8176895306859205,0.8246527777777778,0.8246527777777778,0.8098891730605285,0.8062554300608167,0.6124982827052186,306,"all","NB#306","NB",306
467,507,69,108,0.8802083333333334,0.871268656716418,0.8802083333333334,0.8802083333333334,0.8513853904282115,0.8462206776715899,0.6924230140361525,306,"all","MLP#306","MLP",306
472,450,126,103,0.8208695652173913,0.8137432188065099,0.8208695652173913,0.8208695652173913,0.8047740835464621,0.8010425716768028,0.6020986590139534,307,"all","DT#307","DT",307
512,508,68,63,0.8904347826086957,0.8896672504378283,0.8904347826086957,0.8904347826086957,0.8865800865800867,0.8861859252823632,0.7723733969399386,307,"all","RF#307","RF",307
510,390,186,65,0.8869565217391304,0.8571428571428571,0.8869565217391304,0.8869565217391304,0.8025177025963808,0.7819287576020851,0.5639368412472963,307,"all","NB#307","NB",307
485,513,63,90,0.890625,0.885036496350365,0.890625,0.890625,0.8702290076335878,0.8670721112076455,0.7341331847765533,307,"all","MLP#307","MLP",307
485,441,135,90,0.8434782608695652,0.8305084745762712,0.8434782608695652,0.8434782608695652,0.8117154811715481,0.8045178105994787,0.6090618843828545,308,"all","DT#308","DT",308
510,510,66,65,0.8869565217391304,0.8869565217391304,0.8869565217391304,0.8869565217391304,0.8861859252823632,0.8861859252823632,0.7723720223852321,308,"all","RF#308","RF",308
523,296,280,52,0.9095652173913044,0.8505747126436781,0.9095652173913044,0.9095652173913044,0.7590711175616837,0.7115551694178974,0.42330840230114025,308,"all","NB#308","NB",308
495,502,74,80,0.8715277777777778,0.8699472759226714,0.8715277777777778,0.8715277777777778,0.8670120898100173,0.8662033014769766,0.7324039770891645,308,"all","MLP#308","MLP",308
472,467,109,103,0.8208695652173913,0.8192982456140351,0.8208695652173913,0.8208695652173913,0.8166089965397924,0.8158123370981755,0.6316277328405842,309,"all","DT#309","DT",309
499,506,70,76,0.8784722222222222,0.8769771528998243,0.8784722222222222,0.8784722222222222,0.8739205526770293,0.8731537793223284,0.7463050691884286,309,"all","RF#309","RF",309
226,560,16,349,0.9722222222222222,0.9338842975206612,0.9722222222222222,0.9722222222222222,0.7542087542087542,0.6828844483058211,0.36544941826129385,309,"all","NB#309","NB",309
484,504,72,91,0.875,0.8705035971223022,0.875,0.875,0.860802732707088,0.8583840139009556,0.7167596896650115,309,"all","MLP#309","MLP",309
462,478,98,113,0.8298611111111112,0.825,0.8298611111111112,0.8298611111111112,0.8191945158526135,0.8166811468288445,0.6333537142296399,310,"all","DT#310","DT",310
501,539,37,74,0.9357638888888888,0.9312267657992565,0.9357638888888888,0.9357638888888888,0.9066442388561817,0.9035621198957429,0.8071133200375021,310,"all","RF#310","RF",310
474,442,134,101,0.8243478260869566,0.8139963167587477,0.8243478260869566,0.8243478260869566,0.801352493660186,0.7958297132927888,0.5916794604133548,310,"all","NB#310","NB",310
490,493,83,85,0.8559027777777778,0.8551483420593369,0.8559027777777778,0.8559027777777778,0.854419410745234,0.8540399652476107,0.7080788287404248,310,"all","MLP#310","MLP",310
476,447,129,99,0.8278260869565217,0.8186813186813187,0.8278260869565217,0.8278260869565217,0.8067796610169491,0.8019113814074718,0.6038404057787238,311,"all","DT#311","DT",311
505,510,66,70,0.8854166666666666,0.8844133099824869,0.8854166666666666,0.8854166666666666,0.8823529411764706,0.8818418766290183,0.763682147839057,311,"all","RF#311","RF",311
511,373,203,64,0.888695652173913,0.8535469107551488,0.888695652173913,0.888695652173913,0.7928626842513576,0.7680278019113814,0.5361525887532659,311,"all","NB#311","NB",311
487,502,74,88,0.8715277777777778,0.8680926916221033,0.8715277777777778,0.8715277777777778,0.8610634648370498,0.8592528236316247,0.7184994851944335,311,"all","MLP#311","MLP",311
467,478,98,108,0.8298611111111112,0.8265486725663717,0.8298611111111112,0.8298611111111112,0.8227194492254734,0.8210251954821894,0.6420447168586484,312,"all","DT#312","DT",312
505,523,53,70,0.9079861111111112,0.9050179211469535,0.9079861111111112,0.9079861111111112,0.8947818648417452,0.893136403127715,0.7862671596342298,312,"all","RF#312","RF",312
456,484,92,119,0.8402777777777778,0.8321167883211679,0.8402777777777778,0.8402777777777778,0.8210347752332485,0.8166811468288445,0.6333470718160312,312,"all","NB#312","NB",312
492,513,63,83,0.890625,0.8864864864864865,0.890625,0.890625,0.8754266211604096,0.8731537793223284,0.7462997071167607,312,"all","MLP#312","MLP",312
462,459,117,113,0.8034782608695652,0.8024475524475524,0.8034782608695652,0.8034782608695652,0.8006932409012132,0.8001737619461338,0.6003496355698335,313,"all","DT#313","DT",313
506,519,57,69,0.9010416666666666,0.8987566607460036,0.9010416666666666,0.9010416666666666,0.8917525773195877,0.8905299739357081,0.7810558162285549,313,"all","RF#313","RF",313
495,420,156,80,0.8608695652173913,0.84,0.8608695652173913,0.8608695652173913,0.8075040783034259,0.7949609035621199,0.5899685422566252,313,"all","NB#313","NB",313
466,506,70,109,0.8784722222222222,0.8694029850746269,0.8784722222222222,0.8784722222222222,0.8497061293031066,0.8444830582102519,0.6889475678670695,313,"all","MLP#313","MLP",313
481,463,113,94,0.8365217391304348,0.8312387791741472,0.8365217391304348,0.8365217391304348,0.8229255774165954,0.8201563857515204,0.6403228168274159,314,"all","DT#314","DT",314
507,515,61,68,0.8940972222222222,0.8926056338028169,0.8940972222222222,0.8940972222222222,0.8886971527178603,0.8879235447437012,0.775844551497374,314,"all","RF#314","RF",314
440,487,89,135,0.8454861111111112,0.831758034026465,0.8454861111111112,0.8454861111111112,0.8130217028380634,0.8053866203301477,0.6107459153262456,314,"all","NB#314","NB",314
484,508,68,91,0.8819444444444444,0.8768115942028986,0.8819444444444444,0.8819444444444444,0.8646808510638299,0.8618592528236316,0.7237087036536595,314,"all","MLP#314","MLP",314
454,460,116,121,0.7986111111111112,0.7964912280701755,0.7986111111111112,0.7986111111111112,0.7951598962834918,0.794092093831451,0.5881807682727074,315,"all","DT#315","DT",315
502,516,60,73,0.8958333333333334,0.8932384341637011,0.8958333333333334,0.8958333333333334,0.8858369098712447,0.8844483058210252,0.7688919015620778,315,"all","RF#315","RF",315
502,421,155,73,0.8730434782608696,0.8522267206477733,0.8730434782608696,0.8730434782608696,0.814935064935065,0.8019113814074718,0.6038715014143781,315,"all","NB#315","NB",315
477,517,59,98,0.8975694444444444,0.8899253731343284,0.8975694444444444,0.8975694444444444,0.8681780016792612,0.8635968722849696,0.7271774757269828,315,"all","MLP#315","MLP",315
464,453,123,111,0.8069565217391305,0.8031914893617021,0.8069565217391305,0.8069565217391305,0.7986230636833047,0.7966985230234579,0.5934041049980979,316,"all","DT#316","DT",316
488,517,59,87,0.8975694444444444,0.8921389396709324,0.8975694444444444,0.8975694444444444,0.876271186440678,0.8731537793223284,0.7462966429740387,316,"all","RF#316","RF",316
476,428,148,99,0.8278260869565217,0.8121442125237192,0.8278260869565217,0.8278260869565217,0.7939949958298581,0.7854039965247611,0.5708394155625566,316,"all","NB#316","NB",316
455,523,53,120,0.9079861111111112,0.8956692913385826,0.9079861111111112,0.9079861111111112,0.8580803937653815,0.8496959165942659,0.6993611974641156,316,"all","MLP#316","MLP",316
471,474,102,104,0.8229166666666666,0.8219895287958116,0.8229166666666666,0.8229166666666666,0.8214904679376083,0.8210251954821894,0.6420490400031402,317,"all","DT#317","DT",317
494,528,48,81,0.9166666666666666,0.9114391143911439,0.9166666666666666,0.9166666666666666,0.8911392405063291,0.8879235447437012,0.7758357526869546,317,"all","RF#317","RF",317
476,424,152,99,0.8278260869565217,0.8107074569789675,0.8278260869565217,0.8278260869565217,0.7913549459684123,0.7819287576020851,0.5638920798909507,317,"all","NB#317","NB",317
486,511,65,89,0.8871527777777778,0.8820326678765881,0.8871527777777778,0.8871527777777778,0.8690476190476191,0.8662033014769766,0.7323967051946327,317,"all","MLP#317","MLP",317
489,460,116,86,0.8504347826086956,0.8424908424908425,0.8504347826086956,0.8504347826086956,0.8288135593220339,0.8245004344048653,0.6490164998565886,318,"all","DT#318","DT",318
502,515,61,73,0.8940972222222222,0.8916518650088809,0.8940972222222222,0.8940972222222222,0.8848797250859107,0.8835794960903562,0.7671545982113203,318,"all","RF#318","RF",318
500,403,173,75,0.8695652173913043,0.8430962343096234,0.8695652173913043,0.8695652173913043,0.8012820512820513,0.7845351867940921,0.5691337936114523,318,"all","NB#318","NB",318
475,503,73,100,0.8732638888888888,0.8667883211678832,0.8732638888888888,0.8732638888888888,0.8532654792196778,0.8496959165942659,0.699379352721201,318,"all","MLP#318","MLP",318
483,445,131,92,0.84,0.8286778398510242,0.84,0.84,0.8124474348191757,0.8062554300608167,0.6125333804320096,319,"all","DT#319","DT",319
507,509,67,68,0.8836805555555556,0.8832752613240418,0.8836805555555556,0.8836805555555556,0.8829141370338248,0.8827106863596872,0.7654208415169709,319,"all","RF#319","RF",319
484,434,142,91,0.8417391304347827,0.8266666666666667,0.8417391304347827,0.8417391304347827,0.8059950041631975,0.7975673327541268,0.5951655292240483,319,"all","NB#319","NB",319
494,521,55,81,0.9045138888888888,0.8998178506375227,0.9045138888888888,0.9045138888888888,0.8845500848896434,0.8818418766290183,0.7636742988100379,319,"all","MLP#319","MLP",319
462,478,98,113,0.8298611111111112,0.825,0.8298611111111112,0.8298611111111112,0.8191945158526135,0.8166811468288445,0.6333537142296399,320,"all","DT#320","DT",320
501,517,59,74,0.8975694444444444,0.8946428571428572,0.8975694444444444,0.8975694444444444,0.8860325621251072,0.8844483058210252,0.7688912037561236,320,"all","RF#320","RF",320
245,558,18,330,0.96875,0.9315589353612167,0.96875,0.96875,0.7622950819672131,0.6976542137271937,0.39502301808822987,320,"all","NB#320","NB",320
479,495,81,96,0.859375,0.8553571428571428,0.859375,0.859375,0.8483290488431876,0.8462206776715899,0.6924341583822098,320,"all","MLP#320","MLP",320
473,475,101,102,0.8246527777777778,0.8240418118466899,0.8246527777777778,0.8246527777777778,0.823937554206418,0.8236316246741964,0.6472624505773711,321,"all","DT#321","DT",321
505,527,49,70,0.9149305555555556,0.9115523465703971,0.9149305555555556,0.9149305555555556,0.8985507246376812,0.896611642050391,0.7932165723852961,321,"all","RF#321","RF",321
428,501,75,147,0.8697916666666666,0.8508946322067594,0.8697916666666666,0.8697916666666666,0.818627450980392,0.8071242397914856,0.6142062543030038,321,"all","NB#321","NB",321
481,504,72,94,0.875,0.8698010849909584,0.875,0.875,0.858603066439523,0.8557775847089487,0.7115453713740493,321,"all","MLP#321","MLP",321
476,447,129,99,0.8278260869565217,0.8186813186813187,0.8278260869565217,0.8278260869565217,0.8067796610169491,0.8019113814074718,0.6038404057787238,322,"all","DT#322","DT",322
504,503,73,71,0.8765217391304347,0.8763066202090593,0.8765217391304347,0.8765217391304347,0.875,0.8748913987836664,0.7497833641806637,322,"all","RF#322","RF",322
479,425,151,96,0.8330434782608696,0.8157389635316699,0.8330434782608696,0.8330434782608696,0.7950207468879669,0.7854039965247611,0.5708433025639478,322,"all","NB#322","NB",322
492,478,98,83,0.8556521739130435,0.8520499108734403,0.8556521739130435,0.8556521739130435,0.8446351931330472,0.8427454387489139,0.6854977619770082,322,"all","MLP#322","MLP",322
470,487,89,105,0.8454861111111112,0.8407871198568873,0.8454861111111112,0.8454861111111112,0.833904109589041,0.8314509122502172,0.6628934273774728,323,"all","DT#323","DT",323
501,523,53,74,0.9079861111111112,0.9043321299638989,0.9079861111111112,0.9079861111111112,0.8917306052855926,0.889661164205039,0.7793151654868284,323,"all","RF#323","RF",323
493,440,136,82,0.8573913043478261,0.842911877394636,0.8573913043478261,0.8573913043478261,0.8189368770764119,0.8105994787141616,0.6212295495234387,323,"all","NB#323","NB",323
490,502,74,85,0.8715277777777778,0.8687943262411347,0.8715277777777778,0.8715277777777778,0.8632846087704215,0.8618592528236316,0.7237137090138877,323,"all","MLP#323","MLP",323
472,451,125,103,0.8208695652173913,0.8140794223826715,0.8208695652173913,0.8208695652173913,0.8054607508532424,0.8019113814074718,0.6038356214014632,324,"all","DT#324","DT",324
504,515,61,71,0.8940972222222222,0.8920353982300885,0.8940972222222222,0.8940972222222222,0.8864027538726333,0.8853171155516942,0.7706305952686485,324,"all","RF#324","RF",324
495,436,140,80,0.8608695652173913,0.8449612403100775,0.8608695652173913,0.8608695652173913,0.8181818181818182,0.8088618592528236,0.6177580533164266,324,"all","NB#324","NB",324
504,502,74,71,0.8765217391304347,0.8760907504363001,0.8765217391304347,0.8765217391304347,0.8742411101474414,0.8740225890529973,0.7480461290181355,324,"all","MLP#324","MLP",324
475,461,115,100,0.8260869565217391,0.82174688057041,0.8260869565217391,0.8260869565217391,0.8154506437768241,0.8132059079061685,0.626419993508601,325,"all","DT#325","DT",325
505,515,61,70,0.8940972222222222,0.892226148409894,0.8940972222222222,0.8940972222222222,0.8871662360034452,0.8861859252823632,0.7723685859258353,325,"all","RF#325","RF",325
254,556,20,321,0.9652777777777778,0.927007299270073,0.9652777777777778,0.9652777777777778,0.7653131452167928,0.7037358818418766,0.4072019441201391,325,"all","NB#325","NB",325
484,502,74,91,0.8715277777777778,0.8673835125448028,0.8715277777777778,0.8715277777777778,0.8588537211291702,0.8566463944396178,0.713285214143479,325,"all","MLP#325","MLP",325
478,460,116,97,0.831304347826087,0.8258527827648114,0.831304347826087,0.831304347826087,0.8177929854576561,0.8149435273675065,0.6298973912282105,326,"all","DT#326","DT",326
510,521,55,65,0.9045138888888888,0.9026548672566371,0.9045138888888888,0.9045138888888888,0.8967297762478484,0.895742832319722,0.7914823593351349,326,"all","RF#326","RF",326
288,548,28,287,0.9513888888888888,0.9113924050632911,0.9513888888888888,0.9513888888888888,0.7767540751240255,0.7263249348392702,0.45243535742387186,326,"all","NB#326","NB",326
475,520,56,100,0.9027777777777778,0.8945386064030132,0.9027777777777778,0.9027777777777778,0.8695652173913044,0.8644656820156386,0.7289131524437009,326,"all","MLP#326","MLP",326
465,474,102,110,0.8229166666666666,0.8201058201058201,0.8229166666666666,0.8229166666666666,0.8172413793103449,0.8158123370981755,0.6316199471008103,327,"all","DT#327","DT",327
499,517,59,76,0.8975694444444444,0.8942652329749103,0.8975694444444444,0.8975694444444444,0.8845166809238665,0.8827106863596872,0.7654151752083008,327,"all","RF#327","RF",327
222,556,20,353,0.9652777777777778,0.9173553719008265,0.9652777777777778,0.9652777777777778,0.7488215488215489,0.6759339704604691,0.3515414603053768,327,"all","NB#327","NB",327
476,520,56,99,0.9027777777777778,0.8947368421052632,0.9027777777777778,0.9027777777777778,0.8702928870292888,0.8653344917463076,0.730651295298457,327,"all","MLP#327","MLP",327
468,473,103,107,0.8211805555555556,0.819614711033275,0.8211805555555556,0.8211805555555556,0.8183391003460208,0.8175499565595135,0.6350974341632498,328,"all","DT#328","DT",328
499,519,57,76,0.9010416666666666,0.8974820143884892,0.9010416666666666,0.9010416666666666,0.8864218616567037,0.8844483058210252,0.7688898081315738,328,"all","RF#328","RF",328
221,560,16,354,0.9722222222222222,0.9324894514767933,0.9722222222222222,0.9722222222222222,0.7516778523489932,0.6785403996524761,0.35675208666257857,328,"all","NB#328","NB",328
481,506,70,94,0.8784722222222222,0.8729582577132486,0.8784722222222222,0.8784722222222222,0.8605442176870748,0.8575152041702867,0.7150198678696088,328,"all","MLP#328","MLP",328
465,478,98,110,0.8298611111111112,0.8259325044404974,0.8298611111111112,0.8298611111111112,0.8213058419243987,0.8192875760208514,0.6385683315519001,329,"all","DT#329","DT",329
506,519,57,69,0.9010416666666666,0.8987566607460036,0.9010416666666666,0.9010416666666666,0.8917525773195877,0.8905299739357081,0.7810558162285549,329,"all","RF#329","RF",329
270,553,23,305,0.9600694444444444,0.9215017064846417,0.9600694444444444,0.9600694444444444,0.7712691771269178,0.7150304083405734,0.4298176457972747,329,"all","NB#329","NB",329
486,522,54,89,0.90625,0.9,0.90625,0.90625,0.8795282224094356,0.8757602085143353,0.7515070995599102,329,"all","MLP#329","MLP",329
465,478,98,110,0.8298611111111112,0.8259325044404974,0.8298611111111112,0.8298611111111112,0.8213058419243987,0.8192875760208514,0.6385683315519001,330,"all","DT#330","DT",330
495,520,56,80,0.9027777777777778,0.8983666061705989,0.9027777777777778,0.9027777777777778,0.8843537414965987,0.8818418766290183,0.7636750123796756,330,"all","RF#330","RF",330
448,486,90,127,0.84375,0.8327137546468402,0.84375,0.84375,0.817493692178301,0.8114682884448305,0.622915229262504,330,"all","NB#330","NB",330
486,511,65,89,0.8871527777777778,0.8820326678765881,0.8871527777777778,0.8871527777777778,0.8690476190476191,0.8662033014769766,0.7323967051946327,330,"all","MLP#330","MLP",330
466,466,110,109,0.8104347826086956,0.8104347826086956,0.8104347826086956,0.8104347826086956,0.8097306689834926,0.8097306689834927,0.6194616252088994,331,"all","DT#331","DT",331
495,513,63,80,0.890625,0.8870967741935484,0.890625,0.890625,0.8776732249786142,0.8757602085143353,0.7515138522576816,331,"all","RF#331","RF",331
511,355,221,64,0.888695652173913,0.847255369928401,0.888695652173913,0.888695652173913,0.7819433817903596,0.7523892267593397,0.5048954278650744,331,"all","NB#331","NB",331
480,498,78,95,0.8645833333333334,0.8602150537634409,0.8645833333333334,0.8645833333333334,0.8520102651839179,0.8496959165942659,0.6993838911928598,331,"all","MLP#331","MLP",331
476,453,123,99,0.8278260869565217,0.8206521739130435,0.8278260869565217,0.8278260869565217,0.8109028960817717,0.8071242397914856,0.6142621644143328,332,"all","DT#332","DT",332
498,521,55,77,0.9045138888888888,0.9005424954792043,0.9045138888888888,0.9045138888888888,0.887563884156729,0.8853171155516942,0.7706264398877983,332,"all","RF#332","RF",332
498,418,158,77,0.8660869565217392,0.8444444444444444,0.8660869565217392,0.8660869565217392,0.8090982940698619,0.7958297132927888,0.5917090452405427,332,"all","NB#332","NB",332
492,512,64,83,0.8888888888888888,0.8848920863309353,0.8888888888888888,0.8888888888888888,0.8744662681468831,0.8722849695916595,0.7445624195138448,332,"all","MLP#332","MLP",332
473,461,115,102,0.8226086956521739,0.8188277087033747,0.8226086956521739,0.8226086956521739,0.8134135855546,0.8114682884448305,0.6229436922282624,333,"all","DT#333","DT",333
494,514,62,81,0.8923611111111112,0.8884892086330936,0.8923611111111112,0.8923611111111112,0.8778821520068317,0.8757602085143353,0.751513101976053,333,"all","RF#333","RF",333
486,427,149,89,0.8452173913043478,0.8275193798449613,0.8452173913043478,0.8452173913043478,0.8033057851239671,0.7932232841007819,0.5864837122241342,333,"all","NB#333","NB",333
470,515,61,105,0.8940972222222222,0.8851224105461394,0.8940972222222222,0.8940972222222222,0.8612040133779264,0.8557775847089487,0.7115357904208612,333,"all","MLP#333","MLP",333
454,459,117,121,0.796875,0.7950963222416813,0.796875,0.796875,0.7941176470588234,0.7932232841007819,0.5864437587183498,334,"all","DT#334","DT",334
490,519,57,85,0.9010416666666666,0.8957952468007313,0.9010416666666666,0.9010416666666666,0.8796610169491526,0.8766290182450044,0.7532474198788597,334,"all","RF#334","RF",334
493,374,202,82,0.8573913043478261,0.8201754385964912,0.8573913043478261,0.8573913043478261,0.7763779527559055,0.7532580364900087,0.5066050836201171,334,"all","NB#334","NB",334
476,507,69,99,0.8802083333333334,0.8733944954128441,0.8802083333333334,0.8802083333333334,0.8578680203045684,0.8540399652476107,0.7080664885185016,334,"all","MLP#334","MLP",334
460,468,108,115,0.8125,0.8098591549295775,0.8125,0.8125,0.8075927523727351,0.8062554300608167,0.6125064727435223,335,"all","DT#335","DT",335
506,525,51,69,0.9114583333333334,0.9084380610412927,0.9114583333333334,0.9114583333333334,0.8974358974358975,0.895742832319722,0.7914798409377066,335,"all","RF#335","RF",335
473,461,115,102,0.8226086956521739,0.8188277087033747,0.8226086956521739,0.8226086956521739,0.8134135855546,0.8114682884448305,0.6229436922282624,335,"all","NB#335","NB",335
480,509,67,95,0.8836805555555556,0.8775137111517367,0.8836805555555556,0.8836805555555556,0.8627118644067797,0.8592528236316247,0.7184935353547554,335,"all","MLP#335","MLP",335
454,462,114,121,0.8020833333333334,0.7992957746478874,0.8020833333333334,0.8020833333333334,0.7972389991371873,0.7958297132927888,0.591654803115371,336,"all","DT#336","DT",336
481,527,49,94,0.9149305555555556,0.9075471698113208,0.9149305555555556,0.9149305555555556,0.8805346700083543,0.8757602085143353,0.7515033479025598,336,"all","RF#336","RF",336
505,369,207,70,0.8782608695652174,0.8405466970387244,0.8782608695652174,0.8782608695652174,0.7847707847707849,0.7593397046046916,0.5187785738758741,336,"all","NB#336","NB",336
472,517,59,103,0.8975694444444444,0.8888888888888888,0.8975694444444444,0.8975694444444444,0.8645484949832777,0.8592528236316247,0.7184867352299973,336,"all","MLP#336","MLP",336
472,465,111,103,0.8208695652173913,0.8186619718309859,0.8208695652173913,0.8208695652173913,0.8151986183074266,0.8140747176368376,0.6281536454873735,337,"all","DT#337","DT",337
483,523,53,92,0.9079861111111112,0.9011194029850746,0.9079861111111112,0.9079861111111112,0.8782535684298909,0.8740225890529973,0.7480301527414808,337,"all","RF#337","RF",337
503,375,201,72,0.8747826086956522,0.8389261744966443,0.8747826086956522,0.8747826086956522,0.7865519937451133,0.7628149435273676,0.5257218929284606,337,"all","NB#337","NB",337
487,501,75,88,0.8697916666666666,0.8665480427046264,0.8697916666666666,0.8697916666666666,0.8600858369098712,0.8583840139009556,0.7167622552978847,337,"all","MLP#337","MLP",337
460,456,120,115,0.8,0.7985989492119089,0.8,0.8,0.7965367965367965,0.7958297132927888,0.5916622006174469,338,"all","DT#338","DT",338
489,523,53,86,0.9079861111111112,0.9022140221402214,0.9079861111111112,0.9079861111111112,0.8827004219409282,0.8792354474370113,0.7584586792518347,338,"all","RF#338","RF",338
465,447,129,110,0.808695652173913,0.8025134649910234,0.808695652173913,0.808695652173913,0.7955517536355861,0.792354474370113,0.5847205469649875,338,"all","NB#338","NB",338
466,519,57,109,0.9010416666666666,0.8910133843212237,0.9010416666666666,0.9010416666666666,0.8621262458471761,0.8557775847089487,0.7115323062800823,338,"all","MLP#338","MLP",338
489,452,124,86,0.8504347826086956,0.8401486988847584,0.8504347826086956,0.8504347826086956,0.8232323232323232,0.8175499565595135,0.635120569774077,339,"all","DT#339","DT",339
499,512,64,76,0.8888888888888888,0.8863232682060391,0.8888888888888888,0.8888888888888888,0.8797250859106528,0.8783666377063423,0.7567286846983942,339,"all","RF#339","RF",339
454,493,83,121,0.8559027777777778,0.845437616387337,0.8559027777777778,0.8559027777777778,0.8285714285714285,0.8227628149435273,0.6455050259525756,339,"all","NB#339","NB",339
488,480,96,87,0.8486956521739131,0.8465608465608465,0.8486956521739131,0.8486956521739131,0.8421052631578948,0.8410078192875761,0.6820197189349783,339,"all","MLP#339","MLP",339
471,457,119,104,0.8191304347826087,0.8146167557932263,0.8191304347826087,0.8191304347826087,0.8085836909871245,0.8062554300608167,0.61251934210427,340,"all","DT#340","DT",340
501,525,51,74,0.9114583333333334,0.907608695652174,0.9114583333333334,0.9114583333333334,0.8936170212765958,0.891398783666377,0.7827898613629397,340,"all","RF#340","RF",340
515,366,210,60,0.8956521739130435,0.8591549295774648,0.8956521739130435,0.8956521739130435,0.7923076923076923,0.7654213727193745,0.5309486076522527,340,"all","NB#340","NB",340
492,509,67,83,0.8836805555555556,0.8801431127012522,0.8836805555555556,0.8836805555555556,0.8715753424657535,0.8696785403996524,0.7393505881784583,340,"all","MLP#340","MLP",340
476,463,113,99,0.8278260869565217,0.8238434163701067,0.8278260869565217,0.8278260869565217,0.8178694158075601,0.8158123370981755,0.6316321816869812,341,"all","DT#341","DT",341
491,517,59,84,0.8975694444444444,0.8927272727272727,0.8975694444444444,0.8975694444444444,0.8785046728971964,0.8757602085143353,0.7515108511039819,341,"all","RF#341","RF",341
501,401,175,74,0.871304347826087,0.8442105263157895,0.871304347826087,0.871304347826087,0.8009592326139089,0.7836663770634231,0.5673983888326206,341,"all","NB#341","NB",341
470,507,69,105,0.8802083333333334,0.8719851576994434,0.8802083333333334,0.8802083333333334,0.8535353535353536,0.8488271068635969,0.6976375527655488,341,"all","MLP#341","MLP",341
464,467,109,111,0.8107638888888888,0.8097731239092496,0.8107638888888888,0.8107638888888888,0.8093587521663778,0.8088618592528236,0.6177222757315088,342,"all","DT#342","DT",342
496,526,50,79,0.9131944444444444,0.9084249084249084,0.9131944444444444,0.9131944444444444,0.8907705334462319,0.8879235447437012,0.7758371063950567,342,"all","RF#342","RF",342
319,549,27,256,0.953125,0.9219653179190751,0.953125,0.953125,0.7950760318609703,0.7541268462206777,0.5080832594601697,342,"all","NB#342","NB",342
491,500,76,84,0.8680555555555556,0.8659611992945326,0.8680555555555556,0.8680555555555556,0.8620689655172415,0.8609904430929627,0.7219773185666495,342,"all","MLP#342","MLP",342
463,478,98,112,0.8298611111111112,0.8253119429590018,0.8298611111111112,0.8298611111111112,0.8198970840480275,0.8175499565595135,0.6350919252520434,343,"all","DT#343","DT",343
498,522,54,77,0.90625,0.9021739130434783,0.90625,0.90625,0.8885106382978722,0.8861859252823632,0.7723637747083609,343,"all","RF#343","RF",343
511,349,227,64,0.888695652173913,0.8450363196125908,0.888695652173913,0.888695652173913,0.7783701447067783,0.7471763683753258,0.4944767516447491,343,"all","NB#343","NB",343
487,503,73,88,0.8732638888888888,0.8696428571428572,0.8732638888888888,0.8732638888888888,0.8620394173093401,0.8601216333622936,0.7202367203363602,343,"all","MLP#343","MLP",343
455,478,98,120,0.8298611111111112,0.8227848101265823,0.8298611111111112,0.8298611111111112,0.8143100511073255,0.8105994787141616,0.6211860901177274,344,"all","DT#344","DT",344
497,523,53,78,0.9079861111111112,0.9036363636363637,0.9079861111111112,0.9079861111111112,0.8887000849617671,0.8861859252823632,0.7723630873749764,344,"all","RF#344","RF",344
522,290,286,53,0.9078260869565218,0.8454810495626822,0.9078260869565218,0.9078260869565218,0.754880694143167,0.7054735013032146,0.4111536853733515,344,"all","NB#344","NB",344
469,519,57,106,0.9010416666666666,0.8916349809885932,0.9010416666666666,0.9010416666666666,0.8642797668609493,0.8583840139009556,0.7167468608034109,344,"all","MLP#344","MLP",344
456,461,115,119,0.8003472222222222,0.7985989492119089,0.8003472222222222,0.8003472222222222,0.7975778546712802,0.7966985230234579,0.593394283781907,345,"all","DT#345","DT",345
487,528,48,88,0.9166666666666666,0.9102803738317757,0.9166666666666666,0.9166666666666666,0.8859060402684563,0.8818418766290183,0.7636693037019144,345,"all","RF#345","RF",345
499,335,241,76,0.8678260869565217,0.8150851581508516,0.8678260869565217,0.8678260869565217,0.75893536121673,0.7245873153779322,0.4493113883166179,345,"all","NB#345","NB",345
476,488,88,99,0.8472222222222222,0.8439716312056738,0.8472222222222222,0.8472222222222222,0.8392089423903697,0.8375325803649001,0.6750595194062704,345,"all","MLP#345","MLP",345
481,459,117,94,0.8365217391304348,0.8300180831826401,0.8365217391304348,0.8365217391304348,0.8201193520886616,0.8166811468288445,0.6333747469517214,346,"all","DT#346","DT",346
497,520,56,78,0.9027777777777778,0.8987341772151899,0.9027777777777778,0.9027777777777778,0.8858603066439522,0.8835794960903562,0.7671510829164013,346,"all","RF#346","RF",346
505,360,216,70,0.8782608695652174,0.8372093023255814,0.8782608695652174,0.8782608695652174,0.7793209876543211,0.7515204170286707,0.5031499699643496,346,"all","NB#346","NB",346
501,506,70,74,0.8784722222222222,0.8774080560420315,0.8784722222222222,0.8784722222222222,0.8754325259515571,0.8748913987836664,0.7497810977119428,346,"all","MLP#346","MLP",346
489,469,107,86,0.8504347826086956,0.8450450450450451,0.8504347826086956,0.8504347826086956,0.8351836037574722,0.8323197219808862,0.6646498223939158,347,"all","DT#347","DT",347
509,514,62,66,0.8923611111111112,0.8914185639229422,0.8923611111111112,0.8923611111111112,0.8892733564013842,0.8887923544743701,0.7775831979661713,347,"all","RF#347","RF",347
241,555,21,334,0.9635416666666666,0.9198473282442748,0.9635416666666666,0.9635416666666666,0.757679180887372,0.6915725456125109,0.382853008743564,347,"all","NB#347","NB",347
485,534,42,90,0.9270833333333334,0.920303605313093,0.9270833333333334,0.9270833333333334,0.8899999999999999,0.8853171155516942,0.7706174360460905,347,"all","MLP#347","MLP",347
463,459,117,112,0.8052173913043478,0.8038528896672504,0.8052173913043478,0.8052173913043478,0.8017316017316017,0.8010425716768028,0.6020878465591293,348,"all","DT#348","DT",348
486,530,46,89,0.9201388888888888,0.9135338345864662,0.9201388888888888,0.9201388888888888,0.8870292887029287,0.8827106863596872,0.7654059668728495,348,"all","RF#348","RF",348
502,361,215,73,0.8730434782608696,0.8317972350230415,0.8730434782608696,0.8730434782608696,0.7770897832817338,0.7497827975673328,0.49967247359412686,348,"all","NB#348","NB",348
462,519,57,113,0.9010416666666666,0.8901734104046243,0.9010416666666666,0.9010416666666666,0.859271523178808,0.8523023457862728,0.7045794934354355,348,"all","MLP#348","MLP",348
462,463,113,113,0.8038194444444444,0.8038194444444444,0.8038194444444444,0.8038194444444444,0.8038194444444444,0.8036490008688097,0.6072977053140096,349,"all","DT#349","DT",349
501,511,65,74,0.8871527777777778,0.8851590106007067,0.8871527777777778,0.8871527777777778,0.8802756244616711,0.8792354474370113,0.7584674308678712,349,"all","RF#349","RF",349
467,450,126,108,0.8121739130434783,0.8064516129032258,0.8121739130434783,0.8121739130434783,0.7996575342465753,0.7966985230234579,0.5934077878318523,349,"all","NB#349","NB",349
477,487,89,98,0.8454861111111112,0.842756183745583,0.8454861111111112,0.8454861111111112,0.8389319552110249,0.8375325803649001,0.6750605005200855,349,"all","MLP#349","MLP",349
453,465,111,122,0.8072916666666666,0.8031914893617021,0.8072916666666666,0.8072916666666666,0.7996560619088564,0.7975673327541268,0.5951276364794705,350,"all","DT#350","DT",350
487,515,61,88,0.8940972222222222,0.8886861313868614,0.8940972222222222,0.8940972222222222,0.8736217133163698,0.8705473501303215,0.7410839511876239,350,"all","RF#350","RF",350
540,221,355,35,0.9391304347826087,0.86328125,0.9391304347826087,0.9391304347826087,0.7346938775510204,0.6611642050390965,0.322655118300338,350,"all","NB#350","NB",350
468,495,81,107,0.859375,0.8524590163934426,0.859375,0.859375,0.8404074702886247,0.8366637706342311,0.6733144718844641,350,"all","MLP#350","MLP",350
461,480,96,114,0.8333333333333334,0.8276481149012568,0.8333333333333334,0.8333333333333334,0.8205128205128206,0.8175499565595135,0.6350897216409865,351,"all","DT#351","DT",351
478,519,57,97,0.9010416666666666,0.8934579439252337,0.9010416666666666,0.9010416666666666,0.8708053691275167,0.8662033014769766,0.7323902409565796,351,"all","RF#351","RF",351
435,466,110,140,0.8090277777777778,0.7981651376146789,0.8090277777777778,0.8090277777777778,0.7884940778341795,0.7827975673327541,0.5655751317239608,351,"all","NB#351","NB",351
467,518,58,108,0.8993055555555556,0.8895238095238095,0.8993055555555556,0.8993055555555556,0.8618968386023295,0.8557775847089487,0.7115331773231675,351,"all","MLP#351","MLP",351
459,465,111,116,0.8072916666666666,0.8052631578947368,0.8072916666666666,0.8072916666666666,0.8038029386343993,0.8027801911381407,0.6055571071641541,352,"all","DT#352","DT",352
506,532,44,69,0.9236111111111112,0.92,0.9236111111111112,0.9236111111111112,0.9039932030586236,0.9018245004344049,0.8036414417814682,352,"all","RF#352","RF",352
497,412,164,78,0.8643478260869565,0.8408163265306122,0.8643478260869565,0.8643478260869565,0.8042071197411004,0.789748045178106,0.579550360309501,352,"all","NB#352","NB",352
480,518,58,95,0.8993055555555556,0.8921933085501859,0.8993055555555556,0.8993055555555556,0.8713204373423045,0.8670721112076455,0.7341291708625028,352,"all","MLP#352","MLP",352
464,472,104,111,0.8194444444444444,0.8169014084507042,0.8194444444444444,0.8194444444444444,0.814495254529767,0.8132059079061685,0.6264075858289565,353,"all","DT#353","DT",353
487,523,53,88,0.9079861111111112,0.9018518518518519,0.9079861111111112,0.9079861111111112,0.8812131423757372,0.8774978279756733,0.7549825247408906,353,"all","RF#353","RF",353
485,429,147,90,0.8434782608695652,0.8265895953757225,0.8434782608695652,0.8434782608695652,0.803645401822701,0.794092093831451,0.5882193108382885,353,"all","NB#353","NB",353
474,515,61,101,0.8940972222222222,0.8859813084112149,0.8940972222222222,0.8940972222222222,0.8640939597315436,0.8592528236316247,0.7184884352919864,353,"all","MLP#353","MLP",353
463,467,109,112,0.8107638888888888,0.8094405594405595,0.8107638888888888,0.8107638888888888,0.8086580086580086,0.8079930495221547,0.6159840699761625,354,"all","DT#354","DT",354
493,518,58,82,0.8993055555555556,0.8947368421052632,0.8993055555555556,0.8993055555555556,0.8809523809523809,0.8783666377063423,0.756724277449666,354,"all","RF#354","RF",354
512,319,257,63,0.8904347826086957,0.8350785340314136,0.8904347826086957,0.8904347826086957,0.7619047619047619,0.7219808861859253,0.44412415445959363,354,"all","NB#354","NB",354
471,504,72,104,0.875,0.8674033149171271,0.875,0.875,0.8513513513513513,0.8470894874022589,0.6941639692738778,354,"all","MLP#354","MLP",354
474,462,114,101,0.8243478260869566,0.8206039076376554,0.8243478260869566,0.8243478260869566,0.815133276010318,0.8132059079061685,0.6264188655717807,355,"all","DT#355","DT",355
502,519,57,73,0.9010416666666666,0.8980322003577818,0.9010416666666666,0.9010416666666666,0.8886986301369864,0.8870547350130321,0.7741038430879972,355,"all","RF#355","RF",355
505,402,174,70,0.8782608695652174,0.8516949152542372,0.8782608695652174,0.8782608695652174,0.8054226475279107,0.788010425716768,0.5760870877760739,355,"all","NB#355","NB",355
466,512,64,109,0.8888888888888888,0.879245283018868,0.8888888888888888,0.8888888888888888,0.8554720133667502,0.8496959165942659,0.6993711831268732,355,"all","MLP#355","MLP",355
468,462,114,107,0.8139130434782609,0.81195079086116,0.8139130434782609,0.8139130434782609,0.8089887640449438,0.8079930495221547,0.6159898672568375,356,"all","DT#356","DT",356
493,519,57,82,0.9010416666666666,0.8963636363636364,0.9010416666666666,0.9010416666666666,0.8819031435853866,0.8792354474370113,0.7584615965276468,356,"all","RF#356","RF",356
525,287,289,50,0.9130434782608695,0.8516320474777448,0.9130434782608695,0.9130434782608695,0.755939524838013,0.7054735013032146,0.4111590172024286,356,"all","NB#356","NB",356
474,494,82,101,0.8576388888888888,0.8525179856115108,0.8576388888888888,0.8576388888888888,0.8437233134073441,0.8410078192875761,0.6820062773539701,356,"all","MLP#356","MLP",356
474,468,108,101,0.8243478260869566,0.8224956063268892,0.8243478260869566,0.8243478260869566,0.8193604148660328,0.8184187662901824,0.6368410961840679,357,"all","DT#357","DT",357
494,526,50,81,0.9131944444444444,0.9080882352941176,0.9131944444444444,0.9131944444444444,0.8892645815722738,0.8861859252823632,0.7723610253499184,357,"all","RF#357","RF",357
537,195,381,38,0.9339130434782609,0.8369098712446352,0.9339130434782609,0.9339130434782609,0.7193569993302076,0.635968722849696,0.27231370229485646,357,"all","NB#357","NB",357
484,516,60,91,0.8958333333333334,0.8897058823529411,0.8958333333333334,0.8958333333333334,0.8723584108199492,0.8688097306689835,0.7376069834186081,357,"all","MLP#357","MLP",357
476,463,113,99,0.8278260869565217,0.8238434163701067,0.8278260869565217,0.8278260869565217,0.8178694158075601,0.8158123370981755,0.6316321816869812,358,"all","DT#358","DT",358
499,515,61,76,0.8940972222222222,0.8910714285714286,0.8940972222222222,0.8940972222222222,0.882604970008569,0.8809730668983493,0.7619405632675862,358,"all","RF#358","RF",358
499,400,176,76,0.8678260869565217,0.8403361344537815,0.8678260869565217,0.8678260869565217,0.7984,0.7810599478714162,0.5621856603773586,358,"all","NB#358","NB",358
487,518,58,88,0.8993055555555556,0.8935779816513761,0.8993055555555556,0.8993055555555556,0.8764805414551607,0.8731537793223284,0.7462958769267931,358,"all","MLP#358","MLP",358
467,450,126,108,0.8121739130434783,0.8064516129032258,0.8121739130434783,0.8121739130434783,0.7996575342465753,0.7966985230234579,0.5934077878318523,359,"all","DT#359","DT",359
507,512,64,68,0.8888888888888888,0.8879159369527145,0.8888888888888888,0.8888888888888888,0.8858131487889273,0.8853171155516942,0.7706326729026143,359,"all","RF#359","RF",359
496,439,137,79,0.8626086956521739,0.8474903474903475,0.8626086956521739,0.8626086956521739,0.8211920529801325,0.8123370981754996,0.6247067738633997,359,"all","NB#359","NB",359
488,501,75,87,0.8697916666666666,0.866785079928952,0.8697916666666666,0.8697916666666666,0.8608247422680413,0.8592528236316247,0.7185003351509991,359,"all","MLP#359","MLP",359
464,465,111,111,0.8072916666666666,0.8072916666666666,0.8072916666666666,0.8072916666666666,0.8072916666666666,0.8071242397914856,0.614248188405797,360,"all","DT#360","DT",360
495,513,63,80,0.890625,0.8870967741935484,0.890625,0.890625,0.8776732249786142,0.8757602085143353,0.7515138522576816,360,"all","RF#360","RF",360
505,370,206,70,0.8782608695652174,0.8409090909090909,0.8782608695652174,0.8782608695652174,0.7853810264385691,0.7602085143353605,0.5205151116316697,360,"all","NB#360","NB",360
482,506,70,93,0.8784722222222222,0.8731884057971014,0.8784722222222222,0.8784722222222222,0.8612765957446809,0.8583840139009556,0.7167579792172735,360,"all","MLP#360","MLP",360
462,466,110,113,0.8090277777777778,0.8076923076923077,0.8090277777777778,0.8090277777777778,0.806926406926407,0.8062554300608167,0.6125088126908789,361,"all","DT#361","DT",361
483,521,55,92,0.9045138888888888,0.8977695167286245,0.9045138888888888,0.9045138888888888,0.8763666947014298,0.8722849695916595,0.7445554778875029,361,"all","RF#361","RF",361
239,558,18,336,0.96875,0.9299610894941635,0.96875,0.96875,0.7591836734693876,0.6924413553431799,0.38458680344730717,361,"all","NB#361","NB",361
470,523,53,105,0.9079861111111112,0.8986615678776291,0.9079861111111112,0.9079861111111112,0.8687707641196013,0.8627280625543006,0.725434363808753,361,"all","MLP#361","MLP",361
489,461,115,86,0.8504347826086956,0.8427787934186471,0.8504347826086956,0.8504347826086956,0.8295165394402035,0.8253692441355344,0.6507535147162942,362,"all","DT#362","DT",362
518,503,73,57,0.9008695652173913,0.8982142857142857,0.9008695652173913,0.9008695652173913,0.888507718696398,0.8870547350130321,0.7741147556822299,362,"all","RF#362","RF",362
514,358,218,61,0.8939130434782608,0.8544152744630071,0.8939130434782608,0.8939130434782608,0.7865340474368783,0.7576020851433536,0.5153186820152833,362,"all","NB#362","NB",362
485,492,84,90,0.8541666666666666,0.8523725834797891,0.8541666666666666,0.8541666666666666,0.8497409326424871,0.8488271068635969,0.697651246841004,362,"all","MLP#362","MLP",362
476,478,98,99,0.8298611111111112,0.8292682926829268,0.8298611111111112,0.8298611111111112,0.829141370338248,0.8288444830582102,0.6576881909543946,363,"all","DT#363","DT",363
512,523,53,63,0.9079861111111112,0.9061946902654867,0.9079861111111112,0.9079861111111112,0.900172117039587,0.8992180712423979,0.7984329473572972,363,"all","RF#363","RF",363
485,425,151,90,0.8434782608695652,0.8252427184466019,0.8434782608695652,0.8434782608695652,0.800990916597853,0.790616854908775,0.5812719541225824,363,"all","NB#363","NB",363
495,503,73,80,0.8732638888888888,0.8714788732394366,0.8732638888888888,0.8732638888888888,0.8679896462467644,0.8670721112076455,0.7341412122410713,363,"all","MLP#363","MLP",363
470,457,119,105,0.8173913043478261,0.8131672597864769,0.8173913043478261,0.8173913043478261,0.8075601374570448,0.8053866203301477,0.6107811731032255,364,"all","DT#364","DT",364
512,499,77,63,0.8904347826086957,0.8879003558718861,0.8904347826086957,0.8904347826086957,0.8797250859106529,0.8783666377063423,0.7567382331895158,364,"all","RF#364","RF",364
496,400,176,79,0.8626086956521739,0.8350730688935282,0.8626086956521739,0.8626086956521739,0.7955092221331196,0.7784535186794093,0.5569715787392245,364,"all","NB#364","NB",364
482,495,81,93,0.859375,0.8561278863232682,0.859375,0.859375,0.8505154639175259,0.8488271068635969,0.6976485081251471,364,"all","MLP#364","MLP",364
468,468,108,107,0.8139130434782609,0.8139130434782609,0.8139130434782609,0.8139130434782609,0.8132059079061685,0.8132059079061685,0.6264120978078234,365,"all","DT#365","DT",365
503,518,58,72,0.8993055555555556,0.8966131907308378,0.8993055555555556,0.8993055555555556,0.888507718696398,0.8870547350130321,0.7741045251560268,365,"all","RF#365","RF",365
509,417,159,66,0.8852173913043478,0.8633540372670807,0.8852173913043478,0.8852173913043478,0.8189863234111022,0.8045178105994787,0.6090902092550411,365,"all","NB#365","NB",365
484,512,64,91,0.8888888888888888,0.8832116788321168,0.8888888888888888,0.8888888888888888,0.8685326547921968,0.8653344917463076,0.7306578015710182,365,"all","MLP#365","MLP",365
471,453,123,104,0.8191304347826087,0.8132854578096947,0.8191304347826087,0.8191304347826087,0.8058169375534644,0.8027801911381407,0.605571398163398,366,"all","DT#366","DT",366
507,520,56,68,0.9027777777777778,0.9005328596802842,0.9027777777777778,0.9027777777777778,0.8934707903780069,0.8922675933970461,0.7845311207328636,366,"all","RF#366","RF",366
499,419,157,76,0.8678260869565217,0.8464646464646465,0.8678260869565217,0.8678260869565217,0.8107229894394802,0.7975673327541268,0.5951838618767934,366,"all","NB#366","NB",366
490,519,57,85,0.9010416666666666,0.8957952468007313,0.9010416666666666,0.9010416666666666,0.8796610169491526,0.8766290182450044,0.7532474198788597,366,"all","MLP#366","MLP",366
467,463,113,108,0.8121739130434783,0.8108581436077058,0.8121739130434783,0.8121739130434783,0.8086580086580087,0.8079930495221547,0.6159887078147055,367,"all","DT#367","DT",367
501,525,51,74,0.9114583333333334,0.907608695652174,0.9114583333333334,0.9114583333333334,0.8936170212765958,0.891398783666377,0.7827898613629397,367,"all","RF#367","RF",367
510,380,196,65,0.8869565217391304,0.8539325842696629,0.8869565217391304,0.8869565217391304,0.7962529274004684,0.7732406602953953,0.5465706510336875,367,"all","NB#367","NB",367
488,515,61,87,0.8940972222222222,0.8888888888888888,0.8940972222222222,0.8940972222222222,0.8743633276740237,0.8714161598609904,0.7428220310579823,367,"all","MLP#367","MLP",367
476,464,112,99,0.8278260869565217,0.8241563055062167,0.8278260869565217,0.8278260869565217,0.8185726569217541,0.8166811468288445,0.6333692122588175,368,"all","DT#368","DT",368
498,514,62,77,0.8923611111111112,0.8892857142857142,0.8923611111111112,0.8923611111111112,0.8808911739502999,0.8792354474370113,0.7584652430233173,368,"all","RF#368","RF",368
496,400,176,79,0.8626086956521739,0.8350730688935282,0.8626086956521739,0.8626086956521739,0.7955092221331196,0.7784535186794093,0.5569715787392245,368,"all","NB#368","NB",368
475,496,80,100,0.8611111111111112,0.8558558558558559,0.8611111111111112,0.8611111111111112,0.8464163822525597,0.843614248479583,0.6872188169932667,368,"all","MLP#368","MLP",368
465,471,105,110,0.8177083333333334,0.8157894736842105,0.8177083333333334,0.8177083333333334,0.8141745894554884,0.8132059079061685,0.6264087138338905,369,"all","DT#369","DT",369
501,517,59,74,0.8975694444444444,0.8946428571428572,0.8975694444444444,0.8975694444444444,0.8860325621251072,0.8844483058210252,0.7688912037561236,369,"all","RF#369","RF",369
485,475,101,90,0.8434782608695652,0.8407079646017699,0.8434782608695652,0.8434782608695652,0.8354866494401378,0.8340573414422241,0.6681199436603558,369,"all","NB#369","NB",369
494,498,78,81,0.8645833333333334,0.8636363636363636,0.8645833333333334,0.8645833333333334,0.8623376623376622,0.8618592528236316,0.723717045819954,369,"all","MLP#369","MLP",369
486,472,104,89,0.8452173913043478,0.8413547237076648,0.8452173913043478,0.8452173913043478,0.8343347639484979,0.8323197219808862,0.6646467848705117,370,"all","DT#370","DT",370
498,518,58,77,0.8993055555555556,0.89568345323741,0.8993055555555556,0.8993055555555556,0.8847139197267293,0.8827106863596872,0.7654144669004697,370,"all","RF#370","RF",370
487,421,155,88,0.8469565217391304,0.8271119842829077,0.8469565217391304,0.8469565217391304,0.8003286770747741,0.788879235447437,0.5778008564954934,370,"all","NB#370","NB",370
476,512,64,99,0.8888888888888888,0.8814814814814815,0.8888888888888888,0.8888888888888888,0.8626790227464195,0.8583840139009556,0.7167528477501074,370,"all","MLP#370","MLP",370
475,462,114,100,0.8260869565217391,0.8220640569395018,0.8260869565217391,0.8260869565217391,0.8161512027491409,0.8140747176368376,0.6281570135896887,371,"all","DT#371","DT",371
500,514,62,75,0.8923611111111112,0.8896797153024911,0.8923611111111112,0.8923611111111112,0.8824034334763948,0.8809730668983493,0.7619412820601855,371,"all","RF#371","RF",371
442,491,85,133,0.8524305555555556,0.8387096774193549,0.8524305555555556,0.8524305555555556,0.8183333333333335,0.8105994787141616,0.6211712201367249,371,"all","NB#371","NB",371
486,512,64,89,0.8888888888888888,0.8836363636363637,0.8888888888888888,0.8888888888888888,0.8700084961767205,0.8670721112076455,0.7341339875448197,371,"all","MLP#371","MLP",371
470,447,129,105,0.8173913043478261,0.8097826086956522,0.8173913043478261,0.8173913043478261,0.8006814310051107,0.7966985230234579,0.5934114705988914,372,"all","DT#372","DT",372
497,523,53,78,0.9079861111111112,0.9036363636363637,0.9079861111111112,0.9079861111111112,0.8887000849617671,0.8861859252823632,0.7723630873749764,372,"all","RF#372","RF",372
480,425,151,95,0.8347826086956521,0.8173076923076923,0.8347826086956521,0.8347826086956521,0.7960199004975124,0.7862728062554301,0.5725814242757256,372,"all","NB#372","NB",372
492,502,74,83,0.8715277777777778,0.8692579505300353,0.8715277777777778,0.8715277777777778,0.8647717484926787,0.8635968722849696,0.7271898319874516,372,"all","MLP#372","MLP",372
463,443,133,112,0.8052173913043478,0.7981981981981981,0.8052173913043478,0.8052173913043478,0.7907771135781383,0.787141615986099,0.5742964066658515,373,"all","DT#373","DT",373
487,511,65,88,0.8871527777777778,0.8822463768115942,0.8871527777777778,0.8871527777777778,0.8697872340425533,0.8670721112076455,0.7341347903082382,373,"all","RF#373","RF",373
503,386,190,72,0.8747826086956522,0.8427947598253275,0.8747826086956522,0.8747826086956522,0.7933753943217665,0.7723718505647263,0.5448244425057132,373,"all","NB#373","NB",373
490,511,65,85,0.8871527777777778,0.8828828828828829,0.8871527777777778,0.8871527777777778,0.8720136518771331,0.8696785403996524,0.7393490141610555,373,"all","MLP#373","MLP",373
476,480,96,99,0.8333333333333334,0.8321678321678322,0.8333333333333334,0.8333333333333334,0.8311688311688311,0.8305821025195482,0.6611624146848493,374,"all","DT#374","DT",374
502,517,59,73,0.8975694444444444,0.8948306595365418,0.8975694444444444,0.8975694444444444,0.8867924528301887,0.8853171155516942,0.7706292101584273,374,"all","RF#374","RF",374
520,354,222,55,0.9043478260869565,0.8655256723716381,0.9043478260869565,0.9043478260869565,0.7896735003796508,0.7593397046046916,0.5188003628312307,374,"all","NB#374","NB",374
480,497,79,95,0.8628472222222222,0.8586762075134168,0.8628472222222222,0.8628472222222222,0.851027397260274,0.8488271068635969,0.6976466822870118,374,"all","MLP#374","MLP",374
460,482,94,115,0.8368055555555556,0.8303249097472925,0.8368055555555556,0.8368055555555556,0.8218243819266837,0.8184187662901824,0.6368257447775366,375,"all","DT#375","DT",375
484,533,43,91,0.9253472222222222,0.9184060721062619,0.9253472222222222,0.9253472222222222,0.8883333333333333,0.8835794960903562,0.7671419426528493,375,"all","RF#375","RF",375
530,298,278,45,0.9217391304347826,0.8688046647230321,0.9217391304347826,0.9217391304347826,0.7664497469269704,0.7193744569939183,0.4389458418159071,375,"all","NB#375","NB",375
461,512,64,114,0.8888888888888888,0.878095238095238,0.8888888888888888,0.8888888888888888,0.8519134775374375,0.845351867940921,0.6906801539971316,375,"all","MLP#375","MLP",375
482,477,99,93,0.8382608695652174,0.8368421052631579,0.8382608695652174,0.8382608695652174,0.8339100346020761,0.8331885317115552,0.6663798335160007,376,"all","DT#376","DT",376
502,530,46,73,0.9201388888888888,0.916058394160584,0.9201388888888888,0.9201388888888888,0.899067005937235,0.896611642050391,0.7932146992706527,376,"all","RF#376","RF",376
512,367,209,63,0.8904347826086957,0.8534883720930233,0.8904347826086957,0.8904347826086957,0.7901234567901235,0.7636837532580365,0.5274713001059549,376,"all","NB#376","NB",376
493,509,67,82,0.8836805555555556,0.8803571428571428,0.8836805555555556,0.8836805555555556,0.8723221936589546,0.8705473501303215,0.7410886418019732,376,"all","MLP#376","MLP",376
472,454,122,103,0.8208695652173913,0.8150807899461401,0.8208695652173913,0.8208695652173913,0.8075278015397777,0.8045178105994787,0.6090465400297999,377,"all","DT#377","DT",377
489,506,70,86,0.8784722222222222,0.8747763864042933,0.8784722222222222,0.8784722222222222,0.8664383561643836,0.8644656820156386,0.7289246117055967,377,"all","RF#377","RF",377
510,352,224,65,0.8869565217391304,0.8441247002398081,0.8869565217391304,0.8869565217391304,0.7792207792207791,0.7489139878366637,0.4979481072629003,377,"all","NB#377","NB",377
454,515,61,121,0.8940972222222222,0.8815533980582524,0.8940972222222222,0.8940972222222222,0.8498349834983498,0.841876629018245,0.6837243711688861,377,"all","MLP#377","MLP",377
474,458,118,101,0.8243478260869566,0.8193202146690519,0.8243478260869566,0.8243478260869566,0.8123393316195373,0.8097306689834927,0.6194708167211893,378,"all","DT#378","DT",378
500,521,55,75,0.9045138888888888,0.9009009009009009,0.9045138888888888,0.9045138888888888,0.8890784982935153,0.8870547350130321,0.7741024789395814,378,"all","RF#378","RF",378
499,399,177,76,0.8678260869565217,0.84,0.8678260869565217,0.8678260869565217,0.7977617905675459,0.7801911381407471,0.5604489653600522,378,"all","NB#378","NB",378
496,505,71,79,0.8767361111111112,0.8747795414462081,0.8767361111111112,0.8767361111111112,0.8706896551724139,0.8696785403996524,0.7393537361562337,378,"all","MLP#378","MLP",378
474,474,102,101,0.8243478260869566,0.8243478260869566,0.8243478260869566,0.8243478260869566,0.8236316246741965,0.8236316246741964,0.6472635156045962,379,"all","DT#379","DT",379
499,525,51,76,0.9114583333333334,0.9072727272727272,0.9114583333333334,0.9114583333333334,0.8920985556499575,0.889661164205039,0.7793138327986412,379,"all","RF#379","RF",379
309,550,26,266,0.9548611111111112,0.9223880597014925,0.9548611111111112,0.9548611111111112,0.7902298850574714,0.7463075586446568,0.492430832427208,379,"all","NB#379","NB",379
507,512,64,68,0.8888888888888888,0.8879159369527145,0.8888888888888888,0.8888888888888888,0.8858131487889273,0.8853171155516942,0.7706326729026143,379,"all","MLP#379","MLP",379
471,462,114,104,0.8191304347826087,0.8162544169611308,0.8191304347826087,0.8191304347826087,0.8120689655172414,0.8105994787141616,0.6212043900303438,380,"all","DT#380","DT",380
492,524,52,83,0.9097222222222222,0.9044117647058824,0.9097222222222222,0.9097222222222222,0.885883347421809,0.8827106863596872,0.7654102169636562,380,"all","RF#380","RF",380
331,534,42,244,0.9270833333333334,0.8873994638069705,0.9270833333333334,0.9270833333333334,0.7887740029542097,0.7515204170286707,0.5028888640557657,380,"all","NB#380","NB",380
481,499,77,94,0.8663194444444444,0.8620071684587813,0.8663194444444444,0.8663194444444444,0.853721129170231,0.8514335360556038,0.7028592219305144,380,"all","MLP#380","MLP",380
463,468,108,112,0.8125,0.8108581436077058,0.8125,0.8125,0.8096885813148789,0.8088618592528236,0.6177211215043569,381,"all","DT#381","DT",381
506,515,61,69,0.8940972222222222,0.892416225749559,0.8940972222222222,0.8940972222222222,0.8879310344827587,0.8870547350130321,0.7741065713354025,381,"all","RF#381","RF",381
491,427,149,84,0.8539130434782609,0.8356164383561644,0.8539130434782609,0.8539130434782609,0.8082304526748972,0.7975673327541268,0.595174084668624,381,"all","NB#381","NB",381
491,513,63,84,0.890625,0.8862815884476535,0.890625,0.890625,0.8746803069053709,0.8722849695916595,0.7445616482406598,381,"all","MLP#381","MLP",381
470,466,110,105,0.8173913043478261,0.8161120840630472,0.8173913043478261,0.8173913043478261,0.8138528138528138,0.8132059079061685,0.6264143537563877,382,"all","DT#382","DT",382
486,525,51,89,0.9114583333333334,0.9050279329608939,0.9114583333333334,0.9114583333333334,0.8823529411764706,0.8783666377063423,0.7567191354576499,382,"all","RF#382","RF",382
454,459,117,121,0.796875,0.7950963222416813,0.796875,0.796875,0.7941176470588234,0.7932232841007819,0.5864437587183498,382,"all","NB#382","NB",382
469,512,64,106,0.8888888888888888,0.8799249530956847,0.8888888888888888,0.8888888888888888,0.8576214405360134,0.8523023457862728,0.7045857376222527,382,"all","MLP#382","MLP",382
455,471,105,120,0.8177083333333334,0.8125,0.8177083333333334,0.8177083333333334,0.8071979434447301,0.8045178105994787,0.609026472519758,383,"all","DT#383","DT",383
492,536,40,83,0.9305555555555556,0.924812030075188,0.9305555555555556,0.9305555555555556,0.897071129707113,0.893136403127715,0.7862587698174851,383,"all","RF#383","RF",383
497,426,150,78,0.8643478260869565,0.8452380952380952,0.8643478260869565,0.8643478260869565,0.8134206219312603,0.8019113814074718,0.6038655218635656,383,"all","NB#383","NB",383
465,531,45,110,0.921875,0.9117647058823529,0.921875,0.921875,0.8726376335250616,0.8653344917463076,0.7306423486604211,383,"all","MLP#383","MLP",383
465,472,104,110,0.8194444444444444,0.8172231985940246,0.8194444444444444,0.8194444444444444,0.8151986183074266,0.8140747176368376,0.6281457863446832,384,"all","DT#384","DT",384
487,522,54,88,0.90625,0.9001848428835489,0.90625,0.90625,0.8802698145025296,0.8766290182450044,0.7532451846864121,384,"all","RF#384","RF",384
488,421,155,87,0.8486956521739131,0.8287401574803149,0.8486956521739131,0.8486956521739131,0.8013136288998357,0.789748045178106,0.5795389362203157,384,"all","NB#384","NB",384
470,519,57,105,0.9010416666666666,0.8918406072106262,0.9010416666666666,0.9010416666666666,0.8650000000000001,0.8592528236316247,0.7184850351474745,384,"all","MLP#384","MLP",384
469,462,114,106,0.8156521739130435,0.8133802816901409,0.8156521739130435,0.8156521739130435,0.8100172711571675,0.8088618592528236,0.6177280467627202,385,"all","DT#385","DT",385
505,512,64,70,0.8888888888888888,0.8875219683655536,0.8888888888888888,0.8888888888888888,0.8842832469775475,0.8835794960903562,0.767156707337325,385,"all","RF#385","RF",385
488,418,158,87,0.8486956521739131,0.8277227722772277,0.8486956521739131,0.8486956521739131,0.7993447993447993,0.787141615986099,0.5743285366453776,385,"all","NB#385","NB",385
488,501,75,87,0.8697916666666666,0.866785079928952,0.8697916666666666,0.8697916666666666,0.8608247422680413,0.8592528236316247,0.7185003351509991,385,"all","MLP#385","MLP",385
472,465,111,103,0.8208695652173913,0.8186619718309859,0.8208695652173913,0.8208695652173913,0.8151986183074266,0.8140747176368376,0.6281536454873735,386,"all","DT#386","DT",386
512,525,51,63,0.9114583333333334,0.9094138543516874,0.9114583333333334,0.9114583333333334,0.9020618556701031,0.9009556907037359,0.8019076432544069,386,"all","RF#386","RF",386
515,349,227,60,0.8956521739130435,0.8533007334963325,0.8956521739130435,0.8956521739130435,0.7820804859529235,0.7506516072980017,0.5014285347745964,386,"all","NB#386","NB",386
499,492,84,76,0.8678260869565217,0.8661971830985915,0.8678260869565217,0.8678260869565217,0.8618307426597583,0.8609904430929627,0.7219840340092512,386,"all","MLP#386","MLP",386
468,470,106,107,0.8159722222222222,0.8153310104529616,0.8159722222222222,0.8159722222222222,0.8152645273200347,0.8149435273675065,0.6298862166156652,387,"all","DT#387","DT",387
500,519,57,75,0.9010416666666666,0.8976660682226212,0.9010416666666666,0.9010416666666666,0.8871794871794872,0.8853171155516942,0.7706278250314774,387,"all","RF#387","RF",387
469,454,122,106,0.8156521739130435,0.8107142857142857,0.8156521739130435,0.8156521739130435,0.8044596912521441,0.8019113814074718,0.6038320330426801,387,"all","NB#387","NB",387
482,504,72,93,0.875,0.8700361010830325,0.875,0.875,0.8593350383631713,0.8566463944396178,0.713283482719108,387,"all","MLP#387","MLP",387
474,467,109,101,0.8243478260869566,0.8221830985915493,0.8243478260869566,0.8243478260869566,0.8186528497409327,0.8175499565595135,0.6351040446371421,388,"all","DT#388","DT",388
497,521,55,78,0.9045138888888888,0.9003623188405797,0.9045138888888888,0.9045138888888888,0.8868085106382977,0.8844483058210252,0.7688884124901679,388,"all","RF#388","RF",388
494,443,133,81,0.8591304347826086,0.8454198473282443,0.8591304347826086,0.8591304347826086,0.8219633943427619,0.8140747176368376,0.6281783434875283,388,"all","NB#388","NB",388
501,522,54,74,0.90625,0.9027027027027027,0.90625,0.90625,0.8907849829351536,0.8887923544743701,0.777577825417434,388,"all","MLP#388","MLP",388
468,472,104,107,0.8194444444444444,0.8181818181818182,0.8194444444444444,0.8194444444444444,0.8173160173160173,0.8166811468288445,0.6333603564025805,389,"all","DT#389","DT",389
502,530,46,73,0.9201388888888888,0.916058394160584,0.9201388888888888,0.9201388888888888,0.899067005937235,0.896611642050391,0.7932146992706527,389,"all","RF#389","RF",389
519,368,208,56,0.9026086956521739,0.8679245283018868,0.9026086956521739,0.9026086956521739,0.7972350230414745,0.7706342311033884,0.5413733563554257,389,"all","NB#389","NB",389
463,510,66,112,0.8854166666666666,0.8752362948960303,0.8854166666666666,0.8854166666666666,0.8514190317195326,0.845351867940921,0.6906820220003201,389,"all","MLP#389","MLP",389
467,462,114,108,0.8121739130434783,0.8105263157894737,0.8121739130434783,0.8121739130434783,0.8079584775086506,0.8071242397914856,0.6142516825028758,390,"all","DT#390","DT",390
493,510,66,82,0.8854166666666666,0.8819320214669052,0.8854166666666666,0.8854166666666666,0.8732876712328766,0.8714161598609904,0.7428259136694122,390,"all","RF#390","RF",390
302,552,24,273,0.9583333333333334,0.9263803680981595,0.9583333333333334,0.9583333333333334,0.7880085653104926,0.7419635099913119,0.4837325625121763,390,"all","NB#390","NB",390
487,496,80,88,0.8611111111111112,0.8589065255731922,0.8611111111111112,0.8611111111111112,0.8551724137931035,0.8540399652476107,0.7080761844949817,390,"all","MLP#390","MLP",390
480,461,115,95,0.8347826086956521,0.829136690647482,0.8347826086956521,0.8347826086956521,0.8205128205128206,0.8175499565595135,0.6351106548715316,391,"all","DT#391","DT",391
503,528,48,72,0.9166666666666666,0.9128856624319419,0.9166666666666666,0.9166666666666666,0.8979591836734694,0.895742832319722,0.7914779520997137,391,"all","RF#391","RF",391
416,511,65,159,0.8871527777777778,0.8648648648648649,0.8871527777777778,0.8871527777777778,0.8202247191011237,0.8053866203301477,0.6107177045051684,391,"all","NB#391","NB",391
478,510,66,97,0.8854166666666666,0.8786764705882353,0.8854166666666666,0.8854166666666666,0.8622147083685545,0.8583840139009556,0.7167545582598219,391,"all","MLP#391","MLP",391
449,453,123,126,0.7864583333333334,0.784965034965035,0.7864583333333334,0.7864583333333334,0.7844155844155843,0.7836663770634231,0.5673304679821921,392,"all","DT#392","DT",392
488,517,59,87,0.8975694444444444,0.8921389396709324,0.8975694444444444,0.8975694444444444,0.876271186440678,0.8731537793223284,0.7462966429740387,392,"all","RF#392","RF",392
443,472,104,132,0.8194444444444444,0.8098720292504571,0.8194444444444444,0.8194444444444444,0.7999999999999999,0.7949609035621199,0.5899041626155695,392,"all","NB#392","NB",392
487,514,62,88,0.8923611111111112,0.8870673952641166,0.8923611111111112,0.8923611111111112,0.872665534804754,0.8696785403996524,0.7393466530993064,392,"all","MLP#392","MLP",392
481,453,123,94,0.8365217391304348,0.8281535648994516,0.8365217391304348,0.8365217391304348,0.8159457167090753,0.8114682884448305,0.62295279946983,393,"all","DT#393","DT",393
505,520,56,70,0.9027777777777778,0.9001782531194296,0.9027777777777778,0.9027777777777778,0.8919382504288165,0.8905299739357081,0.781055155151226,393,"all","RF#393","RF",393
508,360,216,67,0.8834782608695653,0.8430913348946136,0.8834782608695653,0.8834782608695653,0.7821401077752117,0.7541268462206777,0.5083639096881892,393,"all","NB#393","NB",393
488,510,66,87,0.8854166666666666,0.8808664259927798,0.8854166666666666,0.8854166666666666,0.8695652173913043,0.8670721112076455,0.7341355930668091,393,"all","MLP#393","MLP",393
480,449,127,95,0.8347826086956521,0.8253676470588235,0.8347826086956521,0.8347826086956521,0.8121827411167513,0.8071242397914856,0.614266822858799,394,"all","DT#394","DT",394
496,515,61,79,0.8940972222222222,0.8904847396768402,0.8940972222222222,0.8940972222222222,0.8803418803418804,0.8783666377063423,0.756726481093991,394,"all","RF#394","RF",394
482,430,146,93,0.8382608695652174,0.8221797323135756,0.8382608695652174,0.8382608695652174,0.8013300083125519,0.792354474370113,0.5847418609320209,394,"all","NB#394","NB",394
482,487,89,93,0.8454861111111112,0.8441330998248686,0.8454861111111112,0.8454861111111112,0.842560553633218,0.841876629018245,0.6837511096081498,394,"all","MLP#394","MLP",394
470,471,105,105,0.8177083333333334,0.8177083333333334,0.8177083333333334,0.8177083333333334,0.8177083333333333,0.8175499565595135,0.6350996376811594,395,"all","DT#395","DT",395
510,519,57,65,0.9010416666666666,0.8994708994708994,0.9010416666666666,0.9010416666666666,0.8948275862068966,0.894005212858384,0.78800770540707,395,"all","RF#395","RF",395
542,218,358,33,0.9426086956521739,0.8685258964143426,0.9426086956521739,0.9426086956521739,0.7349152542372881,0.6602953953084274,0.3209234599569956,395,"all","NB#395","NB",395
500,485,91,75,0.8695652173913043,0.8660714285714286,0.8695652173913043,0.8695652173913043,0.8576329331046313,0.8557775847089487,0.7115619187942319,395,"all","MLP#395","MLP",395
463,459,117,112,0.8052173913043478,0.8038528896672504,0.8052173913043478,0.8052173913043478,0.8017316017316017,0.8010425716768028,0.6020878465591293,396,"all","DT#396","DT",396
504,520,56,71,0.9027777777777778,0.9,0.9027777777777778,0.9027777777777778,0.8911739502999143,0.889661164205039,0.7793171644889301,396,"all","RF#396","RF",396
492,431,145,83,0.8556521739130435,0.8385214007782101,0.8556521739130435,0.8556521739130435,0.8118811881188119,0.8019113814074718,0.6038595421322279,396,"all","NB#396","NB",396
480,484,92,95,0.8402777777777778,0.8391608391608392,0.8402777777777778,0.8402777777777778,0.8380952380952381,0.8375325803649001,0.6750634438259836,396,"all","MLP#396","MLP",396
473,463,113,102,0.8226086956521739,0.8194690265486726,0.8226086956521739,0.8226086956521739,0.8148148148148148,0.8132059079061685,0.6264177376281492,397,"all","DT#397","DT",397
485,514,62,90,0.8923611111111112,0.886654478976234,0.8923611111111112,0.8923611111111112,0.8711864406779661,0.8679409209383145,0.7358704776168076,397,"all","RF#397","RF",397
393,502,74,182,0.8715277777777778,0.841541755888651,0.8715277777777778,0.8715277777777778,0.7968253968253969,0.7775847089487402,0.5550965435185689,397,"all","NB#397","NB",397
491,498,78,84,0.8645833333333334,0.8629173989455184,0.8645833333333334,0.8645833333333334,0.8601036269430052,0.8592528236316247,0.7185028849899003,397,"all","MLP#397","MLP",397
458,464,112,117,0.8055555555555556,0.8035087719298246,0.8055555555555556,0.8055555555555556,0.8020743301642178,0.8010425716768028,0.6020818393858649,398,"all","DT#398","DT",398
491,511,65,84,0.8871527777777778,0.8830935251798561,0.8871527777777778,0.8871527777777778,0.8727583262169086,0.8705473501303215,0.7410870782827407,398,"all","RF#398","RF",398
289,561,15,286,0.9739583333333334,0.9506578947368421,0.9739583333333334,0.9739583333333334,0.7884750527055516,0.738488271068636,0.47676208110504154,398,"all","NB#398","NB",398
481,498,78,94,0.8645833333333334,0.8604651162790697,0.8645833333333334,0.8645833333333334,0.8527397260273972,0.8505647263249348,0.7011220077779656,398,"all","MLP#398","MLP",398
465,476,100,110,0.8263888888888888,0.8230088495575221,0.8263888888888888,0.8263888888888888,0.8192771084337349,0.8175499565595135,0.6350941288364861,399,"all","DT#399","DT",399
490,522,54,85,0.90625,0.9007352941176471,0.90625,0.90625,0.882502113271344,0.8792354474370113,0.7584594085773942,399,"all","RF#399","RF",399
254,555,21,321,0.9635416666666666,0.9236363636363636,0.9635416666666666,0.9635416666666666,0.7644628099173553,0.7028670721112077,0.40546443135478033,399,"all","NB#399","NB",399
467,518,58,108,0.8993055555555556,0.8895238095238095,0.8993055555555556,0.8993055555555556,0.8618968386023295,0.8557775847089487,0.7115331773231675,399,"all","MLP#399","MLP",399
451,462,114,124,0.8020833333333334,0.7982300884955752,0.8020833333333334,0.8020833333333334,0.7951807228915662,0.7932232841007819,0.5864400126813509,400,"all","DT#400","DT",400
485,518,58,90,0.8993055555555556,0.8931860036832413,0.8993055555555556,0.8993055555555556,0.8750000000000001,0.8714161598609904,0.7428197014348519,400,"all","RF#400","RF",400
498,356,220,77,0.8660869565217392,0.8221709006928406,0.8660869565217392,0.8660869565217392,0.7703016241299304,0.7419635099913119,0.48403801715511285,400,"all","NB#400","NB",400
492,493,83,83,0.8559027777777778,0.8559027777777778,0.8559027777777778,0.8559027777777778,0.8559027777777778,0.8557775847089487,0.7115549516908212,400,"all","MLP#400","MLP",400
471,477,99,104,0.828125,0.8263157894736842,0.828125,0.828125,0.8245462402765773,0.8236316246741964,0.6472603205036269,401,"all","DT#401","DT",401
489,515,61,86,0.8940972222222222,0.889090909090909,0.8940972222222222,0.8940972222222222,0.875106202209006,0.8722849695916595,0.7445601056803172,401,"all","RF#401","RF",401
422,500,76,153,0.8680555555555556,0.8473895582329317,0.8680555555555556,0.8680555555555556,0.8136696501220505,0.8010425716768028,0.6020385823835199,401,"all","NB#401","NB",401
477,518,58,98,0.8993055555555556,0.891588785046729,0.8993055555555556,0.8993055555555556,0.8691275167785235,0.8644656820156386,0.7289147895404312,401,"all","MLP#401","MLP",401
455,445,131,120,0.7913043478260869,0.7876106194690266,0.7913043478260869,0.7913043478260869,0.7838070628768302,0.7819287576020851,0.5638644285798393,402,"all","DT#402","DT",402
509,511,65,66,0.8871527777777778,0.8867595818815331,0.8871527777777778,0.8871527777777778,0.8863833477883781,0.8861859252823632,0.7723713351016532,402,"all","RF#402","RF",402
539,226,350,36,0.9373913043478261,0.8625954198473282,0.9373913043478261,0.9373913043478261,0.7363387978142077,0.6646394439617723,0.3295961757258786,402,"all","NB#402","NB",402
480,484,92,95,0.8402777777777778,0.8391608391608392,0.8402777777777778,0.8402777777777778,0.8380952380952381,0.8375325803649001,0.6750634438259836,402,"all","MLP#402","MLP",402
480,481,95,95,0.8350694444444444,0.8350694444444444,0.8350694444444444,0.8350694444444444,0.8350694444444444,0.8349261511728931,0.6698520531400967,403,"all","DT#403","DT",403
494,522,54,81,0.90625,0.9014598540145985,0.90625,0.90625,0.8854961832061069,0.8827106863596872,0.7654116336263705,403,"all","RF#403","RF",403
420,502,74,155,0.8715277777777778,0.8502024291497976,0.8715277777777778,0.8715277777777778,0.8142741281427412,0.8010425716768028,0.6020361789409636,403,"all","NB#403","NB",403
504,500,76,71,0.8765217391304347,0.8756567425569177,0.8765217391304347,0.8765217391304347,0.8727272727272727,0.8722849695916595,0.7445716744287861,403,"all","MLP#403","MLP",403
478,448,128,97,0.831304347826087,0.8220183486238533,0.831304347826087,0.831304347826087,0.8094834885690093,0.8045178105994787,0.6090536221885751,404,"all","DT#404","DT",404
489,515,61,86,0.8940972222222222,0.889090909090909,0.8940972222222222,0.8940972222222222,0.875106202209006,0.8722849695916595,0.7445601056803172,404,"all","RF#404","RF",404
498,345,231,77,0.8660869565217392,0.8175355450236966,0.8660869565217392,0.8660869565217392,0.7638036809815951,0.7324066029539531,0.46493719757182056,404,"all","NB#404","NB",404
472,507,69,103,0.8802083333333334,0.8724584103512015,0.8802083333333334,0.8802083333333334,0.8549747048903878,0.8505647263249348,0.7011138856764991,404,"all","MLP#404","MLP",404
472,475,101,103,0.8246527777777778,0.8237347294938918,0.8246527777777778,0.8246527777777778,0.8232235701906413,0.8227628149435273,0.6455242920419445,405,"all","DT#405","DT",405
515,514,62,60,0.8956521739130435,0.8954703832752613,0.8956521739130435,0.8956521739130435,0.8940972222222222,0.894005212858384,0.7880109057641733,405,"all","RF#405","RF",405
490,428,148,85,0.8521739130434782,0.834307992202729,0.8521739130434782,0.8521739130434782,0.807914262159934,0.7975673327541268,0.5951728624843954,405,"all","NB#405","NB",405
490,502,74,85,0.8715277777777778,0.8687943262411347,0.8715277777777778,0.8715277777777778,0.8632846087704215,0.8618592528236316,0.7237137090138877,405,"all","MLP#405","MLP",405
469,465,111,106,0.8156521739130435,0.8143607705779334,0.8156521739130435,0.8156521739130435,0.812121212121212,0.8114682884448305,0.6229391384424936,406,"all","DT#406","DT",406
502,510,66,73,0.8854166666666666,0.8838028169014085,0.8854166666666666,0.8854166666666666,0.8800690250215704,0.8792354474370113,0.7584681601405813,406,"all","RF#406","RF",406
259,558,18,316,0.96875,0.9350180505415162,0.96875,0.96875,0.7696551724137931,0.7098175499565595,0.41937345001223386,406,"all","NB#406","NB",406
487,503,73,88,0.8732638888888888,0.8696428571428572,0.8732638888888888,0.8732638888888888,0.8620394173093401,0.8601216333622936,0.7202367203363602,406,"all","MLP#406","MLP",406
478,462,114,97,0.831304347826087,0.8264758497316637,0.831304347826087,0.831304347826087,0.8191945158526136,0.8166811468288445,0.6333714261560317,407,"all","DT#407","DT",407
496,519,57,79,0.9010416666666666,0.8969258589511754,0.9010416666666666,0.9010416666666666,0.8841567291311754,0.8818418766290183,0.7636757259450042,407,"all","RF#407","RF",407
485,449,127,90,0.8434782608695652,0.8330241187384044,0.8434782608695652,0.8434782608695652,0.8171861836562764,0.8114682884448305,0.6229573529256366,407,"all","NB#407","NB",407
495,524,52,80,0.9097222222222222,0.9049360146252285,0.9097222222222222,0.9097222222222222,0.888135593220339,0.8853171155516942,0.7706243621409119,407,"all","MLP#407","MLP",407
468,480,96,107,0.8333333333333334,0.8297872340425532,0.8333333333333334,0.8333333333333334,0.825451418744626,0.8236316246741964,0.6472571253447749,408,"all","DT#408","DT",408
492,523,53,83,0.9079861111111112,0.9027522935779817,0.9079861111111112,0.9079861111111112,0.8849407783417935,0.8818418766290183,0.7636728716578347,408,"all","RF#408","RF",408
429,502,74,146,0.8715277777777778,0.852882703777336,0.8715277777777778,0.8715277777777778,0.8202614379084968,0.8088618592528236,0.6176818736336075,408,"all","NB#408","NB",408
479,507,69,96,0.8802083333333334,0.8740875912408759,0.8802083333333334,0.8802083333333334,0.8600508905852416,0.8566463944396178,0.713280885543342,408,"all","MLP#408","MLP",408
447,485,91,128,0.8420138888888888,0.8308550185873605,0.8420138888888888,0.8420138888888888,0.815811606391926,0.8097306689834927,0.6194397935875042,409,"all","DT#409","DT",409
492,528,48,83,0.9166666666666666,0.9111111111111111,0.9166666666666666,0.9166666666666666,0.8896377422072451,0.8861859252823632,0.7723596506457919,409,"all","RF#409","RF",409
541,214,362,34,0.9408695652173913,0.8629032258064516,0.9408695652173913,0.9408695652173913,0.7320703653585926,0.6559513466550826,0.31224273004913033,409,"all","NB#409","NB",409
469,529,47,106,0.9184027777777778,0.9089147286821705,0.9184027777777778,0.9184027777777778,0.8736581337737408,0.8670721112076455,0.7341203398249542,409,"all","MLP#409","MLP",409
463,456,120,112,0.8052173913043478,0.8028169014084507,0.8052173913043478,0.8052173913043478,0.7996545768566493,0.7984361424847958,0.596876849313414,410,"all","DT#410","DT",410
494,524,52,81,0.9097222222222222,0.9047619047619048,0.9097222222222222,0.9097222222222222,0.8873835732430143,0.8844483058210252,0.7688863189964537,410,"all","RF#410","RF",410
494,412,164,81,0.8591304347826086,0.8356997971602435,0.8591304347826086,0.8591304347826086,0.8012976480129764,0.787141615986099,0.5743362471187939,410,"all","NB#410","NB",410
448,523,53,127,0.9079861111111112,0.8942115768463074,0.9079861111111112,0.9079861111111112,0.8531810766721045,0.843614248479583,0.6871933156783819,410,"all","MLP#410","MLP",410
465,452,124,110,0.808695652173913,0.8042704626334519,0.808695652173913,0.808695652173913,0.7989690721649485,0.7966985230234579,0.5934053326167623,411,"all","DT#411","DT",411
512,509,67,63,0.8904347826086957,0.8898601398601399,0.8904347826086957,0.8904347826086957,0.8873483535528596,0.8870547350130321,0.7741106635829493,411,"all","RF#411","RF",411
453,470,106,122,0.8159722222222222,0.8103756708407871,0.8159722222222222,0.8159722222222222,0.8047945205479452,0.8019113814074718,0.6038128940312568,411,"all","NB#411","NB",411
488,493,83,87,0.8559027777777778,0.8546409807355516,0.8559027777777778,0.8559027777777778,0.8529411764705882,0.8523023457862728,0.7046026847988214,411,"all","MLP#411","MLP",411
469,458,118,106,0.8156521739130435,0.8120567375886525,0.8156521739130435,0.8156521739130435,0.8072289156626505,0.8053866203301477,0.6107799979468972,412,"all","DT#412","DT",412
501,517,59,74,0.8975694444444444,0.8946428571428572,0.8975694444444444,0.8975694444444444,0.8860325621251072,0.8844483058210252,0.7688912037561236,412,"all","RF#412","RF",412
405,506,70,170,0.8784722222222222,0.8526315789473684,0.8784722222222222,0.8784722222222222,0.8083067092651758,0.7914856646394439,0.5829080477125169,412,"all","NB#412","NB",412
479,489,87,96,0.8489583333333334,0.8462897526501767,0.8489583333333334,0.8489583333333334,0.8423772609819122,0.8410078192875761,0.6820110780490678,412,"all","MLP#412","MLP",412
467,473,103,108,0.8211805555555556,0.8192982456140351,0.8211805555555556,0.8211805555555556,0.8176318063958514,0.8166811468288445,0.6333592493904694,413,"all","DT#413","DT",413
498,513,63,77,0.890625,0.8877005347593583,0.890625,0.890625,0.8799313893653515,0.8783666377063423,0.7567279501680289,413,"all","RF#413","RF",413
523,247,329,52,0.9095652173913044,0.8260869565217391,0.9095652173913044,0.9095652173913044,0.7330063069376315,0.6689834926151172,0.3382432165293196,413,"all","NB#413","NB",413
473,491,85,102,0.8524305555555556,0.8476702508960573,0.8524305555555556,0.8524305555555556,0.8400342172797262,0.8375325803649001,0.675056576029276,413,"all","MLP#413","MLP",413
456,478,98,119,0.8298611111111112,0.8231046931407943,0.8298611111111112,0.8298611111111112,0.8150042625745951,0.8114682884448305,0.6229243378790691,414,"all","DT#414","DT",414
496,524,52,79,0.9097222222222222,0.9051094890510949,0.9097222222222222,0.9097222222222222,0.8888888888888888,0.8861859252823632,0.7723624000374412,414,"all","RF#414","RF",414
422,502,74,153,0.8715277777777778,0.8508064516129032,0.8715277777777778,0.8715277777777778,0.8155970755483347,0.8027801911381407,0.605513036729924,414,"all","NB#414","NB",414
470,523,53,105,0.9079861111111112,0.8986615678776291,0.9079861111111112,0.9079861111111112,0.8687707641196013,0.8627280625543006,0.725434363808753,414,"all","MLP#414","MLP",414
470,478,98,105,0.8298611111111112,0.8274647887323944,0.8298611111111112,0.8298611111111112,0.8248490077653149,0.8236316246741964,0.6472592554571078,415,"all","DT#415","DT",415
499,511,65,76,0.8871527777777778,0.8847517730496454,0.8871527777777778,0.8871527777777778,0.8787618228718831,0.8774978279756733,0.7549914023330702,415,"all","RF#415","RF",415
540,196,380,35,0.9391304347826087,0.8484848484848485,0.9391304347826087,0.9391304347826087,0.7224080267558528,0.6394439617723718,0.2792627632045508,415,"all","NB#415","NB",415
494,507,69,81,0.8802083333333334,0.8774422735346359,0.8802083333333334,0.8802083333333334,0.8711340206185568,0.8696785403996524,0.7393521621768508,415,"all","MLP#415","MLP",415
472,473,103,103,0.8211805555555556,0.8211805555555556,0.8211805555555556,0.8211805555555556,0.8211805555555555,0.8210251954821894,0.6420501207729469,416,"all","DT#416","DT",416
498,512,64,77,0.8888888888888888,0.8861209964412812,0.8888888888888888,0.8888888888888888,0.878969957081545,0.8774978279756733,0.754990662558293,416,"all","RF#416","RF",416
436,492,84,139,0.8541666666666666,0.8384615384615385,0.8541666666666666,0.8541666666666666,0.815244407622204,0.8062554300608167,0.6124783911707645,416,"all","NB#416","NB",416
468,517,59,107,0.8975694444444444,0.888045540796964,0.8975694444444444,0.8975694444444444,0.8616666666666666,0.8557775847089487,0.7115340483609923,416,"all","MLP#416","MLP",416
473,455,121,102,0.8226086956521739,0.8168761220825853,0.8226086956521739,0.8226086956521739,0.8092386655260906,0.8062554300608167,0.6125216818962017,417,"all","DT#417","DT",417
506,520,56,69,0.9027777777777778,0.900355871886121,0.9027777777777778,0.9027777777777778,0.8927038626609441,0.891398783666377,0.7827931405658625,417,"all","RF#417","RF",417
354,538,38,221,0.9340277777777778,0.9030612244897959,0.9340277777777778,0.9340277777777778,0.8059925093632958,0.7749782797567333,0.5498318527008519,417,"all","NB#417","NB",417
495,502,74,80,0.8715277777777778,0.8699472759226714,0.8715277777777778,0.8715277777777778,0.8670120898100173,0.8662033014769766,0.7324039770891645,417,"all","MLP#417","MLP",417
468,465,111,107,0.8139130434782609,0.8129370629370629,0.8139130434782609,0.8139130434782609,0.8110918544194107,0.8105994787141616,0.6212009589314074,418,"all","DT#418","DT",418
493,532,44,82,0.9236111111111112,0.9180633147113594,0.9236111111111112,0.9236111111111112,0.8941176470588236,0.8905299739357081,0.781047221911885,418,"all","RF#418","RF",418
512,391,185,63,0.8904347826086957,0.8612334801762115,0.8904347826086957,0.8904347826086957,0.8050314465408805,0.7845351867940921,0.5691494018311843,418,"all","NB#418","NB",418
484,520,56,91,0.9027777777777778,0.8962962962962963,0.9027777777777778,0.9027777777777778,0.8761583824768323,0.8722849695916595,0.7445562491979498,418,"all","MLP#418","MLP",418
473,471,105,102,0.8226086956521739,0.8219895287958116,0.8226086956521739,0.8226086956521739,0.8204683434518646,0.8201563857515204,0.6403141290120969,419,"all","DT#419","DT",419
493,526,50,82,0.9131944444444444,0.9079189686924494,0.9131944444444444,0.9131944444444444,0.8885135135135135,0.8853171155516942,0.7706229769554086,419,"all","RF#419","RF",419
508,365,211,67,0.8834782608695653,0.8449074074074074,0.8834782608695653,0.8834782608695653,0.7851622874806801,0.7584708948740226,0.5170464150305489,419,"all","NB#419","NB",419
484,493,83,91,0.8559027777777778,0.8536155202821869,0.8559027777777778,0.8559027777777778,0.8500000000000001,0.8488271068635969,0.6976503339412311,419,"all","MLP#419","MLP",419
467,464,112,108,0.8121739130434783,0.8111888111888111,0.8121739130434783,0.8121739130434783,0.8093587521663778,0.8088618592528236,0.6177257383711451,420,"all","DT#420","DT",420
494,513,63,81,0.890625,0.8868940754039497,0.890625,0.890625,0.8769230769230768,0.8748913987836664,0.749775809125248,420,"all","RF#420","RF",420
398,513,63,177,0.890625,0.8633405639913232,0.890625,0.890625,0.8104265402843602,0.7914856646394439,0.5828992308458882,420,"all","NB#420","NB",420
478,494,82,97,0.8576388888888888,0.8535714285714285,0.8576388888888888,0.8576388888888888,0.8466152527849186,0.8444830582102519,0.6889588381379409,420,"all","MLP#420","MLP",420
477,464,112,98,0.8295652173913044,0.8256227758007118,0.8295652173913044,0.8295652173913044,0.8195876288659795,0.8175499565595135,0.6351073497842739,421,"all","DT#421","DT",421
501,521,55,74,0.9045138888888888,0.9010791366906474,0.9045138888888888,0.9045138888888888,0.8898377455166524,0.8879235447437012,0.7758404905937822,421,"all","RF#421","RF",421
510,386,190,65,0.8869565217391304,0.8558758314855875,0.8869565217391304,0.8869565217391304,0.7999999999999999,0.7784535186794093,0.5569903022527453,421,"all","NB#421","NB",421
486,511,65,89,0.8871527777777778,0.8820326678765881,0.8871527777777778,0.8871527777777778,0.8690476190476191,0.8662033014769766,0.7323967051946327,421,"all","MLP#421","MLP",421
471,471,105,104,0.8191304347826087,0.8191304347826087,0.8191304347826087,0.8191304347826087,0.8184187662901826,0.8184187662901824,0.6368378067062097,422,"all","DT#422","DT",422
507,523,53,68,0.9079861111111112,0.9053571428571429,0.9079861111111112,0.9079861111111112,0.8963153384747216,0.894874022589053,0.7897431252217366,422,"all","RF#422","RF",422
474,450,126,101,0.8243478260869566,0.8166969147005445,0.8243478260869566,0.8243478260869566,0.806808510638298,0.8027801911381407,0.6055749707514057,422,"all","NB#422","NB",422
484,519,57,91,0.9010416666666666,0.8946395563770795,0.9010416666666666,0.9010416666666666,0.875210792580101,0.8714161598609904,0.7428189248844295,422,"all","MLP#422","MLP",422
468,466,110,107,0.8139130434782609,0.8132635253054101,0.8139130434782609,0.8139130434782609,0.8117953165654813,0.8114682884448305,0.6229379999788648,423,"all","DT#423","DT",423
489,522,54,86,0.90625,0.9005524861878453,0.90625,0.90625,0.8817567567567567,0.8783666377063423,0.7567213391951301,423,"all","RF#423","RF",423
266,554,22,309,0.9618055555555556,0.9236111111111112,0.9618055555555556,0.9618055555555556,0.7699791521890201,0.7124239791485665,0.42459821812892967,423,"all","NB#423","NB",423
476,505,71,99,0.8767361111111112,0.870201096892139,0.8767361111111112,0.8767361111111112,0.8559322033898306,0.8523023457862728,0.7045919815451137,423,"all","MLP#423","MLP",423
463,468,108,112,0.8125,0.8108581436077058,0.8125,0.8125,0.8096885813148789,0.8088618592528236,0.6177211215043569,424,"all","DT#424","DT",424
486,540,36,89,0.9375,0.9310344827586207,0.9375,0.9375,0.8962655601659751,0.891398783666377,0.7827800231600656,424,"all","RF#424","RF",424
473,441,135,102,0.8226086956521739,0.8121546961325967,0.8226086956521739,0.8226086956521739,0.7996618765849535,0.794092093831451,0.588204391991341,424,"all","NB#424","NB",424
461,526,50,114,0.9131944444444444,0.9021526418786693,0.9131944444444444,0.9131944444444444,0.8651315789473684,0.8575152041702867,0.7150026572615711,424,"all","MLP#424","MLP",424
461,483,93,114,0.8385416666666666,0.8321299638989169,0.8385416666666666,0.8385416666666666,0.8235294117647058,0.8201563857515204,0.6403010965021535,425,"all","DT#425","DT",425
486,530,46,89,0.9201388888888888,0.9135338345864662,0.9201388888888888,0.9201388888888888,0.8870292887029287,0.8827106863596872,0.7654059668728495,425,"all","RF#425","RF",425
398,504,72,177,0.875,0.8468085106382979,0.875,0.875,0.8019093078758949,0.7836663770634231,0.5672638325821575,425,"all","NB#425","NB",425
456,525,51,119,0.9114583333333334,0.8994082840236687,0.9114583333333334,0.9114583333333334,0.860655737704918,0.8523023457862728,0.7045741410652061,425,"all","MLP#425","MLP",425
479,469,107,96,0.8330434782608696,0.8300884955752212,0.8330434782608696,0.8330434782608696,0.8251507321274762,0.8236316246741964,0.6472688406442526,426,"all","DT#426","DT",426
506,506,70,69,0.88,0.88,0.88,0.88,0.8792354474370112,0.8792354474370113,0.7584710771873836,426,"all","RF#426","RF",426
531,289,287,44,0.9234782608695652,0.8678678678678678,0.9234782608695652,0.9234782608695652,0.7623833452979181,0.7124239791485665,0.4250584402159232,426,"all","NB#426","NB",426
493,503,73,82,0.8732638888888888,0.8710247349823321,0.8732638888888888,0.8732638888888888,0.8664944013781223,0.8653344917463076,0.7306651207519427,426,"all","MLP#426","MLP",426
474,460,116,101,0.8243478260869566,0.8199643493761141,0.8243478260869566,0.8243478260869566,0.8137339055793992,0.8114682884448305,0.6229448306575182,427,"all","DT#427","DT",427
512,506,70,63,0.8904347826086957,0.8892794376098418,0.8904347826086957,0.8904347826086957,0.88504753673293,0.8844483058210252,0.7688988793898613,427,"all","RF#427","RF",427
507,408,168,68,0.8817391304347826,0.8571428571428571,0.8817391304347826,0.8817391304347826,0.8111999999999999,0.7949609035621199,0.5899833962264152,427,"all","NB#427","NB",427
459,517,59,116,0.8975694444444444,0.8861003861003861,0.8975694444444444,0.8975694444444444,0.8552522746071133,0.8479582971329279,0.6958901958652843,427,"all","MLP#427","MLP",427
466,464,112,109,0.8104347826086956,0.8097731239092496,0.8104347826086956,0.8104347826086956,0.808326105810928,0.8079930495221547,0.6159875483655721,428,"all","DT#428","DT",428
489,520,56,86,0.9027777777777778,0.8972477064220183,0.9027777777777778,0.9027777777777778,0.8798646362098138,0.8766290182450044,0.7532466748192099,428,"all","RF#428","RF",428
481,421,155,94,0.8365217391304348,0.8174757281553398,0.8365217391304348,0.8365217391304348,0.7943848059454997,0.7836663770634231,0.5673722679523776,428,"all","NB#428","NB",428
468,520,56,107,0.9027777777777778,0.8931297709923665,0.9027777777777778,0.9027777777777778,0.8645054031587699,0.8583840139009556,0.7167460055046507,428,"all","MLP#428","MLP",428
483,458,118,92,0.84,0.8327272727272728,0.84,0.84,0.8214285714285713,0.8175499565595135,0.635113959898917,429,"all","DT#429","DT",429
503,518,58,72,0.8993055555555556,0.8966131907308378,0.8993055555555556,0.8993055555555556,0.888507718696398,0.8870547350130321,0.7741045251560268,429,"all","RF#429","RF",429
277,555,21,298,0.9635416666666666,0.9295302013422819,0.9635416666666666,0.9635416666666666,0.7767669699090273,0.7228496959165943,0.4454670808898046,429,"all","NB#429","NB",429
483,516,60,92,0.8958333333333334,0.8895027624309392,0.8958333333333334,0.8958333333333334,0.8716216216216217,0.8679409209383145,0.7358688825547128,429,"all","MLP#429","MLP",429
468,472,104,107,0.8194444444444444,0.8181818181818182,0.8194444444444444,0.8194444444444444,0.8173160173160173,0.8166811468288445,0.6333603564025805,430,"all","DT#430","DT",430
503,521,55,72,0.9045138888888888,0.9014336917562724,0.9045138888888888,0.9045138888888888,0.891360136869119,0.889661164205039,0.77931649815892,430,"all","RF#430","RF",430
474,455,121,101,0.8243478260869566,0.8183453237410072,0.8243478260869566,0.8243478260869566,0.8102564102564104,0.8071242397914856,0.6142598351499048,430,"all","NB#430","NB",430
478,519,57,97,0.9010416666666666,0.8934579439252337,0.9010416666666666,0.9010416666666666,0.8708053691275167,0.8662033014769766,0.7323902409565796,430,"all","MLP#430","MLP",430
469,456,120,106,0.8156521739130435,0.8113879003558719,0.8156521739130435,0.8156521739130435,0.8058419243986253,0.8036490008688097,0.6073060050059329,431,"all","DT#431","DT",431
507,523,53,68,0.9079861111111112,0.9053571428571429,0.9079861111111112,0.9079861111111112,0.8963153384747216,0.894874022589053,0.7897431252217366,431,"all","RF#431","RF",431
508,349,227,67,0.8834782608695653,0.8389423076923077,0.8834782608695653,0.8834782608695653,0.7755725190839695,0.7445699391833188,0.4892628592127505,431,"all","NB#431","NB",431
489,501,75,86,0.8697916666666666,0.8670212765957447,0.8697916666666666,0.8697916666666666,0.8615649183147033,0.8601216333622936,0.7202384097562007,431,"all","MLP#431","MLP",431
448,466,110,127,0.8090277777777778,0.8028673835125448,0.8090277777777778,0.8090277777777778,0.7972626176218992,0.794092093831451,0.5881733075879062,432,"all","DT#432","DT",432
479,528,48,96,0.9166666666666666,0.9089184060721063,0.9166666666666666,0.9166666666666666,0.8799999999999999,0.8748913987836664,0.749764475686644,432,"all","RF#432","RF",432
488,379,197,87,0.8486956521739131,0.8133047210300429,0.8486956521739131,0.8486956521739131,0.7746031746031746,0.7532580364900087,0.5065976362620941,432,"all","NB#432","NB",432
472,507,69,103,0.8802083333333334,0.8724584103512015,0.8802083333333334,0.8802083333333334,0.8549747048903878,0.8505647263249348,0.7011138856764991,432,"all","MLP#432","MLP",432
467,459,117,108,0.8121739130434783,0.8095238095238095,0.8121739130434783,0.8121739130434783,0.8058671268334772,0.8045178105994787,0.6090406380348092,433,"all","DT#433","DT",433
505,505,71,70,0.8782608695652174,0.8782608695652174,0.8782608695652174,0.8782608695652174,0.8774978279756733,0.8774978279756733,0.7549958408879215,433,"all","RF#433","RF",433
489,423,153,86,0.8504347826086956,0.831041257367387,0.8504347826086956,0.8504347826086956,0.8036154478225145,0.792354474370113,0.5847506366354853,433,"all","NB#433","NB",433
488,490,86,87,0.8506944444444444,0.8501742160278746,0.8506944444444444,0.8506944444444444,0.849956634865568,0.8496959165942659,0.6993911524624887,433,"all","MLP#433","MLP",433
462,454,122,113,0.8034782608695652,0.800705467372134,0.8034782608695652,0.8034782608695652,0.7972389991371872,0.7958297132927888,0.5916646663919118,434,"all","DT#434","DT",434
496,529,47,79,0.9184027777777778,0.9134438305709024,0.9184027777777778,0.9184027777777778,0.8935810810810811,0.8905299739357081,0.7810492052756172,434,"all","RF#434","RF",434
509,394,182,66,0.8852173913043478,0.8565217391304348,0.8852173913043478,0.8852173913043478,0.8041074249605056,0.7845351867940921,0.5691454998822669,434,"all","NB#434","NB",434
484,514,62,91,0.8923611111111112,0.8864468864468864,0.8923611111111112,0.8923611111111112,0.8704487722269263,0.8670721112076455,0.7341323820034391,434,"all","MLP#434","MLP",434
470,445,131,105,0.8173913043478261,0.8090909090909091,0.8173913043478261,0.8173913043478261,0.7993197278911566,0.7949609035621199,0.5899375930292591,435,"all","DT#435","DT",435
502,520,56,73,0.9027777777777778,0.899641577060932,0.9027777777777778,0.9027777777777778,0.8896492728828059,0.8879235447437012,0.7758411674212654,435,"all","RF#435","RF",435
428,505,71,147,0.8767361111111112,0.8577154308617234,0.8767361111111112,0.8767361111111112,0.8224755700325733,0.8105994787141616,0.6211552050054052,435,"all","NB#435","NB",435
493,505,71,82,0.8767361111111112,0.874113475177305,0.8767361111111112,0.8767361111111112,0.8684436801375752,0.8670721112076455,0.7341396067869485,435,"all","MLP#435","MLP",435
487,467,109,88,0.8469565217391304,0.8414414414414414,0.8469565217391304,0.8469565217391304,0.8317677198975235,0.8288444830582102,0.657699559645603,436,"all","DT#436","DT",436
508,509,67,67,0.8836805555555556,0.8836805555555556,0.8836805555555556,0.8836805555555556,0.8836805555555556,0.8835794960903562,0.7671588164251208,436,"all","RF#436","RF",436
423,496,80,152,0.8611111111111112,0.8409542743538767,0.8611111111111112,0.8611111111111112,0.8104575163398693,0.7984361424847958,0.596828157649986,436,"all","NB#436","NB",436
478,487,89,97,0.8454861111111112,0.8430335097001763,0.8454861111111112,0.8454861111111112,0.8396551724137932,0.838401390095569,0.6767986328337298,436,"all","MLP#436","MLP",436
471,446,130,104,0.8191304347826087,0.8109090909090909,0.8191304347826087,0.8191304347826087,0.8010204081632653,0.7966985230234579,0.593412698173079,437,"all","DT#437","DT",437
513,519,57,62,0.9010416666666666,0.9,0.9010416666666666,0.9010416666666666,0.8971477960242005,0.896611642050391,0.7932215671917814,437,"all","RF#437","RF",437
268,561,15,307,0.9739583333333334,0.9469964664310954,0.9739583333333334,0.9739583333333334,0.7770083102493075,0.7202432667245873,0.44023935672125986,437,"all","NB#437","NB",437
488,502,74,87,0.8715277777777778,0.8683274021352313,0.8715277777777778,0.8715277777777778,0.8618025751072961,0.8601216333622936,0.720237565048831,437,"all","MLP#437","MLP",437
475,466,110,100,0.8260869565217391,0.823321554770318,0.8260869565217391,0.8260869565217391,0.8189655172413793,0.8175499565595135,0.6351051463595054,438,"all","DT#438","DT",438
502,526,50,73,0.9131944444444444,0.9094202898550725,0.9131944444444444,0.9131944444444444,0.8953191489361703,0.893136403127715,0.7862652235811327,438,"all","RF#438","RF",438
510,408,168,65,0.8869565217391304,0.8625792811839323,0.8869565217391304,0.8869565217391304,0.8140462889066241,0.7975673327541268,0.5951973047669218,438,"all","NB#438","NB",438
483,501,75,92,0.8697916666666666,0.8655913978494624,0.8697916666666666,0.8697916666666666,0.8571428571428571,0.8549087749782798,0.7098098834058242,438,"all","MLP#438","MLP",438
463,452,124,112,0.8052173913043478,0.8014184397163121,0.8052173913043478,0.8052173913043478,0.7969018932874354,0.7949609035621199,0.5899289264083379,439,"all","DT#439","DT",439
491,516,60,84,0.8958333333333334,0.8911070780399274,0.8958333333333334,0.8958333333333334,0.8775510204081632,0.8748913987836664,0.7497735425196566,439,"all","RF#439","RF",439
525,321,255,50,0.9130434782608695,0.8652291105121294,0.9130434782608695,0.9130434782608695,0.7749077490774908,0.73501303214596,0.4701896303227413,439,"all","NB#439","NB",439
480,500,76,95,0.8680555555555556,0.8633093525179856,0.8680555555555556,0.8680555555555556,0.8539709649871906,0.8514335360556038,0.7028583247405948,439,"all","MLP#439","MLP",439
473,479,97,102,0.8315972222222222,0.8298245614035088,0.8315972222222222,0.8315972222222222,0.8280034572169404,0.8271068635968722,0.6542108560602056,440,"all","DT#440","DT",440
499,526,50,76,0.9131944444444444,0.9089253187613844,0.9131944444444444,0.9131944444444444,0.8930390492359932,0.8905299739357081,0.7810511886034175,440,"all","RF#440","RF",440
473,439,137,102,0.8226086956521739,0.8114602587800369,0.8226086956521739,0.8226086956521739,0.7983122362869198,0.792354474370113,0.5847305773396635,440,"all","NB#440","NB",440
466,504,72,109,0.875,0.8661710037174721,0.875,0.875,0.8477712363330531,0.8427454387489139,0.6854730714125034,440,"all","MLP#440","MLP",440
482,449,127,93,0.8382608695652174,0.8284132841328413,0.8382608695652174,0.8382608695652174,0.8141891891891893,0.8088618592528236,0.6177430506284399,441,"all","DT#441","DT",441
498,516,60,77,0.8958333333333334,0.8924731182795699,0.8958333333333334,0.8958333333333334,0.8828058169375536,0.8809730668983493,0.7619398444706462,441,"all","RF#441","RF",441
547,141,435,28,0.951304347826087,0.834319526627219,0.951304347826087,0.951304347826087,0.7026332691072577,0.5977410947002606,0.19597560074048692,441,"all","NB#441","NB",441
479,523,53,96,0.9079861111111112,0.900375939849624,0.9079861111111112,0.9079861111111112,0.8753138075313807,0.8705473501303215,0.7410776967707746,441,"all","MLP#441","MLP",441
488,466,110,87,0.8486956521739131,0.8426763110307414,0.8486956521739131,0.8486956521739131,0.8320545609548167,0.8288444830582102,0.6577005931255406,442,"all","DT#442","DT",442
503,511,65,72,0.8871527777777778,0.8855633802816901,0.8871527777777778,0.8871527777777778,0.8817946505608283,0.8809730668983493,0.7619434384119398,442,"all","RF#442","RF",442
514,334,242,61,0.8939130434782608,0.8455696202531645,0.8939130434782608,0.8939130434782608,0.772351615326822,0.736750651607298,0.4736447317384592,442,"all","NB#442","NB",442
485,512,64,90,0.8888888888888888,0.8834244080145719,0.8888888888888888,0.8888888888888888,0.8692699490662139,0.8662033014769766,0.7323958971819546,442,"all","MLP#442","MLP",442
465,470,106,110,0.8159722222222222,0.8143607705779334,0.8159722222222222,0.8159722222222222,0.8131487889273357,0.8123370981754996,0.6246716465679141,443,"all","DT#443","DT",443
497,515,61,78,0.8940972222222222,0.8906810035842294,0.8940972222222222,0.8940972222222222,0.8810949529512403,0.8792354474370113,0.7584645137329914,443,"all","RF#443","RF",443
469,446,130,106,0.8156521739130435,0.8079710144927537,0.8156521739130435,0.8156521739130435,0.7989778534923339,0.7949609035621199,0.5899363549629845,443,"all","NB#443","NB",443
486,498,78,89,0.8645833333333334,0.8617021276595744,0.8645833333333334,0.8645833333333334,0.8564058469475494,0.8549087749782798,0.7098125119831399,443,"all","MLP#443","MLP",443
478,468,108,97,0.831304347826087,0.8283185840707965,0.831304347826087,0.831304347826087,0.8234280792420327,0.8218940052128584,0.6437936568082353,444,"all","DT#444","DT",444
497,512,64,78,0.8888888888888888,0.8859180035650623,0.8888888888888888,0.8888888888888888,0.8782161234991424,0.8766290182450044,0.7532526351704294,444,"all","RF#444","RF",444
528,283,293,47,0.9182608695652174,0.8575757575757575,0.9182608695652174,0.9182608695652174,0.7564469914040115,0.7046046915725456,0.4094282618472004,444,"all","NB#444","NB",444
470,503,73,105,0.8732638888888888,0.8655616942909761,0.8732638888888888,0.8732638888888888,0.8496621621621622,0.845351867940921,0.6906885598338085,444,"all","MLP#444","MLP",444
466,486,90,109,0.84375,0.8381294964028777,0.84375,0.84375,0.8300597779675492,0.8271068635968722,0.6542035475051368,445,"all","DT#445","DT",445
499,529,47,76,0.9184027777777778,0.9139194139194139,0.9184027777777778,0.9184027777777778,0.8958509737510584,0.893136403127715,0.7862632874929609,445,"all","RF#445","RF",445
505,381,195,70,0.8782608695652174,0.844789356984479,0.8782608695652174,0.8782608695652174,0.7921568627450981,0.7697654213727194,0.5396173729293235,445,"all","NB#445","NB",445
475,512,64,100,0.8888888888888888,0.8812615955473099,0.8888888888888888,0.8888888888888888,0.8619528619528619,0.8575152041702867,0.7150147049054598,445,"all","MLP#445","MLP",445
466,451,125,109,0.8104347826086956,0.8053571428571429,0.8104347826086956,0.8104347826086956,0.7993138936535162,0.7966985230234579,0.5934065602280139,446,"all","DT#446","DT",446
498,507,69,77,0.8802083333333334,0.8783068783068783,0.8802083333333334,0.8802083333333334,0.8741379310344828,0.8731537793223284,0.7463043031920675,446,"all","RF#446","RF",446
449,466,110,126,0.8090277777777778,0.8032200357781754,0.8090277777777778,0.8090277777777778,0.7979452054794521,0.7949609035621199,0.5899115920674413,446,"all","NB#446","NB",446
502,502,74,73,0.8730434782608696,0.8730434782608696,0.8730434782608696,0.8730434782608696,0.8722849695916596,0.8722849695916595,0.7445701319895353,446,"all","MLP#446","MLP",446
471,470,106,104,0.8191304347826087,0.818815331010453,0.8191304347826087,0.8191304347826087,0.8177083333333334,0.8175499565595135,0.6351007394301346,447,"all","DT#447","DT",447
491,518,58,84,0.8993055555555556,0.8943533697632058,0.8993055555555556,0.8993055555555556,0.8794567062818336,0.8766290182450044,0.7532481649340101,447,"all","RF#447","RF",447
478,430,146,97,0.831304347826087,0.8159392789373814,0.831304347826087,0.831304347826087,0.7973311092577149,0.788879235447437,0.5777893845413005,447,"all","NB#447","NB",447
485,502,74,90,0.8715277777777778,0.8676207513416816,0.8715277777777778,0.8715277777777778,0.8595890410958904,0.8575152041702867,0.7150233097417812,447,"all","MLP#447","MLP",447
466,472,104,109,0.8194444444444444,0.8175438596491228,0.8194444444444444,0.8194444444444444,0.8159031979256698,0.8149435273675065,0.62988398161218,448,"all","DT#448","DT",448
497,520,56,78,0.9027777777777778,0.8987341772151899,0.9027777777777778,0.9027777777777778,0.8858603066439522,0.8835794960903562,0.7671510829164013,448,"all","RF#448","RF",448
543,191,385,32,0.9443478260869566,0.8565022421524664,0.9443478260869566,0.9443478260869566,0.722554890219561,0.6377063423110338,0.2757980725851108,448,"all","NB#448","NB",448
480,511,65,95,0.8871527777777778,0.8807339449541285,0.8871527777777778,0.8871527777777778,0.8646362098138748,0.8609904430929627,0.721968084303335,448,"all","MLP#448","MLP",448
479,476,100,96,0.8330434782608696,0.8321678321678322,0.8330434782608696,0.8330434782608696,0.830155979202773,0.8297132927888793,0.659428385094293,449,"all","DT#449","DT",449
497,514,62,78,0.8923611111111112,0.889087656529517,0.8923611111111112,0.8923611111111112,0.8801369863013698,0.8783666377063423,0.7567272156332278,449,"all","RF#449","RF",449
510,335,241,65,0.8869565217391304,0.8375,0.8869565217391304,0.8869565217391304,0.7692307692307692,0.7341442224152911,0.46842928207481105,449,"all","NB#449","NB",449
490,502,74,85,0.8715277777777778,0.8687943262411347,0.8715277777777778,0.8715277777777778,0.8632846087704215,0.8618592528236316,0.7237137090138877,449,"all","MLP#449","MLP",449
469,483,93,106,0.8385416666666666,0.8345195729537367,0.8385416666666666,0.8385416666666666,0.8291845493562232,0.8271068635968722,0.6542066797808531,450,"all","DT#450","DT",450
487,527,49,88,0.9149305555555556,0.9085820895522388,0.9149305555555556,0.9149305555555556,0.8849706129303107,0.8809730668983493,0.7619319374178131,450,"all","RF#450","RF",450
489,430,146,86,0.8504347826086956,0.8333333333333334,0.8504347826086956,0.8504347826086956,0.8082644628099174,0.7984361424847958,0.5969084925882316,450,"all","NB#450","NB",450
461,516,60,114,0.8958333333333334,0.8848368522072937,0.8958333333333334,0.8958333333333334,0.855721393034826,0.8488271068635969,0.6976293357248325,450,"all","MLP#450","MLP",450
443,470,106,132,0.8159722222222222,0.8069216757741348,0.8159722222222222,0.8159722222222222,0.7979626485568762,0.7932232841007819,0.5864300229175662,451,"all","DT#451","DT",451
484,514,62,91,0.8923611111111112,0.8864468864468864,0.8923611111111112,0.8923611111111112,0.8704487722269263,0.8670721112076455,0.7341323820034391,451,"all","RF#451","RF",451
447,476,100,128,0.8263888888888888,0.8171846435100548,0.8263888888888888,0.8263888888888888,0.8067796610169492,0.8019113814074718,0.6038057164252112,451,"all","NB#451","NB",451
468,522,54,107,0.90625,0.896551724137931,0.90625,0.90625,0.866390041493776,0.8601216333622936,0.7202206698301645,451,"all","MLP#451","MLP",451
469,460,116,106,0.8156521739130435,0.8127208480565371,0.8156521739130435,0.8156521739130435,0.8086206896551725,0.8071242397914856,0.6142540118657629,452,"all","DT#452","DT",452
489,509,67,86,0.8836805555555556,0.8794964028776978,0.8836805555555556,0.8836805555555556,0.86934244235696,0.8670721112076455,0.7341363958205323,452,"all","RF#452","RF",452
507,376,200,68,0.8817391304347826,0.8468468468468469,0.8817391304347826,0.8817391304347826,0.7909516380655226,0.7671589921807124,0.5344104133838063,452,"all","NB#452","NB",452
486,492,84,89,0.8541666666666666,0.8526315789473684,0.8541666666666666,0.8541666666666666,0.8504753673293,0.8496959165942659,0.6993893371779679,452,"all","MLP#452","MLP",452
469,469,107,106,0.8156521739130435,0.8156521739130435,0.8156521739130435,0.8156521739130435,0.8149435273675065,0.8149435273675065,0.6298873341072856,453,"all","DT#453","DT",453
490,515,61,85,0.8940972222222222,0.8892921960072595,0.8940972222222222,0.8940972222222222,0.8758503401360545,0.8731537793223284,0.7462981750546518,453,"all","RF#453","RF",453
487,450,126,88,0.8469565217391304,0.8364312267657993,0.8469565217391304,0.8469565217391304,0.81986531986532,0.8140747176368376,0.6281704853888215,453,"all","NB#453","NB",453
490,501,75,85,0.8697916666666666,0.8672566371681416,0.8697916666666666,0.8697916666666666,0.8623063683304647,0.8609904430929627,0.7219764791135133,453,"all","MLP#453","MLP",453
467,464,112,108,0.8121739130434783,0.8111888111888111,0.8121739130434783,0.8121739130434783,0.8093587521663778,0.8088618592528236,0.6177257383711451,454,"all","DT#454","DT",454
512,522,54,63,0.90625,0.9045936395759717,0.90625,0.90625,0.8992248062015504,0.8983492615117289,0.7966956072772727,454,"all","RF#454","RF",454
520,327,249,55,0.9043478260869565,0.856020942408377,0.9043478260869565,0.9043478260869565,0.7738095238095238,0.735881841876629,0.4719179467366139,454,"all","NB#454","NB",454
487,505,71,88,0.8767361111111112,0.8727598566308243,0.8767361111111112,0.8767361111111112,0.8639863130881096,0.8618592528236316,0.7237112063564434,454,"all","MLP#454","MLP",454
479,443,133,96,0.8330434782608696,0.8218923933209648,0.8330434782608696,0.8330434782608696,0.8070766638584668,0.8010425716768028,0.6021070682947964,455,"all","DT#455","DT",455
509,532,44,66,0.9236111111111112,0.9204339963833634,0.9236111111111112,0.9236111111111112,0.9063032367972743,0.9044309296264118,0.8088553665731651,455,"all","RF#455","RF",455
489,430,146,86,0.8504347826086956,0.8333333333333334,0.8504347826086956,0.8504347826086956,0.8082644628099174,0.7984361424847958,0.5969084925882316,455,"all","NB#455","NB",455
475,507,69,100,0.8802083333333334,0.8731617647058824,0.8802083333333334,0.8802083333333334,0.8571428571428572,0.8531711555169418,0.7063283456804289,455,"all","MLP#455","MLP",455
470,465,111,105,0.8173913043478261,0.8157894736842105,0.8173913043478261,0.8173913043478261,0.8131487889273357,0.8123370981754996,0.6246773127055009,456,"all","DT#456","DT",456
494,524,52,81,0.9097222222222222,0.9047619047619048,0.9097222222222222,0.9097222222222222,0.8873835732430143,0.8844483058210252,0.7688863189964537,456,"all","RF#456","RF",456
524,322,254,51,0.9113043478260869,0.8632707774798928,0.9113043478260869,0.9113043478260869,0.7745750184774575,0.73501303214596,0.4701880311438373,456,"all","NB#456","NB",456
494,519,57,81,0.9010416666666666,0.896551724137931,0.9010416666666666,0.9010416666666666,0.8826530612244896,0.8801042571676803,0.7601996449146708,456,"all","MLP#456","MLP",456
467,485,91,108,0.8420138888888888,0.8369175627240143,0.8420138888888888,0.8420138888888888,0.8297690333618477,0.8271068635968722,0.6542045916033472,457,"all","DT#457","DT",457
482,521,55,93,0.9045138888888888,0.8975791433891993,0.9045138888888888,0.9045138888888888,0.8756302521008403,0.8714161598609904,0.7428173717695157,457,"all","RF#457","RF",457
510,340,236,65,0.8869565217391304,0.8395061728395061,0.8869565217391304,0.8869565217391304,0.7721423164269493,0.738488271068636,0.4771111322409222,457,"all","NB#457","NB",457
472,513,63,103,0.890625,0.8822429906542056,0.890625,0.890625,0.8607382550335569,0.8557775847089487,0.7115375324596895,457,"all","MLP#457","MLP",457
480,443,133,95,0.8347826086956521,0.8234200743494424,0.8347826086956521,0.8347826086956521,0.8080808080808081,0.8019113814074718,0.6038451900404265,458,"all","DT#458","DT",458
493,523,53,82,0.9079861111111112,0.9029304029304029,0.9079861111111112,0.9079861111111112,0.8856900931414056,0.8827106863596872,0.7654109252971522,458,"all","RF#458","RF",458
456,487,89,119,0.8454861111111112,0.8366972477064221,0.8454861111111112,0.8454861111111112,0.8240270727580371,0.8192875760208514,0.6385585095943355,458,"all","NB#458","NB",458
470,514,62,105,0.8923611111111112,0.8834586466165414,0.8923611111111112,0.8923611111111112,0.8602510460251045,0.8549087749782798,0.7097984923538213,458,"all","MLP#458","MLP",458
464,465,111,111,0.8072916666666666,0.8072916666666666,0.8072916666666666,0.8072916666666666,0.8072916666666666,0.8071242397914856,0.614248188405797,459,"all","DT#459","DT",459
496,516,60,79,0.8958333333333334,0.8920863309352518,0.8958333333333334,0.8958333333333334,0.8812980358667805,0.8792354474370113,0.7584637844382615,459,"all","RF#459","RF",459
515,347,229,60,0.8956521739130435,0.8525798525798526,0.8956521739130435,0.8956521739130435,0.7808946171341926,0.7489139878366637,0.49795568461548906,459,"all","NB#459","NB",459
483,518,58,92,0.8993055555555556,0.8927911275415896,0.8993055555555556,0.8993055555555556,0.8735244519392917,0.8696785403996524,0.7393435049504352,459,"all","MLP#459","MLP",459
477,476,100,98,0.8295652173913044,0.8292682926829268,0.8295652173913044,0.8295652173913044,0.8281250000000001,0.8279756733275413,0.6559521257484127,460,"all","DT#460","DT",460
499,528,48,76,0.9166666666666666,0.9122486288848263,0.9166666666666666,0.9166666666666666,0.8949152542372881,0.8922675933970461,0.7845259159505535,460,"all","RF#460","RF",460
484,442,134,91,0.8417391304347827,0.8292682926829268,0.8417391304347827,0.8417391304347827,0.8113998323554065,0.8045178105994787,0.609060704090767,460,"all","NB#460","NB",460
472,525,51,103,0.9114583333333334,0.9024856596558317,0.9114583333333334,0.9114583333333334,0.872093023255814,0.8662033014769766,0.7323853925730884,460,"all","MLP#460","MLP",460
482,465,111,93,0.8382608695652174,0.8333333333333334,0.8382608695652174,0.8382608695652174,0.8253424657534246,0.8227628149435273,0.6455349945200762,461,"all","DT#461","DT",461
502,509,67,73,0.8836805555555556,0.8822495606326889,0.8836805555555556,0.8836805555555556,0.8791018998272885,0.8783666377063423,0.7567308882628767,461,"all","RF#461","RF",461
394,514,62,181,0.8923611111111112,0.8640350877192983,0.8923611111111112,0.8923611111111112,0.8088119590873329,0.788879235447437,0.5776822828980448,461,"all","NB#461","NB",461
483,489,87,92,0.8489583333333334,0.8473684210526315,0.8489583333333334,0.8489583333333334,0.8452895419187554,0.8444830582102519,0.6889635338430996,461,"all","MLP#461","MLP",461
474,454,122,101,0.8243478260869566,0.818018018018018,0.8243478260869566,0.8243478260869566,0.8095644748078565,0.8062554300608167,0.612522851781571,462,"all","DT#462","DT",462
497,520,56,78,0.9027777777777778,0.8987341772151899,0.9027777777777778,0.9027777777777778,0.8858603066439522,0.8835794960903562,0.7671510829164013,462,"all","RF#462","RF",462
478,433,143,97,0.831304347826087,0.8169811320754717,0.831304347826087,0.831304347826087,0.7993311036789297,0.7914856646394439,0.5829999728279738,462,"all","NB#462","NB",462
484,506,70,91,0.8784722222222222,0.8736462093862816,0.8784722222222222,0.8784722222222222,0.8627450980392157,0.8601216333622936,0.7202341861683417,462,"all","MLP#462","MLP",462
494,448,128,81,0.8591304347826086,0.8468809073724007,0.8591304347826086,0.8591304347826086,0.8253968253968254,0.8184187662901824,0.6368630245136592,463,"all","DT#463","DT",463
510,507,69,65,0.8869565217391304,0.8863636363636364,0.8869565217391304,0.8869565217391304,0.8838821490467937,0.8835794960903562,0.7671602224624248,463,"all","RF#463","RF",463
425,504,72,150,0.875,0.8551307847082495,0.875,0.875,0.8195121951219513,0.8071242397914856,0.6142027593828983,463,"all","NB#463","NB",463
488,507,69,87,0.8802083333333334,0.8761220825852782,0.8802083333333334,0.8802083333333334,0.8666666666666667,0.8644656820156386,0.7289237932190186,463,"all","MLP#463","MLP",463
455,477,99,120,0.828125,0.8212996389891697,0.828125,0.828125,0.813299232736573,0.8097306689834927,0.6194489861544524,464,"all","DT#464","DT",464
486,516,60,89,0.8958333333333334,0.8901098901098901,0.8958333333333334,0.8958333333333334,0.8738357324301439,0.8705473501303215,0.7410831694020421,464,"all","RF#464","RF",464
484,413,163,91,0.8417391304347827,0.8194444444444444,0.8417391304347827,0.8417391304347827,0.7921440261865794,0.7793223284100782,0.5586922919006388,464,"all","NB#464","NB",464
464,496,80,111,0.8611111111111112,0.8529411764705882,0.8611111111111112,0.8611111111111112,0.8385460693153001,0.8340573414422241,0.6680988995559876,464,"all","MLP#464","MLP",464
452,475,101,123,0.8246527777777778,0.8173598553345389,0.8246527777777778,0.8246527777777778,0.8091993185689949,0.8053866203301477,0.6107600192035365,465,"all","DT#465","DT",465
489,523,53,86,0.9079861111111112,0.9022140221402214,0.9079861111111112,0.9079861111111112,0.8827004219409282,0.8792354474370113,0.7584586792518347,465,"all","RF#465","RF",465
206,557,19,369,0.9670138888888888,0.9155555555555556,0.9670138888888888,0.9670138888888888,0.7416777629826898,0.6629018245004344,0.3254467185257912,465,"all","NB#465","NB",465
479,509,67,96,0.8836805555555556,0.8772893772893773,0.8836805555555556,0.8836805555555556,0.8619813717188822,0.8583840139009556,0.7167554135069318,465,"all","MLP#465","MLP",465
462,460,116,113,0.8034782608695652,0.8027923211169284,0.8034782608695652,0.8034782608695652,0.8013876843018214,0.8010425716768028,0.6020866451389866,466,"all","DT#466","DT",466
487,520,56,88,0.9027777777777778,0.8968692449355433,0.9027777777777778,0.9027777777777778,0.8783783783783783,0.8748913987836664,0.749770520314991,466,"all","RF#466","RF",466
259,559,17,316,0.9704861111111112,0.9384057971014492,0.9704861111111112,0.9704861111111112,0.7705031013094418,0.7106863596872285,0.42111097853650725,466,"all","NB#466","NB",466
468,512,64,107,0.8888888888888888,0.8796992481203008,0.8888888888888888,0.8888888888888888,0.8569037656903766,0.8514335360556038,0.7028475580389426,466,"all","MLP#466","MLP",466
460,459,117,115,0.8,0.7996515679442509,0.8,0.8,0.798611111111111,0.7984361424847958,0.5968731978466247,467,"all","DT#467","DT",467
502,518,58,73,0.8993055555555556,0.8964285714285715,0.8993055555555556,0.8993055555555556,0.8877463581833761,0.8861859252823632,0.7723665240003925,467,"all","RF#467","RF",467
500,374,202,75,0.8695652173913043,0.8329621380846325,0.8695652173913043,0.8695652173913043,0.7830853563038371,0.7593397046046916,0.5187713104522533,467,"all","NB#467","NB",467
485,498,78,90,0.8645833333333334,0.8614564831261101,0.8645833333333334,0.8645833333333334,0.8556701030927835,0.8540399652476107,0.708074421638073,467,"all","MLP#467","MLP",467
479,460,116,96,0.8330434782608696,0.8273381294964028,0.8330434782608696,0.8330434782608696,0.8188034188034188,0.8158123370981755,0.6316355182512604,468,"all","DT#468","DT",468
491,509,67,84,0.8836805555555556,0.8799283154121864,0.8836805555555556,0.8836805555555556,0.8708297690333618,0.8688097306689835,0.7376125293070624,468,"all","RF#468","RF",468
499,362,214,76,0.8678260869565217,0.8264840182648402,0.8678260869565217,0.8678260869565217,0.7748447204968943,0.7480451781059948,0.4961949352339036,468,"all","NB#468","NB",468
464,496,80,111,0.8611111111111112,0.8529411764705882,0.8611111111111112,0.8611111111111112,0.8385460693153001,0.8340573414422241,0.6680988995559876,468,"all","MLP#468","MLP",468
474,465,111,101,0.8243478260869566,0.8215547703180212,0.8243478260869566,0.8243478260869566,0.8172413793103449,0.8158123370981755,0.6316299572772149,469,"all","DT#469","DT",469
507,519,57,68,0.9010416666666666,0.898936170212766,0.9010416666666666,0.9010416666666666,0.8925193465176268,0.891398783666377,0.7827937963945657,469,"all","RF#469","RF",469
314,543,33,261,0.9427083333333334,0.9048991354466859,0.9427083333333334,0.9427083333333334,0.7869565217391304,0.7445699391833188,0.4889635925409107,469,"all","NB#469","NB",469
499,490,86,76,0.8678260869565217,0.8657243816254417,0.8678260869565217,0.8678260869565217,0.8603448275862069,0.8592528236316247,0.7185096843344757,469,"all","MLP#469","MLP",469
456,442,134,119,0.7930434782608695,0.7878787878787878,0.7930434782608695,0.7930434782608695,0.7828326180257511,0.7801911381407471,0.5603918993380281,470,"all","DT#470","DT",470
483,515,61,92,0.8940972222222222,0.8878676470588235,0.8940972222222222,0.8940972222222222,0.8706677937447168,0.8670721112076455,0.734131579225477,470,"all","RF#470","RF",470
425,488,88,150,0.8472222222222222,0.8284600389863548,0.8472222222222222,0.8472222222222222,0.8039538714991762,0.7932232841007819,0.5864075441843892,470,"all","NB#470","NB",470
481,497,79,94,0.8628472222222222,0.8589285714285714,0.8628472222222222,0.8628472222222222,0.8517566409597257,0.8496959165942659,0.6993847988707474,470,"all","MLP#470","MLP",470
472,463,113,103,0.8208695652173913,0.8180212014134276,0.8208695652173913,0.8208695652173913,0.8137931034482758,0.8123370981754996,0.6246795791126343,471,"all","DT#471","DT",471
483,519,57,92,0.9010416666666666,0.8944444444444445,0.9010416666666666,0.9010416666666666,0.8744734625105307,0.8705473501303215,0.7410808240169695,471,"all","RF#471","RF",471
482,430,146,93,0.8382608695652174,0.8221797323135756,0.8382608695652174,0.8382608695652174,0.8013300083125519,0.792354474370113,0.5847418609320209,471,"all","NB#471","NB",471
483,495,81,92,0.859375,0.8563829787234043,0.859375,0.859375,0.8512467755803956,0.8496959165942659,0.6993866142100791,471,"all","MLP#471","MLP",471
460,468,108,115,0.8125,0.8098591549295775,0.8125,0.8125,0.8075927523727351,0.8062554300608167,0.6125064727435223,472,"all","DT#472","DT",472
494,509,67,81,0.8836805555555556,0.8805704099821747,0.8836805555555556,0.8836805555555556,0.8730703259005146,0.8714161598609904,0.7428266901776305,472,"all","RF#472","RF",472
499,355,221,76,0.8678260869565217,0.8236658932714617,0.8678260869565217,0.8678260869565217,0.7706563706563707,0.7419635099913119,0.4840395746703997,472,"all","NB#472","NB",472
463,507,69,112,0.8802083333333334,0.8703007518796992,0.8802083333333334,0.8802083333333334,0.8485355648535564,0.8427454387489139,0.6854702222517463,472,"all","MLP#472","MLP",472
473,457,119,102,0.8226086956521739,0.817531305903399,0.8226086956521739,0.8226086956521739,0.8106255355612683,0.8079930495221547,0.6159956643624787,473,"all","DT#473","DT",473
515,505,71,60,0.8956521739130435,0.8938053097345132,0.8956521739130435,0.8956521739130435,0.8871662360034454,0.8861859252823632,0.7723754587408723,473,"all","RF#473","RF",473
512,358,218,63,0.8904347826086957,0.850356294536817,0.8904347826086957,0.8904347826086957,0.7846743295019157,0.7558644656820156,0.5118427904098528,473,"all","NB#473","NB",473
495,502,74,80,0.8715277777777778,0.8699472759226714,0.8715277777777778,0.8715277777777778,0.8670120898100173,0.8662033014769766,0.7324039770891645,473,"all","MLP#473","MLP",473
483,481,95,92,0.84,0.8394415357766143,0.84,0.84,0.8378143972246314,0.8375325803649001,0.675066387078561,474,"all","DT#474","DT",474
510,516,60,65,0.8958333333333334,0.8947368421052632,0.8958333333333334,0.8958333333333334,0.891961970613656,0.891398783666377,0.7827957638569131,474,"all","RF#474","RF",474
484,429,147,91,0.8417391304347827,0.825,0.8417391304347827,0.8417391304347827,0.8026533996683252,0.7932232841007819,0.5864812153561897,474,"all","NB#474","NB",474
503,503,73,72,0.8747826086956522,0.8747826086956522,0.8747826086956522,0.8747826086956522,0.8740225890529973,0.8740225890529973,0.7480453682889971,474,"all","MLP#474","MLP",474
456,462,114,119,0.8020833333333334,0.8,0.8020833333333334,0.8020833333333334,0.7986171132238549,0.7975673327541268,0.595131303829286,475,"all","DT#475","DT",475
495,522,54,80,0.90625,0.9016393442622951,0.90625,0.90625,0.8862478777589134,0.8835794960903562,0.7671496767687138,475,"all","RF#475","RF",475
466,449,127,109,0.8104347826086956,0.8046594982078853,0.8104347826086956,0.8104347826086956,0.797945205479452,0.7949609035621199,0.5899326407193041,475,"all","NB#475","NB",475
477,500,76,98,0.8680555555555556,0.8625678119349005,0.8680555555555556,0.8680555555555556,0.8517887563884157,0.8488271068635969,0.6976439434884613,475,"all","MLP#475","MLP",475
468,470,106,107,0.8159722222222222,0.8153310104529616,0.8159722222222222,0.8159722222222222,0.8152645273200347,0.8149435273675065,0.6298862166156652,476,"all","DT#476","DT",476
504,520,56,71,0.9027777777777778,0.9,0.9027777777777778,0.9027777777777778,0.8911739502999143,0.889661164205039,0.7793171644889301,476,"all","RF#476","RF",476
540,241,335,35,0.9391304347826087,0.8731884057971014,0.9391304347826087,0.9391304347826087,0.7448275862068965,0.6785403996524761,0.35737135958955796,476,"all","NB#476","NB",476
485,517,59,90,0.8975694444444444,0.8915441176470589,0.8975694444444444,0.8975694444444444,0.8740490278951817,0.8705473501303215,0.7410823876117392,476,"all","MLP#476","MLP",476
445,473,103,130,0.8211805555555556,0.8120437956204379,0.8211805555555556,0.8211805555555556,0.8023748939779473,0.7975673327541268,0.5951178565551434,477,"all","DT#477","DT",477
495,514,62,80,0.8923611111111112,0.8886894075403949,0.8923611111111112,0.8923611111111112,0.8786324786324786,0.8766290182450044,0.7532511451096195,477,"all","RF#477","RF",477
478,412,164,97,0.831304347826087,0.8094302554027505,0.831304347826087,0.831304347826087,0.7855382087099424,0.7732406602953953,0.5465268458655299,477,"all","NB#477","NB",477
474,512,64,101,0.8888888888888888,0.8810408921933085,0.8888888888888888,0.8888888888888888,0.8612279226240539,0.8566463944396178,0.7132765568125032,477,"all","MLP#477","MLP",477
463,447,129,112,0.8052173913043478,0.7996422182468694,0.8052173913043478,0.8052173913043478,0.7934875749785776,0.790616854908775,0.5812441407753726,478,"all","DT#478","DT",478
502,521,55,73,0.9045138888888888,0.9012567324955116,0.9045138888888888,0.9045138888888888,0.8905982905982905,0.8887923544743701,0.7775784970002204,478,"all","RF#478","RF",478
243,553,23,332,0.9600694444444444,0.9135338345864662,0.9600694444444444,0.9600694444444444,0.757015742642026,0.6915725456125109,0.3828567372158813,478,"all","NB#478","NB",478
494,508,68,81,0.8819444444444444,0.8790035587188612,0.8819444444444444,0.8819444444444444,0.8721030042918456,0.8705473501303215,0.7410894235545082,478,"all","MLP#478","MLP",478
472,479,97,103,0.8315972222222222,0.8295254833040422,0.8315972222222222,0.8315972222222222,0.8272884283246977,0.8262380538662033,0.6524726975183954,479,"all","DT#479","DT",479
495,516,60,80,0.8958333333333334,0.8918918918918919,0.8958333333333334,0.8958333333333334,0.8805460750853242,0.8783666377063423,0.7567257465503184,479,"all","RF#479","RF",479
490,431,145,85,0.8521739130434782,0.8352713178294574,0.8521739130434782,0.8521739130434782,0.8099173553719009,0.8001737619461338,0.6003834193762642,479,"all","NB#479","NB",479
473,503,73,102,0.8732638888888888,0.8663003663003663,0.8732638888888888,0.8732638888888888,0.8518204911092294,0.8479582971329279,0.6959030513111233,479,"all","MLP#479","MLP",479
473,461,115,102,0.8226086956521739,0.8188277087033747,0.8226086956521739,0.8226086956521739,0.8134135855546,0.8114682884448305,0.6229436922282624,480,"all","DT#480","DT",480
499,510,66,76,0.8854166666666666,0.8831858407079646,0.8854166666666666,0.8854166666666666,0.8777969018932874,0.8766290182450044,0.7532541252132431,480,"all","RF#480","RF",480
423,493,83,152,0.8559027777777778,0.8359683794466403,0.8559027777777778,0.8559027777777778,0.8075348075348076,0.7958297132927888,0.5916165784177397,480,"all","NB#480","NB",480
489,499,77,86,0.8663194444444444,0.8639575971731449,0.8663194444444444,0.8663194444444444,0.8596037898363481,0.8583840139009556,0.7167639656939783,480,"all","MLP#480","MLP",480
472,473,103,103,0.8211805555555556,0.8211805555555556,0.8211805555555556,0.8211805555555556,0.8211805555555555,0.8210251954821894,0.6420501207729469,481,"all","DT#481","DT",481
501,518,58,74,0.8993055555555556,0.8962432915921288,0.8993055555555556,0.8993055555555556,0.886986301369863,0.8853171155516942,0.7706285175970435,481,"all","RF#481","RF",481
506,364,212,69,0.88,0.8406466512702079,0.88,0.88,0.782675947409126,0.7558644656820156,0.5118339488908643,481,"all","NB#481","NB",481
477,494,82,98,0.8576388888888888,0.853309481216458,0.8576388888888888,0.8576388888888888,0.845890410958904,0.843614248479583,0.6872207058141502,481,"all","MLP#481","MLP",481
468,453,123,107,0.8139130434782609,0.8089285714285714,0.8139130434782609,0.8139130434782609,0.8027444253859348,0.8001737619461338,0.6003568754377913,482,"all","DT#482","DT",482
510,504,72,65,0.8869565217391304,0.8857644991212654,0.8869565217391304,0.8869565217391304,0.881590319792567,0.8809730668983493,0.7619484697474513,482,"all","RF#482","RF",482
253,560,16,322,0.9722222222222222,0.9405204460966543,0.9722222222222222,0.9722222222222222,0.7681755829903978,0.7063423110338836,0.41241273897664077,482,"all","NB#482","NB",482
496,511,65,79,0.8871527777777778,0.8841354723707665,0.8871527777777778,0.8871527777777778,0.8765008576329332,0.8748913987836664,0.7497773201728298,482,"all","MLP#482","MLP",482
461,444,132,114,0.8017391304347826,0.7956989247311828,0.8017391304347826,0.8017391304347826,0.7893835616438356,0.7862728062554301,0.5725569051565627,483,"all","DT#483","DT",483
502,503,73,73,0.8732638888888888,0.8732638888888888,0.8732638888888888,0.8732638888888888,0.8732638888888888,0.8731537793223284,0.7463073671497584,483,"all","RF#483","RF",483
492,418,158,83,0.8556521739130435,0.8343313373253493,0.8556521739130435,0.8556521739130435,0.803265306122449,0.790616854908775,0.5812808030491717,483,"all","NB#483","NB",483
487,488,88,88,0.8472222222222222,0.8472222222222222,0.8472222222222222,0.8472222222222222,0.8472222222222222,0.8470894874022589,0.6941787439613526,483,"all","MLP#483","MLP",483
457,472,104,118,0.8194444444444444,0.8146167557932263,0.8194444444444444,0.8194444444444444,0.8096054888507719,0.8071242397914856,0.6142400352664458,484,"all","DT#484","DT",484
499,532,44,76,0.9236111111111112,0.9189686924493554,0.9236111111111112,0.9236111111111112,0.8986486486486487,0.895742832319722,0.7914754335958258,484,"all","RF#484","RF",484
438,504,72,137,0.875,0.8588235294117647,0.875,0.875,0.828266228430567,0.8184187662901824,0.6368016185163096,484,"all","NB#484","NB",484
476,520,56,99,0.9027777777777778,0.8947368421052632,0.9027777777777778,0.9027777777777778,0.8702928870292888,0.8653344917463076,0.730651295298457,484,"all","MLP#484","MLP",484
485,466,110,90,0.8434782608695652,0.8381294964028777,0.8434782608695652,0.8434782608695652,0.829059829059829,0.8262380538662033,0.6524863379728872,485,"all","DT#485","DT",485
494,513,63,81,0.890625,0.8868940754039497,0.890625,0.890625,0.8769230769230768,0.8748913987836664,0.749775809125248,485,"all","RF#485","RF",485
482,415,161,93,0.8382608695652174,0.8169291338582677,0.8382608695652174,0.8382608695652174,0.7914614121510674,0.7793223284100782,0.5586896272725627,485,"all","NB#485","NB",485
478,520,56,97,0.9027777777777778,0.8951310861423221,0.9027777777777778,0.9027777777777778,0.8717518860016764,0.8670721112076455,0.7341275652629464,485,"all","MLP#485","MLP",485
474,467,109,101,0.8243478260869566,0.8221830985915493,0.8243478260869566,0.8243478260869566,0.8186528497409327,0.8175499565595135,0.6351040446371421,486,"all","DT#486","DT",486
507,519,57,68,0.9010416666666666,0.898936170212766,0.9010416666666666,0.9010416666666666,0.8925193465176268,0.891398783666377,0.7827937963945657,486,"all","RF#486","RF",486
503,406,170,72,0.8747826086956522,0.8493723849372385,0.8747826086956522,0.8747826086956522,0.8060897435897435,0.789748045178106,0.5795579760240785,486,"all","NB#486","NB",486
483,518,58,92,0.8993055555555556,0.8927911275415896,0.8993055555555556,0.8993055555555556,0.8735244519392917,0.8696785403996524,0.7393435049504352,486,"all","MLP#486","MLP",486
465,460,116,110,0.808695652173913,0.8070175438596491,0.808695652173913,0.808695652173913,0.8044982698961937,0.8036490008688097,0.6073012623677926,487,"all","DT#487","DT",487
493,521,55,82,0.9045138888888888,0.8996350364963503,0.9045138888888888,0.9045138888888888,0.8837998303647159,0.8809730668983493,0.7619362504208355,487,"all","RF#487","RF",487
476,436,140,99,0.8278260869565217,0.8149532710280374,0.8278260869565217,0.8278260869565217,0.799328295549958,0.792354474370113,0.5847343386052495,487,"all","NB#487","NB",487
469,502,74,106,0.8715277777777778,0.8637200736648251,0.8715277777777778,0.8715277777777778,0.847972972972973,0.843614248479583,0.6872131503937389,487,"all","MLP#487","MLP",487
470,474,102,105,0.8229166666666666,0.8216783216783217,0.8229166666666666,0.8229166666666666,0.8207792207792207,0.8201563857515204,0.6403108709731475,488,"all","DT#488","DT",488
491,526,50,84,0.9131944444444444,0.9075785582255084,0.9131944444444444,0.9131944444444444,0.8870151770657673,0.8835794960903562,0.7671468644223889,488,"all","RF#488","RF",488
336,557,19,239,0.9670138888888888,0.9464788732394366,0.9670138888888888,0.9670138888888888,0.8119533527696793,0.7758470894874022,0.5515448971578725,488,"all","NB#488","NB",488
490,503,73,85,0.8732638888888888,0.8703374777975134,0.8732638888888888,0.8732638888888888,0.8642611683848797,0.8627280625543006,0.7254509441596163,488,"all","MLP#488","MLP",488
475,484,92,100,0.8402777777777778,0.8377425044091711,0.8402777777777778,0.8402777777777778,0.8344827586206898,0.8331885317115552,0.6663727822799792,489,"all","DT#489","DT",489
498,518,58,77,0.8993055555555556,0.89568345323741,0.8993055555555556,0.8993055555555556,0.8847139197267293,0.8827106863596872,0.7654144669004697,489,"all","RF#489","RF",489
492,425,151,83,0.8556521739130435,0.8366141732283464,0.8556521739130435,0.8556521739130435,0.8078817733990149,0.7966985230234579,0.5934384755188177,489,"all","NB#489","NB",489
478,511,65,97,0.8871527777777778,0.8802946593001841,0.8871527777777778,0.8871527777777778,0.8631756756756758,0.8592528236316247,0.718491835354365,489,"all","MLP#489","MLP",489
474,469,107,101,0.8243478260869566,0.8228070175438597,0.8243478260869566,0.8243478260869566,0.8200692041522492,0.8192875760208514,0.6385781529756676,490,"all","DT#490","DT",490
500,510,66,75,0.8854166666666666,0.8833922261484098,0.8854166666666666,0.8854166666666666,0.8785529715762275,0.8774978279756733,0.7549921421033801,490,"all","RF#490","RF",490
312,551,25,263,0.9565972222222222,0.9258160237388724,0.9565972222222222,0.9565972222222222,0.7928057553956834,0.7497827975673328,0.49938534678824825,490,"all","NB#490","NB",490
495,499,77,80,0.8663194444444444,0.8653846153846154,0.8663194444444444,0.8663194444444444,0.8640692640692641,0.8635968722849696,0.7271923031052376,490,"all","MLP#490","MLP",490
458,472,104,117,0.8194444444444444,0.8149466192170819,0.8194444444444444,0.8194444444444444,0.8103004291845494,0.8079930495221547,0.615978272520445,491,"all","DT#491","DT",491
479,524,52,96,0.9097222222222222,0.9020715630885122,0.9097222222222222,0.9097222222222222,0.8762541806020065,0.8714161598609904,0.7428150420619727,491,"all","RF#491","RF",491
435,459,117,140,0.796875,0.7880434782608695,0.796875,0.796875,0.7812765957446808,0.7767158992180713,0.5534159549622043,491,"all","NB#491","NB",491
475,505,71,100,0.8767361111111112,0.86996336996337,0.8767361111111112,0.8767361111111112,0.855207451312447,0.8514335360556038,0.7028538387097261,491,"all","MLP#491","MLP",491
469,475,101,106,0.8246527777777778,0.8228070175438597,0.8246527777777778,0.8246527777777778,0.8210890233362144,0.8201563857515204,0.640309784947048,492,"all","DT#492","DT",492
492,515,61,83,0.8940972222222222,0.8896925858951176,0.8940972222222222,0.8940972222222222,0.8773424190800682,0.8748913987836664,0.7497742980594163,492,"all","RF#492","RF",492
418,504,72,157,0.875,0.8530612244897959,0.875,0.875,0.814874696847211,0.8010425716768028,0.6020337754693764,492,"all","NB#492","NB",492
479,504,72,96,0.875,0.8693284936479129,0.875,0.875,0.8571428571428572,0.8540399652476107,0.7080691329395992,492,"all","MLP#492","MLP",492
465,454,122,110,0.808695652173913,0.8049645390070922,0.808695652173913,0.808695652173913,0.8003442340791739,0.7984361424847958,0.5968792835878576,493,"all","DT#493","DT",493
488,519,57,87,0.9010416666666666,0.8954128440366973,0.9010416666666666,0.9010416666666666,0.8781725888324873,0.8748913987836664,0.7497712758730015,493,"all","RF#493","RF",493
432,493,83,143,0.8559027777777778,0.8388349514563107,0.8559027777777778,0.8559027777777778,0.8135313531353136,0.8036490008688097,0.6072621312316937,493,"all","NB#493","NB",493
470,507,69,105,0.8802083333333334,0.8719851576994434,0.8802083333333334,0.8802083333333334,0.8535353535353536,0.8488271068635969,0.6976375527655488,493,"all","MLP#493","MLP",493
476,467,109,99,0.8278260869565217,0.8250883392226148,0.8278260869565217,0.8278260869565217,0.8206896551724138,0.8192875760208514,0.6385803354417959,494,"all","DT#494","DT",494
499,520,56,76,0.9027777777777778,0.8990990990990991,0.9027777777777778,0.9027777777777778,0.8873720136518771,0.8853171155516942,0.770627132461729,494,"all","RF#494","RF",494
492,435,141,83,0.8556521739130435,0.8397683397683398,0.8556521739130435,0.8556521739130435,0.8145695364238411,0.8053866203301477,0.6108070247472294,494,"all","NB#494","NB",494
478,507,69,97,0.8802083333333334,0.8738574040219378,0.8802083333333334,0.8802083333333334,0.8593220338983052,0.8557775847089487,0.7115427584499344,494,"all","MLP#494","MLP",494
453,483,93,122,0.8385416666666666,0.8296703296703297,0.8385416666666666,0.8385416666666666,0.8179508890770533,0.8132059079061685,0.6263951773250943,495,"all","DT#495","DT",495
481,538,38,94,0.9340277777777778,0.9267822736030829,0.9340277777777778,0.9340277777777778,0.890728476821192,0.8853171155516942,0.7706146654910441,495,"all","RF#495","RF",495
506,371,205,69,0.88,0.8431818181818181,0.88,0.88,0.7869362363919129,0.7619461337966985,0.5239896398082519,495,"all","NB#495","NB",495
459,518,58,116,0.8993055555555556,0.8878143133462283,0.8993055555555556,0.8993055555555556,0.856198347107438,0.8488271068635969,0.6976275096551329,495,"all","MLP#495","MLP",495
475,460,116,100,0.8260869565217391,0.8214285714285714,0.8260869565217391,0.8260869565217391,0.8147512864493996,0.8123370981754996,0.6246829786720128,496,"all","DT#496","DT",496
501,528,48,74,0.9166666666666666,0.912568306010929,0.9166666666666666,0.9166666666666666,0.8964346349745331,0.894005212858384,0.7880019445207691,496,"all","RF#496","RF",496
506,379,197,69,0.88,0.8459821428571429,0.88,0.88,0.7918622848200312,0.7688966116420504,0.5378821725270478,496,"all","NB#496","NB",496
476,522,54,99,0.90625,0.8981132075471698,0.90625,0.90625,0.8721804511278196,0.8670721112076455,0.7341259596439975,496,"all","MLP#496","MLP",496
470,477,99,105,0.828125,0.8260105448154658,0.828125,0.828125,0.8238341968911918,0.8227628149435273,0.6455221514687632,497,"all","DT#497","DT",497
504,528,48,71,0.9166666666666666,0.9130434782608695,0.9166666666666666,0.9166666666666666,0.8987234042553192,0.896611642050391,0.7932159480175188,497,"all","RF#497","RF",497
487,437,139,88,0.8469565217391304,0.8323809523809523,0.8469565217391304,0.8469565217391304,0.8109908409658618,0.8027801911381407,0.6055904512182787,497,"all","NB#497","NB",497
498,509,67,77,0.8836805555555556,0.8814159292035398,0.8836805555555556,0.8836805555555556,0.8760757314974184,0.8748913987836664,0.7497788312021619,497,"all","MLP#497","MLP",497
474,464,112,101,0.8243478260869566,0.8212389380530973,0.8243478260869566,0.8243478260869566,0.8165374677002585,0.8149435273675065,0.6298929214641665,498,"all","DT#498","DT",498
500,520,56,75,0.9027777777777778,0.8992805755395683,0.9027777777777778,0.9027777777777778,0.888129803586678,0.8861859252823632,0.7723651493626781,498,"all","RF#498","RF",498
540,225,351,35,0.9391304347826087,0.8653846153846154,0.9391304347826087,0.9391304347826087,0.7366984993178718,0.6646394439617723,0.3295981989268403,498,"all","NB#498","NB",498
465,515,61,110,0.8940972222222222,0.8840304182509505,0.8940972222222222,0.8940972222222222,0.8576186511240632,0.8514335360556038,0.7028448662416151,498,"all","MLP#498","MLP",498
455,477,99,120,0.828125,0.8212996389891697,0.828125,0.828125,0.813299232736573,0.8097306689834927,0.6194489861544524,499,"all","DT#499","DT",499
491,534,42,84,0.9270833333333334,0.9212007504690432,0.9270833333333334,0.9270833333333334,0.8944723618090452,0.8905299739357081,0.7810458996494344,499,"all","RF#499","RF",499
497,384,192,78,0.8643478260869565,0.8311688311688312,0.8643478260869565,0.8643478260869565,0.7863924050632911,0.7654213727193745,0.5309231201151976,499,"all","NB#499","NB",499
475,541,35,100,0.9392361111111112,0.9313725490196079,0.9392361111111112,0.9392361111111112,0.8890714872637635,0.8827106863596872,0.7653981746397215,499,"all","MLP#499","MLP",499
465,455,121,110,0.808695652173913,0.8053097345132744,0.808695652173913,0.808695652173913,0.8010335917312661,0.7993049522154648,0.5986162669400116,500,"all","DT#500","DT",500
479,519,57,96,0.9010416666666666,0.8936567164179104,0.9010416666666666,0.9010416666666666,0.871536523929471,0.8670721112076455,0.7341283680651487,500,"all","RF#500","RF",500
524,258,318,51,0.9113043478260869,0.8349514563106796,0.9113043478260869,0.9113043478260869,0.739590684544813,0.6794092093831451,0.3590762781306448,500,"all","NB#500","NB",500
486,491,85,89,0.8524305555555556,0.851138353765324,0.8524305555555556,0.8524305555555556,0.8494809688581315,0.8488271068635969,0.6976521597352641,500,"all","MLP#500","MLP",500
457,463,113,118,0.8038194444444444,0.8017543859649123,0.8038194444444444,0.8038194444444444,0.8003457216940362,0.7993049522154648,0.5986065716075755,501,"all","DT#501","DT",501
491,509,67,84,0.8836805555555556,0.8799283154121864,0.8836805555555556,0.8836805555555556,0.8708297690333618,0.8688097306689835,0.7376125293070624,501,"all","RF#501","RF",501
480,414,162,95,0.8347826086956521,0.8133595284872298,0.8347826086956521,0.8347826086956521,0.7888249794576827,0.7767158992180713,0.5534766260055219,501,"all","NB#501","NB",501
474,516,60,101,0.8958333333333334,0.8876404494382022,0.8958333333333334,0.8958333333333334,0.8650461022632021,0.8601216333622936,0.7202257386100286,501,"all","MLP#501","MLP",501
451,479,97,124,0.8315972222222222,0.822992700729927,0.8315972222222222,0.8315972222222222,0.8125530110262935,0.8079930495221547,0.6159701557883549,502,"all","DT#502","DT",502
495,520,56,80,0.9027777777777778,0.8983666061705989,0.9027777777777778,0.9027777777777778,0.8843537414965987,0.8818418766290183,0.7636750123796756,502,"all","RF#502","RF",502
468,485,91,107,0.8420138888888888,0.8372093023255814,0.8420138888888888,0.8420138888888888,0.8304794520547946,0.8279756733275413,0.6559427763955652,502,"all","NB#502","NB",502
482,508,68,93,0.8819444444444444,0.8763636363636363,0.8819444444444444,0.8819444444444444,0.86321155480034,0.8601216333622936,0.72023249669749,502,"all","MLP#502","MLP",502
469,462,114,106,0.8156521739130435,0.8133802816901409,0.8156521739130435,0.8156521739130435,0.8100172711571675,0.8088618592528236,0.6177280467627202,503,"all","DT#503","DT",503
499,508,68,76,0.8819444444444444,0.8800705467372134,0.8819444444444444,0.8819444444444444,0.8758620689655173,0.8748913987836664,0.7497795867099845,503,"all","RF#503","RF",503
439,501,75,136,0.8697916666666666,0.8540856031128404,0.8697916666666666,0.8697916666666666,0.8260511129431162,0.8166811468288445,0.6333282503370631,503,"all","NB#503","NB",503
491,507,69,84,0.8802083333333334,0.8767857142857143,0.8802083333333334,0.8802083333333334,0.8688946015424164,0.8670721112076455,0.7341380013134354,503,"all","MLP#503","MLP",503
461,461,115,114,0.8017391304347826,0.8017391304347826,0.8017391304347826,0.8017391304347826,0.8010425716768027,0.8010425716768028,0.6020854437115888,504,"all","DT#504","DT",504
486,521,55,89,0.9045138888888888,0.8983364140480592,0.9045138888888888,0.9045138888888888,0.8785834738617201,0.8748913987836664,0.7497697647524179,504,"all","RF#504","RF",504
507,346,230,68,0.8817391304347826,0.8357487922705314,0.8817391304347826,0.8817391304347826,0.7728658536585366,0.741094700260643,0.48231561725544186,504,"all","NB#504","NB",504
474,515,61,101,0.8940972222222222,0.8859813084112149,0.8940972222222222,0.8940972222222222,0.8640939597315436,0.8592528236316247,0.7184884352919864,504,"all","MLP#504","MLP",504
474,457,119,101,0.8243478260869566,0.8189964157706093,0.8243478260869566,0.8243478260869566,0.8116438356164384,0.8088618592528236,0.6177338176196902,505,"all","DT#505","DT",505
493,512,64,82,0.8888888888888888,0.8850987432675045,0.8888888888888888,0.8888888888888888,0.8752136752136751,0.8731537793223284,0.7463004731408764,505,"all","RF#505","RF",505
481,446,130,94,0.8365217391304348,0.825925925925926,0.8365217391304348,0.8365217391304348,0.8111298482293424,0.8053866203301477,0.6107940993545038,505,"all","NB#505","NB",505
482,483,93,93,0.8385416666666666,0.8385416666666666,0.8385416666666666,0.8385416666666666,0.8385416666666666,0.838401390095569,0.6768025362318839,505,"all","MLP#505","MLP",505
486,446,130,89,0.8452173913043478,0.8336448598130841,0.8452173913043478,0.8452173913043478,0.8161209068010075,0.8097306689834927,0.6194846031571115,506,"all","DT#506","DT",506
506,517,59,69,0.8975694444444444,0.8955752212389381,0.8975694444444444,0.8975694444444444,0.8898450946643718,0.8887923544743701,0.7775811832908106,506,"all","RF#506","RF",506
530,261,315,45,0.9217391304347826,0.8529411764705882,0.9217391304347826,0.9217391304347826,0.7464788732394366,0.687228496959166,0.3747113948118973,506,"all","NB#506","NB",506
473,492,84,102,0.8541666666666666,0.8491921005385996,0.8541666666666666,0.8541666666666666,0.8410256410256411,0.838401390095569,0.6767937534534452,506,"all","MLP#506","MLP",506
456,468,108,119,0.8125,0.8085106382978723,0.8125,0.8125,0.8048151332760103,0.8027801911381407,0.6055535342525313,507,"all","DT#507","DT",507
474,526,50,101,0.9131944444444444,0.9045801526717557,0.9131944444444444,0.9131944444444444,0.8744804655029093,0.8688097306689835,0.7375990603141244,507,"all","RF#507","RF",507
464,429,147,111,0.8069565217391305,0.7944444444444444,0.8069565217391305,0.8069565217391305,0.7824620573355818,0.7758470894874022,0.5517182037208123,507,"all","NB#507","NB",507
465,520,56,110,0.9027777777777778,0.8925143953934741,0.9027777777777778,0.9027777777777778,0.8623548922056383,0.8557775847089487,0.7115314352317368,507,"all","MLP#507","MLP",507
476,462,114,99,0.8278260869565217,0.8235294117647058,0.8278260869565217,0.8278260869565217,0.817167381974249,0.8149435273675065,0.6298951563596838,508,"all","DT#508","DT",508
503,508,68,72,0.8819444444444444,0.8809106830122592,0.8819444444444444,0.8819444444444444,0.8788927335640138,0.8783666377063423,0.7567316227754998,508,"all","RF#508","RF",508
482,432,144,93,0.8382608695652174,0.8228571428571428,0.8382608695652174,0.8382608695652174,0.8026644462947545,0.794092093831451,0.5882155812278947,508,"all","NB#508","NB",508
484,509,67,91,0.8836805555555556,0.8784029038112523,0.8836805555555556,0.8836805555555556,0.8656462585034015,0.8627280625543006,0.7254459702646231,508,"all","MLP#508","MLP",508
471,476,100,104,0.8263888888888888,0.8248686514886164,0.8263888888888888,0.8263888888888888,0.8235294117647057,0.8227628149435273,0.6455232217585855,509,"all","DT#509","DT",509
494,526,50,81,0.9131944444444444,0.9080882352941176,0.9131944444444444,0.9131944444444444,0.8892645815722738,0.8861859252823632,0.7723610253499184,509,"all","RF#509","RF",509
446,487,89,129,0.8454861111111112,0.8336448598130841,0.8454861111111112,0.8454861111111112,0.8171140939597314,0.8105994787141616,0.6211757956398334,509,"all","NB#509","NB",509
486,517,59,89,0.8975694444444444,0.8917431192660551,0.8975694444444444,0.8975694444444444,0.8747884940778343,0.8714161598609904,0.7428204779805848,509,"all","MLP#509","MLP",509
473,450,126,102,0.8226086956521739,0.8152173913043478,0.8226086956521739,0.8226086956521739,0.8057921635434412,0.8019113814074718,0.6038368175066121,510,"all","DT#510","DT",510
505,523,53,70,0.9079861111111112,0.9050179211469535,0.9079861111111112,0.9079861111111112,0.8947818648417452,0.893136403127715,0.7862671596342298,510,"all","RF#510","RF",510
478,455,121,97,0.831304347826087,0.8242753623188406,0.831304347826087,0.831304347826087,0.8143100511073254,0.8105994787141616,0.6212123956861467,510,"all","NB#510","NB",510
467,515,61,108,0.8940972222222222,0.884469696969697,0.8940972222222222,0.8940972222222222,0.8590492076730608,0.8531711555169418,0.7063212516588586,510,"all","MLP#510","MLP",510
469,451,125,106,0.8156521739130435,0.8096947935368043,0.8156521739130435,0.8156521739130435,0.8023952095808384,0.7993049522154648,0.5986211144305946,511,"all","DT#511","DT",511
510,505,71,65,0.8869565217391304,0.8859649122807017,0.8869565217391304,0.8869565217391304,0.8823529411764706,0.8818418766290183,0.7636857154071672,511,"all","RF#511","RF",511
476,463,113,99,0.8278260869565217,0.8238434163701067,0.8278260869565217,0.8278260869565217,0.8178694158075601,0.8158123370981755,0.6316321816869812,511,"all","NB#511","NB",511
484,524,52,91,0.9097222222222222,0.9029850746268657,0.9097222222222222,0.9097222222222222,0.8799328295549959,0.8757602085143353,0.7515055989105638,511,"all","MLP#511","MLP",511
463,462,114,112,0.8052173913043478,0.8048780487804879,0.8052173913043478,0.8052173913043478,0.8038194444444444,0.8036490008688097,0.6072988910057638,512,"all","DT#512","DT",512
495,508,68,80,0.8819444444444444,0.8792184724689165,0.8819444444444444,0.8819444444444444,0.872852233676976,0.8714161598609904,0.7428274666811596,512,"all","RF#512","RF",512
491,425,151,84,0.8539130434782609,0.8349705304518664,0.8539130434782609,0.8539130434782609,0.8069022185702548,0.7958297132927888,0.5917004167754771,512,"all","NB#512","NB",512
471,506,70,104,0.8784722222222222,0.8706099815157117,0.8784722222222222,0.8784722222222222,0.8532883642495784,0.8488271068635969,0.6976384657425049,512,"all","MLP#512","MLP",512
465,437,139,110,0.808695652173913,0.7989031078610603,0.808695652173913,0.808695652173913,0.7888040712468193,0.7836663770634231,0.5673513689769017,513,"all","DT#513","DT",513
502,518,58,73,0.8993055555555556,0.8964285714285715,0.8993055555555556,0.8993055555555556,0.8877463581833761,0.8861859252823632,0.7723665240003925,513,"all","RF#513","RF",513
484,428,148,91,0.8417391304347827,0.8246628131021194,0.8417391304347827,0.8417391304347827,0.8019884009942004,0.792354474370113,0.584744368313717,513,"all","NB#513","NB",513
471,504,72,104,0.875,0.8674033149171271,0.875,0.875,0.8513513513513513,0.8470894874022589,0.6941639692738778,513,"all","MLP#513","MLP",513
461,467,109,114,0.8107638888888888,0.8087719298245614,0.8107638888888888,0.8107638888888888,0.8072601555747622,0.8062554300608167,0.612507642720733,514,"all","DT#514","DT",514
506,527,49,69,0.9149305555555556,0.9117117117117117,0.9149305555555556,0.9149305555555556,0.8993174061433448,0.89748045178106,0.7949545578066971,514,"all","RF#514","RF",514
489,431,145,86,0.8504347826086956,0.8336557059961315,0.8504347826086956,0.8504347826086956,0.8089330024813896,0.7993049522154648,0.5986453501273287,514,"all","NB#514","NB",514
491,497,79,84,0.8628472222222222,0.8614035087719298,0.8628472222222222,0.8628472222222222,0.8591184096802074,0.8583840139009556,0.7167656760694147,514,"all","MLP#514","MLP",514
471,463,113,104,0.8191304347826087,0.8165784832451499,0.8191304347826087,0.8191304347826087,0.8127696289905091,0.8114682884448305,0.6229414153491271,515,"all","DT#515","DT",515
506,518,58,69,0.8993055555555556,0.8971631205673759,0.8993055555555556,0.8993055555555556,0.8907996560619089,0.889661164205039,0.7793184971368787,515,"all","RF#515","RF",515
533,241,335,42,0.9269565217391305,0.8515901060070671,0.9269565217391305,0.9269565217391305,0.7387387387387387,0.6724587315377932,0.34520660396292097,515,"all","NB#515","NB",515
506,499,77,69,0.88,0.8785211267605634,0.88,0.88,0.8739205526770293,0.8731537793223284,0.7463104310334416,515,"all","MLP#515","MLP",515
476,473,103,99,0.8278260869565217,0.8269230769230769,0.8278260869565217,0.8278260869565217,0.8249566724436741,0.8245004344048653,0.6490027234135058,516,"all","DT#516","DT",516
502,515,61,73,0.8940972222222222,0.8916518650088809,0.8940972222222222,0.8940972222222222,0.8848797250859107,0.8835794960903562,0.7671545982113203,516,"all","RF#516","RF",516
428,501,75,147,0.8697916666666666,0.8508946322067594,0.8697916666666666,0.8697916666666666,0.818627450980392,0.8071242397914856,0.6142062543030038,516,"all","NB#516","NB",516
479,514,62,96,0.8923611111111112,0.8853974121996303,0.8923611111111112,0.8923611111111112,0.866779089376054,0.8627280625543006,0.7254418252144584,516,"all","MLP#516","MLP",516
485,457,119,90,0.8434782608695652,0.8354661791590493,0.8434782608695652,0.8434782608695652,0.8227311280746396,0.8184187662901824,0.636853157093062,517,"all","DT#517","DT",517
502,515,61,73,0.8940972222222222,0.8916518650088809,0.8940972222222222,0.8940972222222222,0.8848797250859107,0.8835794960903562,0.7671545982113203,517,"all","RF#517","RF",517
275,551,25,300,0.9565972222222222,0.9166666666666666,0.9565972222222222,0.9565972222222222,0.772249474421864,0.7176368375325803,0.4350387011515952,517,"all","NB#517","NB",517
485,503,73,90,0.8732638888888888,0.8691756272401434,0.8732638888888888,0.8732638888888888,0.8605645851154833,0.8583840139009556,0.7167605448811336,517,"all","MLP#517","MLP",517
461,461,115,114,0.8017391304347826,0.8017391304347826,0.8017391304347826,0.8017391304347826,0.8010425716768027,0.8010425716768028,0.6020854437115888,518,"all","DT#518","DT",518
512,512,64,63,0.8904347826086957,0.8904347826086957,0.8904347826086957,0.8904347826086957,0.8896611642050392,0.889661164205039,0.7793224949841561,518,"all","RF#518","RF",518
515,406,170,60,0.8956521739130435,0.871244635193133,0.8956521739130435,0.8956521739130435,0.8174603174603176,0.8001737619461338,0.6004135786629634,518,"all","NB#518","NB",518
495,507,69,80,0.8802083333333334,0.8776595744680851,0.8802083333333334,0.8802083333333334,0.8718830610490111,0.8705473501303215,0.7410902053023224,518,"all","MLP#518","MLP",518
476,458,118,99,0.8278260869565217,0.822262118491921,0.8278260869565217,0.8278260869565217,0.81437125748503,0.8114682884448305,0.6229471074954069,519,"all","DT#519","DT",519
503,513,63,72,0.890625,0.8886925795053003,0.890625,0.890625,0.883720930232558,0.8827106863596872,0.7654180083968531,519,"all","RF#519","RF",519
514,330,246,61,0.8939130434782608,0.8439897698209718,0.8939130434782608,0.8939130434782608,0.7700374531835206,0.733275412684622,0.46669936687368413,519,"all","NB#519","NB",519
504,499,77,71,0.8765217391304347,0.875438596491228,0.8765217391304347,0.8765217391304347,0.8719723183391004,0.8714161598609904,0.7428344550019172,519,"all","MLP#519","MLP",519
466,464,112,109,0.8104347826086956,0.8097731239092496,0.8104347826086956,0.8104347826086956,0.808326105810928,0.8079930495221547,0.6159875483655721,520,"all","DT#520","DT",520
510,517,59,65,0.8975694444444444,0.8963093145869947,0.8975694444444444,0.8975694444444444,0.8929188255613126,0.8922675933970461,0.7845330724614052,520,"all","RF#520","RF",520
292,551,25,283,0.9565972222222222,0.9211356466876972,0.9565972222222222,0.9565972222222222,0.7815602836879433,0.7324066029539531,0.46460426917489,520,"all","NB#520","NB",520
485,506,70,90,0.8784722222222222,0.8738738738738738,0.8784722222222222,0.8784722222222222,0.8634812286689421,0.8609904430929627,0.7219722817717927,520,"all","MLP#520","MLP",520
468,455,121,107,0.8139130434782609,0.8096085409252669,0.8139130434782609,0.8139130434782609,0.8041237113402061,0.8019113814074718,0.6038308369086401,521,"all","DT#521","DT",521
500,523,53,75,0.9079861111111112,0.9041591320072333,0.9079861111111112,0.9079861111111112,0.8909710391822828,0.8887923544743701,0.7775771538305922,521,"all","RF#521","RF",521
279,555,21,296,0.9635416666666666,0.93,0.9635416666666666,0.9635416666666666,0.7778556412053259,0.7245873153779322,0.44894544081555593,521,"all","NB#521","NB",521
497,515,61,78,0.8940972222222222,0.8906810035842294,0.8940972222222222,0.8940972222222222,0.8810949529512403,0.8792354474370113,0.7584645137329914,521,"all","MLP#521","MLP",521
464,475,101,111,0.8246527777777778,0.8212389380530973,0.8246527777777778,0.8246527777777778,0.8175559380378659,0.8158123370981755,0.6316188348254049,522,"all","DT#522","DT",522
503,522,54,72,0.90625,0.9030520646319569,0.90625,0.90625,0.8923076923076922,0.8905299739357081,0.781053832984592,522,"all","RF#522","RF",522
492,419,157,83,0.8556521739130435,0.8346613545816733,0.8556521739130435,0.8556521739130435,0.803921568627451,0.7914856646394439,0.5830175976717576,522,"all","NB#522","NB",522
490,523,53,85,0.9079861111111112,0.9023941068139963,0.9079861111111112,0.9079861111111112,0.8834459459459459,0.8801042571676803,0.7601967486351997,522,"all","MLP#522","MLP",522
439,469,107,136,0.8142361111111112,0.8040293040293041,0.8142361111111112,0.8142361111111112,0.7942421676545302,0.788879235447437,0.577739665534874,523,"all","DT#523","DT",523
493,522,54,82,0.90625,0.9012797074954296,0.90625,0.90625,0.8847457627118644,0.8818418766290183,0.7636735852360909,523,"all","RF#523","RF",523
466,448,128,109,0.8104347826086956,0.8043087971274686,0.8104347826086956,0.8104347826086956,0.7972626176218991,0.794092093831451,0.5881956888313893,523,"all","NB#523","NB",523
467,504,72,108,0.875,0.8664192949907236,0.875,0.875,0.8484848484848485,0.843614248479583,0.6872112614816023,523,"all","MLP#523","MLP",523
485,462,114,90,0.8434782608695652,0.8369565217391305,0.8434782608695652,0.8434782608695652,0.8262350936967633,0.8227628149435273,0.6455382051374949,524,"all","DT#524","DT",524
510,512,64,65,0.8888888888888888,0.8885017421602788,0.8888888888888888,0.8888888888888888,0.8881179531656547,0.8879235447437012,0.7758465818939945,524,"all","RF#524","RF",524
542,264,312,33,0.9426086956521739,0.8888888888888888,0.9426086956521739,0.9426086956521739,0.7585724282715185,0.7002606429192006,0.40077322504561025,524,"all","NB#524","NB",524
487,513,63,88,0.890625,0.8854545454545455,0.890625,0.890625,0.8717077315208156,0.8688097306689835,0.7376093602566521,524,"all","MLP#524","MLP",524
472,462,114,103,0.8208695652173913,0.8176991150442477,0.8208695652173913,0.8208695652173913,0.8130921619293713,0.8114682884448305,0.6229425537921319,525,"all","DT#525","DT",525
506,518,58,69,0.8993055555555556,0.8971631205673759,0.8993055555555556,0.8993055555555556,0.8907996560619089,0.889661164205039,0.7793184971368787,525,"all","RF#525","RF",525
503,390,186,72,0.8747826086956522,0.8441558441558441,0.8747826086956522,0.8747826086956522,0.7958860759493671,0.7758470894874022,0.551770981443411,525,"all","NB#525","NB",525
485,500,76,90,0.8680555555555556,0.8645276292335116,0.8680555555555556,0.8680555555555556,0.8576329331046312,0.8557775847089487,0.7115488551992343,525,"all","MLP#525","MLP",525
445,455,121,130,0.7899305555555556,0.7862190812720848,0.7899305555555556,0.7899305555555556,0.7838070628768302,0.7819287576020851,0.5638512600563714,526,"all","DT#526","DT",526
485,521,55,90,0.9045138888888888,0.8981481481481481,0.9045138888888888,0.9045138888888888,0.877843302443134,0.8740225890529973,0.7480316743789299,526,"all","RF#526","RF",526
507,347,229,68,0.8817391304347826,0.8361445783132531,0.8817391304347826,0.8817391304347826,0.7734553775743709,0.7419635099913119,0.484052034454186,526,"all","NB#526","NB",526
471,518,58,104,0.8993055555555556,0.8903591682419659,0.8993055555555556,0.8993055555555556,0.8647746243739566,0.8592528236316247,0.7184858851913026,526,"all","MLP#526","MLP",526
492,473,103,83,0.8556521739130435,0.8507194244604317,0.8556521739130435,0.8556521739130435,0.8410256410256411,0.838401390095569,0.6768122943147851,527,"all","DT#527","DT",527
515,517,59,60,0.8975694444444444,0.8972125435540069,0.8975694444444444,0.8975694444444444,0.8967909800520381,0.896611642050391,0.7932228158557004,527,"all","RF#527","RF",527
496,427,149,79,0.8626086956521739,0.8438735177865613,0.8626086956521739,0.8626086956521739,0.8131147540983606,0.8019113814074718,0.6038643259317403,527,"all","NB#527","NB",527
506,490,86,69,0.88,0.8765652951699463,0.88,0.88,0.8671808054841473,0.8653344917463076,0.7306756921999286,527,"all","MLP#527","MLP",527
453,466,110,122,0.8090277777777778,0.8046181172291297,0.8090277777777778,0.8090277777777778,0.8006872852233677,0.7984361424847958,0.5968646775001961,528,"all","DT#528","DT",528
501,521,55,74,0.9045138888888888,0.9010791366906474,0.9045138888888888,0.9045138888888888,0.8898377455166524,0.8879235447437012,0.7758404905937822,528,"all","RF#528","RF",528
451,496,80,124,0.8611111111111112,0.8493408662900188,0.8611111111111112,0.8611111111111112,0.8294314381270904,0.8227628149435273,0.6455018147340704,528,"all","NB#528","NB",528
481,496,80,94,0.8611111111111112,0.857397504456328,0.8611111111111112,0.8611111111111112,0.850771869639794,0.8488271068635969,0.6976475952088359,528,"all","MLP#528","MLP",528
484,483,93,91,0.8417391304347827,0.8414634146341463,0.8417391304347827,0.8417391304347827,0.8402777777777779,0.840139009556907,0.6802787431197369,529,"all","DT#529","DT",529
502,517,59,73,0.8975694444444444,0.8948306595365418,0.8975694444444444,0.8975694444444444,0.8867924528301887,0.8853171155516942,0.7706292101584273,529,"all","RF#529","RF",529
415,502,74,160,0.8715277777777778,0.8486707566462167,0.8715277777777778,0.8715277777777778,0.8109854604200323,0.7966985230234579,0.5933439426012437,529,"all","NB#529","NB",529
482,507,69,93,0.8802083333333334,0.8747731397459165,0.8802083333333334,0.8802083333333334,0.8622448979591837,0.8592528236316247,0.7184952353346137,529,"all","MLP#529","MLP",529
472,469,107,103,0.8208695652173913,0.8199300699300699,0.8208695652173913,0.8208695652173913,0.8180242634315424,0.8175499565595135,0.6351018411724566,530,"all","DT#530","DT",530
498,525,51,77,0.9114583333333334,0.907103825136612,0.9114583333333334,0.9114583333333334,0.8913412563667233,0.8887923544743701,0.7775758106447415,530,"all","RF#530","RF",530
515,303,273,60,0.8956521739130435,0.8347107438016529,0.8956521739130435,0.8956521739130435,0.7556859867938372,0.7106863596872285,0.421558285152872,530,"all","NB#530","NB",530
473,515,61,102,0.8940972222222222,0.8857677902621723,0.8940972222222222,0.8940972222222222,0.8633696563285834,0.8583840139009556,0.7167502819467991,530,"all","MLP#530","MLP",530
453,472,104,122,0.8194444444444444,0.8132854578096947,0.8194444444444444,0.8194444444444444,0.8068376068376067,0.8036490008688097,0.6072870337660142,531,"all","DT#531","DT",531
506,520,56,69,0.9027777777777778,0.900355871886121,0.9027777777777778,0.9027777777777778,0.8927038626609441,0.891398783666377,0.7827931405658625,531,"all","RF#531","RF",531
518,308,268,57,0.9008695652173913,0.8438356164383561,0.9008695652173913,0.9008695652173913,0.7612049963262306,0.7176368375325803,0.4354530788049096,531,"all","NB#531","NB",531
483,513,63,92,0.890625,0.8846153846153846,0.890625,0.890625,0.8687552921253174,0.8653344917463076,0.7306569883041378,531,"all","MLP#531","MLP",531
475,450,126,100,0.8260869565217391,0.8181818181818182,0.8260869565217391,0.8260869565217391,0.8078231292517007,0.8036490008688097,0.6073131187483584,532,"all","DT#532","DT",532
487,520,56,88,0.9027777777777778,0.8968692449355433,0.9027777777777778,0.9027777777777778,0.8783783783783783,0.8748913987836664,0.749770520314991,532,"all","RF#532","RF",532
479,429,147,96,0.8330434782608696,0.8171428571428572,0.8330434782608696,0.8330434782608696,0.79766860949209,0.788879235447437,0.577790659233664,532,"all","NB#532","NB",532
460,503,73,115,0.8732638888888888,0.8630393996247655,0.8732638888888888,0.8732638888888888,0.8425460636515912,0.8366637706342311,0.6733065804293148,532,"all","MLP#532","MLP",532
467,471,105,108,0.8177083333333334,0.8164335664335665,0.8177083333333334,0.8177083333333334,0.8155844155844156,0.8149435273675065,0.6298850991172968,533,"all","DT#533","DT",533
512,527,49,63,0.9149305555555556,0.9126559714795008,0.9149305555555556,0.9149305555555556,0.9039451114922813,0.9026933101650738,0.8053823601344231,533,"all","RF#533","RF",533
421,500,76,154,0.8680555555555556,0.8470824949698189,0.8680555555555556,0.8680555555555556,0.8130081300813008,0.8001737619461338,0.6003001561174172,533,"all","NB#533","NB",533
493,499,77,82,0.8663194444444444,0.8649122807017544,0.8663194444444444,0.8663194444444444,0.8625756266205704,0.8618592528236316,0.7237162116259935,533,"all","MLP#533","MLP",533
480,459,117,95,0.8347826086956521,0.8285198555956679,0.8347826086956521,0.8347826086956521,0.8191126279863481,0.8158123370981755,0.6316366304259218,534,"all","DT#534","DT",534
501,522,54,74,0.90625,0.9027027027027027,0.90625,0.90625,0.8907849829351536,0.8887923544743701,0.777577825417434,534,"all","RF#534","RF",534
519,357,219,56,0.9026086956521739,0.864406779661017,0.9026086956521739,0.9026086956521739,0.7905559786747905,0.7610773240660296,0.5222718443378215,534,"all","NB#534","NB",534
490,517,59,85,0.8975694444444444,0.8925318761384335,0.8975694444444444,0.8975694444444444,0.8777589134125637,0.8748913987836664,0.7497727869753342,534,"all","MLP#534","MLP",534
472,472,104,103,0.8208695652173913,0.8208695652173913,0.8208695652173913,0.8208695652173913,0.8201563857515203,0.8201563857515204,0.6403130430056718,535,"all","DT#535","DT",535
493,513,63,82,0.890625,0.8866906474820144,0.890625,0.890625,0.8761742100768574,0.8740225890529973,0.7480377607449489,535,"all","RF#535","RF",535
497,416,160,78,0.8643478260869565,0.8421052631578947,0.8643478260869565,0.8643478260869565,0.8068181818181818,0.7932232841007819,0.5864974444588683,535,"all","NB#535","NB",535
488,489,87,87,0.8489583333333334,0.8489583333333334,0.8489583333333334,0.8489583333333334,0.8489583333333334,0.8488271068635969,0.6976539855072463,535,"all","MLP#535","MLP",535
455,473,103,120,0.8211805555555556,0.8154121863799283,0.8211805555555556,0.8211805555555556,0.8092386655260907,0.8062554300608167,0.6125006227514896,536,"all","DT#536","DT",536
503,523,53,72,0.9079861111111112,0.9046762589928058,0.9079861111111112,0.9079861111111112,0.8932536293766011,0.891398783666377,0.7827911730559904,536,"all","RF#536","RF",536
532,276,300,43,0.9252173913043479,0.8652037617554859,0.9252173913043479,0.9252173913043479,0.7562189054726368,0.7019982623805386,0.40422722464261296,536,"all","NB#536","NB",536
476,526,50,99,0.9131944444444444,0.9049429657794676,0.9131944444444444,0.9131944444444444,0.8759367194004997,0.8705473501303215,0.7410753512865536,536,"all","MLP#536","MLP",536
460,455,121,115,0.8,0.7982456140350878,0.8,0.8,0.7958477508650519,0.7949609035621199,0.5899252120300843,537,"all","DT#537","DT",537
511,511,65,64,0.888695652173913,0.888695652173913,0.888695652173913,0.888695652173913,0.887923544743701,0.8879235447437012,0.7758472586846942,537,"all","RF#537","RF",537
447,486,90,128,0.84375,0.8324022346368715,0.84375,0.84375,0.8168067226890757,0.8105994787141616,0.6211769394983407,537,"all","NB#537","NB",537
473,513,63,102,0.890625,0.8824626865671642,0.890625,0.890625,0.8614609571788414,0.8566463944396178,0.7132756910506507,537,"all","MLP#537","MLP",537
478,476,100,97,0.831304347826087,0.8307155322862129,0.831304347826087,0.831304347826087,0.8291413703382482,0.8288444830582102,0.657690258045329,538,"all","DT#538","DT",538
489,532,44,86,0.9236111111111112,0.9174484052532833,0.9236111111111112,0.9236111111111112,0.8911222780569514,0.8870547350130321,0.7740949758287814,538,"all","RF#538","RF",538
509,375,201,66,0.8852173913043478,0.8503401360544217,0.8852173913043478,0.8852173913043478,0.7922178988326849,0.7680278019113814,0.5361497883130703,538,"all","NB#538","NB",538
484,513,63,91,0.890625,0.8848263254113345,0.890625,0.890625,0.8694915254237288,0.8662033014769766,0.7323950891643971,538,"all","MLP#538","MLP",538
481,473,103,94,0.8365217391304348,0.8342151675485009,0.8365217391304348,0.8365217391304348,0.830025884383089,0.8288444830582102,0.6576933586349218,539,"all","DT#539","DT",539
500,517,59,75,0.8975694444444444,0.8944543828264758,0.8975694444444444,0.8975694444444444,0.8852739726027398,0.8835794960903562,0.7671531921060896,539,"all","RF#539","RF",539
498,411,165,77,0.8660869565217392,0.8422131147540983,0.8660869565217392,0.8660869565217392,0.8045234248788369,0.789748045178106,0.5795516296144233,539,"all","NB#539","NB",539
486,518,58,89,0.8993055555555556,0.8933823529411765,0.8993055555555556,0.8993055555555556,0.8757396449704142,0.8722849695916595,0.7445577918048703,539,"all","MLP#539","MLP",539
490,466,110,85,0.8521739130434782,0.8457350272232305,0.8521739130434782,0.8521739130434782,0.8340425531914893,0.8305821025195482,0.6611767369890931,540,"all","DT#540","DT",540
524,520,56,51,0.9113043478260869,0.9106830122591943,0.9113043478260869,0.9113043478260869,0.9073593073593074,0.9070373588184187,0.8140759807066673,540,"all","RF#540","RF",540
489,446,130,86,0.8504347826086956,0.8383458646616542,0.8504347826086956,0.8504347826086956,0.8190954773869348,0.8123370981754996,0.6246988424681936,540,"all","NB#540","NB",540
490,519,57,85,0.9010416666666666,0.8957952468007313,0.9010416666666666,0.9010416666666666,0.8796610169491526,0.8766290182450044,0.7532474198788597,540,"all","MLP#540","MLP",540
486,467,109,89,0.8452173913043478,0.8399280575539568,0.8452173913043478,0.8452173913043478,0.8307692307692308,0.8279756733275413,0.6559614745931585,541,"all","DT#541","DT",541
499,510,66,76,0.8854166666666666,0.8831858407079646,0.8854166666666666,0.8854166666666666,0.8777969018932874,0.8766290182450044,0.7532541252132431,541,"all","RF#541","RF",541
470,449,127,105,0.8173913043478261,0.8104693140794224,0.8173913043478261,0.8173913043478261,0.8020477815699659,0.7984361424847958,0.5968853691453484,541,"all","NB#541","NB",541
471,525,51,104,0.9114583333333334,0.9022988505747126,0.9114583333333334,0.9114583333333334,0.8713692946058091,0.8653344917463076,0.7306472287184815,541,"all","MLP#541","MLP",541
474,464,112,101,0.8243478260869566,0.8212389380530973,0.8243478260869566,0.8243478260869566,0.8165374677002585,0.8149435273675065,0.6298929214641665,542,"all","DT#542","DT",542
500,524,52,75,0.9097222222222222,0.9057971014492754,0.9097222222222222,0.9097222222222222,0.8919148936170213,0.889661164205039,0.7793144991447467,542,"all","RF#542","RF",542
452,486,90,123,0.84375,0.8339483394833949,0.84375,0.84375,0.820253164556962,0.8149435273675065,0.6298683358319482,542,"all","NB#542","NB",542
483,518,58,92,0.8993055555555556,0.8927911275415896,0.8993055555555556,0.8993055555555556,0.8735244519392917,0.8696785403996524,0.7393435049504352,542,"all","MLP#542","MLP",542
468,459,117,107,0.8139130434782609,0.8109540636042403,0.8139130434782609,0.8139130434782609,0.806896551724138,0.8053866203301477,0.6107788227834726,543,"all","DT#543","DT",543
491,520,56,84,0.9027777777777778,0.8976234003656307,0.9027777777777778,0.9027777777777778,0.8813559322033898,0.8783666377063423,0.7567228083312699,543,"all","RF#543","RF",543
242,560,16,333,0.9722222222222222,0.937984496124031,0.9722222222222222,0.9722222222222222,0.7624234172906739,0.6967854039965248,0.39327999661673835,543,"all","NB#543","NB",543
492,495,81,83,0.859375,0.8586387434554974,0.859375,0.859375,0.8578856152512999,0.8575152041702867,0.7150293328180339,543,"all","MLP#543","MLP",543
463,436,140,112,0.8052173913043478,0.7956204379562044,0.8052173913043478,0.8052173913043478,0.7860780984719864,0.7810599478714162,0.562138073873689,544,"all","DT#544","DT",544
509,513,63,66,0.890625,0.8898601398601399,0.890625,0.890625,0.8883116883116884,0.8879235447437012,0.775845905099208,544,"all","RF#544","RF",544
515,354,222,60,0.8956521739130435,0.855072463768116,0.8956521739130435,0.8956521739130435,0.7850609756097562,0.7549956559513467,0.5101107518994449,544,"all","NB#544","NB",544
475,507,69,100,0.8802083333333334,0.8731617647058824,0.8802083333333334,0.8802083333333334,0.8571428571428572,0.8531711555169418,0.7063283456804289,544,"all","MLP#544","MLP",544
455,464,112,120,0.8055555555555556,0.8024691358024691,0.8055555555555556,0.8055555555555556,0.8,0.7984361424847958,0.5968671119216414,545,"all","DT#545","DT",545
485,531,45,90,0.921875,0.9150943396226415,0.921875,0.921875,0.887218045112782,0.8827106863596872,0.7654052585094095,545,"all","RF#545","RF",545
478,433,143,97,0.831304347826087,0.8169811320754717,0.831304347826087,0.831304347826087,0.7993311036789297,0.7914856646394439,0.5829999728279738,545,"all","NB#545","NB",545
473,506,70,102,0.8784722222222222,0.8710865561694291,0.8784722222222222,0.8784722222222222,0.8547297297297297,0.8505647263249348,0.7011147881540171,545,"all","MLP#545","MLP",545
461,470,106,114,0.8159722222222222,0.8130511463844797,0.8159722222222222,0.8159722222222222,0.810344827586207,0.8088618592528236,0.6177188130291428,546,"all","DT#546","DT",546
489,526,50,86,0.9131944444444444,0.9072356215213359,0.9131944444444444,0.9131944444444444,0.8855218855218855,0.8818418766290183,0.7636707308972106,546,"all","RF#546","RF",546
489,411,165,86,0.8504347826086956,0.8269617706237424,0.8504347826086956,0.8504347826086956,0.7957689178193653,0.7819287576020851,0.5639091956122382,546,"all","NB#546","NB",546
471,513,63,104,0.890625,0.8820224719101124,0.890625,0.890625,0.8600167644593462,0.8549087749782798,0.7097993686203403,546,"all","MLP#546","MLP",546
476,458,118,99,0.8278260869565217,0.822262118491921,0.8278260869565217,0.8278260869565217,0.81437125748503,0.8114682884448305,0.6229471074954069,547,"all","DT#547","DT",547
516,501,75,59,0.8973913043478261,0.8946428571428572,0.8973913043478261,0.8973913043478261,0.8850771869639794,0.8835794960903562,0.7671644404724524,547,"all","RF#547","RF",547
510,431,145,65,0.8869565217391304,0.8689516129032258,0.8869565217391304,0.8869565217391304,0.8292682926829268,0.8175499565595135,0.6351437024513947,547,"all","NB#547","NB",547
500,508,68,75,0.8819444444444444,0.8802816901408451,0.8819444444444444,0.8819444444444444,0.8766177739430544,0.8757602085143353,0.751517603597864,547,"all","MLP#547","MLP",547
484,473,103,91,0.8417391304347827,0.8386524822695035,0.8417391304347827,0.8417391304347827,0.8330464716006885,0.8314509122502172,0.6629076767932947,548,"all","DT#548","DT",548
508,513,63,67,0.890625,0.8896672504378283,0.890625,0.890625,0.8875432525951558,0.8870547350130321,0.7741079354343927,548,"all","RF#548","RF",548
540,283,293,35,0.9391304347826087,0.889937106918239,0.9391304347826087,0.9391304347826087,0.7670454545454544,0.7150304083405734,0.43028228739410074,548,"all","NB#548","NB",548
502,501,75,73,0.8730434782608696,0.872822299651568,0.8730434782608696,0.8730434782608696,0.8715277777777778,0.8714161598609904,0.742832902074571,548,"all","MLP#548","MLP",548
445,465,111,130,0.8072916666666666,0.8003597122302158,0.8072916666666666,0.8072916666666666,0.794192997438087,0.790616854908775,0.5812213816519496,549,"all","DT#549","DT",549
491,515,61,84,0.8940972222222222,0.8894927536231884,0.8940972222222222,0.8940972222222222,0.876595744680851,0.8740225890529973,0.74803623918101,549,"all","RF#549","RF",549
504,400,176,71,0.8765217391304347,0.8492569002123143,0.8765217391304347,0.8765217391304347,0.803187250996016,0.7854039965247611,0.5708756915042151,549,"all","NB#549","NB",549
466,499,77,109,0.8663194444444444,0.858195211786372,0.8663194444444444,0.8663194444444444,0.8429054054054054,0.838401390095569,0.67678692207353,549,"all","MLP#549","MLP",549
473,465,111,102,0.8226086956521739,0.8201058201058201,0.8226086956521739,0.8226086956521739,0.8162208800690249,0.8149435273675065,0.6298918040062861,550,"all","DT#550","DT",550
498,512,64,77,0.8888888888888888,0.8861209964412812,0.8888888888888888,0.8888888888888888,0.878969957081545,0.8774978279756733,0.754990662558293,550,"all","RF#550","RF",550
425,503,73,150,0.8732638888888888,0.8534136546184738,0.8732638888888888,0.8732638888888888,0.8185516680227827,0.8062554300608167,0.6124655190896285,550,"all","NB#550","NB",550
468,515,61,107,0.8940972222222222,0.8846880907372401,0.8940972222222222,0.8940972222222222,0.8597662771285476,0.8540399652476107,0.7080594364946841,550,"all","MLP#550","MLP",550
478,478,98,97,0.831304347826087,0.831304347826087,0.831304347826087,0.831304347826087,0.8305821025195483,0.8305821025195482,0.6611644608024445,551,"all","DT#551","DT",551
505,532,44,70,0.9236111111111112,0.9198542805100182,0.9236111111111112,0.9236111111111112,0.9032258064516129,0.9009556907037359,0.801903456355473,551,"all","RF#551","RF",551
523,296,280,52,0.9095652173913044,0.8505747126436781,0.9095652173913044,0.9095652173913044,0.7590711175616837,0.7115551694178974,0.42330840230114025,551,"all","NB#551","NB",551
476,529,47,99,0.9184027777777778,0.9101338432122371,0.9184027777777778,0.9184027777777778,0.8787375415282392,0.8731537793223284,0.7462874501017591,551,"all","MLP#551","MLP",551
476,454,122,99,0.8278260869565217,0.8209764918625678,0.8278260869565217,0.8278260869565217,0.8115942028985507,0.8079930495221547,0.6159991425418503,552,"all","DT#552","DT",552
488,518,58,87,0.8993055555555556,0.8937728937728938,0.8993055555555556,0.8993055555555556,0.8772226926333615,0.8740225890529973,0.7480339568006449,552,"all","RF#552","RF",552
515,318,258,60,0.8956521739130435,0.8412698412698413,0.8956521739130435,0.8956521739130435,0.7640949554896143,0.7237185056472633,0.44760171325600145,552,"all","NB#552","NB",552
488,483,93,87,0.8486956521739131,0.8473684210526315,0.8486956521739131,0.8486956521739131,0.8442906574394465,0.843614248479583,0.6872310939212508,552,"all","MLP#552","MLP",552
464,471,105,111,0.8177083333333334,0.8154657293497364,0.8177083333333334,0.8177083333333334,0.8134715025906737,0.8123370981754996,0.6246705133198671,553,"all","DT#553","DT",553
496,527,49,79,0.9149305555555556,0.9100917431192661,0.9149305555555556,0.9149305555555556,0.8917089678510999,0.8887923544743701,0.777574467442668,553,"all","RF#553","RF",553
415,516,60,160,0.8958333333333334,0.8736842105263158,0.8958333333333334,0.8958333333333334,0.8242811501597445,0.8088618592528236,0.6176657104031406,553,"all","NB#553","NB",553
473,523,53,102,0.9079861111111112,0.8992395437262357,0.9079861111111112,0.9079861111111112,0.8709408825978352,0.8653344917463076,0.7306488553652069,553,"all","MLP#553","MLP",553
484,470,106,91,0.8417391304347827,0.8377896613190731,0.8417391304347827,0.8417391304347827,0.8309012875536481,0.8288444830582102,0.6576964591683461,554,"all","DT#554","DT",554
503,527,49,72,0.9149305555555556,0.9112318840579711,0.9149305555555556,0.9149305555555556,0.8970212765957447,0.894874022589053,0.7897405857993258,554,"all","RF#554","RF",554
428,511,65,147,0.8871527777777778,0.8681541582150102,0.8871527777777778,0.8871527777777778,0.8282009724473257,0.8158123370981755,0.6315787884369743,554,"all","NB#554","NB",554
496,498,78,79,0.8645833333333334,0.8641114982578397,0.8645833333333334,0.8645833333333334,0.8638334778837816,0.8635968722849696,0.7271931268012181,554,"all","MLP#554","MLP",554
466,453,123,109,0.8104347826086956,0.806049822064057,0.8104347826086956,0.8104347826086956,0.8006872852233676,0.7984361424847958,0.5968805007140549,555,"all","DT#555","DT",555
509,515,61,66,0.8940972222222222,0.8929824561403509,0.8940972222222222,0.8940972222222222,0.8902333621434745,0.889661164205039,0.7793204960786236,555,"all","RF#555","RF",555
550,199,377,25,0.9565217391304348,0.8883928571428571,0.9565217391304348,0.9565217391304348,0.7323568575233023,0.6507384882710686,0.30184744821592385,555,"all","NB#555","NB",555
492,509,67,83,0.8836805555555556,0.8801431127012522,0.8836805555555556,0.8836805555555556,0.8715753424657535,0.8696785403996524,0.7393505881784583,555,"all","MLP#555","MLP",555
463,445,131,112,0.8052173913043478,0.7989228007181328,0.8052173913043478,0.8052173913043478,0.7921300256629596,0.788879235447437,0.5777702632321838,556,"all","DT#556","DT",556
499,491,85,76,0.8678260869565217,0.8659611992945326,0.8678260869565217,0.8678260869565217,0.8610871440897326,0.8601216333622936,0.7202468565493524,556,"all","RF#556","RF",556
506,384,192,69,0.88,0.847682119205298,0.88,0.88,0.7949725058915946,0.7732406602953953,0.5465651758504987,556,"all","NB#556","NB",556
482,492,84,93,0.8541666666666666,0.8515901060070671,0.8541666666666666,0.8541666666666666,0.8475452196382429,0.8462206776715899,0.6924369443425409,556,"all","MLP#556","MLP",556
478,464,112,97,0.831304347826087,0.8270944741532977,0.831304347826087,0.831304347826087,0.8206008583690987,0.8184187662901824,0.6368454820618493,557,"all","DT#557","DT",557
498,524,52,77,0.9097222222222222,0.9054545454545454,0.9097222222222222,0.9097222222222222,0.8903993203058623,0.8879235447437012,0.7758384600868089,557,"all","RF#557","RF",557
497,395,181,78,0.8643478260869565,0.8350951374207188,0.8643478260869565,0.8643478260869565,0.7932960893854748,0.7749782797567333,0.5500261885606555,557,"all","NB#557","NB",557
475,519,57,100,0.9010416666666666,0.8928571428571429,0.9010416666666666,0.9010416666666666,0.8686192468619246,0.8635968722849696,0.7271758281410177,557,"all","MLP#557","MLP",557
469,466,110,106,0.8156521739130435,0.8146853146853147,0.8156521739130435,0.8156521739130435,0.8128249566724436,0.8123370981754996,0.6246761794916698,558,"all","DT#558","DT",558
496,518,58,79,0.8993055555555556,0.8953068592057761,0.8993055555555556,0.8993055555555556,0.8832054560954816,0.8809730668983493,0.7619384068637443,558,"all","RF#558","RF",558
512,326,250,63,0.8904347826086957,0.8380462724935732,0.8904347826086957,0.8904347826086957,0.7658937920718025,0.7280625543006082,0.4562781944106962,558,"all","NB#558","NB",558
482,506,70,93,0.8784722222222222,0.8731884057971014,0.8784722222222222,0.8784722222222222,0.8612765957446809,0.8583840139009556,0.7167579792172735,558,"all","MLP#558","MLP",558
467,474,102,108,0.8229166666666666,0.820738137082601,0.8229166666666666,0.8229166666666666,0.8186528497409326,0.8175499565595135,0.6350963323943152,559,"all","DT#559","DT",559
496,516,60,79,0.8958333333333334,0.8920863309352518,0.8958333333333334,0.8958333333333334,0.8812980358667805,0.8792354474370113,0.7584637844382615,559,"all","RF#559","RF",559
439,498,78,136,0.8645833333333334,0.8491295938104448,0.8645833333333334,0.8645833333333334,0.8231404958677686,0.8140747176368376,0.6281165923344738,559,"all","NB#559","NB",559
468,498,78,107,0.8645833333333334,0.8571428571428571,0.8645833333333334,0.8645833333333334,0.8433530906011855,0.8392701998262381,0.6785260828146161,559,"all","MLP#559","MLP",559
473,478,98,102,0.8298611111111112,0.8283712784588442,0.8298611111111112,0.8298611111111112,0.8269896193771626,0.8262380538662033,0.6524737468221427,560,"all","DT#560","DT",560
493,529,47,82,0.9184027777777778,0.912962962962963,0.9184027777777778,0.9184027777777778,0.8913226621735467,0.8879235447437012,0.7758350758267722,560,"all","RF#560","RF",560
497,385,191,78,0.8643478260869565,0.8315334773218143,0.8643478260869565,0.8643478260869565,0.78701504354711,0.7662901824500434,0.5326597364881898,560,"all","NB#560","NB",560
476,514,62,99,0.8923611111111112,0.8847583643122676,0.8923611111111112,0.8923611111111112,0.864592094196804,0.8601216333622936,0.720227428162503,560,"all","MLP#560","MLP",560
461,465,111,114,0.8072916666666666,0.8059440559440559,0.8072916666666666,0.8072916666666666,0.8051948051948051,0.8045178105994787,0.6090335554055952,561,"all","DT#561","DT",561
500,523,53,75,0.9079861111111112,0.9041591320072333,0.9079861111111112,0.9079861111111112,0.8909710391822828,0.8887923544743701,0.7775771538305922,561,"all","RF#561","RF",561
516,340,236,59,0.8973913043478261,0.8521303258145363,0.8973913043478261,0.8973913043478261,0.7776940467219291,0.7437011294526499,0.48753880681037837,561,"all","NB#561","NB",561
466,530,46,109,0.9201388888888888,0.91015625,0.9201388888888888,0.9201388888888888,0.8724279835390946,0.8653344917463076,0.7306431620157111,561,"all","MLP#561","MLP",561
464,457,119,111,0.8069565217391305,0.8045774647887324,0.8069565217391305,0.8069565217391305,0.8013816925734025,0.8001737619461338,0.6003520488882984,562,"all","DT#562","DT",562
505,512,64,70,0.8888888888888888,0.8875219683655536,0.8888888888888888,0.8888888888888888,0.8842832469775475,0.8835794960903562,0.767156707337325,562,"all","RF#562","RF",562
480,447,129,95,0.8347826086956521,0.8247232472324724,0.8347826086956521,0.8347826086956521,0.8108108108108107,0.8053866203301477,0.6107929242762298,562,"all","NB#562","NB",562
470,504,72,105,0.875,0.8671586715867159,0.875,0.875,0.8506329113924052,0.8462206776715899,0.6924258001983795,562,"all","MLP#562","MLP",562
475,467,109,100,0.8260869565217391,0.8236331569664903,0.8260869565217391,0.8260869565217391,0.8196721311475409,0.8184187662901824,0.6368421926634449,563,"all","DT#563","DT",563
508,511,65,67,0.8871527777777778,0.8865619546247818,0.8871527777777778,0.8871527777777778,0.8856152512998268,0.8853171155516942,0.7706333654389055,563,"all","RF#563","RF",563
491,428,148,84,0.8539130434782609,0.8359375,0.8539130434782609,0.8539130434782609,0.8088962108731467,0.7984361424847958,0.5969109264805331,563,"all","NB#563","NB",563
483,480,96,92,0.84,0.8391608391608392,0.84,0.84,0.8370883882149046,0.8366637706342311,0.6733292673353423,563,"all","MLP#563","MLP",563
456,464,112,119,0.8055555555555556,0.8028169014084507,0.8055555555555556,0.8055555555555556,0.8006902502157032,0.7993049522154648,0.5986053596580881,564,"all","DT#564","DT",564
489,518,58,86,0.8993055555555556,0.8939670932358318,0.8993055555555556,0.8993055555555556,0.8779661016949153,0.8748913987836664,0.7497720314264492,564,"all","RF#564","RF",564
432,486,90,143,0.84375,0.8275862068965517,0.84375,0.84375,0.8066390041493775,0.7975673327541268,0.5951019631703623,564,"all","NB#564","NB",564
481,502,74,94,0.8715277777777778,0.8666666666666667,0.8715277777777778,0.8715277777777778,0.856655290102389,0.8540399652476107,0.7080708958603821,564,"all","MLP#564","MLP",564
470,479,97,105,0.8315972222222222,0.8289241622574955,0.8315972222222222,0.8315972222222222,0.8258620689655174,0.8245004344048653,0.6489963646903948,565,"all","DT#565","DT",565
499,512,64,76,0.8888888888888888,0.8863232682060391,0.8888888888888888,0.8888888888888888,0.8797250859106528,0.8783666377063423,0.7567286846983942,565,"all","RF#565","RF",565
452,473,103,123,0.8211805555555556,0.8144144144144144,0.8211805555555556,0.8211805555555556,0.8071672354948805,0.8036490008688097,0.6072858480026571,565,"all","NB#565","NB",565
463,526,50,112,0.9131944444444444,0.9025341130604289,0.9131944444444444,0.9131944444444444,0.8665568369028007,0.8592528236316247,0.7184790846969372,565,"all","MLP#565","MLP",565
455,474,102,120,0.8229166666666666,0.8168761220825853,0.8229166666666666,0.8229166666666666,0.8102564102564104,0.8071242397914856,0.6142377057347572,566,"all","DT#566","DT",566
501,530,46,74,0.9201388888888888,0.9159049360146252,0.9201388888888888,0.9201388888888888,0.8983050847457628,0.895742832319722,0.7914766928553743,566,"all","RF#566","RF",566
456,479,97,119,0.8315972222222222,0.8245931283905967,0.8315972222222222,0.8315972222222222,0.8160136286201023,0.8123370981754996,0.6246614470891244,566,"all","NB#566","NB",566
488,510,66,87,0.8854166666666666,0.8808664259927798,0.8854166666666666,0.8854166666666666,0.8695652173913043,0.8670721112076455,0.7341355930668091,566,"all","MLP#566","MLP",566
469,444,132,106,0.8156521739130435,0.8072727272727273,0.8156521739130435,0.8156521739130435,0.7976190476190477,0.7932232841007819,0.5864624878854392,567,"all","DT#567","DT",567
498,515,61,77,0.8940972222222222,0.8908765652951699,0.8940972222222222,0.8940972222222222,0.8818493150684931,0.8801042571676803,0.7602025411241817,567,"all","RF#567","RF",567
482,426,150,93,0.8382608695652174,0.8208092485549133,0.8382608695652174,0.8382608695652174,0.7986743993371997,0.788879235447437,0.577794483264574,567,"all","NB#567","NB",567
488,503,73,87,0.8732638888888888,0.8698752228163993,0.8732638888888888,0.8732638888888888,0.862778730703259,0.8609904430929627,0.7219748001920332,567,"all","MLP#567","MLP",567
452,469,107,123,0.8142361111111112,0.8085867620751341,0.8142361111111112,0.8142361111111112,0.8030821917808219,0.8001737619461338,0.6003375685403028,568,"all","DT#568","DT",568
504,528,48,71,0.9166666666666666,0.9130434782608695,0.9166666666666666,0.9166666666666666,0.8987234042553192,0.896611642050391,0.7932159480175188,568,"all","RF#568","RF",568
452,473,103,123,0.8211805555555556,0.8144144144144144,0.8211805555555556,0.8211805555555556,0.8071672354948805,0.8036490008688097,0.6072858480026571,568,"all","NB#568","NB",568
473,519,57,102,0.9010416666666666,0.8924528301886793,0.9010416666666666,0.9010416666666666,0.8671679197994987,0.8618592528236316,0.7236995266888603,568,"all","MLP#568","MLP",568
466,452,124,109,0.8104347826086956,0.8057040998217468,0.8104347826086956,0.8104347826086956,0.7999999999999999,0.7975673327541268,0.595143527848856,569,"all","DT#569","DT",569
489,509,67,86,0.8836805555555556,0.8794964028776978,0.8836805555555556,0.8836805555555556,0.86934244235696,0.8670721112076455,0.7341363958205323,569,"all","RF#569","RF",569
487,419,157,88,0.8469565217391304,0.8264299802761341,0.8469565217391304,0.8469565217391304,0.7990155865463493,0.787141615986099,0.5743272515393172,569,"all","NB#569","NB",569
481,503,73,94,0.8732638888888888,0.868231046931408,0.8732638888888888,0.8732638888888888,0.8576300085251491,0.8549087749782798,0.709808130994491,569,"all","MLP#569","MLP",569
468,460,116,107,0.8139130434782609,0.8112874779541446,0.8139130434782609,0.8139130434782609,0.8075927523727352,0.8062554300608167,0.6125158323633887,570,"all","DT#570","DT",570
495,514,62,80,0.8923611111111112,0.8886894075403949,0.8923611111111112,0.8923611111111112,0.8786324786324786,0.8766290182450044,0.7532511451096195,570,"all","RF#570","RF",570
545,140,436,30,0.9478260869565217,0.8235294117647058,0.9478260869565217,0.9478260869565217,0.7005141388174807,0.5951346655082537,0.19076471848474505,570,"all","NB#570","NB",570
486,498,78,89,0.8645833333333334,0.8617021276595744,0.8645833333333334,0.8645833333333334,0.8564058469475494,0.8549087749782798,0.7098125119831399,570,"all","MLP#570","MLP",570
460,453,123,115,0.8,0.7975352112676056,0.8,0.8,0.7944732297063903,0.7932232841007819,0.586451250588761,571,"all","DT#571","DT",571
497,521,55,78,0.9045138888888888,0.9003623188405797,0.9045138888888888,0.9045138888888888,0.8868085106382977,0.8844483058210252,0.7688884124901679,571,"all","RF#571","RF",571
514,357,219,61,0.8939130434782608,0.854066985645933,0.8939130434782608,0.8939130434782608,0.7859327217125383,0.7567332754126846,0.51358220714262,571,"all","NB#571","NB",571
483,516,60,92,0.8958333333333334,0.8895027624309392,0.8958333333333334,0.8958333333333334,0.8716216216216217,0.8679409209383145,0.7358688825547128,571,"all","MLP#571","MLP",571
460,468,108,115,0.8125,0.8098591549295775,0.8125,0.8125,0.8075927523727351,0.8062554300608167,0.6125064727435223,572,"all","DT#572","DT",572
494,514,62,81,0.8923611111111112,0.8884892086330936,0.8923611111111112,0.8923611111111112,0.8778821520068317,0.8757602085143353,0.751513101976053,572,"all","RF#572","RF",572
406,497,79,169,0.8628472222222222,0.8371134020618557,0.8628472222222222,0.8628472222222222,0.8003220611916263,0.7845351867940921,0.5690114900877232,572,"all","NB#572","NB",572
485,511,65,90,0.8871527777777778,0.8818181818181818,0.8871527777777778,0.8871527777777778,0.8683092608326254,0.8653344917463076,0.7306586148329874,572,"all","MLP#572","MLP",572
469,469,107,106,0.8156521739130435,0.8156521739130435,0.8156521739130435,0.8156521739130435,0.8149435273675065,0.8149435273675065,0.6298873341072856,573,"all","DT#573","DT",573
485,514,62,90,0.8923611111111112,0.886654478976234,0.8923611111111112,0.8923611111111112,0.8711864406779661,0.8679409209383145,0.7358704776168076,573,"all","RF#573","RF",573
537,208,368,38,0.9339130434782609,0.8455284552845529,0.9339130434782609,0.9339130434782609,0.7256756756756756,0.6472632493483927,0.2948772501622079,573,"all","NB#573","NB",573
474,508,68,101,0.8819444444444444,0.8745387453874539,0.8819444444444444,0.8819444444444444,0.8573839662447257,0.8531711555169418,0.7063274589464753,573,"all","MLP#573","MLP",573
469,459,117,106,0.8156521739130435,0.8123893805309734,0.8156521739130435,0.8156521739130435,0.8079242032730404,0.8062554300608167,0.6125170022840803,574,"all","DT#574","DT",574
504,523,53,71,0.9079861111111112,0.9048473967684022,0.9079861111111112,0.9079861111111112,0.8940170940170941,0.8922675933970461,0.7845291689689636,574,"all","RF#574","RF",574
538,187,389,37,0.9356521739130435,0.8348214285714286,0.9356521739130435,0.9356521739130435,0.7163781624500667,0.629887054735013,0.2601666988556806,574,"all","NB#574","NB",574
480,516,60,95,0.8958333333333334,0.8888888888888888,0.8958333333333334,0.8958333333333334,0.869418702611626,0.8653344917463076,0.7306545484740288,574,"all","MLP#574","MLP",574
490,454,122,85,0.8521739130434782,0.8423005565862709,0.8521739130434782,0.8521739130434782,0.8256107834877843,0.8201563857515204,0.6403325901180036,575,"all","DT#575","DT",575
509,526,50,66,0.9131944444444444,0.9105545617173524,0.9131944444444444,0.9131944444444444,0.9006849315068494,0.8992180712423979,0.7984311215246745,575,"all","RF#575","RF",575
504,441,135,71,0.8765217391304347,0.861328125,0.8765217391304347,0.8765217391304347,0.8303130148270179,0.8210251954821894,0.6420847019611632,575,"all","NB#575","NB",575
488,506,70,87,0.8784722222222222,0.8745519713261649,0.8784722222222222,0.8784722222222222,0.8656971770744226,0.8635968722849696,0.7271865370940982,575,"all","MLP#575","MLP",575
470,459,117,105,0.8173913043478261,0.8138297872340425,0.8173913043478261,0.8173913043478261,0.8089500860585197,0.8071242397914856,0.6142551765366568,576,"all","DT#576","DT",576
502,519,57,73,0.9010416666666666,0.8980322003577818,0.9010416666666666,0.9010416666666666,0.8886986301369864,0.8870547350130321,0.7741038430879972,576,"all","RF#576","RF",576
387,507,69,188,0.8802083333333334,0.8486842105263158,0.8802083333333334,0.8802083333333334,0.7977970102281668,0.7767158992180713,0.5533512210073973,576,"all","NB#576","NB",576
459,521,55,116,0.9045138888888888,0.8929961089494164,0.9045138888888888,0.9045138888888888,0.8590272052761747,0.8514335360556038,0.7028394825006529,576,"all","MLP#576","MLP",576
460,451,125,115,0.8,0.7968197879858657,0.8,0.8,0.793103448275862,0.7914856646394439,0.582977310125149,577,"all","DT#577","DT",577
496,525,51,79,0.9114583333333334,0.906764168190128,0.9114583333333334,0.9114583333333334,0.8898305084745763,0.8870547350130321,0.7740997505933221,577,"all","RF#577","RF",577
498,407,169,77,0.8660869565217392,0.8409090909090909,0.8660869565217392,0.8660869565217392,0.8019323671497584,0.7862728062554301,0.5726046503203057,577,"all","NB#577","NB",577
465,509,67,110,0.8836805555555556,0.8740601503759399,0.8836805555555556,0.8836805555555556,0.8518828451882846,0.8462206776715899,0.692421156566625,577,"all","MLP#577","MLP",577
487,464,112,88,0.8469565217391304,0.8405797101449275,0.8469565217391304,0.8469565217391304,0.8296422487223167,0.8262380538662033,0.6524884364093089,578,"all","DT#578","DT",578
509,519,57,66,0.9010416666666666,0.8992932862190812,0.9010416666666666,0.9010416666666666,0.8940568475452196,0.893136403127715,0.7862697409837995,578,"all","RF#578","RF",578
430,503,73,145,0.8732638888888888,0.8548707753479126,0.8732638888888888,0.8732638888888888,0.8218954248366014,0.8105994787141616,0.6211574929642111,578,"all","NB#578","NB",578
501,505,71,74,0.8767361111111112,0.8758741258741258,0.8767361111111112,0.8767361111111112,0.8744588744588745,0.8740225890529973,0.748043846816939,578,"all","MLP#578","MLP",578
456,450,126,119,0.7930434782608695,0.7908611599297012,0.7930434782608695,0.7930434782608695,0.7882454624027657,0.787141615986099,0.5742874094023763,579,"all","DT#579","DT",579
492,503,73,83,0.8732638888888888,0.8707964601769912,0.8732638888888888,0.8732638888888888,0.8657487091222031,0.8644656820156386,0.7289270671356753,579,"all","RF#579","RF",579
524,314,262,51,0.9113043478260869,0.8602739726027397,0.9113043478260869,0.9113043478260869,0.7700220426157237,0.7280625543006082,0.45629788820288225,579,"all","NB#579","NB",579
478,496,80,97,0.8611111111111112,0.8566308243727598,0.8611111111111112,0.8611111111111112,0.8485885372112917,0.8462206776715899,0.6924332297175502,579,"all","MLP#579","MLP",579
477,467,109,98,0.8295652173913044,0.8265486725663717,0.8295652173913044,0.8295652173913044,0.8217054263565893,0.8201563857515204,0.6403184729722181,580,"all","DT#580","DT",580
492,521,55,83,0.9045138888888888,0.8994515539305301,0.9045138888888888,0.9045138888888888,0.8830508474576272,0.8801042571676803,0.7601981967836804,580,"all","RF#580","RF",580
482,448,128,93,0.8382608695652174,0.8280961182994455,0.8382608695652174,0.8382608695652174,0.8135021097046413,0.8079930495221547,0.6160060987115717,580,"all","NB#580","NB",580
469,513,63,106,0.890625,0.881578947368421,0.890625,0.890625,0.8585774058577406,0.8531711555169418,0.706323025196382,580,"all","MLP#580","MLP",580
472,486,90,103,0.84375,0.8398576512455516,0.84375,0.84375,0.8343347639484979,0.8323197219808862,0.6646326090336918,581,"all","DT#581","DT",581
500,520,56,75,0.9027777777777778,0.8992805755395683,0.9027777777777778,0.9027777777777778,0.888129803586678,0.8861859252823632,0.7723651493626781,581,"all","RF#581","RF",581
402,508,68,173,0.8819444444444444,0.8553191489361702,0.8819444444444444,0.8819444444444444,0.8082736674622115,0.790616854908775,0.5811670026196786,581,"all","NB#581","NB",581
480,509,67,95,0.8836805555555556,0.8775137111517367,0.8836805555555556,0.8836805555555556,0.8627118644067797,0.8592528236316247,0.7184935353547554,581,"all","MLP#581","MLP",581
460,476,100,115,0.8263888888888888,0.8214285714285714,0.8263888888888888,0.8263888888888888,0.8157669237360754,0.8132059079061685,0.6264030737411022,582,"all","DT#582","DT",582
506,518,58,69,0.8993055555555556,0.8971631205673759,0.8993055555555556,0.8993055555555556,0.8907996560619089,0.889661164205039,0.7793184971368787,582,"all","RF#582","RF",582
496,389,187,79,0.8626086956521739,0.8311965811965812,0.8626086956521739,0.8626086956521739,0.7885532591414945,0.7688966116420504,0.5378682219686404,582,"all","NB#582","NB",582
485,493,83,90,0.8559027777777778,0.8538732394366197,0.8559027777777778,0.8559027777777778,0.8507333908541846,0.8496959165942659,0.699388429527486,582,"all","MLP#582","MLP",582
463,457,119,112,0.8052173913043478,0.8031634446397188,0.8052173913043478,0.8052173913043478,0.8003457216940362,0.7993049522154648,0.598613843150812,583,"all","DT#583","DT",583
505,505,71,70,0.8782608695652174,0.8782608695652174,0.8782608695652174,0.8782608695652174,0.8774978279756733,0.8774978279756733,0.7549958408879215,583,"all","RF#583","RF",583
488,413,163,87,0.8486956521739131,0.826,0.8486956521739131,0.8486956521739131,0.7960848287112563,0.7827975673327541,0.5656446422210012,583,"all","NB#583","NB",583
492,511,65,83,0.8871527777777778,0.8833034111310593,0.8871527777777778,0.8871527777777778,0.8735042735042735,0.8714161598609904,0.7428251371565048,583,"all","MLP#583","MLP",583
469,467,109,106,0.8156521739130435,0.8150087260034904,0.8156521739130435,0.8156521739130435,0.8135299219427581,0.8132059079061685,0.6264132257855113,584,"all","DT#584","DT",584
498,514,62,77,0.8923611111111112,0.8892857142857142,0.8923611111111112,0.8923611111111112,0.8808911739502999,0.8792354474370113,0.7584652430233173,584,"all","RF#584","RF",584
450,465,111,125,0.8072916666666666,0.8021390374331551,0.8072916666666666,0.8072916666666666,0.797598627787307,0.7949609035621199,0.5899128302832488,584,"all","NB#584","NB",584
483,515,61,92,0.8940972222222222,0.8878676470588235,0.8940972222222222,0.8940972222222222,0.8706677937447168,0.8670721112076455,0.734131579225477,584,"all","MLP#584","MLP",584
474,454,122,101,0.8243478260869566,0.818018018018018,0.8243478260869566,0.8243478260869566,0.8095644748078565,0.8062554300608167,0.612522851781571,585,"all","DT#585","DT",585
494,520,56,81,0.9027777777777778,0.8981818181818182,0.9027777777777778,0.9027777777777778,0.8836023789294817,0.8809730668983493,0.7619369692394793,585,"all","RF#585","RF",585
487,419,157,88,0.8469565217391304,0.8264299802761341,0.8469565217391304,0.8469565217391304,0.7990155865463493,0.787141615986099,0.5743272515393172,585,"all","NB#585","NB",585
477,501,75,98,0.8697916666666666,0.8641304347826086,0.8697916666666666,0.8697916666666666,0.8527659574468085,0.8496959165942659,0.6993811681263088,585,"all","MLP#585","MLP",585
475,482,94,100,0.8368055555555556,0.8347978910369068,0.8368055555555556,0.8368055555555556,0.8324697754749568,0.8314509122502172,0.6628985165928435,586,"all","DT#586","DT",586
496,524,52,79,0.9097222222222222,0.9051094890510949,0.9097222222222222,0.9097222222222222,0.8888888888888888,0.8861859252823632,0.7723624000374412,586,"all","RF#586","RF",586
470,450,126,105,0.8173913043478261,0.8108108108108109,0.8173913043478261,0.8173913043478261,0.8027327070879591,0.7993049522154648,0.5986223262849457,586,"all","NB#586","NB",586
478,516,60,97,0.8958333333333334,0.8884758364312267,0.8958333333333334,0.8958333333333334,0.8679562657695542,0.8635968722849696,0.727178299512503,586,"all","MLP#586","MLP",586
468,451,125,107,0.8139130434782609,0.8082437275985663,0.8139130434782609,0.8139130434782609,0.8013698630136987,0.7984361424847958,0.5968829349444005,587,"all","DT#587","DT",587
486,518,58,89,0.8993055555555556,0.8933823529411765,0.8993055555555556,0.8993055555555556,0.8757396449704142,0.8722849695916595,0.7445577918048703,587,"all","RF#587","RF",587
441,474,102,134,0.8229166666666666,0.8121546961325967,0.8229166666666666,0.8229166666666666,0.8006756756756758,0.7949609035621199,0.5899016860717908,587,"all","NB#587","NB",587
457,513,63,118,0.890625,0.8788461538461538,0.890625,0.890625,0.8500414250207124,0.8427454387489139,0.6854645237753738,587,"all","MLP#587","MLP",587
468,454,122,107,0.8139130434782609,0.8092691622103387,0.8139130434782609,0.8139130434782609,0.8034334763948497,0.8010425716768028,0.6020938535510216,588,"all","DT#588","DT",588
510,514,62,65,0.8923611111111112,0.8916083916083916,0.8923611111111112,0.8923611111111112,0.8900432900432902,0.889661164205039,0.7793211623844915,588,"all","RF#588","RF",588
439,489,87,136,0.8489583333333334,0.8346007604562737,0.8489583333333334,0.8489583333333334,0.8143213988343048,0.8062554300608167,0.6124819015899425,588,"all","NB#588","NB",588
486,494,82,89,0.8576388888888888,0.8556338028169014,0.8576388888888888,0.8576388888888888,0.8524590163934427,0.8514335360556038,0.7028637077988444,588,"all","MLP#588","MLP",588
466,463,113,109,0.8104347826086956,0.8094405594405595,0.8104347826086956,0.8104347826086956,0.807625649913345,0.8071242397914856,0.6142505178108827,589,"all","DT#589","DT",589
506,521,55,69,0.9045138888888888,0.9019607843137255,0.9045138888888888,0.9045138888888888,0.8936535162950258,0.8922675933970461,0.7845304701488257,589,"all","RF#589","RF",589
494,427,149,81,0.8591304347826086,0.8405511811023622,0.8591304347826086,0.8591304347826086,0.8111658456486043,0.8001737619461338,0.6003882451680685,589,"all","NB#589","NB",589
505,491,85,70,0.8782608695652174,0.875222816399287,0.8782608695652174,0.8782608695652174,0.8669527896995708,0.8653344917463076,0.7306748790410845,589,"all","MLP#589","MLP",589
485,477,99,90,0.8434782608695652,0.8412698412698413,0.8434782608695652,0.8434782608695652,0.8369283865401208,0.8357949609035621,0.6715941359492397,590,"all","DT#590","DT",590
501,533,43,74,0.9253472222222222,0.9209558823529411,0.9253472222222222,0.9253472222222222,0.901098901098901,0.8983492615117289,0.7966888547018354,590,"all","RF#590","RF",590
489,432,144,86,0.8504347826086956,0.833976833976834,0.8504347826086956,0.8504347826086956,0.8096026490066225,0.8001737619461338,0.6003822129101014,590,"all","NB#590","NB",590
487,520,56,88,0.9027777777777778,0.8968692449355433,0.9027777777777778,0.9027777777777778,0.8783783783783783,0.8748913987836664,0.749770520314991,590,"all","MLP#590","MLP",590
454,471,105,121,0.8177083333333334,0.8121645796064401,0.8177083333333334,0.8177083333333334,0.8065068493150687,0.8036490008688097,0.6072882195222107,591,"all","DT#591","DT",591
493,524,52,82,0.9097222222222222,0.9045871559633027,0.9097222222222222,0.9097222222222222,0.88663282571912,0.8835794960903562,0.7671482706040431,591,"all","RF#591","RF",591
487,409,167,88,0.8469565217391304,0.8229376257545271,0.8469565217391304,0.8469565217391304,0.7925142392188773,0.7784535186794093,0.5569595413590469,591,"all","NB#591","NB",591
482,497,79,93,0.8628472222222222,0.8591800356506238,0.8628472222222222,0.8628472222222222,0.8524871355060035,0.8505647263249348,0.7011229102064356,591,"all","MLP#591","MLP",591
465,453,123,110,0.808695652173913,0.8046181172291297,0.808695652173913,0.808695652173913,0.7996560619088565,0.7975673327541268,0.5951423054801159,592,"all","DT#592","DT",592
491,518,58,84,0.8993055555555556,0.8943533697632058,0.8993055555555556,0.8993055555555556,0.8794567062818336,0.8766290182450044,0.7532481649340101,592,"all","RF#592","RF",592
488,416,160,87,0.8486956521739131,0.827037773359841,0.8486956521739131,0.8486956521739131,0.7980376124284546,0.7854039965247611,0.5708549631456679,592,"all","NB#592","NB",592
496,508,68,79,0.8819444444444444,0.8794326241134752,0.8819444444444444,0.8819444444444444,0.8736027515047291,0.8722849695916595,0.7445655045600094,592,"all","MLP#592","MLP",592
451,438,138,124,0.7843478260869565,0.7793594306049823,0.7843478260869565,0.7843478260869565,0.774914089347079,0.7723718505647263,0.5447529792546655,593,"all","DT#593","DT",593
486,511,65,89,0.8871527777777778,0.8820326678765881,0.8871527777777778,0.8871527777777778,0.8690476190476191,0.8662033014769766,0.7323967051946327,593,"all","RF#593","RF",593
494,390,186,81,0.8591304347826086,0.8280254777070064,0.8591304347826086,0.8591304347826086,0.7872509960159362,0.7680278019113814,0.5361287839337062,593,"all","NB#593","NB",593
472,487,89,103,0.8454861111111112,0.8413547237076648,0.8454861111111112,0.8454861111111112,0.8353344768439108,0.8331885317115552,0.6663697602304396,593,"all","MLP#593","MLP",593
483,461,115,92,0.84,0.833634719710669,0.84,0.84,0.8235294117647058,0.8201563857515204,0.6403249887156696,594,"all","DT#594","DT",594
513,517,59,62,0.8975694444444444,0.8968531468531469,0.8975694444444444,0.8975694444444444,0.8952380952380952,0.894874022589053,0.7897469342403424,594,"all","RF#594","RF",594
492,436,140,83,0.8556521739130435,0.8400770712909441,0.8556521739130435,0.8556521739130435,0.8152444076222038,0.8062554300608167,0.6125439085102882,594,"all","NB#594","NB",594
497,505,71,78,0.8767361111111112,0.875,0.8767361111111112,0.8767361111111112,0.8714408973252804,0.8705473501303215,0.7410917687837885,594,"all","MLP#594","MLP",594
472,480,96,103,0.8333333333333334,0.8309859154929577,0.8333333333333334,0.8333333333333334,0.828300258843831,0.8271068635968722,0.6542098119998248,595,"all","DT#595","DT",595
495,506,70,80,0.8784722222222222,0.8761061946902655,0.8784722222222222,0.8784722222222222,0.8709122203098106,0.8696785403996524,0.7393529491689186,595,"all","RF#595","RF",595
210,558,18,365,0.96875,0.9210526315789473,0.96875,0.96875,0.7444963308872582,0.6672458731537794,0.33414243270553873,595,"all","NB#595","NB",595
475,511,65,100,0.8871527777777778,0.8796296296296297,0.8871527777777778,0.8871527777777778,0.860994102780118,0.8566463944396178,0.7132774225691273,595,"all","MLP#595","MLP",595
484,439,137,91,0.8417391304347827,0.8283018867924529,0.8417391304347827,0.8417391304347827,0.8093645484949833,0.8019113814074718,0.6038499741865752,596,"all","DT#596","DT",596
507,508,68,68,0.8819444444444444,0.8819444444444444,0.8819444444444444,0.8819444444444444,0.8819444444444444,0.8818418766290183,0.763683574879227,596,"all","RF#596","RF",596
520,369,207,55,0.9043478260869565,0.8702830188679245,0.9043478260869565,0.9043478260869565,0.7987711213517664,0.7723718505647263,0.5448478006254605,596,"all","NB#596","NB",596
495,500,76,80,0.8680555555555556,0.8669001751313485,0.8680555555555556,0.8680555555555556,0.8650519031141869,0.8644656820156386,0.7289295225212712,596,"all","MLP#596","MLP",596
484,457,119,91,0.8417391304347827,0.833941605839416,0.8417391304347827,0.8417391304347827,0.8217317487266553,0.8175499565595135,0.6351150615614074,597,"all","DT#597","DT",597
510,508,68,65,0.8869565217391304,0.8865619546247818,0.8869565217391304,0.8869565217391304,0.8846487424111014,0.8844483058210252,0.768897483858014,597,"all","RF#597","RF",597
436,491,85,139,0.8524305555555556,0.836852207293666,0.8524305555555556,0.8524305555555556,0.814262023217247,0.8053866203301477,0.6107412138066811,597,"all","NB#597","NB",597
502,507,69,73,0.8802083333333334,0.8791593695271454,0.8802083333333334,0.8802083333333334,0.8771626297577856,0.8766290182450044,0.7532563602437213,597,"all","MLP#597","MLP",597
471,472,104,104,0.8194444444444444,0.8194444444444444,0.8194444444444444,0.8194444444444444,0.8194444444444444,0.8192875760208514,0.6385748792270531,598,"all","DT#598","DT",598
511,510,66,64,0.888695652173913,0.8885017421602788,0.888695652173913,0.888695652173913,0.8871527777777777,0.8870547350130321,0.774109981551988,598,"all","RF#598","RF",598
516,374,202,59,0.8973913043478261,0.8637413394919169,0.8973913043478261,0.8973913043478261,0.7981438515081206,0.7732406602953953,0.5465788635605537,598,"all","NB#598","NB",598
499,521,55,76,0.9045138888888888,0.9007220216606499,0.9045138888888888,0.9045138888888888,0.8883205456095481,0.8861859252823632,0.7723644620375948,598,"all","MLP#598","MLP",598
467,460,116,108,0.8121739130434783,0.8098591549295775,0.8121739130434783,0.8121739130434783,0.8065630397236616,0.8053866203301477,0.6107776476129516,599,"all","DT#599","DT",599
501,515,61,74,0.8940972222222222,0.891459074733096,0.8940972222222222,0.8940972222222222,0.8841201716738197,0.8827106863596872,0.7654165918111315,599,"all","RF#599","RF",599
515,345,231,60,0.8956521739130435,0.8518518518518519,0.8956521739130435,0.8956521739130435,0.7797123391370175,0.7471763683753258,0.4944828554222867,599,"all","NB#599","NB",599
488,517,59,87,0.8975694444444444,0.8921389396709324,0.8975694444444444,0.8975694444444444,0.876271186440678,0.8731537793223284,0.7462966429740387,599,"all","MLP#599","MLP",599
462,477,99,113,0.828125,0.8235294117647058,0.828125,0.828125,0.8181818181818182,0.8158123370981755,0.6316166102544437,600,"all","DT#600","DT",600
485,528,48,90,0.9166666666666666,0.9099437148217636,0.9166666666666666,0.9166666666666666,0.8844221105527638,0.8801042571676803,0.7601931281874756,600,"all","RF#600","RF",600
522,315,261,53,0.9078260869565218,0.8559782608695652,0.9078260869565218,0.9078260869565218,0.7687776141384388,0.7271937445699392,0.45455835124236366,600,"all","NB#600","NB",600
462,522,54,113,0.90625,0.8953488372093024,0.90625,0.90625,0.8620974401321222,0.8549087749782798,0.7097914820311592,600,"all","MLP#600","MLP",600
466,437,139,109,0.8104347826086956,0.8003663003663004,0.8104347826086956,0.8104347826086956,0.7898305084745763,0.7845351867940921,0.5690895641803662,601,"all","DT#601","DT",601
497,498,78,78,0.8645833333333334,0.8645833333333334,0.8645833333333334,0.8645833333333334,0.8645833333333333,0.8644656820156386,0.7289311594202897,601,"all","RF#601","RF",601
539,208,368,36,0.9373913043478261,0.8524590163934426,0.9373913043478261,0.9373913043478261,0.7273954116059379,0.6490008688097306,0.29835287869002847,601,"all","NB#601","NB",601
486,478,98,89,0.8452173913043478,0.8430335097001763,0.8452173913043478,0.8452173913043478,0.8386540120793788,0.8375325803649001,0.6750693302778192,601,"all","MLP#601","MLP",601
477,455,121,98,0.8295652173913044,0.8227848101265823,0.8295652173913044,0.8295652173913044,0.8132992327365729,0.8097306689834927,0.6194742634238245,602,"all","DT#602","DT",602
493,521,55,82,0.9045138888888888,0.8996350364963503,0.9045138888888888,0.9045138888888888,0.8837998303647159,0.8809730668983493,0.7619362504208355,602,"all","RF#602","RF",602
395,512,64,180,0.8888888888888888,0.8605664488017429,0.8888888888888888,0.8888888888888888,0.807570977917981,0.788010425716768,0.575946270784135,602,"all","NB#602","NB",602
477,484,92,98,0.8402777777777778,0.8383128295254832,0.8402777777777778,0.8402777777777778,0.8359240069084628,0.8349261511728931,0.6698490626424757,602,"all","MLP#602","MLP",602
477,458,118,98,0.8295652173913044,0.8237410071942446,0.8295652173913044,0.8295652173913044,0.8153846153846154,0.8123370981754996,0.6246852450107183,603,"all","DT#603","DT",603
496,514,62,79,0.8923611111111112,0.8888888888888888,0.8923611111111112,0.8923611111111112,0.8793840889649274,0.8774978279756733,0.7549891829953366,603,"all","RF#603","RF",603
474,420,156,101,0.8243478260869566,0.8061420345489443,0.8243478260869566,0.8243478260869566,0.7867219917012448,0.7767158992180713,0.553468537485565,603,"all","NB#603","NB",603
469,514,62,106,0.8923611111111112,0.8832391713747646,0.8923611111111112,0.8923611111111112,0.8595317725752508,0.8540399652476107,0.7080603180162933,603,"all","MLP#603","MLP",603
465,483,93,110,0.8385416666666666,0.8333333333333334,0.8385416666666666,0.8385416666666666,0.8263473053892215,0.8236316246741964,0.6472539301280378,604,"all","DT#604","DT",604
496,534,42,79,0.9270833333333334,0.9219330855018587,0.9270833333333334,0.9270833333333334,0.8982338099243062,0.894874022589053,0.7897361416625023,604,"all","RF#604","RF",604
489,444,132,86,0.8504347826086956,0.8377358490566038,0.8504347826086956,0.8504347826086956,0.8177257525083613,0.8105994787141616,0.621224975318743,604,"all","NB#604","NB",604
497,510,66,78,0.8854166666666666,0.8827708703374778,0.8854166666666666,0.8854166666666666,0.8762886597938144,0.8748913987836664,0.749778075689777,604,"all","MLP#604","MLP",604
479,462,114,96,0.8330434782608696,0.8279569892473119,0.8330434782608696,0.8330434782608696,0.8202054794520549,0.8175499565595135,0.6351095531824316,605,"all","DT#605","DT",605
508,527,49,67,0.9149305555555556,0.9120287253141831,0.9149305555555556,0.9149305555555556,0.9008547008547008,0.8992180712423979,0.7984305129064498,605,"all","RF#605","RF",605
501,426,150,74,0.871304347826087,0.852,0.871304347826087,0.871304347826087,0.8172920065252856,0.8053866203301477,0.6108175994300172,605,"all","NB#605","NB",605
485,526,50,90,0.9131944444444444,0.9065420560747663,0.9131944444444444,0.9131944444444444,0.8825503355704698,0.8783666377063423,0.7567184008696177,605,"all","MLP#605","MLP",605
462,478,98,113,0.8298611111111112,0.825,0.8298611111111112,0.8298611111111112,0.8191945158526135,0.8166811468288445,0.6333537142296399,606,"all","DT#606","DT",606
491,517,59,84,0.8975694444444444,0.8927272727272727,0.8975694444444444,0.8975694444444444,0.8785046728971964,0.8757602085143353,0.7515108511039819,606,"all","RF#606","RF",606
491,391,185,84,0.8539130434782609,0.8231578947368421,0.8539130434782609,0.8539130434782609,0.7849720223820944,0.7662901824500434,0.5326512714697789,606,"all","NB#606","NB",606
480,495,81,95,0.859375,0.8556149732620321,0.859375,0.859375,0.8490566037735848,0.8470894874022589,0.6941722802112363,606,"all","MLP#606","MLP",606
474,470,106,101,0.8243478260869566,0.8231173380035026,0.8243478260869566,0.8243478260869566,0.8207792207792207,0.8201563857515204,0.6403152150119639,607,"all","DT#607","DT",607
503,522,54,72,0.90625,0.9030520646319569,0.90625,0.90625,0.8923076923076922,0.8905299739357081,0.781053832984592,607,"all","RF#607","RF",607
488,437,139,87,0.8486956521739131,0.833969465648855,0.8486956521739131,0.8486956521739131,0.8119800332778703,0.8036490008688097,0.6073285309728101,607,"all","NB#607","NB",607
493,506,70,82,0.8784722222222222,0.8756660746003553,0.8784722222222222,0.8784722222222222,0.8694158075601375,0.8679409209383145,0.7358768576725424,607,"all","MLP#607","MLP",607
477,476,100,98,0.8295652173913044,0.8292682926829268,0.8295652173913044,0.8295652173913044,0.8281250000000001,0.8279756733275413,0.6559521257484127,608,"all","DT#608","DT",608
493,516,60,82,0.8958333333333334,0.891500904159132,0.8958333333333334,0.8958333333333334,0.879045996592845,0.8766290182450044,0.7532496550308133,608,"all","RF#608","RF",608
478,427,149,97,0.831304347826087,0.8148854961832062,0.831304347826087,0.831304347826087,0.7953410981697171,0.7862728062554301,0.57257884344828,608,"all","NB#608","NB",608
487,501,75,88,0.8697916666666666,0.8665480427046264,0.8697916666666666,0.8697916666666666,0.8600858369098712,0.8583840139009556,0.7167622552978847,608,"all","MLP#608","MLP",608
493,479,97,82,0.8573913043478261,0.8538324420677362,0.8573913043478261,0.8573913043478261,0.8463519313304722,0.8444830582102519,0.688972924828091,609,"all","DT#609","DT",609
507,522,54,68,0.90625,0.9037433155080213,0.90625,0.90625,0.8953687821612349,0.894005212858384,0.7880057851464252,609,"all","RF#609","RF",609
485,426,150,90,0.8434782608695652,0.8255813953488372,0.8434782608695652,0.8434782608695652,0.8016528925619835,0.7914856646394439,0.5830087854361017,609,"all","NB#609","NB",609
475,504,72,100,0.875,0.8683729433272395,0.875,0.875,0.8542372881355932,0.8505647263249348,0.7011165930927032,609,"all","MLP#609","MLP",609
463,452,124,112,0.8052173913043478,0.8014184397163121,0.8052173913043478,0.8052173913043478,0.7969018932874354,0.7949609035621199,0.5899289264083379,610,"all","DT#610","DT",610
494,519,57,81,0.9010416666666666,0.896551724137931,0.9010416666666666,0.9010416666666666,0.8826530612244896,0.8801042571676803,0.7601996449146708,610,"all","RF#610","RF",610
499,428,148,76,0.8678260869565217,0.8492063492063492,0.8678260869565217,0.8678260869565217,0.8166939443535188,0.8053866203301477,0.6108152495501697,610,"all","NB#610","NB",610
500,513,63,75,0.890625,0.8880994671403197,0.890625,0.890625,0.8814432989690721,0.8801042571676803,0.7602039892027028,610,"all","MLP#610","MLP",610
487,465,111,88,0.8469565217391304,0.840867992766727,0.8469565217391304,0.8469565217391304,0.8303495311167945,0.8271068635968722,0.6542254722435664,611,"all","DT#611","DT",611
514,520,56,61,0.9027777777777778,0.9017543859649123,0.9027777777777778,0.9027777777777778,0.8988764044943821,0.8983492615117289,0.7966968349700706,611,"all","RF#611","RF",611
449,494,82,126,0.8576388888888888,0.8455743879472694,0.8576388888888888,0.8576388888888888,0.826086956521739,0.8192875760208514,0.6385508699249347,611,"all","NB#611","NB",611
506,491,85,69,0.88,0.8767857142857143,0.88,0.88,0.8679245283018867,0.8662033014769766,0.7324128644235647,611,"all","MLP#611","MLP",611
458,468,108,117,0.8125,0.8091872791519434,0.8125,0.8125,0.8062015503875969,0.8045178105994787,0.6090300139947553,612,"all","DT#612","DT",612
498,516,60,77,0.8958333333333334,0.8924731182795699,0.8958333333333334,0.8958333333333334,0.8828058169375536,0.8809730668983493,0.7619398444706462,612,"all","RF#612","RF",612
256,560,16,319,0.9722222222222222,0.9411764705882353,0.9722222222222222,0.9722222222222222,0.7697594501718212,0.7089487402258905,0.4176306492855275,612,"all","NB#612","NB",612
482,508,68,93,0.8819444444444444,0.8763636363636363,0.8819444444444444,0.8819444444444444,0.86321155480034,0.8601216333622936,0.72023249669749,612,"all","MLP#612","MLP",612
472,464,112,103,0.8208695652173913,0.818342151675485,0.8208695652173913,0.8208695652173913,0.814495254529767,0.8132059079061685,0.6264166096777066,613,"all","DT#613","DT",613
503,519,57,72,0.9010416666666666,0.8982142857142857,0.9010416666666666,0.9010416666666666,0.8894601542416452,0.8879235447437012,0.7758418442446614,613,"all","RF#613","RF",613
449,480,96,126,0.8333333333333334,0.8238532110091743,0.8333333333333334,0.8333333333333334,0.8121827411167514,0.8071242397914856,0.6142307169708772,613,"all","NB#613","NB",613
485,504,72,90,0.875,0.8707360861759426,0.875,0.875,0.8615384615384615,0.8592528236316247,0.718497785265904,613,"all","MLP#613","MLP",613
464,489,87,111,0.8489583333333334,0.8421052631578947,0.8489583333333334,0.8489583333333334,0.8316326530612245,0.8279756733275413,0.6559386209645278,614,"all","DT#614","DT",614
493,524,52,82,0.9097222222222222,0.9045871559633027,0.9097222222222222,0.9097222222222222,0.88663282571912,0.8835794960903562,0.7671482706040431,614,"all","RF#614","RF",614
439,501,75,136,0.8697916666666666,0.8540856031128404,0.8697916666666666,0.8697916666666666,0.8260511129431162,0.8166811468288445,0.6333282503370631,614,"all","NB#614","NB",614
470,515,61,105,0.8940972222222222,0.8851224105461394,0.8940972222222222,0.8940972222222222,0.8612040133779264,0.8557775847089487,0.7115357904208612,614,"all","MLP#614","MLP",614
469,489,87,106,0.8489583333333334,0.8435251798561151,0.8489583333333334,0.8489583333333334,0.8351836037574724,0.8323197219808862,0.6646295711984493,615,"all","DT#615","DT",615
502,525,51,73,0.9114583333333334,0.9077757685352622,0.9114583333333334,0.9114583333333334,0.8943781942078364,0.8922675933970461,0.7845278677733863,615,"all","RF#615","RF",615
492,422,154,83,0.8556521739130435,0.8356435643564356,0.8556521739130435,0.8556521739130435,0.805896805896806,0.794092093831451,0.5882280129998144,615,"all","NB#615","NB",615
492,510,66,83,0.8854166666666666,0.8817204301075269,0.8854166666666666,0.8854166666666666,0.872540633019675,0.8705473501303215,0.7410878600447174,615,"all","MLP#615","MLP",615
469,463,113,106,0.8156521739130435,0.8137082601054482,0.8156521739130435,0.8156521739130435,0.8107173725151254,0.8097306689834927,0.6194650720780427,616,"all","DT#616","DT",616
506,519,57,69,0.9010416666666666,0.8987566607460036,0.9010416666666666,0.9010416666666666,0.8917525773195877,0.8905299739357081,0.7810558162285549,616,"all","RF#616","RF",616
434,502,74,141,0.8715277777777778,0.8543307086614174,0.8715277777777778,0.8715277777777778,0.8236259228876127,0.8132059079061685,0.6263737425132071,616,"all","NB#616","NB",616
477,515,61,98,0.8940972222222222,0.8866171003717472,0.8940972222222222,0.8940972222222222,0.8662741799831791,0.8618592528236316,0.723702863837503,616,"all","MLP#616","MLP",616
472,445,131,103,0.8208695652173913,0.8120437956204379,0.8208695652173913,0.8208695652173913,0.8013582342954161,0.7966985230234579,0.5934139257398541,617,"all","DT#617","DT",617
504,503,73,71,0.8765217391304347,0.8763066202090593,0.8765217391304347,0.8765217391304347,0.875,0.8748913987836664,0.7497833641806637,617,"all","RF#617","RF",617
419,495,81,156,0.859375,0.838,0.859375,0.859375,0.8068459657701712,0.794092093831451,0.5881372438002492,617,"all","NB#617","NB",617
454,512,64,121,0.8888888888888888,0.8764478764478765,0.8888888888888888,0.8888888888888888,0.846980976013234,0.8392701998262381,0.678512492771872,617,"all","MLP#617","MLP",617
466,464,112,109,0.8104347826086956,0.8097731239092496,0.8104347826086956,0.8104347826086956,0.808326105810928,0.8079930495221547,0.6159875483655721,618,"all","DT#618","DT",618
500,521,55,75,0.9045138888888888,0.9009009009009009,0.9045138888888888,0.9045138888888888,0.8890784982935153,0.8870547350130321,0.7741024789395814,618,"all","RF#618","RF",618
407,498,78,168,0.8645833333333334,0.8391752577319588,0.8645833333333334,0.8645833333333334,0.8019323671497585,0.7862728062554301,0.5724872038773384,618,"all","NB#618","NB",618
474,520,56,101,0.9027777777777778,0.8943396226415095,0.9027777777777778,0.9027777777777778,0.8688387635756057,0.8635968722849696,0.7271750043405727,618,"all","MLP#618","MLP",618
484,464,112,91,0.8417391304347827,0.836036036036036,0.8417391304347827,0.8417391304347827,0.8266438941076004,0.8236316246741964,0.6472741655231341,619,"all","DT#619","DT",619
509,522,54,66,0.90625,0.9040852575488455,0.90625,0.90625,0.8969072164948454,0.895742832319722,0.7914817297414808,619,"all","RF#619","RF",619
529,336,240,46,0.92,0.8795811518324608,0.92,0.92,0.787202380952381,0.7515204170286707,0.5031859630482618,619,"all","NB#619","NB",619
491,513,63,84,0.890625,0.8862815884476535,0.890625,0.890625,0.8746803069053709,0.8722849695916595,0.7445616482406598,619,"all","MLP#619","MLP",619
469,444,132,106,0.8156521739130435,0.8072727272727273,0.8156521739130435,0.8156521739130435,0.7976190476190477,0.7932232841007819,0.5864624878854392,620,"all","DT#620","DT",620
484,508,68,91,0.8819444444444444,0.8768115942028986,0.8819444444444444,0.8819444444444444,0.8646808510638299,0.8618592528236316,0.7237087036536595,620,"all","RF#620","RF",620
501,376,200,74,0.871304347826087,0.8355555555555556,0.871304347826087,0.871304347826087,0.7852664576802509,0.7619461337966985,0.52398245502818,620,"all","NB#620","NB",620
465,492,84,110,0.8541666666666666,0.8469945355191257,0.8541666666666666,0.8541666666666666,0.8353140916808149,0.8314509122502172,0.6628883380084363,620,"all","MLP#620","MLP",620
462,457,119,113,0.8034782608695652,0.8017543859649123,0.8034782608695652,0.8034782608695652,0.7993079584775086,0.7984361424847958,0.5968756321651675,621,"all","DT#621","DT",621
505,518,58,70,0.8993055555555556,0.8969804618117229,0.8993055555555556,0.8993055555555556,0.8900343642611683,0.8887923544743701,0.7775805117242461,621,"all","RF#621","RF",621
480,451,125,95,0.8347826086956521,0.826007326007326,0.8347826086956521,0.8347826086956521,0.8135593220338982,0.8088618592528236,0.6177407424180669,621,"all","NB#621","NB",621
465,523,53,110,0.9079861111111112,0.8976833976833977,0.9079861111111112,0.9079861111111112,0.8651778329197686,0.8583840139009556,0.716743439577379,621,"all","MLP#621","MLP",621
458,474,102,117,0.8229166666666666,0.8178571428571428,0.8229166666666666,0.8229166666666666,0.8123393316195373,0.8097306689834927,0.6194524332525647,622,"all","DT#622","DT",622
497,522,54,78,0.90625,0.9019963702359347,0.90625,0.90625,0.8877551020408163,0.8853171155516942,0.7706257473096852,622,"all","RF#622","RF",622
547,161,415,28,0.951304347826087,0.8518518518518519,0.951304347826087,0.951304347826087,0.7117761873780091,0.6151172893136403,0.230683462409492,622,"all","NB#622","NB",622
490,513,63,85,0.890625,0.8860759493670886,0.890625,0.890625,0.8739352640545144,0.8714161598609904,0.7428235841166222,622,"all","MLP#622","MLP",622
470,469,107,105,0.8173913043478261,0.8170731707317073,0.8173913043478261,0.8173913043478261,0.8159722222222223,0.8158123370981755,0.6316255083770881,623,"all","DT#623","DT",623
499,519,57,76,0.9010416666666666,0.8974820143884892,0.9010416666666666,0.9010416666666666,0.8864218616567037,0.8844483058210252,0.7688898081315738,623,"all","RF#623","RF",623
482,443,133,93,0.8382608695652174,0.8264925373134329,0.8382608695652174,0.8382608695652174,0.8100840336134454,0.8036490008688097,0.6073214177887809,623,"all","NB#623","NB",623
488,516,60,87,0.8958333333333334,0.8905109489051095,0.8958333333333334,0.8958333333333334,0.8753180661577609,0.8722849695916595,0.7445593343931592,623,"all","MLP#623","MLP",623
463,455,121,112,0.8052173913043478,0.8024691358024691,0.8052173913043478,0.8052173913043478,0.7989646246764451,0.7975673327541268,0.5951398607204913,624,"all","DT#624","DT",624
494,507,69,81,0.8802083333333334,0.8774422735346359,0.8802083333333334,0.8802083333333334,0.8711340206185568,0.8696785403996524,0.7393521621768508,624,"all","RF#624","RF",624
494,415,161,81,0.8591304347826086,0.8366935483870968,0.8591304347826086,0.8591304347826086,0.8032520325203252,0.789748045178106,0.5795465523487502,624,"all","NB#624","NB",624
467,510,66,108,0.8854166666666666,0.8761726078799249,0.8854166666666666,0.8854166666666666,0.8542713567839195,0.8488271068635969,0.6976348138015998,624,"all","MLP#624","MLP",624
469,461,115,106,0.8156521739130435,0.8130511463844797,0.8156521739130435,0.8156521739130435,0.8093183779119931,0.8079930495221547,0.6159910266919683,625,"all","DT#625","DT",625
491,537,39,84,0.9322916666666666,0.9264150943396227,0.9322916666666666,0.9322916666666666,0.8972431077694235,0.893136403127715,0.7862581244196843,625,"all","RF#625","RF",625
431,502,74,144,0.8715277777777778,0.8534653465346534,0.8715277777777778,0.8715277777777778,0.8216039279869067,0.8105994787141616,0.6211586369332508,625,"all","NB#625","NB",625
467,519,57,108,0.9010416666666666,0.8912213740458015,0.9010416666666666,0.9010416666666666,0.8628428927680799,0.8566463944396178,0.7132704963697387,625,"all","MLP#625","MLP",625
463,488,88,112,0.8472222222222222,0.8402903811252269,0.8472222222222222,0.8472222222222222,0.8299319727891157,0.8262380538662033,0.6524632534995229,626,"all","DT#626","DT",626
496,527,49,79,0.9149305555555556,0.9100917431192661,0.9149305555555556,0.9149305555555556,0.8917089678510999,0.8887923544743701,0.777574467442668,626,"all","RF#626","RF",626
516,365,211,59,0.8973913043478261,0.8608490566037735,0.8973913043478261,0.8973913043478261,0.7926267281105991,0.7654213727193745,0.5309500235453218,626,"all","NB#626","NB",626
484,488,88,91,0.8472222222222222,0.8461538461538461,0.8472222222222222,0.8472222222222222,0.845021645021645,0.8444830582102519,0.6889644729671179,626,"all","MLP#626","MLP",626
474,449,127,101,0.8243478260869566,0.8163636363636364,0.8243478260869566,0.8243478260869566,0.8061224489795917,0.8019113814074718,0.6038380136045384,627,"all","DT#627","DT",627
503,514,62,72,0.8923611111111112,0.8902654867256637,0.8923611111111112,0.8923611111111112,0.8846815834767642,0.8835794960903562,0.7671553012575674,627,"all","RF#627","RF",627
498,410,166,77,0.8660869565217392,0.8418891170431212,0.8660869565217392,0.8660869565217392,0.8038740920096852,0.788879235447437,0.5778148769262584,627,"all","NB#627","NB",627
480,513,63,95,0.890625,0.8839779005524862,0.890625,0.890625,0.8665540540540541,0.8627280625543006,0.7254426542345039,627,"all","MLP#627","MLP",627
458,458,118,117,0.7965217391304348,0.7965217391304348,0.7965217391304348,0.7965217391304348,0.7958297132927888,0.7958297132927888,0.5916597348132022,628,"all","DT#628","DT",628
483,516,60,92,0.8958333333333334,0.8895027624309392,0.8958333333333334,0.8958333333333334,0.8716216216216217,0.8679409209383145,0.7358688825547128,628,"all","RF#628","RF",628
463,456,120,112,0.8052173913043478,0.8028169014084507,0.8052173913043478,0.8052173913043478,0.7996545768566493,0.7984361424847958,0.596876849313414,628,"all","NB#628","NB",628
493,503,73,82,0.8732638888888888,0.8710247349823321,0.8732638888888888,0.8732638888888888,0.8664944013781223,0.8653344917463076,0.7306651207519427,628,"all","MLP#628","MLP",628
446,481,95,129,0.8350694444444444,0.8243992606284658,0.8350694444444444,0.8350694444444444,0.8111298482293423,0.8053866203301477,0.6107529673926501,629,"all","DT#629","DT",629
490,523,53,85,0.9079861111111112,0.9023941068139963,0.9079861111111112,0.9079861111111112,0.8834459459459459,0.8801042571676803,0.7601967486351997,629,"all","RF#629","RF",629
514,324,252,61,0.8939130434782608,0.8415584415584415,0.8939130434782608,0.8939130434782608,0.7665920954511558,0.7280625543006082,0.4562814768084686,629,"all","NB#629","NB",629
474,514,62,101,0.8923611111111112,0.8843283582089553,0.8923611111111112,0.8923611111111112,0.8631402183039463,0.8583840139009556,0.7167511372197336,629,"all","MLP#629","MLP",629
462,469,107,113,0.8142361111111112,0.81195079086116,0.8142361111111112,0.8142361111111112,0.8100172711571675,0.8088618592528236,0.6177199672702349,630,"all","DT#630","DT",630
505,520,56,70,0.9027777777777778,0.9001782531194296,0.9027777777777778,0.9027777777777778,0.8919382504288165,0.8905299739357081,0.781055155151226,630,"all","RF#630","RF",630
519,319,257,56,0.9026086956521739,0.8506666666666667,0.9026086956521739,0.9026086956521739,0.768319763138416,0.7280625543006082,0.45628968262951614,630,"all","NB#630","NB",630
476,507,69,99,0.8802083333333334,0.8733944954128441,0.8802083333333334,0.8802083333333334,0.8578680203045684,0.8540399652476107,0.7080664885185016,630,"all","MLP#630","MLP",630
465,463,113,110,0.808695652173913,0.8080279232111692,0.808695652173913,0.808695652173913,0.8065915004336514,0.8062554300608167,0.6125123225589257,631,"all","DT#631","DT",631
509,511,65,66,0.8871527777777778,0.8867595818815331,0.8871527777777778,0.8871527777777778,0.8863833477883781,0.8861859252823632,0.7723713351016532,631,"all","RF#631","RF",631
513,358,218,62,0.8921739130434783,0.8523809523809524,0.8921739130434783,0.8921739130434783,0.785604900459418,0.7567332754126846,0.5135807388356607,631,"all","NB#631","NB",631
515,474,102,60,0.8956521739130435,0.8876404494382022,0.8956521739130435,0.8956521739130435,0.8640939597315437,0.8592528236316247,0.7185232820382766,631,"all","MLP#631","MLP",631
471,464,112,104,0.8191304347826087,0.8169014084507042,0.8191304347826087,0.8191304347826087,0.8134715025906736,0.8123370981754996,0.624678445912489,632,"all","DT#632","DT",632
504,523,53,71,0.9079861111111112,0.9048473967684022,0.9079861111111112,0.9079861111111112,0.8940170940170941,0.8922675933970461,0.7845291689689636,632,"all","RF#632","RF",632
500,400,176,75,0.8695652173913043,0.8421052631578947,0.8695652173913043,0.8695652173913043,0.7993605115907275,0.7819287576020851,0.5639236770963364,632,"all","NB#632","NB",632
468,509,67,107,0.8836805555555556,0.874766355140187,0.8836805555555556,0.8836805555555556,0.8540268456375839,0.8488271068635969,0.6976357267950963,632,"all","MLP#632","MLP",632
475,447,129,100,0.8260869565217391,0.8171846435100548,0.8260869565217391,0.8260869565217391,0.8057675996607294,0.8010425716768028,0.6021022630349819,633,"all","DT#633","DT",633
509,519,57,66,0.9010416666666666,0.8992932862190812,0.9010416666666666,0.9010416666666666,0.8940568475452196,0.893136403127715,0.7862697409837995,633,"all","RF#633","RF",633
497,438,138,78,0.8643478260869565,0.8488372093023255,0.8643478260869565,0.8643478260869565,0.8214876033057851,0.8123370981754996,0.6247079068924917,633,"all","NB#633","NB",633
485,495,81,90,0.859375,0.8568904593639576,0.859375,0.859375,0.8527131782945736,0.8514335360556038,0.702862810636014,633,"all","MLP#633","MLP",633
494,464,112,81,0.8591304347826086,0.8513761467889909,0.8591304347826086,0.8591304347826086,0.8365791701947503,0.8323197219808862,0.6646548848106445,634,"all","DT#634","DT",634
501,510,66,74,0.8854166666666666,0.8835978835978836,0.8854166666666666,0.8854166666666666,0.8793103448275863,0.8783666377063423,0.7567301537458181,634,"all","RF#634","RF",634
444,492,84,131,0.8541666666666666,0.8409090909090909,0.8541666666666666,0.8541666666666666,0.8206839032527106,0.8132059079061685,0.6263850242997314,634,"all","NB#634","NB",634
481,505,71,94,0.8767361111111112,0.8713768115942029,0.8767361111111112,0.8767361111111112,0.8595744680851063,0.8566463944396178,0.7132826169990806,634,"all","MLP#634","MLP",634
466,459,117,109,0.8104347826086956,0.8080985915492958,0.8104347826086956,0.8104347826086956,0.8048359240069085,0.8036490008688097,0.6073024480380672,635,"all","DT#635","DT",635
492,515,61,83,0.8940972222222222,0.8896925858951176,0.8940972222222222,0.8940972222222222,0.8773424190800682,0.8748913987836664,0.7497742980594163,635,"all","RF#635","RF",635
528,269,307,47,0.9182608695652174,0.8512658227848101,0.9182608695652174,0.9182608695652174,0.7489361702127659,0.6924413553431799,0.3851235927926841,635,"all","NB#635","NB",635
463,519,57,112,0.9010416666666666,0.8903846153846153,0.9010416666666666,0.9010416666666666,0.8599834299917151,0.8531711555169418,0.706317704519548,635,"all","MLP#635","MLP",635
471,475,101,104,0.8246527777777778,0.8234265734265734,0.8246527777777778,0.8246527777777778,0.8225108225108225,0.8218940052128584,0.6437861282584312,636,"all","DT#636","DT",636
505,523,53,70,0.9079861111111112,0.9050179211469535,0.9079861111111112,0.9079861111111112,0.8947818648417452,0.893136403127715,0.7862671596342298,636,"all","RF#636","RF",636
502,387,189,73,0.8730434782608696,0.841304347826087,0.8730434782608696,0.8730434782608696,0.7930489731437598,0.7723718505647263,0.544823068424008,636,"all","NB#636","NB",636
480,502,74,95,0.8715277777777778,0.8664259927797834,0.8715277777777778,0.8715277777777778,0.855924978687127,0.8531711555169418,0.7063327792698741,636,"all","MLP#636","MLP",636
463,435,141,112,0.8052173913043478,0.7952468007312614,0.8052173913043478,0.8052173913043478,0.7854113655640372,0.7801911381407471,0.5604011901652856,637,"all","DT#637","DT",637
503,501,75,72,0.8747826086956522,0.8743455497382199,0.8747826086956522,0.8747826086956522,0.8725065047701649,0.8722849695916595,0.7445709032114892,637,"all","RF#637","RF",637
499,409,167,76,0.8678260869565217,0.843298969072165,0.8678260869565217,0.8678260869565217,0.8041901692183723,0.788879235447437,0.5778161514646992,637,"all","NB#637","NB",637
491,476,100,84,0.8539130434782609,0.85,0.8539130434782609,0.8539130434782609,0.8421955403087478,0.840139009556907,0.680285500350233,637,"all","MLP#637","MLP",637
465,476,100,110,0.8263888888888888,0.8230088495575221,0.8263888888888888,0.8263888888888888,0.8192771084337349,0.8175499565595135,0.6350941288364861,638,"all","DT#638","DT",638
486,528,48,89,0.9166666666666666,0.9101123595505618,0.9166666666666666,0.9166666666666666,0.8851634534786254,0.8809730668983493,0.7619312185687823,638,"all","RF#638","RF",638
470,443,133,105,0.8173913043478261,0.8083941605839416,0.8173913043478261,0.8173913043478261,0.7979626485568762,0.7932232841007819,0.5864637364362617,638,"all","NB#638","NB",638
478,500,76,97,0.8680555555555556,0.8628158844765343,0.8680555555555556,0.8680555555555556,0.8525149190110827,0.8496959165942659,0.6993820758206405,638,"all","MLP#638","MLP",638
468,449,127,107,0.8139130434782609,0.8075539568345323,0.8139130434782609,0.8139130434782609,0.8,0.7966985230234579,0.5934090154282782,639,"all","DT#639","DT",639
498,515,61,77,0.8940972222222222,0.8908765652951699,0.8940972222222222,0.8940972222222222,0.8818493150684931,0.8801042571676803,0.7602025411241817,639,"all","RF#639","RF",639
345,544,32,230,0.9444444444444444,0.9151193633952255,0.9444444444444444,0.9444444444444444,0.8059259259259259,0.7723718505647263,0.5446072346504541,639,"all","NB#639","NB",639
482,503,73,93,0.8732638888888888,0.8684684684684685,0.8732638888888888,0.8732638888888888,0.8583617747440272,0.8557775847089487,0.7115462423382348,639,"all","MLP#639","MLP",639
476,468,108,99,0.8278260869565217,0.8253968253968254,0.8278260869565217,0.8278260869565217,0.8213977566867989,0.8201563857515204,0.6403173869920245,640,"all","DT#640","DT",640
499,517,59,76,0.8975694444444444,0.8942652329749103,0.8975694444444444,0.8975694444444444,0.8845166809238665,0.8827106863596872,0.7654151752083008,640,"all","RF#640","RF",640
519,349,227,56,0.9026086956521739,0.8617283950617284,0.9026086956521739,0.9026086956521739,0.785768357305072,0.7541268462206777,0.5083802339673787,640,"all","NB#640","NB",640
471,515,61,104,0.8940972222222222,0.8853383458646616,0.8940972222222222,0.8940972222222222,0.8619246861924686,0.8566463944396178,0.7132739595112606,640,"all","MLP#640","MLP",640
461,454,122,114,0.8017391304347826,0.7992957746478874,0.8017391304347826,0.8017391304347826,0.7962003454231433,0.7949609035621199,0.5899264501636454,641,"all","DT#641","DT",641
487,522,54,88,0.90625,0.9001848428835489,0.90625,0.90625,0.8802698145025296,0.8766290182450044,0.7532451846864121,641,"all","RF#641","RF",641
545,174,402,30,0.9478260869565217,0.8529411764705882,0.9478260869565217,0.9478260869565217,0.7161629434954008,0.6246741963509991,0.2497691513823757,641,"all","NB#641","NB",641
484,507,69,91,0.8802083333333334,0.8752260397830018,0.8802083333333334,0.8802083333333334,0.8637137989778535,0.8609904430929627,0.7219714422882404,641,"all","MLP#641","MLP",641
482,452,124,93,0.8382608695652174,0.8293577981651377,0.8382608695652174,0.8382608695652174,0.8162574089754445,0.8114682884448305,0.6229539378440924,642,"all","DT#642","DT",642
508,514,62,67,0.8923611111111112,0.8912280701754386,0.8923611111111112,0.8923611111111112,0.888504753673293,0.8879235447437012,0.7758452283003344,642,"all","RF#642","RF",642
469,444,132,106,0.8156521739130435,0.8072727272727273,0.8156521739130435,0.8156521739130435,0.7976190476190477,0.7932232841007819,0.5864624878854392,642,"all","NB#642","NB",642
499,497,79,76,0.8678260869565217,0.8673647469458988,0.8678260869565217,0.8678260869565217,0.8655680832610582,0.8653344917463076,0.7306699999849037,642,"all","MLP#642","MLP",642
465,487,89,110,0.8454861111111112,0.8393501805054152,0.8454861111111112,0.8454861111111112,0.8303495311167945,0.8271068635968722,0.654202503400621,643,"all","DT#643","DT",643
482,520,56,93,0.9027777777777778,0.895910780669145,0.9027777777777778,0.9027777777777778,0.8746846089150546,0.8705473501303215,0.7410800422125028,643,"all","RF#643","RF",643
474,431,145,101,0.8243478260869566,0.8101503759398496,0.8243478260869566,0.8243478260869566,0.793969849246231,0.7862728062554301,0.5725736816998871,643,"all","NB#643","NB",643
468,501,75,107,0.8697916666666666,0.861878453038674,0.8697916666666666,0.8697916666666666,0.8462837837837838,0.841876629018245,0.6837377409536692,643,"all","MLP#643","MLP",643
473,456,120,102,0.8226086956521739,0.8172043010752689,0.8226086956521739,0.8226086956521739,0.809931506849315,0.8071242397914856,0.6142586705071418,644,"all","DT#644","DT",644
504,518,58,71,0.8993055555555556,0.896797153024911,0.8993055555555556,0.8993055555555556,0.8892703862660944,0.8879235447437012,0.7758425210639702,644,"all","RF#644","RF",644
523,319,257,52,0.9095652173913044,0.8598382749326146,0.9095652173913044,0.9095652173913044,0.7719557195571956,0.731537793223284,0.4632412976056624,644,"all","NB#644","NB",644
482,519,57,93,0.9010416666666666,0.8942486085343229,0.9010416666666666,0.9010416666666666,0.8737373737373737,0.8696785403996524,0.7393427179013351,644,"all","MLP#644","MLP",644
462,467,109,113,0.8107638888888888,0.809106830122592,0.8107638888888888,0.8107638888888888,0.8079584775086504,0.8071242397914856,0.6142458589725782,645,"all","DT#645","DT",645
485,529,47,90,0.9184027777777778,0.9116541353383458,0.9184027777777778,0.9184027777777778,0.8853556485355649,0.8809730668983493,0.7619304997154104,645,"all","RF#645","RF",645
494,387,189,81,0.8591304347826086,0.8269230769230769,0.8591304347826086,0.8591304347826086,0.7853736089030205,0.7654213727193745,0.5309188719230561,645,"all","NB#645","NB",645
450,522,54,125,0.90625,0.8928571428571429,0.90625,0.90625,0.8536385936222404,0.8444830582102519,0.6889325395687037,645,"all","MLP#645","MLP",645
476,467,109,99,0.8278260869565217,0.8250883392226148,0.8278260869565217,0.8278260869565217,0.8206896551724138,0.8192875760208514,0.6385803354417959,646,"all","DT#646","DT",646
492,523,53,83,0.9079861111111112,0.9027522935779817,0.9079861111111112,0.9079861111111112,0.8849407783417935,0.8818418766290183,0.7636728716578347,646,"all","RF#646","RF",646
450,468,108,125,0.8125,0.8064516129032258,0.8125,0.8125,0.8006843455945253,0.7975673327541268,0.5951239690632156,646,"all","NB#646","NB",646
483,491,85,92,0.8524305555555556,0.8503521126760564,0.8524305555555556,0.8524305555555556,0.8472821397756687,0.8462206776715899,0.6924378729847689,646,"all","MLP#646","MLP",646
456,479,97,119,0.8315972222222222,0.8245931283905967,0.8315972222222222,0.8315972222222222,0.8160136286201023,0.8123370981754996,0.6246614470891244,647,"all","DT#647","DT",647
499,523,53,76,0.9079861111111112,0.9039855072463768,0.9079861111111112,0.9079861111111112,0.8902127659574468,0.8879235447437012,0.7758391369265539,647,"all","RF#647","RF",647
517,331,245,58,0.8991304347826087,0.8508997429305912,0.8991304347826087,0.8991304347826087,0.7733732236350038,0.736750651607298,0.47364949810364526,647,"all","NB#647","NB",647
480,504,72,95,0.875,0.8695652173913043,0.875,0.875,0.8578723404255318,0.8549087749782798,0.7098072547808876,647,"all","MLP#647","MLP",647
474,477,99,101,0.828125,0.8272251308900523,0.828125,0.828125,0.826689774696707,0.8262380538662033,0.6524747961195535,648,"all","DT#648","DT",648
490,523,53,85,0.9079861111111112,0.9023941068139963,0.9079861111111112,0.9079861111111112,0.8834459459459459,0.8801042571676803,0.7601967486351997,648,"all","RF#648","RF",648
401,508,68,174,0.8819444444444444,0.8550106609808102,0.8819444444444444,0.8819444444444444,0.8076311605723371,0.789748045178106,0.5794284713435424,648,"all","NB#648","NB",648
487,516,60,88,0.8958333333333334,0.8903107861060329,0.8958333333333334,0.8958333333333334,0.8745762711864407,0.8714161598609904,0.7428212545216283,648,"all","MLP#648","MLP",648
450,459,117,125,0.796875,0.7936507936507936,0.796875,0.796875,0.7913793103448277,0.789748045178106,0.5794906943320572,649,"all","DT#649","DT",649
496,527,49,79,0.9149305555555556,0.9100917431192661,0.9149305555555556,0.9149305555555556,0.8917089678510999,0.8887923544743701,0.777574467442668,649,"all","RF#649","RF",649
169,564,12,406,0.9791666666666666,0.9337016574585635,0.9791666666666666,0.9791666666666666,0.7296248382923674,0.6368375325803649,0.2732422364751982,649,"all","NB#649","NB",649
481,508,68,94,0.8819444444444444,0.8761384335154827,0.8819444444444444,0.8819444444444444,0.8624787775891342,0.8592528236316247,0.718494385347251,649,"all","MLP#649","MLP",649
459,469,107,116,0.8142361111111112,0.8109540636042403,0.8142361111111112,0.8142361111111112,0.8079242032730406,0.8062554300608167,0.6125053027592464,650,"all","DT#650","DT",650
495,529,47,80,0.9184027777777778,0.9132841328413284,0.9184027777777778,0.9184027777777778,0.8928270042194093,0.889661164205039,0.7793111673739784,650,"all","RF#650","RF",650
540,200,376,35,0.9391304347826087,0.851063829787234,0.9391304347826087,0.9391304347826087,0.7243460764587526,0.6429192006950478,0.2862053200269789,650,"all","NB#650","NB",650
479,488,88,96,0.8472222222222222,0.8447971781305115,0.8472222222222222,0.8472222222222222,0.8413793103448277,0.840139009556907,0.6802739163516467,650,"all","MLP#650","MLP",650
450,458,118,125,0.7951388888888888,0.7922535211267606,0.7951388888888888,0.7951388888888888,0.7903364969801553,0.788879235447437,0.5777536900299368,651,"all","DT#651","DT",651
495,518,58,80,0.8993055555555556,0.895117540687161,0.8993055555555556,0.8993055555555556,0.8824531516183988,0.8801042571676803,0.7602003689736072,651,"all","RF#651","RF",651
516,391,185,59,0.8973913043478261,0.8688888888888889,0.8973913043478261,0.8973913043478261,0.8087774294670848,0.788010425716768,0.576101164331664,651,"all","NB#651","NB",651
475,503,73,100,0.8732638888888888,0.8667883211678832,0.8732638888888888,0.8732638888888888,0.8532654792196778,0.8496959165942659,0.699379352721201,651,"all","MLP#651","MLP",651
473,473,103,102,0.8226086956521739,0.8226086956521739,0.8226086956521739,0.8226086956521739,0.8218940052128584,0.8218940052128584,0.6437882793051339,652,"all","DT#652","DT",652
487,523,53,88,0.9079861111111112,0.9018518518518519,0.9079861111111112,0.9079861111111112,0.8812131423757372,0.8774978279756733,0.7549825247408906,652,"all","RF#652","RF",652
551,155,421,24,0.9582608695652174,0.8659217877094972,0.9582608695652174,0.9582608695652174,0.7123464770523594,0.6133796698523023,0.2272219095741229,652,"all","NB#652","NB",652
476,510,66,99,0.8854166666666666,0.8782287822878229,0.8854166666666666,0.8854166666666666,0.8607594936708861,0.8566463944396178,0.7132782883205233,652,"all","MLP#652","MLP",652
463,467,109,112,0.8107638888888888,0.8094405594405595,0.8107638888888888,0.8107638888888888,0.8086580086580086,0.8079930495221547,0.6159840699761625,653,"all","DT#653","DT",653
503,524,52,72,0.9097222222222222,0.9063063063063063,0.9097222222222222,0.9097222222222222,0.89419795221843,0.8922675933970461,0.7845285183731393,653,"all","RF#653","RF",653
496,430,146,79,0.8626086956521739,0.8447937131630648,0.8626086956521739,0.8626086956521739,0.8151191454396055,0.8045178105994787,0.6090748671254569,653,"all","NB#653","NB",653
463,519,57,112,0.9010416666666666,0.8903846153846153,0.9010416666666666,0.9010416666666666,0.8599834299917151,0.8531711555169418,0.706317704519548,653,"all","MLP#653","MLP",653
464,457,119,111,0.8069565217391305,0.8045774647887324,0.8069565217391305,0.8069565217391305,0.8013816925734025,0.8001737619461338,0.6003520488882984,654,"all","DT#654","DT",654
489,519,57,86,0.9010416666666666,0.8956043956043956,0.9010416666666666,0.9010416666666666,0.8789161727349702,0.8757602085143353,0.7515093504999464,654,"all","RF#654","RF",654
543,229,347,32,0.9443478260869566,0.8773946360153256,0.9443478260869566,0.9443478260869566,0.7412969283276449,0.6707211120764552,0.34175475128826105,654,"all","NB#654","NB",654
490,496,80,85,0.8611111111111112,0.8596491228070176,0.8611111111111112,0.8611111111111112,0.8573898012100261,0.8566463944396178,0.7132904082911254,654,"all","MLP#654","MLP",654
465,460,116,110,0.808695652173913,0.8070175438596491,0.808695652173913,0.808695652173913,0.8044982698961937,0.8036490008688097,0.6073012623677926,655,"all","DT#655","DT",655
500,517,59,75,0.8975694444444444,0.8944543828264758,0.8975694444444444,0.8975694444444444,0.8852739726027398,0.8835794960903562,0.7671531921060896,655,"all","RF#655","RF",655
517,325,251,58,0.8991304347826087,0.8485639686684073,0.8991304347826087,0.8991304347826087,0.7699180938198064,0.731537793223284,0.4632315765484995,655,"all","NB#655","NB",655
495,503,73,80,0.8732638888888888,0.8714788732394366,0.8732638888888888,0.8732638888888888,0.8679896462467644,0.8670721112076455,0.7341412122410713,655,"all","MLP#655","MLP",655
460,469,107,115,0.8142361111111112,0.8112874779541446,0.8142361111111112,0.8142361111111112,0.8086206896551724,0.8071242397914856,0.6142435295112258,656,"all","DT#656","DT",656
491,518,58,84,0.8993055555555556,0.8943533697632058,0.8993055555555556,0.8993055555555556,0.8794567062818336,0.8766290182450044,0.7532481649340101,656,"all","RF#656","RF",656
502,394,182,73,0.8730434782608696,0.8436830835117773,0.8730434782608696,0.8730434782608696,0.7974583002382843,0.7784535186794093,0.5569796032959554,656,"all","NB#656","NB",656
493,505,71,82,0.8767361111111112,0.874113475177305,0.8767361111111112,0.8767361111111112,0.8684436801375752,0.8670721112076455,0.7341396067869485,656,"all","MLP#656","MLP",656
464,470,106,111,0.8159722222222222,0.8140350877192982,0.8159722222222222,0.8159722222222222,0.8124459809853068,0.8114682884448305,0.6229334460556011,657,"all","DT#657","DT",657
490,520,56,85,0.9027777777777778,0.8974358974358975,0.9027777777777778,0.9027777777777778,0.8806096528365791,0.8774978279756733,0.7549847441992479,657,"all","RF#657","RF",657
443,475,101,132,0.8246527777777778,0.8143382352941176,0.8246527777777778,0.8246527777777778,0.8030431107354185,0.7975673327541268,0.5951154115002363,657,"all","NB#657","NB",657
459,521,55,116,0.9045138888888888,0.8929961089494164,0.9045138888888888,0.9045138888888888,0.8590272052761747,0.8514335360556038,0.7028394825006529,657,"all","MLP#657","MLP",657
492,479,97,83,0.8556521739130435,0.8523131672597865,0.8556521739130435,0.8556521739130435,0.845360824742268,0.843614248479583,0.6872348712436633,658,"all","DT#658","DT",658
505,522,54,70,0.90625,0.9033989266547406,0.90625,0.90625,0.8938356164383562,0.8922675933970461,0.784529819560859,658,"all","RF#658","RF",658
538,198,378,37,0.9356521739130435,0.8425531914893617,0.9356521739130435,0.9356521739130435,0.7216633132126089,0.6394439617723718,0.2792584131659275,658,"all","NB#658","NB",658
468,513,63,107,0.890625,0.8813559322033898,0.890625,0.890625,0.8578595317725752,0.8523023457862728,0.7045848456117255,658,"all","MLP#658","MLP",658
471,468,108,104,0.8191304347826087,0.8181818181818182,0.8191304347826087,0.8191304347826087,0.8162911611785096,0.8158123370981755,0.6316266206121943,659,"all","DT#659","DT",659
487,534,42,88,0.9270833333333334,0.9206049149338374,0.9270833333333334,0.9270833333333334,0.8914858096828047,0.8870547350130321,0.7740936115732674,659,"all","RF#659","RF",659
483,436,140,92,0.84,0.8257575757575758,0.84,0.84,0.8063439065108513,0.7984361424847958,0.5969011907349707,659,"all","NB#659","NB",659
475,519,57,100,0.9010416666666666,0.8928571428571429,0.9010416666666666,0.9010416666666666,0.8686192468619246,0.8635968722849696,0.7271758281410177,659,"all","MLP#659","MLP",659
453,480,96,122,0.8333333333333334,0.825136612021858,0.8333333333333334,0.8333333333333334,0.8149405772495756,0.8105994787141616,0.6211838025043254,660,"all","DT#660","DT",660
485,516,60,90,0.8958333333333334,0.8899082568807339,0.8958333333333334,0.8958333333333334,0.8730964467005076,0.8696785403996524,0.7393450790343764,660,"all","RF#660","RF",660
515,291,285,60,0.8956521739130435,0.8290598290598291,0.8956521739130435,0.8956521739130435,0.7490909090909093,0.7002606429192006,0.40072439162422163,660,"all","NB#660","NB",660
479,505,71,96,0.8767361111111112,0.8709090909090909,0.8767361111111112,0.8767361111111112,0.8581138487680543,0.8549087749782798,0.7098063785619929,660,"all","MLP#660","MLP",660
474,466,110,101,0.8243478260869566,0.8218694885361552,0.8243478260869566,0.8243478260869566,0.8179465056082831,0.8166811468288445,0.6333669983348656,661,"all","DT#661","DT",661
498,530,46,77,0.9201388888888888,0.9154411764705882,0.9201388888888888,0.9201388888888888,0.8960270498732037,0.893136403127715,0.7862626421224423,661,"all","RF#661","RF",661
515,342,234,60,0.8956521739130435,0.8507462686567164,0.8956521739130435,0.8956521739130435,0.7779456193353476,0.7445699391833188,0.4892736509431398,661,"all","NB#661","NB",661
481,515,61,94,0.8940972222222222,0.8874538745387454,0.8940972222222222,0.8940972222222222,0.8691983122362869,0.8653344917463076,0.7306553617556432,661,"all","MLP#661","MLP",661
470,475,101,105,0.8246527777777778,0.8231173380035026,0.8246527777777778,0.8246527777777778,0.8217993079584774,0.8210251954821894,0.642047959226807,662,"all","DT#662","DT",662
489,525,51,86,0.9114583333333334,0.9055555555555556,0.9114583333333334,0.9114583333333334,0.8845829823083403,0.8809730668983493,0.7619333751028512,662,"all","RF#662","RF",662
483,431,145,92,0.84,0.8240917782026769,0.84,0.84,0.8029925187032418,0.794092093831451,0.5882168244388659,662,"all","NB#662","NB",662
463,514,62,112,0.8923611111111112,0.8819047619047619,0.8923611111111112,0.8923611111111112,0.8552412645590682,0.8488271068635969,0.6976311617724767,662,"all","MLP#662","MLP",662
475,437,139,100,0.8260869565217391,0.813780260707635,0.8260869565217391,0.8260869565217391,0.7989907485281749,0.792354474370113,0.5847330848576247,663,"all","DT#663","DT",663
489,516,60,86,0.8958333333333334,0.8907103825136612,0.8958333333333334,0.8958333333333334,0.8760611205432937,0.8731537793223284,0.7462974090166583,663,"all","RF#663","RF",663
502,365,211,73,0.8730434782608696,0.8333333333333334,0.8730434782608696,0.8730434782608696,0.7795031055900621,0.7532580364900087,0.5066184882980297,663,"all","NB#663","NB",663
479,525,51,96,0.9114583333333334,0.9037735849056604,0.9114583333333334,0.9114583333333334,0.8771929824561404,0.8722849695916595,0.744552392599135,663,"all","MLP#663","MLP",663
451,476,100,124,0.8263888888888888,0.8185117967332124,0.8263888888888888,0.8263888888888888,0.8095238095238094,0.8053866203301477,0.6107588439194658,664,"all","DT#664","DT",664
503,518,58,72,0.8993055555555556,0.8966131907308378,0.8993055555555556,0.8993055555555556,0.888507718696398,0.8870547350130321,0.7741045251560268,664,"all","RF#664","RF",664
425,499,77,150,0.8663194444444444,0.8466135458167331,0.8663194444444444,0.8663194444444444,0.8146938775510203,0.8027801911381407,0.6055166103752375,664,"all","NB#664","NB",664
485,523,53,90,0.9079861111111112,0.9014869888475836,0.9079861111111112,0.9079861111111112,0.87973086627418,0.8757602085143353,0.7515063492375027,664,"all","MLP#664","MLP",664
453,489,87,122,0.8489583333333334,0.8388888888888889,0.8489583333333334,0.8489583333333334,0.8239258635214827,0.8184187662901824,0.6368180685875611,665,"all","DT#665","DT",665
481,527,49,94,0.9149305555555556,0.9075471698113208,0.9149305555555556,0.9149305555555556,0.8805346700083543,0.8757602085143353,0.7515033479025598,665,"all","RF#665","RF",665
525,269,307,50,0.9130434782608695,0.8432601880877743,0.9130434782608695,0.9130434782608695,0.746268656716418,0.6898349261511729,0.37990996850557684,665,"all","NB#665","NB",665
461,515,61,114,0.8940972222222222,0.8831417624521073,0.8940972222222222,0.8940972222222222,0.8547717842323652,0.8479582971329279,0.6958920324240919,665,"all","MLP#665","MLP",665
456,478,98,119,0.8298611111111112,0.8231046931407943,0.8298611111111112,0.8298611111111112,0.8150042625745951,0.8114682884448305,0.6229243378790691,666,"all","DT#666","DT",666
503,520,56,72,0.9027777777777778,0.8998211091234347,0.9027777777777778,0.9027777777777778,0.8904109589041096,0.8887923544743701,0.7775791685789512,666,"all","RF#666","RF",666
513,365,211,62,0.8921739130434783,0.8548009367681498,0.8921739130434783,0.8921739130434783,0.7898383371824481,0.7628149435273676,0.5257362096992073,666,"all","NB#666","NB",666
488,492,84,87,0.8541666666666666,0.8531468531468531,0.8541666666666666,0.8541666666666666,0.8519480519480519,0.8514335360556038,0.7028655021082523,666,"all","MLP#666","MLP",666
494,455,121,81,0.8591304347826086,0.8488805970149254,0.8591304347826086,0.8591304347826086,0.8302521008403361,0.8245004344048653,0.6490217982005917,667,"all","DT#667","DT",667
507,520,56,68,0.9027777777777778,0.9005328596802842,0.9027777777777778,0.9027777777777778,0.8934707903780069,0.8922675933970461,0.7845311207328636,667,"all","RF#667","RF",667
432,491,85,143,0.8524305555555556,0.8355899419729207,0.8524305555555556,0.8524305555555556,0.8115702479338843,0.8019113814074718,0.603787771272243,667,"all","NB#667","NB",667
487,500,76,88,0.8680555555555556,0.8650088809946714,0.8680555555555556,0.8680555555555556,0.8591065292096219,0.8575152041702867,0.7150250306466904,667,"all","MLP#667","MLP",667
469,481,95,106,0.8350694444444444,0.8315602836879432,0.8350694444444444,0.8350694444444444,0.827171109200344,0.8253692441355344,0.6507324246024618,668,"all","DT#668","DT",668
500,523,53,75,0.9079861111111112,0.9041591320072333,0.9079861111111112,0.9079861111111112,0.8909710391822828,0.8887923544743701,0.7775771538305922,668,"all","RF#668","RF",668
548,167,409,27,0.9530434782608695,0.8608247422680413,0.9530434782608695,0.9530434782608695,0.7154046997389033,0.6211989574283232,0.24283399368118028,668,"all","NB#668","NB",668
488,489,87,87,0.8489583333333334,0.8489583333333334,0.8489583333333334,0.8489583333333334,0.8489583333333334,0.8488271068635969,0.6976539855072463,668,"all","MLP#668","MLP",668
459,476,100,116,0.8263888888888888,0.8211091234347049,0.8263888888888888,0.8263888888888888,0.815068493150685,0.8123370981754996,0.6246648469769802,669,"all","DT#669","DT",669
503,523,53,72,0.9079861111111112,0.9046762589928058,0.9079861111111112,0.9079861111111112,0.8932536293766011,0.891398783666377,0.7827911730559904,669,"all","RF#669","RF",669
551,202,374,24,0.9582608695652174,0.8938053097345132,0.9582608695652174,0.9582608695652174,0.7346666666666667,0.6542137271937446,0.30879215390418724,669,"all","NB#669","NB",669
481,524,52,94,0.9097222222222222,0.9024390243902439,0.9097222222222222,0.9097222222222222,0.8777219430485763,0.8731537793223284,0.7462912805461699,669,"all","MLP#669","MLP",669
453,476,100,122,0.8263888888888888,0.8191681735985533,0.8263888888888888,0.8263888888888888,0.8109028960817718,0.8071242397914856,0.6142353761749333,670,"all","DT#670","DT",670
491,518,58,84,0.8993055555555556,0.8943533697632058,0.8993055555555556,0.8993055555555556,0.8794567062818336,0.8766290182450044,0.7532481649340101,670,"all","RF#670","RF",670
476,440,136,99,0.8278260869565217,0.8163265306122449,0.8278260869565217,0.8278260869565217,0.8020219039595619,0.7958297132927888,0.5916819259793761,670,"all","NB#670","NB",670
479,498,78,96,0.8645833333333334,0.8599640933572711,0.8645833333333334,0.8645833333333334,0.8512820512820513,0.8488271068635969,0.6976457693596746,670,"all","MLP#670","MLP",670
473,467,109,102,0.8226086956521739,0.820738137082601,0.8226086956521739,0.8226086956521739,0.8176318063958512,0.8166811468288445,0.633365891362863,671,"all","DT#671","DT",671
497,526,50,78,0.9131944444444444,0.9085923217550275,0.9131944444444444,0.9131944444444444,0.8915254237288136,0.8887923544743701,0.7775751390457326,671,"all","RF#671","RF",671
518,332,244,57,0.9008695652173913,0.8534704370179949,0.9008695652173913,0.9008695652173913,0.7748691099476439,0.738488271068636,0.4771237588422351,671,"all","NB#671","NB",671
473,518,58,102,0.8993055555555556,0.8907721280602636,0.8993055555555556,0.8993055555555556,0.8662207357859532,0.8609904430929627,0.7219622076345652,671,"all","MLP#671","MLP",671
471,467,109,104,0.8191304347826087,0.8178633975481612,0.8191304347826087,0.8191304347826087,0.8155844155844156,0.8149435273675065,0.6298895690702818,672,"all","DT#672","DT",672
494,515,61,81,0.8940972222222222,0.8900900900900901,0.8940972222222222,0.8940972222222222,0.8788395904436859,0.8766290182450044,0.753250400072466,672,"all","RF#672","RF",672
420,513,63,155,0.890625,0.8695652173913043,0.890625,0.890625,0.8247588424437299,0.8105994787141616,0.6211460528938199,672,"all","NB#672","NB",672
492,491,85,83,0.8556521739130435,0.8554006968641115,0.8556521739130435,0.8556521739130435,0.8541666666666666,0.8540399652476107,0.7080805915441075,672,"all","MLP#672","MLP",672
456,470,106,119,0.8159722222222222,0.8113879003558719,0.8159722222222222,0.8159722222222222,0.8068669527896997,0.8045178105994787,0.6090276530185526,673,"all","DT#673","DT",673
488,515,61,87,0.8940972222222222,0.8888888888888888,0.8940972222222222,0.8940972222222222,0.8743633276740237,0.8714161598609904,0.7428220310579823,673,"all","RF#673","RF",673
447,493,83,128,0.8559027777777778,0.8433962264150944,0.8559027777777778,0.8559027777777778,0.8237259816207184,0.8166811468288445,0.6333371077443366,673,"all","NB#673","NB",673
476,516,60,99,0.8958333333333334,0.8880597014925373,0.8958333333333334,0.8958333333333334,0.8664987405541561,0.8618592528236316,0.7237020295578996,673,"all","MLP#673","MLP",673
461,447,129,114,0.8017391304347826,0.7967914438502673,0.8017391304347826,0.8017391304347826,0.7914163090128755,0.788879235447437,0.5777677135934421,674,"all","DT#674","DT",674
502,527,49,73,0.9149305555555556,0.911070780399274,0.9149305555555556,0.9149305555555556,0.8962585034013606,0.894005212858384,0.788002584634709,674,"all","RF#674","RF",674
538,290,286,37,0.9356521739130435,0.8868501529051988,0.9356521739130435,0.9356521739130435,0.7691208005718371,0.7193744569939183,0.4389593887563401,674,"all","NB#674","NB",674
498,503,73,77,0.8732638888888888,0.87215411558669,0.8732638888888888,0.8732638888888888,0.8702422145328719,0.8696785403996524,0.7393553101166069,674,"all","MLP#674","MLP",674
465,476,100,110,0.8263888888888888,0.8230088495575221,0.8263888888888888,0.8263888888888888,0.8192771084337349,0.8175499565595135,0.6350941288364861,675,"all","DT#675","DT",675
495,517,59,80,0.8975694444444444,0.8935018050541517,0.8975694444444444,0.8975694444444444,0.8815004262574595,0.8792354474370113,0.7584630551391274,675,"all","RF#675","RF",675
517,314,262,58,0.8991304347826087,0.8440860215053764,0.8991304347826087,0.8991304347826087,0.7636632200886264,0.7219808861859253,0.4441325437214384,675,"all","NB#675","NB",675
475,504,72,100,0.875,0.8683729433272395,0.875,0.875,0.8542372881355932,0.8505647263249348,0.7011165930927032,675,"all","MLP#675","MLP",675
465,457,119,110,0.808695652173913,0.8059964726631393,0.808695652173913,0.808695652173913,0.8024158757549611,0.8010425716768028,0.6020902493776503,676,"all","DT#676","DT",676
495,512,64,80,0.8888888888888888,0.8855098389982111,0.8888888888888888,0.8888888888888888,0.8767123287671232,0.8748913987836664,0.7497765646513201,676,"all","RF#676","RF",676
485,428,148,90,0.8434782608695652,0.8262548262548263,0.8434782608695652,0.8434782608695652,0.802980132450331,0.7932232841007819,0.586482463793931,676,"all","NB#676","NB",676
463,502,74,112,0.8715277777777778,0.8621973929236499,0.8715277777777778,0.8715277777777778,0.8436974789915966,0.838401390095569,0.6767839942508778,676,"all","MLP#676","MLP",676
471,472,104,104,0.8194444444444444,0.8194444444444444,0.8194444444444444,0.8194444444444444,0.8194444444444444,0.8192875760208514,0.6385748792270531,677,"all","DT#677","DT",677
488,524,52,87,0.9097222222222222,0.9037037037037037,0.9097222222222222,0.9097222222222222,0.8828980623420388,0.8792354474370113,0.7584579499218709,677,"all","RF#677","RF",677
507,397,179,68,0.8817391304347826,0.853763440860215,0.8817391304347826,0.8817391304347826,0.8041237113402061,0.7854039965247611,0.5708795778485188,677,"all","NB#677","NB",677
497,510,66,78,0.8854166666666666,0.8827708703374778,0.8854166666666666,0.8854166666666666,0.8762886597938144,0.8748913987836664,0.749778075689777,677,"all","MLP#677","MLP",677
479,467,109,96,0.8330434782608696,0.8294849023090586,0.8330434782608696,0.8330434782608696,0.823731728288908,0.8218940052128584,0.6437947322893723,678,"all","DT#678","DT",678
505,526,50,70,0.9131944444444444,0.9099099099099099,0.9131944444444444,0.9131944444444444,0.8976109215017064,0.895742832319722,0.7914792113288444,678,"all","RF#678","RF",678
501,412,164,74,0.871304347826087,0.8477366255144033,0.871304347826087,0.871304347826087,0.8080645161290322,0.7932232841007819,0.5865024377726455,678,"all","NB#678","NB",678
497,507,69,78,0.8802083333333334,0.8780918727915195,0.8802083333333334,0.8802083333333334,0.8733850129198966,0.8722849695916595,0.7445662758099069,678,"all","MLP#678","MLP",678
463,451,125,112,0.8052173913043478,0.8010657193605684,0.8052173913043478,0.8052173913043478,0.7962166809974205,0.794092093831451,0.5881919587930794,679,"all","DT#679","DT",679
486,506,70,89,0.8784722222222222,0.8741007194244604,0.8784722222222222,0.8784722222222222,0.8642186165670368,0.8618592528236316,0.7237103721272199,679,"all","RF#679","RF",679
502,336,240,73,0.8730434782608696,0.8215158924205379,0.8730434782608696,0.8730434782608696,0.762338648443432,0.7280625543006082,0.4562617818273473,679,"all","NB#679","NB",679
498,483,93,77,0.8660869565217392,0.8625,0.8660869565217392,0.8660869565217392,0.8542024013722127,0.8523023457862728,0.7046116035844545,679,"all","MLP#679","MLP",679
449,495,81,126,0.859375,0.8471698113207548,0.859375,0.859375,0.8270676691729324,0.8201563857515204,0.6402880630477613,680,"all","DT#680","DT",680
481,516,60,94,0.8958333333333334,0.88909426987061,0.8958333333333334,0.8958333333333334,0.8701517706576728,0.8662033014769766,0.7323926650824469,680,"all","RF#680","RF",680
327,549,27,248,0.953125,0.923728813559322,0.953125,0.953125,0.7997086671522214,0.7610773240660296,0.5219948080503913,680,"all","NB#680","NB",680
469,494,82,106,0.8576388888888888,0.8511796733212341,0.8576388888888888,0.8576388888888888,0.8401360544217688,0.8366637706342311,0.6733154582895516,680,"all","MLP#680","MLP",680
477,443,133,98,0.8295652173913044,0.8188539741219963,0.8295652173913044,0.8295652173913044,0.8050632911392406,0.7993049522154648,0.5986308090605116,681,"all","DT#681","DT",681
500,532,44,75,0.9236111111111112,0.9191176470588235,0.9236111111111112,0.9236111111111112,0.8994082840236687,0.896611642050391,0.7932134505087045,681,"all","RF#681","RF",681
503,428,148,72,0.8747826086956522,0.856,0.8747826086956522,0.8747826086956522,0.8205546492659054,0.8088618592528236,0.6177672851544811,681,"all","NB#681","NB",681
489,530,46,86,0.9201388888888888,0.914018691588785,0.9201388888888888,0.9201388888888888,0.8892617449664428,0.8853171155516942,0.7706202065342111,681,"all","MLP#681","MLP",681
468,456,120,107,0.8139130434782609,0.8099467140319716,0.8139130434782609,0.8139130434782609,0.8048151332760104,0.8027801911381407,0.6055678255106708,682,"all","DT#682","DT",682
492,516,60,83,0.8958333333333334,0.8913043478260869,0.8958333333333334,0.8958333333333334,0.8782978723404256,0.8757602085143353,0.7515116013992031,682,"all","RF#682","RF",682
476,444,132,99,0.8278260869565217,0.8176795580110497,0.8278260869565217,0.8278260869565217,0.8047337278106509,0.7993049522154648,0.598629597257383,682,"all","NB#682","NB",682
487,494,82,88,0.8576388888888888,0.8558875219683656,0.8576388888888888,0.8576388888888888,0.8531951640759929,0.8523023457862728,0.7046017928906362,682,"all","MLP#682","MLP",682
475,461,115,100,0.8260869565217391,0.82174688057041,0.8260869565217391,0.8260869565217391,0.8154506437768241,0.8132059079061685,0.626419993508601,683,"all","DT#683","DT",683
491,526,50,84,0.9131944444444444,0.9075785582255084,0.9131944444444444,0.9131944444444444,0.8870151770657673,0.8835794960903562,0.7671468644223889,683,"all","RF#683","RF",683
495,381,195,80,0.8608695652173913,0.8264642082429501,0.8608695652173913,0.8608695652173913,0.7826086956521738,0.7610773240660296,0.5222372323645503,683,"all","NB#683","NB",683
465,508,68,110,0.8819444444444444,0.8724202626641651,0.8819444444444444,0.8819444444444444,0.8509212730318259,0.845351867940921,0.690683889980947,683,"all","MLP#683","MLP",683
471,466,110,104,0.8191304347826087,0.8175438596491228,0.8191304347826087,0.8191304347826087,0.814878892733564,0.8140747176368376,0.6281525227730427,684,"all","DT#684","DT",684
495,515,61,80,0.8940972222222222,0.8902877697841727,0.8940972222222222,0.8940972222222222,0.8795900939368061,0.8774978279756733,0.7549884432071573,684,"all","RF#684","RF",684
491,418,158,84,0.8539130434782609,0.8326693227091634,0.8539130434782609,0.8539130434782609,0.8022875816993464,0.789748045178106,0.5795427443190224,684,"all","NB#684","NB",684
458,508,68,117,0.8819444444444444,0.870722433460076,0.8819444444444444,0.8819444444444444,0.8459616985845129,0.8392701998262381,0.6785163757584726,684,"all","MLP#684","MLP",684
459,468,108,116,0.8125,0.8095238095238095,0.8125,0.8125,0.806896551724138,0.8053866203301477,0.6107682459933091,685,"all","DT#685","DT",685
486,517,59,89,0.8975694444444444,0.8917431192660551,0.8975694444444444,0.8975694444444444,0.8747884940778343,0.8714161598609904,0.7428204779805848,685,"all","RF#685","RF",685
431,472,104,144,0.8194444444444444,0.805607476635514,0.8194444444444444,0.8194444444444444,0.7919463087248323,0.7845351867940921,0.5690440243976086,685,"all","NB#685","NB",685
499,465,111,76,0.8678260869565217,0.8595194085027726,0.8678260869565217,0.8678260869565217,0.8421940928270043,0.8375325803649001,0.6750820835251761,685,"all","MLP#685","MLP",685
464,482,94,111,0.8368055555555556,0.8315412186379928,0.8368055555555556,0.8368055555555556,0.8246364414029084,0.8218940052128584,0.6437785993903828,686,"all","DT#686","DT",686
501,520,56,74,0.9027777777777778,0.8994614003590664,0.9027777777777778,0.9027777777777778,0.888888888888889,0.8870547350130321,0.7741031610158488,686,"all","RF#686","RF",686
456,477,99,119,0.828125,0.8216216216216217,0.828125,0.828125,0.8139931740614335,0.8105994787141616,0.6211872339140674,686,"all","NB#686","NB",686
479,495,81,96,0.859375,0.8553571428571428,0.859375,0.859375,0.8483290488431876,0.8462206776715899,0.6924341583822098,686,"all","MLP#686","MLP",686
451,464,112,124,0.8055555555555556,0.8010657193605684,0.8055555555555556,0.8055555555555556,0.7972508591065293,0.7949609035621199,0.5899140684915789,687,"all","DT#687","DT",687
490,529,47,85,0.9184027777777778,0.9124767225325885,0.9184027777777778,0.9184027777777778,0.8890756302521008,0.8853171155516942,0.7706208991457845,687,"all","RF#687","RF",687
484,403,173,91,0.8417391304347827,0.8157894736842105,0.8417391304347827,0.8417391304347827,0.7857142857142857,0.7706342311033884,0.541324896374543,687,"all","NB#687","NB",687
484,518,58,91,0.8993055555555556,0.8929889298892989,0.8993055555555556,0.8993055555555556,0.8742616033755275,0.8705473501303215,0.741081605816715,687,"all","MLP#687","MLP",687
474,468,108,101,0.8243478260869566,0.8224956063268892,0.8243478260869566,0.8243478260869566,0.8193604148660328,0.8184187662901824,0.6368410961840679,688,"all","DT#688","DT",688
505,518,58,70,0.8993055555555556,0.8969804618117229,0.8993055555555556,0.8993055555555556,0.8900343642611683,0.8887923544743701,0.7775805117242461,688,"all","RF#688","RF",688
485,440,136,90,0.8434782608695652,0.8301886792452831,0.8434782608695652,0.8434782608695652,0.811036789297659,0.8036490008688097,0.6073249744130088,688,"all","NB#688","NB",688
482,507,69,93,0.8802083333333334,0.8747731397459165,0.8802083333333334,0.8802083333333334,0.8622448979591837,0.8592528236316247,0.7184952353346137,688,"all","MLP#688","MLP",688
475,474,102,100,0.8260869565217391,0.8257839721254355,0.8260869565217391,0.8260869565217391,0.8246527777777778,0.8245004344048653,0.6490016636423198,689,"all","DT#689","DT",689
503,528,48,72,0.9166666666666666,0.9128856624319419,0.9166666666666666,0.9166666666666666,0.8979591836734694,0.895742832319722,0.7914779520997137,689,"all","RF#689","RF",689
462,469,107,113,0.8142361111111112,0.81195079086116,0.8142361111111112,0.8142361111111112,0.8100172711571675,0.8088618592528236,0.6177199672702349,689,"all","NB#689","NB",689
468,512,64,107,0.8888888888888888,0.8796992481203008,0.8888888888888888,0.8888888888888888,0.8569037656903766,0.8514335360556038,0.7028475580389426,689,"all","MLP#689","MLP",689
477,480,96,98,0.8333333333333334,0.8324607329842932,0.8333333333333334,0.8333333333333334,0.8318890814558059,0.8314509122502172,0.6629005522359669,690,"all","DT#690","DT",690
512,525,51,63,0.9114583333333334,0.9094138543516874,0.9114583333333334,0.9114583333333334,0.9020618556701031,0.9009556907037359,0.8019076432544069,690,"all","RF#690","RF",690
509,404,172,66,0.8852173913043478,0.8595744680851064,0.8852173913043478,0.8852173913043478,0.8105095541401275,0.7932232841007819,0.5865124240384237,690,"all","NB#690","NB",690
481,496,80,94,0.8611111111111112,0.857397504456328,0.8611111111111112,0.8611111111111112,0.850771869639794,0.8488271068635969,0.6976475952088359,690,"all","MLP#690","MLP",690
463,482,94,112,0.8368055555555556,0.8312387791741472,0.8368055555555556,0.8368055555555556,0.8239316239316239,0.8210251954821894,0.6420403936097298,691,"all","DT#691","DT",691
494,526,50,81,0.9131944444444444,0.9080882352941176,0.9131944444444444,0.9131944444444444,0.8892645815722738,0.8861859252823632,0.7723610253499184,691,"all","RF#691","RF",691
412,518,58,163,0.8993055555555556,0.8765957446808511,0.8993055555555556,0.8993055555555556,0.8241845664280033,0.8079930495221547,0.6159249277134812,691,"all","NB#691","NB",691
489,513,63,86,0.890625,0.8858695652173914,0.890625,0.890625,0.8731914893617021,0.8705473501303215,0.7410855147446243,691,"all","MLP#691","MLP",691
479,473,103,96,0.8330434782608696,0.8312829525483304,0.8330434782608696,0.8330434782608696,0.8280034572169404,0.8271068635968722,0.6542171202900934,692,"all","DT#692","DT",692
500,521,55,75,0.9045138888888888,0.9009009009009009,0.9045138888888888,0.9045138888888888,0.8890784982935153,0.8870547350130321,0.7741024789395814,692,"all","RF#692","RF",692
442,497,79,133,0.8628472222222222,0.8483685220729367,0.8628472222222222,0.8628472222222222,0.824212271973466,0.8158123370981755,0.6315943630670373,692,"all","NB#692","NB",692
474,505,71,101,0.8767361111111112,0.8697247706422019,0.8767361111111112,0.8767361111111112,0.8544839255499155,0.8505647263249348,0.7011156906260851,692,"all","MLP#692","MLP",692
474,465,111,101,0.8243478260869566,0.8215547703180212,0.8243478260869566,0.8243478260869566,0.8172413793103449,0.8158123370981755,0.6316299572772149,693,"all","DT#693","DT",693
505,522,54,70,0.90625,0.9033989266547406,0.90625,0.90625,0.8938356164383562,0.8922675933970461,0.784529819560859,693,"all","RF#693","RF",693
463,469,107,112,0.8142361111111112,0.8122807017543859,0.8142361111111112,0.8142361111111112,0.8107173725151254,0.8097306689834927,0.6194581782773119,693,"all","NB#693","NB",693
485,514,62,90,0.8923611111111112,0.886654478976234,0.8923611111111112,0.8923611111111112,0.8711864406779661,0.8679409209383145,0.7358704776168076,693,"all","MLP#693","MLP",693
450,468,108,125,0.8125,0.8064516129032258,0.8125,0.8125,0.8006843455945253,0.7975673327541268,0.5951239690632156,694,"all","DT#694","DT",694
505,519,57,70,0.9010416666666666,0.8985765124555161,0.9010416666666666,0.9010416666666666,0.8909871244635192,0.889661164205039,0.7793178308149162,694,"all","RF#694","RF",694
457,465,111,118,0.8072916666666666,0.8045774647887324,0.8072916666666666,0.8072916666666666,0.8024158757549611,0.8010425716768028,0.6020806379294468,694,"all","NB#694","NB",694
461,516,60,114,0.8958333333333334,0.8848368522072937,0.8958333333333334,0.8958333333333334,0.855721393034826,0.8488271068635969,0.6976293357248325,694,"all","MLP#694","MLP",694
488,447,129,87,0.8486956521739131,0.8370786516853933,0.8486956521739131,0.8486956521739131,0.8187919463087249,0.8123370981754996,0.6246977093843689,695,"all","DT#695","DT",695
504,515,61,71,0.8940972222222222,0.8920353982300885,0.8940972222222222,0.8940972222222222,0.8864027538726333,0.8853171155516942,0.7706305952686485,695,"all","RF#695","RF",695
480,432,144,95,0.8347826086956521,0.8197343453510436,0.8347826086956521,0.8347826086956521,0.8006672226855713,0.792354474370113,0.5847393535200446,695,"all","NB#695","NB",695
474,508,68,101,0.8819444444444444,0.8745387453874539,0.8819444444444444,0.8819444444444444,0.8573839662447257,0.8531711555169418,0.7063274589464753,695,"all","MLP#695","MLP",695
452,479,97,123,0.8315972222222222,0.8233151183970856,0.8315972222222222,0.8315972222222222,0.8132427843803056,0.8088618592528236,0.6177084245456494,696,"all","DT#696","DT",696
484,524,52,91,0.9097222222222222,0.9029850746268657,0.9097222222222222,0.9097222222222222,0.8799328295549959,0.8757602085143353,0.7515055989105638,696,"all","RF#696","RF",696
427,484,92,148,0.8402777777777778,0.8227360308285164,0.8402777777777778,0.8402777777777778,0.8013245033112583,0.7914856646394439,0.5829357554382616,696,"all","NB#696","NB",696
478,510,66,97,0.8854166666666666,0.8786764705882353,0.8854166666666666,0.8854166666666666,0.8622147083685545,0.8583840139009556,0.7167545582598219,696,"all","MLP#696","MLP",696
475,447,129,100,0.8260869565217391,0.8171846435100548,0.8260869565217391,0.8260869565217391,0.8057675996607294,0.8010425716768028,0.6021022630349819,697,"all","DT#697","DT",697
494,508,68,81,0.8819444444444444,0.8790035587188612,0.8819444444444444,0.8819444444444444,0.8721030042918456,0.8705473501303215,0.7410894235545082,697,"all","RF#697","RF",697
496,426,150,79,0.8626086956521739,0.8435643564356435,0.8626086956521739,0.8626086956521739,0.8124488124488124,0.8010425716768028,0.6021274893542511,697,"all","NB#697","NB",697
476,493,83,99,0.8559027777777778,0.851520572450805,0.8559027777777778,0.8559027777777778,0.8441780821917808,0.841876629018245,0.6837453803231962,697,"all","MLP#697","MLP",697
475,443,133,100,0.8260869565217391,0.8158379373848987,0.8260869565217391,0.8260869565217391,0.8030431107354183,0.7975673327541268,0.5951545288353689,698,"all","DT#698","DT",698
504,519,57,71,0.9010416666666666,0.8983957219251337,0.9010416666666666,0.9010416666666666,0.8902229845626071,0.8887923544743701,0.7775798401536265,698,"all","RF#698","RF",698
287,555,21,288,0.9635416666666666,0.9318181818181818,0.9635416666666666,0.9635416666666666,0.7822410147991543,0.731537793223284,0.4628586703879733,698,"all","NB#698","NB",698
483,485,91,92,0.8420138888888888,0.8414634146341463,0.8420138888888888,0.8420138888888888,0.8412836079791847,0.8410078192875761,0.6820149185007829,698,"all","MLP#698","MLP",698
487,443,133,88,0.8469565217391304,0.8342749529190208,0.8469565217391304,0.8469565217391304,0.8150627615062762,0.8079930495221547,0.6160118953271594,699,"all","DT#699","DT",699
496,511,65,79,0.8871527777777778,0.8841354723707665,0.8871527777777778,0.8871527777777778,0.8765008576329332,0.8748913987836664,0.7497773201728298,699,"all","RF#699","RF",699
505,377,199,70,0.8782608695652174,0.843400447427293,0.8782608695652174,0.8782608695652174,0.7896794370602033,0.7662901824500434,0.5326710227024025,699,"all","NB#699","NB",699
484,497,79,91,0.8628472222222222,0.8596802841918295,0.8628472222222222,0.8628472222222222,0.8539518900343642,0.8523023457862728,0.7045991171337646,699,"all","MLP#699","MLP",699
465,466,110,110,0.8090277777777778,0.8090277777777778,0.8090277777777778,0.8090277777777778,0.8090277777777779,0.8088618592528236,0.6177234299516907,700,"all","DT#700","DT",700
483,513,63,92,0.890625,0.8846153846153846,0.890625,0.890625,0.8687552921253174,0.8653344917463076,0.7306569883041378,700,"all","RF#700","RF",700
492,366,210,83,0.8556521739130435,0.8151447661469933,0.8556521739130435,0.8556521739130435,0.7705559906029757,0.7454387489139879,0.4909747074458853,700,"all","NB#700","NB",700
466,500,76,109,0.8680555555555556,0.8597785977859779,0.8680555555555556,0.8680555555555556,0.8438818565400844,0.8392701998262381,0.6785241414502837,700,"all","MLP#700","MLP",700
456,468,108,119,0.8125,0.8085106382978723,0.8125,0.8125,0.8048151332760103,0.8027801911381407,0.6055535342525313,701,"all","DT#701","DT",701
499,512,64,76,0.8888888888888888,0.8863232682060391,0.8888888888888888,0.8888888888888888,0.8797250859106528,0.8783666377063423,0.7567286846983942,701,"all","RF#701","RF",701
473,451,125,102,0.8226086956521739,0.8155515370705244,0.8226086956521739,0.8226086956521739,0.8064791133844843,0.8027801911381407,0.6055737798959275,701,"all","NB#701","NB",701
482,493,83,93,0.8559027777777778,0.8530973451327434,0.8559027777777778,0.8559027777777778,0.8485370051635112,0.8470894874022589,0.6941741270248645,701,"all","MLP#701","MLP",701
461,461,115,114,0.8017391304347826,0.8017391304347826,0.8017391304347826,0.8017391304347826,0.8010425716768027,0.8010425716768028,0.6020854437115888,702,"all","DT#702","DT",702
502,515,61,73,0.8940972222222222,0.8916518650088809,0.8940972222222222,0.8940972222222222,0.8848797250859107,0.8835794960903562,0.7671545982113203,702,"all","RF#702","RF",702
491,431,145,84,0.8539130434782609,0.8368932038834952,0.8539130434782609,0.8539130434782609,0.8109000825763831,0.8010425716768028,0.6021214833778895,702,"all","NB#702","NB",702
494,512,64,81,0.8888888888888888,0.8853046594982079,0.8888888888888888,0.8888888888888888,0.8759623609923012,0.8740225890529973,0.7480385215200268,702,"all","MLP#702","MLP",702
489,472,104,86,0.8504347826086956,0.8458781362007168,0.8504347826086956,0.8504347826086956,0.8373287671232877,0.8349261511728931,0.6698610243079143,703,"all","DT#703","DT",703
509,515,61,66,0.8940972222222222,0.8929824561403509,0.8940972222222222,0.8940972222222222,0.8902333621434745,0.889661164205039,0.7793204960786236,703,"all","RF#703","RF",703
496,440,136,79,0.8626086956521739,0.8477842003853564,0.8626086956521739,0.8626086956521739,0.8218724109362054,0.8132059079061685,0.6264436786085738,703,"all","NB#703","NB",703
481,502,74,94,0.8715277777777778,0.8666666666666667,0.8715277777777778,0.8715277777777778,0.856655290102389,0.8540399652476107,0.7080708958603821,703,"all","MLP#703","MLP",703
476,454,122,99,0.8278260869565217,0.8209764918625678,0.8278260869565217,0.8278260869565217,0.8115942028985507,0.8079930495221547,0.6159991425418503,704,"all","DT#704","DT",704
502,514,62,73,0.8923611111111112,0.8900709219858156,0.8923611111111112,0.8923611111111112,0.8839208942390371,0.8827106863596872,0.765417300106131,704,"all","RF#704","RF",704
472,444,132,103,0.8208695652173913,0.8117001828153565,0.8208695652173913,0.8208695652173913,0.8006785411365566,0.7958297132927888,0.5916769948175578,704,"all","NB#704","NB",704
486,517,59,89,0.8975694444444444,0.8917431192660551,0.8975694444444444,0.8975694444444444,0.8747884940778343,0.8714161598609904,0.7428204779805848,704,"all","MLP#704","MLP",704
471,464,112,104,0.8191304347826087,0.8169014084507042,0.8191304347826087,0.8191304347826087,0.8134715025906736,0.8123370981754996,0.624678445912489,705,"all","DT#705","DT",705
501,519,57,74,0.9010416666666666,0.8978494623655914,0.9010416666666666,0.9010416666666666,0.8879384088964927,0.8861859252823632,0.7723658366836106,705,"all","RF#705","RF",705
517,375,201,58,0.8991304347826087,0.8660508083140878,0.8991304347826087,0.8991304347826087,0.7996906419180201,0.7749782797567333,0.5500533550275227,705,"all","NB#705","NB",705
496,491,85,79,0.8626086956521739,0.8614035087719298,0.8626086956521739,0.8626086956521739,0.8581314878892734,0.8575152041702867,0.715032774461584,705,"all","MLP#705","MLP",705
468,473,103,107,0.8211805555555556,0.819614711033275,0.8211805555555556,0.8211805555555556,0.8183391003460208,0.8175499565595135,0.6350974341632498,706,"all","DT#706","DT",706
495,517,59,80,0.8975694444444444,0.8935018050541517,0.8975694444444444,0.8975694444444444,0.8815004262574595,0.8792354474370113,0.7584630551391274,706,"all","RF#706","RF",706
516,340,236,59,0.8973913043478261,0.8521303258145363,0.8973913043478261,0.8973913043478261,0.7776940467219291,0.7437011294526499,0.48753880681037837,706,"all","NB#706","NB",706
477,510,66,98,0.8854166666666666,0.8784530386740331,0.8854166666666666,0.8854166666666666,0.8614864864864865,0.8575152041702867,0.7150164259142954,706,"all","MLP#706","MLP",706
475,461,115,100,0.8260869565217391,0.82174688057041,0.8260869565217391,0.8260869565217391,0.8154506437768241,0.8132059079061685,0.626419993508601,707,"all","DT#707","DT",707
495,520,56,80,0.9027777777777778,0.8983666061705989,0.9027777777777778,0.9027777777777778,0.8843537414965987,0.8818418766290183,0.7636750123796756,707,"all","RF#707","RF",707
504,393,183,71,0.8765217391304347,0.8469827586206896,0.8765217391304347,0.8765217391304347,0.7987321711568938,0.7793223284100782,0.5587189364117178,707,"all","NB#707","NB",707
479,519,57,96,0.9010416666666666,0.8936567164179104,0.9010416666666666,0.9010416666666666,0.871536523929471,0.8670721112076455,0.7341283680651487,707,"all","MLP#707","MLP",707
478,452,124,97,0.831304347826087,0.8233151183970856,0.831304347826087,0.831304347826087,0.8122344944774851,0.8079930495221547,0.6160014612930935,708,"all","DT#708","DT",708
500,507,69,75,0.8802083333333334,0.8787346221441125,0.8802083333333334,0.8802083333333334,0.8756476683937823,0.8748913987836664,0.7497803422132447,708,"all","RF#708","RF",708
464,460,116,111,0.8069565217391305,0.8056042031523643,0.8069565217391305,0.8069565217391305,0.8034632034632037,0.8027801911381407,0.6055630618730232,708,"all","NB#708","NB",708
478,512,64,97,0.8888888888888888,0.8819188191881919,0.8888888888888888,0.8888888888888888,0.8641350210970464,0.8601216333622936,0.7202291176945711,708,"all","MLP#708","MLP",708
461,445,131,114,0.8017391304347826,0.7960644007155635,0.8017391304347826,0.8017391304347826,0.7900599828620395,0.787141615986099,0.5742938360579514,709,"all","DT#709","DT",709
497,504,72,78,0.875,0.8734622144112478,0.875,0.875,0.8704663212435233,0.8696785403996524,0.7393545231387965,709,"all","RF#709","RF",709
230,553,23,345,0.9600694444444444,0.9090909090909091,0.9600694444444444,0.9600694444444444,0.7503392130257802,0.680278019113814,0.36024456332939614,709,"all","NB#709","NB",709
475,498,78,100,0.8645833333333334,0.8589511754068716,0.8645833333333334,0.8645833333333334,0.8483816013628621,0.845351867940921,0.6906932295456674,709,"all","MLP#709","MLP",709
463,456,120,112,0.8052173913043478,0.8028169014084507,0.8052173913043478,0.8052173913043478,0.7996545768566493,0.7984361424847958,0.596876849313414,710,"all","DT#710","DT",710
490,513,63,85,0.890625,0.8860759493670886,0.890625,0.890625,0.8739352640545144,0.8714161598609904,0.7428235841166222,710,"all","RF#710","RF",710
488,411,165,87,0.8486956521739131,0.8253012048192772,0.8486956521739131,0.8486956521739131,0.7947882736156352,0.7810599478714162,0.562171121154212,710,"all","NB#710","NB",710
483,478,98,92,0.84,0.8385964912280702,0.84,0.84,0.8356401384083044,0.8349261511728931,0.6698550435835424,710,"all","MLP#710","MLP",710
468,486,90,107,0.84375,0.8387096774193549,0.84375,0.84375,0.8314798973481609,0.8288444830582102,0.657679922341002,711,"all","DT#711","DT",711
490,530,46,85,0.9201388888888888,0.914179104477612,0.9201388888888888,0.9201388888888888,0.8900083963056254,0.8861859252823632,0.772358275925062,711,"all","RF#711","RF",711
452,476,100,123,0.8263888888888888,0.8188405797101449,0.8263888888888888,0.8263888888888888,0.8102127659574468,0.8062554300608167,0.6124971126714847,711,"all","NB#711","NB",711
496,511,65,79,0.8871527777777778,0.8841354723707665,0.8871527777777778,0.8871527777777778,0.8765008576329332,0.8748913987836664,0.7497773201728298,711,"all","MLP#711","MLP",711
452,485,91,123,0.8420138888888888,0.8324125230202578,0.8420138888888888,0.8420138888888888,0.8192567567567567,0.8140747176368376,0.6281311899125562,712,"all","DT#712","DT",712
490,528,48,85,0.9166666666666666,0.9107806691449815,0.9166666666666666,0.9166666666666666,0.8881412952060554,0.8844483058210252,0.7688835276125024,712,"all","RF#712","RF",712
296,547,29,279,0.9496527777777778,0.9107692307692308,0.9496527777777778,0.9496527777777778,0.7803138373751783,0.7324066029539531,0.46461073774824435,712,"all","NB#712","NB",712
478,495,81,97,0.859375,0.855098389982111,0.859375,0.859375,0.8476027397260274,0.845351867940921,0.690696031305104,712,"all","MLP#712","MLP",712
475,466,110,100,0.8260869565217391,0.823321554770318,0.8260869565217391,0.8260869565217391,0.8189655172413793,0.8175499565595135,0.6351051463595054,713,"all","DT#713","DT",713
501,518,58,74,0.8993055555555556,0.8962432915921288,0.8993055555555556,0.8993055555555556,0.886986301369863,0.8853171155516942,0.7706285175970435,713,"all","RF#713","RF",713
515,384,192,60,0.8956521739130435,0.8648648648648649,0.8956521739130435,0.8956521739130435,0.8034321372854913,0.7810599478714162,0.562206806614624,713,"all","NB#713","NB",713
499,495,81,76,0.8678260869565217,0.8669001751313485,0.8678260869565217,0.8678260869565217,0.8640692640692641,0.8635968722849696,0.7271955978593158,713,"all","MLP#713","MLP",713
466,468,108,109,0.8125,0.8118466898954704,0.8125,0.8125,0.8117953165654813,0.8114682884448305,0.6229357230309828,714,"all","DT#714","DT",714
497,519,57,78,0.9010416666666666,0.8971119133574007,0.9010416666666666,0.9010416666666666,0.8849104859335039,0.8827106863596872,0.7654137585883609,714,"all","RF#714","RF",714
551,151,425,24,0.9582608695652174,0.8628571428571429,0.9582608695652174,0.9582608695652174,0.7105093488072212,0.6099044309296264,0.2202802952922521,714,"all","NB#714","NB",714
472,529,47,103,0.9184027777777778,0.9094412331406551,0.9184027777777778,0.9184027777777778,0.8758278145695364,0.8696785403996524,0.7393348471489135,714,"all","MLP#714","MLP",714
460,465,111,115,0.8072916666666666,0.8056042031523643,0.8072916666666666,0.8072916666666666,0.8044982698961937,0.8036490008688097,0.6072953339090212,715,"all","DT#715","DT",715
502,517,59,73,0.8975694444444444,0.8948306595365418,0.8975694444444444,0.8975694444444444,0.8867924528301887,0.8853171155516942,0.7706292101584273,715,"all","RF#715","RF",715
476,446,130,99,0.8278260869565217,0.818348623853211,0.8278260869565217,0.8278260869565217,0.8060965283657917,0.8010425716768028,0.6021034643608165,715,"all","NB#715","NB",715
461,505,71,114,0.8767361111111112,0.8665413533834586,0.8767361111111112,0.8767361111111112,0.8451882845188285,0.8392701998262381,0.6785192879368679,715,"all","MLP#715","MLP",715
458,448,128,117,0.7965217391304348,0.7929203539823009,0.7965217391304348,0.7965217391304348,0.7889750215331611,0.787141615986099,0.5742899800878909,716,"all","DT#716","DT",716
490,514,62,85,0.8923611111111112,0.8876811594202898,0.8923611111111112,0.8923611111111112,0.8748936170212765,0.8722849695916595,0.7445608769628173,716,"all","RF#716","RF",716
482,401,175,93,0.8382608695652174,0.8117408906882592,0.8382608695652174,0.8382608695652174,0.7824675324675324,0.7671589921807124,0.534375273592339,716,"all","NB#716","NB",716
489,490,86,86,0.8506944444444444,0.8506944444444444,0.8506944444444444,0.8506944444444444,0.8506944444444444,0.8505647263249348,0.7011292270531401,716,"all","MLP#716","MLP",716
475,501,75,100,0.8697916666666666,0.8636363636363636,0.8697916666666666,0.8697916666666666,0.8513169073916738,0.8479582971329279,0.6959048877146632,717,"all","DT#717","DT",717
496,524,52,79,0.9097222222222222,0.9051094890510949,0.9097222222222222,0.9097222222222222,0.8888888888888888,0.8861859252823632,0.7723624000374412,717,"all","RF#717","RF",717
474,442,134,101,0.8243478260869566,0.8139963167587477,0.8243478260869566,0.8243478260869566,0.801352493660186,0.7958297132927888,0.5916794604133548,717,"all","NB#717","NB",717
486,493,83,89,0.8559027777777778,0.8541300527240774,0.8559027777777778,0.8559027777777778,0.8514680483592401,0.8505647263249348,0.7011265198658201,717,"all","MLP#717","MLP",717
459,468,108,116,0.8125,0.8095238095238095,0.8125,0.8125,0.806896551724138,0.8053866203301477,0.6107682459933091,718,"all","DT#718","DT",718
493,520,56,82,0.9027777777777778,0.8979963570127505,0.9027777777777778,0.9027777777777778,0.8828522920203735,0.8801042571676803,0.7601989208513619,718,"all","RF#718","RF",718
488,442,134,87,0.8486956521739131,0.8355387523629489,0.8486956521739131,0.8486956521739131,0.815371762740184,0.8079930495221547,0.6160130546292761,718,"all","NB#718","NB",718
478,501,75,97,0.8697916666666666,0.864376130198915,0.8697916666666666,0.8697916666666666,0.8534923339011925,0.8505647263249348,0.7011193004598583,718,"all","MLP#718","MLP",718
487,468,108,88,0.8469565217391304,0.841726618705036,0.8469565217391304,0.8469565217391304,0.8324786324786324,0.8297132927888793,0.6594366112134296,719,"all","DT#719","DT",719
513,515,61,62,0.8940972222222222,0.8937282229965157,0.8940972222222222,0.8940972222222222,0.8933217692974847,0.893136403127715,0.786272322271018,719,"all","RF#719","RF",719
526,318,258,49,0.9147826086956522,0.8664850136239782,0.9147826086956522,0.9147826086956522,0.7740986019131715,0.733275412684622,0.46671868326569654,719,"all","NB#719","NB",719
482,510,66,93,0.8854166666666666,0.8795620437956204,0.8854166666666666,0.8854166666666666,0.8651399491094148,0.8618592528236316,0.7237070351599476,719,"all","MLP#719","MLP",719
467,471,105,108,0.8177083333333334,0.8164335664335665,0.8177083333333334,0.8177083333333334,0.8155844155844156,0.8149435273675065,0.6298850991172968,720,"all","DT#720","DT",720
502,526,50,73,0.9131944444444444,0.9094202898550725,0.9131944444444444,0.9131944444444444,0.8953191489361703,0.893136403127715,0.7862652235811327,720,"all","RF#720","RF",720
457,462,114,118,0.8020833333333334,0.8003502626970228,0.8020833333333334,0.8020833333333334,0.7993079584775087,0.7984361424847958,0.5968695463136854,720,"all","NB#720","NB",720
486,502,74,89,0.8715277777777778,0.8678571428571429,0.8715277777777778,0.8715277777777778,0.8603256212510711,0.8583840139009556,0.7167614000920913,720,"all","MLP#720","MLP",720
451,466,110,124,0.8090277777777778,0.803921568627451,0.8090277777777778,0.8090277777777778,0.7993138936535162,0.7966985230234579,0.5933881452808484,721,"all","DT#721","DT",721
484,529,47,91,0.9184027777777778,0.911487758945386,0.9184027777777778,0.9184027777777778,0.8846153846153846,0.8801042571676803,0.7601924040848124,721,"all","RF#721","RF",721
520,333,243,55,0.9043478260869565,0.8582474226804123,0.9043478260869565,0.9043478260869565,0.7772795216741405,0.741094700260643,0.4823359312272483,721,"all","NB#721","NB",721
484,520,56,91,0.9027777777777778,0.8962962962962963,0.9027777777777778,0.9027777777777778,0.8761583824768323,0.8722849695916595,0.7445562491979498,721,"all","MLP#721","MLP",721
476,454,122,99,0.8278260869565217,0.8209764918625678,0.8278260869565217,0.8278260869565217,0.8115942028985507,0.8079930495221547,0.6159991425418503,722,"all","DT#722","DT",722
498,513,63,77,0.890625,0.8877005347593583,0.890625,0.890625,0.8799313893653515,0.8783666377063423,0.7567279501680289,722,"all","RF#722","RF",722
278,551,25,297,0.9565972222222222,0.9174917491749175,0.9565972222222222,0.9565972222222222,0.7738764044943819,0.7202432667245873,0.4402562646497353,722,"all","NB#722","NB",722
485,491,85,90,0.8524305555555556,0.8508771929824561,0.8524305555555556,0.8524305555555556,0.8487467588591183,0.8479582971329279,0.6959140693996785,722,"all","MLP#722","MLP",722
483,468,108,92,0.84,0.8357142857142857,0.84,0.84,0.8284734133790738,0.8262380538662033,0.6524842395111229,723,"all","DT#723","DT",723
511,510,66,64,0.888695652173913,0.8885017421602788,0.888695652173913,0.888695652173913,0.8871527777777777,0.8870547350130321,0.774109981551988,723,"all","RF#723","RF",723
514,344,232,61,0.8939130434782608,0.8493827160493828,0.8939130434782608,0.8939130434782608,0.7781983345950039,0.7454387489139879,0.491008510786014,723,"all","NB#723","NB",723
499,497,79,76,0.8678260869565217,0.8673647469458988,0.8678260869565217,0.8678260869565217,0.8655680832610582,0.8653344917463076,0.7306699999849037,723,"all","MLP#723","MLP",723
459,465,111,116,0.8072916666666666,0.8052631578947368,0.8072916666666666,0.8072916666666666,0.8038029386343993,0.8027801911381407,0.6055571071641541,724,"all","DT#724","DT",724
509,515,61,66,0.8940972222222222,0.8929824561403509,0.8940972222222222,0.8940972222222222,0.8902333621434745,0.889661164205039,0.7793204960786236,724,"all","RF#724","RF",724
533,221,355,42,0.9269565217391305,0.8403041825095057,0.9269565217391305,0.9269565217391305,0.7286397812713601,0.6550825369244135,0.3104903630983547,724,"all","NB#724","NB",724
496,513,63,79,0.890625,0.8872987477638641,0.890625,0.890625,0.8784246575342466,0.8766290182450044,0.753251890142274,724,"all","MLP#724","MLP",724
479,454,122,96,0.8330434782608696,0.8254545454545454,0.8330434782608696,0.8330434782608696,0.814625850340136,0.8105994787141616,0.6212135393236377,725,"all","DT#725","DT",725
500,511,65,75,0.8871527777777778,0.8849557522123894,0.8871527777777778,0.8871527777777778,0.8795180722891567,0.8783666377063423,0.756729419224324,725,"all","RF#725","RF",725
488,422,154,87,0.8486956521739131,0.8290766208251473,0.8486956521739131,0.8486956521739131,0.8019720624486443,0.790616854908775,0.5812757465654894,725,"all","NB#725","NB",725
481,502,74,94,0.8715277777777778,0.8666666666666667,0.8715277777777778,0.8715277777777778,0.856655290102389,0.8540399652476107,0.7080708958603821,725,"all","MLP#725","MLP",725
469,462,114,106,0.8156521739130435,0.8133802816901409,0.8156521739130435,0.8156521739130435,0.8100172711571675,0.8088618592528236,0.6177280467627202,726,"all","DT#726","DT",726
500,520,56,75,0.9027777777777778,0.8992805755395683,0.9027777777777778,0.9027777777777778,0.888129803586678,0.8861859252823632,0.7723651493626781,726,"all","RF#726","RF",726
518,348,228,57,0.9008695652173913,0.8592592592592593,0.9008695652173913,0.9008695652173913,0.7842543527630583,0.7523892267593397,0.5049058893311057,726,"all","NB#726","NB",726
479,510,66,96,0.8854166666666666,0.8788990825688073,0.8854166666666666,0.8854166666666666,0.8629441624365483,0.8592528236316247,0.7184926853571267,726,"all","MLP#726","MLP",726
488,466,110,87,0.8486956521739131,0.8426763110307414,0.8486956521739131,0.8486956521739131,0.8320545609548167,0.8288444830582102,0.6577005931255406,727,"all","DT#727","DT",727
505,524,52,70,0.9097222222222222,0.9066427289048474,0.9097222222222222,0.9097222222222222,0.8957264957264959,0.894005212858384,0.788004504953335,727,"all","RF#727","RF",727
541,221,355,34,0.9408695652173913,0.8666666666666667,0.9408695652173913,0.9408695652173913,0.7355540448674371,0.6620330147697654,0.3243929194940253,727,"all","NB#727","NB",727
467,517,59,108,0.8975694444444444,0.8878326996197718,0.8975694444444444,0.8975694444444444,0.8609492089925063,0.8549087749782798,0.7097958635225131,727,"all","MLP#727","MLP",727
461,454,122,114,0.8017391304347826,0.7992957746478874,0.8017391304347826,0.8017391304347826,0.7962003454231433,0.7949609035621199,0.5899264501636454,728,"all","DT#728","DT",728
489,518,58,86,0.8993055555555556,0.8939670932358318,0.8993055555555556,0.8993055555555556,0.8779661016949153,0.8748913987836664,0.7497720314264492,728,"all","RF#728","RF",728
432,481,95,143,0.8350694444444444,0.8197343453510436,0.8350694444444444,0.8350694444444444,0.8016666666666667,0.7932232841007819,0.5864162862043143,728,"all","NB#728","NB",728
483,495,81,92,0.859375,0.8563829787234043,0.859375,0.859375,0.8512467755803956,0.8496959165942659,0.6993866142100791,728,"all","MLP#728","MLP",728
485,473,103,90,0.8434782608695652,0.8401420959147424,0.8434782608695652,0.8434782608695652,0.8340498710232159,0.8323197219808862,0.6646457723504824,729,"all","DT#729","DT",729
511,516,60,64,0.8958333333333334,0.8949211908931699,0.8958333333333334,0.8958333333333334,0.8927335640138409,0.8922675933970461,0.7845337230297286,729,"all","RF#729","RF",729
473,447,129,102,0.8226086956521739,0.8142076502732241,0.8226086956521739,0.8226086956521739,0.8037383177570094,0.7993049522154648,0.5986259618040931,729,"all","NB#729","NB",729
476,510,66,99,0.8854166666666666,0.8782287822878229,0.8854166666666666,0.8854166666666666,0.8607594936708861,0.8566463944396178,0.7132782883205233,729,"all","MLP#729","MLP",729
476,452,124,99,0.8278260869565217,0.8203266787658802,0.8278260869565217,0.8278260869565217,0.8102127659574468,0.8062554300608167,0.6125251915311167,730,"all","DT#730","DT",730
490,519,57,85,0.9010416666666666,0.8957952468007313,0.9010416666666666,0.9010416666666666,0.8796610169491526,0.8766290182450044,0.7532474198788597,730,"all","RF#730","RF",730
416,492,84,159,0.8541666666666666,0.832,0.8541666666666666,0.8541666666666666,0.8019559902200488,0.788879235447437,0.5777103385800023,730,"all","NB#730","NB",730
481,516,60,94,0.8958333333333334,0.88909426987061,0.8958333333333334,0.8958333333333334,0.8701517706576728,0.8662033014769766,0.7323926650824469,730,"all","MLP#730","MLP",730
466,462,114,109,0.8104347826086956,0.809106830122592,0.8104347826086956,0.8104347826086956,0.8069264069264069,0.8062554300608167,0.6125134925008114,731,"all","DT#731","DT",731
508,518,58,67,0.8993055555555556,0.8975265017667845,0.8993055555555556,0.8993055555555556,0.892334194659776,0.891398783666377,0.7827944522193084,731,"all","RF#731","RF",731
497,422,154,78,0.8643478260869565,0.844,0.8643478260869565,0.8643478260869565,0.8107667210440458,0.7984361424847958,0.5969182279810891,731,"all","NB#731","NB",731
480,490,86,95,0.8506944444444444,0.8480565371024735,0.8506944444444444,0.8506944444444444,0.8440999138673558,0.8427454387489139,0.6854863668135587,731,"all","MLP#731","MLP",731
465,460,116,110,0.808695652173913,0.8070175438596491,0.808695652173913,0.808695652173913,0.8044982698961937,0.8036490008688097,0.6073012623677926,732,"all","DT#732","DT",732
510,519,57,65,0.9010416666666666,0.8994708994708994,0.9010416666666666,0.9010416666666666,0.8948275862068966,0.894005212858384,0.78800770540707,732,"all","RF#732","RF",732
524,278,298,51,0.9113043478260869,0.8449848024316109,0.9113043478260869,0.9113043478260869,0.7501789549033644,0.6967854039965248,0.39379639536585836,732,"all","NB#732","NB",732
485,506,70,90,0.8784722222222222,0.8738738738738738,0.8784722222222222,0.8784722222222222,0.8634812286689421,0.8609904430929627,0.7219722817717927,732,"all","MLP#732","MLP",732
466,474,102,109,0.8229166666666666,0.8204225352112676,0.8229166666666666,0.8229166666666666,0.8179465056082829,0.8166811468288445,0.6333581423716736,733,"all","DT#733","DT",733
498,524,52,77,0.9097222222222222,0.9054545454545454,0.9097222222222222,0.9097222222222222,0.8903993203058623,0.8879235447437012,0.7758384600868089,733,"all","RF#733","RF",733
431,481,95,144,0.8350694444444444,0.8193916349809885,0.8350694444444444,0.8350694444444444,0.8009991673605329,0.792354474370113,0.584677912466351,733,"all","NB#733","NB",733
492,501,75,83,0.8697916666666666,0.8677248677248677,0.8697916666666666,0.8697916666666666,0.863793103448276,0.8627280625543006,0.7254526020845662,733,"all","MLP#733","MLP",733
481,452,124,94,0.8365217391304348,0.8278388278388278,0.8365217391304348,0.8365217391304348,0.8152542372881356,0.8105994787141616,0.6212158265779026,734,"all","DT#734","DT",734
511,524,52,64,0.9097222222222222,0.9076376554174067,0.9097222222222222,0.9097222222222222,0.9003436426116839,0.8992180712423979,0.7984323387500981,734,"all","RF#734","RF",734
414,514,62,161,0.8923611111111112,0.8697478991596639,0.8923611111111112,0.8923611111111112,0.8217426059152678,0.8062554300608167,0.6124526461533351,734,"all","NB#734","NB",734
484,495,81,91,0.859375,0.856637168141593,0.859375,0.859375,0.8519793459552496,0.8505647263249348,0.7011247150470268,734,"all","MLP#734","MLP",734
464,464,112,111,0.8069565217391305,0.8069565217391305,0.8069565217391305,0.8069565217391305,0.8062554300608168,0.8062554300608167,0.612511152609975,735,"all","DT#735","DT",735
503,509,67,72,0.8836805555555556,0.8824561403508772,0.8836805555555556,0.8836805555555556,0.8798617113223856,0.8792354474370113,0.7584688894088875,735,"all","RF#735","RF",735
504,405,171,71,0.8765217391304347,0.8508403361344538,0.8765217391304347,0.8765217391304347,0.8063999999999999,0.789748045178106,0.579559245283019,735,"all","NB#735","NB",735
482,504,72,93,0.875,0.8700361010830325,0.875,0.875,0.8593350383631713,0.8566463944396178,0.713283482719108,735,"all","MLP#735","MLP",735
457,465,111,118,0.8072916666666666,0.8045774647887324,0.8072916666666666,0.8072916666666666,0.8024158757549611,0.8010425716768028,0.6020806379294468,736,"all","DT#736","DT",736
491,512,64,84,0.8888888888888888,0.8846846846846846,0.8888888888888888,0.8888888888888888,0.8737201365187712,0.8714161598609904,0.7428243606389081,736,"all","RF#736","RF",736
518,333,243,57,0.9008695652173913,0.8538461538461538,0.9008695652173913,0.9008695652173913,0.7754491017964071,0.739357080799305,0.4788601026885566,736,"all","NB#736","NB",736
475,510,66,100,0.8854166666666666,0.878003696857671,0.8854166666666666,0.8854166666666666,0.8600337268128161,0.8557775847089487,0.7115401454784817,736,"all","MLP#736","MLP",736
467,471,105,108,0.8177083333333334,0.8164335664335665,0.8177083333333334,0.8177083333333334,0.8155844155844156,0.8149435273675065,0.6298850991172968,737,"all","DT#737","DT",737
499,516,60,76,0.8958333333333334,0.8926654740608229,0.8958333333333334,0.8958333333333334,0.8835616438356165,0.8818418766290183,0.7636778666151356,737,"all","RF#737","RF",737
483,417,159,92,0.84,0.8192534381139489,0.84,0.84,0.7937551355792933,0.7819287576020851,0.5639012962155097,737,"all","NB#737","NB",737
482,500,76,93,0.8680555555555556,0.8637992831541219,0.8680555555555556,0.8680555555555556,0.855431993156544,0.8531711555169418,0.7063345526681692,737,"all","MLP#737","MLP",737
471,465,111,104,0.8191304347826087,0.8172231985940246,0.8191304347826087,0.8191304347826087,0.8141745894554884,0.8132059079061685,0.6264154817204527,738,"all","DT#738","DT",738
499,526,50,76,0.9131944444444444,0.9089253187613844,0.9131944444444444,0.9131944444444444,0.8930390492359932,0.8905299739357081,0.7810511886034175,738,"all","RF#738","RF",738
485,441,135,90,0.8434782608695652,0.8305084745762712,0.8434782608695652,0.8434782608695652,0.8117154811715481,0.8045178105994787,0.6090618843828545,738,"all","NB#738","NB",738
478,497,79,97,0.8628472222222222,0.8581687612208259,0.8628472222222222,0.8628472222222222,0.8495726495726496,0.8470894874022589,0.6941704333753029,738,"all","MLP#738","MLP",738
475,461,115,100,0.8260869565217391,0.82174688057041,0.8260869565217391,0.8260869565217391,0.8154506437768241,0.8132059079061685,0.626419993508601,739,"all","DT#739","DT",739
491,521,55,84,0.9045138888888888,0.8992673992673993,0.9045138888888888,0.9045138888888888,0.882303132938188,0.8792354474370113,0.7584601378985494,739,"all","RF#739","RF",739
484,444,132,91,0.8417391304347827,0.8299065420560747,0.8417391304347827,0.8417391304347827,0.8127623845507976,0.8062554300608167,0.612534550246739,739,"all","NB#739","NB",739
500,488,88,75,0.8695652173913043,0.866785079928952,0.8695652173913043,0.8695652173913043,0.8598452278589853,0.8583840139009556,0.716773372503257,739,"all","MLP#739","MLP",739
486,449,127,89,0.8452173913043478,0.8345724907063197,0.8452173913043478,0.8452173913043478,0.8181818181818182,0.8123370981754996,0.6246954431961936,740,"all","DT#740","DT",740
513,495,81,62,0.8921739130434783,0.8886894075403949,0.8921739130434783,0.8921739130434783,0.8776732249786141,0.8757602085143353,0.7515273565522728,740,"all","RF#740","RF",740
432,488,88,143,0.8472222222222222,0.8307692307692308,0.8472222222222222,0.8472222222222222,0.8086164043082021,0.7993049522154648,0.5985762706746485,740,"all","NB#740","NB",740
502,476,100,73,0.8730434782608696,0.8670309653916212,0.8730434782608696,0.8730434782608696,0.853016142735769,0.8496959165942659,0.699403858840295,740,"all","MLP#740","MLP",740
485,462,114,90,0.8434782608695652,0.8369565217391305,0.8434782608695652,0.8434782608695652,0.8262350936967633,0.8227628149435273,0.6455382051374949,741,"all","DT#741","DT",741
502,524,52,73,0.9097222222222222,0.9061371841155235,0.9097222222222222,0.9097222222222222,0.8934356351236147,0.891398783666377,0.7827905172114453,741,"all","RF#741","RF",741
480,454,122,95,0.8347826086956521,0.8269581056466302,0.8347826086956521,0.8347826086956521,0.8156329651656755,0.8114682884448305,0.6229516610886935,741,"all","NB#741","NB",741
484,498,78,91,0.8645833333333334,0.8612099644128114,0.8645833333333334,0.8645833333333334,0.8549356223175966,0.8531711555169418,0.7063363260450461,741,"all","MLP#741","MLP",741
467,454,122,108,0.8121739130434783,0.8078291814946619,0.8121739130434783,0.8121739130434783,0.8024054982817871,0.8001737619461338,0.6003556688113475,742,"all","DT#742","DT",742
496,513,63,79,0.890625,0.8872987477638641,0.890625,0.890625,0.8784246575342466,0.8766290182450044,0.753251890142274,742,"all","RF#742","RF",742
539,204,372,36,0.9373913043478261,0.85,0.9373913043478261,0.9373913043478261,0.7254374158815613,0.6455256298870548,0.2914101542695735,742,"all","NB#742","NB",742
476,513,63,99,0.890625,0.8831168831168831,0.890625,0.890625,0.8636363636363636,0.8592528236316247,0.7184901353334421,742,"all","MLP#742","MLP",742
466,472,104,109,0.8194444444444444,0.8175438596491228,0.8194444444444444,0.8194444444444444,0.8159031979256698,0.8149435273675065,0.62988398161218,743,"all","DT#743","DT",743
488,527,49,87,0.9149305555555556,0.9087523277467412,0.9149305555555556,0.9149305555555556,0.8857142857142859,0.8818418766290183,0.7636700173017172,743,"all","RF#743","RF",743
488,428,148,87,0.8486956521739131,0.8310679611650486,0.8486956521739131,0.8486956521739131,0.8059454995871181,0.7958297132927888,0.5916967187502358,743,"all","NB#743","NB",743
475,514,62,100,0.8923611111111112,0.8845437616387337,0.8923611111111112,0.8923611111111112,0.8638655462184874,0.8592528236316247,0.7184892853152808,743,"all","MLP#743","MLP",743
471,466,110,104,0.8191304347826087,0.8175438596491228,0.8191304347826087,0.8191304347826087,0.814878892733564,0.8140747176368376,0.6281525227730427,744,"all","DT#744","DT",744
495,504,72,80,0.875,0.873015873015873,0.875,0.875,0.8689655172413793,0.8679409209383145,0.735878452638317,744,"all","RF#744","RF",744
538,158,418,37,0.9356521739130435,0.8102564102564103,0.9356521739130435,0.9356521739130435,0.7028086218158067,0.6046915725456126,0.20983703515942678,744,"all","NB#744","NB",744
464,506,70,111,0.8784722222222222,0.8689138576779026,0.8784722222222222,0.8784722222222222,0.8482816429170159,0.8427454387489139,0.685471171977734,744,"all","MLP#744","MLP",744
480,446,130,95,0.8347826086956521,0.8243992606284658,0.8347826086956521,0.8347826086956521,0.810126582278481,0.8045178105994787,0.6090559828511476,745,"all","DT#745","DT",745
503,508,68,72,0.8819444444444444,0.8809106830122592,0.8819444444444444,0.8819444444444444,0.8788927335640138,0.8783666377063423,0.7567316227754998,745,"all","RF#745","RF",745
419,498,78,156,0.8645833333333334,0.8430583501006036,0.8645833333333334,0.8645833333333334,0.8097560975609757,0.7966985230234579,0.5933488544846768,745,"all","NB#745","NB",745
482,506,70,93,0.8784722222222222,0.8731884057971014,0.8784722222222222,0.8784722222222222,0.8612765957446809,0.8583840139009556,0.7167579792172735,745,"all","MLP#745","MLP",745
481,462,114,94,0.8365217391304348,0.8309352517985612,0.8365217391304348,0.8365217391304348,0.8222222222222223,0.8192875760208514,0.6385857914918027,746,"all","DT#746","DT",746
520,515,61,55,0.9043478260869565,0.9035087719298246,0.9043478260869565,0.9043478260869565,0.8996539792387545,0.8992180712423979,0.7984378160825838,746,"all","RF#746","RF",746
233,559,17,342,0.9704861111111112,0.932,0.9704861111111112,0.9704861111111112,0.7569397427217331,0.6880973066898349,0.3758879281048219,746,"all","NB#746","NB",746
505,486,90,70,0.8782608695652174,0.8741007194244604,0.8782608695652174,0.8782608695652174,0.8632478632478634,0.8609904430929627,0.7219890703783098,746,"all","MLP#746","MLP",746
472,437,139,103,0.8208695652173913,0.8092592592592592,0.8208695652173913,0.8208695652173913,0.7959527824620574,0.789748045178106,0.5795186251954907,747,"all","DT#747","DT",747
498,507,69,77,0.8802083333333334,0.8783068783068783,0.8802083333333334,0.8802083333333334,0.8741379310344828,0.8731537793223284,0.7463043031920675,747,"all","RF#747","RF",747
519,348,228,56,0.9026086956521739,0.8613861386138614,0.9026086956521739,0.9026086956521739,0.7851739788199698,0.7532580364900087,0.5066438062580368,747,"all","NB#747","NB",747
484,495,81,91,0.859375,0.856637168141593,0.859375,0.859375,0.8519793459552496,0.8505647263249348,0.7011247150470268,747,"all","MLP#747","MLP",747
473,456,120,102,0.8226086956521739,0.8172043010752689,0.8226086956521739,0.8226086956521739,0.809931506849315,0.8071242397914856,0.6142586705071418,748,"all","DT#748","DT",748
501,518,58,74,0.8993055555555556,0.8962432915921288,0.8993055555555556,0.8993055555555556,0.886986301369863,0.8853171155516942,0.7706285175970435,748,"all","RF#748","RF",748
334,541,35,241,0.9392361111111112,0.9051490514905149,0.9392361111111112,0.9392361111111112,0.796759941089838,0.7602085143353605,0.5202674744863287,748,"all","NB#748","NB",748
490,502,74,85,0.8715277777777778,0.8687943262411347,0.8715277777777778,0.8715277777777778,0.8632846087704215,0.8618592528236316,0.7237137090138877,748,"all","MLP#748","MLP",748
485,463,113,90,0.8434782608695652,0.8372513562386981,0.8434782608695652,0.8434782608695652,0.8269394714407503,0.8236316246741964,0.6472752304796181,749,"all","DT#749","DT",749
508,505,71,67,0.8834782608695653,0.8828671328671329,0.8834782608695653,0.8834782608695653,0.8804159445407279,0.8801042571676803,0.7602097813419001,749,"all","RF#749","RF",749
489,436,140,86,0.8504347826086956,0.8352490421455939,0.8504347826086956,0.8504347826086956,0.8122923588039868,0.8036490008688097,0.6073297164784273,749,"all","NB#749","NB",749
484,508,68,91,0.8819444444444444,0.8768115942028986,0.8819444444444444,0.8819444444444444,0.8646808510638299,0.8618592528236316,0.7237087036536595,749,"all","MLP#749","MLP",749
465,462,114,110,0.808695652173913,0.8076923076923077,0.808695652173913,0.808695652173913,0.8058925476603119,0.8053866203301477,0.6107752972506205,750,"all","DT#750","DT",750
507,511,65,68,0.8871527777777778,0.8863636363636364,0.8871527777777778,0.8871527777777778,0.8848484848484849,0.8844483058210252,0.7688953905286408,750,"all","RF#750","RF",750
422,485,91,153,0.8420138888888888,0.8226120857699805,0.8420138888888888,0.8420138888888888,0.7990115321252059,0.788010425716768,0.5759808436176092,750,"all","NB#750","NB",750
480,517,59,95,0.8975694444444444,0.8905380333951762,0.8975694444444444,0.8975694444444444,0.8703703703703703,0.8662033014769766,0.7323918570453708,750,"all","MLP#750","MLP",750
469,453,123,106,0.8156521739130435,0.8103756708407871,0.8156521739130435,0.8156521739130435,0.803770351328192,0.8010425716768028,0.6020950549276363,751,"all","DT#751","DT",751
488,522,54,87,0.90625,0.9003690036900369,0.90625,0.90625,0.8810126582278479,0.8774978279756733,0.7549832645648108,751,"all","RF#751","RF",751
492,421,155,83,0.8556521739130435,0.8353174603174603,0.8556521739130435,0.8556521739130435,0.8052373158756138,0.7932232841007819,0.5864912026470552,751,"all","NB#751","NB",751
460,504,72,115,0.875,0.8646616541353384,0.875,0.875,0.8435146443514644,0.8375325803649001,0.6750438207794286,751,"all","MLP#751","MLP",751
457,477,99,118,0.828125,0.8219424460431655,0.828125,0.828125,0.8146883005977797,0.8114682884448305,0.6229254764251994,752,"all","DT#752","DT",752
508,516,60,67,0.8958333333333334,0.8943661971830986,0.8958333333333334,0.8958333333333334,0.8904227782571182,0.889661164205039,0.7793198297687324,752,"all","RF#752","RF",752
550,199,377,25,0.9565217391304348,0.8883928571428571,0.9565217391304348,0.9565217391304348,0.7323568575233023,0.6507384882710686,0.30184744821592385,752,"all","NB#752","NB",752
479,516,60,96,0.8958333333333334,0.8886827458256029,0.8958333333333334,0.8958333333333334,0.8686868686868686,0.8644656820156386,0.7289164266173886,752,"all","MLP#752","MLP",752
461,462,114,114,0.8020833333333334,0.8020833333333334,0.8020833333333334,0.8020833333333334,0.8020833333333334,0.8019113814074718,0.6038224637681159,753,"all","DT#753","DT",753
502,518,58,73,0.8993055555555556,0.8964285714285715,0.8993055555555556,0.8993055555555556,0.8877463581833761,0.8861859252823632,0.7723665240003925,753,"all","RF#753","RF",753
450,494,82,125,0.8576388888888888,0.8458646616541353,0.8576388888888888,0.8576388888888888,0.8267782426778242,0.8201563857515204,0.6402891492050359,753,"all","NB#753","NB",753
480,493,83,95,0.8559027777777778,0.8525754884547069,0.8559027777777778,0.8559027777777778,0.8470790378006873,0.845351867940921,0.6906978991165299,753,"all","MLP#753","MLP",753
482,471,105,93,0.8382608695652174,0.8351063829787234,0.8382608695652174,0.8382608695652174,0.8296041308089501,0.8279756733275413,0.6559573196137751,754,"all","DT#754","DT",754
497,530,46,78,0.9201388888888888,0.9152854511970534,0.9201388888888888,0.9201388888888888,0.8952702702702703,0.8922675933970461,0.7845246147156868,754,"all","RF#754","RF",754
491,418,158,84,0.8539130434782609,0.8326693227091634,0.8539130434782609,0.8539130434782609,0.8022875816993464,0.789748045178106,0.5795427443190224,754,"all","NB#754","NB",754
477,513,63,98,0.890625,0.8833333333333333,0.890625,0.890625,0.8643639427127211,0.8601216333622936,0.7202282729310877,754,"all","MLP#754","MLP",754
464,468,108,111,0.8125,0.8111888111888111,0.8125,0.8125,0.8103896103896104,0.8097306689834927,0.6194593272614461,755,"all","DT#755","DT",755
490,511,65,85,0.8871527777777778,0.8828828828828829,0.8871527777777778,0.8871527777777778,0.8720136518771331,0.8696785403996524,0.7393490141610555,755,"all","RF#755","RF",755
508,364,212,67,0.8834782608695653,0.8445475638051044,0.8834782608695653,0.8834782608695653,0.7845559845559845,0.7576020851433536,0.5153099034782542,755,"all","NB#755","NB",755
469,509,67,106,0.8836805555555556,0.875,0.8836805555555556,0.8836805555555556,0.8547439126784215,0.8496959165942659,0.6993739063743186,755,"all","MLP#755","MLP",755
470,464,112,105,0.8173913043478261,0.8154657293497364,0.8173913043478261,0.8173913043478261,0.8124459809853068,0.8114682884448305,0.6229402768992476,756,"all","DT#756","DT",756
501,530,46,74,0.9201388888888888,0.9159049360146252,0.9201388888888888,0.9201388888888888,0.8983050847457628,0.895742832319722,0.7914766928553743,756,"all","RF#756","RF",756
510,352,224,65,0.8869565217391304,0.8441247002398081,0.8869565217391304,0.8869565217391304,0.7792207792207791,0.7489139878366637,0.4979481072629003,756,"all","NB#756","NB",756
480,509,67,95,0.8836805555555556,0.8775137111517367,0.8836805555555556,0.8836805555555556,0.8627118644067797,0.8592528236316247,0.7184935353547554,756,"all","MLP#756","MLP",756
458,462,114,117,0.8020833333333334,0.8006993006993007,0.8020833333333334,0.8020833333333334,0.8,0.7993049522154648,0.5986077835497444,757,"all","DT#757","DT",757
483,529,47,92,0.9184027777777778,0.9113207547169812,0.9184027777777778,0.9184027777777778,0.883876357560568,0.8792354474370113,0.7584543032059847,757,"all","RF#757","RF",757
310,543,33,265,0.9427083333333334,0.9037900874635568,0.9427083333333334,0.9427083333333334,0.7846820809248557,0.741094700260643,0.48200758719841497,757,"all","NB#757","NB",757
489,509,67,86,0.8836805555555556,0.8794964028776978,0.8836805555555556,0.8836805555555556,0.86934244235696,0.8670721112076455,0.7341363958205323,757,"all","MLP#757","MLP",757
471,466,110,104,0.8191304347826087,0.8175438596491228,0.8191304347826087,0.8191304347826087,0.814878892733564,0.8140747176368376,0.6281525227730427,758,"all","DT#758","DT",758
494,530,46,81,0.9201388888888888,0.9148148148148149,0.9201388888888888,0.9201388888888888,0.8930075821398484,0.889661164205039,0.7793105010077523,758,"all","RF#758","RF",758
431,491,85,144,0.8524305555555556,0.8352713178294574,0.8524305555555556,0.8524305555555556,0.8109000825763831,0.8010425716768028,0.6020493975157812,758,"all","NB#758","NB",758
494,512,64,81,0.8888888888888888,0.8853046594982079,0.8888888888888888,0.8888888888888888,0.8759623609923012,0.8740225890529973,0.7480385215200268,758,"all","MLP#758","MLP",758
447,463,113,128,0.8038194444444444,0.7982142857142858,0.8038194444444444,0.8038194444444444,0.7934875749785776,0.790616854908775,0.5812239105656076,759,"all","DT#759","DT",759
487,517,59,88,0.8975694444444444,0.891941391941392,0.8975694444444444,0.8975694444444444,0.8755292125317526,0.8722849695916595,0.7445585631013436,759,"all","RF#759","RF",759
300,541,35,275,0.9392361111111112,0.8955223880597015,0.9392361111111112,0.9392361111111112,0.7772988505747126,0.7306689834926151,0.4611423220973783,759,"all","NB#759","NB",759
469,527,49,106,0.9149305555555556,0.9054054054054054,0.9149305555555556,0.9149305555555556,0.8717948717948719,0.8653344917463076,0.730645602052109,759,"all","MLP#759","MLP",759
444,463,113,131,0.8038194444444444,0.7971274685816876,0.8038194444444444,0.8038194444444444,0.7914529914529914,0.788010425716768,0.5760090099066701,760,"all","DT#760","DT",760
489,519,57,86,0.9010416666666666,0.8956043956043956,0.9010416666666666,0.9010416666666666,0.8789161727349702,0.8757602085143353,0.7515093504999464,760,"all","RF#760","RF",760
426,490,86,149,0.8506944444444444,0.83203125,0.8506944444444444,0.8506944444444444,0.8065843621399177,0.7958297132927888,0.5916202778947875,760,"all","NB#760","NB",760
476,491,85,99,0.8524305555555556,0.8484848484848485,0.8524305555555556,0.8524305555555556,0.8421955403087479,0.840139009556907,0.680271020220838,760,"all","MLP#760","MLP",760
479,468,108,96,0.8330434782608696,0.8297872340425532,0.8330434782608696,0.8330434782608696,0.8244406196213425,0.8227628149435273,0.6455317838444954,761,"all","DT#761","DT",761
510,523,53,65,0.9079861111111112,0.9058614564831261,0.9079861111111112,0.9079861111111112,0.8986254295532646,0.89748045178106,0.7949570342457895,761,"all","RF#761","RF",761
499,408,168,76,0.8678260869565217,0.8429752066115702,0.8678260869565217,0.8678260869565217,0.8035426731078906,0.788010425716768,0.5760794092607912,761,"all","NB#761","NB",761
477,506,70,98,0.8784722222222222,0.8720292504570384,0.8784722222222222,0.8784722222222222,0.8576271186440678,0.8540399652476107,0.708067369997524,761,"all","MLP#761","MLP",761
476,457,119,99,0.8278260869565217,0.8219424460431655,0.8278260869565217,0.8278260869565217,0.8136752136752138,0.8105994787141616,0.6212101083904471,762,"all","DT#762","DT",762
498,510,66,77,0.8854166666666666,0.8829787234042553,0.8854166666666666,0.8854166666666666,0.8770421324161651,0.8757602085143353,0.7515161030753832,762,"all","RF#762","RF",762
524,279,297,51,0.9113043478260869,0.8454545454545455,0.9113043478260869,0.9113043478260869,0.7507163323782235,0.6976542137271937,0.3955324562436051,762,"all","NB#762","NB",762
480,506,70,95,0.8784722222222222,0.8727272727272727,0.8784722222222222,0.8784722222222222,0.8598130841121495,0.8566463944396178,0.7132817512738253,762,"all","MLP#762","MLP",762
468,474,102,107,0.8229166666666666,0.8210526315789474,0.8229166666666666,0.8229166666666666,0.8193604148660328,0.8184187662901824,0.6368345171687586,763,"all","DT#763","DT",763
500,515,61,75,0.8940972222222222,0.8912655971479501,0.8940972222222222,0.8940972222222222,0.8833619210977701,0.8818418766290183,0.7636785801632281,763,"all","RF#763","RF",763
516,299,277,59,0.8973913043478261,0.835195530726257,0.8973913043478261,0.8973913043478261,0.7543859649122808,0.7080799304952216,0.4163515026757498,763,"all","NB#763","NB",763
475,522,54,100,0.90625,0.8979206049149339,0.90625,0.90625,0.8714524207011686,0.8662033014769766,0.7323878167867938,763,"all","MLP#763","MLP",763
458,467,109,117,0.8107638888888888,0.8077601410934744,0.8107638888888888,0.8107638888888888,0.8051724137931034,0.8036490008688097,0.6072929624753922,764,"all","DT#764","DT",764
493,528,48,82,0.9166666666666666,0.911275415896488,0.9166666666666666,0.9166666666666666,0.8903878583473862,0.8870547350130321,0.7740977042903772,764,"all","RF#764","RF",764
500,393,183,75,0.8695652173913043,0.8397435897435898,0.8695652173913043,0.8695652173913043,0.794912559618442,0.7758470894874022,0.551766922059809,764,"all","NB#764","NB",764
475,509,67,100,0.8836805555555556,0.8763837638376384,0.8836805555555556,0.8836805555555556,0.8590717299578059,0.8549087749782798,0.7098028736334994,764,"all","MLP#764","MLP",764
480,474,102,95,0.8347826086956521,0.8330404217926186,0.8347826086956521,0.8347826086956521,0.8297320656871218,0.8288444830582102,0.6576923251112985,765,"all","DT#765","DT",765
504,522,54,71,0.90625,0.9032258064516129,0.90625,0.90625,0.8930710008554319,0.891398783666377,0.7827918288965748,765,"all","RF#765","RF",765
491,420,156,84,0.8539130434782609,0.8333333333333334,0.8539130434782609,0.8539130434782609,0.8036006546644845,0.7914856646394439,0.5830163388037531,765,"all","NB#765","NB",765
502,512,64,73,0.8888888888888888,0.8869257950530035,0.8888888888888888,0.8888888888888888,0.8819982773471146,0.8809730668983493,0.7619427196323623,765,"all","MLP#765","MLP",765
471,475,101,104,0.8246527777777778,0.8234265734265734,0.8246527777777778,0.8246527777777778,0.8225108225108225,0.8218940052128584,0.6437861282584312,766,"all","DT#766","DT",766
491,501,75,84,0.8697916666666666,0.8674911660777385,0.8697916666666666,0.8697916666666666,0.8630490956072352,0.8618592528236316,0.7237145432229605,766,"all","RF#766","RF",766
506,388,188,69,0.88,0.849015317286652,0.88,0.88,0.797478329393223,0.7767158992180713,0.5535116728727779,766,"all","NB#766","NB",766
488,491,85,87,0.8524305555555556,0.8516579406631762,0.8524305555555556,0.8524305555555556,0.8509532062391681,0.8505647263249348,0.701128324662816,766,"all","MLP#766","MLP",766
477,465,111,98,0.8295652173913044,0.8259325044404974,0.8295652173913044,0.8295652173913044,0.820292347377472,0.8184187662901824,0.6368443856023357,767,"all","DT#767","DT",767
495,514,62,80,0.8923611111111112,0.8886894075403949,0.8923611111111112,0.8923611111111112,0.8786324786324786,0.8766290182450044,0.7532511451096195,767,"all","RF#767","RF",767
486,401,175,89,0.8452173913043478,0.8183673469387756,0.8452173913043478,0.8452173913043478,0.7864077669902912,0.7706342311033884,0.5413276657921828,767,"all","NB#767","NB",767
492,497,79,83,0.8628472222222222,0.861646234676007,0.8628472222222222,0.8628472222222222,0.8598615916955018,0.8592528236316247,0.7185037349259356,767,"all","MLP#767","MLP",767
463,476,100,112,0.8263888888888888,0.822380106571936,0.8263888888888888,0.8263888888888888,0.81786941580756,0.8158123370981755,0.6316177225432826,768,"all","DT#768","DT",768
501,523,53,74,0.9079861111111112,0.9043321299638989,0.9079861111111112,0.9079861111111112,0.8917306052855926,0.889661164205039,0.7793151654868284,768,"all","RF#768","RF",768
469,471,105,106,0.8177083333333334,0.8170731707317073,0.8177083333333334,0.8177083333333334,0.8169991326973114,0.8166811468288445,0.6333614634080065,768,"all","NB#768","NB",768
483,506,70,92,0.8784722222222222,0.8734177215189873,0.8784722222222222,0.8784722222222222,0.8620102214650767,0.8592528236316247,0.7184960853168433,768,"all","MLP#768","MLP",768
465,488,88,110,0.8472222222222222,0.840867992766727,0.8472222222222222,0.8472222222222222,0.8313458262350937,0.8279756733275413,0.6559396598316974,769,"all","DT#769","DT",769
489,521,55,86,0.9045138888888888,0.8988970588235294,0.9045138888888888,0.9045138888888888,0.8808114961961115,0.8774978279756733,0.7549840043842632,769,"all","RF#769","RF",769
424,494,82,151,0.8576388888888888,0.8379446640316206,0.8576388888888888,0.8576388888888888,0.8091728091728092,0.7975673327541268,0.5950921820056739,769,"all","NB#769","NB",769
477,508,68,98,0.8819444444444444,0.8752293577981651,0.8819444444444444,0.8819444444444444,0.8595600676818952,0.8557775847089487,0.71154188746471,769,"all","MLP#769","MLP",769
467,488,88,108,0.8472222222222222,0.8414414414414414,0.8472222222222222,0.8472222222222222,0.8327645051194539,0.8297132927888793,0.659416045170446,770,"all","DT#770","DT",770
503,520,56,72,0.9027777777777778,0.8998211091234347,0.9027777777777778,0.9027777777777778,0.8904109589041096,0.8887923544743701,0.7775791685789512,770,"all","RF#770","RF",770
489,412,164,86,0.8504347826086956,0.8273092369477911,0.8504347826086956,0.8504347826086956,0.7964169381107492,0.7827975673327541,0.5656459535260038,770,"all","NB#770","NB",770
485,511,65,90,0.8871527777777778,0.8818181818181818,0.8871527777777778,0.8871527777777778,0.8683092608326254,0.8653344917463076,0.7306586148329874,770,"all","MLP#770","MLP",770
472,456,120,103,0.8208695652173913,0.815742397137746,0.8208695652173913,0.8208695652173913,0.8089117395029991,0.8062554300608167,0.612520512003768,771,"all","DT#771","DT",771
488,519,57,87,0.9010416666666666,0.8954128440366973,0.9010416666666666,0.9010416666666666,0.8781725888324873,0.8748913987836664,0.7497712758730015,771,"all","RF#771","RF",771
513,359,217,62,0.8921739130434783,0.8527315914489311,0.8921739130434783,0.8921739130434783,0.7862068965517242,0.7576020851433536,0.515317218947861,771,"all","NB#771","NB",771
478,501,75,97,0.8697916666666666,0.864376130198915,0.8697916666666666,0.8697916666666666,0.8534923339011925,0.8505647263249348,0.7011193004598583,771,"all","MLP#771","MLP",771
466,473,103,109,0.8211805555555556,0.8189806678383128,0.8211805555555556,0.8211805555555556,0.8169257340241796,0.8158123370981755,0.6316210593694991,772,"all","DT#772","DT",772
512,527,49,63,0.9149305555555556,0.9126559714795008,0.9149305555555556,0.9149305555555556,0.9039451114922813,0.9026933101650738,0.8053823601344231,772,"all","RF#772","RF",772
441,479,97,134,0.8315972222222222,0.8197026022304833,0.8315972222222222,0.8315972222222222,0.8057190916736753,0.7993049522154648,0.5985871795375044,772,"all","NB#772","NB",772
497,513,63,78,0.890625,0.8875,0.890625,0.890625,0.8791773778920309,0.8774978279756733,0.7549899227790484,772,"all","MLP#772","MLP",772
477,456,120,98,0.8295652173913044,0.8231046931407943,0.8295652173913044,0.8295652173913044,0.8139931740614336,0.8105994787141616,0.6212112520417499,773,"all","DT#773","DT",773
514,516,60,61,0.8958333333333334,0.8954703832752613,0.8958333333333334,0.8958333333333334,0.8950563746747614,0.894874022589053,0.7897475690633592,773,"all","RF#773","RF",773
487,439,137,88,0.8469565217391304,0.8330170777988615,0.8469565217391304,0.8469565217391304,0.8123436196830692,0.8045178105994787,0.6090642449456486,773,"all","NB#773","NB",773
492,510,66,83,0.8854166666666666,0.8817204301075269,0.8854166666666666,0.8854166666666666,0.872540633019675,0.8705473501303215,0.7410878600447174,773,"all","MLP#773","MLP",773
472,474,102,103,0.8229166666666666,0.8222996515679443,0.8229166666666666,0.8229166666666666,0.8222029488291412,0.8218940052128584,0.6437872037850298,774,"all","DT#774","DT",774
491,526,50,84,0.9131944444444444,0.9075785582255084,0.9131944444444444,0.9131944444444444,0.8870151770657673,0.8835794960903562,0.7671468644223889,774,"all","RF#774","RF",774
495,395,181,80,0.8608695652173913,0.8315789473684211,0.8608695652173913,0.8608695652173913,0.7913669064748202,0.7732406602953953,0.5465501184149155,774,"all","NB#774","NB",774
464,506,70,111,0.8784722222222222,0.8689138576779026,0.8784722222222222,0.8784722222222222,0.8482816429170159,0.8427454387489139,0.685471171977734,774,"all","MLP#774","MLP",774
461,481,95,114,0.8350694444444444,0.829136690647482,0.8350694444444444,0.8350694444444444,0.8215200683176772,0.8184187662901824,0.636826841349616,775,"all","DT#775","DT",775
497,531,45,78,0.921875,0.9169741697416974,0.921875,0.921875,0.8962025316455697,0.893136403127715,0.7862619967480264,775,"all","RF#775","RF",775
207,555,21,368,0.9635416666666666,0.9078947368421053,0.9635416666666666,0.9635416666666666,0.7404936624416277,0.6620330147697654,0.3237112436617611,775,"all","NB#775","NB",775
473,521,55,102,0.9045138888888888,0.8958333333333334,0.9045138888888888,0.9045138888888888,0.8690575479566305,0.8635968722849696,0.7271741805351528,775,"all","MLP#775","MLP",775
453,477,99,122,0.828125,0.8206521739130435,0.828125,0.828125,0.8119148936170213,0.8079930495221547,0.6159724748896777,776,"all","DT#776","DT",776
485,532,44,90,0.9236111111111112,0.9168241965973535,0.9236111111111112,0.9236111111111112,0.8881469115191987,0.8835794960903562,0.7671426457755219,776,"all","RF#776","RF",776
477,435,141,98,0.8295652173913044,0.8161350844277674,0.8295652173913044,0.8295652173913044,0.7996647108130762,0.792354474370113,0.5847355923453037,776,"all","NB#776","NB",776
498,513,63,77,0.890625,0.8877005347593583,0.890625,0.890625,0.8799313893653515,0.8783666377063423,0.7567279501680289,776,"all","MLP#776","MLP",776
487,441,135,88,0.8469565217391304,0.833648393194707,0.8469565217391304,0.8469565217391304,0.8137009189640768,0.8062554300608167,0.6125380596485456,777,"all","DT#777","DT",777
509,508,68,66,0.8852173913043478,0.8850174216027874,0.8852173913043478,0.8852173913043478,0.8836805555555556,0.8835794960903562,0.7671595194458954,777,"all","RF#777","RF",777
506,384,192,69,0.88,0.847682119205298,0.88,0.88,0.7949725058915946,0.7732406602953953,0.5465651758504987,777,"all","NB#777","NB",777
491,480,96,84,0.8539130434782609,0.851063829787234,0.8539130434782609,0.8539130434782609,0.8450946643717728,0.843614248479583,0.6872339269216138,777,"all","MLP#777","MLP",777
465,444,132,110,0.808695652173913,0.8014440433212996,0.808695652173913,0.808695652173913,0.7935153583617748,0.789748045178106,0.5795097385050618,778,"all","DT#778","DT",778
494,521,55,81,0.9045138888888888,0.8998178506375227,0.9045138888888888,0.9045138888888888,0.8845500848896434,0.8818418766290183,0.7636742988100379,778,"all","RF#778","RF",778
486,445,131,89,0.8452173913043478,0.8333333333333334,0.8452173913043478,0.8452173913043478,0.8154362416107382,0.8088618592528236,0.6177476669655607,778,"all","NB#778","NB",778
480,508,68,95,0.8819444444444444,0.8759124087591241,0.8819444444444444,0.8819444444444444,0.8617472434266328,0.8583840139009556,0.7167562687488771,778,"all","MLP#778","MLP",778
472,484,92,103,0.8402777777777778,0.8368794326241135,0.8402777777777778,0.8402777777777778,0.8323301805674977,0.8305821025195482,0.6611583223755226,779,"all","DT#779","DT",779
497,519,57,78,0.9010416666666666,0.8971119133574007,0.9010416666666666,0.9010416666666666,0.8849104859335039,0.8827106863596872,0.7654137585883609,779,"all","RF#779","RF",779
452,472,104,123,0.8194444444444444,0.8129496402877698,0.8194444444444444,0.8194444444444444,0.8061485909479076,0.8027801911381407,0.6055487702696786,779,"all","NB#779","NB",779
472,518,58,103,0.8993055555555556,0.8905660377358491,0.8993055555555556,0.8993055555555556,0.865497076023392,0.8601216333622936,0.7202240490371478,779,"all","MLP#779","MLP",779
484,456,120,91,0.8417391304347827,0.8336380255941499,0.8417391304347827,0.8417391304347827,0.8210347752332485,0.8166811468288445,0.6333780676872541,780,"all","DT#780","DT",780
500,519,57,75,0.9010416666666666,0.8976660682226212,0.9010416666666666,0.9010416666666666,0.8871794871794872,0.8853171155516942,0.7706278250314774,780,"all","RF#780","RF",780
497,418,158,78,0.8643478260869565,0.842741935483871,0.8643478260869565,0.8643478260869565,0.808130081300813,0.7949609035621199,0.589971017992996,780,"all","NB#780","NB",780
490,504,72,85,0.875,0.8718861209964412,0.875,0.875,0.8652360515021459,0.8635968722849696,0.7271881845507234,780,"all","MLP#780","MLP",780
451,471,105,124,0.8177083333333334,0.8111510791366906,0.8177083333333334,0.8177083333333334,0.8044406490179333,0.8010425716768028,0.6020734290385746,781,"all","DT#781","DT",781
497,514,62,78,0.8923611111111112,0.889087656529517,0.8923611111111112,0.8923611111111112,0.8801369863013698,0.8783666377063423,0.7567272156332278,781,"all","RF#781","RF",781
477,448,128,98,0.8295652173913044,0.8205128205128205,0.8295652173913044,0.8295652173913044,0.8084745762711865,0.8036490008688097,0.6073154899385597,781,"all","NB#781","NB",781
469,507,69,106,0.8802083333333334,0.8717472118959108,0.8802083333333334,0.8802083333333334,0.8528174936921783,0.8479582971329279,0.6958993784375034,781,"all","MLP#781","MLP",781
484,447,129,91,0.8417391304347827,0.8308550185873605,0.8417391304347827,0.8417391304347827,0.8148148148148148,0.8088618592528236,0.6177453588109378,782,"all","DT#782","DT",782
509,517,59,66,0.8975694444444444,0.8961267605633803,0.8975694444444444,0.8975694444444444,0.8921484037963763,0.891398783666377,0.7827951080400909,782,"all","RF#782","RF",782
334,544,32,241,0.9444444444444444,0.912568306010929,0.9444444444444444,0.9444444444444444,0.7994121969140336,0.7628149435273676,0.5254798086956786,782,"all","NB#782","NB",782
480,501,75,95,0.8697916666666666,0.8648648648648649,0.8697916666666666,0.8697916666666666,0.8549488054607508,0.8523023457862728,0.7045955493825297,782,"all","MLP#782","MLP",782
476,452,124,99,0.8278260869565217,0.8203266787658802,0.8278260869565217,0.8278260869565217,0.8102127659574468,0.8062554300608167,0.6125251915311167,783,"all","DT#783","DT",783
501,514,62,74,0.8923611111111112,0.8898756660746003,0.8923611111111112,0.8923611111111112,0.8831615120274914,0.8818418766290183,0.7636792937070116,783,"all","RF#783","RF",783
514,339,237,61,0.8939130434782608,0.8475,0.8939130434782608,0.8939130434782608,0.77526395173454,0.741094700260643,0.4823265557460578,783,"all","NB#783","NB",783
485,509,67,90,0.8836805555555556,0.8786231884057971,0.8836805555555556,0.8836805555555556,0.8663829787234043,0.8635968722849696,0.7271840658718525,783,"all","MLP#783","MLP",783
450,466,110,125,0.8090277777777778,0.8035714285714286,0.8090277777777778,0.8090277777777778,0.7986289631533846,0.7958297132927888,0.591649871298414,784,"all","DT#784","DT",784
479,512,64,96,0.8888888888888888,0.8821362799263351,0.8888888888888888,0.8888888888888888,0.8648648648648649,0.8609904430929627,0.7219672447944345,784,"all","RF#784","RF",784
403,488,88,172,0.8472222222222222,0.8207739307535642,0.8472222222222222,0.8472222222222222,0.7896440129449839,0.7741094700260643,0.5481613006480291,784,"all","NB#784","NB",784
504,495,81,71,0.8765217391304347,0.8745583038869258,0.8765217391304347,0.8765217391304347,0.8689655172413793,0.8679409209383145,0.7358856297459279,784,"all","MLP#784","MLP",784
460,474,102,115,0.8229166666666666,0.8185053380782918,0.8229166666666666,0.8229166666666666,0.8137339055793991,0.8114682884448305,0.6229288920223374,785,"all","DT#785","DT",785
508,518,58,67,0.8993055555555556,0.8975265017667845,0.8993055555555556,0.8993055555555556,0.892334194659776,0.891398783666377,0.7827944522193084,785,"all","RF#785","RF",785
520,354,222,55,0.9043478260869565,0.8655256723716381,0.9043478260869565,0.9043478260869565,0.7896735003796508,0.7593397046046916,0.5188003628312307,785,"all","NB#785","NB",785
496,491,85,79,0.8626086956521739,0.8614035087719298,0.8626086956521739,0.8626086956521739,0.8581314878892734,0.8575152041702867,0.715032774461584,785,"all","MLP#785","MLP",785
458,469,107,117,0.8142361111111112,0.8106194690265487,0.8142361111111112,0.8142361111111112,0.8072289156626506,0.8053866203301477,0.6107670707589186,786,"all","DT#786","DT",786
503,513,63,72,0.890625,0.8886925795053003,0.890625,0.890625,0.883720930232558,0.8827106863596872,0.7654180083968531,786,"all","RF#786","RF",786
473,444,132,102,0.8226086956521739,0.8131868131868132,0.8226086956521739,0.8226086956521739,0.8016949152542373,0.7966985230234579,0.5934151532992166,786,"all","NB#786","NB",786
494,492,84,81,0.8591304347826086,0.8586387434554974,0.8591304347826086,0.8591304347826086,0.8568950563746748,0.8566463944396178,0.7132938709516716,786,"all","MLP#786","MLP",786
478,470,106,97,0.831304347826087,0.8289241622574955,0.831304347826087,0.831304347826087,0.8248490077653149,0.8236316246741964,0.6472677756491835,787,"all","DT#787","DT",787
502,522,54,73,0.90625,0.9028776978417267,0.90625,0.90625,0.8915456874466268,0.889661164205039,0.7793158318248862,787,"all","RF#787","RF",787
474,473,103,101,0.8243478260869566,0.8240418118466899,0.8243478260869566,0.8243478260869566,0.8229166666666666,0.8227628149435273,0.6455264325892734,787,"all","NB#787","NB",787
491,496,80,84,0.8611111111111112,0.8598949211908932,0.8611111111111112,0.8611111111111112,0.8581314878892734,0.8575152041702867,0.715028472394157,787,"all","MLP#787","MLP",787
464,460,116,111,0.8069565217391305,0.8056042031523643,0.8069565217391305,0.8069565217391305,0.8034632034632037,0.8027801911381407,0.6055630618730232,788,"all","DT#788","DT",788
495,518,58,80,0.8993055555555556,0.895117540687161,0.8993055555555556,0.8993055555555556,0.8824531516183988,0.8801042571676803,0.7602003689736072,788,"all","RF#788","RF",788
517,337,239,58,0.8991304347826087,0.8531645569620253,0.8991304347826087,0.8991304347826087,0.7768595041322314,0.7419635099913119,0.4840676083376976,788,"all","NB#788","NB",788
476,490,86,99,0.8506944444444444,0.8469750889679716,0.8506944444444444,0.8506944444444444,0.8412017167381974,0.8392701998262381,0.6785338480374766,788,"all","MLP#788","MLP",788
472,468,108,103,0.8208695652173913,0.819614711033275,0.8208695652173913,0.8208695652173913,0.8173160173160172,0.8166811468288445,0.6333647843841759,789,"all","DT#789","DT",789
509,506,70,66,0.8852173913043478,0.8846153846153846,0.8852173913043478,0.8852173913043478,0.8821490467937608,0.8818418766290183,0.7636850019021624,789,"all","RF#789","RF",789
477,422,154,98,0.8295652173913044,0.8115384615384615,0.8295652173913044,0.8295652173913044,0.791044776119403,0.7810599478714162,0.5621565809653775,789,"all","NB#789","NB",789
474,498,78,101,0.8645833333333334,0.8586956521739131,0.8645833333333334,0.8645833333333334,0.8476595744680852,0.8444830582102519,0.6889550814717298,789,"all","MLP#789","MLP",789
462,467,109,113,0.8107638888888888,0.809106830122592,0.8107638888888888,0.8107638888888888,0.8079584775086504,0.8071242397914856,0.6142458589725782,790,"all","DT#790","DT",790
480,527,49,95,0.9149305555555556,0.9073724007561437,0.9149305555555556,0.9149305555555556,0.8797996661101838,0.8748913987836664,0.7497652312811579,790,"all","RF#790","RF",790
469,444,132,106,0.8156521739130435,0.8072727272727273,0.8156521739130435,0.8156521739130435,0.7976190476190477,0.7932232841007819,0.5864624878854392,790,"all","NB#790","NB",790
468,504,72,107,0.875,0.8666666666666667,0.875,0.875,0.8491996630160067,0.8444830582102519,0.6889494463022653,790,"all","MLP#790","MLP",790
464,459,117,111,0.8069565217391305,0.8052631578947368,0.8069565217391305,0.8069565217391305,0.8027681660899654,0.8019113814074718,0.6038260523002509,791,"all","DT#791","DT",791
487,520,56,88,0.9027777777777778,0.8968692449355433,0.9027777777777778,0.9027777777777778,0.8783783783783783,0.8748913987836664,0.749770520314991,791,"all","RF#791","RF",791
512,279,297,63,0.8904347826086957,0.8157894736842105,0.8904347826086957,0.8904347826086957,0.7398843930635838,0.687228496959166,0.37467742373618024,791,"all","NB#791","NB",791
479,505,71,96,0.8767361111111112,0.8709090909090909,0.8767361111111112,0.8767361111111112,0.8581138487680543,0.8549087749782798,0.7098063785619929,791,"all","MLP#791","MLP",791
466,476,100,109,0.8263888888888888,0.823321554770318,0.8263888888888888,0.8263888888888888,0.8199827734711456,0.8184187662901824,0.6368323241106837,792,"all","DT#792","DT",792
500,529,47,75,0.9184027777777778,0.9140767824497258,0.9184027777777778,0.9184027777777778,0.8966101694915254,0.894005212858384,0.7880013044029638,792,"all","RF#792","RF",792
479,446,130,96,0.8330434782608696,0.8228782287822878,0.8330434782608696,0.8330434782608696,0.8091216216216216,0.8036490008688097,0.6073178611001246,792,"all","NB#792","NB",792
483,511,65,92,0.8871527777777778,0.8813868613138686,0.8871527777777778,0.8871527777777778,0.8668363019508057,0.8635968722849696,0.7271824183654829,792,"all","MLP#792","MLP",792
458,473,103,117,0.8211805555555556,0.8163992869875223,0.8211805555555556,0.8211805555555556,0.8113207547169812,0.8088618592528236,0.6177153502640454,793,"all","DT#793","DT",793
490,524,52,85,0.9097222222222222,0.9040590405904059,0.9097222222222222,0.9097222222222222,0.8843881856540083,0.8809730668983493,0.7619340939388588,793,"all","RF#793","RF",793
551,153,423,24,0.9582608695652174,0.864406779661017,0.9582608695652174,0.9582608695652174,0.7114267269205938,0.6116420503909644,0.22375109196000606,793,"all","NB#793","NB",793
477,508,68,98,0.8819444444444444,0.8752293577981651,0.8819444444444444,0.8819444444444444,0.8595600676818952,0.8557775847089487,0.71154188746471,793,"all","MLP#793","MLP",793
457,455,121,118,0.7947826086956522,0.794066317626527,0.7947826086956522,0.7947826086956522,0.792714657415438,0.792354474370113,0.5847105161057545,794,"all","DT#794","DT",794
489,519,57,86,0.9010416666666666,0.8956043956043956,0.9010416666666666,0.9010416666666666,0.8789161727349702,0.8757602085143353,0.7515093504999464,794,"all","RF#794","RF",794
501,386,190,74,0.871304347826087,0.8391304347826087,0.871304347826087,0.871304347826087,0.7914691943127963,0.7706342311033884,0.5413484353585423,794,"all","NB#794","NB",794
463,509,67,112,0.8836805555555556,0.8735849056603774,0.8836805555555556,0.8836805555555556,0.8504594820384295,0.8444830582102519,0.6889447501717357,794,"all","MLP#794","MLP",794
464,439,137,111,0.8069565217391305,0.7981818181818182,0.8069565217391305,0.8069565217391305,0.7891156462585034,0.7845351867940921,0.56908696216634,795,"all","DT#795","DT",795
497,515,61,78,0.8940972222222222,0.8906810035842294,0.8940972222222222,0.8940972222222222,0.8810949529512403,0.8792354474370113,0.7584645137329914,795,"all","RF#795","RF",795
474,434,142,101,0.8243478260869566,0.811214953271028,0.8243478260869566,0.8243478260869566,0.795969773299748,0.788879235447437,0.5777842856948769,795,"all","NB#795","NB",795
491,481,95,84,0.8539130434782609,0.8513274336283185,0.8539130434782609,0.8539130434782609,0.8458225667527993,0.8444830582102519,0.6889710466764591,795,"all","MLP#795","MLP",795
469,459,117,106,0.8156521739130435,0.8123893805309734,0.8156521739130435,0.8156521739130435,0.8079242032730404,0.8062554300608167,0.6125170022840803,796,"all","DT#796","DT",796
493,505,71,82,0.8767361111111112,0.874113475177305,0.8767361111111112,0.8767361111111112,0.8684436801375752,0.8670721112076455,0.7341396067869485,796,"all","RF#796","RF",796
250,554,22,325,0.9618055555555556,0.9191176470588235,0.9618055555555556,0.9618055555555556,0.7615120274914089,0.6985230234578628,0.3967696576181436,796,"all","NB#796","NB",796
483,481,95,92,0.84,0.8394415357766143,0.84,0.84,0.8378143972246314,0.8375325803649001,0.675066387078561,796,"all","MLP#796","MLP",796
488,452,124,87,0.8486956521739131,0.8385899814471243,0.8486956521739131,0.8486956521739131,0.8222409435551812,0.8166811468288445,0.6333824952410569,797,"all","DT#797","DT",797
504,512,64,71,0.8888888888888888,0.8873239436619719,0.8888888888888888,0.8888888888888888,0.8835202761000862,0.8827106863596872,0.7654187166832982,797,"all","RF#797","RF",797
501,418,158,74,0.871304347826087,0.8495934959349594,0.871304347826087,0.871304347826087,0.8119935170178282,0.7984361424847958,0.5969230955011743,797,"all","NB#797","NB",797
502,496,80,73,0.8730434782608696,0.8717047451669596,0.8730434782608696,0.8730434782608696,0.867761452031115,0.8670721112076455,0.7341468311778104,797,"all","MLP#797","MLP",797
487,474,102,88,0.8469565217391304,0.8434163701067615,0.8469565217391304,0.8469565217391304,0.8367697594501717,0.8349261511728931,0.6698590307572002,798,"all","DT#798","DT",798
501,524,52,74,0.9097222222222222,0.9059674502712477,0.9097222222222222,0.9097222222222222,0.8926746166950595,0.8905299739357081,0.7810525108019892,798,"all","RF#798","RF",798
522,369,207,53,0.9078260869565218,0.8744075829383886,0.9078260869565218,0.9078260869565218,0.8006134969325155,0.7741094700260643,0.5483236083398486,798,"all","NB#798","NB",798
492,516,60,83,0.8958333333333334,0.8913043478260869,0.8958333333333334,0.8958333333333334,0.8782978723404256,0.8757602085143353,0.7515116013992031,798,"all","MLP#798","MLP",798
468,465,111,107,0.8139130434782609,0.8129370629370629,0.8139130434782609,0.8139130434782609,0.8110918544194107,0.8105994787141616,0.6212009589314074,799,"all","DT#799","DT",799
489,520,56,86,0.9027777777777778,0.8972477064220183,0.9027777777777778,0.9027777777777778,0.8798646362098138,0.8766290182450044,0.7532466748192099,799,"all","RF#799","RF",799
486,436,140,89,0.8452173913043478,0.8304761904761905,0.8452173913043478,0.8452173913043478,0.8093255620316403,0.8010425716768028,0.602115477220202,799,"all","NB#799","NB",799
476,504,72,99,0.875,0.8686131386861314,0.875,0.875,0.8549618320610687,0.8514335360556038,0.7028547359267361,799,"all","MLP#799","MLP",799
478,460,116,97,0.831304347826087,0.8258527827648114,0.831304347826087,0.831304347826087,0.8177929854576561,0.8149435273675065,0.6298973912282105,800,"all","DT#800","DT",800
511,517,59,64,0.8975694444444444,0.8964912280701754,0.8975694444444444,0.8975694444444444,0.8936905790838374,0.893136403127715,0.7862710316352025,800,"all","RF#800","RF",800
510,374,202,65,0.8869565217391304,0.8519362186788155,0.8869565217391304,0.8869565217391304,0.7925407925407926,0.7680278019113814,0.536151188537395,800,"all","NB#800","NB",800
480,511,65,95,0.8871527777777778,0.8807339449541285,0.8871527777777778,0.8871527777777778,0.8646362098138748,0.8609904430929627,0.721968084303335,800,"all","MLP#800","MLP",800
478,460,116,97,0.831304347826087,0.8258527827648114,0.831304347826087,0.831304347826087,0.8177929854576561,0.8149435273675065,0.6298973912282105,801,"all","DT#801","DT",801
491,512,64,84,0.8888888888888888,0.8846846846846846,0.8888888888888888,0.8888888888888888,0.8737201365187712,0.8714161598609904,0.7428243606389081,801,"all","RF#801","RF",801
475,446,130,100,0.8260869565217391,0.8168498168498168,0.8260869565217391,0.8260869565217391,0.8050847457627119,0.8001737619461338,0.600365321618888,801,"all","NB#801","NB",801
473,505,71,102,0.8767361111111112,0.8694852941176471,0.8767361111111112,0.8767361111111112,0.8537616229923922,0.8496959165942659,0.699377537294167,801,"all","MLP#801","MLP",801
483,469,107,92,0.84,0.8360071301247772,0.84,0.84,0.8291845493562231,0.8271068635968722,0.6542212963172632,802,"all","DT#802","DT",802
496,506,70,79,0.8784722222222222,0.8763250883392226,0.8784722222222222,0.8784722222222222,0.8716623600344531,0.8705473501303215,0.7410909870454158,802,"all","RF#802","RF",802
466,452,124,109,0.8104347826086956,0.8057040998217468,0.8104347826086956,0.8104347826086956,0.7999999999999999,0.7975673327541268,0.595143527848856,802,"all","NB#802","NB",802
489,501,75,86,0.8697916666666666,0.8670212765957447,0.8697916666666666,0.8697916666666666,0.8615649183147033,0.8601216333622936,0.7202384097562007,802,"all","MLP#802","MLP",802
463,453,123,112,0.8052173913043478,0.8017699115044248,0.8052173913043478,0.8052173913043478,0.7975882859603789,0.7958297132927888,0.591665899267977,803,"all","DT#803","DT",803
492,509,67,83,0.8836805555555556,0.8801431127012522,0.8836805555555556,0.8836805555555556,0.8715753424657535,0.8696785403996524,0.7393505881784583,803,"all","RF#803","RF",803
477,429,147,98,0.8295652173913044,0.8140417457305503,0.8295652173913044,0.8295652173913044,0.7956630525437864,0.787141615986099,0.5743144000519285,803,"all","NB#803","NB",803
481,508,68,94,0.8819444444444444,0.8761384335154827,0.8819444444444444,0.8819444444444444,0.8624787775891342,0.8592528236316247,0.718494385347251,803,"all","MLP#803","MLP",803
478,461,115,97,0.831304347826087,0.8261648745519713,0.831304347826087,0.831304347826087,0.8184931506849314,0.8158123370981755,0.6316344060698832,804,"all","DT#804","DT",804
511,515,61,64,0.8940972222222222,0.8933566433566433,0.8940972222222222,0.8940972222222222,0.8917748917748918,0.891398783666377,0.7827964196697751,804,"all","RF#804","RF",804
505,377,199,70,0.8782608695652174,0.843400447427293,0.8782608695652174,0.8782608695652174,0.7896794370602033,0.7662901824500434,0.5326710227024025,804,"all","NB#804","NB",804
499,511,65,76,0.8871527777777778,0.8847517730496454,0.8871527777777778,0.8871527777777778,0.8787618228718831,0.8774978279756733,0.7549914023330702,804,"all","MLP#804","MLP",804
461,474,102,114,0.8229166666666666,0.8188277087033747,0.8229166666666666,0.8229166666666666,0.8144329896907215,0.8123370981754996,0.6246671135346655,805,"all","DT#805","DT",805
487,521,55,88,0.9045138888888888,0.8985239852398524,0.9045138888888888,0.9045138888888888,0.8793248945147679,0.8757602085143353,0.7515078498777867,805,"all","RF#805","RF",805
504,385,191,71,0.8765217391304347,0.8442982456140351,0.8765217391304347,0.8765217391304347,0.7937007874015748,0.7723718505647263,0.5448258165791222,805,"all","NB#805","NB",805
472,518,58,103,0.8993055555555556,0.8905660377358491,0.8993055555555556,0.8993055555555556,0.865497076023392,0.8601216333622936,0.7202240490371478,805,"all","MLP#805","MLP",805
474,467,109,101,0.8243478260869566,0.8221830985915493,0.8243478260869566,0.8243478260869566,0.8186528497409327,0.8175499565595135,0.6351040446371421,806,"all","DT#806","DT",806
486,515,61,89,0.8940972222222222,0.8884826325411335,0.8940972222222222,0.8940972222222222,0.8728813559322034,0.8696785403996524,0.7393458660692178,806,"all","RF#806","RF",806
471,446,130,104,0.8191304347826087,0.8109090909090909,0.8191304347826087,0.8191304347826087,0.8010204081632653,0.7966985230234579,0.593412698173079,806,"all","NB#806","NB",806
471,514,62,104,0.8923611111111112,0.8836772983114447,0.8923611111111112,0.8923611111111112,0.8609715242881072,0.8557775847089487,0.7115366614429055,806,"all","MLP#806","MLP",806
479,448,128,96,0.8330434782608696,0.8235294117647058,0.8330434782608696,0.8330434782608696,0.8104906937394247,0.8053866203301477,0.6107917491908603,807,"all","DT#807","DT",807
504,501,75,71,0.8765217391304347,0.8758741258741258,0.8765217391304347,0.8765217391304347,0.8734835355285961,0.8731537793223284,0.7463088991008509,807,"all","RF#807","RF",807
494,417,159,81,0.8591304347826086,0.8373493975903614,0.8591304347826086,0.8591304347826086,0.8045602605863192,0.7914856646394439,0.5830201153849636,807,"all","NB#807","NB",807
489,514,62,86,0.8923611111111112,0.8874773139745916,0.8923611111111112,0.8923611111111112,0.8741496598639457,0.8714161598609904,0.7428228075896469,807,"all","MLP#807","MLP",807
485,453,123,90,0.8434782608695652,0.8342541436464088,0.8434782608695652,0.8434782608695652,0.8199492814877432,0.8149435273675065,0.629905213055509,808,"all","DT#808","DT",808
498,515,61,77,0.8940972222222222,0.8908765652951699,0.8940972222222222,0.8940972222222222,0.8818493150684931,0.8801042571676803,0.7602025411241817,808,"all","RF#808","RF",808
517,334,242,58,0.8991304347826087,0.8520408163265306,0.8991304347826087,0.8991304347826087,0.775112443778111,0.739357080799305,0.47885852963548775,808,"all","NB#808","NB",808
484,497,79,91,0.8628472222222222,0.8596802841918295,0.8628472222222222,0.8628472222222222,0.8539518900343642,0.8523023457862728,0.7045991171337646,808,"all","MLP#808","MLP",808
458,446,130,117,0.7965217391304348,0.7921847246891652,0.7965217391304348,0.7965217391304348,0.7876182287188306,0.7854039965247611,0.5708160920754878,809,"all","DT#809","DT",809
498,516,60,77,0.8958333333333334,0.8924731182795699,0.8958333333333334,0.8958333333333334,0.8828058169375536,0.8809730668983493,0.7619398444706462,809,"all","RF#809","RF",809
541,209,367,34,0.9408695652173913,0.8600823045267489,0.9408695652173913,0.9408695652173913,0.7296021577882671,0.6516072980017377,0.303564180446726,809,"all","NB#809","NB",809
486,502,74,89,0.8715277777777778,0.8678571428571429,0.8715277777777778,0.8715277777777778,0.8603256212510711,0.8583840139009556,0.7167614000920913,809,"all","MLP#809","MLP",809
466,460,116,109,0.8104347826086956,0.8084358523725835,0.8104347826086956,0.8104347826086956,0.8055315471045807,0.8045178105994787,0.6090394576144272,810,"all","DT#810","DT",810
499,524,52,76,0.9097222222222222,0.9056261343012704,0.9097222222222222,0.9097222222222222,0.891156462585034,0.8887923544743701,0.7775764822396947,810,"all","RF#810","RF",810
484,455,121,91,0.8417391304347827,0.8333333333333334,0.8417391304347827,0.8417391304347827,0.8203389830508474,0.8158123370981755,0.6316410790574098,810,"all","NB#810","NB",810
467,517,59,108,0.8975694444444444,0.8878326996197718,0.8975694444444444,0.8975694444444444,0.8609492089925063,0.8549087749782798,0.7097958635225131,810,"all","MLP#810","MLP",810
466,470,106,109,0.8159722222222222,0.8146853146853147,0.8159722222222222,0.8159722222222222,0.8138528138528139,0.8132059079061685,0.6264098418320132,811,"all","DT#811","DT",811
487,533,43,88,0.9253472222222222,0.9188679245283019,0.9253472222222222,0.9253472222222222,0.8905597326649959,0.8861859252823632,0.7723562138128346,811,"all","RF#811","RF",811
476,427,149,99,0.8278260869565217,0.811787072243346,0.8278260869565217,0.8278260869565217,0.7933333333333333,0.7845351867940921,0.569102573779153,811,"all","NB#811","NB",811
463,503,73,112,0.8732638888888888,0.8638059701492538,0.8732638888888888,0.8732638888888888,0.8446683459277917,0.8392701998262381,0.6785212293598204,811,"all","MLP#811","MLP",811
471,453,123,104,0.8191304347826087,0.8132854578096947,0.8191304347826087,0.8191304347826087,0.8058169375534644,0.8027801911381407,0.605571398163398,812,"all","DT#812","DT",812
487,522,54,88,0.90625,0.9001848428835489,0.90625,0.90625,0.8802698145025296,0.8766290182450044,0.7532451846864121,812,"all","RF#812","RF",812
472,435,141,103,0.8208695652173913,0.8085501858736059,0.8208695652173913,0.8208695652173913,0.7946127946127945,0.788010425716768,0.5760448524994038,812,"all","NB#812","NB",812
470,503,73,105,0.8732638888888888,0.8655616942909761,0.8732638888888888,0.8732638888888888,0.8496621621621622,0.845351867940921,0.6906885598338085,812,"all","MLP#812","MLP",812
470,463,113,105,0.8173913043478261,0.8151408450704225,0.8173913043478261,0.8173913043478261,0.8117443868739206,0.8105994787141616,0.6212032463376046,813,"all","DT#813","DT",813
488,511,65,87,0.8871527777777778,0.8824593128390597,0.8871527777777778,0.8871527777777778,0.8705281090289607,0.8679409209383145,0.7358728701738283,813,"all","RF#813","RF",813
435,472,104,140,0.8194444444444444,0.8070500927643784,0.8194444444444444,0.8194444444444444,0.7946127946127945,0.788010425716768,0.575997487786172,813,"all","NB#813","NB",813
475,508,68,100,0.8819444444444444,0.8747697974217311,0.8819444444444444,0.8819444444444444,0.8581081081081081,0.8540399652476107,0.7080656070341561,813,"all","MLP#813","MLP",813
469,470,106,106,0.8159722222222222,0.8159722222222222,0.8159722222222222,0.8159722222222222,0.8159722222222222,0.8158123370981755,0.6316243961352656,814,"all","DT#814","DT",814
498,519,57,77,0.9010416666666666,0.8972972972972973,0.9010416666666666,0.9010416666666666,0.885665529010239,0.8835794960903562,0.7671517859838763,814,"all","RF#814","RF",814
487,442,134,88,0.8469565217391304,0.8339622641509434,0.8469565217391304,0.8469565217391304,0.8143812709030099,0.8071242397914856,0.6142749748658758,814,"all","NB#814","NB",814
490,493,83,85,0.8559027777777778,0.8551483420593369,0.8559027777777778,0.8559027777777778,0.854419410745234,0.8540399652476107,0.7080788287404248,814,"all","MLP#814","MLP",814
478,463,113,97,0.831304347826087,0.8267857142857142,0.831304347826087,0.831304347826087,0.8198970840480274,0.8175499565595135,0.635108451486679,815,"all","DT#815","DT",815
517,508,68,58,0.8991304347826087,0.8975265017667845,0.8991304347826087,0.8991304347826087,0.8913793103448276,0.8905299739357081,0.7810630878157033,815,"all","RF#815","RF",815
489,427,149,86,0.8504347826086956,0.8323586744639376,0.8504347826086956,0.8504347826086956,0.8062654575432812,0.7958297132927888,0.5916979514327592,815,"all","NB#815","NB",815
492,511,65,83,0.8871527777777778,0.8833034111310593,0.8871527777777778,0.8871527777777778,0.8735042735042735,0.8714161598609904,0.7428251371565048,815,"all","MLP#815","MLP",815
458,464,112,117,0.8055555555555556,0.8035087719298246,0.8055555555555556,0.8055555555555556,0.8020743301642178,0.8010425716768028,0.6020818393858649,816,"all","DT#816","DT",816
498,510,66,77,0.8854166666666666,0.8829787234042553,0.8854166666666666,0.8854166666666666,0.8770421324161651,0.8757602085143353,0.7515161030753832,816,"all","RF#816","RF",816
443,483,93,132,0.8385416666666666,0.8264925373134329,0.8385416666666666,0.8385416666666666,0.8110831234256927,0.8045178105994787,0.6090123059781599,816,"all","NB#816","NB",816
486,510,66,89,0.8854166666666666,0.8804347826086957,0.8854166666666666,0.8854166666666666,0.8680851063829786,0.8653344917463076,0.7306594280900455,816,"all","MLP#816","MLP",816
455,454,122,120,0.7913043478260869,0.7909407665505227,0.7913043478260869,0.7913043478260869,0.7899305555555556,0.789748045178106,0.5794970425813932,817,"all","DT#817","DT",817
484,525,51,91,0.9114583333333334,0.9046728971962616,0.9114583333333334,0.9114583333333334,0.8808724832214766,0.8766290182450044,0.7532429494534696,817,"all","RF#817","RF",817
494,374,202,81,0.8591304347826086,0.8219780219780219,0.8591304347826086,0.8591304347826086,0.7773406766325727,0.7541268462206777,0.50834313176488,817,"all","NB#817","NB",817
443,520,56,132,0.9027777777777778,0.8877755511022044,0.9027777777777778,0.9027777777777778,0.8469055374592834,0.8366637706342311,0.6732898098211751,817,"all","MLP#817","MLP",817
450,470,106,125,0.8159722222222222,0.8093525179856115,0.8159722222222222,0.8159722222222222,0.802732707087959,0.7993049522154648,0.5985980878074704,818,"all","DT#818","DT",818
504,509,67,71,0.8836805555555556,0.882661996497373,0.8836805555555556,0.8836805555555556,0.8806228373702424,0.8801042571676803,0.7602068853072784,818,"all","RF#818","RF",818
498,367,209,77,0.8660869565217392,0.8265765765765766,0.8660869565217392,0.8660869565217392,0.7769110764430577,0.7515204170286707,0.5031394709991366,818,"all","NB#818","NB",818
492,490,86,83,0.8556521739130435,0.8551483420593369,0.8556521739130435,0.8556521739130435,0.8534258456201215,0.8531711555169418,0.7063434193383786,818,"all","MLP#818","MLP",818
451,483,93,124,0.8385416666666666,0.8290441176470589,0.8385416666666666,0.8385416666666666,0.8165680473372781,0.8114682884448305,0.6229186450452844,819,"all","DT#819","DT",819
490,520,56,85,0.9027777777777778,0.8974358974358975,0.9027777777777778,0.9027777777777778,0.8806096528365791,0.8774978279756733,0.7549847441992479,819,"all","RF#819","RF",819
487,425,151,88,0.8469565217391304,0.8284600389863548,0.8469565217391304,0.8469565217391304,0.8029678483099754,0.792354474370113,0.5847481293294872,819,"all","NB#819","NB",819
481,496,80,94,0.8611111111111112,0.857397504456328,0.8611111111111112,0.8611111111111112,0.850771869639794,0.8488271068635969,0.6976475952088359,819,"all","MLP#819","MLP",819
453,472,104,122,0.8194444444444444,0.8132854578096947,0.8194444444444444,0.8194444444444444,0.8068376068376067,0.8036490008688097,0.6072870337660142,820,"all","DT#820","DT",820
482,525,51,93,0.9114583333333334,0.9043151969981238,0.9114583333333334,0.9114583333333334,0.8793969849246231,0.8748913987836664,0.7497667424564964,820,"all","RF#820","RF",820
471,418,158,104,0.8191304347826087,0.8007662835249042,0.8191304347826087,0.8191304347826087,0.7823920265780733,0.7723718505647263,0.5447804677758759,820,"all","NB#820","NB",820
478,505,71,97,0.8767361111111112,0.8706739526411658,0.8767361111111112,0.8767361111111112,0.8573853989813244,0.8540399652476107,0.7080682514712231,820,"all","MLP#820","MLP",820
475,474,102,100,0.8260869565217391,0.8257839721254355,0.8260869565217391,0.8260869565217391,0.8246527777777778,0.8245004344048653,0.6490016636423198,821,"all","DT#821","DT",821
502,521,55,73,0.9045138888888888,0.9012567324955116,0.9045138888888888,0.9045138888888888,0.8905982905982905,0.8887923544743701,0.7775784970002204,821,"all","RF#821","RF",821
498,433,143,77,0.8660869565217392,0.8490196078431372,0.8660869565217392,0.8660869565217392,0.819078947368421,0.8088618592528236,0.6177615153079553,821,"all","NB#821","NB",821
469,526,50,106,0.9131944444444444,0.9036608863198459,0.9131944444444444,0.9131944444444444,0.8708609271523179,0.8644656820156386,0.7289082410348701,821,"all","MLP#821","MLP",821
471,462,114,104,0.8191304347826087,0.8162544169611308,0.8191304347826087,0.8191304347826087,0.8120689655172414,0.8105994787141616,0.6212043900303438,822,"all","DT#822","DT",822
502,526,50,73,0.9131944444444444,0.9094202898550725,0.9131944444444444,0.9131944444444444,0.8953191489361703,0.893136403127715,0.7862652235811327,822,"all","RF#822","RF",822
413,507,69,162,0.8802083333333334,0.8568464730290456,0.8802083333333334,0.8802083333333334,0.8144578313253013,0.7993049522154648,0.5985532389058248,822,"all","NB#822","NB",822
470,526,50,105,0.9131944444444444,0.9038461538461539,0.9131944444444444,0.9131944444444444,0.8715824357912177,0.8653344917463076,0.7306464153877512,822,"all","MLP#822","MLP",822
475,474,102,100,0.8260869565217391,0.8257839721254355,0.8260869565217391,0.8260869565217391,0.8246527777777778,0.8245004344048653,0.6490016636423198,823,"all","DT#823","DT",823
512,515,61,63,0.8940972222222222,0.893542757417103,0.8940972222222222,0.8940972222222222,0.8925476603119583,0.8922675933970461,0.7845343735941233,823,"all","RF#823","RF",823
317,552,24,258,0.9583333333333334,0.9296187683284457,0.9583333333333334,0.9583333333333334,0.7965367965367965,0.7549956559513467,0.5098177798316434,823,"all","NB#823","NB",823
484,518,58,91,0.8993055555555556,0.8929889298892989,0.8993055555555556,0.8993055555555556,0.8742616033755275,0.8705473501303215,0.741081605816715,823,"all","MLP#823","MLP",823
485,479,97,90,0.8434782608695652,0.8418277680140598,0.8434782608695652,0.8434782608695652,0.8383751080380293,0.8375325803649001,0.675068349217324,824,"all","DT#824","DT",824
513,531,45,62,0.921875,0.9193548387096774,0.921875,0.921875,0.9084687767322497,0.9070373588184187,0.814069805535468,824,"all","RF#824","RF",824
530,318,258,45,0.9217391304347826,0.8760330578512396,0.9217391304347826,0.9217391304347826,0.7776962582538518,0.736750651607298,0.47367015135531604,824,"all","NB#824","NB",824
481,516,60,94,0.8958333333333334,0.88909426987061,0.8958333333333334,0.8958333333333334,0.8701517706576728,0.8662033014769766,0.7323926650824469,824,"all","MLP#824","MLP",824
467,466,110,108,0.8121739130434783,0.8118466898954704,0.8121739130434783,0.8121739130434783,0.810763888888889,0.8105994787141616,0.6211998152179492,825,"all","DT#825","DT",825
490,520,56,85,0.9027777777777778,0.8974358974358975,0.9027777777777778,0.9027777777777778,0.8806096528365791,0.8774978279756733,0.7549847441992479,825,"all","RF#825","RF",825
240,556,20,335,0.9652777777777778,0.9230769230769231,0.9652777777777778,0.9652777777777778,0.7580095432856169,0.6915725456125109,0.3828511444905112,825,"all","NB#825","NB",825
492,513,63,83,0.890625,0.8864864864864865,0.890625,0.890625,0.8754266211604096,0.8731537793223284,0.7462997071167607,825,"all","MLP#825","MLP",825
455,456,120,120,0.7916666666666666,0.7916666666666666,0.7916666666666666,0.7916666666666666,0.7916666666666666,0.7914856646394439,0.5829710144927535,826,"all","DT#826","DT",826
490,516,60,85,0.8958333333333334,0.8909090909090909,0.8958333333333334,0.8958333333333334,0.8768054375531011,0.8740225890529973,0.7480354783921493,826,"all","RF#826","RF",826
416,493,83,159,0.8559027777777778,0.8336673346693386,0.8559027777777778,0.8559027777777778,0.8029315960912053,0.789748045178106,0.5794475211527893,826,"all","NB#826","NB",826
469,506,70,106,0.8784722222222222,0.8701298701298701,0.8784722222222222,0.8784722222222222,0.8518518518518519,0.8470894874022589,0.6941621223375666,826,"all","MLP#826","MLP",826
479,458,118,96,0.8330434782608696,0.8267148014440433,0.8330434782608696,0.8330434782608696,0.8174061433447098,0.8140747176368376,0.6281615042978647,827,"all","DT#827","DT",827
514,513,63,61,0.8939130434782608,0.8937282229965157,0.8939130434782608,0.8939130434782608,0.892361111111111,0.8922675933970461,0.7845356747111272,827,"all","RF#827","RF",827
501,418,158,74,0.871304347826087,0.8495934959349594,0.871304347826087,0.871304347826087,0.8119935170178282,0.7984361424847958,0.5969230955011743,827,"all","NB#827","NB",827
498,493,83,77,0.8660869565217392,0.8649122807017544,0.8660869565217392,0.8660869565217392,0.8615916955017301,0.8609904430929627,0.7219831945966674,827,"all","MLP#827","MLP",827
480,472,104,95,0.8347826086956521,0.8324514991181657,0.8347826086956521,0.8347826086956521,0.828300258843831,0.8271068635968722,0.6542181643063423,828,"all","DT#828","DT",828
502,520,56,73,0.9027777777777778,0.899641577060932,0.9027777777777778,0.9027777777777778,0.8896492728828059,0.8879235447437012,0.7758411674212654,828,"all","RF#828","RF",828
551,192,384,24,0.9582608695652174,0.8888888888888888,0.9582608695652174,0.9582608695652174,0.7298013245033114,0.6455256298870548,0.2914358138692739,828,"all","NB#828","NB",828
489,499,77,86,0.8663194444444444,0.8639575971731449,0.8663194444444444,0.8663194444444444,0.8596037898363481,0.8583840139009556,0.7167639656939783,828,"all","MLP#828","MLP",828
472,462,114,103,0.8208695652173913,0.8176991150442477,0.8208695652173913,0.8208695652173913,0.8130921619293713,0.8114682884448305,0.6229425537921319,829,"all","DT#829","DT",829
502,514,62,73,0.8923611111111112,0.8900709219858156,0.8923611111111112,0.8923611111111112,0.8839208942390371,0.8827106863596872,0.765417300106131,829,"all","RF#829","RF",829
422,518,58,153,0.8993055555555556,0.8791666666666667,0.8993055555555556,0.8993055555555556,0.830793905372895,0.8166811468288445,0.6333094269256612,829,"all","NB#829","NB",829
490,499,77,85,0.8663194444444444,0.8641975308641975,0.8663194444444444,0.8663194444444444,0.8603448275862069,0.8592528236316247,0.7185020350487324,829,"all","MLP#829","MLP",829
469,444,132,106,0.8156521739130435,0.8072727272727273,0.8156521739130435,0.8156521739130435,0.7976190476190477,0.7932232841007819,0.5864624878854392,830,"all","DT#830","DT",830
499,502,74,76,0.8715277777777778,0.8708551483420593,0.8715277777777778,0.8715277777777778,0.8700173310225303,0.8696785403996524,0.739356097089665,830,"all","RF#830","RF",830
506,375,201,69,0.88,0.8445945945945946,0.88,0.88,0.7893915756630265,0.7654213727193745,0.5309358642299543,830,"all","NB#830","NB",830
484,497,79,91,0.8628472222222222,0.8596802841918295,0.8628472222222222,0.8628472222222222,0.8539518900343642,0.8523023457862728,0.7045991171337646,830,"all","MLP#830","MLP",830
452,483,93,123,0.8385416666666666,0.8293577981651377,0.8385416666666666,0.8385416666666666,0.817258883248731,0.8123370981754996,0.6246569138095023,831,"all","DT#831","DT",831
505,528,48,70,0.9166666666666666,0.9132007233273056,0.9166666666666666,0.9166666666666666,0.8994889267461669,0.89748045178106,0.7949539386875772,831,"all","RF#831","RF",831
526,317,259,49,0.9147826086956522,0.8661202185792349,0.9147826086956522,0.9147826086956522,0.7735294117647059,0.7324066029539531,0.46498241801361284,831,"all","NB#831","NB",831
491,523,53,84,0.9079861111111112,0.9025735294117647,0.9079861111111112,0.9079861111111112,0.8841927303465764,0.8809730668983493,0.7619348127705253,831,"all","MLP#831","MLP",831
475,469,107,100,0.8260869565217391,0.8242530755711776,0.8260869565217391,0.8260869565217391,0.8210890233362145,0.8201563857515204,0.640316301005273,832,"all","DT#832","DT",832
501,523,53,74,0.9079861111111112,0.9043321299638989,0.9079861111111112,0.9079861111111112,0.8917306052855926,0.889661164205039,0.7793151654868284,832,"all","RF#832","RF",832
505,361,215,70,0.8782608695652174,0.8375870069605569,0.8782608695652174,0.8782608695652174,0.7799227799227799,0.7523892267593397,0.5048864605423028,832,"all","NB#832","NB",832
492,491,85,83,0.8556521739130435,0.8554006968641115,0.8556521739130435,0.8556521739130435,0.8541666666666666,0.8540399652476107,0.7080805915441075,832,"all","MLP#832","MLP",832
467,457,119,108,0.8121739130434783,0.8088495575221238,0.8121739130434783,0.8121739130434783,0.8044788975021533,0.8027801911381407,0.6055666346120459,833,"all","DT#833","DT",833
502,513,63,73,0.890625,0.8884955752212389,0.890625,0.890625,0.882960413080895,0.8818418766290183,0.7636800072464862,833,"all","RF#833","RF",833
212,564,12,363,0.9791666666666666,0.9464285714285714,0.9791666666666666,0.9791666666666666,0.7504990019960079,0.6741963509991312,0.34804674578467754,833,"all","NB#833","NB",833
457,494,82,118,0.8576388888888888,0.8478664192949907,0.8576388888888888,0.8576388888888888,0.8316498316498316,0.8262380538662033,0.6524569572017803,833,"all","MLP#833","MLP",833
449,453,123,126,0.7864583333333334,0.784965034965035,0.7864583333333334,0.7864583333333334,0.7844155844155843,0.7836663770634231,0.5673304679821921,834,"all","DT#834","DT",834
495,520,56,80,0.9027777777777778,0.8983666061705989,0.9027777777777778,0.9027777777777778,0.8843537414965987,0.8818418766290183,0.7636750123796756,834,"all","RF#834","RF",834
497,421,155,78,0.8643478260869565,0.843687374749499,0.8643478260869565,0.8643478260869565,0.8101059494702527,0.7975673327541268,0.5951814176190267,834,"all","NB#834","NB",834
476,516,60,99,0.8958333333333334,0.8880597014925373,0.8958333333333334,0.8958333333333334,0.8664987405541561,0.8618592528236316,0.7237020295578996,834,"all","MLP#834","MLP",834
460,467,109,115,0.8107638888888888,0.8084358523725835,0.8107638888888888,0.8107638888888888,0.8065630397236615,0.8053866203301477,0.610769421220603,835,"all","DT#835","DT",835
499,517,59,76,0.8975694444444444,0.8942652329749103,0.8975694444444444,0.8975694444444444,0.8845166809238665,0.8827106863596872,0.7654151752083008,835,"all","RF#835","RF",835
298,557,19,277,0.9670138888888888,0.9400630914826499,0.9670138888888888,0.9670138888888888,0.7900709219858156,0.7428323197219809,0.4854638431031411,835,"all","NB#835","NB",835
476,513,63,99,0.890625,0.8831168831168831,0.890625,0.890625,0.8636363636363636,0.8592528236316247,0.7184901353334421,835,"all","MLP#835","MLP",835
479,475,101,96,0.8330434782608696,0.8318739054290718,0.8330434782608696,0.8330434782608696,0.8294372294372295,0.8288444830582102,0.6576912915814342,836,"all","DT#836","DT",836
497,540,36,78,0.9375,0.9324577861163227,0.9375,0.9375,0.9045226130653266,0.9009556907037359,0.801898671111393,836,"all","RF#836","RF",836
460,485,91,115,0.8420138888888888,0.8348457350272233,0.8420138888888888,0.8420138888888888,0.8248299319727891,0.8210251954821894,0.6420371511045088,836,"all","NB#836","NB",836
486,511,65,89,0.8871527777777778,0.8820326678765881,0.8871527777777778,0.8871527777777778,0.8690476190476191,0.8662033014769766,0.7323967051946327,836,"all","MLP#836","MLP",836
465,469,107,110,0.8142361111111112,0.8129370629370629,0.8142361111111112,0.8142361111111112,0.8121212121212121,0.8114682884448305,0.6229345845467296,837,"all","DT#837","DT",837
496,517,59,79,0.8975694444444444,0.8936936936936937,0.8975694444444444,0.8975694444444444,0.8822525597269625,0.8801042571676803,0.7602010930281711,837,"all","RF#837","RF",837
365,528,48,210,0.9166666666666666,0.8837772397094431,0.9166666666666666,0.9166666666666666,0.8036529680365297,0.7758470894874022,0.5515841736656608,837,"all","NB#837","NB",837
500,497,79,75,0.8695652173913043,0.8688811188811189,0.8695652173913043,0.8695652173913043,0.8665511265164645,0.8662033014769766,0.7324080168598016,837,"all","MLP#837","MLP",837
466,478,98,109,0.8298611111111112,0.8262411347517731,0.8298611111111112,0.8298611111111112,0.8220120378331901,0.8201563857515204,0.6403065268294008,838,"all","DT#838","DT",838
504,517,59,71,0.8975694444444444,0.8952042628774423,0.8975694444444444,0.8975694444444444,0.8883161512027491,0.8870547350130321,0.7741052072199375,838,"all","RF#838","RF",838
491,420,156,84,0.8539130434782609,0.8333333333333334,0.8539130434782609,0.8539130434782609,0.8036006546644845,0.7914856646394439,0.5830163388037531,838,"all","NB#838","NB",838
477,507,69,98,0.8802083333333334,0.8736263736263736,0.8802083333333334,0.8802083333333334,0.8585944115156647,0.8549087749782798,0.7098046261083291,838,"all","MLP#838","MLP",838
479,448,128,96,0.8330434782608696,0.8235294117647058,0.8330434782608696,0.8330434782608696,0.8104906937394247,0.8053866203301477,0.6107917491908603,839,"all","DT#839","DT",839
496,509,67,79,0.8836805555555556,0.8809946714031972,0.8836805555555556,0.8836805555555556,0.8745704467353952,0.8731537793223284,0.7463027711854683,839,"all","RF#839","RF",839
254,550,26,321,0.9548611111111112,0.9071428571428571,0.9548611111111112,0.9548611111111112,0.7601935038009676,0.6985230234578628,0.39677694625474824,839,"all","NB#839","NB",839
499,506,70,76,0.8784722222222222,0.8769771528998243,0.8784722222222222,0.8784722222222222,0.8739205526770293,0.8731537793223284,0.7463050691884286,839,"all","MLP#839","MLP",839
468,488,88,107,0.8472222222222222,0.841726618705036,0.8472222222222222,0.8472222222222222,0.8334756618274979,0.8305821025195482,0.6611542299673452,840,"all","DT#840","DT",840
489,532,44,86,0.9236111111111112,0.9174484052532833,0.9236111111111112,0.9236111111111112,0.8911222780569514,0.8870547350130321,0.7740949758287814,840,"all","RF#840","RF",840
518,387,189,57,0.9008695652173913,0.8716216216216216,0.9008695652173913,0.9008695652173913,0.8081123244929797,0.7862728062554301,0.5726304540761805,840,"all","NB#840","NB",840
490,513,63,85,0.890625,0.8860759493670886,0.890625,0.890625,0.8739352640545144,0.8714161598609904,0.7428235841166222,840,"all","MLP#840","MLP",840
467,472,104,108,0.8194444444444444,0.8178633975481612,0.8194444444444444,0.8194444444444444,0.8166089965397922,0.8158123370981755,0.6316221716314712,841,"all","DT#841","DT",841
503,509,67,72,0.8836805555555556,0.8824561403508772,0.8836805555555556,0.8836805555555556,0.8798617113223856,0.8792354474370113,0.7584688894088875,841,"all","RF#841","RF",841
442,473,103,133,0.8211805555555556,0.8110091743119267,0.8211805555555556,0.8211805555555556,0.8003384094754652,0.7949609035621199,0.5899029243474191,841,"all","NB#841","NB",841
492,486,90,83,0.8556521739130435,0.8541300527240774,0.8556521739130435,0.8556521739130435,0.8504753673293,0.8496959165942659,0.6993947829657597,841,"all","MLP#841","MLP",841
490,452,124,85,0.8521739130434782,0.8417132216014898,0.8521739130434782,0.8521739130434782,0.8242220353238016,0.8184187662901824,0.6368586390595963,842,"all","DT#842","DT",842
502,523,53,73,0.9079861111111112,0.9045045045045045,0.9079861111111112,0.9079861111111112,0.8924914675767919,0.8905299739357081,0.7810531718952867,842,"all","RF#842","RF",842
509,406,170,66,0.8852173913043478,0.8601694915254238,0.8852173913043478,0.8852173913043478,0.8118022328548643,0.7949609035621199,0.5899858717834157,842,"all","NB#842","NB",842
487,489,87,88,0.8489583333333334,0.8484320557491289,0.8489583333333334,0.8489583333333334,0.8482220294882914,0.8479582971329279,0.6959159056701475,842,"all","MLP#842","MLP",842
469,479,97,106,0.8315972222222222,0.8286219081272085,0.8315972222222222,0.8315972222222222,0.8251507321274764,0.8236316246741964,0.6472581904041571,843,"all","DT#843","DT",843
492,530,46,83,0.9201388888888888,0.9144981412639405,0.9201388888888888,0.9201388888888888,0.8915054667788057,0.8879235447437012,0.7758343989625025,843,"all","RF#843","RF",843
490,427,149,85,0.8521739130434782,0.833984375,0.8521739130434782,0.8521739130434782,0.8072487644151565,0.7966985230234579,0.593436020674331,843,"all","NB#843","NB",843
490,509,67,85,0.8836805555555556,0.8797127468581688,0.8836805555555556,0.8836805555555556,0.8700854700854701,0.8679409209383145,0.7358744651877618,843,"all","MLP#843","MLP",843
463,457,119,112,0.8052173913043478,0.8031634446397188,0.8052173913043478,0.8052173913043478,0.8003457216940362,0.7993049522154648,0.598613843150812,844,"all","DT#844","DT",844
514,514,62,61,0.8939130434782608,0.8939130434782608,0.8939130434782608,0.8939130434782608,0.8931364031277149,0.893136403127715,0.7862729675830804,844,"all","RF#844","RF",844
279,552,24,296,0.9583333333333334,0.9207920792079208,0.9583333333333334,0.9583333333333334,0.7752808988764045,0.7219808861859253,0.44373293381340156,844,"all","NB#844","NB",844
491,498,78,84,0.8645833333333334,0.8629173989455184,0.8645833333333334,0.8645833333333334,0.8601036269430052,0.8592528236316247,0.7185028849899003,844,"all","MLP#844","MLP",844
468,467,109,107,0.8139130434782609,0.813588850174216,0.8139130434782609,0.8139130434782609,0.8125,0.8123370981754996,0.6246750462709956,845,"all","DT#845","DT",845
495,523,53,80,0.9079861111111112,0.9032846715328468,0.9079861111111112,0.9079861111111112,0.8871925360474979,0.8844483058210252,0.7688870168319059,845,"all","RF#845","RF",845
484,445,131,91,0.8417391304347827,0.8302238805970149,0.8417391304347827,0.8417391304347827,0.8134453781512605,0.8071242397914856,0.6142714811907493,845,"all","NB#845","NB",845
488,521,55,87,0.9045138888888888,0.8987108655616943,0.9045138888888888,0.9045138888888888,0.8800675675675677,0.8766290182450044,0.7532459297550607,845,"all","MLP#845","MLP",845
466,459,117,109,0.8104347826086956,0.8080985915492958,0.8104347826086956,0.8104347826086956,0.8048359240069085,0.8036490008688097,0.6073024480380672,846,"all","DT#846","DT",846
501,517,59,74,0.8975694444444444,0.8946428571428572,0.8975694444444444,0.8975694444444444,0.8860325621251072,0.8844483058210252,0.7688912037561236,846,"all","RF#846","RF",846
511,370,206,64,0.888695652173913,0.8525345622119815,0.888695652173913,0.888695652173913,0.7910216718266253,0.7654213727193745,0.5309429439944939,846,"all","NB#846","NB",846
474,509,67,101,0.8836805555555556,0.8761552680221811,0.8836805555555556,0.8836805555555556,0.8583473861720067,0.8540399652476107,0.7080647255444874,846,"all","MLP#846","MLP",846
480,476,100,95,0.8347826086956521,0.8336252189141856,0.8347826086956521,0.8347826086956521,0.8311688311688311,0.8305821025195482,0.6611665068953284,847,"all","DT#847","DT",847
487,526,50,88,0.9131944444444444,0.9068901303538175,0.9131944444444444,0.9131944444444444,0.884033613445378,0.8801042571676803,0.7601945763796836,847,"all","RF#847","RF",847
455,463,113,120,0.8038194444444444,0.801056338028169,0.8038194444444444,0.8038194444444444,0.7989646246764451,0.7975673327541268,0.5951300813867296,847,"all","NB#847","NB",847
461,514,62,114,0.8923611111111112,0.8814531548757171,0.8923611111111112,0.8923611111111112,0.8538205980066446,0.8470894874022589,0.6941547343692439,847,"all","MLP#847","MLP",847
468,451,125,107,0.8139130434782609,0.8082437275985663,0.8139130434782609,0.8139130434782609,0.8013698630136987,0.7984361424847958,0.5968829349444005,848,"all","DT#848","DT",848
489,532,44,86,0.9236111111111112,0.9174484052532833,0.9236111111111112,0.9236111111111112,0.8911222780569514,0.8870547350130321,0.7740949758287814,848,"all","RF#848","RF",848
504,398,178,71,0.8765217391304347,0.8486140724946695,0.8765217391304347,0.8765217391304347,0.801909307875895,0.7836663770634231,0.5674023066926086,848,"all","NB#848","NB",848
462,506,70,113,0.8784722222222222,0.868421052631579,0.8784722222222222,0.8784722222222222,0.8468619246861925,0.8410078192875761,0.6819947550943072,848,"all","MLP#848","MLP",848
478,474,102,97,0.831304347826087,0.830122591943958,0.831304347826087,0.831304347826087,0.8277056277056277,0.8271068635968722,0.6542160762675402,849,"all","DT#849","DT",849
495,528,48,80,0.9166666666666666,0.9116022099447514,0.9166666666666666,0.9166666666666666,0.8918918918918918,0.8887923544743701,0.7775737958355475,849,"all","RF#849","RF",849
500,425,151,75,0.8695652173913043,0.85,0.8695652173913043,0.8695652173913043,0.8156606851549756,0.8036490008688097,0.6073427565677852,849,"all","NB#849","NB",849
471,519,57,104,0.9010416666666666,0.8920454545454546,0.9010416666666666,0.9010416666666666,0.8657214345287739,0.8601216333622936,0.7202232042430546,849,"all","MLP#849","MLP",849
453,461,115,122,0.8003472222222222,0.7975352112676056,0.8003472222222222,0.8003472222222222,0.7955133735979293,0.794092093831451,0.5881795248440126,850,"all","DT#850","DT",850
501,511,65,74,0.8871527777777778,0.8851590106007067,0.8871527777777778,0.8871527777777778,0.8802756244616711,0.8792354474370113,0.7584674308678712,850,"all","RF#850","RF",850
477,433,143,98,0.8295652173913044,0.815442561205273,0.8295652173913044,0.8295652173913044,0.798326359832636,0.790616854908775,0.5812618406056352,850,"all","NB#850","NB",850
487,493,83,88,0.8559027777777778,0.8543859649122807,0.8559027777777778,0.8559027777777778,0.8522039757994815,0.8514335360556038,0.7028646049562571,850,"all","MLP#850","MLP",850
458,477,99,117,0.828125,0.822262118491921,0.828125,0.828125,0.8153846153846153,0.8123370981754996,0.624663713687872,851,"all","DT#851","DT",851
488,533,43,87,0.9253472222222222,0.9190207156308852,0.9253472222222222,0.9253472222222222,0.891304347826087,0.8870547350130321,0.7740942937030841,851,"all","RF#851","RF",851
435,488,88,140,0.8472222222222222,0.8317399617590823,0.8472222222222222,0.8472222222222222,0.8106312292358804,0.8019113814074718,0.6037913604328842,851,"all","NB#851","NB",851
469,515,61,106,0.8940972222222222,0.8849056603773585,0.8940972222222222,0.8940972222222222,0.860484544695071,0.8549087749782798,0.7097976160820104,851,"all","MLP#851","MLP",851
455,475,101,120,0.8246527777777778,0.8183453237410072,0.8246527777777778,0.8246527777777778,0.8112724167378309,0.8079930495221547,0.6159747939629912,852,"all","DT#852","DT",852
496,522,54,79,0.90625,0.9018181818181819,0.90625,0.90625,0.887000849617672,0.8844483058210252,0.768887714663144,852,"all","RF#852","RF",852
521,333,243,54,0.9060869565217391,0.8604651162790697,0.9060869565217391,0.9060869565217391,0.7781926811053025,0.7419635099913119,0.48407383762785067,852,"all","NB#852","NB",852
486,512,64,89,0.8888888888888888,0.8836363636363637,0.8888888888888888,0.8888888888888888,0.8700084961767205,0.8670721112076455,0.7341339875448197,852,"all","MLP#852","MLP",852
462,466,110,113,0.8090277777777778,0.8076923076923077,0.8090277777777778,0.8090277777777778,0.806926406926407,0.8062554300608167,0.6125088126908789,853,"all","DT#853","DT",853
502,512,64,73,0.8888888888888888,0.8869257950530035,0.8888888888888888,0.8888888888888888,0.8819982773471146,0.8809730668983493,0.7619427196323623,853,"all","RF#853","RF",853
507,376,200,68,0.8817391304347826,0.8468468468468469,0.8817391304347826,0.8817391304347826,0.7909516380655226,0.7671589921807124,0.5344104133838063,853,"all","NB#853","NB",853
497,491,85,78,0.8643478260869565,0.8629173989455184,0.8643478260869565,0.8643478260869565,0.8591184096802075,0.8583840139009556,0.716770807071785,853,"all","MLP#853","MLP",853
455,459,117,120,0.796875,0.7954545454545454,0.796875,0.796875,0.7948051948051948,0.794092093831451,0.5881820116938937,854,"all","DT#854","DT",854
484,520,56,91,0.9027777777777778,0.8962962962962963,0.9027777777777778,0.9027777777777778,0.8761583824768323,0.8722849695916595,0.7445562491979498,854,"all","RF#854","RF",854
503,373,203,72,0.8747826086956522,0.8382022471910112,0.8747826086956522,0.8747826086956522,0.7853239656518345,0.7610773240660296,0.5222487702462225,854,"all","NB#854","NB",854
480,505,71,95,0.8767361111111112,0.8711433756805808,0.8767361111111112,0.8767361111111112,0.858843537414966,0.8557775847089487,0.711544500404604,854,"all","MLP#854","MLP",854
467,470,106,108,0.8159722222222222,0.8150087260034904,0.8159722222222222,0.8159722222222222,0.8145580589254767,0.8140747176368376,0.6281480318479223,855,"all","DT#855","DT",855
492,521,55,83,0.9045138888888888,0.8994515539305301,0.9045138888888888,0.9045138888888888,0.8830508474576272,0.8801042571676803,0.7601981967836804,855,"all","RF#855","RF",855
436,476,100,139,0.8263888888888888,0.8134328358208955,0.8263888888888888,0.8263888888888888,0.7993282955499579,0.792354474370113,0.5846841827945788,855,"all","NB#855","NB",855
486,491,85,89,0.8524305555555556,0.851138353765324,0.8524305555555556,0.8524305555555556,0.8494809688581315,0.8488271068635969,0.6976521597352641,855,"all","MLP#855","MLP",855
473,466,110,102,0.8226086956521739,0.8204225352112676,0.8226086956521739,0.8226086956521739,0.8169257340241796,0.8158123370981755,0.6316288450622577,856,"all","DT#856","DT",856
485,510,66,90,0.8854166666666666,0.8802177858439202,0.8854166666666666,0.8854166666666666,0.8673469387755102,0.8644656820156386,0.7289213377296279,856,"all","RF#856","RF",856
527,253,323,48,0.9165217391304348,0.840531561461794,0.9165217391304348,0.9165217391304348,0.7396491228070176,0.6776715899218071,0.35561021616931365,856,"all","NB#856","NB",856
464,512,64,111,0.8888888888888888,0.8787878787878788,0.8888888888888888,0.8888888888888888,0.8540450375312759,0.8479582971329279,0.6958947872207116,856,"all","MLP#856","MLP",856
458,451,125,117,0.7965217391304348,0.7940140845070423,0.7965217391304348,0.7965217391304348,0.7910189982728844,0.789748045178106,0.5795008514389924,857,"all","DT#857","DT",857
500,526,50,75,0.9131944444444444,0.9090909090909091,0.9131944444444444,0.9131944444444444,0.8937977909940527,0.891398783666377,0.7827892055104736,857,"all","RF#857","RF",857
491,418,158,84,0.8539130434782609,0.8326693227091634,0.8539130434782609,0.8539130434782609,0.8022875816993464,0.789748045178106,0.5795427443190224,857,"all","NB#857","NB",857
479,525,51,96,0.9114583333333334,0.9037735849056604,0.9114583333333334,0.9114583333333334,0.8771929824561404,0.8722849695916595,0.744552392599135,857,"all","MLP#857","MLP",857
479,436,140,96,0.8330434782608696,0.8195488721804511,0.8330434782608696,0.8330434782608696,0.8023450586264657,0.7949609035621199,0.5899487352893227,858,"all","DT#858","DT",858
492,505,71,83,0.8767361111111112,0.8738898756660746,0.8767361111111112,0.8767361111111112,0.8676975945017181,0.8662033014769766,0.7324015531682337,858,"all","RF#858","RF",858
497,389,187,78,0.8643478260869565,0.8329764453961456,0.8643478260869565,0.8643478260869565,0.7895154884829231,0.7697654213727194,0.5396062544056006,858,"all","NB#858","NB",858
481,485,91,94,0.8420138888888888,0.8409090909090909,0.8420138888888888,0.8420138888888888,0.8398268398268398,0.8392701998262381,0.6785387011112672,858,"all","MLP#858","MLP",858
459,487,89,116,0.8454861111111112,0.8375912408759124,0.8454861111111112,0.8454861111111112,0.8261238337574215,0.8218940052128584,0.6437732214326369,859,"all","DT#859","DT",859
499,516,60,76,0.8958333333333334,0.8926654740608229,0.8958333333333334,0.8958333333333334,0.8835616438356165,0.8818418766290183,0.7636778666151356,859,"all","RF#859","RF",859
495,440,136,80,0.8608695652173913,0.8461538461538461,0.8608695652173913,0.8608695652173913,0.8208955223880597,0.8123370981754996,0.6247056408274664,859,"all","NB#859","NB",859
496,495,81,79,0.8626086956521739,0.8623693379790941,0.8626086956521739,0.8626086956521739,0.861111111111111,0.8609904430929627,0.7219815157562931,859,"all","MLP#859","MLP",859
466,465,111,109,0.8104347826086956,0.8101045296167247,0.8104347826086956,0.8104347826086956,0.8090277777777778,0.8088618592528236,0.6177245841649028,860,"all","DT#860","DT",860
493,525,51,82,0.9114583333333334,0.90625,0.9114583333333334,0.9114583333333334,0.8875739644970414,0.8844483058210252,0.7688856211567873,860,"all","RF#860","RF",860
470,459,117,105,0.8173913043478261,0.8138297872340425,0.8173913043478261,0.8173913043478261,0.8089500860585197,0.8071242397914856,0.6142551765366568,860,"all","NB#860","NB",860
488,497,79,87,0.8628472222222222,0.8606701940035273,0.8628472222222222,0.8628472222222222,0.856896551724138,0.8557775847089487,0.7115514680128986,860,"all","MLP#860","MLP",860
457,474,102,118,0.8229166666666666,0.817531305903399,0.8229166666666666,0.8229166666666666,0.8116438356164384,0.8088618592528236,0.6177141959950723,861,"all","DT#861","DT",861
482,526,50,93,0.9131944444444444,0.9060150375939849,0.9131944444444444,0.9131944444444444,0.8803347280334727,0.8757602085143353,0.7515040982430924,861,"all","RF#861","RF",861
428,489,87,147,0.8489583333333334,0.8310679611650486,0.8489583333333334,0.8489583333333334,0.806930693069307,0.7966985230234579,0.5933599057885679,861,"all","NB#861","NB",861
470,511,65,105,0.8871527777777778,0.8785046728971962,0.8871527777777778,0.8871527777777778,0.8573825503355706,0.8523023457862728,0.704586629627393,861,"all","MLP#861","MLP",861
477,446,130,98,0.8295652173913044,0.8198529411764706,0.8295652173913044,0.8295652173913044,0.8071065989847717,0.8019113814074718,0.6038416018549828,862,"all","DT#862","DT",862
494,515,61,81,0.8940972222222222,0.8900900900900901,0.8940972222222222,0.8940972222222222,0.8788395904436859,0.8766290182450044,0.753250400072466,862,"all","RF#862","RF",862
506,368,208,69,0.88,0.8421052631578947,0.88,0.88,0.7851047323506594,0.7593397046046916,0.5187800265342871,862,"all","NB#862","NB",862
478,506,70,97,0.8784722222222222,0.8722627737226277,0.8784722222222222,0.8784722222222222,0.8583545377438506,0.8549087749782798,0.7098055023378067,862,"all","MLP#862","MLP",862
472,456,120,103,0.8208695652173913,0.815742397137746,0.8208695652173913,0.8208695652173913,0.8089117395029991,0.8062554300608167,0.612520512003768,863,"all","DT#863","DT",863
513,524,52,62,0.9097222222222222,0.9079646017699115,0.9097222222222222,0.9097222222222222,0.901893287435456,0.9009556907037359,0.8019082413683782,863,"all","RF#863","RF",863
493,437,139,82,0.8573913043478261,0.8420038535645472,0.8573913043478261,0.8573913043478261,0.8169014084507042,0.8079930495221547,0.6160188510348596,863,"all","NB#863","NB",863
478,514,62,97,0.8923611111111112,0.8851851851851852,0.8923611111111112,0.8923611111111112,0.8660488626790228,0.8618592528236316,0.723703698112068,863,"all","MLP#863","MLP",863
482,446,130,93,0.8382608695652174,0.8274582560296846,0.8382608695652174,0.8382608695652174,0.8121314237573715,0.8062554300608167,0.6125322106102165,864,"all","DT#864","DT",864
498,514,62,77,0.8923611111111112,0.8892857142857142,0.8923611111111112,0.8923611111111112,0.8808911739502999,0.8792354474370113,0.7584652430233173,864,"all","RF#864","RF",864
510,361,215,65,0.8869565217391304,0.8474178403755869,0.8869565217391304,0.8869565217391304,0.7846153846153846,0.7567332754126846,0.5135763338615954,864,"all","NB#864","NB",864
493,493,83,82,0.8573913043478261,0.8573913043478261,0.8573913043478261,0.8573913043478261,0.8566463944396178,0.8566463944396178,0.7132930052943762,864,"all","MLP#864","MLP",864
472,463,113,103,0.8208695652173913,0.8180212014134276,0.8208695652173913,0.8208695652173913,0.8137931034482758,0.8123370981754996,0.6246795791126343,865,"all","DT#865","DT",865
492,512,64,83,0.8888888888888888,0.8848920863309353,0.8888888888888888,0.8888888888888888,0.8744662681468831,0.8722849695916595,0.7445624195138448,865,"all","RF#865","RF",865
265,554,22,310,0.9618055555555556,0.9233449477351916,0.9618055555555556,0.9618055555555556,0.7694444444444445,0.7115551694178974,0.4228589725001207,865,"all","NB#865","NB",865
484,504,72,91,0.875,0.8705035971223022,0.875,0.875,0.860802732707088,0.8583840139009556,0.7167596896650115,865,"all","MLP#865","MLP",865
460,455,121,115,0.8,0.7982456140350878,0.8,0.8,0.7958477508650519,0.7949609035621199,0.5899252120300843,866,"all","DT#866","DT",866
491,527,49,84,0.9149305555555556,0.9092592592592592,0.9149305555555556,0.9149305555555556,0.8879528222409436,0.8844483058210252,0.7688842254648116,866,"all","RF#866","RF",866
505,352,224,70,0.8782608695652174,0.8341232227488151,0.8782608695652174,0.8782608695652174,0.7745398773006135,0.7445699391833188,0.4892582340458286,866,"all","NB#866","NB",866
482,511,65,93,0.8871527777777778,0.8811700182815356,0.8871527777777778,0.8871527777777778,0.8661016949152542,0.8627280625543006,0.7254443122595761,866,"all","MLP#866","MLP",866
463,460,116,112,0.8052173913043478,0.8041958041958042,0.8052173913043478,0.8052173913043478,0.802426343154246,0.8019113814074718,0.6038248561300958,867,"all","DT#867","DT",867
497,519,57,78,0.9010416666666666,0.8971119133574007,0.9010416666666666,0.9010416666666666,0.8849104859335039,0.8827106863596872,0.7654137585883609,867,"all","RF#867","RF",867
472,453,123,103,0.8208695652173913,0.814748201438849,0.8208695652173913,0.8208695652173913,0.8068376068376067,0.8036490008688097,0.6073095619093626,867,"all","NB#867","NB",867
487,502,74,88,0.8715277777777778,0.8680926916221033,0.8715277777777778,0.8715277777777778,0.8610634648370498,0.8592528236316247,0.7184994851944335,867,"all","MLP#867","MLP",867
473,465,111,102,0.8226086956521739,0.8201058201058201,0.8226086956521739,0.8226086956521739,0.8162208800690249,0.8149435273675065,0.6298918040062861,868,"all","DT#868","DT",868
493,526,50,82,0.9131944444444444,0.9079189686924494,0.9131944444444444,0.9131944444444444,0.8885135135135135,0.8853171155516942,0.7706229769554086,868,"all","RF#868","RF",868
486,426,150,89,0.8452173913043478,0.8271844660194175,0.8452173913043478,0.8452173913043478,0.8026424442609413,0.792354474370113,0.5847468756651335,868,"all","NB#868","NB",868
491,497,79,84,0.8628472222222222,0.8614035087719298,0.8628472222222222,0.8628472222222222,0.8591184096802074,0.8583840139009556,0.7167656760694147,868,"all","MLP#868","MLP",868
476,475,101,99,0.8278260869565217,0.8275261324041812,0.8278260869565217,0.8278260869565217,0.826388888888889,0.8262380538662033,0.6524768946953662,869,"all","DT#869","DT",869
496,515,61,79,0.8940972222222222,0.8904847396768402,0.8940972222222222,0.8940972222222222,0.8803418803418804,0.8783666377063423,0.756726481093991,869,"all","RF#869","RF",869
519,309,267,56,0.9026086956521739,0.8465753424657534,0.9026086956521739,0.9026086956521739,0.7626745040411461,0.7193744569939183,0.4389272137045717,869,"all","NB#869","NB",869
476,524,52,99,0.9097222222222222,0.9015151515151515,0.9097222222222222,0.9097222222222222,0.8740617180984153,0.8688097306689835,0.7376006449732997,869,"all","MLP#869","MLP",869
481,485,91,94,0.8420138888888888,0.8409090909090909,0.8420138888888888,0.8420138888888888,0.8398268398268398,0.8392701998262381,0.6785387011112672,870,"all","DT#870","DT",870
498,521,55,77,0.9045138888888888,0.9005424954792043,0.9045138888888888,0.9045138888888888,0.887563884156729,0.8853171155516942,0.7706264398877983,870,"all","RF#870","RF",870
486,472,104,89,0.8452173913043478,0.8413547237076648,0.8452173913043478,0.8452173913043478,0.8343347639484979,0.8323197219808862,0.6646467848705117,870,"all","NB#870","NB",870
464,520,56,111,0.9027777777777778,0.8923076923076924,0.9027777777777778,0.9027777777777778,0.8616404308202155,0.8549087749782798,0.709793234643577,870,"all","MLP#870","MLP",870
475,456,120,100,0.8260869565217391,0.8201438848920863,0.8260869565217391,0.8260869565217391,0.8119658119658121,0.8088618592528236,0.6177349717701759,871,"all","DT#871","DT",871
486,514,62,89,0.8923611111111112,0.8868613138686131,0.8923611111111112,0.8923611111111112,0.8719253604749788,0.8688097306689835,0.7376085679820886,871,"all","RF#871","RF",871
493,391,185,82,0.8573913043478261,0.8266384778012685,0.8573913043478261,0.8573913043478261,0.7869114126097366,0.7680278019113814,0.5361273835741122,871,"all","NB#871","NB",871
474,525,51,101,0.9114583333333334,0.9028571428571428,0.9114583333333334,0.9114583333333334,0.8735440931780366,0.8679409209383145,0.7358617045368764,871,"all","MLP#871","MLP",871
471,475,101,104,0.8246527777777778,0.8234265734265734,0.8246527777777778,0.8246527777777778,0.8225108225108225,0.8218940052128584,0.6437861282584312,872,"all","DT#872","DT",872
488,519,57,87,0.9010416666666666,0.8954128440366973,0.9010416666666666,0.9010416666666666,0.8781725888324873,0.8748913987836664,0.7497712758730015,872,"all","RF#872","RF",872
525,335,241,50,0.9130434782608695,0.8701298701298701,0.9130434782608695,0.9130434782608695,0.7829977628635347,0.7471763683753258,0.49449811422129175,872,"all","NB#872","NB",872
461,529,47,114,0.9184027777777778,0.90748031496063,0.9184027777777778,0.9184027777777778,0.8679245283018868,0.8601216333622936,0.7202147560215179,872,"all","MLP#872","MLP",872
467,463,113,108,0.8121739130434783,0.8108581436077058,0.8121739130434783,0.8121739130434783,0.8086580086580087,0.8079930495221547,0.6159887078147055,873,"all","DT#873","DT",873
486,528,48,89,0.9166666666666666,0.9101123595505618,0.9166666666666666,0.9166666666666666,0.8851634534786254,0.8809730668983493,0.7619312185687823,873,"all","RF#873","RF",873
480,433,143,95,0.8347826086956521,0.8200757575757576,0.8347826086956521,0.8347826086956521,0.8013355592654424,0.7932232841007819,0.5864762215298408,873,"all","NB#873","NB",873
474,516,60,101,0.8958333333333334,0.8876404494382022,0.8958333333333334,0.8958333333333334,0.8650461022632021,0.8601216333622936,0.7202257386100286,873,"all","MLP#873","MLP",873
464,456,120,111,0.8069565217391305,0.8042328042328042,0.8069565217391305,0.8069565217391305,0.8006902502157032,0.7993049522154648,0.5986150550490709,874,"all","DT#874","DT",874
501,519,57,74,0.9010416666666666,0.8978494623655914,0.9010416666666666,0.9010416666666666,0.8879384088964927,0.8861859252823632,0.7723658366836106,874,"all","RF#874","RF",874
229,553,23,346,0.9600694444444444,0.9087301587301587,0.9600694444444444,0.9600694444444444,0.7498305084745762,0.6794092093831451,0.35850512855755445,874,"all","NB#874","NB",874
483,492,84,92,0.8541666666666666,0.8518518518518519,0.8541666666666666,0.8541666666666666,0.8482758620689655,0.8470894874022589,0.6941750504233142,874,"all","MLP#874","MLP",874
456,474,102,119,0.8229166666666666,0.8172043010752689,0.8229166666666666,0.8229166666666666,0.8109495295124037,0.8079930495221547,0.6159759534891446,875,"all","DT#875","DT",875
488,516,60,87,0.8958333333333334,0.8905109489051095,0.8958333333333334,0.8958333333333334,0.8753180661577609,0.8722849695916595,0.7445593343931592,875,"all","RF#875","RF",875
487,402,174,88,0.8469565217391304,0.8204081632653061,0.8469565217391304,0.8469565217391304,0.7880258899676374,0.7723718505647263,0.5448024562028482,875,"all","NB#875","NB",875
470,516,60,105,0.8958333333333334,0.8867924528301887,0.8958333333333334,0.8958333333333334,0.862155388471178,0.8566463944396178,0.7132730937337229,875,"all","MLP#875","MLP",875
457,457,119,118,0.7947826086956522,0.7947826086956522,0.7947826086956522,0.7947826086956522,0.794092093831451,0.794092093831451,0.5881844985137403,876,"all","DT#876","DT",876
489,517,59,86,0.8975694444444444,0.8923357664233577,0.8975694444444444,0.8975694444444444,0.8770144189991518,0.8740225890529973,0.7480347175986943,876,"all","RF#876","RF",876
535,240,336,40,0.9304347826086956,0.8571428571428571,0.9304347826086956,0.9304347826086956,0.7399723374827109,0.6733275412684622,0.34694641283484423,876,"all","NB#876","NB",876
474,494,82,101,0.8576388888888888,0.8525179856115108,0.8576388888888888,0.8576388888888888,0.8437233134073441,0.8410078192875761,0.6820062773539701,876,"all","MLP#876","MLP",876
454,461,115,121,0.8003472222222222,0.7978910369068541,0.8003472222222222,0.8003472222222222,0.7962003454231433,0.7949609035621199,0.5899177830717066,877,"all","DT#877","DT",877
504,523,53,71,0.9079861111111112,0.9048473967684022,0.9079861111111112,0.9079861111111112,0.8940170940170941,0.8922675933970461,0.7845291689689636,877,"all","RF#877","RF",877
500,425,151,75,0.8695652173913043,0.85,0.8695652173913043,0.8695652173913043,0.8156606851549756,0.8036490008688097,0.6073427565677852,877,"all","NB#877","NB",877
496,517,59,79,0.8975694444444444,0.8936936936936937,0.8975694444444444,0.8975694444444444,0.8822525597269625,0.8801042571676803,0.7602010930281711,877,"all","MLP#877","MLP",877
465,471,105,110,0.8177083333333334,0.8157894736842105,0.8177083333333334,0.8177083333333334,0.8141745894554884,0.8132059079061685,0.6264087138338905,878,"all","DT#878","DT",878
506,507,69,69,0.8802083333333334,0.8802083333333334,0.8802083333333334,0.8802083333333334,0.8802083333333334,0.8801042571676803,0.7602083333333333,878,"all","RF#878","RF",878
501,439,137,74,0.871304347826087,0.8557504873294347,0.871304347826087,0.871304347826087,0.8260511129431162,0.8166811468288445,0.6333968840523925,878,"all","NB#878","NB",878
498,498,78,77,0.8660869565217392,0.8660869565217392,0.8660869565217392,0.8660869565217392,0.8653344917463076,0.8653344917463076,0.7306691867916868,878,"all","MLP#878","MLP",878
475,453,123,100,0.8260869565217391,0.8191681735985533,0.8260869565217391,0.8260869565217391,0.8098891730605287,0.8062554300608167,0.612524021659876,879,"all","DT#879","DT",879
503,515,61,72,0.8940972222222222,0.8918439716312057,0.8940972222222222,0.8940972222222222,0.8856405846947549,0.8844483058210252,0.7688925993638179,879,"all","RF#879","RF",879
532,259,317,43,0.9252173913043479,0.8576158940397351,0.9252173913043479,0.9252173913043479,0.7471910112359551,0.687228496959166,0.3747151691480276,879,"all","NB#879","NB",879
484,508,68,91,0.8819444444444444,0.8768115942028986,0.8819444444444444,0.8819444444444444,0.8646808510638299,0.8618592528236316,0.7237087036536595,879,"all","MLP#879","MLP",879
481,472,104,94,0.8365217391304348,0.833922261484099,0.8365217391304348,0.8365217391304348,0.8293103448275863,0.8279756733275413,0.6559562808532481,880,"all","DT#880","DT",880
502,519,57,73,0.9010416666666666,0.8980322003577818,0.9010416666666666,0.9010416666666666,0.8886986301369864,0.8870547350130321,0.7741038430879972,880,"all","RF#880","RF",880
405,499,77,170,0.8663194444444444,0.8402489626556017,0.8663194444444444,0.8663194444444444,0.8016064257028113,0.7854039965247611,0.5707474026395616,880,"all","NB#880","NB",880
486,505,71,89,0.8767361111111112,0.8725314183123878,0.8767361111111112,0.8767361111111112,0.8632478632478633,0.8609904430929627,0.7219731212502756,880,"all","MLP#880","MLP",880
477,454,122,98,0.8295652173913044,0.822463768115942,0.8295652173913044,0.8295652173913044,0.8126064735945485,0.8088618592528236,0.6177372800502398,881,"all","DT#881","DT",881
505,516,60,70,0.8958333333333334,0.8938053097345132,0.8958333333333334,0.8958333333333334,0.8881239242685026,0.8870547350130321,0.7741058892797295,881,"all","RF#881","RF",881
425,509,67,150,0.8836805555555556,0.8638211382113821,0.8836805555555556,0.8836805555555556,0.8242914979757086,0.8114682884448305,0.6228890395384686,881,"all","NB#881","NB",881
475,516,60,100,0.8958333333333334,0.8878504672897196,0.8958333333333334,0.8958333333333334,0.865771812080537,0.8609904430929627,0.7219638867081347,881,"all","MLP#881","MLP",881
473,479,97,102,0.8315972222222222,0.8298245614035088,0.8315972222222222,0.8315972222222222,0.8280034572169404,0.8271068635968722,0.6542108560602056,882,"all","DT#882","DT",882
492,525,51,83,0.9114583333333334,0.9060773480662984,0.9114583333333334,0.9114583333333334,0.8868243243243243,0.8835794960903562,0.767147567515339,882,"all","RF#882","RF",882
434,491,85,141,0.8524305555555556,0.8362235067437379,0.8524305555555556,0.8524305555555556,0.8129139072847682,0.8036490008688097,0.6072645030376965,882,"all","NB#882","NB",882
485,509,67,90,0.8836805555555556,0.8786231884057971,0.8836805555555556,0.8836805555555556,0.8663829787234043,0.8635968722849696,0.7271840658718525,882,"all","MLP#882","MLP",882
481,475,101,94,0.8365217391304348,0.8347978910369068,0.8365217391304348,0.8365217391304348,0.8314606741573034,0.8305821025195482,0.6611675299325036,883,"all","DT#883","DT",883
516,516,60,59,0.8973913043478261,0.8973913043478261,0.8973913043478261,0.8973913043478261,0.896611642050391,0.896611642050391,0.7932234401820047,883,"all","RF#883","RF",883
438,484,92,137,0.8402777777777778,0.8264150943396227,0.8402777777777778,0.8402777777777778,0.8086883876357561,0.8010425716768028,0.6020578088789246,883,"all","NB#883","NB",883
490,499,77,85,0.8663194444444444,0.8641975308641975,0.8663194444444444,0.8663194444444444,0.8603448275862069,0.8592528236316247,0.7185020350487324,883,"all","MLP#883","MLP",883
456,471,105,119,0.8177083333333334,0.8128342245989305,0.8177083333333334,0.8177083333333334,0.8078902229845627,0.8053866203301477,0.6107647202688463,884,"all","DT#884","DT",884
499,512,64,76,0.8888888888888888,0.8863232682060391,0.8888888888888888,0.8888888888888888,0.8797250859106528,0.8783666377063423,0.7567286846983942,884,"all","RF#884","RF",884
469,456,120,106,0.8156521739130435,0.8113879003558719,0.8156521739130435,0.8156521739130435,0.8058419243986253,0.8036490008688097,0.6073060050059329,884,"all","NB#884","NB",884
487,504,72,88,0.875,0.8711985688729875,0.875,0.875,0.863013698630137,0.8609904430929627,0.721973960723689,884,"all","MLP#884","MLP",884
462,469,107,113,0.8142361111111112,0.81195079086116,0.8142361111111112,0.8142361111111112,0.8100172711571675,0.8088618592528236,0.6177199672702349,885,"all","DT#885","DT",885
503,519,57,72,0.9010416666666666,0.8982142857142857,0.9010416666666666,0.9010416666666666,0.8894601542416452,0.8879235447437012,0.7758418442446614,885,"all","RF#885","RF",885
494,411,165,81,0.8591304347826086,0.8353658536585366,0.8591304347826086,0.8591304347826086,0.8006482982171799,0.7862728062554301,0.5725994891952108,885,"all","NB#885","NB",885
486,491,85,89,0.8524305555555556,0.851138353765324,0.8524305555555556,0.8524305555555556,0.8494809688581315,0.8488271068635969,0.6976521597352641,885,"all","MLP#885","MLP",885
462,463,113,113,0.8038194444444444,0.8038194444444444,0.8038194444444444,0.8038194444444444,0.8038194444444444,0.8036490008688097,0.6072977053140096,886,"all","DT#886","DT",886
504,510,66,71,0.8854166666666666,0.8842105263157894,0.8854166666666666,0.8854166666666666,0.8815903197925669,0.8809730668983493,0.7619441571871769,886,"all","RF#886","RF",886
441,483,93,134,0.8385416666666666,0.8258426966292135,0.8385416666666666,0.8385416666666666,0.8097233864207878,0.8027801911381407,0.6055356687234565,886,"all","NB#886","NB",886
484,497,79,91,0.8628472222222222,0.8596802841918295,0.8628472222222222,0.8628472222222222,0.8539518900343642,0.8523023457862728,0.7045991171337646,886,"all","MLP#886","MLP",886
472,458,118,103,0.8208695652173913,0.8163992869875223,0.8208695652173913,0.8208695652173913,0.8103004291845494,0.8079930495221547,0.6159945049553528,887,"all","DT#887","DT",887
499,511,65,76,0.8871527777777778,0.8847517730496454,0.8871527777777778,0.8871527777777778,0.8787618228718831,0.8774978279756733,0.7549914023330702,887,"all","RF#887","RF",887
498,405,171,77,0.8660869565217392,0.8402489626556017,0.8660869565217392,0.8660869565217392,0.8006430868167203,0.7845351867940921,0.5691311921315514,887,"all","NB#887","NB",887
499,492,84,76,0.8678260869565217,0.8661971830985915,0.8678260869565217,0.8678260869565217,0.8618307426597583,0.8609904430929627,0.7219840340092512,887,"all","MLP#887","MLP",887
441,474,102,134,0.8229166666666666,0.8121546961325967,0.8229166666666666,0.8229166666666666,0.8006756756756758,0.7949609035621199,0.5899016860717908,888,"all","DT#888","DT",888
497,513,63,78,0.890625,0.8875,0.890625,0.890625,0.8791773778920309,0.8774978279756733,0.7549899227790484,888,"all","RF#888","RF",888
506,367,209,69,0.88,0.841743119266055,0.88,0.88,0.7844961240310079,0.7584708948740226,0.5170434992604221,888,"all","NB#888","NB",888
468,511,65,107,0.8871527777777778,0.8780487804878049,0.8871527777777778,0.8871527777777778,0.8559463986599666,0.8505647263249348,0.7011102757119262,888,"all","MLP#888","MLP",888
463,463,113,112,0.8052173913043478,0.8052173913043478,0.8052173913043478,0.8052173913043478,0.8045178105994788,0.8045178105994787,0.6090359163105128,889,"all","DT#889","DT",889
495,519,57,80,0.9010416666666666,0.8967391304347826,0.9010416666666666,0.9010416666666666,0.8834042553191489,0.8809730668983493,0.7619376880537821,889,"all","RF#889","RF",889
475,452,124,100,0.8260869565217391,0.8188405797101449,0.8260869565217391,0.8260869565217391,0.8091993185689949,0.8053866203301477,0.610787048778426,889,"all","NB#889","NB",889
493,505,71,82,0.8767361111111112,0.874113475177305,0.8767361111111112,0.8767361111111112,0.8684436801375752,0.8670721112076455,0.7341396067869485,889,"all","MLP#889","MLP",889
469,459,117,106,0.8156521739130435,0.8123893805309734,0.8156521739130435,0.8156521739130435,0.8079242032730404,0.8062554300608167,0.6125170022840803,890,"all","DT#890","DT",890
505,527,49,70,0.9149305555555556,0.9115523465703971,0.9149305555555556,0.9149305555555556,0.8985507246376812,0.896611642050391,0.7932165723852961,890,"all","RF#890","RF",890
452,470,106,123,0.8159722222222222,0.8100358422939068,0.8159722222222222,0.8159722222222222,0.8041060735671514,0.8010425716768028,0.6020746305385254,890,"all","NB#890","NB",890
483,517,59,92,0.8975694444444444,0.8911439114391144,0.8975694444444444,0.8975694444444444,0.8725738396624472,0.8688097306689835,0.737606191129691,890,"all","MLP#890","MLP",890
465,458,118,110,0.808695652173913,0.8063380281690141,0.808695652173913,0.808695652173913,0.8031088082901554,0.8019113814074718,0.6038272484631828,891,"all","DT#891","DT",891
507,518,58,68,0.8993055555555556,0.8973451327433628,0.8993055555555556,0.8993055555555556,0.8915662650602411,0.8905299739357081,0.7810564773018916,891,"all","RF#891","RF",891
495,431,145,80,0.8608695652173913,0.8434442270058709,0.8608695652173913,0.8608695652173913,0.8148148148148149,0.8045178105994787,0.6090736869117613,891,"all","NB#891","NB",891
473,510,66,102,0.8854166666666666,0.8775510204081632,0.8854166666666666,0.8854166666666666,0.8585858585858586,0.8540399652476107,0.7080638440494954,891,"all","MLP#891","MLP",891
484,452,124,91,0.8417391304347827,0.8324125230202578,0.8417391304347827,0.8417391304347827,0.8182586644125107,0.8132059079061685,0.6264301446334949,892,"all","DT#892","DT",892
500,527,49,75,0.9149305555555556,0.9107468123861566,0.9149305555555556,0.9149305555555556,0.8947368421052632,0.8922675933970461,0.7845265665620934,892,"all","RF#892","RF",892
526,306,270,49,0.9147826086956522,0.8619718309859155,0.9147826086956522,0.9147826086956522,0.7673231218088987,0.7228496959165943,0.4458838461201805,892,"all","NB#892","NB",892
487,514,62,88,0.8923611111111112,0.8870673952641166,0.8923611111111112,0.8923611111111112,0.872665534804754,0.8696785403996524,0.7393466530993064,892,"all","MLP#892","MLP",892
465,456,120,110,0.808695652173913,0.8056537102473498,0.808695652173913,0.808695652173913,0.8017241379310344,0.8001737619461338,0.6003532555366011,893,"all","DT#893","DT",893
491,514,62,84,0.8923611111111112,0.8878842676311031,0.8923611111111112,0.8923611111111112,0.8756388415672912,0.8731537793223284,0.7462989410880192,893,"all","RF#893","RF",893
484,421,155,91,0.8417391304347827,0.822265625,0.8417391304347827,0.8417391304347827,0.7973640856672158,0.7862728062554301,0.5725865858371171,893,"all","NB#893","NB",893
482,507,69,93,0.8802083333333334,0.8747731397459165,0.8802083333333334,0.8802083333333334,0.8622448979591837,0.8592528236316247,0.7184952353346137,893,"all","MLP#893","MLP",893
460,465,111,115,0.8072916666666666,0.8056042031523643,0.8072916666666666,0.8072916666666666,0.8044982698961937,0.8036490008688097,0.6072953339090212,894,"all","DT#894","DT",894
512,515,61,63,0.8940972222222222,0.893542757417103,0.8940972222222222,0.8940972222222222,0.8925476603119583,0.8922675933970461,0.7845343735941233,894,"all","RF#894","RF",894
518,347,229,57,0.9008695652173913,0.8589108910891089,0.9008695652173913,0.9008695652173913,0.7836611195158849,0.7515204170286707,0.5031694668654878,894,"all","NB#894","NB",894
478,503,73,97,0.8732638888888888,0.867513611615245,0.8732638888888888,0.8732638888888888,0.8554421768707483,0.8523023457862728,0.7045937654745946,894,"all","MLP#894","MLP",894
463,466,110,112,0.8090277777777778,0.8080279232111692,0.8090277777777778,0.8090277777777778,0.807625649913345,0.8071242397914856,0.6142470236927043,895,"all","DT#895","DT",895
500,523,53,75,0.9079861111111112,0.9041591320072333,0.9079861111111112,0.9079861111111112,0.8909710391822828,0.8887923544743701,0.7775771538305922,895,"all","RF#895","RF",895
318,546,30,257,0.9479166666666666,0.9137931034482759,0.9479166666666666,0.9479166666666666,0.7918781725888326,0.7506516072980017,0.5011318794333203,895,"all","NB#895","NB",895
499,495,81,76,0.8678260869565217,0.8669001751313485,0.8678260869565217,0.8678260869565217,0.8640692640692641,0.8635968722849696,0.7271955978593158,895,"all","MLP#895","MLP",895
461,455,121,114,0.8017391304347826,0.7996485061511424,0.8017391304347826,0.8017391304347826,0.7968885047536733,0.7958297132927888,0.5916634335084018,896,"all","DT#896","DT",896
490,520,56,85,0.9027777777777778,0.8974358974358975,0.9027777777777778,0.9027777777777778,0.8806096528365791,0.8774978279756733,0.7549847441992479,896,"all","RF#896","RF",896
487,431,145,88,0.8469565217391304,0.8304431599229287,0.8469565217391304,0.8469565217391304,0.8069594034797016,0.7975673327541268,0.5951691958874311,896,"all","NB#896","NB",896
493,501,75,82,0.8697916666666666,0.8679577464788732,0.8697916666666666,0.8697916666666666,0.8645383951682485,0.8635968722849696,0.7271906556983544,896,"all","MLP#896","MLP",896
463,467,109,112,0.8107638888888888,0.8094405594405595,0.8107638888888888,0.8107638888888888,0.8086580086580086,0.8079930495221547,0.6159840699761625,897,"all","DT#897","DT",897
505,524,52,70,0.9097222222222222,0.9066427289048474,0.9097222222222222,0.9097222222222222,0.8957264957264959,0.894005212858384,0.788004504953335,897,"all","RF#897","RF",897
517,319,257,58,0.8991304347826087,0.8461538461538461,0.8991304347826087,0.8991304347826087,0.7664936990363233,0.7263249348392702,0.45281384366713495,897,"all","NB#897","NB",897
488,492,84,87,0.8541666666666666,0.8531468531468531,0.8541666666666666,0.8541666666666666,0.8519480519480519,0.8514335360556038,0.7028655021082523,897,"all","MLP#897","MLP",897
443,473,103,132,0.8211805555555556,0.8113553113553114,0.8211805555555556,0.8211805555555556,0.8010160880609654,0.7958297132927888,0.5916412403320798,898,"all","DT#898","DT",898
480,527,49,95,0.9149305555555556,0.9073724007561437,0.9149305555555556,0.9149305555555556,0.8797996661101838,0.8748913987836664,0.7497652312811579,898,"all","RF#898","RF",898
531,197,379,44,0.9234782608695652,0.8174273858921162,0.9234782608695652,0.9234782608695652,0.7151515151515152,0.63249348392702,0.26535794850128624,898,"all","NB#898","NB",898
472,499,77,103,0.8663194444444444,0.8597449908925319,0.8663194444444444,0.8663194444444444,0.8471986417657046,0.843614248479583,0.6872159837191678,898,"all","MLP#898","MLP",898
483,468,108,92,0.84,0.8357142857142857,0.84,0.84,0.8284734133790738,0.8262380538662033,0.6524842395111229,899,"all","DT#899","DT",899
509,513,63,66,0.890625,0.8898601398601399,0.890625,0.890625,0.8883116883116884,0.8879235447437012,0.775845905099208,899,"all","RF#899","RF",899
502,344,232,73,0.8730434782608696,0.8249400479616307,0.8730434782608696,0.8730434782608696,0.7669977081741788,0.73501303214596,0.4701528467653447,899,"all","NB#899","NB",899
478,523,53,97,0.9079861111111112,0.9001883239171374,0.9079861111111112,0.9079861111111112,0.8745819397993311,0.8696785403996524,0.7393395696574047,899,"all","MLP#899","MLP",899
480,468,108,95,0.8347826086956521,0.8312611012433393,0.8347826086956521,0.8347826086956521,0.8254514187446259,0.8236316246741964,0.6472699056328908,900,"all","DT#900","DT",900
501,521,55,74,0.9045138888888888,0.9010791366906474,0.9045138888888888,0.9045138888888888,0.8898377455166524,0.8879235447437012,0.7758404905937822,900,"all","RF#900","RF",900
513,351,225,62,0.8921739130434783,0.8498789346246973,0.8921739130434783,0.8921739130434783,0.7814166031987815,0.7506516072980017,0.5014255248180173,900,"all","NB#900","NB",900
498,498,78,77,0.8660869565217392,0.8660869565217392,0.8660869565217392,0.8660869565217392,0.8653344917463076,0.8653344917463076,0.7306691867916868,900,"all","MLP#900","MLP",900
482,452,124,93,0.8382608695652174,0.8293577981651377,0.8382608695652174,0.8382608695652174,0.8162574089754445,0.8114682884448305,0.6229539378440924,901,"all","DT#901","DT",901
510,504,72,65,0.8869565217391304,0.8857644991212654,0.8869565217391304,0.8869565217391304,0.881590319792567,0.8809730668983493,0.7619484697474513,901,"all","RF#901","RF",901
509,378,198,66,0.8852173913043478,0.8513513513513513,0.8852173913043478,0.8852173913043478,0.7940717628705147,0.7706342311033884,0.5413595116915108,901,"all","NB#901","NB",901
476,514,62,99,0.8923611111111112,0.8847583643122676,0.8923611111111112,0.8923611111111112,0.864592094196804,0.8601216333622936,0.720227428162503,901,"all","MLP#901","MLP",901
460,460,116,115,0.8,0.8,0.8,0.8,0.7993049522154648,0.7993049522154648,0.5986102074121266,902,"all","DT#902","DT",902
507,513,63,68,0.890625,0.8894736842105263,0.890625,0.890625,0.8867761452031115,0.8861859252823632,0.772369960522045,902,"all","RF#902","RF",902
466,446,130,109,0.8104347826086956,0.8036036036036036,0.8104347826086956,0.8104347826086956,0.7959009393680614,0.792354474370113,0.5847218007883205,902,"all","NB#902","NB",902
506,494,82,69,0.88,0.8774422735346359,0.88,0.88,0.8701633705932931,0.8688097306689835,0.737624412564367,902,"all","MLP#902","MLP",902
479,463,113,96,0.8330434782608696,0.8282647584973166,0.8330434782608696,0.8330434782608696,0.8209083119108826,0.8184187662901824,0.6368465785147421,903,"all","DT#903","DT",903
493,514,62,82,0.8923611111111112,0.8882882882882883,0.8923611111111112,0.8923611111111112,0.8771331058020477,0.8748913987836664,0.7497750535946134,903,"all","RF#903","RF",903
508,363,213,67,0.8834782608695653,0.8441860465116279,0.8834782608695653,0.8834782608695653,0.7839506172839507,0.7567332754126846,0.5135733971678947,903,"all","NB#903","NB",903
482,499,77,93,0.8663194444444444,0.8622540250447227,0.8663194444444444,0.8663194444444444,0.8544520547945205,0.8523023457862728,0.7045973332689196,903,"all","MLP#903","MLP",903
445,486,90,130,0.84375,0.8317757009345794,0.84375,0.84375,0.8154362416107384,0.8088618592528236,0.617700344223685,904,"all","DT#904","DT",904
482,523,53,93,0.9079861111111112,0.9009345794392524,0.9079861111111112,0.9079861111111112,0.87751677852349,0.8731537793223284,0.7462920466211728,904,"all","RF#904","RF",904
506,367,209,69,0.88,0.841743119266055,0.88,0.88,0.7844961240310079,0.7584708948740226,0.5170434992604221,904,"all","NB#904","NB",904
463,513,63,112,0.890625,0.8802281368821293,0.890625,0.890625,0.8542880932556203,0.8479582971329279,0.6958938689607174,904,"all","MLP#904","MLP",904
490,456,120,85,0.8521739130434782,0.8428835489833642,0.8521739130434782,0.8521739130434782,0.8270042194092827,0.8218940052128584,0.6438065621532678,905,"all","DT#905","DT",905
519,519,57,56,0.9026086956521739,0.9026086956521739,0.9026086956521739,0.9026086956521739,0.901824500434405,0.9018245004344049,0.803649149080391,905,"all","RF#905","RF",905
446,481,95,129,0.8350694444444444,0.8243992606284658,0.8350694444444444,0.8350694444444444,0.8111298482293423,0.8053866203301477,0.6107529673926501,905,"all","NB#905","NB",905
483,519,57,92,0.9010416666666666,0.8944444444444445,0.9010416666666666,0.9010416666666666,0.8744734625105307,0.8705473501303215,0.7410808240169695,905,"all","MLP#905","MLP",905
465,476,100,110,0.8263888888888888,0.8230088495575221,0.8263888888888888,0.8263888888888888,0.8192771084337349,0.8175499565595135,0.6350941288364861,906,"all","DT#906","DT",906
500,513,63,75,0.890625,0.8880994671403197,0.890625,0.890625,0.8814432989690721,0.8801042571676803,0.7602039892027028,906,"all","RF#906","RF",906
481,449,127,94,0.8365217391304348,0.8268876611418048,0.8365217391304348,0.8365217391304348,0.8131868131868132,0.8079930495221547,0.616004939367453,906,"all","NB#906","NB",906
465,522,54,110,0.90625,0.8959537572254336,0.90625,0.90625,0.8642384105960265,0.8575152041702867,0.7150060995494788,906,"all","MLP#906","MLP",906
457,463,113,118,0.8038194444444444,0.8017543859649123,0.8038194444444444,0.8038194444444444,0.8003457216940362,0.7993049522154648,0.5986065716075755,907,"all","DT#907","DT",907
494,514,62,81,0.8923611111111112,0.8884892086330936,0.8923611111111112,0.8923611111111112,0.8778821520068317,0.8757602085143353,0.751513101976053,907,"all","RF#907","RF",907
481,446,130,94,0.8365217391304348,0.825925925925926,0.8365217391304348,0.8365217391304348,0.8111298482293424,0.8053866203301477,0.6107940993545038,907,"all","NB#907","NB",907
474,520,56,101,0.9027777777777778,0.8943396226415095,0.9027777777777778,0.9027777777777778,0.8688387635756057,0.8635968722849696,0.7271750043405727,907,"all","MLP#907","MLP",907
472,461,115,103,0.8208695652173913,0.8173758865248227,0.8208695652173913,0.8208695652173913,0.8123924268502581,0.8105994787141616,0.6212055337161766,908,"all","DT#908","DT",908
499,523,53,76,0.9079861111111112,0.9039855072463768,0.9079861111111112,0.9079861111111112,0.8902127659574468,0.8879235447437012,0.7758391369265539,908,"all","RF#908","RF",908
451,483,93,124,0.8385416666666666,0.8290441176470589,0.8385416666666666,0.8385416666666666,0.8165680473372781,0.8114682884448305,0.6229186450452844,908,"all","NB#908","NB",908
484,521,55,91,0.9045138888888888,0.8979591836734694,0.9045138888888888,0.9045138888888888,0.8771043771043769,0.8731537793223284,0.7462935787572996,908,"all","MLP#908","MLP",908
481,467,109,94,0.8365217391304348,0.8324420677361853,0.8365217391304348,0.8365217391304348,0.8257510729613734,0.8236316246741964,0.6472709706150978,909,"all","DT#909","DT",909
500,520,56,75,0.9027777777777778,0.8992805755395683,0.9027777777777778,0.9027777777777778,0.888129803586678,0.8861859252823632,0.7723651493626781,909,"all","RF#909","RF",909
504,379,197,71,0.8765217391304347,0.8422222222222222,0.8765217391304347,0.8765217391304347,0.7899686520376176,0.7671589921807124,0.5344061968888767,909,"all","NB#909","NB",909
496,502,74,79,0.8715277777777778,0.8701754385964913,0.8715277777777778,0.8715277777777778,0.867761452031115,0.8670721112076455,0.7341420149608616,909,"all","MLP#909","MLP",909
463,484,92,112,0.8402777777777778,0.8342342342342343,0.8402777777777778,0.8402777777777778,0.825938566552901,0.8227628149435273,0.6455146592590355,910,"all","DT#910","DT",910
498,527,49,77,0.9149305555555556,0.9104204753199269,0.9149305555555556,0.9149305555555556,0.8932203389830509,0.8905299739357081,0.7810505274981431,910,"all","RF#910","RF",910
537,192,384,38,0.9339130434782609,0.8347826086956521,0.9339130434782609,0.9339130434782609,0.7179144385026739,0.6333622936576889,0.2671068554167055,910,"all","NB#910","NB",910
474,512,64,101,0.8888888888888888,0.8810408921933085,0.8888888888888888,0.8888888888888888,0.8612279226240539,0.8566463944396178,0.7132765568125032,910,"all","MLP#910","MLP",910
452,482,94,123,0.8368055555555556,0.8278388278388278,0.8368055555555556,0.8368055555555556,0.8162574089754444,0.8114682884448305,0.6229197836257928,911,"all","DT#911","DT",911
500,528,48,75,0.9166666666666666,0.9124087591240876,0.9166666666666666,0.9166666666666666,0.895674300254453,0.893136403127715,0.7862639328595822,911,"all","RF#911","RF",911
359,545,31,216,0.9461805555555556,0.9205128205128205,0.9461805555555556,0.9461805555555556,0.8152580403889303,0.7854039965247611,0.570687767567935,911,"all","NB#911","NB",911
491,507,69,84,0.8802083333333334,0.8767857142857143,0.8802083333333334,0.8802083333333334,0.8688946015424164,0.8670721112076455,0.7341380013134354,911,"all","MLP#911","MLP",911
457,482,94,118,0.8368055555555556,0.8294010889292196,0.8368055555555556,0.8368055555555556,0.8197278911564625,0.8158123370981755,0.6316110487094942,912,"all","DT#912","DT",912
488,533,43,87,0.9253472222222222,0.9190207156308852,0.9253472222222222,0.9253472222222222,0.891304347826087,0.8870547350130321,0.7740942937030841,912,"all","RF#912","RF",912
483,435,141,92,0.84,0.825426944971537,0.84,0.84,0.8056713928273562,0.7975673327541268,0.5951643069881606,912,"all","NB#912","NB",912
490,503,73,85,0.8732638888888888,0.8703374777975134,0.8732638888888888,0.8732638888888888,0.8642611683848797,0.8627280625543006,0.7254509441596163,912,"all","MLP#912","MLP",912
474,457,119,101,0.8243478260869566,0.8189964157706093,0.8243478260869566,0.8243478260869566,0.8116438356164384,0.8088618592528236,0.6177338176196902,913,"all","DT#913","DT",913
494,518,58,81,0.8993055555555556,0.894927536231884,0.8993055555555556,0.8993055555555556,0.8817021276595746,0.8792354474370113,0.7584623258355891,913,"all","RF#913","RF",913
505,388,188,70,0.8782608695652174,0.8471615720524017,0.8782608695652174,0.8782608695652174,0.7965299684542587,0.7758470894874022,0.5517736876582975,913,"all","NB#913","NB",913
477,516,60,98,0.8958333333333334,0.888268156424581,0.8958333333333334,0.8958333333333334,0.8672268907563025,0.8627280625543006,0.7254401671593478,913,"all","MLP#913","MLP",913
452,471,105,123,0.8177083333333334,0.8114901256732495,0.8177083333333334,0.8177083333333334,0.8051282051282052,0.8019113814074718,0.6038116977816426,914,"all","DT#914","DT",914
485,528,48,90,0.9166666666666666,0.9099437148217636,0.9166666666666666,0.9166666666666666,0.8844221105527638,0.8801042571676803,0.7601931281874756,914,"all","RF#914","RF",914
419,482,94,156,0.8368055555555556,0.8167641325536062,0.8368055555555556,0.8368055555555556,0.7940691927512356,0.7827975673327541,0.5655541430508289,914,"all","NB#914","NB",914
470,514,62,105,0.8923611111111112,0.8834586466165414,0.8923611111111112,0.8923611111111112,0.8602510460251045,0.8549087749782798,0.7097984923538213,914,"all","MLP#914","MLP",914
484,464,112,91,0.8417391304347827,0.836036036036036,0.8417391304347827,0.8417391304347827,0.8266438941076004,0.8236316246741964,0.6472741655231341,915,"all","DT#915","DT",915
501,524,52,74,0.9097222222222222,0.9059674502712477,0.9097222222222222,0.9097222222222222,0.8926746166950595,0.8905299739357081,0.7810525108019892,915,"all","RF#915","RF",915
502,411,165,73,0.8730434782608696,0.8491735537190083,0.8730434782608696,0.8730434782608696,0.8083735909822867,0.7932232841007819,0.586503686082247,915,"all","NB#915","NB",915
490,509,67,85,0.8836805555555556,0.8797127468581688,0.8836805555555556,0.8836805555555556,0.8700854700854701,0.8679409209383145,0.7358744651877618,915,"all","MLP#915","MLP",915
462,457,119,113,0.8034782608695652,0.8017543859649123,0.8034782608695652,0.8034782608695652,0.7993079584775086,0.7984361424847958,0.5968756321651675,916,"all","DT#916","DT",916
510,515,61,65,0.8940972222222222,0.8931698774080561,0.8940972222222222,0.8940972222222222,0.8910034602076126,0.8905299739357081,0.7810584604979499,916,"all","RF#916","RF",916
420,510,66,155,0.8854166666666666,0.8641975308641975,0.8854166666666666,0.8854166666666666,0.821917808219178,0.8079930495221547,0.6159342061357882,916,"all","NB#916","NB",916
474,505,71,101,0.8767361111111112,0.8697247706422019,0.8767361111111112,0.8767361111111112,0.8544839255499155,0.8505647263249348,0.7011156906260851,916,"all","MLP#916","MLP",916
471,479,97,104,0.8315972222222222,0.829225352112676,0.8315972222222222,0.8315972222222222,0.8265746333045728,0.8253692441355344,0.6507345337284665,917,"all","DT#917","DT",917
498,511,65,77,0.8871527777777778,0.8845470692717584,0.8871527777777778,0.8871527777777778,0.8780068728522338,0.8766290182450044,0.7532533801940857,917,"all","RF#917","RF",917
482,444,132,93,0.8382608695652174,0.8268156424581006,0.8382608695652174,0.8382608695652174,0.8107653490328007,0.8045178105994787,0.6090583434852114,917,"all","NB#917","NB",917
473,517,59,102,0.8975694444444444,0.8890977443609023,0.8975694444444444,0.8975694444444444,0.8652719665271967,0.8601216333622936,0.720224893826139,917,"all","MLP#917","MLP",917
457,483,93,118,0.8385416666666666,0.8309090909090909,0.8385416666666666,0.8385416666666666,0.8207306711979608,0.8166811468288445,0.6333481789016796,918,"all","DT#918","DT",918
489,517,59,86,0.8975694444444444,0.8923357664233577,0.8975694444444444,0.8975694444444444,0.8770144189991518,0.8740225890529973,0.7480347175986943,918,"all","RF#918","RF",918
437,475,101,138,0.8246527777777778,0.8122676579925651,0.8246527777777778,0.8246527777777778,0.7989907485281749,0.792354474370113,0.5846854368375045,918,"all","NB#918","NB",918
472,503,73,103,0.8732638888888888,0.8660550458715597,0.8732638888888888,0.8732638888888888,0.8510998307952623,0.8470894874022589,0.6941648927336684,918,"all","MLP#918","MLP",918
483,477,99,92,0.84,0.8383128295254832,0.84,0.84,0.8349178910976663,0.8340573414422241,0.6681179395749137,919,"all","DT#919","DT",919
497,522,54,78,0.90625,0.9019963702359347,0.90625,0.90625,0.8877551020408163,0.8853171155516942,0.7706257473096852,919,"all","RF#919","RF",919
472,433,143,103,0.8208695652173913,0.8078358208955224,0.8208695652173913,0.8208695652173913,0.7932773109243697,0.7862728062554301,0.5725711007789385,919,"all","NB#919","NB",919
467,526,50,108,0.9131944444444444,0.9032882011605415,0.9131944444444444,0.9131944444444444,0.8694214876033057,0.8627280625543006,0.7254318765833965,919,"all","MLP#919","MLP",919
472,462,114,103,0.8208695652173913,0.8176991150442477,0.8208695652173913,0.8208695652173913,0.8130921619293713,0.8114682884448305,0.6229425537921319,920,"all","DT#920","DT",920
490,517,59,85,0.8975694444444444,0.8925318761384335,0.8975694444444444,0.8975694444444444,0.8777589134125637,0.8748913987836664,0.7497727869753342,920,"all","RF#920","RF",920
523,293,283,52,0.9095652173913044,0.8492753623188406,0.9095652173913044,0.9095652173913044,0.7574221578566256,0.7089487402258905,0.4180999681572397,920,"all","NB#920","NB",920
477,507,69,98,0.8802083333333334,0.8736263736263736,0.8802083333333334,0.8802083333333334,0.8585944115156647,0.8549087749782798,0.7098046261083291,920,"all","MLP#920","MLP",920
491,459,117,84,0.8539130434782609,0.8453038674033149,0.8539130434782609,0.8539130434782609,0.8300929839391378,0.8253692441355344,0.650755623587593,921,"all","DT#921","DT",921
501,529,47,74,0.9184027777777778,0.9142335766423357,0.9184027777777778,0.9184027777777778,0.897370653095844,0.894874022589053,0.7897393160651174,921,"all","RF#921","RF",921
506,404,172,69,0.88,0.854122621564482,0.88,0.88,0.8076616121308858,0.790616854908775,0.5812984997803784,921,"all","NB#921","NB",921
481,504,72,94,0.875,0.8698010849909584,0.875,0.875,0.858603066439523,0.8557775847089487,0.7115453713740493,921,"all","MLP#921","MLP",921
469,466,110,106,0.8156521739130435,0.8146853146853147,0.8156521739130435,0.8156521739130435,0.8128249566724436,0.8123370981754996,0.6246761794916698,922,"all","DT#922","DT",922
497,522,54,78,0.90625,0.9019963702359347,0.90625,0.90625,0.8877551020408163,0.8853171155516942,0.7706257473096852,922,"all","RF#922","RF",922
472,447,129,103,0.8208695652173913,0.8127272727272727,0.8208695652173913,0.8208695652173913,0.8027210884353742,0.7984361424847958,0.5968878033168986,922,"all","NB#922","NB",922
474,505,71,101,0.8767361111111112,0.8697247706422019,0.8767361111111112,0.8767361111111112,0.8544839255499155,0.8505647263249348,0.7011156906260851,922,"all","MLP#922","MLP",922
452,473,103,123,0.8211805555555556,0.8144144144144144,0.8211805555555556,0.8211805555555556,0.8071672354948805,0.8036490008688097,0.6072858480026571,923,"all","DT#923","DT",923
486,518,58,89,0.8993055555555556,0.8933823529411765,0.8993055555555556,0.8993055555555556,0.8757396449704142,0.8722849695916595,0.7445577918048703,923,"all","RF#923","RF",923
504,348,228,71,0.8765217391304347,0.8305489260143198,0.8765217391304347,0.8765217391304347,0.7712318286151492,0.7402258905299739,0.4805745015145867,923,"all","NB#923","NB",923
479,503,73,96,0.8732638888888888,0.8677536231884058,0.8732638888888888,0.8732638888888888,0.8561702127659574,0.8531711555169418,0.7063318925626946,923,"all","MLP#923","MLP",923
479,466,110,96,0.8330434782608696,0.8291814946619217,0.8330434782608696,0.8330434782608696,0.8230240549828178,0.8210251954821894,0.6420576859788591,924,"all","DT#924","DT",924
496,519,57,79,0.9010416666666666,0.8969258589511754,0.9010416666666666,0.9010416666666666,0.8841567291311754,0.8818418766290183,0.7636757259450042,924,"all","RF#924","RF",924
510,396,180,65,0.8869565217391304,0.8590021691973969,0.8869565217391304,0.8869565217391304,0.8063241106719368,0.787141615986099,0.5743568070156901,924,"all","NB#924","NB",924
462,505,71,113,0.8767361111111112,0.8667917448405253,0.8767361111111112,0.8767361111111112,0.8458961474036851,0.840139009556907,0.6802575042499676,924,"all","MLP#924","MLP",924
473,470,106,102,0.8226086956521739,0.8216783216783217,0.8226086956521739,0.8226086956521739,0.8197573656845754,0.8192875760208514,0.638577061732719,925,"all","DT#925","DT",925
498,505,71,77,0.8767361111111112,0.875219683655536,0.8767361111111112,0.8767361111111112,0.8721934369602764,0.8714161598609904,0.7428297961636126,925,"all","RF#925","RF",925
496,427,149,79,0.8626086956521739,0.8438735177865613,0.8626086956521739,0.8626086956521739,0.8131147540983606,0.8019113814074718,0.6038643259317403,925,"all","NB#925","NB",925
480,495,81,95,0.859375,0.8556149732620321,0.859375,0.859375,0.8490566037735848,0.8470894874022589,0.6941722802112363,925,"all","MLP#925","MLP",925
480,473,103,95,0.8347826086956521,0.8327464788732394,0.8347826086956521,0.8347826086956521,0.8290155440414507,0.8279756733275413,0.6559552420864483,926,"all","DT#926","DT",926
514,516,60,61,0.8958333333333334,0.8954703832752613,0.8958333333333334,0.8958333333333334,0.8950563746747614,0.894874022589053,0.7897475690633592,926,"all","RF#926","RF",926
446,511,65,129,0.8871527777777778,0.87279843444227,0.8871527777777778,0.8871527777777778,0.8404605263157895,0.8314509122502172,0.6628689970045414,926,"all","NB#926","NB",926
494,510,66,81,0.8854166666666666,0.8821428571428571,0.8854166666666666,0.8854166666666666,0.8740359897172236,0.8722849695916595,0.7445639620462421,926,"all","MLP#926","MLP",926
474,473,103,101,0.8243478260869566,0.8240418118466899,0.8243478260869566,0.8243478260869566,0.8229166666666666,0.8227628149435273,0.6455264325892734,927,"all","DT#927","DT",927
511,520,56,64,0.9027777777777778,0.9012345679012346,0.9027777777777778,0.9027777777777778,0.896551724137931,0.895742832319722,0.7914829889249869,927,"all","RF#927","RF",927
479,455,121,96,0.8330434782608696,0.8257713248638838,0.8330434782608696,0.8330434782608696,0.8153191489361702,0.8114682884448305,0.622950522700683,927,"all","NB#927","NB",927
486,498,78,89,0.8645833333333334,0.8617021276595744,0.8645833333333334,0.8645833333333334,0.8564058469475494,0.8549087749782798,0.7098125119831399,927,"all","MLP#927","MLP",927
478,466,110,97,0.831304347826087,0.827708703374778,0.831304347826087,0.831304347826087,0.8220120378331901,0.8201563857515204,0.640319558945854,928,"all","DT#928","DT",928
488,528,48,87,0.9166666666666666,0.9104477611940298,0.9166666666666666,0.9166666666666666,0.8866498740554156,0.8827106863596872,0.7654073835868959,928,"all","RF#928","RF",928
244,561,15,331,0.9739583333333334,0.9420849420849421,0.9739583333333334,0.9739583333333334,0.7643051771117166,0.6993918331885317,0.39849626331402066,928,"all","NB#928","NB",928
491,493,83,84,0.8559027777777778,0.8554006968641115,0.8559027777777778,0.8559027777777778,0.8551604509973981,0.8549087749782798,0.7098168928395122,928,"all","MLP#928","MLP",928
469,470,106,106,0.8159722222222222,0.8159722222222222,0.8159722222222222,0.8159722222222222,0.8159722222222222,0.8158123370981755,0.6316243961352656,929,"all","DT#929","DT",929
490,518,58,85,0.8993055555555556,0.8941605839416058,0.8993055555555556,0.8993055555555556,0.8787107718405428,0.8757602085143353,0.7515101008042296,929,"all","RF#929","RF",929
478,415,161,97,0.831304347826087,0.810546875,0.831304347826087,0.831304347826087,0.7874794069192751,0.7758470894874022,0.5517371509999033,929,"all","NB#929","NB",929
481,492,84,94,0.8541666666666666,0.8513274336283185,0.8541666666666666,0.8541666666666666,0.846815834767642,0.845351867940921,0.6906988330137835,929,"all","MLP#929","MLP",929
468,455,121,107,0.8139130434782609,0.8096085409252669,0.8139130434782609,0.8139130434782609,0.8041237113402061,0.8019113814074718,0.6038308369086401,930,"all","DT#930","DT",930
498,521,55,77,0.9045138888888888,0.9005424954792043,0.9045138888888888,0.9045138888888888,0.887563884156729,0.8853171155516942,0.7706264398877983,930,"all","RF#930","RF",930
470,454,122,105,0.8173913043478261,0.8121645796064401,0.8173913043478261,0.8173913043478261,0.805484147386461,0.8027801911381407,0.6055702072863467,930,"all","NB#930","NB",930
486,515,61,89,0.8940972222222222,0.8884826325411335,0.8940972222222222,0.8940972222222222,0.8728813559322034,0.8696785403996524,0.7393458660692178,930,"all","MLP#930","MLP",930
467,459,117,108,0.8121739130434783,0.8095238095238095,0.8121739130434783,0.8121739130434783,0.8058671268334772,0.8045178105994787,0.6090406380348092,931,"all","DT#931","DT",931
486,513,63,89,0.890625,0.8852459016393442,0.890625,0.890625,0.8709677419354839,0.8679409209383145,0.7358712751406306,931,"all","RF#931","RF",931
504,336,240,71,0.8765217391304347,0.8255528255528255,0.8765217391304347,0.8765217391304347,0.7642153146322971,0.7298001737619462,0.4597377782540385,931,"all","NB#931","NB",931
474,496,80,101,0.8611111111111112,0.855595667870036,0.8611111111111112,0.8611111111111112,0.845694799658994,0.8427454387489139,0.6854806689221729,931,"all","MLP#931","MLP",931
480,478,98,95,0.8347826086956521,0.8342059336823735,0.8347826086956521,0.8347826086956521,0.8326105810928013,0.8323197219808862,0.6646407096586219,932,"all","DT#932","DT",932
514,524,52,61,0.9097222222222222,0.9081272084805654,0.9097222222222222,0.9097222222222222,0.9026701119724376,0.9018245004344049,0.8036461848062549,932,"all","RF#932","RF",932
528,314,262,47,0.9182608695652174,0.8698060941828255,0.9182608695652174,0.9182608695652174,0.7736263736263737,0.731537793223284,0.4632493982176678,932,"all","NB#932","NB",932
488,503,73,87,0.8732638888888888,0.8698752228163993,0.8732638888888888,0.8732638888888888,0.862778730703259,0.8609904430929627,0.7219748001920332,932,"all","MLP#932","MLP",932
464,467,109,111,0.8107638888888888,0.8097731239092496,0.8107638888888888,0.8107638888888888,0.8093587521663778,0.8088618592528236,0.6177222757315088,933,"all","DT#933","DT",933
491,512,64,84,0.8888888888888888,0.8846846846846846,0.8888888888888888,0.8888888888888888,0.8737201365187712,0.8714161598609904,0.7428243606389081,933,"all","RF#933","RF",933
528,307,269,47,0.9182608695652174,0.867231638418079,0.9182608695652174,0.9182608695652174,0.7696793002915452,0.7254561251086012,0.45109579820772633,933,"all","NB#933","NB",933
477,501,75,98,0.8697916666666666,0.8641304347826086,0.8697916666666666,0.8697916666666666,0.8527659574468085,0.8496959165942659,0.6993811681263088,933,"all","MLP#933","MLP",933
475,472,104,100,0.8260869565217391,0.8251748251748252,0.8260869565217391,0.8260869565217391,0.8232235701906412,0.8227628149435273,0.6455275028532436,934,"all","DT#934","DT",934
509,527,49,66,0.9149305555555556,0.9121863799283154,0.9149305555555556,0.9149305555555556,0.9016253207869974,0.9000868809730669,0.800168482584849,934,"all","RF#934","RF",934
546,161,415,29,0.9495652173913044,0.8473684210526315,0.9495652173913044,0.9495652173913044,0.7109375000000001,0.6142484795829714,0.2289456928782443,934,"all","NB#934","NB",934
476,522,54,99,0.90625,0.8981132075471698,0.90625,0.90625,0.8721804511278196,0.8670721112076455,0.7341259596439975,934,"all","MLP#934","MLP",934
481,451,125,94,0.8365217391304348,0.8275229357798165,0.8365217391304348,0.8365217391304348,0.8145639288738357,0.8097306689834927,0.6194788589302133,935,"all","DT#935","DT",935
512,516,60,63,0.8958333333333334,0.8951048951048951,0.8958333333333334,0.8958333333333334,0.8935064935064936,0.893136403127715,0.7862716769550587,935,"all","RF#935","RF",935
485,437,139,90,0.8434782608695652,0.8292220113851992,0.8434782608695652,0.8434782608695652,0.8090075062552127,0.8010425716768028,0.6021142759669047,935,"all","NB#935","NB",935
488,513,63,87,0.890625,0.8856624319419237,0.890625,0.890625,0.8724489795918368,0.8696785403996524,0.7393474401246422,935,"all","MLP#935","MLP",935
452,453,123,123,0.7864583333333334,0.7864583333333334,0.7864583333333334,0.7864583333333334,0.7864583333333334,0.7862728062554301,0.5725452898550724,936,"all","DT#936","DT",936
485,527,49,90,0.9149305555555556,0.9082397003745318,0.9149305555555556,0.9149305555555556,0.8834870075440068,0.8792354474370113,0.7584557619055527,936,"all","RF#936","RF",936
499,366,210,76,0.8678260869565217,0.8280542986425339,0.8678260869565217,0.8678260869565217,0.7772585669781932,0.7515204170286707,0.5031409708784756,936,"all","NB#936","NB",936
460,518,58,115,0.8993055555555556,0.888030888030888,0.8993055555555556,0.8993055555555556,0.8569065343258891,0.8496959165942659,0.6993657364839669,936,"all","MLP#936","MLP",936
474,447,129,101,0.8243478260869566,0.8156934306569343,0.8243478260869566,0.8243478260869566,0.8047538200339559,0.8001737619461338,0.6003641150434462,937,"all","DT#937","DT",937
510,512,64,65,0.8888888888888888,0.8885017421602788,0.8888888888888888,0.8888888888888888,0.8881179531656547,0.8879235447437012,0.7758465818939945,937,"all","RF#937","RF",937
512,380,196,63,0.8904347826086957,0.8577878103837472,0.8904347826086957,0.8904347826086957,0.7981293842556508,0.7749782797567333,0.5500465637183355,937,"all","NB#937","NB",937
484,490,86,91,0.8506944444444444,0.8491228070175438,0.8506944444444444,0.8506944444444444,0.8470181503889369,0.8462206776715899,0.692438801621389,937,"all","MLP#937","MLP",937
469,460,116,106,0.8156521739130435,0.8127208480565371,0.8156521739130435,0.8156521739130435,0.8086206896551725,0.8071242397914856,0.6142540118657629,938,"all","DT#938","DT",938
487,513,63,88,0.890625,0.8854545454545455,0.890625,0.890625,0.8717077315208156,0.8688097306689835,0.7376093602566521,938,"all","RF#938","RF",938
289,553,23,286,0.9600694444444444,0.9262820512820513,0.9600694444444444,0.9600694444444444,0.7816254416961131,0.731537793223284,0.46286191528339293,938,"all","NB#938","NB",938
469,506,70,106,0.8784722222222222,0.8701298701298701,0.8784722222222222,0.8784722222222222,0.8518518518518519,0.8470894874022589,0.6941621223375666,938,"all","MLP#938","MLP",938
475,460,116,100,0.8260869565217391,0.8214285714285714,0.8260869565217391,0.8260869565217391,0.8147512864493996,0.8123370981754996,0.6246829786720128,939,"all","DT#939","DT",939
497,526,50,78,0.9131944444444444,0.9085923217550275,0.9131944444444444,0.9131944444444444,0.8915254237288136,0.8887923544743701,0.7775751390457326,939,"all","RF#939","RF",939
483,426,150,92,0.84,0.8223938223938224,0.84,0.84,0.7996688741721856,0.789748045178106,0.5795325892358459,939,"all","NB#939","NB",939
488,516,60,87,0.8958333333333334,0.8905109489051095,0.8958333333333334,0.8958333333333334,0.8753180661577609,0.8722849695916595,0.7445593343931592,939,"all","MLP#939","MLP",939
461,490,86,114,0.8506944444444444,0.8427787934186471,0.8506944444444444,0.8506944444444444,0.8305084745762713,0.8262380538662033,0.6524611547589572,940,"all","DT#940","DT",940
499,534,42,76,0.9270833333333334,0.922365988909427,0.9270833333333334,0.9270833333333334,0.9005059021922429,0.89748045178106,0.7949502238943424,940,"all","RF#940","RF",940
438,498,78,137,0.8645833333333334,0.8488372093023255,0.8645833333333334,0.8645833333333334,0.8224607762180016,0.8132059079061685,0.6263782553095761,940,"all","NB#940","NB",940
489,521,55,86,0.9045138888888888,0.8988970588235294,0.9045138888888888,0.9045138888888888,0.8808114961961115,0.8774978279756733,0.7549840043842632,940,"all","MLP#940","MLP",940
464,479,97,111,0.8315972222222222,0.8270944741532977,0.8315972222222222,0.8315972222222222,0.8216123499142366,0.8192875760208514,0.638567240249643,941,"all","DT#941","DT",941
505,519,57,70,0.9010416666666666,0.8985765124555161,0.9010416666666666,0.9010416666666666,0.8909871244635192,0.889661164205039,0.7793178308149162,941,"all","RF#941","RF",941
489,412,164,86,0.8504347826086956,0.8273092369477911,0.8504347826086956,0.8504347826086956,0.7964169381107492,0.7827975673327541,0.5656459535260038,941,"all","NB#941","NB",941
488,491,85,87,0.8524305555555556,0.8516579406631762,0.8524305555555556,0.8524305555555556,0.8509532062391681,0.8505647263249348,0.701128324662816,941,"all","MLP#941","MLP",941
459,458,118,116,0.7982608695652174,0.7979094076655052,0.7982608695652174,0.7982608695652174,0.7968749999999999,0.7966985230234579,0.5933979667935786,942,"all","DT#942","DT",942
496,525,51,79,0.9114583333333334,0.906764168190128,0.9114583333333334,0.9114583333333334,0.8898305084745763,0.8870547350130321,0.7740997505933221,942,"all","RF#942","RF",942
427,492,84,148,0.8541666666666666,0.8356164383561644,0.8541666666666666,0.8541666666666666,0.8092105263157894,0.7984361424847958,0.5968330273456371,942,"all","NB#942","NB",942
492,515,61,83,0.8940972222222222,0.8896925858951176,0.8940972222222222,0.8940972222222222,0.8773424190800682,0.8748913987836664,0.7497742980594163,942,"all","MLP#942","MLP",942
484,462,114,91,0.8417391304347827,0.8354430379746836,0.8417391304347827,0.8417391304347827,0.8252344416027281,0.8218940052128584,0.6438001095976439,943,"all","DT#943","DT",943
501,512,64,74,0.8888888888888888,0.8867256637168142,0.8888888888888888,0.8888888888888888,0.8812392426850257,0.8801042571676803,0.7602047132354051,943,"all","RF#943","RF",943
231,553,23,344,0.9600694444444444,0.9094488188976378,0.9600694444444444,0.9600694444444444,0.7508486082824168,0.6811468288444831,0.3619839928467751,943,"all","NB#943","NB",943
489,501,75,86,0.8697916666666666,0.8670212765957447,0.8697916666666666,0.8697916666666666,0.8615649183147033,0.8601216333622936,0.7202384097562007,943,"all","MLP#943","MLP",943
480,454,122,95,0.8347826086956521,0.8269581056466302,0.8347826086956521,0.8347826086956521,0.8156329651656755,0.8114682884448305,0.6229516610886935,944,"all","DT#944","DT",944
508,511,65,67,0.8871527777777778,0.8865619546247818,0.8871527777777778,0.8871527777777778,0.8856152512998268,0.8853171155516942,0.7706333654389055,944,"all","RF#944","RF",944
507,418,158,68,0.8817391304347826,0.8600823045267489,0.8817391304347826,0.8817391304347826,0.817741935483871,0.8036490008688097,0.6073510543555374,944,"all","NB#944","NB",944
490,502,74,85,0.8715277777777778,0.8687943262411347,0.8715277777777778,0.8715277777777778,0.8632846087704215,0.8618592528236316,0.7237137090138877,944,"all","MLP#944","MLP",944
476,461,115,99,0.8278260869565217,0.8232142857142857,0.8278260869565217,0.8278260869565217,0.8164665523156088,0.8140747176368376,0.6281581362769016,945,"all","DT#945","DT",945
491,517,59,84,0.8975694444444444,0.8927272727272727,0.8975694444444444,0.8975694444444444,0.8785046728971964,0.8757602085143353,0.7515108511039819,945,"all","RF#945","RF",945
398,500,76,177,0.8680555555555556,0.8396624472573839,0.8680555555555556,0.8680555555555556,0.7980845969672785,0.7801911381407471,0.5603149030875783,945,"all","NB#945","NB",945
478,507,69,97,0.8802083333333334,0.8738574040219378,0.8802083333333334,0.8802083333333334,0.8593220338983052,0.8557775847089487,0.7115427584499344,945,"all","MLP#945","MLP",945
486,462,114,89,0.8452173913043478,0.838475499092559,0.8452173913043478,0.8452173913043478,0.8272340425531914,0.8236316246741964,0.6472762954296714,946,"all","DT#946","DT",946
511,512,64,64,0.8888888888888888,0.8888888888888888,0.8888888888888888,0.8888888888888888,0.8888888888888888,0.8887923544743701,0.7775845410628018,946,"all","RF#946","RF",946
473,438,138,102,0.8226086956521739,0.8111111111111111,0.8226086956521739,0.8226086956521739,0.7976391231028668,0.7914856646394439,0.5829936778798254,946,"all","NB#946","NB",946
481,514,62,94,0.8923611111111112,0.8858195211786372,0.8923611111111112,0.8923611111111112,0.8682432432432433,0.8644656820156386,0.7289180636745736,946,"all","MLP#946","MLP",946
483,442,134,92,0.84,0.8277153558052435,0.84,0.84,0.8104026845637584,0.8036490008688097,0.6073226033373489,947,"all","DT#947","DT",947
505,517,59,70,0.8975694444444444,0.8953900709219859,0.8975694444444444,0.8975694444444444,0.889079965606191,0.8879235447437012,0.775843197879192,947,"all","RF#947","RF",947
524,329,247,51,0.9113043478260869,0.8657894736842106,0.9113043478260869,0.9113043478260869,0.7786032689450222,0.741094700260643,0.4823421813593805,947,"all","NB#947","NB",947
492,507,69,83,0.8802083333333334,0.8770053475935828,0.8802083333333334,0.8802083333333334,0.8696397941680961,0.8679409209383145,0.7358760601824315,947,"all","MLP#947","MLP",947
474,474,102,101,0.8243478260869566,0.8243478260869566,0.8243478260869566,0.8243478260869566,0.8236316246741965,0.8236316246741964,0.6472635156045962,948,"all","DT#948","DT",948
497,519,57,78,0.9010416666666666,0.8971119133574007,0.9010416666666666,0.9010416666666666,0.8849104859335039,0.8827106863596872,0.7654137585883609,948,"all","RF#948","RF",948
509,374,202,66,0.8852173913043478,0.85,0.8852173913043478,0.8852173913043478,0.7916018662519441,0.7671589921807124,0.5344132243379981,948,"all","NB#948","NB",948
478,509,67,97,0.8836805555555556,0.8770642201834863,0.8836805555555556,0.8836805555555556,0.8612521150592217,0.8575152041702867,0.7150172864109183,948,"all","MLP#948","MLP",948
479,461,115,96,0.8330434782608696,0.8276481149012568,0.8330434782608696,0.8330434782608696,0.8195038494439693,0.8166811468288445,0.6333725330946124,949,"all","DT#949","DT",949
498,509,67,77,0.8836805555555556,0.8814159292035398,0.8836805555555556,0.8836805555555556,0.8760757314974184,0.8748913987836664,0.7497788312021619,949,"all","RF#949","RF",949
498,401,175,77,0.8660869565217392,0.8389121338912134,0.8660869565217392,0.8660869565217392,0.7980769230769231,0.7810599478714162,0.5621843386697016,949,"all","NB#949","NB",949
472,499,77,103,0.8663194444444444,0.8597449908925319,0.8663194444444444,0.8663194444444444,0.8471986417657046,0.843614248479583,0.6872159837191678,949,"all","MLP#949","MLP",949
463,454,122,112,0.8052173913043478,0.8021201413427562,0.8052173913043478,0.8052173913043478,0.7982758620689654,0.7966985230234579,0.5934028773720205,950,"all","DT#950","DT",950
499,513,63,76,0.890625,0.8879003558718861,0.890625,0.890625,0.8806866952789699,0.8792354474370113,0.7584659723092392,950,"all","RF#950","RF",950
239,564,12,336,0.9791666666666666,0.952191235059761,0.9791666666666666,0.9791666666666666,0.7642276422764227,0.6976542137271937,0.3950120529969369,950,"all","NB#950","NB",950
482,506,70,93,0.8784722222222222,0.8731884057971014,0.8784722222222222,0.8784722222222222,0.8612765957446809,0.8583840139009556,0.7167579792172735,950,"all","MLP#950","MLP",950
456,466,110,119,0.8090277777777778,0.8056537102473498,0.8090277777777778,0.8090277777777778,0.8027562446167098,0.8010425716768028,0.6020794364657733,951,"all","DT#951","DT",951
504,523,53,71,0.9079861111111112,0.9048473967684022,0.9079861111111112,0.9079861111111112,0.8940170940170941,0.8922675933970461,0.7845291689689636,951,"all","RF#951","RF",951
497,415,161,78,0.8643478260869565,0.8417849898580122,0.8643478260869565,0.8643478260869565,0.8061638280616383,0.792354474370113,0.5847606655567011,951,"all","NB#951","NB",951
483,508,68,92,0.8819444444444444,0.8765880217785844,0.8819444444444444,0.8819444444444444,0.8639455782312925,0.8609904430929627,0.7219706027996184,951,"all","MLP#951","MLP",951
465,482,94,110,0.8368055555555556,0.8318425760286225,0.8368055555555556,0.8368055555555556,0.8253424657534246,0.8227628149435273,0.6455167999227034,952,"all","DT#952","DT",952
500,522,54,75,0.90625,0.9025270758122743,0.90625,0.90625,0.8900255754475703,0.8879235447437012,0.7758398137622117,952,"all","RF#952","RF",952
506,385,191,69,0.88,0.8480176211453745,0.88,0.88,0.7955974842767295,0.7741094700260643,0.5483017922423709,952,"all","NB#952","NB",952
474,517,59,101,0.8975694444444444,0.8893058161350844,0.8975694444444444,0.8975694444444444,0.8659966499162479,0.8609904430929627,0.7219630471738849,952,"all","MLP#952","MLP",952
480,440,136,95,0.8347826086956521,0.822429906542056,0.8347826086956521,0.8347826086956521,0.8060453400503779,0.7993049522154648,0.5986344444259942,953,"all","DT#953","DT",953
505,511,65,70,0.8871527777777778,0.8859649122807017,0.8871527777777778,0.8871527777777778,0.8833189282627485,0.8827106863596872,0.7654194249654661,953,"all","RF#953","RF",953
461,480,96,114,0.8333333333333334,0.8276481149012568,0.8333333333333334,0.8333333333333334,0.8205128205128206,0.8175499565595135,0.6350897216409865,953,"all","NB#953","NB",953
479,509,67,96,0.8836805555555556,0.8772893772893773,0.8836805555555556,0.8836805555555556,0.8619813717188822,0.8583840139009556,0.7167554135069318,953,"all","MLP#953","MLP",953
469,473,103,106,0.8211805555555556,0.8199300699300699,0.8211805555555556,0.8211805555555556,0.819047619047619,0.8184187662901824,0.6368356136878639,954,"all","DT#954","DT",954
496,508,68,79,0.8819444444444444,0.8794326241134752,0.8819444444444444,0.8819444444444444,0.8736027515047291,0.8722849695916595,0.7445655045600094,954,"all","RF#954","RF",954
526,281,295,49,0.9147826086956522,0.8515151515151516,0.9147826086956522,0.9147826086956522,0.7535816618911173,0.7011294526498697,0.40248035904540286,954,"all","NB#954","NB",954
477,505,71,98,0.8767361111111112,0.8704379562043796,0.8767361111111112,0.8767361111111112,0.8566581849024596,0.8531711555169418,0.7063301191322714,954,"all","MLP#954","MLP",954
463,459,117,112,0.8052173913043478,0.8038528896672504,0.8052173913043478,0.8052173913043478,0.8017316017316017,0.8010425716768028,0.6020878465591293,955,"all","DT#955","DT",955
495,522,54,80,0.90625,0.9016393442622951,0.90625,0.90625,0.8862478777589134,0.8835794960903562,0.7671496767687138,955,"all","RF#955","RF",955
414,521,55,161,0.9045138888888888,0.8827292110874201,0.9045138888888888,0.9045138888888888,0.8282988871224164,0.8123370981754996,0.6246138421909303,955,"all","NB#955","NB",955
485,500,76,90,0.8680555555555556,0.8645276292335116,0.8680555555555556,0.8680555555555556,0.8576329331046312,0.8557775847089487,0.7115488551992343,955,"all","MLP#955","MLP",955
467,457,119,108,0.8121739130434783,0.8088495575221238,0.8121739130434783,0.8121739130434783,0.8044788975021533,0.8027801911381407,0.6055666346120459,956,"all","DT#956","DT",956
503,526,50,72,0.9131944444444444,0.9095840867992767,0.9131944444444444,0.9131944444444444,0.8960817717206133,0.894005212858384,0.7880032247447831,956,"all","RF#956","RF",956
491,412,164,84,0.8539130434782609,0.8306451612903226,0.8539130434782609,0.8539130434782609,0.7983739837398374,0.7845351867940921,0.5691220867045043,956,"all","NB#956","NB",956
500,508,68,75,0.8819444444444444,0.8802816901408451,0.8819444444444444,0.8819444444444444,0.8766177739430544,0.8757602085143353,0.751517603597864,956,"all","MLP#956","MLP",956
467,479,97,108,0.8315972222222222,0.8280141843971631,0.8315972222222222,0.8315972222222222,0.823731728288908,0.8218940052128584,0.6437818260870878,957,"all","DT#957","DT",957
497,527,49,78,0.9149305555555556,0.9102564102564102,0.9149305555555556,0.9149305555555556,0.8924640135478407,0.889661164205039,0.7793125000943579,957,"all","RF#957","RF",957
506,354,222,69,0.88,0.8368794326241135,0.88,0.88,0.7766692248656945,0.7471763683753258,0.49446912171554575,957,"all","NB#957","NB",957
476,498,78,99,0.8645833333333334,0.8592057761732852,0.8645833333333334,0.8645833333333334,0.8491048593350384,0.8462206776715899,0.6924313723714067,957,"all","MLP#957","MLP",957
465,479,97,110,0.8315972222222222,0.8274021352313167,0.8315972222222222,0.8315972222222222,0.8223175965665237,0.8201563857515204,0.6403054407770683,958,"all","DT#958","DT",958
495,522,54,80,0.90625,0.9016393442622951,0.90625,0.90625,0.8862478777589134,0.8835794960903562,0.7671496767687138,958,"all","RF#958","RF",958
443,479,97,132,0.8315972222222222,0.8203703703703704,0.8315972222222222,0.8315972222222222,0.8070766638584668,0.8010425716768028,0.6020638167777584,958,"all","NB#958","NB",958
488,498,78,87,0.8645833333333334,0.8621908127208481,0.8645833333333334,0.8645833333333334,0.8578811369509044,0.8566463944396178,0.7132886769294873,958,"all","MLP#958","MLP",958
451,471,105,124,0.8177083333333334,0.8111510791366906,0.8177083333333334,0.8177083333333334,0.8044406490179333,0.8010425716768028,0.6020734290385746,959,"all","DT#959","DT",959
514,513,63,61,0.8939130434782608,0.8937282229965157,0.8939130434782608,0.8939130434782608,0.892361111111111,0.8922675933970461,0.7845356747111272,959,"all","RF#959","RF",959
470,466,110,105,0.8173913043478261,0.8161120840630472,0.8173913043478261,0.8173913043478261,0.8138528138528138,0.8132059079061685,0.6264143537563877,959,"all","NB#959","NB",959
480,522,54,95,0.90625,0.898876404494382,0.90625,0.90625,0.8751047778709137,0.8705473501303215,0.7410784785894055,959,"all","MLP#959","MLP",959
475,445,131,100,0.8260869565217391,0.8165137614678899,0.8260869565217391,0.8260869565217391,0.804403048264183,0.7993049522154648,0.5986283854469372,960,"all","DT#960","DT",960
516,520,56,59,0.9027777777777778,0.9020979020979021,0.9027777777777778,0.9027777777777778,0.9004329004329005,0.9000868809730669,0.8001727060961931,960,"all","RF#960","RF",960
480,432,144,95,0.8347826086956521,0.8197343453510436,0.8347826086956521,0.8347826086956521,0.8006672226855713,0.792354474370113,0.5847393535200446,960,"all","NB#960","NB",960
493,474,102,82,0.8573913043478261,0.8525179856115108,0.8573913043478261,0.8573913043478261,0.8427350427350428,0.840139009556907,0.6802874309350562,960,"all","MLP#960","MLP",960
465,476,100,110,0.8263888888888888,0.8230088495575221,0.8263888888888888,0.8263888888888888,0.8192771084337349,0.8175499565595135,0.6350941288364861,961,"all","DT#961","DT",961
487,530,46,88,0.9201388888888888,0.9136960600375235,0.9201388888888888,0.9201388888888888,0.8877721943048577,0.8835794960903562,0.7671440520081286,961,"all","RF#961","RF",961
492,408,168,83,0.8556521739130435,0.8309572301425662,0.8556521739130435,0.8556521739130435,0.7967611336032389,0.7819287576020851,0.5639131452032876,961,"all","NB#961","NB",961
486,515,61,89,0.8940972222222222,0.8884826325411335,0.8940972222222222,0.8940972222222222,0.8728813559322034,0.8696785403996524,0.7393458660692178,961,"all","MLP#961","MLP",961
459,455,121,116,0.7982608695652174,0.7968476357267951,0.7982608695652174,0.7982608695652174,0.7948051948051947,0.794092093831451,0.5881869853035531,962,"all","DT#962","DT",962
491,520,56,84,0.9027777777777778,0.8976234003656307,0.9027777777777778,0.9027777777777778,0.8813559322033898,0.8783666377063423,0.7567228083312699,962,"all","RF#962","RF",962
512,352,224,63,0.8904347826086957,0.8481927710843373,0.8904347826086957,0.8904347826086957,0.7810831426392069,0.7506516072980017,0.501424019826099,962,"all","NB#962","NB",962
464,500,76,111,0.8680555555555556,0.8592592592592593,0.8680555555555556,0.8680555555555556,0.8424599831508004,0.8375325803649001,0.6750477455783442,962,"all","MLP#962","MLP",962
464,457,119,111,0.8069565217391305,0.8045774647887324,0.8069565217391305,0.8069565217391305,0.8013816925734025,0.8001737619461338,0.6003520488882984,963,"all","DT#963","DT",963
491,521,55,84,0.9045138888888888,0.8992673992673993,0.9045138888888888,0.9045138888888888,0.882303132938188,0.8792354474370113,0.7584601378985494,963,"all","RF#963","RF",963
517,340,236,58,0.8991304347826087,0.8542713567839196,0.8991304347826087,0.8991304347826087,0.7786144578313253,0.7445699391833188,0.48927673421091544,963,"all","NB#963","NB",963
484,496,80,91,0.8611111111111112,0.8581560283687943,0.8611111111111112,0.8611111111111112,0.8529664660361135,0.8514335360556038,0.7028619134677658,963,"all","MLP#963","MLP",963
462,471,105,113,0.8177083333333334,0.8148148148148148,0.8177083333333334,0.8177083333333334,0.8120689655172414,0.8105994787141616,0.6211940965470597,964,"all","DT#964","DT",964
498,515,61,77,0.8940972222222222,0.8908765652951699,0.8940972222222222,0.8940972222222222,0.8818493150684931,0.8801042571676803,0.7602025411241817,964,"all","RF#964","RF",964
525,309,267,50,0.9130434782608695,0.8607242339832869,0.9130434782608695,0.9130434782608695,0.7681053401609363,0.7245873153779322,0.44935460454531045,964,"all","NB#964","NB",964
499,497,79,76,0.8678260869565217,0.8673647469458988,0.8678260869565217,0.8678260869565217,0.8655680832610582,0.8653344917463076,0.7306699999849037,964,"all","MLP#964","MLP",964
454,468,108,121,0.8125,0.8078291814946619,0.8125,0.8125,0.8034334763948497,0.8010425716768028,0.6020770335166603,965,"all","DT#965","DT",965
487,530,46,88,0.9201388888888888,0.9136960600375235,0.9201388888888888,0.9201388888888888,0.8877721943048577,0.8835794960903562,0.7671440520081286,965,"all","RF#965","RF",965
512,345,231,63,0.8904347826086957,0.8455882352941176,0.8904347826086957,0.8904347826086957,0.7769347496206374,0.7445699391833188,0.48926902597167377,965,"all","NB#965","NB",965
482,500,76,93,0.8680555555555556,0.8637992831541219,0.8680555555555556,0.8680555555555556,0.855431993156544,0.8531711555169418,0.7063345526681692,965,"all","MLP#965","MLP",965
475,467,109,100,0.8260869565217391,0.8236331569664903,0.8260869565217391,0.8260869565217391,0.8196721311475409,0.8184187662901824,0.6368421926634449,966,"all","DT#966","DT",966
504,515,61,71,0.8940972222222222,0.8920353982300885,0.8940972222222222,0.8940972222222222,0.8864027538726333,0.8853171155516942,0.7706305952686485,966,"all","RF#966","RF",966
477,460,116,98,0.8295652173913044,0.8243727598566308,0.8295652173913044,0.8295652173913044,0.8167808219178082,0.8140747176368376,0.6281592589573352,966,"all","NB#966","NB",966
486,502,74,89,0.8715277777777778,0.8678571428571429,0.8715277777777778,0.8715277777777778,0.8603256212510711,0.8583840139009556,0.7167614000920913,966,"all","MLP#966","MLP",966
455,457,119,120,0.7934027777777778,0.7926829268292683,0.7934027777777778,0.7934027777777778,0.792714657415438,0.792354474370113,0.5847080083152301,967,"all","DT#967","DT",967
501,516,60,74,0.8958333333333334,0.893048128342246,0.8958333333333334,0.8958333333333334,0.8850771869639793,0.8835794960903562,0.7671538951608278,967,"all","RF#967","RF",967
485,415,161,90,0.8434782608695652,0.8217821782178217,0.8434782608695652,0.8434782608695652,0.7944307944307945,0.7819287576020851,0.5639039293795501,967,"all","NB#967","NB",967
481,500,76,94,0.8680555555555556,0.8635547576301615,0.8680555555555556,0.8680555555555556,0.8547008547008547,0.8523023457862728,0.7045964413284178,967,"all","MLP#967","MLP",967
472,463,113,103,0.8208695652173913,0.8180212014134276,0.8208695652173913,0.8208695652173913,0.8137931034482758,0.8123370981754996,0.6246795791126343,968,"all","DT#968","DT",968
509,521,55,66,0.9045138888888888,0.9024822695035462,0.9045138888888888,0.9045138888888888,0.8959587274290627,0.894874022589053,0.7897443949099396,968,"all","RF#968","RF",968
427,493,83,148,0.8559027777777778,0.8372549019607843,0.8559027777777778,0.8559027777777778,0.810188989317995,0.7993049522154648,0.5985702099390792,968,"all","NB#968","NB",968
486,515,61,89,0.8940972222222222,0.8884826325411335,0.8940972222222222,0.8940972222222222,0.8728813559322034,0.8696785403996524,0.7393458660692178,968,"all","MLP#968","MLP",968
461,468,108,114,0.8125,0.8101933216168717,0.8125,0.8125,0.8082901554404145,0.8071242397914856,0.6142446942454188,969,"all","DT#969","DT",969
501,517,59,74,0.8975694444444444,0.8946428571428572,0.8975694444444444,0.8975694444444444,0.8860325621251072,0.8844483058210252,0.7688912037561236,969,"all","RF#969","RF",969
406,498,78,169,0.8645833333333334,0.8388429752066116,0.8645833333333334,0.8645833333333334,0.8012872083668544,0.7854039965247611,0.5707486988701649,969,"all","NB#969","NB",969
451,514,62,124,0.8923611111111112,0.8791423001949318,0.8923611111111112,0.8923611111111112,0.8467874794069192,0.838401390095569,0.6767722824298167,969,"all","MLP#969","MLP",969
467,468,108,108,0.8125,0.8125,0.8125,0.8125,0.8125,0.8123370981754996,0.6246739130434783,970,"all","DT#970","DT",970
486,522,54,89,0.90625,0.9,0.90625,0.90625,0.8795282224094356,0.8757602085143353,0.7515070995599102,970,"all","RF#970","RF",970
505,344,232,70,0.8782608695652174,0.8309178743961353,0.8782608695652174,0.8782608695652174,0.7698170731707318,0.737619461337967,0.475366833594441,970,"all","NB#970","NB",970
459,510,66,116,0.8854166666666666,0.8742857142857143,0.8854166666666666,0.8854166666666666,0.848585690515807,0.841876629018245,0.683729146221786,970,"all","MLP#970","MLP",970
492,467,109,83,0.8556521739130435,0.8490909090909091,0.8556521739130435,0.8556521739130435,0.836734693877551,0.8331885317115552,0.6663899061932955,971,"all","DT#971","DT",971
512,518,58,63,0.8993055555555556,0.8982456140350877,0.8993055555555556,0.8993055555555556,0.895419187554019,0.894874022589053,0.789746299413492,971,"all","RF#971","RF",971
358,536,40,217,0.9305555555555556,0.8994974874371859,0.9305555555555556,0.9305555555555556,0.8066215199398044,0.7767158992180713,0.5533121018146456,971,"all","NB#971","NB",971
496,498,78,79,0.8645833333333334,0.8641114982578397,0.8645833333333334,0.8645833333333334,0.8638334778837816,0.8635968722849696,0.7271931268012181,971,"all","MLP#971","MLP",971
467,452,124,108,0.8121739130434783,0.8071428571428572,0.8121739130434783,0.8121739130434783,0.8010291595197255,0.7984361424847958,0.5968817178329024,972,"all","DT#972","DT",972
497,513,63,78,0.890625,0.8875,0.890625,0.890625,0.8791773778920309,0.8774978279756733,0.7549899227790484,972,"all","RF#972","RF",972
501,416,160,74,0.871304347826087,0.8489795918367347,0.871304347826087,0.871304347826087,0.8106796116504854,0.7966985230234579,0.593449521952162,972,"all","NB#972","NB",972
485,496,80,90,0.8611111111111112,0.8584070796460177,0.8611111111111112,0.8611111111111112,0.8537005163511188,0.8523023457862728,0.7046000090581078,972,"all","MLP#972","MLP",972
494,462,114,81,0.8591304347826086,0.850828729281768,0.8591304347826086,0.8591304347826086,0.8351648351648352,0.8305821025195482,0.6611808288536349,973,"all","DT#973","DT",973
511,496,80,64,0.888695652173913,0.8857142857142857,0.888695652173913,0.888695652173913,0.8765008576329331,0.8748913987836664,0.7497886524480085,973,"all","RF#973","RF",973
524,301,275,51,0.9113043478260869,0.8551136363636364,0.9113043478260869,0.9113043478260869,0.7627365356622999,0.7167680278019114,0.43372712126334095,973,"all","NB#973","NB",973
495,492,84,80,0.8608695652173913,0.8601398601398601,0.8608695652173913,0.8608695652173913,0.8578856152512999,0.8575152041702867,0.71503191405849,973,"all","MLP#973","MLP",973
466,469,107,109,0.8142361111111112,0.8132635253054101,0.8142361111111112,0.8142361111111112,0.8128249566724438,0.8123370981754996,0.6246727798091178,974,"all","DT#974","DT",974
492,524,52,83,0.9097222222222222,0.9044117647058824,0.9097222222222222,0.9097222222222222,0.885883347421809,0.8827106863596872,0.7654102169636562,974,"all","RF#974","RF",974
476,435,141,99,0.8278260869565217,0.8146067415730337,0.8278260869565217,0.8278260869565217,0.7986577181208053,0.7914856646394439,0.5829974548715208,974,"all","NB#974","NB",974
472,516,60,103,0.8958333333333334,0.8872180451127819,0.8958333333333334,0.8958333333333334,0.8635983263598326,0.8583840139009556,0.7167494266686997,974,"all","MLP#974","MLP",974
460,441,135,115,0.8,0.7931654676258992,0.8,0.8,0.7863247863247863,0.7827975673327541,0.5656079224661089,975,"all","DT#975","DT",975
492,510,66,83,0.8854166666666666,0.8817204301075269,0.8854166666666666,0.8854166666666666,0.872540633019675,0.8705473501303215,0.7410878600447174,975,"all","RF#975","RF",975
478,442,134,97,0.831304347826087,0.8200371057513914,0.831304347826087,0.831304347826087,0.8053917438921652,0.7993049522154648,0.5986320208563229,975,"all","NB#975","NB",975
466,500,76,109,0.8680555555555556,0.8597785977859779,0.8680555555555556,0.8680555555555556,0.8438818565400844,0.8392701998262381,0.6785241414502837,975,"all","MLP#975","MLP",975
462,460,116,113,0.8034782608695652,0.8027923211169284,0.8034782608695652,0.8034782608695652,0.8013876843018214,0.8010425716768028,0.6020866451389866,976,"all","DT#976","DT",976
487,519,57,88,0.9010416666666666,0.8952205882352942,0.9010416666666666,0.9010416666666666,0.8774302620456466,0.8740225890529973,0.748033195998001,976,"all","RF#976","RF",976
424,475,101,151,0.8246527777777778,0.8076190476190476,0.8246527777777778,0.8246527777777778,0.7903494176372713,0.7810599478714162,0.5620865101532423,976,"all","NB#976","NB",976
469,512,64,106,0.8888888888888888,0.8799249530956847,0.8888888888888888,0.8888888888888888,0.8576214405360134,0.8523023457862728,0.7045857376222527,976,"all","MLP#976","MLP",976
458,471,105,117,0.8177083333333334,0.8134991119005328,0.8177083333333334,0.8177083333333334,0.8092783505154638,0.8071242397914856,0.6142412000217394,977,"all","DT#977","DT",977
495,512,64,80,0.8888888888888888,0.8855098389982111,0.8888888888888888,0.8888888888888888,0.8767123287671232,0.8748913987836664,0.7497765646513201,977,"all","RF#977","RF",977
522,340,236,53,0.9078260869565218,0.8651399491094147,0.9078260869565218,0.9078260869565218,0.7831957989497375,0.7489139878366637,0.4979662925248609,977,"all","NB#977","NB",977
478,493,83,97,0.8559027777777778,0.8520499108734403,0.8559027777777778,0.8559027777777778,0.8456260720411664,0.843614248479583,0.6872216502160372,977,"all","MLP#977","MLP",977
474,469,107,101,0.8243478260869566,0.8228070175438597,0.8243478260869566,0.8243478260869566,0.8200692041522492,0.8192875760208514,0.6385781529756676,978,"all","DT#978","DT",978
505,523,53,70,0.9079861111111112,0.9050179211469535,0.9079861111111112,0.9079861111111112,0.8947818648417452,0.893136403127715,0.7862671596342298,978,"all","RF#978","RF",978
458,469,107,117,0.8142361111111112,0.8106194690265487,0.8142361111111112,0.8142361111111112,0.8072289156626506,0.8053866203301477,0.6107670707589186,978,"all","NB#978","NB",978
477,515,61,98,0.8940972222222222,0.8866171003717472,0.8940972222222222,0.8940972222222222,0.8662741799831791,0.8618592528236316,0.723702863837503,978,"all","MLP#978","MLP",978
462,447,129,113,0.8034782608695652,0.7982142857142858,0.8034782608695652,0.8034782608695652,0.7924528301886793,0.789748045178106,0.5795059298084588,979,"all","DT#979","DT",979
506,504,72,69,0.88,0.8795811518324608,0.88,0.88,0.8777103209019947,0.8774978279756733,0.7549965806314284,979,"all","RF#979","RF",979
513,366,210,62,0.8921739130434783,0.8551401869158879,0.8921739130434783,0.8921739130434783,0.7904468412942989,0.7636837532580365,0.5274727265043438,979,"all","NB#979","NB",979
487,500,76,88,0.8680555555555556,0.8650088809946714,0.8680555555555556,0.8680555555555556,0.8591065292096219,0.8575152041702867,0.7150250306466904,979,"all","MLP#979","MLP",979
472,465,111,103,0.8208695652173913,0.8186619718309859,0.8208695652173913,0.8208695652173913,0.8151986183074266,0.8140747176368376,0.6281536454873735,980,"all","DT#980","DT",980
500,523,53,75,0.9079861111111112,0.9041591320072333,0.9079861111111112,0.9079861111111112,0.8909710391822828,0.8887923544743701,0.7775771538305922,980,"all","RF#980","RF",980
455,489,87,120,0.8489583333333334,0.8394833948339483,0.8489583333333334,0.8489583333333334,0.8253164556962026,0.8201563857515204,0.64029457989302,980,"all","NB#980","NB",980
486,513,63,89,0.890625,0.8852459016393442,0.890625,0.890625,0.8709677419354839,0.8679409209383145,0.7358712751406306,980,"all","MLP#980","MLP",980
459,459,117,116,0.7982608695652174,0.7982608695652174,0.7982608695652174,0.7982608695652174,0.7975673327541268,0.7975673327541268,0.5951349711126644,981,"all","DT#981","DT",981
500,518,58,75,0.8993055555555556,0.8960573476702509,0.8993055555555556,0.8993055555555556,0.8862275449101796,0.8844483058210252,0.7688905059459558,981,"all","RF#981","RF",981
305,553,23,270,0.9600694444444444,0.9298780487804879,0.9600694444444444,0.9600694444444444,0.7905646890636169,0.7454387489139879,0.4906871976718373,981,"all","NB#981","NB",981
487,513,63,88,0.890625,0.8854545454545455,0.890625,0.890625,0.8717077315208156,0.8688097306689835,0.7376093602566521,981,"all","MLP#981","MLP",981
457,472,104,118,0.8194444444444444,0.8146167557932263,0.8194444444444444,0.8194444444444444,0.8096054888507719,0.8071242397914856,0.6142400352664458,982,"all","DT#982","DT",982
495,531,45,80,0.921875,0.9166666666666666,0.921875,0.921875,0.89469250210615,0.891398783666377,0.7827859261887327,982,"all","RF#982","RF",982
435,487,89,140,0.8454861111111112,0.8301526717557252,0.8454861111111112,0.8454861111111112,0.8096425602660017,0.8010425716768028,0.6020542040525464,982,"all","NB#982","NB",982
492,517,59,83,0.8975694444444444,0.8929219600725953,0.8975694444444444,0.8975694444444444,0.8792517006802723,0.8766290182450044,0.7532489099846614,982,"all","MLP#982","MLP",982
466,452,124,109,0.8104347826086956,0.8057040998217468,0.8104347826086956,0.8104347826086956,0.7999999999999999,0.7975673327541268,0.595143527848856,983,"all","DT#983","DT",983
506,521,55,69,0.9045138888888888,0.9019607843137255,0.9045138888888888,0.9045138888888888,0.8936535162950258,0.8922675933970461,0.7845304701488257,983,"all","RF#983","RF",983
495,419,157,80,0.8608695652173913,0.8396793587174348,0.8608695652173913,0.8608695652173913,0.8068459657701711,0.794092093831451,0.5882317423850187,983,"all","NB#983","NB",983
482,500,76,93,0.8680555555555556,0.8637992831541219,0.8680555555555556,0.8680555555555556,0.855431993156544,0.8531711555169418,0.7063345526681692,983,"all","MLP#983","MLP",983
460,450,126,115,0.8,0.7964601769911505,0.8,0.8,0.7924203273040483,0.790616854908775,0.5812403477599254,984,"all","DT#984","DT",984
484,523,53,91,0.9079861111111112,0.9013035381750466,0.9079861111111112,0.9079861111111112,0.8789915966386554,0.8748913987836664,0.7497682536135829,984,"all","RF#984","RF",984
456,473,103,119,0.8211805555555556,0.815742397137746,0.8211805555555556,0.8211805555555556,0.809931506849315,0.8071242397914856,0.6142388705041184,984,"all","NB#984","NB",984
481,494,82,94,0.8576388888888888,0.8543516873889876,0.8576388888888888,0.8576388888888888,0.8487972508591065,0.8470894874022589,0.6941732036208385,984,"all","MLP#984","MLP",984
459,452,124,116,0.7982608695652174,0.795774647887324,0.7982608695652174,0.7982608695652174,0.7927461139896372,0.7914856646394439,0.5829760510138766,985,"all","DT#985","DT",985
497,514,62,78,0.8923611111111112,0.889087656529517,0.8923611111111112,0.8923611111111112,0.8801369863013698,0.8783666377063423,0.7567272156332278,985,"all","RF#985","RF",985
504,362,214,71,0.8765217391304347,0.836027713625866,0.8765217391304347,0.8765217391304347,0.7795823665893271,0.7523892267593397,0.5048849659569266,985,"all","NB#985","NB",985
489,501,75,86,0.8697916666666666,0.8670212765957447,0.8697916666666666,0.8697916666666666,0.8615649183147033,0.8601216333622936,0.7202384097562007,985,"all","MLP#985","MLP",985
459,473,103,116,0.8211805555555556,0.8167259786476868,0.8211805555555556,0.8211805555555556,0.8120171673819743,0.8097306689834927,0.6194535822713914,986,"all","DT#986","DT",986
494,527,49,81,0.9149305555555556,0.9097605893186004,0.9149305555555556,0.9149305555555556,0.8902027027027026,0.8870547350130321,0.7740983863954779,986,"all","RF#986","RF",986
492,411,165,83,0.8556521739130435,0.8319838056680162,0.8556521739130435,0.8556521739130435,0.7987012987012988,0.7845351867940921,0.5691233875033586,986,"all","NB#986","NB",986
475,512,64,100,0.8888888888888888,0.8812615955473099,0.8888888888888888,0.8888888888888888,0.8619528619528619,0.8575152041702867,0.7150147049054598,986,"all","MLP#986","MLP",986
474,460,116,101,0.8243478260869566,0.8199643493761141,0.8243478260869566,0.8243478260869566,0.8137339055793992,0.8114682884448305,0.6229448306575182,987,"all","DT#987","DT",987
493,514,62,82,0.8923611111111112,0.8882882882882883,0.8923611111111112,0.8923611111111112,0.8771331058020477,0.8748913987836664,0.7497750535946134,987,"all","RF#987","RF",987
463,441,135,112,0.8052173913043478,0.7974683544303798,0.8052173913043478,0.8052173913043478,0.7894288150042625,0.7854039965247611,0.5708225710761856,987,"all","NB#987","NB",987
482,506,70,93,0.8784722222222222,0.8731884057971014,0.8784722222222222,0.8784722222222222,0.8612765957446809,0.8583840139009556,0.7167579792172735,987,"all","MLP#987","MLP",987
462,472,104,113,0.8194444444444444,0.8162544169611308,0.8194444444444444,0.8194444444444444,0.8130921619293713,0.8114682884448305,0.6229311690527195,988,"all","DT#988","DT",988
502,513,63,73,0.890625,0.8884955752212389,0.890625,0.890625,0.882960413080895,0.8818418766290183,0.7636800072464862,988,"all","RF#988","RF",988
514,347,229,61,0.8939130434782608,0.8504901960784313,0.8939130434782608,0.8939130434782608,0.779969650986343,0.7480451781059948,0.4962177467067531,988,"all","NB#988","NB",988
493,514,62,82,0.8923611111111112,0.8882882882882883,0.8923611111111112,0.8923611111111112,0.8771331058020477,0.8748913987836664,0.7497750535946134,988,"all","MLP#988","MLP",988
476,479,97,99,0.8315972222222222,0.8307155322862129,0.8315972222222222,0.8315972222222222,0.830155979202773,0.8297132927888793,0.6594253001971625,989,"all","DT#989","DT",989
504,512,64,71,0.8888888888888888,0.8873239436619719,0.8888888888888888,0.8888888888888888,0.8835202761000862,0.8827106863596872,0.7654187166832982,989,"all","RF#989","RF",989
508,417,159,67,0.8834782608695653,0.8615702479338843,0.8834782608695653,0.8834782608695653,0.8180354267310789,0.8036490008688097,0.607352239725159,989,"all","NB#989","NB",989
491,509,67,84,0.8836805555555556,0.8799283154121864,0.8836805555555556,0.8836805555555556,0.8708297690333618,0.8688097306689835,0.7376125293070624,989,"all","MLP#989","MLP",989
480,476,100,95,0.8347826086956521,0.8336252189141856,0.8347826086956521,0.8347826086956521,0.8311688311688311,0.8305821025195482,0.6611665068953284,990,"all","DT#990","DT",990
506,517,59,69,0.8975694444444444,0.8955752212389381,0.8975694444444444,0.8975694444444444,0.8898450946643718,0.8887923544743701,0.7775811832908106,990,"all","RF#990","RF",990
457,459,117,118,0.796875,0.7961672473867596,0.796875,0.796875,0.7961838681699913,0.7958297132927888,0.5916585018999122,990,"all","NB#990","NB",990
487,503,73,88,0.8732638888888888,0.8696428571428572,0.8732638888888888,0.8732638888888888,0.8620394173093401,0.8601216333622936,0.7202367203363602,990,"all","MLP#990","MLP",990
479,451,125,96,0.8330434782608696,0.8244972577696527,0.8330434782608696,0.8330434782608696,0.8125530110262934,0.8079930495221547,0.616002620658214,991,"all","DT#991","DT",991
495,523,53,80,0.9079861111111112,0.9032846715328468,0.9079861111111112,0.9079861111111112,0.8871925360474979,0.8844483058210252,0.7688870168319059,991,"all","RF#991","RF",991
489,429,147,86,0.8504347826086956,0.8330097087378641,0.8504347826086956,0.8504347826086956,0.8075970272502064,0.7975673327541268,0.595171640292787,991,"all","NB#991","NB",991
486,507,69,89,0.8802083333333334,0.8756756756756757,0.8802083333333334,0.8802083333333334,0.8651877133105802,0.8627280625543006,0.7254476282496451,991,"all","MLP#991","MLP",991
462,466,110,113,0.8090277777777778,0.8076923076923077,0.8090277777777778,0.8090277777777778,0.806926406926407,0.8062554300608167,0.6125088126908789,992,"all","DT#992","DT",992
504,523,53,71,0.9079861111111112,0.9048473967684022,0.9079861111111112,0.9079861111111112,0.8940170940170941,0.8922675933970461,0.7845291689689636,992,"all","RF#992","RF",992
505,351,225,70,0.8782608695652174,0.833729216152019,0.8782608695652174,0.8782608695652174,0.7739463601532567,0.7437011294526499,0.4875217906437957,992,"all","NB#992","NB",992
483,516,60,92,0.8958333333333334,0.8895027624309392,0.8958333333333334,0.8958333333333334,0.8716216216216217,0.8679409209383145,0.7358688825547128,992,"all","MLP#992","MLP",992
472,459,117,103,0.8208695652173913,0.8167259786476868,0.8208695652173913,0.8208695652173913,0.8109965635738832,0.8088618592528236,0.6177315092978106,993,"all","DT#993","DT",993
499,519,57,76,0.9010416666666666,0.8974820143884892,0.9010416666666666,0.9010416666666666,0.8864218616567037,0.8844483058210252,0.7688898081315738,993,"all","RF#993","RF",993
487,405,171,88,0.8469565217391304,0.821501014198783,0.8469565217391304,0.8469565217391304,0.7899432278994322,0.7749782797567333,0.5500126040970108,993,"all","NB#993","NB",993
492,512,64,83,0.8888888888888888,0.8848920863309353,0.8888888888888888,0.8888888888888888,0.8744662681468831,0.8722849695916595,0.7445624195138448,993,"all","MLP#993","MLP",993
451,463,113,124,0.8038194444444444,0.799645390070922,0.8038194444444444,0.8038194444444444,0.7962166809974203,0.794092093831451,0.5881770379640968,994,"all","DT#994","DT",994
500,518,58,75,0.8993055555555556,0.8960573476702509,0.8993055555555556,0.8993055555555556,0.8862275449101796,0.8844483058210252,0.7688905059459558,994,"all","RF#994","RF",994
485,422,154,90,0.8434782608695652,0.82421875,0.8434782608695652,0.8434782608695652,0.7990115321252058,0.788010425716768,0.5760614916433194,994,"all","NB#994","NB",994
485,510,66,90,0.8854166666666666,0.8802177858439202,0.8854166666666666,0.8854166666666666,0.8673469387755102,0.8644656820156386,0.7289213377296279,994,"all","MLP#994","MLP",994
485,460,116,90,0.8434782608695652,0.8363636363636363,0.8434782608695652,0.8434782608695652,0.8248299319727891,0.8210251954821894,0.6420641701865567,995,"all","DT#995","DT",995
499,513,63,76,0.890625,0.8879003558718861,0.890625,0.890625,0.8806866952789699,0.8792354474370113,0.7584659723092392,995,"all","RF#995","RF",995
350,531,45,225,0.921875,0.8860759493670886,0.921875,0.921875,0.7972972972972973,0.7654213727193745,0.5307148681706986,995,"all","NB#995","NB",995
466,501,75,109,0.8697916666666666,0.8613678373382625,0.8697916666666666,0.8697916666666666,0.8448566610455313,0.840139009556907,0.6802613660725338,995,"all","MLP#995","MLP",995
465,470,106,110,0.8159722222222222,0.8143607705779334,0.8159722222222222,0.8159722222222222,0.8131487889273357,0.8123370981754996,0.6246716465679141,996,"all","DT#996","DT",996
507,515,61,68,0.8940972222222222,0.8926056338028169,0.8940972222222222,0.8940972222222222,0.8886971527178603,0.8879235447437012,0.775844551497374,996,"all","RF#996","RF",996
412,505,71,163,0.8767361111111112,0.8530020703933747,0.8767361111111112,0.8767361111111112,0.8118971061093249,0.7966985230234579,0.5933402586107974,996,"all","NB#996","NB",996
496,497,79,79,0.8628472222222222,0.8628472222222222,0.8628472222222222,0.8628472222222222,0.8628472222222222,0.8627280625543006,0.725455917874396,996,"all","MLP#996","MLP",996
450,484,92,125,0.8402777777777778,0.8302583025830258,0.8402777777777778,0.8402777777777778,0.8168776371308017,0.8114682884448305,0.6229175064579002,997,"all","DT#997","DT",997
489,522,54,86,0.90625,0.9005524861878453,0.90625,0.90625,0.8817567567567567,0.8783666377063423,0.7567213391951301,997,"all","RF#997","RF",997
535,216,360,40,0.9304347826086956,0.84375,0.9304347826086956,0.9304347826086956,0.727891156462585,0.6524761077324066,0.3052873008208595,997,"all","NB#997","NB",997
466,509,67,109,0.8836805555555556,0.874296435272045,0.8836805555555556,0.8836805555555556,0.8525963149078728,0.8470894874022589,0.6941593518912733,997,"all","MLP#997","MLP",997
467,469,107,108,0.8142361111111112,0.813588850174216,0.8142361111111112,0.8142361111111112,0.8135299219427581,0.8132059079061685,0.626410969823324,998,"all","DT#998","DT",998
492,522,54,83,0.90625,0.9010989010989011,0.90625,0.90625,0.8839966130397967,0.8809730668983493,0.7619355315978509,998,"all","RF#998","RF",998
472,417,159,103,0.8208695652173913,0.801923076923077,0.8208695652173913,0.8208695652173913,0.7827529021558871,0.7723718505647263,0.5447818421147972,998,"all","NB#998","NB",998
480,499,77,95,0.8663194444444444,0.8617594254937163,0.8663194444444444,0.8663194444444444,0.8529914529914528,0.8505647263249348,0.7011211053440461,998,"all","MLP#998","MLP",998
470,457,119,105,0.8173913043478261,0.8131672597864769,0.8173913043478261,0.8173913043478261,0.8075601374570448,0.8053866203301477,0.6107811731032255,999,"all","DT#999","DT",999
502,517,59,73,0.8975694444444444,0.8948306595365418,0.8975694444444444,0.8975694444444444,0.8867924528301887,0.8853171155516942,0.7706292101584273,999,"all","RF#999","RF",999
493,380,196,82,0.8573913043478261,0.8225108225108225,0.8573913043478261,0.8573913043478261,0.7800632911392406,0.7584708948740226,0.5170245458963887,999,"all","NB#999","NB",999
494,504,72,81,0.875,0.872791519434629,0.875,0.875,0.8682170542635659,0.8670721112076455,0.7341404095164336,999,"all","MLP#999","MLP",999
